{"type": "FeatureCollection", "features": [{"type": "Feature", "bbox": [139.83988499999998, 35.747614999999996, 139.83988499999998, 35.747614999999996], "geometry": {"type": "Point", "coordinates": [139.83988499999998, 35.747614999999996]}, "properties": {"id": "PS_0A6300948F9C", "station_group_id": "SG_5B13D8763948", "name_en": "お花茶屋", "name_ja": "お花茶屋", "label_rank": 72, "tags": ["tokyo", "v3"]}}, {"type": "Feature", "bbox": [139.63389999999998, 35.893595, 139.63389999999998, 35.893595], "geometry": {"type": "Point", "coordinates": [139.63389999999998, 35.893595]}, "properties": {"id": "PS_AFE91DC43533", "station_group_id": "SG_7DDA5F34833E", "name_en": "さいたま新都心", "name_ja": "さいたま新都心", "label_rank": 72, "tags": ["tokyo", "v3"]}}, {"type": "Feature", "bbox": [139.809395, 35.710465, 139.809395, 35.710465], "geometry": {"type": "Point", "coordinates": [139.809395, 35.710465]}, "properties": {"id": "PS_008F95AA7A91", "station_group_id": "SG_C86A16090B98", "name_en": "とうきょうスカイツリー", "name_ja": "とうきょうスカイツリー", "label_rank": 72, "tags": ["tokyo", "v3"]}}, {"type": "Feature", "bbox": [139.68876, 35.758905, 139.68876, 35.758905], "geometry": {"type": "Point", "coordinates": [139.68876, 35.758905]}, "properties": {"id": "PS_A3C2E08783B6", "station_group_id": "SG_03A6743FDB75", "name_en": "ときわ台", "name_ja": "ときわ台", "label_rank": 72, "tags": ["tokyo", "v3"]}}, {"type": "Feature", "bbox": [139.791165, 35.729285000000004, 139.791165, 35.729285000000004], "geometry": {"type": "Point", "coordinates": [139.791165, 35.729285000000004]}, "properties": {"id": "PS_DB74036EE454", "station_group_id": "SG_E9A752327108", "name_en": "三ノ輪", "name_ja": "三ノ輪", "label_rank": 72, "tags": ["tokyo", "v3"]}}, {"type": "Feature", "bbox": [139.791505, 35.73222, 139.791505, 35.73222], "geometry": {"type": "Point", "coordinates": [139.791505, 35.73222]}, "properties": {"id": "PS_EE424FD75686", "station_group_id": "SG_B982F2193D3A", "name_en": "三ノ輪橋", "name_ja": "三ノ輪橋", "label_rank": 72, "tags": ["tokyo", "v3"]}}, {"type": "Feature", "bbox": [139.777075, 35.733385, 139.777075, 35.733385], "geometry": {"type": "Point", "coordinates": [139.777075, 35.733385]}, "properties": {"id": "PS_1537CEDFADB4", "station_group_id": "SG_49D17815779B", "name_en": "三河島", "name_ja": "三河島", "label_rank": 72, "tags": ["tokyo", "v3"]}}, {"type": "Feature", "bbox": [139.773585, 35.687174999999996, 139.773585, 35.687174999999996], "geometry": {"type": "Point", "coordinates": [139.773585, 35.687174999999996]}, "properties": {"id": "PS_339C19D48C06", "station_group_id": "SG_03505210ECA7", "name_en": "三越前", "name_ja": "三越前", "label_rank": 92, "tags": ["tokyo", "v3"]}}, {"type": "Feature", "bbox": [139.77308, 35.684929999999994, 139.77308, 35.684929999999994], "geometry": {"type": "Point", "coordinates": [139.77308, 35.684929999999994]}, "properties": {"id": "PS_02922AA47DB3", "station_group_id": "SG_03505210ECA7", "name_en": "三越前", "name_ja": "三越前", "label_rank": 92, "tags": ["tokyo", "v3"]}}, {"type": "Feature", "bbox": [139.589295, 35.692049999999995, 139.589295, 35.692049999999995], "geometry": {"type": "Point", "coordinates": [139.589295, 35.692049999999995]}, "properties": {"id": "PS_F5A210CA2351", "station_group_id": "SG_1659D2DFD1A6", "name_en": "三鷹台", "name_ja": "三鷹台", "label_rank": 72, "tags": ["tokyo", "v3"]}}, {"type": "Feature", "bbox": [139.74593, 35.74709, 139.74593, 35.74709], "geometry": {"type": "Point", "coordinates": [139.74593, 35.74709]}, "properties": {"id": "PS_4B4909E4A5A8", "station_group_id": "SG_2CDD3E059607", "name_en": "上中里", "name_ja": "上中里", "label_rank": 72, "tags": ["tokyo", "v3"]}}, {"type": "Feature", "bbox": [139.602955, 35.725255, 139.602955, 35.725255], "geometry": {"type": "Point", "coordinates": [139.602955, 35.725255]}, "properties": {"id": "PS_0C77CA201844", "station_group_id": "SG_EDA0E92833BE", "name_en": "上井草", "name_ja": "上井草", "label_rank": 72, "tags": ["tokyo", "v3"]}}, {"type": "Feature", "bbox": [139.67620499999998, 35.763615, 139.67620499999998, 35.763615], "geometry": {"type": "Point", "coordinates": [139.67620499999998, 35.763615]}, "properties": {"id": "PS_4C6AC993A002", "station_group_id": "SG_95AC9259CEEC", "name_en": "上板橋", "name_ja": "上板橋", "label_rank": 72, "tags": ["tokyo", "v3"]}}, {"type": "Feature", "bbox": [139.59229, 35.726195000000004, 139.59229, 35.726195000000004], "geometry": {"type": "Point", "coordinates": [139.59229, 35.726195000000004]}, "properties": {"id": "PS_0479B6E17BE3", "station_group_id": "SG_766192501458", "name_en": "上石神井", "name_ja": "上石神井", "label_rank": 92, "tags": ["tokyo", "v3"]}}, {"type": "Feature", "bbox": [139.777135, 35.71149, 139.777135, 35.71149], "geometry": {"type": "Point", "coordinates": [139.777135, 35.71149]}, "properties": {"id": "PS_F4A6243E2967", "station_group_id": "SG_UENO", "name_en": "上野", "name_ja": "上野", "label_rank": 100, "tags": ["tokyo", "v3"]}}, {"type": "Feature", "bbox": [139.775625, 35.711835, 139.775625, 35.711835], "geometry": {"type": "Point", "coordinates": [139.775625, 35.711835]}, "properties": {"id": "PS_C0B89A9C359B", "station_group_id": "SG_UENO", "name_en": "上野", "name_ja": "上野", "label_rank": 100, "tags": ["tokyo", "v3"]}}, {"type": "Feature", "bbox": [139.77738499999998, 35.713315, 139.77738499999998, 35.713315], "geometry": {"type": "Point", "coordinates": [139.77738499999998, 35.713315]}, "properties": {"id": "PS_F44B40F6025C", "station_group_id": "SG_UENO", "name_en": "上野", "name_ja": "上野", "label_rank": 100, "tags": ["tokyo", "v3"]}}, {"type": "Feature", "bbox": [139.77585499999998, 35.71322, 139.77585499999998, 35.71322], "geometry": {"type": "Point", "coordinates": [139.77585499999998, 35.71322]}, "properties": {"id": "PS_F9E76BDCA3BB", "station_group_id": "SG_UENO", "name_en": "上野", "name_ja": "上野", "label_rank": 100, "tags": ["tokyo", "v3"]}}, {"type": "Feature", "bbox": [139.776185, 35.713390000000004, 139.776185, 35.713390000000004], "geometry": {"type": "Point", "coordinates": [139.776185, 35.713390000000004]}, "properties": {"id": "PS_9D3A350C22F5", "station_group_id": "SG_UENO", "name_en": "上野", "name_ja": "上野", "label_rank": 100, "tags": ["tokyo", "v3"]}}, {"type": "Feature", "bbox": [139.77793, 35.715295, 139.77793, 35.715295], "geometry": {"type": "Point", "coordinates": [139.77793, 35.715295]}, "properties": {"id": "PS_168479AD75A3", "station_group_id": "SG_UENO", "name_en": "上野", "name_ja": "上野", "label_rank": 100, "tags": ["tokyo", "v3"]}}, {"type": "Feature", "bbox": [139.77751, 35.713865, 139.77751, 35.713865], "geometry": {"type": "Point", "coordinates": [139.77751, 35.713865]}, "properties": {"id": "PS_1DDD130863E4", "station_group_id": "SG_UENO", "name_en": "上野", "name_ja": "上野", "label_rank": 100, "tags": ["tokyo", "v3"]}}, {"type": "Feature", "bbox": [139.773, 35.70777, 139.773, 35.70777], "geometry": {"type": "Point", "coordinates": [139.773, 35.70777]}, "properties": {"id": "PS_A8F5BF14087B", "station_group_id": "SG_7BE3275142EF", "name_en": "上野広小路", "name_ja": "上野広小路", "label_rank": 72, "tags": ["tokyo", "v3"]}}, {"type": "Feature", "bbox": [139.77306499999997, 35.70796, 139.77306499999997, 35.70796], "geometry": {"type": "Point", "coordinates": [139.77306499999997, 35.70796]}, "properties": {"id": "PS_7EF94AB22612", "station_group_id": "SG_0F029494C27D", "name_en": "上野御徒町", "name_ja": "上野御徒町", "label_rank": 72, "tags": ["tokyo", "v3"]}}, {"type": "Feature", "bbox": [139.624735, 35.723870000000005, 139.624735, 35.723870000000005], "geometry": {"type": "Point", "coordinates": [139.624735, 35.723870000000005]}, "properties": {"id": "PS_D2CDCDC974DC", "station_group_id": "SG_3FAFF04DD6A5", "name_en": "下井草", "name_ja": "下井草", "label_rank": 72, "tags": ["tokyo", "v3"]}}, {"type": "Feature", "bbox": [139.715635, 35.745000000000005, 139.715635, 35.745000000000005], "geometry": {"type": "Point", "coordinates": [139.715635, 35.745000000000005]}, "properties": {"id": "PS_E7BEE1B1C50A", "station_group_id": "SG_B10C0748F8F5", "name_en": "下板橋", "name_ja": "下板橋", "label_rank": 72, "tags": ["tokyo", "v3"]}}, {"type": "Feature", "bbox": [139.6953, 35.715705, 139.6953, 35.715705], "geometry": {"type": "Point", "coordinates": [139.6953, 35.715705]}, "properties": {"id": "PS_28125D853D34", "station_group_id": "SG_844AA570351C", "name_en": "下落合", "name_ja": "下落合", "label_rank": 72, "tags": ["tokyo", "v3"]}}, {"type": "Feature", "bbox": [139.64485000000002, 35.770485, 139.64485000000002, 35.770485], "geometry": {"type": "Point", "coordinates": [139.64485000000002, 35.770485]}, "properties": {"id": "PS_311A9909559E", "station_group_id": "SG_4197FC2968B7", "name_en": "下赤塚", "name_ja": "下赤塚", "label_rank": 72, "tags": ["tokyo", "v3"]}}, {"type": "Feature", "bbox": [139.63899, 35.884375, 139.63899, 35.884375], "geometry": {"type": "Point", "coordinates": [139.63899, 35.884375]}, "properties": {"id": "PS_6FB88D6F2B15", "station_group_id": "SG_6703E4DA9428", "name_en": "与野", "name_ja": "与野", "label_rank": 72, "tags": ["tokyo", "v3"]}}, {"type": "Feature", "bbox": [139.63899, 35.884375, 139.63899, 35.884375], "geometry": {"type": "Point", "coordinates": [139.63899, 35.884375]}, "properties": {"id": "PS_7E73EADB37D4", "station_group_id": "SG_6703E4DA9428", "name_en": "与野", "name_ja": "与野", "label_rank": 72, "tags": ["tokyo", "v3"]}}, {"type": "Feature", "bbox": [139.626005, 35.880925000000005, 139.626005, 35.880925000000005], "geometry": {"type": "Point", "coordinates": [139.626005, 35.880925000000005]}, "properties": {"id": "PS_431DB6ECF9C2", "station_group_id": "SG_00900FCE01ED", "name_en": "与野本町", "name_ja": "与野本町", "label_rank": 72, "tags": ["tokyo", "v3"]}}, {"type": "Feature", "bbox": [139.79743000000002, 35.69677, 139.79743000000002, 35.69677], "geometry": {"type": "Point", "coordinates": [139.79743000000002, 35.69677]}, "properties": {"id": "PS_ED9D019EAF03", "station_group_id": "SG_9503D31BBEFA", "name_en": "両国", "name_ja": "両国", "label_rank": 92, "tags": ["tokyo", "v3"]}}, {"type": "Feature", "bbox": [139.79335, 35.695755, 139.79335, 35.695755], "geometry": {"type": "Point", "coordinates": [139.79335, 35.695755]}, "properties": {"id": "PS_45E488CBEE26", "station_group_id": "SG_9503D31BBEFA", "name_en": "両国", "name_ja": "両国", "label_rank": 92, "tags": ["tokyo", "v3"]}}, {"type": "Feature", "bbox": [139.686645, 35.71507, 139.686645, 35.71507], "geometry": {"type": "Point", "coordinates": [139.686645, 35.71507]}, "properties": {"id": "PS_089FF323FB6E", "station_group_id": "SG_B41F4219F2E2", "name_en": "中井", "name_ja": "中井", "label_rank": 92, "tags": ["tokyo", "v3"]}}, {"type": "Feature", "bbox": [139.68631, 35.713865, 139.68631, 35.713865], "geometry": {"type": "Point", "coordinates": [139.68631, 35.713865]}, "properties": {"id": "PS_8248DECE408F", "station_group_id": "SG_B41F4219F2E2", "name_en": "中井", "name_ja": "中井", "label_rank": 92, "tags": ["tokyo", "v3"]}}, {"type": "Feature", "bbox": [139.63717, 35.736670000000004, 139.63717, 35.736670000000004], "geometry": {"type": "Point", "coordinates": [139.63717, 35.736670000000004]}, "properties": {"id": "PS_0194B60CD816", "station_group_id": "SG_09A1B61D054D", "name_en": "中村橋", "name_ja": "中村橋", "label_rank": 92, "tags": ["tokyo", "v3"]}}, {"type": "Feature", "bbox": [139.694385, 35.756280000000004, 139.694385, 35.756280000000004], "geometry": {"type": "Point", "coordinates": [139.694385, 35.756280000000004]}, "properties": {"id": "PS_84591AC8762B", "station_group_id": "SG_E113B70ED97D", "name_en": "中板橋", "name_ja": "中板橋", "label_rank": 72, "tags": ["tokyo", "v3"]}}, {"type": "Feature", "bbox": [139.637395, 35.853825, 139.637395, 35.853825], "geometry": {"type": "Point", "coordinates": [139.637395, 35.853825]}, "properties": {"id": "PS_CD4C86D148D7", "station_group_id": "SG_8E7FB5B7F505", "name_en": "中浦和", "name_ja": "中浦和", "label_rank": 72, "tags": ["tokyo", "v3"]}}, {"type": "Feature", "bbox": [139.665605, 35.70574, 139.665605, 35.70574], "geometry": {"type": "Point", "coordinates": [139.665605, 35.70574]}, "properties": {"id": "PS_E151442E0324", "station_group_id": "SG_9C308D5E85E8", "name_en": "中野", "name_ja": "中野", "label_rank": 92, "tags": ["tokyo", "v3"]}}, {"type": "Feature", "bbox": [139.665605, 35.70574, 139.665605, 35.70574], "geometry": {"type": "Point", "coordinates": [139.665605, 35.70574]}, "properties": {"id": "PS_45363FA609AD", "station_group_id": "SG_9C308D5E85E8", "name_en": "中野", "name_ja": "中野", "label_rank": 92, "tags": ["tokyo", "v3"]}}, {"type": "Feature", "bbox": [139.666085, 35.705555, 139.666085, 35.705555], "geometry": {"type": "Point", "coordinates": [139.666085, 35.705555]}, "properties": {"id": "PS_9294BC9347D5", "station_group_id": "SG_9C308D5E85E8", "name_en": "中野", "name_ja": "中野", "label_rank": 92, "tags": ["tokyo", "v3"]}}, {"type": "Feature", "bbox": [139.66558500000002, 35.705955, 139.66558500000002, 35.705955], "geometry": {"type": "Point", "coordinates": [139.66558500000002, 35.705955]}, "properties": {"id": "PS_57FD58C9417E", "station_group_id": "SG_9C308D5E85E8", "name_en": "中野", "name_ja": "中野", "label_rank": 92, "tags": ["tokyo", "v3"]}}, {"type": "Feature", "bbox": [139.682205, 35.697085, 139.682205, 35.697085], "geometry": {"type": "Point", "coordinates": [139.682205, 35.697085]}, "properties": {"id": "PS_D423C418C3EE", "station_group_id": "SG_7AD7B81DE534", "name_en": "中野坂上", "name_ja": "中野坂上", "label_rank": 92, "tags": ["tokyo", "v3"]}}, {"type": "Feature", "bbox": [139.682205, 35.697085, 139.682205, 35.697085], "geometry": {"type": "Point", "coordinates": [139.682205, 35.697085]}, "properties": {"id": "PS_675689F7A2C5", "station_group_id": "SG_7AD7B81DE534", "name_en": "中野坂上", "name_ja": "中野坂上", "label_rank": 92, "tags": ["tokyo", "v3"]}}, {"type": "Feature", "bbox": [139.68295999999998, 35.697874999999996, 139.68295999999998, 35.697874999999996], "geometry": {"type": "Point", "coordinates": [139.68295999999998, 35.697874999999996]}, "properties": {"id": "PS_838E69B9388F", "station_group_id": "SG_7AD7B81DE534", "name_en": "中野坂上", "name_ja": "中野坂上", "label_rank": 92, "tags": ["tokyo", "v3"]}}, {"type": "Feature", "bbox": [139.668155, 35.69082, 139.668155, 35.69082], "geometry": {"type": "Point", "coordinates": [139.668155, 35.69082]}, "properties": {"id": "PS_1A70FA38D4CB", "station_group_id": "SG_71BB241F3CD8", "name_en": "中野富士見町", "name_ja": "中野富士見町", "label_rank": 72, "tags": ["tokyo", "v3"]}}, {"type": "Feature", "bbox": [139.67398, 35.691715, 139.67398, 35.691715], "geometry": {"type": "Point", "coordinates": [139.67398, 35.691715]}, "properties": {"id": "PS_6C0B1F8C5ED4", "station_group_id": "SG_057D47BD293F", "name_en": "中野新橋", "name_ja": "中野新橋", "label_rank": 72, "tags": ["tokyo", "v3"]}}, {"type": "Feature", "bbox": [139.59932500000002, 35.688140000000004, 139.59932500000002, 35.688140000000004], "geometry": {"type": "Point", "coordinates": [139.59932500000002, 35.688140000000004]}, "properties": {"id": "PS_9932BEDF7661", "station_group_id": "SG_CBD832E56716", "name_en": "久我山", "name_ja": "久我山", "label_rank": 72, "tags": ["tokyo", "v3"]}}, {"type": "Feature", "bbox": [139.75126, 35.69609, 139.75126, 35.69609], "geometry": {"type": "Point", "coordinates": [139.75126, 35.69609]}, "properties": {"id": "PS_CB8125AADF19", "station_group_id": "SG_62E93A02A003", "name_en": "九段下", "name_ja": "九段下", "label_rank": 92, "tags": ["tokyo", "v3"]}}, {"type": "Feature", "bbox": [139.751115, 35.69551, 139.751115, 35.69551], "geometry": {"type": "Point", "coordinates": [139.751115, 35.69551]}, "properties": {"id": "PS_056D848E82DF", "station_group_id": "SG_62E93A02A003", "name_en": "九段下", "name_ja": "九段下", "label_rank": 92, "tags": ["tokyo", "v3"]}}, {"type": "Feature", "bbox": [139.751115, 35.69551, 139.751115, 35.69551], "geometry": {"type": "Point", "coordinates": [139.751115, 35.69551]}, "properties": {"id": "PS_7B787FCC67E1", "station_group_id": "SG_62E93A02A003", "name_en": "九段下", "name_ja": "九段下", "label_rank": 92, "tags": ["tokyo", "v3"]}}, {"type": "Feature", "bbox": [139.82661000000002, 35.69734, 139.82661000000002, 35.69734], "geometry": {"type": "Point", "coordinates": [139.82661000000002, 35.69734]}, "properties": {"id": "PS_5566EE7F35D4", "station_group_id": "SG_B25C08B0EF68", "name_en": "亀戸", "name_ja": "亀戸", "label_rank": 92, "tags": ["tokyo", "v3"]}}, {"type": "Feature", "bbox": [139.8272, 35.697735, 139.8272, 35.697735], "geometry": {"type": "Point", "coordinates": [139.8272, 35.697735]}, "properties": {"id": "PS_C53C4C3E00CC", "station_group_id": "SG_B25C08B0EF68", "name_en": "亀戸", "name_ja": "亀戸", "label_rank": 92, "tags": ["tokyo", "v3"]}}, {"type": "Feature", "bbox": [139.83339, 35.699945, 139.83339, 35.699945], "geometry": {"type": "Point", "coordinates": [139.83339, 35.699945]}, "properties": {"id": "PS_D0C462F51C95", "station_group_id": "SG_942CC1E24F3B", "name_en": "亀戸水神", "name_ja": "亀戸水神", "label_rank": 72, "tags": ["tokyo", "v3"]}}, {"type": "Feature", "bbox": [139.84756, 35.76653, 139.84756, 35.76653], "geometry": {"type": "Point", "coordinates": [139.84756, 35.76653]}, "properties": {"id": "PS_F1A3AA169C1B", "station_group_id": "SG_60A98B67694D", "name_en": "亀有", "name_ja": "亀有", "label_rank": 72, "tags": ["tokyo", "v3"]}}, {"type": "Feature", "bbox": [139.76178, 35.680505, 139.76178, 35.680505], "geometry": {"type": "Point", "coordinates": [139.76178, 35.680505]}, "properties": {"id": "PS_7CEFA36F3501", "station_group_id": "SG_3B9B6EACA49C", "name_en": "二重橋前", "name_ja": "二重橋前", "label_rank": 72, "tags": ["tokyo", "v3"]}}, {"type": "Feature", "bbox": [139.80963, 35.765905000000004, 139.80963, 35.765905000000004], "geometry": {"type": "Point", "coordinates": [139.80963, 35.765905000000004]}, "properties": {"id": "PS_AEE6BADE6817", "station_group_id": "SG_136029330992", "name_en": "五反野", "name_ja": "五反野", "label_rank": 72, "tags": ["tokyo", "v3"]}}, {"type": "Feature", "bbox": [139.58312, 35.697295, 139.58312, 35.697295], "geometry": {"type": "Point", "coordinates": [139.58312, 35.697295]}, "properties": {"id": "PS_8B745FF800E7", "station_group_id": "SG_6C24D724849A", "name_en": "井の頭公園", "name_ja": "井の頭公園", "label_rank": 72, "tags": ["tokyo", "v3"]}}, {"type": "Feature", "bbox": [139.615615, 35.72466, 139.615615, 35.72466], "geometry": {"type": "Point", "coordinates": [139.615615, 35.72466]}, "properties": {"id": "PS_AB69C396AA4E", "station_group_id": "SG_3B021155E8FF", "name_en": "井荻", "name_ja": "井荻", "label_rank": 72, "tags": ["tokyo", "v3"]}}, {"type": "Feature", "bbox": [139.77351, 35.71131, 139.77351, 35.71131], "geometry": {"type": "Point", "coordinates": [139.77351, 35.71131]}, "properties": {"id": "PS_08E4226551BC", "station_group_id": "SG_2D8B8148CB8C", "name_en": "京成上野", "name_ja": "京成上野", "label_rank": 100, "tags": ["tokyo", "v3"]}}, {"type": "Feature", "bbox": [139.82028, 35.71864, 139.82028, 35.71864], "geometry": {"type": "Point", "coordinates": [139.82028, 35.71864]}, "properties": {"id": "PS_AC734C9A3ED4", "station_group_id": "SG_DA6DCAA69655", "name_en": "京成曳舟", "name_ja": "京成曳舟", "label_rank": 92, "tags": ["tokyo", "v3"]}}, {"type": "Feature", "bbox": [139.84816, 35.73819, 139.84816, 35.73819], "geometry": {"type": "Point", "coordinates": [139.84816, 35.73819]}, "properties": {"id": "PS_8BDD0431652E", "station_group_id": "SG_01E236DA80A0", "name_en": "京成立石", "name_ja": "京成立石", "label_rank": 92, "tags": ["tokyo", "v3"]}}, {"type": "Feature", "bbox": [139.81185, 35.743965, 139.81185, 35.743965], "geometry": {"type": "Point", "coordinates": [139.81185, 35.743965]}, "properties": {"id": "PS_99A12B6FD5E1", "station_group_id": "SG_E4348EBB1B5E", "name_en": "京成関屋", "name_ja": "京成関屋", "label_rank": 72, "tags": ["tokyo", "v3"]}}, {"type": "Feature", "bbox": [139.770115, 35.6767, 139.770115, 35.6767], "geometry": {"type": "Point", "coordinates": [139.770115, 35.6767]}, "properties": {"id": "PS_65851F4CBFB5", "station_group_id": "SG_5F334F4B80B5", "name_en": "京橋", "name_ja": "京橋", "label_rank": 72, "tags": ["tokyo", "v3"]}}, {"type": "Feature", "bbox": [139.78234, 35.686260000000004, 139.78234, 35.686260000000004], "geometry": {"type": "Point", "coordinates": [139.78234, 35.686260000000004]}, "properties": {"id": "PS_311EBF2F0185", "station_group_id": "SG_918AA2A65C25", "name_en": "人形町", "name_ja": "人形町", "label_rank": 92, "tags": ["tokyo", "v3"]}}, {"type": "Feature", "bbox": [139.78217, 35.68635, 139.78217, 35.68635], "geometry": {"type": "Point", "coordinates": [139.78217, 35.68635]}, "properties": {"id": "PS_4F69C6CC2DE4", "station_group_id": "SG_918AA2A65C25", "name_en": "人形町", "name_ja": "人形町", "label_rank": 92, "tags": ["tokyo", "v3"]}}, {"type": "Feature", "bbox": [139.701525, 35.68378, 139.701525, 35.68378], "geometry": {"type": "Point", "coordinates": [139.701525, 35.68378]}, "properties": {"id": "PS_C4C4EC46F239", "station_group_id": "SG_98D992D43823", "name_en": "代々木", "name_ja": "代々木", "label_rank": 100, "tags": ["tokyo", "v3"]}}, {"type": "Feature", "bbox": [139.70221, 35.683795, 139.70221, 35.683795], "geometry": {"type": "Point", "coordinates": [139.70221, 35.683795]}, "properties": {"id": "PS_E6E038178C04", "station_group_id": "SG_98D992D43823", "name_en": "代々木", "name_ja": "代々木", "label_rank": 100, "tags": ["tokyo", "v3"]}}, {"type": "Feature", "bbox": [139.70221, 35.683795, 139.70221, 35.683795], "geometry": {"type": "Point", "coordinates": [139.70221, 35.683795]}, "properties": {"id": "PS_C5A62F5606BE", "station_group_id": "SG_98D992D43823", "name_en": "代々木", "name_ja": "代々木", "label_rank": 100, "tags": ["tokyo", "v3"]}}, {"type": "Feature", "bbox": [139.77618999999999, 35.706655, 139.77618999999999, 35.706655], "geometry": {"type": "Point", "coordinates": [139.77618999999999, 35.706655]}, "properties": {"id": "PS_32BC3800DFEC", "station_group_id": "SG_A12524A81C8E", "name_en": "仲御徒町", "name_ja": "仲御徒町", "label_rank": 72, "tags": ["tokyo", "v3"]}}, {"type": "Feature", "bbox": [139.81567, 35.688705, 139.81567, 35.688705], "geometry": {"type": "Point", "coordinates": [139.81567, 35.688705]}, "properties": {"id": "PS_D890F5E47757", "station_group_id": "SG_E5010DF38201", "name_en": "住吉", "name_ja": "住吉", "label_rank": 92, "tags": ["tokyo", "v3"]}}, {"type": "Feature", "bbox": [139.815745, 35.68895, 139.815745, 35.68895], "geometry": {"type": "Point", "coordinates": [139.815745, 35.68895]}, "properties": {"id": "PS_0E9772F09050", "station_group_id": "SG_E5010DF38201", "name_en": "住吉", "name_ja": "住吉", "label_rank": 92, "tags": ["tokyo", "v3"]}}, {"type": "Feature", "bbox": [139.568035, 35.748239999999996, 139.568035, 35.748239999999996], "geometry": {"type": "Point", "coordinates": [139.568035, 35.748239999999996]}, "properties": {"id": "PS_C3BCD8F26DCC", "station_group_id": "SG_FFBBF2101681", "name_en": "保谷", "name_ja": "保谷", "label_rank": 92, "tags": ["tokyo", "v3"]}}, {"type": "Feature", "bbox": [139.72109999999998, 35.679964999999996, 139.72109999999998, 35.679964999999996], "geometry": {"type": "Point", "coordinates": [139.72109999999998, 35.679964999999996]}, "properties": {"id": "PS_3657C237D7A8", "station_group_id": "SG_F8449212E47C", "name_en": "信濃町", "name_ja": "信濃町", "label_rank": 72, "tags": ["tokyo", "v3"]}}, {"type": "Feature", "bbox": [139.62923999999998, 35.75847, 139.62923999999998, 35.75847], "geometry": {"type": "Point", "coordinates": [139.62923999999998, 35.75847]}, "properties": {"id": "PS_906E351C37AA", "station_group_id": "SG_DF174799DDCB", "name_en": "光が丘", "name_ja": "光が丘", "label_rank": 72, "tags": ["tokyo", "v3"]}}, {"type": "Feature", "bbox": [139.78446000000002, 35.72057, 139.78446000000002, 35.72057], "geometry": {"type": "Point", "coordinates": [139.78446000000002, 35.72057]}, "properties": {"id": "PS_5BE7B706530E", "station_group_id": "SG_7A6B6DAF1BC4", "name_en": "入谷", "name_ja": "入谷", "label_rank": 72, "tags": ["tokyo", "v3"]}}, {"type": "Feature", "bbox": [139.77733999999998, 35.675365, 139.77733999999998, 35.675365], "geometry": {"type": "Point", "coordinates": [139.77733999999998, 35.675365]}, "properties": {"id": "PS_4638D964AE20", "station_group_id": "SG_EB37D6577EA7", "name_en": "八丁堀", "name_ja": "八丁堀", "label_rank": 92, "tags": ["tokyo", "v3"]}}, {"type": "Feature", "bbox": [139.77799, 35.67462, 139.77799, 35.67462], "geometry": {"type": "Point", "coordinates": [139.77799, 35.67462]}, "properties": {"id": "PS_6547BC128005", "station_group_id": "SG_EB37D6577EA7", "name_en": "八丁堀", "name_ja": "八丁堀", "label_rank": 92, "tags": ["tokyo", "v3"]}}, {"type": "Feature", "bbox": [139.82834, 35.727194999999995, 139.82834, 35.727194999999995], "geometry": {"type": "Point", "coordinates": [139.82834, 35.727194999999995]}, "properties": {"id": "PS_B40303466EC1", "station_group_id": "SG_5D4B551998FF", "name_en": "八広", "name_ja": "八広", "label_rank": 92, "tags": ["tokyo", "v3"]}}, {"type": "Feature", "bbox": [139.84473500000001, 35.807765, 139.84473500000001, 35.807765], "geometry": {"type": "Point", "coordinates": [139.84473500000001, 35.807765]}, "properties": {"id": "PS_6556049C3EEC", "station_group_id": "SG_2F855D5B7D55", "name_en": "八潮", "name_ja": "八潮", "label_rank": 72, "tags": ["tokyo", "v3"]}}, {"type": "Feature", "bbox": [139.82180499999998, 35.78478, 139.82180499999998, 35.78478], "geometry": {"type": "Point", "coordinates": [139.82180499999998, 35.78478]}, "properties": {"id": "PS_C9474F021F29", "station_group_id": "SG_D986F6D8D0D1", "name_en": "六町", "name_ja": "六町", "label_rank": 72, "tags": ["tokyo", "v3"]}}, {"type": "Feature", "bbox": [139.68827, 35.68142, 139.68827, 35.68142], "geometry": {"type": "Point", "coordinates": [139.68827, 35.68142]}, "properties": {"id": "PS_3B6F7C1B57E3", "station_group_id": "SG_32E2326BF464", "name_en": "初台", "name_ja": "初台", "label_rank": 72, "tags": ["tokyo", "v3"]}}, {"type": "Feature", "bbox": [139.628485, 35.890695, 139.628485, 35.890695], "geometry": {"type": "Point", "coordinates": [139.628485, 35.890695]}, "properties": {"id": "PS_E5A0B5580D54", "station_group_id": "SG_BF2CFA00A43F", "name_en": "北与野", "name_ja": "北与野", "label_rank": 72, "tags": ["tokyo", "v3"]}}, {"type": "Feature", "bbox": [139.80517500000002, 35.749865, 139.80517500000002, 35.749865], "geometry": {"type": "Point", "coordinates": [139.80517500000002, 35.749865]}, "properties": {"id": "PS_DFBDDB27BB77", "station_group_id": "SG_7B540F3EB080", "name_en": "北千住", "name_ja": "北千住", "label_rank": 100, "tags": ["tokyo", "v3"]}}, {"type": "Feature", "bbox": [139.80559, 35.749905, 139.80559, 35.749905], "geometry": {"type": "Point", "coordinates": [139.80559, 35.749905]}, "properties": {"id": "PS_94175E27549B", "station_group_id": "SG_7B540F3EB080", "name_en": "北千住", "name_ja": "北千住", "label_rank": 100, "tags": ["tokyo", "v3"]}}, {"type": "Feature", "bbox": [139.804405, 35.7492, 139.804405, 35.7492], "geometry": {"type": "Point", "coordinates": [139.804405, 35.7492]}, "properties": {"id": "PS_0DD8ED460D48", "station_group_id": "SG_7B540F3EB080", "name_en": "北千住", "name_ja": "北千住", "label_rank": 100, "tags": ["tokyo", "v3"]}}, {"type": "Feature", "bbox": [139.80464, 35.748845, 139.80464, 35.748845], "geometry": {"type": "Point", "coordinates": [139.80464, 35.748845]}, "properties": {"id": "PS_6BA1ED7A4D45", "station_group_id": "SG_7B540F3EB080", "name_en": "北千住", "name_ja": "北千住", "label_rank": 100, "tags": ["tokyo", "v3"]}}, {"type": "Feature", "bbox": [139.80559, 35.749905, 139.80559, 35.749905], "geometry": {"type": "Point", "coordinates": [139.80559, 35.749905]}, "properties": {"id": "PS_63C9EBA20036", "station_group_id": "SG_7B540F3EB080", "name_en": "北千住", "name_ja": "北千住", "label_rank": 100, "tags": ["tokyo", "v3"]}}, {"type": "Feature", "bbox": [139.70543500000002, 35.678485, 139.70543500000002, 35.678485], "geometry": {"type": "Point", "coordinates": [139.70543500000002, 35.678485]}, "properties": {"id": "PS_640F541464D7", "station_group_id": "SG_676E78C8D6A4", "name_en": "北参道", "name_ja": "北参道", "label_rank": 72, "tags": ["tokyo", "v3"]}}, {"type": "Feature", "bbox": [139.624805, 35.91794, 139.624805, 35.91794], "geometry": {"type": "Point", "coordinates": [139.624805, 35.91794]}, "properties": {"id": "PS_8A60D9482FFF", "station_group_id": "SG_84858D9CF0BB", "name_en": "北大宮", "name_ja": "北大宮", "label_rank": 72, "tags": ["tokyo", "v3"]}}, {"type": "Feature", "bbox": [139.66144500000001, 35.826755000000006, 139.66144500000001, 35.826755000000006], "geometry": {"type": "Point", "coordinates": [139.66144500000001, 35.826755000000006]}, "properties": {"id": "PS_A6ED7DA27187", "station_group_id": "SG_17826CB90622", "name_en": "北戸田", "name_ja": "北戸田", "label_rank": 72, "tags": ["tokyo", "v3"]}}, {"type": "Feature", "bbox": [139.58722999999998, 35.815470000000005, 139.58722999999998, 35.815470000000005], "geometry": {"type": "Point", "coordinates": [139.58722999999998, 35.815470000000005]}, "properties": {"id": "PS_A71556254B26", "station_group_id": "SG_B993CF3FFF8C", "name_en": "北朝霞", "name_ja": "北朝霞", "label_rank": 72, "tags": ["tokyo", "v3"]}}, {"type": "Feature", "bbox": [139.71639499999998, 35.740335, 139.71639499999998, 35.740335], "geometry": {"type": "Point", "coordinates": [139.71639499999998, 35.740335]}, "properties": {"id": "PS_34BC901A4882", "station_group_id": "SG_32D527F8E4CD", "name_en": "北池袋", "name_ja": "北池袋", "label_rank": 72, "tags": ["tokyo", "v3"]}}, {"type": "Feature", "bbox": [139.64575000000002, 35.8722, 139.64575000000002, 35.8722], "geometry": {"type": "Point", "coordinates": [139.64575000000002, 35.8722]}, "properties": {"id": "PS_A02994E92579", "station_group_id": "SG_CE3077F83DDA", "name_en": "北浦和", "name_ja": "北浦和", "label_rank": 72, "tags": ["tokyo", "v3"]}}, {"type": "Feature", "bbox": [139.83209499999998, 35.77689, 139.83209499999998, 35.77689], "geometry": {"type": "Point", "coordinates": [139.83209499999998, 35.77689]}, "properties": {"id": "PS_E0394BFF3196", "station_group_id": "SG_B722ACE29026", "name_en": "北綾瀬", "name_ja": "北綾瀬", "label_rank": 72, "tags": ["tokyo", "v3"]}}, {"type": "Feature", "bbox": [139.705795, 35.78703, 139.705795, 35.78703], "geometry": {"type": "Point", "coordinates": [139.705795, 35.78703]}, "properties": {"id": "PS_92BA8C01A4DF", "station_group_id": "SG_57C7D0802E33", "name_en": "北赤羽", "name_ja": "北赤羽", "label_rank": 72, "tags": ["tokyo", "v3"]}}, {"type": "Feature", "bbox": [139.77987000000002, 35.901714999999996, 139.77987000000002, 35.901714999999996], "geometry": {"type": "Point", "coordinates": [139.77987000000002, 35.901714999999996]}, "properties": {"id": "PS_56C2A0BB0E04", "station_group_id": "SG_B336AD364CD4", "name_en": "北越谷", "name_ja": "北越谷", "label_rank": 72, "tags": ["tokyo", "v3"]}}, {"type": "Feature", "bbox": [139.72225, 35.76039, 139.72225, 35.76039], "geometry": {"type": "Point", "coordinates": [139.72225, 35.76039]}, "properties": {"id": "PS_9E55F0699E4F", "station_group_id": "SG_383A40826FDB", "name_en": "十条", "name_ja": "十条", "label_rank": 72, "tags": ["tokyo", "v3"]}}, {"type": "Feature", "bbox": [139.79705, 35.74241, 139.79705, 35.74241], "geometry": {"type": "Point", "coordinates": [139.79705, 35.74241]}, "properties": {"id": "PS_4EFFF6860A9E", "station_group_id": "SG_3C28C190F859", "name_en": "千住大橋", "name_ja": "千住大橋", "label_rank": 72, "tags": ["tokyo", "v3"]}}, {"type": "Feature", "bbox": [139.6894, 35.738175, 139.6894, 35.738175], "geometry": {"type": "Point", "coordinates": [139.6894, 35.738175]}, "properties": {"id": "PS_69F3123742D9", "station_group_id": "SG_C98FB9D59B34", "name_en": "千川", "name_ja": "千川", "label_rank": 92, "tags": ["tokyo", "v3"]}}, {"type": "Feature", "bbox": [139.6894, 35.738175, 139.6894, 35.738175], "geometry": {"type": "Point", "coordinates": [139.6894, 35.738175]}, "properties": {"id": "PS_7AB09229CB0E", "station_group_id": "SG_C98FB9D59B34", "name_en": "千川", "name_ja": "千川", "label_rank": 92, "tags": ["tokyo", "v3"]}}, {"type": "Feature", "bbox": [139.744745, 35.727965, 139.744745, 35.727965], "geometry": {"type": "Point", "coordinates": [139.744745, 35.727965]}, "properties": {"id": "PS_764A868E7C9B", "station_group_id": "SG_C50274A2388C", "name_en": "千石", "name_ja": "千石", "label_rank": 72, "tags": ["tokyo", "v3"]}}, {"type": "Feature", "bbox": [139.71153, 35.681195, 139.71153, 35.681195], "geometry": {"type": "Point", "coordinates": [139.71153, 35.681195]}, "properties": {"id": "PS_D290D0F94D05", "station_group_id": "SG_A8724DF4D651", "name_en": "千駄ヶ谷", "name_ja": "千駄ヶ谷", "label_rank": 72, "tags": ["tokyo", "v3"]}}, {"type": "Feature", "bbox": [139.763305, 35.725745, 139.763305, 35.725745], "geometry": {"type": "Point", "coordinates": [139.763305, 35.725745]}, "properties": {"id": "PS_08C69BCFD60D", "station_group_id": "SG_06EEB2CF8740", "name_en": "千駄木", "name_ja": "千駄木", "label_rank": 72, "tags": ["tokyo", "v3"]}}, {"type": "Feature", "bbox": [139.741695, 35.685379999999995, 139.741695, 35.685379999999995], "geometry": {"type": "Point", "coordinates": [139.741695, 35.685379999999995]}, "properties": {"id": "PS_8BC6CE679A04", "station_group_id": "SG_B2C23ED703EA", "name_en": "半蔵門", "name_ja": "半蔵門", "label_rank": 72, "tags": ["tokyo", "v3"]}}, {"type": "Feature", "bbox": [139.631055, 35.867355, 139.631055, 35.867355], "geometry": {"type": "Point", "coordinates": [139.631055, 35.867355]}, "properties": {"id": "PS_AE50670C8863", "station_group_id": "SG_CB69D8EA0D28", "name_en": "南与野", "name_ja": "南与野", "label_rank": 72, "tags": ["tokyo", "v3"]}}, {"type": "Feature", "bbox": [139.79895, 35.732985, 139.79895, 35.732985], "geometry": {"type": "Point", "coordinates": [139.79895, 35.732985]}, "properties": {"id": "PS_4133AA6139BE", "station_group_id": "SG_50874814E565", "name_en": "南千住", "name_ja": "南千住", "label_rank": 92, "tags": ["tokyo", "v3"]}}, {"type": "Feature", "bbox": [139.79878, 35.73231, 139.79878, 35.73231], "geometry": {"type": "Point", "coordinates": [139.79878, 35.73231]}, "properties": {"id": "PS_E5365A5B1747", "station_group_id": "SG_50874814E565", "name_en": "南千住", "name_ja": "南千住", "label_rank": 92, "tags": ["tokyo", "v3"]}}, {"type": "Feature", "bbox": [139.79978499999999, 35.734645, 139.79978499999999, 35.734645], "geometry": {"type": "Point", "coordinates": [139.79978499999999, 35.734645]}, "properties": {"id": "PS_DAB0A204668D", "station_group_id": "SG_50874814E565", "name_en": "南千住", "name_ja": "南千住", "label_rank": 92, "tags": ["tokyo", "v3"]}}, {"type": "Feature", "bbox": [139.69865, 35.683555, 139.69865, 35.683555], "geometry": {"type": "Point", "coordinates": [139.69865, 35.683555]}, "properties": {"id": "PS_2E1495B65C78", "station_group_id": "SG_C363D4FB55D2", "name_en": "南新宿", "name_ja": "南新宿", "label_rank": 72, "tags": ["tokyo", "v3"]}}, {"type": "Feature", "bbox": [139.668615, 35.848335000000006, 139.668615, 35.848335000000006], "geometry": {"type": "Point", "coordinates": [139.668615, 35.848335000000006]}, "properties": {"id": "PS_DFA792DAEEEA", "station_group_id": "SG_53FBFF33B0EB", "name_en": "南浦和", "name_ja": "南浦和", "label_rank": 92, "tags": ["tokyo", "v3"]}}, {"type": "Feature", "bbox": [139.66894000000002, 35.847584999999995, 139.66894000000002, 35.847584999999995], "geometry": {"type": "Point", "coordinates": [139.66894000000002, 35.847584999999995]}, "properties": {"id": "PS_986EF82D9D01", "station_group_id": "SG_53FBFF33B0EB", "name_en": "南浦和", "name_ja": "南浦和", "label_rank": 92, "tags": ["tokyo", "v3"]}}, {"type": "Feature", "bbox": [139.79115000000002, 35.876045000000005, 139.79115000000002, 35.876045000000005], "geometry": {"type": "Point", "coordinates": [139.79115000000002, 35.876045000000005]}, "properties": {"id": "PS_FBFCAACF962A", "station_group_id": "SG_ECCB83D27067", "name_en": "南越谷", "name_ja": "南越谷", "label_rank": 72, "tags": ["tokyo", "v3"]}}, {"type": "Feature", "bbox": [139.635575, 35.699455, 139.635575, 35.699455], "geometry": {"type": "Point", "coordinates": [139.635575, 35.699455]}, "properties": {"id": "PS_163E17320410", "station_group_id": "SG_673148C2B0CF", "name_en": "南阿佐ヶ谷", "name_ja": "南阿佐ヶ谷", "label_rank": 72, "tags": ["tokyo", "v3"]}}, {"type": "Feature", "bbox": [139.736095, 35.81608, 139.736095, 35.81608], "geometry": {"type": "Point", "coordinates": [139.736095, 35.81608]}, "properties": {"id": "PS_1C9A63805932", "station_group_id": "SG_44D7F2364411", "name_en": "南鳩ヶ谷", "name_ja": "南鳩ヶ谷", "label_rank": 72, "tags": ["tokyo", "v3"]}}, {"type": "Feature", "bbox": [139.69358499999998, 35.678605000000005, 139.69358499999998, 35.678605000000005], "geometry": {"type": "Point", "coordinates": [139.69358499999998, 35.678605000000005]}, "properties": {"id": "PS_0CFCBEC93D4C", "station_group_id": "SG_CC030EB59B83", "name_en": "参宮橋", "name_ja": "参宮橋", "label_rank": 72, "tags": ["tokyo", "v3"]}}, {"type": "Feature", "bbox": [139.843235, 35.876625000000004, 139.843235, 35.876625000000004], "geometry": {"type": "Point", "coordinates": [139.843235, 35.876625000000004]}, "properties": {"id": "PS_682656572AE4", "station_group_id": "SG_02883912A221", "name_en": "吉川", "name_ja": "吉川", "label_rank": 72, "tags": ["tokyo", "v3"]}}, {"type": "Feature", "bbox": [139.58031, 35.702290000000005, 139.58031, 35.702290000000005], "geometry": {"type": "Point", "coordinates": [139.58031, 35.702290000000005]}, "properties": {"id": "PS_AAA6601AF914", "station_group_id": "SG_823D57B7DF51", "name_en": "吉祥寺", "name_ja": "吉祥寺", "label_rank": 92, "tags": ["tokyo", "v3"]}}, {"type": "Feature", "bbox": [139.57981, 35.703140000000005, 139.57981, 35.703140000000005], "geometry": {"type": "Point", "coordinates": [139.57981, 35.703140000000005]}, "properties": {"id": "PS_F028084A4A1C", "station_group_id": "SG_823D57B7DF51", "name_en": "吉祥寺", "name_ja": "吉祥寺", "label_rank": 92, "tags": ["tokyo", "v3"]}}, {"type": "Feature", "bbox": [139.724805, 35.728764999999996, 139.724805, 35.728764999999996], "geometry": {"type": "Point", "coordinates": [139.724805, 35.728764999999996]}, "properties": {"id": "PS_D4BBB983F0F5", "station_group_id": "SG_D2FC7B6CF485", "name_en": "向原", "name_ja": "向原", "label_rank": 72, "tags": ["tokyo", "v3"]}}, {"type": "Feature", "bbox": [139.612865, 35.78835, 139.612865, 35.78835], "geometry": {"type": "Point", "coordinates": [139.612865, 35.78835]}, "properties": {"id": "PS_BB4D7CD2F293", "station_group_id": "SG_1410253D51B7", "name_en": "和光市", "name_ja": "和光市", "label_rank": 92, "tags": ["tokyo", "v3"]}}, {"type": "Feature", "bbox": [139.612865, 35.78835, 139.612865, 35.78835], "geometry": {"type": "Point", "coordinates": [139.612865, 35.78835]}, "properties": {"id": "PS_4CD2343D597E", "station_group_id": "SG_1410253D51B7", "name_en": "和光市", "name_ja": "和光市", "label_rank": 92, "tags": ["tokyo", "v3"]}}, {"type": "Feature", "bbox": [139.834655, 35.731715, 139.834655, 35.731715], "geometry": {"type": "Point", "coordinates": [139.834655, 35.731715]}, "properties": {"id": "PS_205BECDEA82D", "station_group_id": "SG_A1094C90456D", "name_en": "四ツ木", "name_ja": "四ツ木", "label_rank": 92, "tags": ["tokyo", "v3"]}}, {"type": "Feature", "bbox": [139.72999499999997, 35.68419, 139.72999499999997, 35.68419], "geometry": {"type": "Point", "coordinates": [139.72999499999997, 35.68419]}, "properties": {"id": "PS_264A05C42A52", "station_group_id": "SG_99148CF25F9B", "name_en": "四ツ谷", "name_ja": "四ツ谷", "label_rank": 92, "tags": ["tokyo", "v3"]}}, {"type": "Feature", "bbox": [139.729705, 35.686075, 139.729705, 35.686075], "geometry": {"type": "Point", "coordinates": [139.729705, 35.686075]}, "properties": {"id": "PS_FDB03E849818", "station_group_id": "SG_99148CF25F9B", "name_en": "四ツ谷", "name_ja": "四ツ谷", "label_rank": 92, "tags": ["tokyo", "v3"]}}, {"type": "Feature", "bbox": [139.73054000000002, 35.68565, 139.73054000000002, 35.68565], "geometry": {"type": "Point", "coordinates": [139.73054000000002, 35.68565]}, "properties": {"id": "PS_DCD288167211", "station_group_id": "SG_99148CF25F9B", "name_en": "四ツ谷", "name_ja": "四ツ谷", "label_rank": 92, "tags": ["tokyo", "v3"]}}, {"type": "Feature", "bbox": [139.719325, 35.687835, 139.719325, 35.687835], "geometry": {"type": "Point", "coordinates": [139.719325, 35.687835]}, "properties": {"id": "PS_A12865F73EFD", "station_group_id": "SG_9026EA6893FA", "name_en": "四谷三丁目", "name_ja": "四谷三丁目", "label_rank": 72, "tags": ["tokyo", "v3"]}}, {"type": "Feature", "bbox": [139.74541, 35.675005, 139.74541, 35.675005], "geometry": {"type": "Point", "coordinates": [139.74541, 35.675005]}, "properties": {"id": "PS_33218A955E5C", "station_group_id": "SG_446C27E0EF35", "name_en": "国会議事堂前", "name_ja": "国会議事堂前", "label_rank": 92, "tags": ["tokyo", "v3"]}}, {"type": "Feature", "bbox": [139.743185, 35.67358, 139.743185, 35.67358], "geometry": {"type": "Point", "coordinates": [139.743185, 35.67358]}, "properties": {"id": "PS_6813AC7097F9", "station_group_id": "SG_446C27E0EF35", "name_en": "国会議事堂前", "name_ja": "国会議事堂前", "label_rank": 92, "tags": ["tokyo", "v3"]}}, {"type": "Feature", "bbox": [139.714875, 35.679855, 139.714875, 35.679855], "geometry": {"type": "Point", "coordinates": [139.714875, 35.679855]}, "properties": {"id": "PS_94772492EBCD", "station_group_id": "SG_07E52926E60B", "name_en": "国立競技場", "name_ja": "国立競技場", "label_rank": 72, "tags": ["tokyo", "v3"]}}, {"type": "Feature", "bbox": [139.63117, 35.776740000000004, 139.63117, 35.776740000000004], "geometry": {"type": "Point", "coordinates": [139.63117, 35.776740000000004]}, "properties": {"id": "PS_78BC7794E29E", "station_group_id": "SG_AFF284EB54EE", "name_en": "地下鉄成増", "name_ja": "地下鉄成増", "label_rank": 72, "tags": ["tokyo", "v3"]}}, {"type": "Feature", "bbox": [139.644, 35.769980000000004, 139.644, 35.769980000000004], "geometry": {"type": "Point", "coordinates": [139.644, 35.769980000000004]}, "properties": {"id": "PS_2C5A8401665C", "station_group_id": "SG_76AEFC90EA57", "name_en": "地下鉄赤塚", "name_ja": "地下鉄赤塚", "label_rank": 72, "tags": ["tokyo", "v3"]}}, {"type": "Feature", "bbox": [139.81738, 35.743345, 139.81738, 35.743345], "geometry": {"type": "Point", "coordinates": [139.81738, 35.743345]}, "properties": {"id": "PS_0C72B5A63894", "station_group_id": "SG_CD276911D9B3", "name_en": "堀切", "name_ja": "堀切", "label_rank": 72, "tags": ["tokyo", "v3"]}}, {"type": "Feature", "bbox": [139.82754, 35.74765, 139.82754, 35.74765], "geometry": {"type": "Point", "coordinates": [139.82754, 35.74765]}, "properties": {"id": "PS_9EB4ED2D27DC", "station_group_id": "SG_FC98FB13FC08", "name_en": "堀切菖蒲園", "name_ja": "堀切菖蒲園", "label_rank": 72, "tags": ["tokyo", "v3"]}}, {"type": "Feature", "bbox": [139.69744500000002, 35.700635, 139.69744500000002, 35.700635], "geometry": {"type": "Point", "coordinates": [139.69744500000002, 35.700635]}, "properties": {"id": "PS_629CB41C0DB5", "station_group_id": "SG_C30931FC6988", "name_en": "大久保", "name_ja": "大久保", "label_rank": 72, "tags": ["tokyo", "v3"]}}, {"type": "Feature", "bbox": [139.651015, 35.92935, 139.651015, 35.92935], "geometry": {"type": "Point", "coordinates": [139.651015, 35.92935]}, "properties": {"id": "PS_C5EDE8C2AFE3", "station_group_id": "SG_6D91814C1E05", "name_en": "大和田", "name_ja": "大和田", "label_rank": 72, "tags": ["tokyo", "v3"]}}, {"type": "Feature", "bbox": [139.72794, 35.731785, 139.72794, 35.731785], "geometry": {"type": "Point", "coordinates": [139.72794, 35.731785]}, "properties": {"id": "PS_8911A589AB4E", "station_group_id": "SG_68B464465364", "name_en": "大塚", "name_ja": "大塚", "label_rank": 72, "tags": ["tokyo", "v3"]}}, {"type": "Feature", "bbox": [139.729455, 35.73162, 139.729455, 35.73162], "geometry": {"type": "Point", "coordinates": [139.729455, 35.73162]}, "properties": {"id": "PS_CA08FC650697", "station_group_id": "SG_8488F725B782", "name_en": "大塚駅前", "name_ja": "大塚駅前", "label_rank": 72, "tags": ["tokyo", "v3"]}}, {"type": "Feature", "bbox": [139.62437, 35.906435, 139.62437, 35.906435], "geometry": {"type": "Point", "coordinates": [139.62437, 35.906435]}, "properties": {"id": "PS_71EA38F3967B", "station_group_id": "SG_B07CD28800B1", "name_en": "大宮", "name_ja": "大宮", "label_rank": 100, "tags": ["tokyo", "v3"]}}, {"type": "Feature", "bbox": [139.62308000000002, 35.906255, 139.62308000000002, 35.906255], "geometry": {"type": "Point", "coordinates": [139.62308000000002, 35.906255]}, "properties": {"id": "PS_73456C6BA7EF", "station_group_id": "SG_B07CD28800B1", "name_en": "大宮", "name_ja": "大宮", "label_rank": 100, "tags": ["tokyo", "v3"]}}, {"type": "Feature", "bbox": [139.62308000000002, 35.906255, 139.62308000000002, 35.906255], "geometry": {"type": "Point", "coordinates": [139.62308000000002, 35.906255]}, "properties": {"id": "PS_862DD82CFD44", "station_group_id": "SG_B07CD28800B1", "name_en": "大宮", "name_ja": "大宮", "label_rank": 100, "tags": ["tokyo", "v3"]}}, {"type": "Feature", "bbox": [139.62308000000002, 35.906255, 139.62308000000002, 35.906255], "geometry": {"type": "Point", "coordinates": [139.62308000000002, 35.906255]}, "properties": {"id": "PS_A41A394F2987", "station_group_id": "SG_B07CD28800B1", "name_en": "大宮", "name_ja": "大宮", "label_rank": 100, "tags": ["tokyo", "v3"]}}, {"type": "Feature", "bbox": [139.62437, 35.906435, 139.62437, 35.906435], "geometry": {"type": "Point", "coordinates": [139.62437, 35.906435]}, "properties": {"id": "PS_F5831E261565", "station_group_id": "SG_B07CD28800B1", "name_en": "大宮", "name_ja": "大宮", "label_rank": 100, "tags": ["tokyo", "v3"]}}, {"type": "Feature", "bbox": [139.62308000000002, 35.906255, 139.62308000000002, 35.906255], "geometry": {"type": "Point", "coordinates": [139.62308000000002, 35.906255]}, "properties": {"id": "PS_5221504B341F", "station_group_id": "SG_B07CD28800B1", "name_en": "大宮", "name_ja": "大宮", "label_rank": 100, "tags": ["tokyo", "v3"]}}, {"type": "Feature", "bbox": [139.624185, 35.90618, 139.624185, 35.90618], "geometry": {"type": "Point", "coordinates": [139.624185, 35.90618]}, "properties": {"id": "PS_ED263AF61E98", "station_group_id": "SG_B07CD28800B1", "name_en": "大宮", "name_ja": "大宮", "label_rank": 100, "tags": ["tokyo", "v3"]}}, {"type": "Feature", "bbox": [139.62425000000002, 35.90775, 139.62425000000002, 35.90775], "geometry": {"type": "Point", "coordinates": [139.62425000000002, 35.90775]}, "properties": {"id": "PS_37C3967D5250", "station_group_id": "SG_B07CD28800B1", "name_en": "大宮", "name_ja": "大宮", "label_rank": 100, "tags": ["tokyo", "v3"]}}, {"type": "Feature", "bbox": [139.63308, 35.92388, 139.63308, 35.92388], "geometry": {"type": "Point", "coordinates": [139.63308, 35.92388]}, "properties": {"id": "PS_1EFB38DCB438", "station_group_id": "SG_6DC81A93D1B3", "name_en": "大宮公園", "name_ja": "大宮公園", "label_rank": 72, "tags": ["tokyo", "v3"]}}, {"type": "Feature", "bbox": [139.702665, 35.748395, 139.702665, 35.748395], "geometry": {"type": "Point", "coordinates": [139.702665, 35.748395]}, "properties": {"id": "PS_B1CD932771CF", "station_group_id": "SG_8A4D059C83EA", "name_en": "大山", "name_ja": "大山", "label_rank": 72, "tags": ["tokyo", "v3"]}}, {"type": "Feature", "bbox": [139.83436, 35.689765, 139.83436, 35.689765], "geometry": {"type": "Point", "coordinates": [139.83436, 35.689765]}, "properties": {"id": "PS_921DCBAEF5ED", "station_group_id": "SG_1FDD1EB0E6C1", "name_en": "大島", "name_ja": "大島", "label_rank": 72, "tags": ["tokyo", "v3"]}}, {"type": "Feature", "bbox": [139.781655, 35.77895, 139.781655, 35.77895], "geometry": {"type": "Point", "coordinates": [139.781655, 35.77895]}, "properties": {"id": "PS_B1DFA01E9126", "station_group_id": "SG_D9B7AEA89902", "name_en": "大師前", "name_ja": "大師前", "label_rank": 72, "tags": ["tokyo", "v3"]}}, {"type": "Feature", "bbox": [139.766205, 35.686875, 139.766205, 35.686875], "geometry": {"type": "Point", "coordinates": [139.766205, 35.686875]}, "properties": {"id": "PS_F9F847F574A0", "station_group_id": "SG_68D9DED338B1", "name_en": "大手町", "name_ja": "大手町", "label_rank": 92, "tags": ["tokyo", "v3"]}}, {"type": "Feature", "bbox": [139.76603, 35.684695000000005, 139.76603, 35.684695000000005], "geometry": {"type": "Point", "coordinates": [139.76603, 35.684695000000005]}, "properties": {"id": "PS_1C83BE055EB3", "station_group_id": "SG_68D9DED338B1", "name_en": "大手町", "name_ja": "大手町", "label_rank": 92, "tags": ["tokyo", "v3"]}}, {"type": "Feature", "bbox": [139.763285, 35.685249999999996, 139.763285, 35.685249999999996], "geometry": {"type": "Point", "coordinates": [139.763285, 35.685249999999996]}, "properties": {"id": "PS_C95C32033C19", "station_group_id": "SG_68D9DED338B1", "name_en": "大手町", "name_ja": "大手町", "label_rank": 92, "tags": ["tokyo", "v3"]}}, {"type": "Feature", "bbox": [139.764905, 35.686745, 139.764905, 35.686745], "geometry": {"type": "Point", "coordinates": [139.764905, 35.686745]}, "properties": {"id": "PS_4CA95BE7F90A", "station_group_id": "SG_68D9DED338B1", "name_en": "大手町", "name_ja": "大手町", "label_rank": 92, "tags": ["tokyo", "v3"]}}, {"type": "Feature", "bbox": [139.76261, 35.68407, 139.76261, 35.68407], "geometry": {"type": "Point", "coordinates": [139.76261, 35.68407]}, "properties": {"id": "PS_2E811F5DE007", "station_group_id": "SG_68D9DED338B1", "name_en": "大手町", "name_ja": "大手町", "label_rank": 92, "tags": ["tokyo", "v3"]}}, {"type": "Feature", "bbox": [139.58679999999998, 35.749340000000004, 139.58679999999998, 35.749340000000004], "geometry": {"type": "Point", "coordinates": [139.58679999999998, 35.749340000000004]}, "properties": {"id": "PS_09CB0FFA34FA", "station_group_id": "SG_4D76981D7C03", "name_en": "大泉学園", "name_ja": "大泉学園", "label_rank": 92, "tags": ["tokyo", "v3"]}}, {"type": "Feature", "bbox": [139.77794, 35.9246, 139.77794, 35.9246], "geometry": {"type": "Point", "coordinates": [139.77794, 35.9246]}, "properties": {"id": "PS_FF69C384B09F", "station_group_id": "SG_1FD6B505AF6D", "name_en": "大袋", "name_ja": "大袋", "label_rank": 72, "tags": ["tokyo", "v3"]}}, {"type": "Feature", "bbox": [139.71231, 35.71575, 139.71231, 35.71575], "geometry": {"type": "Point", "coordinates": [139.71231, 35.71575]}, "properties": {"id": "PS_0FAD8BB90FD4", "station_group_id": "SG_D1BB6F84639C", "name_en": "学習院下", "name_ja": "学習院下", "label_rank": 72, "tags": ["tokyo", "v3"]}}, {"type": "Feature", "bbox": [139.77211499999999, 35.67567, 139.77211499999999, 35.67567], "geometry": {"type": "Point", "coordinates": [139.77211499999999, 35.67567]}, "properties": {"id": "PS_9A617149B82F", "station_group_id": "SG_D185BED1E018", "name_en": "宝町", "name_ja": "宝町", "label_rank": 72, "tags": ["tokyo", "v3"]}}, {"type": "Feature", "bbox": [139.765765, 35.749885, 139.765765, 35.749885], "geometry": {"type": "Point", "coordinates": [139.765765, 35.749885]}, "properties": {"id": "PS_81F6F857DA56", "station_group_id": "SG_EACB6D44B0E8", "name_en": "宮ノ前", "name_ja": "宮ノ前", "label_rank": 72, "tags": ["tokyo", "v3"]}}, {"type": "Feature", "bbox": [139.6072, 35.684825000000004, 139.6072, 35.684825000000004], "geometry": {"type": "Point", "coordinates": [139.6072, 35.684825000000004]}, "properties": {"id": "PS_207F4F9138A7", "station_group_id": "SG_F1DAD17E5564", "name_en": "富士見ヶ丘", "name_ja": "富士見ヶ丘", "label_rank": 72, "tags": ["tokyo", "v3"]}}, {"type": "Feature", "bbox": [139.629815, 35.73585, 139.629815, 35.73585], "geometry": {"type": "Point", "coordinates": [139.629815, 35.73585]}, "properties": {"id": "PS_3E9D389A8C03", "station_group_id": "SG_36C8DBEE6E23", "name_en": "富士見台", "name_ja": "富士見台", "label_rank": 92, "tags": ["tokyo", "v3"]}}, {"type": "Feature", "bbox": [139.77875999999998, 35.690425, 139.77875999999998, 35.690425], "geometry": {"type": "Point", "coordinates": [139.77875999999998, 35.690425]}, "properties": {"id": "PS_EE0453A60445", "station_group_id": "SG_2E2C8F63642C", "name_en": "小伝馬町", "name_ja": "小伝馬町", "label_rank": 72, "tags": ["tokyo", "v3"]}}, {"type": "Feature", "bbox": [139.761735, 35.75049, 139.761735, 35.75049], "geometry": {"type": "Point", "coordinates": [139.761735, 35.75049]}, "properties": {"id": "PS_C4167433CB63", "station_group_id": "SG_2F9EB555411F", "name_en": "小台", "name_ja": "小台", "label_rank": 72, "tags": ["tokyo", "v3"]}}, {"type": "Feature", "bbox": [139.76686, 35.695215000000005, 139.76686, 35.695215000000005], "geometry": {"type": "Point", "coordinates": [139.76686, 35.695215000000005]}, "properties": {"id": "PS_445F334335B7", "station_group_id": "SG_3EABE9D84F14", "name_en": "小川町", "name_ja": "小川町", "label_rank": 72, "tags": ["tokyo", "v3"]}}, {"type": "Feature", "bbox": [139.82761, 35.710319999999996, 139.82761, 35.710319999999996], "geometry": {"type": "Point", "coordinates": [139.82761, 35.710319999999996]}, "properties": {"id": "PS_3FC4247EDA79", "station_group_id": "SG_3E4FEAE6ECD1", "name_en": "小村井", "name_ja": "小村井", "label_rank": 72, "tags": ["tokyo", "v3"]}}, {"type": "Feature", "bbox": [139.67952000000002, 35.743395, 139.67952000000002, 35.743395], "geometry": {"type": "Point", "coordinates": [139.67952000000002, 35.743395]}, "properties": {"id": "PS_885310C8E2EF", "station_group_id": "SG_411F99D51475", "name_en": "小竹向原", "name_ja": "小竹向原", "label_rank": 92, "tags": ["tokyo", "v3"]}}, {"type": "Feature", "bbox": [139.67952000000002, 35.743395, 139.67952000000002, 35.743395], "geometry": {"type": "Point", "coordinates": [139.67952000000002, 35.743395]}, "properties": {"id": "PS_D1E2458921A6", "station_group_id": "SG_411F99D51475", "name_en": "小竹向原", "name_ja": "小竹向原", "label_rank": 92, "tags": ["tokyo", "v3"]}}, {"type": "Feature", "bbox": [139.67952000000002, 35.743395, 139.67952000000002, 35.743395], "geometry": {"type": "Point", "coordinates": [139.67952000000002, 35.743395]}, "properties": {"id": "PS_E81660FFA027", "station_group_id": "SG_411F99D51475", "name_en": "小竹向原", "name_ja": "小竹向原", "label_rank": 92, "tags": ["tokyo", "v3"]}}, {"type": "Feature", "bbox": [139.81265, 35.758685, 139.81265, 35.758685], "geometry": {"type": "Point", "coordinates": [139.81265, 35.758685]}, "properties": {"id": "PS_6DF9D6AD98C7", "station_group_id": "SG_A8A9F43E5A61", "name_en": "小菅", "name_ja": "小菅", "label_rank": 72, "tags": ["tokyo", "v3"]}}, {"type": "Feature", "bbox": [139.75387, 35.746795000000006, 139.75387, 35.746795000000006], "geometry": {"type": "Point", "coordinates": [139.75387, 35.746795000000006]}, "properties": {"id": "PS_92D3B680C26F", "station_group_id": "SG_10234B34BA3E", "name_en": "尾久", "name_ja": "尾久", "label_rank": 72, "tags": ["tokyo", "v3"]}}, {"type": "Feature", "bbox": [139.77518500000002, 35.695575, 139.77518500000002, 35.695575], "geometry": {"type": "Point", "coordinates": [139.77518500000002, 35.695575]}, "properties": {"id": "PS_B94F3B790E64", "station_group_id": "SG_8154C6306A7B", "name_en": "岩本町", "name_ja": "岩本町", "label_rank": 72, "tags": ["tokyo", "v3"]}}, {"type": "Feature", "bbox": [139.717455, 35.8018, 139.717455, 35.8018], "geometry": {"type": "Point", "coordinates": [139.717455, 35.8018]}, "properties": {"id": "PS_38E7A84BE9FC", "station_group_id": "SG_1E5D9FEE190B", "name_en": "川口", "name_ja": "川口", "label_rank": 72, "tags": ["tokyo", "v3"]}}, {"type": "Feature", "bbox": [139.72998, 35.800070000000005, 139.72998, 35.800070000000005], "geometry": {"type": "Point", "coordinates": [139.72998, 35.800070000000005]}, "properties": {"id": "PS_462CAD2D44DC", "station_group_id": "SG_33395210C4D4", "name_en": "川口元郷", "name_ja": "川口元郷", "label_rank": 72, "tags": ["tokyo", "v3"]}}, {"type": "Feature", "bbox": [139.738035, 35.733779999999996, 139.738035, 35.733779999999996], "geometry": {"type": "Point", "coordinates": [139.738035, 35.733779999999996]}, "properties": {"id": "PS_ED88AECC594E", "station_group_id": "SG_BEC6CD8E9D95", "name_en": "巣鴨", "name_ja": "巣鴨", "label_rank": 92, "tags": ["tokyo", "v3"]}}, {"type": "Feature", "bbox": [139.74035, 35.73372, 139.74035, 35.73372], "geometry": {"type": "Point", "coordinates": [139.74035, 35.73372]}, "properties": {"id": "PS_566D23B98022", "station_group_id": "SG_BEC6CD8E9D95", "name_en": "巣鴨", "name_ja": "巣鴨", "label_rank": 92, "tags": ["tokyo", "v3"]}}, {"type": "Feature", "bbox": [139.72791, 35.73516, 139.72791, 35.73516], "geometry": {"type": "Point", "coordinates": [139.72791, 35.73516]}, "properties": {"id": "PS_941CA34596D3", "station_group_id": "SG_AA8438E5B0E1", "name_en": "巣鴨新田", "name_ja": "巣鴨新田", "label_rank": 72, "tags": ["tokyo", "v3"]}}, {"type": "Feature", "bbox": [139.736285, 35.692935, 139.736285, 35.692935], "geometry": {"type": "Point", "coordinates": [139.736285, 35.692935]}, "properties": {"id": "PS_227F7B0070EC", "station_group_id": "SG_A913567A8DF2", "name_en": "市ヶ谷", "name_ja": "市ヶ谷", "label_rank": 92, "tags": ["tokyo", "v3"]}}, {"type": "Feature", "bbox": [139.736885, 35.69258, 139.736885, 35.69258], "geometry": {"type": "Point", "coordinates": [139.736885, 35.69258]}, "properties": {"id": "PS_FC8F4047F90F", "station_group_id": "SG_A913567A8DF2", "name_en": "市ヶ谷", "name_ja": "市ヶ谷", "label_rank": 92, "tags": ["tokyo", "v3"]}}, {"type": "Feature", "bbox": [139.73738500000002, 35.691455000000005, 139.73738500000002, 35.691455000000005], "geometry": {"type": "Point", "coordinates": [139.73738500000002, 35.691455000000005]}, "properties": {"id": "PS_C21BF55F8F65", "station_group_id": "SG_A913567A8DF2", "name_en": "市ヶ谷", "name_ja": "市ヶ谷", "label_rank": 92, "tags": ["tokyo", "v3"]}}, {"type": "Feature", "bbox": [139.73532, 35.691154999999995, 139.73532, 35.691154999999995], "geometry": {"type": "Point", "coordinates": [139.73532, 35.691154999999995]}, "properties": {"id": "PS_502C9BD19AEB", "station_group_id": "SG_A913567A8DF2", "name_en": "市ヶ谷", "name_ja": "市ヶ谷", "label_rank": 92, "tags": ["tokyo", "v3"]}}, {"type": "Feature", "bbox": [139.67772000000002, 35.67676, 139.67772000000002, 35.67676], "geometry": {"type": "Point", "coordinates": [139.67772000000002, 35.67676]}, "properties": {"id": "PS_83F4502E60D4", "station_group_id": "SG_891E89D91CD2", "name_en": "幡ヶ谷", "name_ja": "幡ヶ谷", "label_rank": 72, "tags": ["tokyo", "v3"]}}, {"type": "Feature", "bbox": [139.84238499999998, 35.706450000000004, 139.84238499999998, 35.706450000000004], "geometry": {"type": "Point", "coordinates": [139.84238499999998, 35.706450000000004]}, "properties": {"id": "PS_C5DD53FC47D3", "station_group_id": "SG_C2B1E8C2A380", "name_en": "平井", "name_ja": "平井", "label_rank": 72, "tags": ["tokyo", "v3"]}}, {"type": "Feature", "bbox": [139.65429999999998, 35.757554999999996, 139.65429999999998, 35.757554999999996], "geometry": {"type": "Point", "coordinates": [139.65429999999998, 35.757554999999996]}, "properties": {"id": "PS_42F872617AB0", "station_group_id": "SG_4AE1E2F91CE1", "name_en": "平和台", "name_ja": "平和台", "label_rank": 72, "tags": ["tokyo", "v3"]}}, {"type": "Feature", "bbox": [139.729555, 35.739125, 139.729555, 35.739125], "geometry": {"type": "Point", "coordinates": [139.729555, 35.739125]}, "properties": {"id": "PS_D1E6AA1C376D", "station_group_id": "SG_D08F834C4FD3", "name_en": "庚申塚", "name_ja": "庚申塚", "label_rank": 72, "tags": ["tokyo", "v3"]}}, {"type": "Feature", "bbox": [139.75086, 35.70731, 139.75086, 35.70731], "geometry": {"type": "Point", "coordinates": [139.75086, 35.70731]}, "properties": {"id": "PS_F33C5519EEC6", "station_group_id": "SG_A1AD0B9FD3DA", "name_en": "後楽園", "name_ja": "後楽園", "label_rank": 92, "tags": ["tokyo", "v3"]}}, {"type": "Feature", "bbox": [139.75178499999998, 35.70839, 139.75178499999998, 35.70839], "geometry": {"type": "Point", "coordinates": [139.75178499999998, 35.70839]}, "properties": {"id": "PS_C7108C97171B", "station_group_id": "SG_A1AD0B9FD3DA", "name_en": "後楽園", "name_ja": "後楽園", "label_rank": 92, "tags": ["tokyo", "v3"]}}, {"type": "Feature", "bbox": [139.77471500000001, 35.707195, 139.77471500000001, 35.707195], "geometry": {"type": "Point", "coordinates": [139.77471500000001, 35.707195]}, "properties": {"id": "PS_CD70F5E30C93", "station_group_id": "SG_1CDA2C0977E4", "name_en": "御徒町", "name_ja": "御徒町", "label_rank": 72, "tags": ["tokyo", "v3"]}}, {"type": "Feature", "bbox": [139.764405, 35.70043, 139.764405, 35.70043], "geometry": {"type": "Point", "coordinates": [139.764405, 35.70043]}, "properties": {"id": "PS_B60A960CC7B4", "station_group_id": "SG_D48FD0350CC8", "name_en": "御茶ノ水", "name_ja": "御茶ノ水", "label_rank": 92, "tags": ["tokyo", "v3"]}}, {"type": "Feature", "bbox": [139.76503000000002, 35.699605000000005, 139.76503000000002, 35.699605000000005], "geometry": {"type": "Point", "coordinates": [139.76503000000002, 35.699605000000005]}, "properties": {"id": "PS_313C7CDE8A02", "station_group_id": "SG_D48FD0350CC8", "name_en": "御茶ノ水", "name_ja": "御茶ノ水", "label_rank": 92, "tags": ["tokyo", "v3"]}}, {"type": "Feature", "bbox": [139.76503000000002, 35.699605000000005, 139.76503000000002, 35.699605000000005], "geometry": {"type": "Point", "coordinates": [139.76503000000002, 35.699605000000005]}, "properties": {"id": "PS_26BE64F14113", "station_group_id": "SG_D48FD0350CC8", "name_en": "御茶ノ水", "name_ja": "御茶ノ水", "label_rank": 92, "tags": ["tokyo", "v3"]}}, {"type": "Feature", "bbox": [139.5753, 35.82217, 139.5753, 35.82217], "geometry": {"type": "Point", "coordinates": [139.5753, 35.82217]}, "properties": {"id": "PS_91A24DD6C460", "station_group_id": "SG_BA5A2F6B7D4E", "name_en": "志木", "name_ja": "志木", "label_rank": 92, "tags": ["tokyo", "v3"]}}, {"type": "Feature", "bbox": [139.68586, 35.777465, 139.68586, 35.777465], "geometry": {"type": "Point", "coordinates": [139.68586, 35.777465]}, "properties": {"id": "PS_91EF4AEB9A32", "station_group_id": "SG_A1DFD4069960", "name_en": "志村三丁目", "name_ja": "志村三丁目", "label_rank": 72, "tags": ["tokyo", "v3"]}}, {"type": "Feature", "bbox": [139.69473, 35.77634, 139.69473, 35.77634], "geometry": {"type": "Point", "coordinates": [139.69473, 35.77634]}, "properties": {"id": "PS_8D8CF0ED2784", "station_group_id": "SG_52E093B9849E", "name_en": "志村坂上", "name_ja": "志村坂上", "label_rank": 72, "tags": ["tokyo", "v3"]}}, {"type": "Feature", "bbox": [139.73250000000002, 35.778025, 139.73250000000002, 35.778025], "geometry": {"type": "Point", "coordinates": [139.73250000000002, 35.778025]}, "properties": {"id": "PS_3CAE64F66261", "station_group_id": "SG_585752FD1728", "name_en": "志茂", "name_ja": "志茂", "label_rank": 72, "tags": ["tokyo", "v3"]}}, {"type": "Feature", "bbox": [139.63294, 35.77756, 139.63294, 35.77756], "geometry": {"type": "Point", "coordinates": [139.63294, 35.77756]}, "properties": {"id": "PS_BA2477D76A03", "station_group_id": "SG_EEDF3E53CAEB", "name_en": "成増", "name_ja": "成増", "label_rank": 72, "tags": ["tokyo", "v3"]}}, {"type": "Feature", "bbox": [139.75377500000002, 35.85907, 139.75377500000002, 35.85907], "geometry": {"type": "Point", "coordinates": [139.75377500000002, 35.85907]}, "properties": {"id": "PS_1CDE4C6974CF", "station_group_id": "SG_8A8C1C53D83D", "name_en": "戸塚安行", "name_ja": "戸塚安行", "label_rank": 72, "tags": ["tokyo", "v3"]}}, {"type": "Feature", "bbox": [139.66960999999998, 35.817595, 139.66960999999998, 35.817595], "geometry": {"type": "Point", "coordinates": [139.66960999999998, 35.817595]}, "properties": {"id": "PS_CB4B7575B22A", "station_group_id": "SG_143CDAE5FA25", "name_en": "戸田", "name_ja": "戸田", "label_rank": 72, "tags": ["tokyo", "v3"]}}, {"type": "Feature", "bbox": [139.67835000000002, 35.807765, 139.67835000000002, 35.807765], "geometry": {"type": "Point", "coordinates": [139.67835000000002, 35.807765]}, "properties": {"id": "PS_DFDB0D7D570B", "station_group_id": "SG_08F5B54367E8", "name_en": "戸田公園", "name_ja": "戸田公園", "label_rank": 72, "tags": ["tokyo", "v3"]}}, {"type": "Feature", "bbox": [139.77085, 35.764134999999996, 139.77085, 35.764134999999996], "geometry": {"type": "Point", "coordinates": [139.77085, 35.764134999999996]}, "properties": {"id": "PS_FABC40064959", "station_group_id": "SG_2378C0B63BF4", "name_en": "扇大橋", "name_ja": "扇大橋", "label_rank": 72, "tags": ["tokyo", "v3"]}}, {"type": "Feature", "bbox": [139.81241, 35.71022, 139.81241, 35.71022], "geometry": {"type": "Point", "coordinates": [139.81241, 35.71022]}, "properties": {"id": "PS_C16623917353", "station_group_id": "SG_D2F5176AA023", "name_en": "押上", "name_ja": "押上", "label_rank": 92, "tags": ["tokyo", "v3"]}}, {"type": "Feature", "bbox": [139.81375000000003, 35.70847, 139.81375000000003, 35.70847], "geometry": {"type": "Point", "coordinates": [139.81375000000003, 35.70847]}, "properties": {"id": "PS_5FDD0AA37254", "station_group_id": "SG_D2F5176AA023", "name_en": "押上", "name_ja": "押上", "label_rank": 92, "tags": ["tokyo", "v3"]}}, {"type": "Feature", "bbox": [139.81241, 35.71022, 139.81241, 35.71022], "geometry": {"type": "Point", "coordinates": [139.81241, 35.71022]}, "properties": {"id": "PS_018AAECDB21F", "station_group_id": "SG_D2F5176AA023", "name_en": "押上", "name_ja": "押上", "label_rank": 92, "tags": ["tokyo", "v3"]}}, {"type": "Feature", "bbox": [139.81375000000003, 35.70847, 139.81375000000003, 35.70847], "geometry": {"type": "Point", "coordinates": [139.81375000000003, 35.70847]}, "properties": {"id": "PS_C9CB8DDD43DA", "station_group_id": "SG_D2F5176AA023", "name_en": "押上", "name_ja": "押上", "label_rank": 92, "tags": ["tokyo", "v3"]}}, {"type": "Feature", "bbox": [139.56497, 35.916965, 139.56497, 35.916965], "geometry": {"type": "Point", "coordinates": [139.56497, 35.916965]}, "properties": {"id": "PS_2CBDABCE7910", "station_group_id": "SG_15973DE31296", "name_en": "指扇", "name_ja": "指扇", "label_rank": 72, "tags": ["tokyo", "v3"]}}, {"type": "Feature", "bbox": [139.77405, 35.737269999999995, 139.77405, 35.737269999999995], "geometry": {"type": "Point", "coordinates": [139.77405, 35.737269999999995]}, "properties": {"id": "PS_2117991E75D9", "station_group_id": "SG_781557168AAA", "name_en": "新三河島", "name_ja": "新三河島", "label_rank": 72, "tags": ["tokyo", "v3"]}}, {"type": "Feature", "bbox": [139.66951, 35.697475, 139.66951, 35.697475], "geometry": {"type": "Point", "coordinates": [139.66951, 35.697475]}, "properties": {"id": "PS_91ED059AFB26", "station_group_id": "SG_7D9D067BB6A1", "name_en": "新中野", "name_ja": "新中野", "label_rank": 72, "tags": ["tokyo", "v3"]}}, {"type": "Feature", "bbox": [139.738115, 35.84295, 139.738115, 35.84295], "geometry": {"type": "Point", "coordinates": [139.738115, 35.84295]}, "properties": {"id": "PS_AC333F8F5004", "station_group_id": "SG_CF46E5188674", "name_en": "新井宿", "name_ja": "新井宿", "label_rank": 72, "tags": ["tokyo", "v3"]}}, {"type": "Feature", "bbox": [139.672595, 35.715785, 139.672595, 35.715785], "geometry": {"type": "Point", "coordinates": [139.672595, 35.715785]}, "properties": {"id": "PS_E3D23E9CA0D6", "station_group_id": "SG_BF2C5A6CF132", "name_en": "新井薬師前", "name_ja": "新井薬師前", "label_rank": 72, "tags": ["tokyo", "v3"]}}, {"type": "Feature", "bbox": [139.700255, 35.70093, 139.700255, 35.70093], "geometry": {"type": "Point", "coordinates": [139.700255, 35.70093]}, "properties": {"id": "PS_27102771B776", "station_group_id": "SG_7A8BEAD4A2DF", "name_en": "新大久保", "name_ja": "新大久保", "label_rank": 72, "tags": ["tokyo", "v3"]}}, {"type": "Feature", "bbox": [139.729355, 35.72613, 139.729355, 35.72613], "geometry": {"type": "Point", "coordinates": [139.729355, 35.72613]}, "properties": {"id": "PS_567B3BD52AA9", "station_group_id": "SG_2FEDDF67D7E9", "name_en": "新大塚", "name_ja": "新大塚", "label_rank": 72, "tags": ["tokyo", "v3"]}}, {"type": "Feature", "bbox": [139.69921, 35.689985, 139.69921, 35.689985], "geometry": {"type": "Point", "coordinates": [139.69921, 35.689985]}, "properties": {"id": "PS_15008BC5AEB4", "station_group_id": "SG_SHINJUKU", "name_en": "新宿", "name_ja": "新宿", "label_rank": 100, "tags": ["tokyo", "v3"]}}, {"type": "Feature", "bbox": [139.69861500000002, 35.68843, 139.69861500000002, 35.68843], "geometry": {"type": "Point", "coordinates": [139.69861500000002, 35.68843]}, "properties": {"id": "PS_AC9E211285F5", "station_group_id": "SG_SHINJUKU", "name_en": "新宿", "name_ja": "新宿", "label_rank": 100, "tags": ["tokyo", "v3"]}}, {"type": "Feature", "bbox": [139.699675, 35.69118, 139.699675, 35.69118], "geometry": {"type": "Point", "coordinates": [139.699675, 35.69118]}, "properties": {"id": "PS_0D6AC3286D8C", "station_group_id": "SG_SHINJUKU", "name_en": "新宿", "name_ja": "新宿", "label_rank": 100, "tags": ["tokyo", "v3"]}}, {"type": "Feature", "bbox": [139.700545, 35.69243, 139.700545, 35.69243], "geometry": {"type": "Point", "coordinates": [139.700545, 35.69243]}, "properties": {"id": "PS_7C3D396E79DA", "station_group_id": "SG_SHINJUKU", "name_en": "新宿", "name_ja": "新宿", "label_rank": 100, "tags": ["tokyo", "v3"]}}, {"type": "Feature", "bbox": [139.69861500000002, 35.68843, 139.69861500000002, 35.68843], "geometry": {"type": "Point", "coordinates": [139.69861500000002, 35.68843]}, "properties": {"id": "PS_79733AA25EEC", "station_group_id": "SG_SHINJUKU", "name_en": "新宿", "name_ja": "新宿", "label_rank": 100, "tags": ["tokyo", "v3"]}}, {"type": "Feature", "bbox": [139.69935, 35.687625, 139.69935, 35.687625], "geometry": {"type": "Point", "coordinates": [139.69935, 35.687625]}, "properties": {"id": "PS_B86956CAFDB7", "station_group_id": "SG_SHINJUKU", "name_en": "新宿", "name_ja": "新宿", "label_rank": 100, "tags": ["tokyo", "v3"]}}, {"type": "Feature", "bbox": [139.70014, 35.690465, 139.70014, 35.690465], "geometry": {"type": "Point", "coordinates": [139.70014, 35.690465]}, "properties": {"id": "PS_C4175A829215", "station_group_id": "SG_SHINJUKU", "name_en": "新宿", "name_ja": "新宿", "label_rank": 100, "tags": ["tokyo", "v3"]}}, {"type": "Feature", "bbox": [139.70032, 35.69081, 139.70032, 35.69081], "geometry": {"type": "Point", "coordinates": [139.70032, 35.69081]}, "properties": {"id": "PS_F1025365894B", "station_group_id": "SG_SHINJUKU", "name_en": "新宿", "name_ja": "新宿", "label_rank": 100, "tags": ["tokyo", "v3"]}}, {"type": "Feature", "bbox": [139.70092499999998, 35.688925, 139.70092499999998, 35.688925], "geometry": {"type": "Point", "coordinates": [139.70092499999998, 35.688925]}, "properties": {"id": "PS_31641085A789", "station_group_id": "SG_SHINJUKU", "name_en": "新宿", "name_ja": "新宿", "label_rank": 100, "tags": ["tokyo", "v3"]}}, {"type": "Feature", "bbox": [139.70122, 35.68921, 139.70122, 35.68921], "geometry": {"type": "Point", "coordinates": [139.70122, 35.68921]}, "properties": {"id": "PS_C6907F87C689", "station_group_id": "SG_SHINJUKU", "name_en": "新宿", "name_ja": "新宿", "label_rank": 100, "tags": ["tokyo", "v3"]}}, {"type": "Feature", "bbox": [139.700615, 35.69019, 139.700615, 35.69019], "geometry": {"type": "Point", "coordinates": [139.700615, 35.69019]}, "properties": {"id": "PS_04EBF4699233", "station_group_id": "SG_SHINJUKU", "name_en": "新宿", "name_ja": "新宿", "label_rank": 100, "tags": ["tokyo", "v3"]}}, {"type": "Feature", "bbox": [139.70421, 35.69118, 139.70421, 35.69118], "geometry": {"type": "Point", "coordinates": [139.70421, 35.69118]}, "properties": {"id": "PS_85896AEDA5A9", "station_group_id": "SG_8B0ED11EC606", "name_en": "新宿三丁目", "name_ja": "新宿三丁目", "label_rank": 92, "tags": ["tokyo", "v3"]}}, {"type": "Feature", "bbox": [139.706535, 35.690839999999994, 139.706535, 35.690839999999994], "geometry": {"type": "Point", "coordinates": [139.706535, 35.690839999999994]}, "properties": {"id": "PS_189CE5E7A724", "station_group_id": "SG_8B0ED11EC606", "name_en": "新宿三丁目", "name_ja": "新宿三丁目", "label_rank": 92, "tags": ["tokyo", "v3"]}}, {"type": "Feature", "bbox": [139.704905, 35.690605, 139.704905, 35.690605], "geometry": {"type": "Point", "coordinates": [139.704905, 35.690605]}, "properties": {"id": "PS_ACA353450235", "station_group_id": "SG_8B0ED11EC606", "name_en": "新宿三丁目", "name_ja": "新宿三丁目", "label_rank": 92, "tags": ["tokyo", "v3"]}}, {"type": "Feature", "bbox": [139.710915, 35.688525, 139.710915, 35.688525], "geometry": {"type": "Point", "coordinates": [139.710915, 35.688525]}, "properties": {"id": "PS_BD9FFBD962EE", "station_group_id": "SG_859D1FD3696E", "name_en": "新宿御苑前", "name_ja": "新宿御苑前", "label_rank": 72, "tags": ["tokyo", "v3"]}}, {"type": "Feature", "bbox": [139.69916, 35.693160000000006, 139.69916, 35.693160000000006], "geometry": {"type": "Point", "coordinates": [139.69916, 35.693160000000006]}, "properties": {"id": "PS_2F8B62135037", "station_group_id": "SG_F69CE032C55A", "name_en": "新宿西口", "name_ja": "新宿西口", "label_rank": 72, "tags": ["tokyo", "v3"]}}, {"type": "Feature", "bbox": [139.73035, 35.741105000000005, 139.73035, 35.741105000000005], "geometry": {"type": "Point", "coordinates": [139.73035, 35.741105000000005]}, "properties": {"id": "PS_CBBFE5CE5F5C", "station_group_id": "SG_E8AE00EB1C42", "name_en": "新庚申塚", "name_ja": "新庚申塚", "label_rank": 72, "tags": ["tokyo", "v3"]}}, {"type": "Feature", "bbox": [139.78234, 35.70688, 139.78234, 35.70688], "geometry": {"type": "Point", "coordinates": [139.78234, 35.70688]}, "properties": {"id": "PS_7E2E71DBEAEA", "station_group_id": "SG_4D2452462843", "name_en": "新御徒町", "name_ja": "新御徒町", "label_rank": 92, "tags": ["tokyo", "v3"]}}, {"type": "Feature", "bbox": [139.78191, 35.707004999999995, 139.78191, 35.707004999999995], "geometry": {"type": "Point", "coordinates": [139.78191, 35.707004999999995]}, "properties": {"id": "PS_3BDA471A7BEA", "station_group_id": "SG_4D2452462843", "name_en": "新御徒町", "name_ja": "新御徒町", "label_rank": 92, "tags": ["tokyo", "v3"]}}, {"type": "Feature", "bbox": [139.76545, 35.696925, 139.76545, 35.696925], "geometry": {"type": "Point", "coordinates": [139.76545, 35.696925]}, "properties": {"id": "PS_6E5DEC9426CA", "station_group_id": "SG_9DE12DAE3776", "name_en": "新御茶ノ水", "name_ja": "新御茶ノ水", "label_rank": 72, "tags": ["tokyo", "v3"]}}, {"type": "Feature", "bbox": [139.774295, 35.68904, 139.774295, 35.68904], "geometry": {"type": "Point", "coordinates": [139.774295, 35.68904]}, "properties": {"id": "PS_EAA08724CFA0", "station_group_id": "SG_532032A8CB70", "name_en": "新日本橋", "name_ja": "新日本橋", "label_rank": 72, "tags": ["tokyo", "v3"]}}, {"type": "Feature", "bbox": [139.71936499999998, 35.74884, 139.71936499999998, 35.74884], "geometry": {"type": "Point", "coordinates": [139.71936499999998, 35.74884]}, "properties": {"id": "PS_20E1F8EB2A84", "station_group_id": "SG_608C176071D7", "name_en": "新板橋", "name_ja": "新板橋", "label_rank": 72, "tags": ["tokyo", "v3"]}}, {"type": "Feature", "bbox": [139.66865, 35.74104, 139.66865, 35.74104], "geometry": {"type": "Point", "coordinates": [139.66865, 35.74104]}, "properties": {"id": "PS_4DD89B31F494", "station_group_id": "SG_FE66674B9C72", "name_en": "新桜台", "name_ja": "新桜台", "label_rank": 92, "tags": ["tokyo", "v3"]}}, {"type": "Feature", "bbox": [139.670565, 35.73249, 139.670565, 35.73249], "geometry": {"type": "Point", "coordinates": [139.670565, 35.73249]}, "properties": {"id": "PS_3F49DD4FB57D", "station_group_id": "SG_943CF1956432", "name_en": "新江古田", "name_ja": "新江古田", "label_rank": 72, "tags": ["tokyo", "v3"]}}, {"type": "Feature", "bbox": [139.795425, 35.85411, 139.795425, 35.85411], "geometry": {"type": "Point", "coordinates": [139.795425, 35.85411]}, "properties": {"id": "PS_6CA4C4362D68", "station_group_id": "SG_16B6358F85D9", "name_en": "新田", "name_ja": "新田", "label_rank": 72, "tags": ["tokyo", "v3"]}}, {"type": "Feature", "bbox": [139.789815, 35.875565, 139.789815, 35.875565], "geometry": {"type": "Point", "coordinates": [139.789815, 35.875565]}, "properties": {"id": "PS_D5C1A8F5794B", "station_group_id": "SG_4D18A9E6BB67", "name_en": "新越谷", "name_ja": "新越谷", "label_rank": 92, "tags": ["tokyo", "v3"]}}, {"type": "Feature", "bbox": [139.64851, 35.69786, 139.64851, 35.69786], "geometry": {"type": "Point", "coordinates": [139.64851, 35.69786]}, "properties": {"id": "PS_0EDBD6019606", "station_group_id": "SG_99BB8D0F2EF2", "name_en": "新高円寺", "name_ja": "新高円寺", "label_rank": 72, "tags": ["tokyo", "v3"]}}, {"type": "Feature", "bbox": [139.65433000000002, 35.79022, 139.65433000000002, 35.79022], "geometry": {"type": "Point", "coordinates": [139.65433000000002, 35.79022]}, "properties": {"id": "PS_4F6E6A04CCE4", "station_group_id": "SG_2DE357911857", "name_en": "新高島平", "name_ja": "新高島平", "label_rank": 72, "tags": ["tokyo", "v3"]}}, {"type": "Feature", "bbox": [139.657935, 35.683515, 139.657935, 35.683515], "geometry": {"type": "Point", "coordinates": [139.657935, 35.683515]}, "properties": {"id": "PS_ED54FCBFE86F", "station_group_id": "SG_63C3AFFD2E46", "name_en": "方南町", "name_ja": "方南町", "label_rank": 72, "tags": ["tokyo", "v3"]}}, {"type": "Feature", "bbox": [139.771505, 35.72801, 139.771505, 35.72801], "geometry": {"type": "Point", "coordinates": [139.771505, 35.72801]}, "properties": {"id": "PS_7A0261257EBC", "station_group_id": "SG_382950C1D4AB", "name_en": "日暮里", "name_ja": "日暮里", "label_rank": 100, "tags": ["tokyo", "v3"]}}, {"type": "Feature", "bbox": [139.771325, 35.727869999999996, 139.771325, 35.727869999999996], "geometry": {"type": "Point", "coordinates": [139.771325, 35.727869999999996]}, "properties": {"id": "PS_557FD31FD743", "station_group_id": "SG_382950C1D4AB", "name_en": "日暮里", "name_ja": "日暮里", "label_rank": 100, "tags": ["tokyo", "v3"]}}, {"type": "Feature", "bbox": [139.771325, 35.727869999999996, 139.771325, 35.727869999999996], "geometry": {"type": "Point", "coordinates": [139.771325, 35.727869999999996]}, "properties": {"id": "PS_E3B6F627FA93", "station_group_id": "SG_382950C1D4AB", "name_en": "日暮里", "name_ja": "日暮里", "label_rank": 100, "tags": ["tokyo", "v3"]}}, {"type": "Feature", "bbox": [139.771015, 35.727329999999995, 139.771015, 35.727329999999995], "geometry": {"type": "Point", "coordinates": [139.771015, 35.727329999999995]}, "properties": {"id": "PS_A5F8E3E242B7", "station_group_id": "SG_382950C1D4AB", "name_en": "日暮里", "name_ja": "日暮里", "label_rank": 100, "tags": ["tokyo", "v3"]}}, {"type": "Feature", "bbox": [139.77116, 35.728795000000005, 139.77116, 35.728795000000005], "geometry": {"type": "Point", "coordinates": [139.77116, 35.728795000000005]}, "properties": {"id": "PS_D5569634F51A", "station_group_id": "SG_382950C1D4AB", "name_en": "日暮里", "name_ja": "日暮里", "label_rank": 100, "tags": ["tokyo", "v3"]}}, {"type": "Feature", "bbox": [139.773335, 35.68188, 139.773335, 35.68188], "geometry": {"type": "Point", "coordinates": [139.773335, 35.68188]}, "properties": {"id": "PS_DD12C3CDC61E", "station_group_id": "SG_2D29869DF1F4", "name_en": "日本橋", "name_ja": "日本橋", "label_rank": 92, "tags": ["tokyo", "v3"]}}, {"type": "Feature", "bbox": [139.7741, 35.682375, 139.7741, 35.682375], "geometry": {"type": "Point", "coordinates": [139.7741, 35.682375]}, "properties": {"id": "PS_2FDB8C508EF5", "station_group_id": "SG_2D29869DF1F4", "name_en": "日本橋", "name_ja": "日本橋", "label_rank": 92, "tags": ["tokyo", "v3"]}}, {"type": "Feature", "bbox": [139.77577000000002, 35.68159, 139.77577000000002, 35.68159], "geometry": {"type": "Point", "coordinates": [139.77577000000002, 35.68159]}, "properties": {"id": "PS_D613968D8703", "station_group_id": "SG_2D29869DF1F4", "name_en": "日本橋", "name_ja": "日本橋", "label_rank": 92, "tags": ["tokyo", "v3"]}}, {"type": "Feature", "bbox": [139.7606, 35.67427, 139.7606, 35.67427], "geometry": {"type": "Point", "coordinates": [139.7606, 35.67427]}, "properties": {"id": "PS_9B15E49F4716", "station_group_id": "SG_3EDCF1493E85", "name_en": "日比谷", "name_ja": "日比谷", "label_rank": 92, "tags": ["tokyo", "v3"]}}, {"type": "Feature", "bbox": [139.75876499999998, 35.673955, 139.75876499999998, 35.673955], "geometry": {"type": "Point", "coordinates": [139.75876499999998, 35.673955]}, "properties": {"id": "PS_1610A9618F4D", "station_group_id": "SG_3EDCF1493E85", "name_en": "日比谷", "name_ja": "日比谷", "label_rank": 92, "tags": ["tokyo", "v3"]}}, {"type": "Feature", "bbox": [139.76014500000002, 35.67662, 139.76014500000002, 35.67662], "geometry": {"type": "Point", "coordinates": [139.76014500000002, 35.67662]}, "properties": {"id": "PS_FE0989BFF70F", "station_group_id": "SG_3EDCF1493E85", "name_en": "日比谷", "name_ja": "日比谷", "label_rank": 92, "tags": ["tokyo", "v3"]}}, {"type": "Feature", "bbox": [139.72219, 35.70568, 139.72219, 35.70568], "geometry": {"type": "Point", "coordinates": [139.72219, 35.70568]}, "properties": {"id": "PS_885C65478CCB", "station_group_id": "SG_D8822F878CF1", "name_en": "早稲田", "name_ja": "早稲田", "label_rank": 92, "tags": ["tokyo", "v3"]}}, {"type": "Feature", "bbox": [139.719055, 35.711875, 139.719055, 35.711875], "geometry": {"type": "Point", "coordinates": [139.719055, 35.711875]}, "properties": {"id": "PS_8CDD49458005", "station_group_id": "SG_D8822F878CF1", "name_en": "早稲田", "name_ja": "早稲田", "label_rank": 92, "tags": ["tokyo", "v3"]}}, {"type": "Feature", "bbox": [139.753245, 35.70995, 139.753245, 35.70995], "geometry": {"type": "Point", "coordinates": [139.753245, 35.70995]}, "properties": {"id": "PS_EA072645DF81", "station_group_id": "SG_4DD54ADA7410", "name_en": "春日", "name_ja": "春日", "label_rank": 92, "tags": ["tokyo", "v3"]}}, {"type": "Feature", "bbox": [139.75217, 35.708495, 139.75217, 35.708495], "geometry": {"type": "Point", "coordinates": [139.75217, 35.708495]}, "properties": {"id": "PS_90C942A67E11", "station_group_id": "SG_4DD54ADA7410", "name_en": "春日", "name_ja": "春日", "label_rank": 92, "tags": ["tokyo", "v3"]}}, {"type": "Feature", "bbox": [139.72258, 35.69233, 139.72258, 35.69233], "geometry": {"type": "Point", "coordinates": [139.72258, 35.69233]}, "properties": {"id": "PS_2E7C8C10003B", "station_group_id": "SG_54A7EAEF3D11", "name_en": "曙橋", "name_ja": "曙橋", "label_rank": 72, "tags": ["tokyo", "v3"]}}, {"type": "Feature", "bbox": [139.81667499999998, 35.71831, 139.81667499999998, 35.71831], "geometry": {"type": "Point", "coordinates": [139.81667499999998, 35.71831]}, "properties": {"id": "PS_9F8EF0C1B24D", "station_group_id": "SG_7C52D3965F09", "name_en": "曳舟", "name_ja": "曳舟", "label_rank": 92, "tags": ["tokyo", "v3"]}}, {"type": "Feature", "bbox": [139.81667499999998, 35.71831, 139.81667499999998, 35.71831], "geometry": {"type": "Point", "coordinates": [139.81667499999998, 35.71831]}, "properties": {"id": "PS_9821870CBBB4", "station_group_id": "SG_7C52D3965F09", "name_en": "曳舟", "name_ja": "曳舟", "label_rank": 92, "tags": ["tokyo", "v3"]}}, {"type": "Feature", "bbox": [139.762285, 35.67597, 139.762285, 35.67597], "geometry": {"type": "Point", "coordinates": [139.762285, 35.67597]}, "properties": {"id": "PS_1DC56A5C03C3", "station_group_id": "SG_6073984172D3", "name_en": "有楽町", "name_ja": "有楽町", "label_rank": 100, "tags": ["tokyo", "v3"]}}, {"type": "Feature", "bbox": [139.76326, 35.67504, 139.76326, 35.67504], "geometry": {"type": "Point", "coordinates": [139.76326, 35.67504]}, "properties": {"id": "PS_5DF7E16163FF", "station_group_id": "SG_6073984172D3", "name_en": "有楽町", "name_ja": "有楽町", "label_rank": 100, "tags": ["tokyo", "v3"]}}, {"type": "Feature", "bbox": [139.6003, 35.796765, 139.6003, 35.796765], "geometry": {"type": "Point", "coordinates": [139.6003, 35.796765]}, "properties": {"id": "PS_E2D9281893F1", "station_group_id": "SG_30D4D9F9356A", "name_en": "朝霞", "name_ja": "朝霞", "label_rank": 92, "tags": ["tokyo", "v3"]}}, {"type": "Feature", "bbox": [139.5873, 35.814345, 139.5873, 35.814345], "geometry": {"type": "Point", "coordinates": [139.5873, 35.814345]}, "properties": {"id": "PS_93026C6DD588", "station_group_id": "SG_2F8A2E20E74A", "name_en": "朝霞台", "name_ja": "朝霞台", "label_rank": 92, "tags": ["tokyo", "v3"]}}, {"type": "Feature", "bbox": [139.771765, 35.702780000000004, 139.771765, 35.702780000000004], "geometry": {"type": "Point", "coordinates": [139.771765, 35.702780000000004]}, "properties": {"id": "PS_4B7DE901F3EF", "station_group_id": "SG_9338EDE263F9", "name_en": "末広町", "name_ja": "末広町", "label_rank": 72, "tags": ["tokyo", "v3"]}}, {"type": "Feature", "bbox": [139.80456, 35.708595, 139.80456, 35.708595], "geometry": {"type": "Point", "coordinates": [139.80456, 35.708595]}, "properties": {"id": "PS_487F1DF78E96", "station_group_id": "SG_C0FA7458F334", "name_en": "本所吾妻橋", "name_ja": "本所吾妻橋", "label_rank": 72, "tags": ["tokyo", "v3"]}}, {"type": "Feature", "bbox": [139.70211, 35.768985, 139.70211, 35.768985], "geometry": {"type": "Point", "coordinates": [139.70211, 35.768985]}, "properties": {"id": "PS_F97A1B948CAD", "station_group_id": "SG_73FE289CBE54", "name_en": "本蓮沼", "name_ja": "本蓮沼", "label_rank": 72, "tags": ["tokyo", "v3"]}}, {"type": "Feature", "bbox": [139.760135, 35.706705, 139.760135, 35.706705], "geometry": {"type": "Point", "coordinates": [139.760135, 35.706705]}, "properties": {"id": "PS_D6F0AA922182", "station_group_id": "SG_2BA48B16BEF6", "name_en": "本郷三丁目", "name_ja": "本郷三丁目", "label_rank": 92, "tags": ["tokyo", "v3"]}}, {"type": "Feature", "bbox": [139.760615, 35.70756, 139.760615, 35.70756], "geometry": {"type": "Point", "coordinates": [139.760615, 35.70756]}, "properties": {"id": "PS_2CE64D9B353B", "station_group_id": "SG_2BA48B16BEF6", "name_en": "本郷三丁目", "name_ja": "本郷三丁目", "label_rank": 92, "tags": ["tokyo", "v3"]}}, {"type": "Feature", "bbox": [139.753815, 35.724365, 139.753815, 35.724365], "geometry": {"type": "Point", "coordinates": [139.753815, 35.724365]}, "properties": {"id": "PS_FFDA9A344A77", "station_group_id": "SG_05C27EE118FD", "name_en": "本駒込", "name_ja": "本駒込", "label_rank": 72, "tags": ["tokyo", "v3"]}}, {"type": "Feature", "bbox": [139.831595, 35.707375, 139.831595, 35.707375], "geometry": {"type": "Point", "coordinates": [139.831595, 35.707375]}, "properties": {"id": "PS_B8F0F1A7F4D6", "station_group_id": "SG_05B12E03B77D", "name_en": "東あずま", "name_ja": "東あずま", "label_rank": 72, "tags": ["tokyo", "v3"]}}, {"type": "Feature", "bbox": [139.68325, 35.70737, 139.68325, 35.70737], "geometry": {"type": "Point", "coordinates": [139.68325, 35.70737]}, "properties": {"id": "PS_6F4CD6643168", "station_group_id": "SG_2394FE4A8977", "name_en": "東中野", "name_ja": "東中野", "label_rank": 92, "tags": ["tokyo", "v3"]}}, {"type": "Feature", "bbox": [139.68508, 35.70625, 139.68508, 35.70625], "geometry": {"type": "Point", "coordinates": [139.68508, 35.70625]}, "properties": {"id": "PS_93EC7A1976AB", "station_group_id": "SG_2394FE4A8977", "name_en": "東中野", "name_ja": "東中野", "label_rank": 92, "tags": ["tokyo", "v3"]}}, {"type": "Feature", "bbox": [139.767765, 35.681160000000006, 139.767765, 35.681160000000006], "geometry": {"type": "Point", "coordinates": [139.767765, 35.681160000000006]}, "properties": {"id": "PS_CF1B58C83F2C", "station_group_id": "SG_TOKYO", "name_en": "東京", "name_ja": "東京", "label_rank": 100, "tags": ["tokyo", "v3"]}}, {"type": "Feature", "bbox": [139.76479999999998, 35.681934999999996, 139.76479999999998, 35.681934999999996], "geometry": {"type": "Point", "coordinates": [139.76479999999998, 35.681934999999996]}, "properties": {"id": "PS_DEDF00C319C1", "station_group_id": "SG_TOKYO", "name_en": "東京", "name_ja": "東京", "label_rank": 100, "tags": ["tokyo", "v3"]}}, {"type": "Feature", "bbox": [139.76523500000002, 35.677685, 139.76523500000002, 35.677685], "geometry": {"type": "Point", "coordinates": [139.76523500000002, 35.677685]}, "properties": {"id": "PS_A1F10FDD5961", "station_group_id": "SG_TOKYO", "name_en": "東京", "name_ja": "東京", "label_rank": 100, "tags": ["tokyo", "v3"]}}, {"type": "Feature", "bbox": [139.76540999999997, 35.681715, 139.76540999999997, 35.681715], "geometry": {"type": "Point", "coordinates": [139.76540999999997, 35.681715]}, "properties": {"id": "PS_36ACD8ABF01F", "station_group_id": "SG_TOKYO", "name_en": "東京", "name_ja": "東京", "label_rank": 100, "tags": ["tokyo", "v3"]}}, {"type": "Feature", "bbox": [139.76743, 35.681195, 139.76743, 35.681195], "geometry": {"type": "Point", "coordinates": [139.76743, 35.681195]}, "properties": {"id": "PS_07F76D800196", "station_group_id": "SG_TOKYO", "name_en": "東京", "name_ja": "東京", "label_rank": 100, "tags": ["tokyo", "v3"]}}, {"type": "Feature", "bbox": [139.767205, 35.681245000000004, 139.767205, 35.681245000000004], "geometry": {"type": "Point", "coordinates": [139.767205, 35.681245000000004]}, "properties": {"id": "PS_A708C4D569AC", "station_group_id": "SG_TOKYO", "name_en": "東京", "name_ja": "東京", "label_rank": 100, "tags": ["tokyo", "v3"]}}, {"type": "Feature", "bbox": [139.76540999999997, 35.681715, 139.76540999999997, 35.681715], "geometry": {"type": "Point", "coordinates": [139.76540999999997, 35.681715]}, "properties": {"id": "PS_4D6E8756C121", "station_group_id": "SG_TOKYO", "name_en": "東京", "name_ja": "東京", "label_rank": 100, "tags": ["tokyo", "v3"]}}, {"type": "Feature", "bbox": [139.766685, 35.680965, 139.766685, 35.680965], "geometry": {"type": "Point", "coordinates": [139.766685, 35.680965]}, "properties": {"id": "PS_2F40B140D9C9", "station_group_id": "SG_TOKYO", "name_en": "東京", "name_ja": "東京", "label_rank": 100, "tags": ["tokyo", "v3"]}}, {"type": "Feature", "bbox": [139.767765, 35.681160000000006, 139.767765, 35.681160000000006], "geometry": {"type": "Point", "coordinates": [139.767765, 35.681160000000006]}, "properties": {"id": "PS_4456906F2D05", "station_group_id": "SG_TOKYO", "name_en": "東京", "name_ja": "東京", "label_rank": 100, "tags": ["tokyo", "v3"]}}, {"type": "Feature", "bbox": [139.766685, 35.680965, 139.766685, 35.680965], "geometry": {"type": "Point", "coordinates": [139.766685, 35.680965]}, "properties": {"id": "PS_BB3A69FCD5B4", "station_group_id": "SG_TOKYO", "name_en": "東京", "name_ja": "東京", "label_rank": 100, "tags": ["tokyo", "v3"]}}, {"type": "Feature", "bbox": [139.76743, 35.681195, 139.76743, 35.681195], "geometry": {"type": "Point", "coordinates": [139.76743, 35.681195]}, "properties": {"id": "PS_D6D2AB2A2BA2", "station_group_id": "SG_TOKYO", "name_en": "東京", "name_ja": "東京", "label_rank": 100, "tags": ["tokyo", "v3"]}}, {"type": "Feature", "bbox": [139.767205, 35.681245000000004, 139.767205, 35.681245000000004], "geometry": {"type": "Point", "coordinates": [139.767205, 35.681245000000004]}, "properties": {"id": "PS_FC99F60B1E2D", "station_group_id": "SG_TOKYO", "name_en": "東京", "name_ja": "東京", "label_rank": 100, "tags": ["tokyo", "v3"]}}, {"type": "Feature", "bbox": [139.56357500000001, 35.728755, 139.56357500000001, 35.728755], "geometry": {"type": "Point", "coordinates": [139.56357500000001, 35.728755]}, "properties": {"id": "PS_B2E72B2A9A11", "station_group_id": "SG_C27BE92E47BA", "name_en": "東伏見", "name_ja": "東伏見", "label_rank": 72, "tags": ["tokyo", "v3"]}}, {"type": "Feature", "bbox": [139.72675500000003, 35.763855, 139.72675500000003, 35.763855], "geometry": {"type": "Point", "coordinates": [139.72675500000003, 35.763855]}, "properties": {"id": "PS_D31DA3B330A0", "station_group_id": "SG_D4C23E318900", "name_en": "東十条", "name_ja": "東十条", "label_rank": 72, "tags": ["tokyo", "v3"]}}, {"type": "Feature", "bbox": [139.81933500000002, 35.724355, 139.81933500000002, 35.724355], "geometry": {"type": "Point", "coordinates": [139.81933500000002, 35.724355]}, "properties": {"id": "PS_8C316B313258", "station_group_id": "SG_EFDE8C3DB96C", "name_en": "東向島", "name_ja": "東向島", "label_rank": 72, "tags": ["tokyo", "v3"]}}, {"type": "Feature", "bbox": [139.75781999999998, 35.717985, 139.75781999999998, 35.717985], "geometry": {"type": "Point", "coordinates": [139.75781999999998, 35.717985]}, "properties": {"id": "PS_26EF11190F8F", "station_group_id": "SG_01445EBE1118", "name_en": "東大前", "name_ja": "東大前", "label_rank": 72, "tags": ["tokyo", "v3"]}}, {"type": "Feature", "bbox": [139.847265, 35.68979, 139.847265, 35.68979], "geometry": {"type": "Point", "coordinates": [139.847265, 35.68979]}, "properties": {"id": "PS_F9A2C87E9A5F", "station_group_id": "SG_9F734F1F3554", "name_en": "東大島", "name_ja": "東大島", "label_rank": 72, "tags": ["tokyo", "v3"]}}, {"type": "Feature", "bbox": [139.77384999999998, 35.745625, 139.77384999999998, 35.745625], "geometry": {"type": "Point", "coordinates": [139.77384999999998, 35.745625]}, "properties": {"id": "PS_DE051B2C1026", "station_group_id": "SG_D81582B72E98", "name_en": "東尾久三丁目", "name_ja": "東尾久三丁目", "label_rank": 72, "tags": ["tokyo", "v3"]}}, {"type": "Feature", "bbox": [139.74367, 35.87662, 139.74367, 35.87662], "geometry": {"type": "Point", "coordinates": [139.74367, 35.87662]}, "properties": {"id": "PS_AF53098DB67E", "station_group_id": "SG_6FA0C4C54F47", "name_en": "東川口", "name_ja": "東川口", "label_rank": 72, "tags": ["tokyo", "v3"]}}, {"type": "Feature", "bbox": [139.74403, 35.875164999999996, 139.74403, 35.875164999999996], "geometry": {"type": "Point", "coordinates": [139.74403, 35.875164999999996]}, "properties": {"id": "PS_BE3A37FB069C", "station_group_id": "SG_6FA0C4C54F47", "name_en": "東川口", "name_ja": "東川口", "label_rank": 72, "tags": ["tokyo", "v3"]}}, {"type": "Feature", "bbox": [139.70769, 35.697895, 139.70769, 35.697895], "geometry": {"type": "Point", "coordinates": [139.70769, 35.697895]}, "properties": {"id": "PS_B5371EAECD62", "station_group_id": "SG_E4CDA4B7E562", "name_en": "東新宿", "name_ja": "東新宿", "label_rank": 92, "tags": ["tokyo", "v3"]}}, {"type": "Feature", "bbox": [139.70783999999998, 35.69983, 139.70783999999998, 35.69983], "geometry": {"type": "Point", "coordinates": [139.70783999999998, 35.69983]}, "properties": {"id": "PS_954D2E4A06E7", "station_group_id": "SG_E4CDA4B7E562", "name_en": "東新宿", "name_ja": "東新宿", "label_rank": 92, "tags": ["tokyo", "v3"]}}, {"type": "Feature", "bbox": [139.7848, 35.69178, 139.7848, 35.69178], "geometry": {"type": "Point", "coordinates": [139.7848, 35.69178]}, "properties": {"id": "PS_E25A4629B8D0", "station_group_id": "SG_4D49180D9355", "name_en": "東日本橋", "name_ja": "東日本橋", "label_rank": 72, "tags": ["tokyo", "v3"]}}, {"type": "Feature", "bbox": [139.66254, 35.768649999999994, 139.66254, 35.768649999999994], "geometry": {"type": "Point", "coordinates": [139.66254, 35.768649999999994]}, "properties": {"id": "PS_E583CFA89332", "station_group_id": "SG_8CE75C0433BE", "name_en": "東武練馬", "name_ja": "東武練馬", "label_rank": 72, "tags": ["tokyo", "v3"]}}, {"type": "Feature", "bbox": [139.718865, 35.72595, 139.718865, 35.72595], "geometry": {"type": "Point", "coordinates": [139.718865, 35.72595]}, "properties": {"id": "PS_A4904E860805", "station_group_id": "SG_9C798A69B2AE", "name_en": "東池袋", "name_ja": "東池袋", "label_rank": 72, "tags": ["tokyo", "v3"]}}, {"type": "Feature", "bbox": [139.720735, 35.7255, 139.720735, 35.7255], "geometry": {"type": "Point", "coordinates": [139.720735, 35.7255]}, "properties": {"id": "PS_103E8C445B7B", "station_group_id": "SG_429FDBE36314", "name_en": "東池袋四丁目", "name_ja": "東池袋四丁目", "label_rank": 72, "tags": ["tokyo", "v3"]}}, {"type": "Feature", "bbox": [139.70447000000001, 35.864035, 139.70447000000001, 35.864035], "geometry": {"type": "Point", "coordinates": [139.70447000000001, 35.864035]}, "properties": {"id": "PS_A58C2D79D30A", "station_group_id": "SG_18BBE716F4F8", "name_en": "東浦和", "name_ja": "東浦和", "label_rank": 72, "tags": ["tokyo", "v3"]}}, {"type": "Feature", "bbox": [139.68318499999998, 35.729969999999994, 139.68318499999998, 35.729969999999994], "geometry": {"type": "Point", "coordinates": [139.68318499999998, 35.729969999999994]}, "properties": {"id": "PS_80E6BD440E5A", "station_group_id": "SG_85B3102266D3", "name_en": "東長崎", "name_ja": "東長崎", "label_rank": 72, "tags": ["tokyo", "v3"]}}, {"type": "Feature", "bbox": [139.658295, 35.697964999999996, 139.658295, 35.697964999999996], "geometry": {"type": "Point", "coordinates": [139.658295, 35.697964999999996]}, "properties": {"id": "PS_9849497E01A1", "station_group_id": "SG_DC9261D16F50", "name_en": "東高円寺", "name_ja": "東高円寺", "label_rank": 72, "tags": ["tokyo", "v3"]}}, {"type": "Feature", "bbox": [139.719175, 35.74499, 139.719175, 35.74499], "geometry": {"type": "Point", "coordinates": [139.719175, 35.74499]}, "properties": {"id": "PS_50F7EBEC0CD4", "station_group_id": "SG_9A7A0D276659", "name_en": "板橋", "name_ja": "板橋", "label_rank": 72, "tags": ["tokyo", "v3"]}}, {"type": "Feature", "bbox": [139.710055, 35.751305, 139.710055, 35.751305], "geometry": {"type": "Point", "coordinates": [139.710055, 35.751305]}, "properties": {"id": "PS_F12299A928C6", "station_group_id": "SG_228A0A095DB7", "name_en": "板橋区役所前", "name_ja": "板橋区役所前", "label_rank": 72, "tags": ["tokyo", "v3"]}}, {"type": "Feature", "bbox": [139.705605, 35.7611, 139.705605, 35.7611], "geometry": {"type": "Point", "coordinates": [139.705605, 35.7611]}, "properties": {"id": "PS_0584A1C97887", "station_group_id": "SG_76E979AD2E7E", "name_en": "板橋本町", "name_ja": "板橋本町", "label_rank": 72, "tags": ["tokyo", "v3"]}}, {"type": "Feature", "bbox": [139.74222, 35.75084, 139.74222, 35.75084], "geometry": {"type": "Point", "coordinates": [139.74222, 35.75084]}, "properties": {"id": "PS_71B3A29250D6", "station_group_id": "SG_9C3DB67BC926", "name_en": "栄町", "name_ja": "栄町", "label_rank": 72, "tags": ["tokyo", "v3"]}}, {"type": "Feature", "bbox": [139.76575000000003, 35.717325, 139.76575000000003, 35.717325], "geometry": {"type": "Point", "coordinates": [139.76575000000003, 35.717325]}, "properties": {"id": "PS_A08FE149CA8C", "station_group_id": "SG_4D0E1C771D78", "name_en": "根津", "name_ja": "根津", "label_rank": 72, "tags": ["tokyo", "v3"]}}, {"type": "Feature", "bbox": [139.6624, 35.738745, 139.6624, 35.738745], "geometry": {"type": "Point", "coordinates": [139.6624, 35.738745]}, "properties": {"id": "PS_4737E89EC755", "station_group_id": "SG_1D51A3778312", "name_en": "桜台", "name_ja": "桜台", "label_rank": 72, "tags": ["tokyo", "v3"]}}, {"type": "Feature", "bbox": [139.75188500000002, 35.677465, 139.75188500000002, 35.677465], "geometry": {"type": "Point", "coordinates": [139.75188500000002, 35.677465]}, "properties": {"id": "PS_0A62AB8529FC", "station_group_id": "SG_B2C85DDB462F", "name_en": "桜田門", "name_ja": "桜田門", "label_rank": 72, "tags": ["tokyo", "v3"]}}, {"type": "Feature", "bbox": [139.79807499999998, 35.772345, 139.79807499999998, 35.772345], "geometry": {"type": "Point", "coordinates": [139.79807499999998, 35.772345]}, "properties": {"id": "PS_6C8CE018E64A", "station_group_id": "SG_785CE98AAB0A", "name_en": "梅島", "name_ja": "梅島", "label_rank": 72, "tags": ["tokyo", "v3"]}}, {"type": "Feature", "bbox": [139.7473, 35.75107, 139.7473, 35.75107], "geometry": {"type": "Point", "coordinates": [139.7473, 35.75107]}, "properties": {"id": "PS_44875BA64C80", "station_group_id": "SG_F65E904275C1", "name_en": "梶原", "name_ja": "梶原", "label_rank": 72, "tags": ["tokyo", "v3"]}}, {"type": "Feature", "bbox": [139.79819500000002, 35.688055000000006, 139.79819500000002, 35.688055000000006], "geometry": {"type": "Point", "coordinates": [139.79819500000002, 35.688055000000006]}, "properties": {"id": "PS_BCCD1CEED6E0", "station_group_id": "SG_D0D03FEF0E37", "name_en": "森下", "name_ja": "森下", "label_rank": 92, "tags": ["tokyo", "v3"]}}, {"type": "Feature", "bbox": [139.7982, 35.688005000000004, 139.7982, 35.688005000000004], "geometry": {"type": "Point", "coordinates": [139.7982, 35.688005000000004]}, "properties": {"id": "PS_593B5FA158B8", "station_group_id": "SG_D0D03FEF0E37", "name_en": "森下", "name_ja": "森下", "label_rank": 92, "tags": ["tokyo", "v3"]}}, {"type": "Feature", "bbox": [139.69431500000002, 35.726495, 139.69431500000002, 35.726495], "geometry": {"type": "Point", "coordinates": [139.69431500000002, 35.726495]}, "properties": {"id": "PS_4A1F6B2EE357", "station_group_id": "SG_91D7365D0BFC", "name_en": "椎名町", "name_ja": "椎名町", "label_rank": 72, "tags": ["tokyo", "v3"]}}, {"type": "Feature", "bbox": [139.64684, 35.8454, 139.64684, 35.8454], "geometry": {"type": "Point", "coordinates": [139.64684, 35.8454]}, "properties": {"id": "PS_2DCF587CD851", "station_group_id": "SG_89605BB8D395", "name_en": "武蔵浦和", "name_ja": "武蔵浦和", "label_rank": 72, "tags": ["tokyo", "v3"]}}, {"type": "Feature", "bbox": [139.647935, 35.846045000000004, 139.647935, 35.846045000000004], "geometry": {"type": "Point", "coordinates": [139.647935, 35.846045000000004]}, "properties": {"id": "PS_198326A66BBF", "station_group_id": "SG_89605BB8D395", "name_en": "武蔵浦和", "name_ja": "武蔵浦和", "label_rank": 72, "tags": ["tokyo", "v3"]}}, {"type": "Feature", "bbox": [139.576365, 35.727615, 139.576365, 35.727615], "geometry": {"type": "Point", "coordinates": [139.576365, 35.727615]}, "properties": {"id": "PS_F7B99300DC92", "station_group_id": "SG_EA2AD232F5A6", "name_en": "武蔵関", "name_ja": "武蔵関", "label_rank": 72, "tags": ["tokyo", "v3"]}}, {"type": "Feature", "bbox": [139.785165, 35.682995000000005, 139.785165, 35.682995000000005], "geometry": {"type": "Point", "coordinates": [139.785165, 35.682995000000005]}, "properties": {"id": "PS_16F93E5428EB", "station_group_id": "SG_BAFD6584809A", "name_en": "水天宮前", "name_ja": "水天宮前", "label_rank": 72, "tags": ["tokyo", "v3"]}}, {"type": "Feature", "bbox": [139.75512, 35.70364, 139.75512, 35.70364], "geometry": {"type": "Point", "coordinates": [139.75512, 35.70364]}, "properties": {"id": "PS_0054E31017E8", "station_group_id": "SG_7AFDBA590FC0", "name_en": "水道橋", "name_ja": "水道橋", "label_rank": 92, "tags": ["tokyo", "v3"]}}, {"type": "Feature", "bbox": [139.753745, 35.702, 139.753745, 35.702], "geometry": {"type": "Point", "coordinates": [139.753745, 35.702]}, "properties": {"id": "PS_B6836DEBC19A", "station_group_id": "SG_7AFDBA590FC0", "name_en": "水道橋", "name_ja": "水道橋", "label_rank": 92, "tags": ["tokyo", "v3"]}}, {"type": "Feature", "bbox": [139.66547, 35.74962, 139.66547, 35.74962], "geometry": {"type": "Point", "coordinates": [139.66547, 35.74962]}, "properties": {"id": "PS_EB757E555278", "station_group_id": "SG_1E25397236A5", "name_en": "氷川台", "name_ja": "氷川台", "label_rank": 72, "tags": ["tokyo", "v3"]}}, {"type": "Feature", "bbox": [139.73926, 35.67828, 139.73926, 35.67828], "geometry": {"type": "Point", "coordinates": [139.73926, 35.67828]}, "properties": {"id": "PS_F5EE699F6843", "station_group_id": "SG_1A0DE6A15A0A", "name_en": "永田町", "name_ja": "永田町", "label_rank": 92, "tags": ["tokyo", "v3"]}}, {"type": "Feature", "bbox": [139.741815, 35.67801, 139.741815, 35.67801], "geometry": {"type": "Point", "coordinates": [139.741815, 35.67801]}, "properties": {"id": "PS_FEA1B8686129", "station_group_id": "SG_1A0DE6A15A0A", "name_en": "永田町", "name_ja": "永田町", "label_rank": 92, "tags": ["tokyo", "v3"]}}, {"type": "Feature", "bbox": [139.738865, 35.678405, 139.738865, 35.678405], "geometry": {"type": "Point", "coordinates": [139.738865, 35.678405]}, "properties": {"id": "PS_995AE7F74A1E", "station_group_id": "SG_1A0DE6A15A0A", "name_en": "永田町", "name_ja": "永田町", "label_rank": 92, "tags": ["tokyo", "v3"]}}, {"type": "Feature", "bbox": [139.64267, 35.676225, 139.64267, 35.676225], "geometry": {"type": "Point", "coordinates": [139.64267, 35.676225]}, "properties": {"id": "PS_50128008189D", "station_group_id": "SG_2CEEB177B56D", "name_en": "永福町", "name_ja": "永福町", "label_rank": 72, "tags": ["tokyo", "v3"]}}, {"type": "Feature", "bbox": [139.77034500000002, 35.773785000000004, 139.77034500000002, 35.773785000000004], "geometry": {"type": "Point", "coordinates": [139.77034500000002, 35.773785000000004]}, "properties": {"id": "PS_3536E2C1A1AC", "station_group_id": "SG_5E61C07D9A48", "name_en": "江北", "name_ja": "江北", "label_rank": 72, "tags": ["tokyo", "v3"]}}, {"type": "Feature", "bbox": [139.672785, 35.737465, 139.672785, 35.737465], "geometry": {"type": "Point", "coordinates": [139.672785, 35.737465]}, "properties": {"id": "PS_E68AB037A754", "station_group_id": "SG_E3AC0B934208", "name_en": "江古田", "name_ja": "江古田", "label_rank": 72, "tags": ["tokyo", "v3"]}}, {"type": "Feature", "bbox": [139.73413, 35.709295, 139.73413, 35.709295], "geometry": {"type": "Point", "coordinates": [139.73413, 35.709295]}, "properties": {"id": "PS_DB9E6BC3E15E", "station_group_id": "SG_0E2C04FF82A7", "name_en": "江戸川橋", "name_ja": "江戸川橋", "label_rank": 72, "tags": ["tokyo", "v3"]}}, {"type": "Feature", "bbox": [139.71083, 35.72766, 139.71083, 35.72766], "geometry": {"type": "Point", "coordinates": [139.71083, 35.72766]}, "properties": {"id": "PS_AABE5BCBA3A6", "station_group_id": "SG_IKEBUKURO", "name_en": "池袋", "name_ja": "池袋", "label_rank": 100, "tags": ["tokyo", "v3"]}}, {"type": "Feature", "bbox": [139.71115, 35.730345, 139.71115, 35.730345], "geometry": {"type": "Point", "coordinates": [139.71115, 35.730345]}, "properties": {"id": "PS_395441BF2E73", "station_group_id": "SG_IKEBUKURO", "name_en": "池袋", "name_ja": "池袋", "label_rank": 100, "tags": ["tokyo", "v3"]}}, {"type": "Feature", "bbox": [139.70772, 35.731480000000005, 139.70772, 35.731480000000005], "geometry": {"type": "Point", "coordinates": [139.70772, 35.731480000000005]}, "properties": {"id": "PS_8AC75AE534D1", "station_group_id": "SG_IKEBUKURO", "name_en": "池袋", "name_ja": "池袋", "label_rank": 100, "tags": ["tokyo", "v3"]}}, {"type": "Feature", "bbox": [139.71088500000002, 35.729185, 139.71088500000002, 35.729185], "geometry": {"type": "Point", "coordinates": [139.71088500000002, 35.729185]}, "properties": {"id": "PS_6655EE2FF42A", "station_group_id": "SG_IKEBUKURO", "name_en": "池袋", "name_ja": "池袋", "label_rank": 100, "tags": ["tokyo", "v3"]}}, {"type": "Feature", "bbox": [139.711085, 35.730275000000006, 139.711085, 35.730275000000006], "geometry": {"type": "Point", "coordinates": [139.711085, 35.730275000000006]}, "properties": {"id": "PS_678C1CAE884D", "station_group_id": "SG_IKEBUKURO", "name_en": "池袋", "name_ja": "池袋", "label_rank": 100, "tags": ["tokyo", "v3"]}}, {"type": "Feature", "bbox": [139.71134, 35.730199999999996, 139.71134, 35.730199999999996], "geometry": {"type": "Point", "coordinates": [139.71134, 35.730199999999996]}, "properties": {"id": "PS_3CEAC3E72C50", "station_group_id": "SG_IKEBUKURO", "name_en": "池袋", "name_ja": "池袋", "label_rank": 100, "tags": ["tokyo", "v3"]}}, {"type": "Feature", "bbox": [139.71116999999998, 35.731179999999995, 139.71116999999998, 35.731179999999995], "geometry": {"type": "Point", "coordinates": [139.71116999999998, 35.731179999999995]}, "properties": {"id": "PS_595E5BA9911D", "station_group_id": "SG_IKEBUKURO", "name_en": "池袋", "name_ja": "池袋", "label_rank": 100, "tags": ["tokyo", "v3"]}}, {"type": "Feature", "bbox": [139.66484, 35.71916, 139.66484, 35.71916], "geometry": {"type": "Point", "coordinates": [139.66484, 35.71916]}, "properties": {"id": "PS_12A862DE2CDD", "station_group_id": "SG_6A747527197B", "name_en": "沼袋", "name_ja": "沼袋", "label_rank": 72, "tags": ["tokyo", "v3"]}}, {"type": "Feature", "bbox": [139.79245500000002, 35.71393, 139.79245500000002, 35.71393], "geometry": {"type": "Point", "coordinates": [139.79245500000002, 35.71393]}, "properties": {"id": "PS_491F031E4BBC", "station_group_id": "SG_F4C57B4C7A22", "name_en": "浅草", "name_ja": "浅草", "label_rank": 92, "tags": ["tokyo", "v3"]}}, {"type": "Feature", "bbox": [139.797775, 35.710745, 139.797775, 35.710745], "geometry": {"type": "Point", "coordinates": [139.797775, 35.710745]}, "properties": {"id": "PS_561D1DD5FE9E", "station_group_id": "SG_F4C57B4C7A22", "name_en": "浅草", "name_ja": "浅草", "label_rank": 92, "tags": ["tokyo", "v3"]}}, {"type": "Feature", "bbox": [139.796595, 35.70899, 139.796595, 35.70899], "geometry": {"type": "Point", "coordinates": [139.796595, 35.70899]}, "properties": {"id": "PS_2A85A128C78E", "station_group_id": "SG_F4C57B4C7A22", "name_en": "浅草", "name_ja": "浅草", "label_rank": 92, "tags": ["tokyo", "v3"]}}, {"type": "Feature", "bbox": [139.798315, 35.71198, 139.798315, 35.71198], "geometry": {"type": "Point", "coordinates": [139.798315, 35.71198]}, "properties": {"id": "PS_D9F57BFF0794", "station_group_id": "SG_F4C57B4C7A22", "name_en": "浅草", "name_ja": "浅草", "label_rank": 92, "tags": ["tokyo", "v3"]}}, {"type": "Feature", "bbox": [139.786455, 35.697604999999996, 139.786455, 35.697604999999996], "geometry": {"type": "Point", "coordinates": [139.786455, 35.697604999999996]}, "properties": {"id": "PS_726AF2181072", "station_group_id": "SG_2DD042F4EA28", "name_en": "浅草橋", "name_ja": "浅草橋", "label_rank": 92, "tags": ["tokyo", "v3"]}}, {"type": "Feature", "bbox": [139.78449, 35.69739, 139.78449, 35.69739], "geometry": {"type": "Point", "coordinates": [139.78449, 35.69739]}, "properties": {"id": "PS_D07A1114B070", "station_group_id": "SG_2DD042F4EA28", "name_en": "浅草橋", "name_ja": "浅草橋", "label_rank": 92, "tags": ["tokyo", "v3"]}}, {"type": "Feature", "bbox": [139.627575, 35.681575, 139.627575, 35.681575], "geometry": {"type": "Point", "coordinates": [139.627575, 35.681575]}, "properties": {"id": "PS_1EEC6BC64C1D", "station_group_id": "SG_F9D17E8CC2BD", "name_en": "浜田山", "name_ja": "浜田山", "label_rank": 72, "tags": ["tokyo", "v3"]}}, {"type": "Feature", "bbox": [139.788125, 35.68859, 139.788125, 35.68859], "geometry": {"type": "Point", "coordinates": [139.788125, 35.68859]}, "properties": {"id": "PS_07326D5FE7DE", "station_group_id": "SG_9A818B140177", "name_en": "浜町", "name_ja": "浜町", "label_rank": 72, "tags": ["tokyo", "v3"]}}, {"type": "Feature", "bbox": [139.657145, 35.858565, 139.657145, 35.858565], "geometry": {"type": "Point", "coordinates": [139.657145, 35.858565]}, "properties": {"id": "PS_C522EF720594", "station_group_id": "SG_C0F08EB38DFF", "name_en": "浦和", "name_ja": "浦和", "label_rank": 72, "tags": ["tokyo", "v3"]}}, {"type": "Feature", "bbox": [139.727825, 35.893675, 139.727825, 35.893675], "geometry": {"type": "Point", "coordinates": [139.727825, 35.893675]}, "properties": {"id": "PS_353DB0933409", "station_group_id": "SG_FF9A9196340D", "name_en": "浦和美園", "name_ja": "浦和美園", "label_rank": 72, "tags": ["tokyo", "v3"]}}, {"type": "Feature", "bbox": [139.69141000000002, 35.79134, 139.69141000000002, 35.79134], "geometry": {"type": "Point", "coordinates": [139.69141000000002, 35.79134]}, "properties": {"id": "PS_D6C9EED1AC77", "station_group_id": "SG_EC997F9D7075", "name_en": "浮間舟渡", "name_ja": "浮間舟渡", "label_rank": 72, "tags": ["tokyo", "v3"]}}, {"type": "Feature", "bbox": [139.76745499999998, 35.694869999999995, 139.76745499999998, 35.694869999999995], "geometry": {"type": "Point", "coordinates": [139.76745499999998, 35.694869999999995]}, "properties": {"id": "PS_5CDBCDBA2041", "station_group_id": "SG_C010E9657E36", "name_en": "淡路町", "name_ja": "淡路町", "label_rank": 72, "tags": ["tokyo", "v3"]}}, {"type": "Feature", "bbox": [139.79984000000002, 35.68212, 139.79984000000002, 35.68212], "geometry": {"type": "Point", "coordinates": [139.79984000000002, 35.68212]}, "properties": {"id": "PS_66F8B4BDA68E", "station_group_id": "SG_92D3B598150A", "name_en": "清澄白河", "name_ja": "清澄白河", "label_rank": 92, "tags": ["tokyo", "v3"]}}, {"type": "Feature", "bbox": [139.798665, 35.682945000000004, 139.798665, 35.682945000000004], "geometry": {"type": "Point", "coordinates": [139.798665, 35.682945000000004]}, "properties": {"id": "PS_244B3676720A", "station_group_id": "SG_92D3B598150A", "name_en": "清澄白河", "name_ja": "清澄白河", "label_rank": 92, "tags": ["tokyo", "v3"]}}, {"type": "Feature", "bbox": [139.76997999999998, 35.706805, 139.76997999999998, 35.706805], "geometry": {"type": "Point", "coordinates": [139.76997999999998, 35.706805]}, "properties": {"id": "PS_580593DE5F87", "station_group_id": "SG_718126826D1F", "name_en": "湯島", "name_ja": "湯島", "label_rank": 72, "tags": ["tokyo", "v3"]}}, {"type": "Feature", "bbox": [139.741295, 35.67309, 139.741295, 35.67309], "geometry": {"type": "Point", "coordinates": [139.741295, 35.67309]}, "properties": {"id": "PS_D28474907494", "station_group_id": "SG_7F57E42E06A8", "name_en": "溜池山王", "name_ja": "溜池山王", "label_rank": 92, "tags": ["tokyo", "v3"]}}, {"type": "Feature", "bbox": [139.735415, 35.747299999999996, 139.735415, 35.747299999999996], "geometry": {"type": "Point", "coordinates": [139.735415, 35.747299999999996]}, "properties": {"id": "PS_14185ED1BFF3", "station_group_id": "SG_C7656EE7126E", "name_en": "滝野川一丁目", "name_ja": "滝野川一丁目", "label_rank": 72, "tags": ["tokyo", "v3"]}}, {"type": "Feature", "bbox": [139.76928, 35.749179999999996, 139.76928, 35.749179999999996], "geometry": {"type": "Point", "coordinates": [139.76928, 35.749179999999996]}, "properties": {"id": "PS_E77A225A67EF", "station_group_id": "SG_E56871333A0D", "name_en": "熊野前", "name_ja": "熊野前", "label_rank": 92, "tags": ["tokyo", "v3"]}}, {"type": "Feature", "bbox": [139.769925, 35.748245, 139.769925, 35.748245], "geometry": {"type": "Point", "coordinates": [139.769925, 35.748245]}, "properties": {"id": "PS_7B2FC995EF42", "station_group_id": "SG_E56871333A0D", "name_en": "熊野前", "name_ja": "熊野前", "label_rank": 92, "tags": ["tokyo", "v3"]}}, {"type": "Feature", "bbox": [139.81177000000002, 35.744545, 139.81177000000002, 35.744545], "geometry": {"type": "Point", "coordinates": [139.81177000000002, 35.744545]}, "properties": {"id": "PS_F57379E24DF9", "station_group_id": "SG_6DC12A0C010D", "name_en": "牛田", "name_ja": "牛田", "label_rank": 72, "tags": ["tokyo", "v3"]}}, {"type": "Feature", "bbox": [139.72519, 35.69946, 139.72519, 35.69946], "geometry": {"type": "Point", "coordinates": [139.72519, 35.69946]}, "properties": {"id": "PS_85BC0D94F167", "station_group_id": "SG_1D635734066D", "name_en": "牛込柳町", "name_ja": "牛込柳町", "label_rank": 72, "tags": ["tokyo", "v3"]}}, {"type": "Feature", "bbox": [139.73604, 35.700915, 139.73604, 35.700915], "geometry": {"type": "Point", "coordinates": [139.73604, 35.700915]}, "properties": {"id": "PS_EA244D527DA5", "station_group_id": "SG_3771896BDAC8", "name_en": "牛込神楽坂", "name_ja": "牛込神楽坂", "label_rank": 72, "tags": ["tokyo", "v3"]}}, {"type": "Feature", "bbox": [139.800675, 35.8433, 139.800675, 35.8433], "geometry": {"type": "Point", "coordinates": [139.800675, 35.8433]}, "properties": {"id": "PS_B05A83BF66FA", "station_group_id": "SG_052DBA2A0966", "name_en": "獨協大学前", "name_ja": "獨協大学前", "label_rank": 72, "tags": ["tokyo", "v3"]}}, {"type": "Feature", "bbox": [139.737475, 35.754504999999995, 139.737475, 35.754504999999995], "geometry": {"type": "Point", "coordinates": [139.737475, 35.754504999999995]}, "properties": {"id": "PS_C0EF9AD93878", "station_group_id": "SG_09F3AF9E7CB8", "name_en": "王子", "name_ja": "王子", "label_rank": 92, "tags": ["tokyo", "v3"]}}, {"type": "Feature", "bbox": [139.73820999999998, 35.752325, 139.73820999999998, 35.752325], "geometry": {"type": "Point", "coordinates": [139.73820999999998, 35.752325]}, "properties": {"id": "PS_01C1A5582EB2", "station_group_id": "SG_09F3AF9E7CB8", "name_en": "王子", "name_ja": "王子", "label_rank": 92, "tags": ["tokyo", "v3"]}}, {"type": "Feature", "bbox": [139.73565000000002, 35.765295, 139.73565000000002, 35.765295], "geometry": {"type": "Point", "coordinates": [139.73565000000002, 35.765295]}, "properties": {"id": "PS_94414B39F921", "station_group_id": "SG_64860DEF7774", "name_en": "王子神谷", "name_ja": "王子神谷", "label_rank": 72, "tags": ["tokyo", "v3"]}}, {"type": "Feature", "bbox": [139.73822, 35.752725, 139.73822, 35.752725], "geometry": {"type": "Point", "coordinates": [139.73822, 35.752725]}, "properties": {"id": "PS_7756CAFE4AFD", "station_group_id": "SG_D927C0B2B132", "name_en": "王子駅前", "name_ja": "王子駅前", "label_rank": 72, "tags": ["tokyo", "v3"]}}, {"type": "Feature", "bbox": [139.790305, 35.709909999999994, 139.790305, 35.709909999999994], "geometry": {"type": "Point", "coordinates": [139.790305, 35.709909999999994]}, "properties": {"id": "PS_5F8DD4B45F9F", "station_group_id": "SG_AFCA3A07F3FB", "name_en": "田原町", "name_ja": "田原町", "label_rank": 72, "tags": ["tokyo", "v3"]}}, {"type": "Feature", "bbox": [139.761575, 35.737475, 139.761575, 35.737475], "geometry": {"type": "Point", "coordinates": [139.761575, 35.737475]}, "properties": {"id": "PS_685EDDDB903A", "station_group_id": "SG_0733AA25DE06", "name_en": "田端", "name_ja": "田端", "label_rank": 100, "tags": ["tokyo", "v3"]}}, {"type": "Feature", "bbox": [139.761575, 35.737475, 139.761575, 35.737475], "geometry": {"type": "Point", "coordinates": [139.761575, 35.737475]}, "properties": {"id": "PS_D5074C5F07EC", "station_group_id": "SG_0733AA25DE06", "name_en": "田端", "name_ja": "田端", "label_rank": 100, "tags": ["tokyo", "v3"]}}, {"type": "Feature", "bbox": [139.781525, 35.742305, 139.781525, 35.742305], "geometry": {"type": "Point", "coordinates": [139.781525, 35.742305]}, "properties": {"id": "PS_F8F3DDA291CF", "station_group_id": "SG_D5E3D98B25CA", "name_en": "町屋", "name_ja": "町屋", "label_rank": 92, "tags": ["tokyo", "v3"]}}, {"type": "Feature", "bbox": [139.780045, 35.74207, 139.780045, 35.74207], "geometry": {"type": "Point", "coordinates": [139.780045, 35.74207]}, "properties": {"id": "PS_4974D3165740", "station_group_id": "SG_D5E3D98B25CA", "name_en": "町屋", "name_ja": "町屋", "label_rank": 92, "tags": ["tokyo", "v3"]}}, {"type": "Feature", "bbox": [139.776425, 35.743915, 139.776425, 35.743915], "geometry": {"type": "Point", "coordinates": [139.776425, 35.743915]}, "properties": {"id": "PS_9A727ADECFDA", "station_group_id": "SG_A5E0BCA07AE8", "name_en": "町屋二丁目", "name_ja": "町屋二丁目", "label_rank": 72, "tags": ["tokyo", "v3"]}}, {"type": "Feature", "bbox": [139.780775, 35.742775, 139.780775, 35.742775], "geometry": {"type": "Point", "coordinates": [139.780775, 35.742775]}, "properties": {"id": "PS_2DE1C2300A77", "station_group_id": "SG_6BEAF59BADD7", "name_en": "町屋駅前", "name_ja": "町屋駅前", "label_rank": 72, "tags": ["tokyo", "v3"]}}, {"type": "Feature", "bbox": [139.75221, 35.721334999999996, 139.75221, 35.721334999999996], "geometry": {"type": "Point", "coordinates": [139.75221, 35.721334999999996]}, "properties": {"id": "PS_3A9C533E3147", "station_group_id": "SG_F7FB53B820D0", "name_en": "白山", "name_ja": "白山", "label_rank": 72, "tags": ["tokyo", "v3"]}}, {"type": "Feature", "bbox": [139.70628, 35.720389999999995, 139.70628, 35.720389999999995], "geometry": {"type": "Point", "coordinates": [139.70628, 35.720389999999995]}, "properties": {"id": "PS_5C357E88CAAE", "station_group_id": "SG_8D176C8D5E6A", "name_en": "目白", "name_ja": "目白", "label_rank": 72, "tags": ["tokyo", "v3"]}}, {"type": "Feature", "bbox": [139.60655500000001, 35.74364, 139.60655500000001, 35.74364], "geometry": {"type": "Point", "coordinates": [139.60655500000001, 35.74364]}, "properties": {"id": "PS_925F359460B5", "station_group_id": "SG_458C3F9E68AF", "name_en": "石神井公園", "name_ja": "石神井公園", "label_rank": 92, "tags": ["tokyo", "v3"]}}, {"type": "Feature", "bbox": [139.75773490479003, 35.69587840034265, 139.75773490479003, 35.69587840034265], "geometry": {"type": "Point", "coordinates": [139.75773490479003, 35.69587840034265]}, "properties": {"id": "PS_89CE25B92569", "station_group_id": "SG_D790927012AC", "name_en": "神保町", "name_ja": "神保町", "label_rank": 92, "tags": ["tokyo", "v3"]}}, {"type": "Feature", "bbox": [139.7583098197104, 35.69502553730476, 139.7583098197104, 35.69502553730476], "geometry": {"type": "Point", "coordinates": [139.7583098197104, 35.69502553730476]}, "properties": {"id": "PS_8472ACF2F16D", "station_group_id": "SG_D790927012AC", "name_en": "神保町", "name_ja": "神保町", "label_rank": 92, "tags": ["tokyo", "v3"]}}, {"type": "Feature", "bbox": [139.75798704264798, 35.69600471126339, 139.75798704264798, 35.69600471126339], "geometry": {"type": "Point", "coordinates": [139.75798704264798, 35.69600471126339]}, "properties": {"id": "PS_2EFEF93477B4", "station_group_id": "SG_D790927012AC", "name_en": "神保町", "name_ja": "神保町", "label_rank": 92, "tags": ["tokyo", "v3"]}}, {"type": "Feature", "bbox": [139.73452, 35.703865, 139.73452, 35.703865], "geometry": {"type": "Point", "coordinates": [139.73452, 35.703865]}, "properties": {"id": "PS_4C172BBA68FD", "station_group_id": "SG_AE0B161863F2", "name_en": "神楽坂", "name_ja": "神楽坂", "label_rank": 72, "tags": ["tokyo", "v3"]}}, {"type": "Feature", "bbox": [139.77089, 35.693715, 139.77089, 35.693715], "geometry": {"type": "Point", "coordinates": [139.77089, 35.693715]}, "properties": {"id": "PS_BFD878FB0F97", "station_group_id": "SG_4A3A581070C7", "name_en": "神田", "name_ja": "神田", "label_rank": 100, "tags": ["tokyo", "v3"]}}, {"type": "Feature", "bbox": [139.770875, 35.69177, 139.770875, 35.69177], "geometry": {"type": "Point", "coordinates": [139.770875, 35.69177]}, "properties": {"id": "PS_B408FABBAD14", "station_group_id": "SG_4A3A581070C7", "name_en": "神田", "name_ja": "神田", "label_rank": 100, "tags": ["tokyo", "v3"]}}, {"type": "Feature", "bbox": [139.770875, 35.69177, 139.770875, 35.69177], "geometry": {"type": "Point", "coordinates": [139.770875, 35.69177]}, "properties": {"id": "PS_8B6C32D29C1F", "station_group_id": "SG_4A3A581070C7", "name_en": "神田", "name_ja": "神田", "label_rank": 100, "tags": ["tokyo", "v3"]}}, {"type": "Feature", "bbox": [139.77425, 35.69907, 139.77425, 35.69907], "geometry": {"type": "Point", "coordinates": [139.77425, 35.69907]}, "properties": {"id": "PS_8F8F441E4A6A", "station_group_id": "SG_BC04C5F3E300", "name_en": "秋葉原", "name_ja": "秋葉原", "label_rank": 100, "tags": ["tokyo", "v3"]}}, {"type": "Feature", "bbox": [139.77552500000002, 35.697964999999996, 139.77552500000002, 35.697964999999996], "geometry": {"type": "Point", "coordinates": [139.77552500000002, 35.697964999999996]}, "properties": {"id": "PS_8BB03F4BF322", "station_group_id": "SG_BC04C5F3E300", "name_en": "秋葉原", "name_ja": "秋葉原", "label_rank": 100, "tags": ["tokyo", "v3"]}}, {"type": "Feature", "bbox": [139.773215, 35.698319999999995, 139.773215, 35.698319999999995], "geometry": {"type": "Point", "coordinates": [139.773215, 35.698319999999995]}, "properties": {"id": "PS_8F5361B61A1A", "station_group_id": "SG_BC04C5F3E300", "name_en": "秋葉原", "name_ja": "秋葉原", "label_rank": 100, "tags": ["tokyo", "v3"]}}, {"type": "Feature", "bbox": [139.773045, 35.698535, 139.773045, 35.698535], "geometry": {"type": "Point", "coordinates": [139.773045, 35.698535]}, "properties": {"id": "PS_1C4930D5ECBC", "station_group_id": "SG_BC04C5F3E300", "name_en": "秋葉原", "name_ja": "秋葉原", "label_rank": 100, "tags": ["tokyo", "v3"]}}, {"type": "Feature", "bbox": [139.78221, 35.711385, 139.78221, 35.711385], "geometry": {"type": "Point", "coordinates": [139.78221, 35.711385]}, "properties": {"id": "PS_DC4A143950FA", "station_group_id": "SG_D49206244614", "name_en": "稲荷町", "name_ja": "稲荷町", "label_rank": 72, "tags": ["tokyo", "v3"]}}, {"type": "Feature", "bbox": [139.79072, 35.79437, 139.79072, 35.79437], "geometry": {"type": "Point", "coordinates": [139.79072, 35.79437]}, "properties": {"id": "PS_0F71422AC435", "station_group_id": "SG_C16A3890B0FD", "name_en": "竹ノ塚", "name_ja": "竹ノ塚", "label_rank": 72, "tags": ["tokyo", "v3"]}}, {"type": "Feature", "bbox": [139.75767000000002, 35.69044, 139.75767000000002, 35.69044], "geometry": {"type": "Point", "coordinates": [139.75767000000002, 35.69044]}, "properties": {"id": "PS_507B69D6B58F", "station_group_id": "SG_FE76E2A1F2C4", "name_en": "竹橋", "name_ja": "竹橋", "label_rank": 72, "tags": ["tokyo", "v3"]}}, {"type": "Feature", "bbox": [139.667175, 35.67366, 139.667175, 35.67366], "geometry": {"type": "Point", "coordinates": [139.667175, 35.67366]}, "properties": {"id": "PS_0128A56F48EE", "station_group_id": "SG_2BB110715A26", "name_en": "笹塚", "name_ja": "笹塚", "label_rank": 72, "tags": ["tokyo", "v3"]}}, {"type": "Feature", "bbox": [139.82489, 35.762285000000006, 139.82489, 35.762285000000006], "geometry": {"type": "Point", "coordinates": [139.82489, 35.762285000000006]}, "properties": {"id": "PS_D287BDE1CAE3", "station_group_id": "SG_B0DD2851B5AB", "name_en": "綾瀬", "name_ja": "綾瀬", "label_rank": 92, "tags": ["tokyo", "v3"]}}, {"type": "Feature", "bbox": [139.82493499999998, 35.762164999999996, 139.82493499999998, 35.762164999999996], "geometry": {"type": "Point", "coordinates": [139.82493499999998, 35.762164999999996]}, "properties": {"id": "PS_6995F0CD7368", "station_group_id": "SG_B0DD2851B5AB", "name_en": "綾瀬", "name_ja": "綾瀬", "label_rank": 92, "tags": ["tokyo", "v3"]}}, {"type": "Feature", "bbox": [139.65444000000002, 35.737935, 139.65444000000002, 35.737935], "geometry": {"type": "Point", "coordinates": [139.65444000000002, 35.737935]}, "properties": {"id": "PS_1275D1882329", "station_group_id": "SG_B5B03B5210D8", "name_en": "練馬", "name_ja": "練馬", "label_rank": 92, "tags": ["tokyo", "v3"]}}, {"type": "Feature", "bbox": [139.65444000000002, 35.737935, 139.65444000000002, 35.737935], "geometry": {"type": "Point", "coordinates": [139.65444000000002, 35.737935]}, "properties": {"id": "PS_183FAFCA387C", "station_group_id": "SG_B5B03B5210D8", "name_en": "練馬", "name_ja": "練馬", "label_rank": 92, "tags": ["tokyo", "v3"]}}, {"type": "Feature", "bbox": [139.65444000000002, 35.737935, 139.65444000000002, 35.737935], "geometry": {"type": "Point", "coordinates": [139.65444000000002, 35.737935]}, "properties": {"id": "PS_92F7F1D3EFD8", "station_group_id": "SG_B5B03B5210D8", "name_en": "練馬", "name_ja": "練馬", "label_rank": 92, "tags": ["tokyo", "v3"]}}, {"type": "Feature", "bbox": [139.65456999999998, 35.737314999999995, 139.65456999999998, 35.737314999999995], "geometry": {"type": "Point", "coordinates": [139.65456999999998, 35.737314999999995]}, "properties": {"id": "PS_510DED4D49E6", "station_group_id": "SG_B5B03B5210D8", "name_en": "練馬", "name_ja": "練馬", "label_rank": 92, "tags": ["tokyo", "v3"]}}, {"type": "Feature", "bbox": [139.64076, 35.751360000000005, 139.64076, 35.751360000000005], "geometry": {"type": "Point", "coordinates": [139.64076, 35.751360000000005]}, "properties": {"id": "PS_151C7EEB1D5A", "station_group_id": "SG_84DC020EF86F", "name_en": "練馬春日町", "name_ja": "練馬春日町", "label_rank": 72, "tags": ["tokyo", "v3"]}}, {"type": "Feature", "bbox": [139.616835, 35.740615000000005, 139.616835, 35.740615000000005], "geometry": {"type": "Point", "coordinates": [139.616835, 35.740615000000005]}, "properties": {"id": "PS_A882D5B4DD13", "station_group_id": "SG_86D8D4EB38C0", "name_en": "練馬高野台", "name_ja": "練馬高野台", "label_rank": 92, "tags": ["tokyo", "v3"]}}, {"type": "Feature", "bbox": [139.77013499999998, 35.80572, 139.77013499999998, 35.80572], "geometry": {"type": "Point", "coordinates": [139.77013499999998, 35.80572]}, "properties": {"id": "PS_F0EA3E05A58B", "station_group_id": "SG_11A969AA06B5", "name_en": "舎人", "name_ja": "舎人", "label_rank": 72, "tags": ["tokyo", "v3"]}}, {"type": "Feature", "bbox": [139.77012, 35.796665000000004, 139.77012, 35.796665000000004], "geometry": {"type": "Point", "coordinates": [139.77012, 35.796665000000004]}, "properties": {"id": "PS_94ADF0E14C5A", "station_group_id": "SG_155889F06513", "name_en": "舎人公園", "name_ja": "舎人公園", "label_rank": 72, "tags": ["tokyo", "v3"]}}, {"type": "Feature", "bbox": [139.718185, 35.699164999999994, 139.718185, 35.699164999999994], "geometry": {"type": "Point", "coordinates": [139.718185, 35.699164999999994]}, "properties": {"id": "PS_4F54BF15CBA7", "station_group_id": "SG_FB70F0DCCC77", "name_en": "若松河田", "name_ja": "若松河田", "label_rank": 72, "tags": ["tokyo", "v3"]}}, {"type": "Feature", "bbox": [139.779625, 35.679075, 139.779625, 35.679075], "geometry": {"type": "Point", "coordinates": [139.779625, 35.679075]}, "properties": {"id": "PS_8C842D81D240", "station_group_id": "SG_BCB01A986664", "name_en": "茅場町", "name_ja": "茅場町", "label_rank": 92, "tags": ["tokyo", "v3"]}}, {"type": "Feature", "bbox": [139.77927, 35.680345, 139.77927, 35.680345], "geometry": {"type": "Point", "coordinates": [139.77927, 35.680345]}, "properties": {"id": "PS_42BA226E3DDA", "station_group_id": "SG_BCB01A986664", "name_en": "茅場町", "name_ja": "茅場町", "label_rank": 92, "tags": ["tokyo", "v3"]}}, {"type": "Feature", "bbox": [139.736895, 35.7172, 139.736895, 35.7172], "geometry": {"type": "Point", "coordinates": [139.736895, 35.7172]}, "properties": {"id": "PS_9D3C151305F2", "station_group_id": "SG_267AC0557028", "name_en": "茗荷谷", "name_ja": "茗荷谷", "label_rank": 72, "tags": ["tokyo", "v3"]}}, {"type": "Feature", "bbox": [139.80345499999999, 35.82838, 139.80345499999999, 35.82838], "geometry": {"type": "Point", "coordinates": [139.80345499999999, 35.82838]}, "properties": {"id": "PS_A56842DEBC0E", "station_group_id": "SG_C51467CBE3B9", "name_en": "草加", "name_ja": "草加", "label_rank": 92, "tags": ["tokyo", "v3"]}}, {"type": "Feature", "bbox": [139.788805, 35.733689999999996, 139.788805, 35.733689999999996], "geometry": {"type": "Point", "coordinates": [139.788805, 35.733689999999996]}, "properties": {"id": "PS_03D775C21836", "station_group_id": "SG_A323D1000AE4", "name_en": "荒川一中前", "name_ja": "荒川一中前", "label_rank": 72, "tags": ["tokyo", "v3"]}}, {"type": "Feature", "bbox": [139.784045, 35.742000000000004, 139.784045, 35.742000000000004], "geometry": {"type": "Point", "coordinates": [139.784045, 35.742000000000004]}, "properties": {"id": "PS_C1D2B743B111", "station_group_id": "SG_044C964759BD", "name_en": "荒川七丁目", "name_ja": "荒川七丁目", "label_rank": 72, "tags": ["tokyo", "v3"]}}, {"type": "Feature", "bbox": [139.78469, 35.738600000000005, 139.78469, 35.738600000000005], "geometry": {"type": "Point", "coordinates": [139.78469, 35.738600000000005]}, "properties": {"id": "PS_697B18EE5567", "station_group_id": "SG_24CCA8AA148A", "name_en": "荒川二丁目", "name_ja": "荒川二丁目", "label_rank": 72, "tags": ["tokyo", "v3"]}}, {"type": "Feature", "bbox": [139.78601, 35.735365, 139.78601, 35.735365], "geometry": {"type": "Point", "coordinates": [139.78601, 35.735365]}, "properties": {"id": "PS_88854EA8B93B", "station_group_id": "SG_019FAF5889C8", "name_en": "荒川区役所前", "name_ja": "荒川区役所前", "label_rank": 72, "tags": ["tokyo", "v3"]}}, {"type": "Feature", "bbox": [139.752805, 35.75086, 139.752805, 35.75086], "geometry": {"type": "Point", "coordinates": [139.752805, 35.75086]}, "properties": {"id": "PS_B6A145500811", "station_group_id": "SG_9B8F42CA3557", "name_en": "荒川車庫前", "name_ja": "荒川車庫前", "label_rank": 72, "tags": ["tokyo", "v3"]}}, {"type": "Feature", "bbox": [139.757475, 35.75065, 139.757475, 35.75065], "geometry": {"type": "Point", "coordinates": [139.757475, 35.75065]}, "properties": {"id": "PS_38287F646A7E", "station_group_id": "SG_477CCFFF0D24", "name_en": "荒川遊園地前", "name_ja": "荒川遊園地前", "label_rank": 72, "tags": ["tokyo", "v3"]}}, {"type": "Feature", "bbox": [139.61975999999999, 35.704175, 139.61975999999999, 35.704175], "geometry": {"type": "Point", "coordinates": [139.61975999999999, 35.704175]}, "properties": {"id": "PS_4ECCBF3EB83A", "station_group_id": "SG_B3DDC3BFAFF9", "name_en": "荻窪", "name_ja": "荻窪", "label_rank": 92, "tags": ["tokyo", "v3"]}}, {"type": "Feature", "bbox": [139.620245, 35.70443, 139.620245, 35.70443], "geometry": {"type": "Point", "coordinates": [139.620245, 35.70443]}, "properties": {"id": "PS_A6ADE00DA449", "station_group_id": "SG_B3DDC3BFAFF9", "name_en": "荻窪", "name_ja": "荻窪", "label_rank": 92, "tags": ["tokyo", "v3"]}}, {"type": "Feature", "bbox": [139.806125, 35.68841, 139.806125, 35.68841], "geometry": {"type": "Point", "coordinates": [139.806125, 35.68841]}, "properties": {"id": "PS_2DD654462756", "station_group_id": "SG_1D678B18EEC3", "name_en": "菊川", "name_ja": "菊川", "label_rank": 72, "tags": ["tokyo", "v3"]}}, {"type": "Feature", "bbox": [139.685965, 35.710634999999996, 139.685965, 35.710634999999996], "geometry": {"type": "Point", "coordinates": [139.685965, 35.710634999999996]}, "properties": {"id": "PS_F00C27892FDD", "station_group_id": "SG_4564F0D8BFB0", "name_en": "落合", "name_ja": "落合", "label_rank": 72, "tags": ["tokyo", "v3"]}}, {"type": "Feature", "bbox": [139.68351, 35.723385, 139.68351, 35.723385], "geometry": {"type": "Point", "coordinates": [139.68351, 35.723385]}, "properties": {"id": "PS_5010276BB01B", "station_group_id": "SG_A6ABBAD9CFA0", "name_en": "落合南長崎", "name_ja": "落合南長崎", "label_rank": 72, "tags": ["tokyo", "v3"]}}, {"type": "Feature", "bbox": [139.791765, 35.86689, 139.791765, 35.86689], "geometry": {"type": "Point", "coordinates": [139.791765, 35.86689]}, "properties": {"id": "PS_39AEB4C8151B", "station_group_id": "SG_8D5E63D6FA22", "name_en": "蒲生", "name_ja": "蒲生", "label_rank": 72, "tags": ["tokyo", "v3"]}}, {"type": "Feature", "bbox": [139.67906, 35.784054999999995, 139.67906, 35.784054999999995], "geometry": {"type": "Point", "coordinates": [139.67906, 35.784054999999995]}, "properties": {"id": "PS_EA466D7FF93F", "station_group_id": "SG_9C6055D5A720", "name_en": "蓮根", "name_ja": "蓮根", "label_rank": 72, "tags": ["tokyo", "v3"]}}, {"type": "Feature", "bbox": [139.79085500000002, 35.703145, 139.79085500000002, 35.703145], "geometry": {"type": "Point", "coordinates": [139.79085500000002, 35.703145]}, "properties": {"id": "PS_A0250CDDDF8C", "station_group_id": "SG_3024D4B25801", "name_en": "蔵前", "name_ja": "蔵前", "label_rank": 92, "tags": ["tokyo", "v3"]}}, {"type": "Feature", "bbox": [139.79225000000002, 35.7055, 139.79225000000002, 35.7055], "geometry": {"type": "Point", "coordinates": [139.79225000000002, 35.7055]}, "properties": {"id": "PS_0BCCF3AC67C7", "station_group_id": "SG_3024D4B25801", "name_en": "蔵前", "name_ja": "蔵前", "label_rank": 92, "tags": ["tokyo", "v3"]}}, {"type": "Feature", "bbox": [139.690415, 35.82793, 139.690415, 35.82793], "geometry": {"type": "Point", "coordinates": [139.690415, 35.82793]}, "properties": {"id": "PS_0A5EDC517A05", "station_group_id": "SG_C1553040F391", "name_en": "蕨", "name_ja": "蕨", "label_rank": 72, "tags": ["tokyo", "v3"]}}, {"type": "Feature", "bbox": [139.74226, 35.745945, 139.74226, 35.745945], "geometry": {"type": "Point", "coordinates": [139.74226, 35.745945]}, "properties": {"id": "PS_0D3E3C5B9F95", "station_group_id": "SG_BD3E48B3437F", "name_en": "西ヶ原", "name_ja": "西ヶ原", "label_rank": 72, "tags": ["tokyo", "v3"]}}, {"type": "Feature", "bbox": [139.732685, 35.744235, 139.732685, 35.744235], "geometry": {"type": "Point", "coordinates": [139.732685, 35.744235]}, "properties": {"id": "PS_7420896438C5", "station_group_id": "SG_A40CDF94AB4E", "name_en": "西ヶ原四丁目", "name_ja": "西ヶ原四丁目", "label_rank": 72, "tags": ["tokyo", "v3"]}}, {"type": "Feature", "bbox": [139.67268, 35.78708, 139.67268, 35.78708], "geometry": {"type": "Point", "coordinates": [139.67268, 35.78708]}, "properties": {"id": "PS_D0370B03A738", "station_group_id": "SG_00F762EF131E", "name_en": "西台", "name_ja": "西台", "label_rank": 72, "tags": ["tokyo", "v3"]}}, {"type": "Feature", "bbox": [139.5789, 35.92196, 139.5789, 35.92196], "geometry": {"type": "Point", "coordinates": [139.5789, 35.92196]}, "properties": {"id": "PS_AEEBD03600D7", "station_group_id": "SG_C2ABE5CA19B8", "name_en": "西大宮", "name_ja": "西大宮", "label_rank": 72, "tags": ["tokyo", "v3"]}}, {"type": "Feature", "bbox": [139.82632, 35.689335, 139.82632, 35.689335], "geometry": {"type": "Point", "coordinates": [139.82632, 35.689335]}, "properties": {"id": "PS_6F4BB9116282", "station_group_id": "SG_6D3B646D4425", "name_en": "西大島", "name_ja": "西大島", "label_rank": 72, "tags": ["tokyo", "v3"]}}, {"type": "Feature", "bbox": [139.70436, 35.815515000000005, 139.70436, 35.815515000000005], "geometry": {"type": "Point", "coordinates": [139.70436, 35.815515000000005]}, "properties": {"id": "PS_A6B0256DCEC3", "station_group_id": "SG_019D471CB89C", "name_en": "西川口", "name_ja": "西川口", "label_rank": 72, "tags": ["tokyo", "v3"]}}, {"type": "Feature", "bbox": [139.728725, 35.743415, 139.728725, 35.743415], "geometry": {"type": "Point", "coordinates": [139.728725, 35.743415]}, "properties": {"id": "PS_56C761B06DBB", "station_group_id": "SG_1645F8AFC622", "name_en": "西巣鴨", "name_ja": "西巣鴨", "label_rank": 72, "tags": ["tokyo", "v3"]}}, {"type": "Feature", "bbox": [139.790365, 35.77728, 139.790365, 35.77728], "geometry": {"type": "Point", "coordinates": [139.790365, 35.77728]}, "properties": {"id": "PS_338AEE9648B3", "station_group_id": "SG_35CE87EAFB39", "name_en": "西新井", "name_ja": "西新井", "label_rank": 92, "tags": ["tokyo", "v3"]}}, {"type": "Feature", "bbox": [139.790365, 35.77728, 139.790365, 35.77728], "geometry": {"type": "Point", "coordinates": [139.790365, 35.77728]}, "properties": {"id": "PS_E267DE6405F6", "station_group_id": "SG_35CE87EAFB39", "name_en": "西新井", "name_ja": "西新井", "label_rank": 92, "tags": ["tokyo", "v3"]}}, {"type": "Feature", "bbox": [139.77014, 35.78116, 139.77014, 35.78116], "geometry": {"type": "Point", "coordinates": [139.77014, 35.78116]}, "properties": {"id": "PS_7645F7A3C6EA", "station_group_id": "SG_14B018A34F41", "name_en": "西新井大師西", "name_ja": "西新井大師西", "label_rank": 72, "tags": ["tokyo", "v3"]}}, {"type": "Feature", "bbox": [139.69256000000001, 35.694514999999996, 139.69256000000001, 35.694514999999996], "geometry": {"type": "Point", "coordinates": [139.69256000000001, 35.694514999999996]}, "properties": {"id": "PS_CE2D31774B9D", "station_group_id": "SG_80517F81D41D", "name_en": "西新宿", "name_ja": "西新宿", "label_rank": 72, "tags": ["tokyo", "v3"]}}, {"type": "Feature", "bbox": [139.684665, 35.689899999999994, 139.684665, 35.689899999999994], "geometry": {"type": "Point", "coordinates": [139.684665, 35.689899999999994]}, "properties": {"id": "PS_CF221C16C5A3", "station_group_id": "SG_D9860342734A", "name_en": "西新宿五丁目", "name_ja": "西新宿五丁目", "label_rank": 72, "tags": ["tokyo", "v3"]}}, {"type": "Feature", "bbox": [139.76689, 35.732355, 139.76689, 35.732355], "geometry": {"type": "Point", "coordinates": [139.76689, 35.732355]}, "properties": {"id": "PS_052C4F38F2A5", "station_group_id": "SG_5F8E0B8181F5", "name_en": "西日暮里", "name_ja": "西日暮里", "label_rank": 92, "tags": ["tokyo", "v3"]}}, {"type": "Feature", "bbox": [139.766775, 35.732079999999996, 139.766775, 35.732079999999996], "geometry": {"type": "Point", "coordinates": [139.766775, 35.732079999999996]}, "properties": {"id": "PS_484FA91C7D3B", "station_group_id": "SG_5F8E0B8181F5", "name_en": "西日暮里", "name_ja": "西日暮里", "label_rank": 92, "tags": ["tokyo", "v3"]}}, {"type": "Feature", "bbox": [139.76812999999999, 35.733684999999994, 139.76812999999999, 35.733684999999994], "geometry": {"type": "Point", "coordinates": [139.76812999999999, 35.733684999999994]}, "properties": {"id": "PS_7ECBD72CD65C", "station_group_id": "SG_5F8E0B8181F5", "name_en": "西日暮里", "name_ja": "西日暮里", "label_rank": 92, "tags": ["tokyo", "v3"]}}, {"type": "Feature", "bbox": [139.70915, 35.7078, 139.70915, 35.7078], "geometry": {"type": "Point", "coordinates": [139.70915, 35.7078]}, "properties": {"id": "PS_F54E6D2EB3D3", "station_group_id": "SG_ABFB9D4BD253", "name_en": "西早稲田", "name_ja": "西早稲田", "label_rank": 72, "tags": ["tokyo", "v3"]}}, {"type": "Feature", "bbox": [139.70008, 35.69617, 139.70008, 35.69617], "geometry": {"type": "Point", "coordinates": [139.70008, 35.69617]}, "properties": {"id": "PS_19318CC306E0", "station_group_id": "SG_927996D79FC5", "name_en": "西武新宿", "name_ja": "西武新宿", "label_rank": 92, "tags": ["tokyo", "v3"]}}, {"type": "Feature", "bbox": [139.635155, 35.678875000000005, 139.635155, 35.678875000000005], "geometry": {"type": "Point", "coordinates": [139.635155, 35.678875000000005]}, "properties": {"id": "PS_CABE8E41278D", "station_group_id": "SG_7317C4ACC52C", "name_en": "西永福", "name_ja": "西永福", "label_rank": 72, "tags": ["tokyo", "v3"]}}, {"type": "Feature", "bbox": [139.627765, 35.844185, 139.627765, 35.844185], "geometry": {"type": "Point", "coordinates": [139.627765, 35.844185]}, "properties": {"id": "PS_A91900EE171D", "station_group_id": "SG_08870E892EB9", "name_en": "西浦和", "name_ja": "西浦和", "label_rank": 72, "tags": ["tokyo", "v3"]}}, {"type": "Feature", "bbox": [139.59945, 35.703784999999996, 139.59945, 35.703784999999996], "geometry": {"type": "Point", "coordinates": [139.59945, 35.703784999999996]}, "properties": {"id": "PS_1207FC0635A9", "station_group_id": "SG_4CEF9AC92E1B", "name_en": "西荻窪", "name_ja": "西荻窪", "label_rank": 92, "tags": ["tokyo", "v3"]}}, {"type": "Feature", "bbox": [139.64568500000001, 35.791895, 139.64568500000001, 35.791895], "geometry": {"type": "Point", "coordinates": [139.64568500000001, 35.791895]}, "properties": {"id": "PS_E4B3C54721CA", "station_group_id": "SG_CEDD1E129328", "name_en": "西高島平", "name_ja": "西高島平", "label_rank": 72, "tags": ["tokyo", "v3"]}}, {"type": "Feature", "bbox": [139.69848000000002, 35.733215, 139.69848000000002, 35.733215], "geometry": {"type": "Point", "coordinates": [139.69848000000002, 35.733215]}, "properties": {"id": "PS_29350A12E7E2", "station_group_id": "SG_1AF9FDFC4240", "name_en": "要町", "name_ja": "要町", "label_rank": 92, "tags": ["tokyo", "v3"]}}, {"type": "Feature", "bbox": [139.69848000000002, 35.733215, 139.69848000000002, 35.733215], "geometry": {"type": "Point", "coordinates": [139.69848000000002, 35.733215]}, "properties": {"id": "PS_CC447F3776F5", "station_group_id": "SG_1AF9FDFC4240", "name_en": "要町", "name_ja": "要町", "label_rank": 92, "tags": ["tokyo", "v3"]}}, {"type": "Feature", "bbox": [139.7707, 35.814605, 139.7707, 35.814605], "geometry": {"type": "Point", "coordinates": [139.7707, 35.814605]}, "properties": {"id": "PS_7C713539C17E", "station_group_id": "SG_FD244A94BE07", "name_en": "見沼代親水公園", "name_ja": "見沼代親水公園", "label_rank": 72, "tags": ["tokyo", "v3"]}}, {"type": "Feature", "bbox": [139.72744999999998, 35.71918, 139.72744999999998, 35.71918], "geometry": {"type": "Point", "coordinates": [139.72744999999998, 35.71918]}, "properties": {"id": "PS_A886B34E7925", "station_group_id": "SG_1EAA0EE5C17E", "name_en": "護国寺", "name_ja": "護国寺", "label_rank": 72, "tags": ["tokyo", "v3"]}}, {"type": "Feature", "bbox": [139.7701, 35.78868, 139.7701, 35.78868], "geometry": {"type": "Point", "coordinates": [139.7701, 35.78868]}, "properties": {"id": "PS_BCC136AD6E19", "station_group_id": "SG_1C92579637C6", "name_en": "谷在家", "name_ja": "谷在家", "label_rank": 72, "tags": ["tokyo", "v3"]}}, {"type": "Feature", "bbox": [139.801465, 35.81486, 139.801465, 35.81486], "geometry": {"type": "Point", "coordinates": [139.801465, 35.81486]}, "properties": {"id": "PS_CE0A28C5069B", "station_group_id": "SG_F628FC332DD1", "name_en": "谷塚", "name_ja": "谷塚", "label_rank": 72, "tags": ["tokyo", "v3"]}}, {"type": "Feature", "bbox": [139.64802, 35.742035, 139.64802, 35.742035], "geometry": {"type": "Point", "coordinates": [139.64802, 35.742035]}, "properties": {"id": "PS_A500C02B0199", "station_group_id": "SG_D14646CDF50E", "name_en": "豊島園", "name_ja": "豊島園", "label_rank": 92, "tags": ["tokyo", "v3"]}}, {"type": "Feature", "bbox": [139.649205, 35.74161, 139.649205, 35.74161], "geometry": {"type": "Point", "coordinates": [139.649205, 35.74161]}, "properties": {"id": "PS_87D850E02BFD", "station_group_id": "SG_D14646CDF50E", "name_en": "豊島園", "name_ja": "豊島園", "label_rank": 92, "tags": ["tokyo", "v3"]}}, {"type": "Feature", "bbox": [139.76913000000002, 35.74306, 139.76913000000002, 35.74306], "geometry": {"type": "Point", "coordinates": [139.76913000000002, 35.74306]}, "properties": {"id": "PS_3437B229284F", "station_group_id": "SG_2B0639597581", "name_en": "赤土小学校前", "name_ja": "赤土小学校前", "label_rank": 72, "tags": ["tokyo", "v3"]}}, {"type": "Feature", "bbox": [139.736435, 35.672079999999994, 139.736435, 35.672079999999994], "geometry": {"type": "Point", "coordinates": [139.736435, 35.672079999999994]}, "properties": {"id": "PS_3508EB2882BA", "station_group_id": "SG_F15FF746A252", "name_en": "赤坂", "name_ja": "赤坂", "label_rank": 72, "tags": ["tokyo", "v3"]}}, {"type": "Feature", "bbox": [139.73738500000002, 35.676865, 139.73738500000002, 35.676865], "geometry": {"type": "Point", "coordinates": [139.73738500000002, 35.676865]}, "properties": {"id": "PS_EBF664479735", "station_group_id": "SG_FD5074BCDDD5", "name_en": "赤坂見附", "name_ja": "赤坂見附", "label_rank": 92, "tags": ["tokyo", "v3"]}}, {"type": "Feature", "bbox": [139.73738500000002, 35.676865, 139.73738500000002, 35.676865], "geometry": {"type": "Point", "coordinates": [139.73738500000002, 35.676865]}, "properties": {"id": "PS_945217D8B1C3", "station_group_id": "SG_FD5074BCDDD5", "name_en": "赤坂見附", "name_ja": "赤坂見附", "label_rank": 92, "tags": ["tokyo", "v3"]}}, {"type": "Feature", "bbox": [139.72082, 35.77771, 139.72082, 35.77771], "geometry": {"type": "Point", "coordinates": [139.72082, 35.77771]}, "properties": {"id": "PS_A873F409F30E", "station_group_id": "SG_BDB584A1CD54", "name_en": "赤羽", "name_ja": "赤羽", "label_rank": 92, "tags": ["tokyo", "v3"]}}, {"type": "Feature", "bbox": [139.72082, 35.77771, 139.72082, 35.77771], "geometry": {"type": "Point", "coordinates": [139.72082, 35.77771]}, "properties": {"id": "PS_0FACD5E37346", "station_group_id": "SG_BDB584A1CD54", "name_en": "赤羽", "name_ja": "赤羽", "label_rank": 92, "tags": ["tokyo", "v3"]}}, {"type": "Feature", "bbox": [139.72116499999998, 35.777585, 139.72116499999998, 35.777585], "geometry": {"type": "Point", "coordinates": [139.72116499999998, 35.777585]}, "properties": {"id": "PS_6A39FC5FB6AD", "station_group_id": "SG_BDB584A1CD54", "name_en": "赤羽", "name_ja": "赤羽", "label_rank": 92, "tags": ["tokyo", "v3"]}}, {"type": "Feature", "bbox": [139.72211, 35.783355, 139.72211, 35.783355], "geometry": {"type": "Point", "coordinates": [139.72211, 35.783355]}, "properties": {"id": "PS_A104EEA2ECC2", "station_group_id": "SG_96715AEE26A0", "name_en": "赤羽岩淵", "name_ja": "赤羽岩淵", "label_rank": 72, "tags": ["tokyo", "v3"]}}, {"type": "Feature", "bbox": [139.72211, 35.783355, 139.72211, 35.783355], "geometry": {"type": "Point", "coordinates": [139.72211, 35.783355]}, "properties": {"id": "PS_35AEE6869CA0", "station_group_id": "SG_96715AEE26A0", "name_en": "赤羽岩淵", "name_ja": "赤羽岩淵", "label_rank": 72, "tags": ["tokyo", "v3"]}}, {"type": "Feature", "bbox": [139.78623499999998, 35.88753, 139.78623499999998, 35.88753], "geometry": {"type": "Point", "coordinates": [139.78623499999998, 35.88753]}, "properties": {"id": "PS_B9386D487219", "station_group_id": "SG_A6B3A54FBC90", "name_en": "越谷", "name_ja": "越谷", "label_rank": 92, "tags": ["tokyo", "v3"]}}, {"type": "Feature", "bbox": [139.82226, 35.876104999999995, 139.82226, 35.876104999999995], "geometry": {"type": "Point", "coordinates": [139.82226, 35.876104999999995]}, "properties": {"id": "PS_C5ABA8F7AC24", "station_group_id": "SG_AF9DB059743D", "name_en": "越谷レイクタウン", "name_ja": "越谷レイクタウン", "label_rank": 72, "tags": ["tokyo", "v3"]}}, {"type": "Feature", "bbox": [139.770205, 35.754635, 139.770205, 35.754635], "geometry": {"type": "Point", "coordinates": [139.770205, 35.754635]}, "properties": {"id": "PS_DC315BF747C6", "station_group_id": "SG_40970ACB719B", "name_en": "足立小台", "name_ja": "足立小台", "label_rank": 72, "tags": ["tokyo", "v3"]}}, {"type": "Feature", "bbox": [139.69262500000002, 35.69059, 139.69262500000002, 35.69059], "geometry": {"type": "Point", "coordinates": [139.69262500000002, 35.69059]}, "properties": {"id": "PS_2C6ECCFA4366", "station_group_id": "SG_EF6FC9114AEA", "name_en": "都庁前", "name_ja": "都庁前", "label_rank": 72, "tags": ["tokyo", "v3"]}}, {"type": "Feature", "bbox": [139.64543, 35.72219, 139.64543, 35.72219], "geometry": {"type": "Point", "coordinates": [139.64543, 35.72219]}, "properties": {"id": "PS_C6E4824030E1", "station_group_id": "SG_74012FAA8694", "name_en": "都立家政", "name_ja": "都立家政", "label_rank": 72, "tags": ["tokyo", "v3"]}}, {"type": "Feature", "bbox": [139.71783, 35.724075, 139.71783, 35.724075], "geometry": {"type": "Point", "coordinates": [139.71783, 35.724075]}, "properties": {"id": "PS_FC76FF1D0541", "station_group_id": "SG_E980B2FC4DE3", "name_en": "都電雑司ヶ谷", "name_ja": "都電雑司ヶ谷", "label_rank": 72, "tags": ["tokyo", "v3"]}}, {"type": "Feature", "bbox": [139.653515, 35.71957999999999, 139.653515, 35.71957999999999], "geometry": {"type": "Point", "coordinates": [139.653515, 35.71957999999999]}, "properties": {"id": "PS_0AF207A425F7", "station_group_id": "SG_A0D4D5ED212B", "name_en": "野方", "name_ja": "野方", "label_rank": 72, "tags": ["tokyo", "v3"]}}, {"type": "Feature", "bbox": [139.764005, 35.671980000000005, 139.764005, 35.671980000000005], "geometry": {"type": "Point", "coordinates": [139.764005, 35.671980000000005]}, "properties": {"id": "PS_F6E3874FBD9E", "station_group_id": "SG_301A10807809", "name_en": "銀座", "name_ja": "銀座", "label_rank": 92, "tags": ["tokyo", "v3"]}}, {"type": "Feature", "bbox": [139.76382999999998, 35.673235000000005, 139.76382999999998, 35.673235000000005], "geometry": {"type": "Point", "coordinates": [139.76382999999998, 35.673235000000005]}, "properties": {"id": "PS_1C97AC2F459C", "station_group_id": "SG_301A10807809", "name_en": "銀座", "name_ja": "銀座", "label_rank": 92, "tags": ["tokyo", "v3"]}}, {"type": "Feature", "bbox": [139.76677999999998, 35.67451, 139.76677999999998, 35.67451], "geometry": {"type": "Point", "coordinates": [139.76677999999998, 35.67451]}, "properties": {"id": "PS_62DD7C685AB3", "station_group_id": "SG_DEC204183217", "name_en": "銀座一丁目", "name_ja": "銀座一丁目", "label_rank": 72, "tags": ["tokyo", "v3"]}}, {"type": "Feature", "bbox": [139.814955, 35.69744, 139.814955, 35.69744], "geometry": {"type": "Point", "coordinates": [139.814955, 35.69744]}, "properties": {"id": "PS_7D6BF7D43568", "station_group_id": "SG_005788CEE23D", "name_en": "錦糸町", "name_ja": "錦糸町", "label_rank": 92, "tags": ["tokyo", "v3"]}}, {"type": "Feature", "bbox": [139.81432, 35.69672, 139.81432, 35.69672], "geometry": {"type": "Point", "coordinates": [139.81432, 35.69672]}, "properties": {"id": "PS_2C821FD4F0A6", "station_group_id": "SG_005788CEE23D", "name_en": "錦糸町", "name_ja": "錦糸町", "label_rank": 92, "tags": ["tokyo", "v3"]}}, {"type": "Feature", "bbox": [139.82037, 35.733760000000004, 139.82037, 35.733760000000004], "geometry": {"type": "Point", "coordinates": [139.82037, 35.733760000000004]}, "properties": {"id": "PS_19CE8D76A1CA", "station_group_id": "SG_1914B2AE6F47", "name_en": "鐘ヶ淵", "name_ja": "鐘ヶ淵", "label_rank": 72, "tags": ["tokyo", "v3"]}}, {"type": "Feature", "bbox": [139.7961, 35.671895000000006, 139.7961, 35.671895000000006], "geometry": {"type": "Point", "coordinates": [139.7961, 35.671895000000006]}, "properties": {"id": "PS_61FCC24DA698", "station_group_id": "SG_41E268F5461C", "name_en": "門前仲町", "name_ja": "門前仲町", "label_rank": 92, "tags": ["tokyo", "v3"]}}, {"type": "Feature", "bbox": [139.795105, 35.67277, 139.795105, 35.67277], "geometry": {"type": "Point", "coordinates": [139.795105, 35.67277]}, "properties": {"id": "PS_5AFE0A2F4AA6", "station_group_id": "SG_41E268F5461C", "name_en": "門前仲町", "name_ja": "門前仲町", "label_rank": 92, "tags": ["tokyo", "v3"]}}, {"type": "Feature", "bbox": [139.635855, 35.70488, 139.635855, 35.70488], "geometry": {"type": "Point", "coordinates": [139.635855, 35.70488]}, "properties": {"id": "PS_CC0B2DA3584F", "station_group_id": "SG_B4A0B005439F", "name_en": "阿佐ヶ谷", "name_ja": "阿佐ヶ谷", "label_rank": 92, "tags": ["tokyo", "v3"]}}, {"type": "Feature", "bbox": [139.714715, 35.7202, 139.714715, 35.7202], "geometry": {"type": "Point", "coordinates": [139.714715, 35.7202]}, "properties": {"id": "PS_AA9DC43A35B3", "station_group_id": "SG_FB29C4C9161B", "name_en": "雑司が谷", "name_ja": "雑司が谷", "label_rank": 72, "tags": ["tokyo", "v3"]}}, {"type": "Feature", "bbox": [139.75106, 35.673874999999995, 139.75106, 35.673874999999995], "geometry": {"type": "Point", "coordinates": [139.75106, 35.673874999999995]}, "properties": {"id": "PS_3F822D20B578", "station_group_id": "SG_4220EE36F74E", "name_en": "霞ヶ関", "name_ja": "霞ヶ関", "label_rank": 92, "tags": ["tokyo", "v3"]}}, {"type": "Feature", "bbox": [139.75268, 35.674234999999996, 139.75268, 35.674234999999996], "geometry": {"type": "Point", "coordinates": [139.75268, 35.674234999999996]}, "properties": {"id": "PS_D808CD93A65E", "station_group_id": "SG_4220EE36F74E", "name_en": "霞ヶ関", "name_ja": "霞ヶ関", "label_rank": 92, "tags": ["tokyo", "v3"]}}, {"type": "Feature", "bbox": [139.75177000000002, 35.672560000000004, 139.75177000000002, 35.672560000000004], "geometry": {"type": "Point", "coordinates": [139.75177000000002, 35.672560000000004]}, "properties": {"id": "PS_D9B915FFFD76", "station_group_id": "SG_4220EE36F74E", "name_en": "霞ヶ関", "name_ja": "霞ヶ関", "label_rank": 92, "tags": ["tokyo", "v3"]}}, {"type": "Feature", "bbox": [139.820245, 35.772, 139.820245, 35.772], "geometry": {"type": "Point", "coordinates": [139.820245, 35.772]}, "properties": {"id": "PS_D747FA73C2FC", "station_group_id": "SG_532D862C8870", "name_en": "青井", "name_ja": "青井", "label_rank": 72, "tags": ["tokyo", "v3"]}}, {"type": "Feature", "bbox": [139.72414500000002, 35.67279, 139.72414500000002, 35.67279], "geometry": {"type": "Point", "coordinates": [139.72414500000002, 35.67279]}, "properties": {"id": "PS_1950CB51A156", "station_group_id": "SG_7BAE5CF6AD2C", "name_en": "青山一丁目", "name_ja": "青山一丁目", "label_rank": 92, "tags": ["tokyo", "v3"]}}, {"type": "Feature", "bbox": [139.724075, 35.672955, 139.724075, 35.672955], "geometry": {"type": "Point", "coordinates": [139.724075, 35.672955]}, "properties": {"id": "PS_CA9DA4F928DD", "station_group_id": "SG_7BAE5CF6AD2C", "name_en": "青山一丁目", "name_ja": "青山一丁目", "label_rank": 92, "tags": ["tokyo", "v3"]}}, {"type": "Feature", "bbox": [139.72398, 35.67292, 139.72398, 35.67292], "geometry": {"type": "Point", "coordinates": [139.72398, 35.67292]}, "properties": {"id": "PS_0D1BD130DB15", "station_group_id": "SG_7BAE5CF6AD2C", "name_en": "青山一丁目", "name_ja": "青山一丁目", "label_rank": 92, "tags": ["tokyo", "v3"]}}, {"type": "Feature", "bbox": [139.714675, 35.712855, 139.714675, 35.712855], "geometry": {"type": "Point", "coordinates": [139.714675, 35.712855]}, "properties": {"id": "PS_8F4ABF20C422", "station_group_id": "SG_2B2AE14E2C92", "name_en": "面影橋", "name_ja": "面影橋", "label_rank": 72, "tags": ["tokyo", "v3"]}}, {"type": "Feature", "bbox": [139.73732, 35.750065, 139.73732, 35.750065], "geometry": {"type": "Point", "coordinates": [139.73732, 35.750065]}, "properties": {"id": "PS_219C3E5BC3EC", "station_group_id": "SG_F39F12A6A64B", "name_en": "飛鳥山", "name_ja": "飛鳥山", "label_rank": 72, "tags": ["tokyo", "v3"]}}, {"type": "Feature", "bbox": [139.74653, 35.70142, 139.74653, 35.70142], "geometry": {"type": "Point", "coordinates": [139.74653, 35.70142]}, "properties": {"id": "PS_C333235ED505", "station_group_id": "SG_E8B3031E573F", "name_en": "飯田橋", "name_ja": "飯田橋", "label_rank": 92, "tags": ["tokyo", "v3"]}}, {"type": "Feature", "bbox": [139.74378000000002, 35.70149000000001, 139.74378000000002, 35.70149000000001], "geometry": {"type": "Point", "coordinates": [139.74378000000002, 35.70149000000001]}, "properties": {"id": "PS_4A96A7CDD538", "station_group_id": "SG_E8B3031E573F", "name_en": "飯田橋", "name_ja": "飯田橋", "label_rank": 92, "tags": ["tokyo", "v3"]}}, {"type": "Feature", "bbox": [139.743225, 35.70133, 139.743225, 35.70133], "geometry": {"type": "Point", "coordinates": [139.743225, 35.70133]}, "properties": {"id": "PS_4E7A2B105DAD", "station_group_id": "SG_E8B3031E573F", "name_en": "飯田橋", "name_ja": "飯田橋", "label_rank": 92, "tags": ["tokyo", "v3"]}}, {"type": "Feature", "bbox": [139.745745, 35.7031, 139.745745, 35.7031], "geometry": {"type": "Point", "coordinates": [139.745745, 35.7031]}, "properties": {"id": "PS_17750E1FA62E", "station_group_id": "SG_E8B3031E573F", "name_en": "飯田橋", "name_ja": "飯田橋", "label_rank": 92, "tags": ["tokyo", "v3"]}}, {"type": "Feature", "bbox": [139.74362000000002, 35.700154999999995, 139.74362000000002, 35.700154999999995], "geometry": {"type": "Point", "coordinates": [139.74362000000002, 35.700154999999995]}, "properties": {"id": "PS_E16651D7959C", "station_group_id": "SG_E8B3031E573F", "name_en": "飯田橋", "name_ja": "飯田橋", "label_rank": 92, "tags": ["tokyo", "v3"]}}, {"type": "Feature", "bbox": [139.782925, 35.692009999999996, 139.782925, 35.692009999999996], "geometry": {"type": "Point", "coordinates": [139.782925, 35.692009999999996]}, "properties": {"id": "PS_0350717BD51B", "station_group_id": "SG_12E081F46EA1", "name_en": "馬喰横山", "name_ja": "馬喰横山", "label_rank": 72, "tags": ["tokyo", "v3"]}}, {"type": "Feature", "bbox": [139.782435, 35.69337, 139.782435, 35.69337], "geometry": {"type": "Point", "coordinates": [139.782435, 35.69337]}, "properties": {"id": "PS_667A29097A90", "station_group_id": "SG_010BE31D9978", "name_en": "馬喰町", "name_ja": "馬喰町", "label_rank": 72, "tags": ["tokyo", "v3"]}}, {"type": "Feature", "bbox": [139.746895, 35.735905, 139.746895, 35.735905], "geometry": {"type": "Point", "coordinates": [139.746895, 35.735905]}, "properties": {"id": "PS_53015EDD536B", "station_group_id": "SG_3364E3517BCA", "name_en": "駒込", "name_ja": "駒込", "label_rank": 92, "tags": ["tokyo", "v3"]}}, {"type": "Feature", "bbox": [139.74805500000002, 35.73686, 139.74805500000002, 35.73686], "geometry": {"type": "Point", "coordinates": [139.74805500000002, 35.73686]}, "properties": {"id": "PS_A26015ECE27D", "station_group_id": "SG_3364E3517BCA", "name_en": "駒込", "name_ja": "駒込", "label_rank": 92, "tags": ["tokyo", "v3"]}}, {"type": "Feature", "bbox": [139.61523, 35.683260000000004, 139.61523, 35.683260000000004], "geometry": {"type": "Point", "coordinates": [139.61523, 35.683260000000004]}, "properties": {"id": "PS_DF45A5A83BA4", "station_group_id": "SG_41F84E0A7D7E", "name_en": "高井戸", "name_ja": "高井戸", "label_rank": 72, "tags": ["tokyo", "v3"]}}, {"type": "Feature", "bbox": [139.6497, 35.705325, 139.6497, 35.705325], "geometry": {"type": "Point", "coordinates": [139.6497, 35.705325]}, "properties": {"id": "PS_551B520D6E36", "station_group_id": "SG_CD68AEC749A0", "name_en": "高円寺", "name_ja": "高円寺", "label_rank": 92, "tags": ["tokyo", "v3"]}}, {"type": "Feature", "bbox": [139.661295, 35.788934999999995, 139.661295, 35.788934999999995], "geometry": {"type": "Point", "coordinates": [139.661295, 35.788934999999995]}, "properties": {"id": "PS_46B809C2C205", "station_group_id": "SG_48034BB7AE73", "name_en": "高島平", "name_ja": "高島平", "label_rank": 72, "tags": ["tokyo", "v3"]}}, {"type": "Feature", "bbox": [139.703995, 35.712435, 139.703995, 35.712435], "geometry": {"type": "Point", "coordinates": [139.703995, 35.712435]}, "properties": {"id": "PS_DA5ACF50FB7F", "station_group_id": "SG_3E0D78678100", "name_en": "高田馬場", "name_ja": "高田馬場", "label_rank": 92, "tags": ["tokyo", "v3"]}}, {"type": "Feature", "bbox": [139.70504499999998, 35.71328, 139.70504499999998, 35.71328], "geometry": {"type": "Point", "coordinates": [139.70504499999998, 35.71328]}, "properties": {"id": "PS_40B18B3B19F9", "station_group_id": "SG_3E0D78678100", "name_en": "高田馬場", "name_ja": "高田馬場", "label_rank": 92, "tags": ["tokyo", "v3"]}}, {"type": "Feature", "bbox": [139.703825, 35.712905, 139.703825, 35.712905], "geometry": {"type": "Point", "coordinates": [139.703825, 35.712905]}, "properties": {"id": "PS_7C0CAFD92D00", "station_group_id": "SG_3E0D78678100", "name_en": "高田馬場", "name_ja": "高田馬場", "label_rank": 92, "tags": ["tokyo", "v3"]}}, {"type": "Feature", "bbox": [139.77071999999998, 35.768254999999996, 139.77071999999998, 35.768254999999996], "geometry": {"type": "Point", "coordinates": [139.77071999999998, 35.768254999999996]}, "properties": {"id": "PS_C87EB48E6979", "station_group_id": "SG_F3D1A4A9F413", "name_en": "高野", "name_ja": "高野", "label_rank": 72, "tags": ["tokyo", "v3"]}}, {"type": "Feature", "bbox": [139.715155, 35.72058, 139.715155, 35.72058], "geometry": {"type": "Point", "coordinates": [139.715155, 35.72058]}, "properties": {"id": "PS_348965372C39", "station_group_id": "SG_36260155041C", "name_en": "鬼子母神前", "name_ja": "鬼子母神前", "label_rank": 72, "tags": ["tokyo", "v3"]}}, {"type": "Feature", "bbox": [139.73615999999998, 35.830799999999996, 139.73615999999998, 35.830799999999996], "geometry": {"type": "Point", "coordinates": [139.73615999999998, 35.830799999999996]}, "properties": {"id": "PS_77EF63C97A1C", "station_group_id": "SG_64494CA92E92", "name_en": "鳩ヶ谷", "name_ja": "鳩ヶ谷", "label_rank": 72, "tags": ["tokyo", "v3"]}}, {"type": "Feature", "bbox": [139.77803, 35.721455, 139.77803, 35.721455], "geometry": {"type": "Point", "coordinates": [139.77803, 35.721455]}, "properties": {"id": "PS_BBCE37A7B461", "station_group_id": "SG_722832BDFD66", "name_en": "鶯谷", "name_ja": "鶯谷", "label_rank": 72, "tags": ["tokyo", "v3"]}}, {"type": "Feature", "bbox": [139.63984499999998, 35.722620000000006, 139.63984499999998, 35.722620000000006], "geometry": {"type": "Point", "coordinates": [139.63984499999998, 35.722620000000006]}, "properties": {"id": "PS_9011E335B67A", "station_group_id": "SG_6C15556C8232", "name_en": "鷺ノ宮", "name_ja": "鷺ノ宮", "label_rank": 92, "tags": ["tokyo", "v3"]}}, {"type": "Feature", "bbox": [139.73735, 35.684785000000005, 139.73735, 35.684785000000005], "geometry": {"type": "Point", "coordinates": [139.73735, 35.684785000000005]}, "properties": {"id": "PS_237C03D472F5", "station_group_id": "SG_C7EBAEE23411", "name_en": "麹町", "name_ja": "麹町", "label_rank": 72, "tags": ["tokyo", "v3"]}}]}