{"type": "FeatureCollection", "features": [{"type": "Feature", "bbox": [139.01219, 36.32059, 139.01249, 36.32395], "geometry": {"type": "LineString", "coordinates": [[139.01249, 36.32059], [139.01243, 36.32143], [139.01224, 36.32339], [139.01219, 36.32395]]}, "properties": {"id": "TRACK_TOKYO_2283", "line_name": "高崎線", "station_group_ids": [], "mode": "rail", "operator_id": "jr_east", "line_color": "#F28E1C", "tags": ["tokyo", "track_centerline"]}}, {"type": "Feature", "bbox": [139.04299, 36.301, 139.04751, 36.30264], "geometry": {"type": "LineString", "coordinates": [[139.04751, 36.301], [139.0472, 36.30111], [139.04682, 36.30126], [139.04635, 36.30142], [139.04593, 36.30157], [139.04527, 36.30182], [139.04463, 36.30206], [139.04425, 36.30219], [139.04405, 36.30228], [139.04342, 36.30249], [139.04316, 36.30258], [139.04299, 36.30264]]}, "properties": {"id": "TRACK_TOKYO_2284", "line_name": "高崎線", "station_group_ids": [], "mode": "rail", "operator_id": "jr_east", "line_color": "#F28E1C", "tags": ["tokyo", "track_centerline"]}}, {"type": "Feature", "bbox": [139.02989, 36.30264, 139.04299, 36.3075], "geometry": {"type": "LineString", "coordinates": [[139.02989, 36.3075], [139.03029, 36.30742], [139.03073, 36.30728], [139.03152, 36.30703], [139.03196, 36.30691], [139.03241, 36.30675], [139.03305, 36.30652], [139.03374, 36.30628], [139.03422, 36.30611], [139.03476, 36.30591], [139.03527, 36.30572], [139.03605, 36.30544], [139.03653, 36.30526], [139.03713, 36.30504], [139.03749, 36.3049], [139.03784, 36.30474], [139.03836, 36.30448], [139.03874, 36.30428], [139.03908, 36.30413], [139.0394, 36.30399], [139.03995, 36.30376], [139.04037, 36.30361], [139.04088, 36.30342], [139.04175, 36.3031], [139.04217, 36.30296], [139.04281, 36.30274], [139.04299, 36.30264]]}, "properties": {"id": "TRACK_TOKYO_2285", "line_name": "高崎線", "station_group_ids": [], "mode": "rail", "operator_id": "jr_east", "line_color": "#F28E1C", "tags": ["tokyo", "track_centerline"]}}, {"type": "Feature", "bbox": [139.01249, 36.3075, 139.02989, 36.32059], "geometry": {"type": "LineString", "coordinates": [[139.01249, 36.32059], [139.01255, 36.31992], [139.01262, 36.3191], [139.01265, 36.31878], [139.01268, 36.31856], [139.01269, 36.31823], [139.01274, 36.31785], [139.01278, 36.31762], [139.01283, 36.31748], [139.0129, 36.31725], [139.01302, 36.31698], [139.01305, 36.31691], [139.01314, 36.31672], [139.01341, 36.31629], [139.01358, 36.31607], [139.01363, 36.316], [139.01378, 36.31584], [139.01399, 36.31561], [139.01406, 36.31555], [139.01411, 36.31551], [139.01424, 36.31541], [139.01479, 36.31508], [139.01495, 36.31499], [139.01503, 36.31494], [139.01543, 36.31473], [139.016, 36.31442], [139.01659, 36.31408], [139.01697, 36.3139], [139.01928, 36.31271], [139.0201, 36.31227], [139.02078, 36.3119], [139.02133, 36.31161], [139.02199, 36.31126], [139.02264, 36.31091], [139.02328, 36.31056], [139.02354, 36.31042], [139.02412, 36.31015], [139.02425, 36.31008], [139.02455, 36.30991], [139.02541, 36.30947], [139.02609, 36.30913], [139.02681, 36.30876], [139.02739, 36.30845], [139.02768, 36.30831], [139.02801, 36.30815], [139.0284, 36.30801], [139.02882, 36.30787], [139.02912, 36.30777], [139.0293, 36.30771], [139.0296, 36.30759], [139.02989, 36.3075]]}, "properties": {"id": "TRACK_TOKYO_2286", "line_name": "高崎線", "station_group_ids": [], "mode": "rail", "operator_id": "jr_east", "line_color": "#F28E1C", "tags": ["tokyo", "track_centerline"]}}, {"type": "Feature", "bbox": [139.04751, 36.29961, 139.05137, 36.301], "geometry": {"type": "LineString", "coordinates": [[139.05137, 36.29961], [139.05082, 36.2998], [139.05011, 36.30005], [139.04933, 36.30033], [139.04859, 36.30061], [139.04751, 36.301]]}, "properties": {"id": "TRACK_TOKYO_2287", "line_name": "高崎線", "station_group_ids": [], "mode": "rail", "operator_id": "jr_east", "line_color": "#F28E1C", "tags": ["tokyo", "track_centerline"]}}, {"type": "Feature", "bbox": [139.02989, 36.30264, 139.04299, 36.3075], "geometry": {"type": "LineString", "coordinates": [[139.02989, 36.3075], [139.0315, 36.30688], [139.03195, 36.3067], [139.03275, 36.3064], [139.03323, 36.30621], [139.0339, 36.30595], [139.03452, 36.30571], [139.03507, 36.30551], [139.03548, 36.30534], [139.03597, 36.30516], [139.03625, 36.30504], [139.03675, 36.30484], [139.03711, 36.30469], [139.03757, 36.3045], [139.03781, 36.3044], [139.0382, 36.30423], [139.03864, 36.30403], [139.03896, 36.3039], [139.03923, 36.30379], [139.03967, 36.30363], [139.03986, 36.30356], [139.03992, 36.30355], [139.04031, 36.30342], [139.04055, 36.30334], [139.04093, 36.30324], [139.04134, 36.30313], [139.04166, 36.30304], [139.04204, 36.30293], [139.04234, 36.30284], [139.04264, 36.30276], [139.04277, 36.30272], [139.04299, 36.30264]]}, "properties": {"id": "TRACK_TOKYO_2288", "line_name": "高崎線", "station_group_ids": [], "mode": "rail", "operator_id": "jr_east", "line_color": "#F28E1C", "tags": ["tokyo", "track_centerline"]}}, {"type": "Feature", "bbox": [139.28287, 36.17515, 139.32852, 36.19097], "geometry": {"type": "LineString", "coordinates": [[139.32852, 36.17515], [139.3277, 36.17548], [139.32714, 36.17572], [139.32615, 36.17613], [139.32558, 36.17638], [139.32536, 36.17647], [139.32311, 36.1774], [139.32245, 36.17769], [139.32055, 36.17848], [139.31856, 36.17932], [139.31719, 36.17989], [139.31673, 36.18009], [139.31538, 36.18066], [139.31447, 36.18105], [139.31272, 36.18177], [139.312, 36.18208], [139.31011, 36.18288], [139.30952, 36.18312], [139.30758, 36.18393], [139.30707, 36.18416], [139.30689, 36.18423], [139.30616, 36.18452], [139.30448, 36.18524], [139.30415, 36.18538], [139.30336, 36.18567], [139.30283, 36.18589], [139.30202, 36.18614], [139.30112, 36.18639], [139.29906, 36.18691], [139.29844, 36.18706], [139.29661, 36.18752], [139.29597, 36.18768], [139.29473, 36.188], [139.29269, 36.18851], [139.29166, 36.18877], [139.28983, 36.18923], [139.28886, 36.18946], [139.2872, 36.18989], [139.28654, 36.19005], [139.28602, 36.19018], [139.28575, 36.19025], [139.28476, 36.1905], [139.28423, 36.19062], [139.28287, 36.19097]]}, "properties": {"id": "TRACK_TOKYO_2289", "line_name": "高崎線", "station_group_ids": [], "mode": "rail", "operator_id": "jr_east", "line_color": "#F28E1C", "tags": ["tokyo", "track_centerline"]}}, {"type": "Feature", "bbox": [139.10367, 36.27238, 139.10696, 36.27383], "geometry": {"type": "LineString", "coordinates": [[139.10696, 36.27238], [139.10648, 36.27258], [139.1057, 36.27293], [139.10487, 36.27329], [139.10367, 36.27383]]}, "properties": {"id": "TRACK_TOKYO_2290", "line_name": "高崎線", "station_group_ids": [], "mode": "rail", "operator_id": "jr_east", "line_color": "#F28E1C", "tags": ["tokyo", "track_centerline"]}}, {"type": "Feature", "bbox": [139.27982, 36.19097, 139.28287, 36.19172], "geometry": {"type": "LineString", "coordinates": [[139.28287, 36.19097], [139.27982, 36.19172]]}, "properties": {"id": "TRACK_TOKYO_2291", "line_name": "高崎線", "station_group_ids": [], "mode": "rail", "operator_id": "jr_east", "line_color": "#F28E1C", "tags": ["tokyo", "track_centerline"]}}, {"type": "Feature", "bbox": [139.18652, 36.23558, 139.18975, 36.23702], "geometry": {"type": "LineString", "coordinates": [[139.18975, 36.23558], [139.18796, 36.23638], [139.18652, 36.23702]]}, "properties": {"id": "TRACK_TOKYO_2293", "line_name": "高崎線", "station_group_ids": [], "mode": "rail", "operator_id": "jr_east", "line_color": "#F28E1C", "tags": ["tokyo", "track_centerline"]}}, {"type": "Feature", "bbox": [139.23572, 36.20496, 139.23926, 36.20652], "geometry": {"type": "LineString", "coordinates": [[139.23926, 36.20496], [139.23773, 36.20562], [139.2368, 36.20603], [139.23572, 36.20652]]}, "properties": {"id": "TRACK_TOKYO_2294", "line_name": "高崎線", "station_group_ids": [], "mode": "rail", "operator_id": "jr_east", "line_color": "#F28E1C", "tags": ["tokyo", "track_centerline"]}}, {"type": "Feature", "bbox": [139.15042, 36.23702, 139.18652, 36.25304], "geometry": {"type": "LineString", "coordinates": [[139.18652, 36.23702], [139.18582, 36.23733], [139.1853, 36.23756], [139.18488, 36.23774], [139.18379, 36.23823], [139.18234, 36.23887], [139.18137, 36.23931], [139.18022, 36.23981], [139.17882, 36.24044], [139.17745, 36.24104], [139.17669, 36.24138], [139.17557, 36.24189], [139.175, 36.24215], [139.1747, 36.24228], [139.17161, 36.24364], [139.1701, 36.24431], [139.16889, 36.24484], [139.16674, 36.2458], [139.16584, 36.2462], [139.16499, 36.24657], [139.16399, 36.24702], [139.16236, 36.24774], [139.16029, 36.24865], [139.15909, 36.24917], [139.15817, 36.2496], [139.15688, 36.25017], [139.15611, 36.25051], [139.15568, 36.25071], [139.15445, 36.25126], [139.15318, 36.25183], [139.15158, 36.25254], [139.15042, 36.25304]]}, "properties": {"id": "TRACK_TOKYO_2295", "line_name": "高崎線", "station_group_ids": [], "mode": "rail", "operator_id": "jr_east", "line_color": "#F28E1C", "tags": ["tokyo", "track_centerline"]}}, {"type": "Feature", "bbox": [139.14761, 36.25304, 139.15042, 36.25421], "geometry": {"type": "LineString", "coordinates": [[139.14761, 36.25421], [139.14793, 36.25407], [139.14895, 36.25365], [139.15016, 36.25315], [139.15042, 36.25304]]}, "properties": {"id": "TRACK_TOKYO_2298", "line_name": "高崎線", "station_group_ids": [], "mode": "rail", "operator_id": "jr_east", "line_color": "#F28E1C", "tags": ["tokyo", "track_centerline"]}}, {"type": "Feature", "bbox": [139.07997, 36.27383, 139.10367, 36.28287], "geometry": {"type": "LineString", "coordinates": [[139.10367, 36.27383], [139.10321, 36.27402], [139.10263, 36.27426], [139.10248, 36.27433], [139.10227, 36.27442], [139.1017, 36.27468], [139.10143, 36.2748], [139.10121, 36.27489], [139.1007, 36.27511], [139.10005, 36.27539], [139.09965, 36.27557], [139.0991, 36.27581], [139.09863, 36.276], [139.09794, 36.27631], [139.09764, 36.27644], [139.09727, 36.27661], [139.09672, 36.27686], [139.09671, 36.27686], [139.09629, 36.27705], [139.0959, 36.27723], [139.09545, 36.27742], [139.09502, 36.2776], [139.09468, 36.27775], [139.09393, 36.27806], [139.09358, 36.27822], [139.09302, 36.27847], [139.09248, 36.2787], [139.09215, 36.27885], [139.09174, 36.27903], [139.09135, 36.27919], [139.09088, 36.2794], [139.09042, 36.27961], [139.09028, 36.27968], [139.09017, 36.27974], [139.08966, 36.27996], [139.08892, 36.28031], [139.08841, 36.28053], [139.08835, 36.28056], [139.08765, 36.28084], [139.08721, 36.281], [139.08682, 36.28116], [139.0864, 36.28132], [139.08603, 36.28143], [139.08558, 36.28157], [139.08517, 36.28169], [139.08437, 36.28186], [139.08373, 36.28202], [139.08325, 36.28212], [139.08272, 36.28225], [139.08221, 36.28236], [139.08083, 36.28268], [139.07997, 36.28287]]}, "properties": {"id": "TRACK_TOKYO_2300", "line_name": "高崎線", "station_group_ids": [], "mode": "rail", "operator_id": "jr_east", "line_color": "#F28E1C", "tags": ["tokyo", "track_centerline"]}}, {"type": "Feature", "bbox": [139.10696, 36.25421, 139.14761, 36.27238], "geometry": {"type": "LineString", "coordinates": [[139.10696, 36.27238], [139.10774, 36.27204], [139.10933, 36.27135], [139.10973, 36.27118], [139.11034, 36.27091], [139.113, 36.26972], [139.11386, 36.26934], [139.11553, 36.26861], [139.11637, 36.26825], [139.11654, 36.26818], [139.11684, 36.26805], [139.11757, 36.26773], [139.11829, 36.26741], [139.11885, 36.26717], [139.11957, 36.26684], [139.12, 36.26664], [139.12074, 36.26629], [139.12113, 36.26613], [139.12149, 36.26595], [139.12176, 36.26583], [139.12181, 36.26581], [139.12213, 36.26567], [139.12253, 36.2655], [139.12271, 36.26542], [139.12313, 36.26524], [139.12326, 36.26518], [139.12363, 36.26502], [139.12387, 36.26491], [139.12422, 36.26475], [139.12489, 36.26445], [139.12655, 36.26371], [139.12731, 36.26336], [139.12734, 36.26335], [139.12738, 36.26333], [139.12747, 36.2633], [139.12823, 36.26295], [139.12889, 36.26265], [139.12913, 36.26254], [139.12957, 36.26234], [139.12994, 36.26217], [139.13007, 36.26212], [139.1303, 36.26202], [139.13064, 36.26187], [139.13088, 36.26175], [139.13172, 36.26138], [139.13218, 36.26117], [139.13421, 36.26025], [139.13483, 36.25997], [139.13523, 36.25979], [139.13535, 36.25973], [139.13595, 36.25946], [139.13692, 36.25903], [139.13696, 36.259], [139.13735, 36.25883], [139.13792, 36.25858], [139.13884, 36.25816], [139.13901, 36.25809], [139.13955, 36.25784], [139.13964, 36.25782], [139.13979, 36.25774], [139.14045, 36.25745], [139.14195, 36.25677], [139.14206, 36.25672], [139.14216, 36.25667], [139.14343, 36.25609], [139.14356, 36.25603], [139.14397, 36.25585], [139.14428, 36.25571], [139.14451, 36.25561], [139.14521, 36.25529], [139.1458, 36.25502], [139.14652, 36.2547], [139.14715, 36.25442], [139.14745, 36.25429], [139.14761, 36.25421]]}, "properties": {"id": "TRACK_TOKYO_2301", "line_name": "高崎線", "station_group_ids": [], "mode": "rail", "operator_id": "jr_east", "line_color": "#F28E1C", "tags": ["tokyo", "track_centerline"]}}, {"type": "Feature", "bbox": [139.18975, 36.20652, 139.23572, 36.23558], "geometry": {"type": "LineString", "coordinates": [[139.23572, 36.20652], [139.23487, 36.20691], [139.2343, 36.20717], [139.23394, 36.20734], [139.23274, 36.20792], [139.2321, 36.20822], [139.23167, 36.20843], [139.23143, 36.20856], [139.23106, 36.20875], [139.23062, 36.20901], [139.23019, 36.20927], [139.22949, 36.20973], [139.22859, 36.21035], [139.22803, 36.21073], [139.22713, 36.21139], [139.22634, 36.21191], [139.22551, 36.21245], [139.22541, 36.21251], [139.22488, 36.21285], [139.22386, 36.21349], [139.22323, 36.21389], [139.22277, 36.21416], [139.22242, 36.21433], [139.22213, 36.21447], [139.22189, 36.21458], [139.22169, 36.21466], [139.22115, 36.21487], [139.22032, 36.21516], [139.21963, 36.2154], [139.2191, 36.21558], [139.21806, 36.21596], [139.21704, 36.21631], [139.21573, 36.21678], [139.21547, 36.21688], [139.21482, 36.21711], [139.21349, 36.2176], [139.21308, 36.21775], [139.21264, 36.21793], [139.21245, 36.21801], [139.21229, 36.2181], [139.21207, 36.21821], [139.21188, 36.21831], [139.21162, 36.21845], [139.2115, 36.21852], [139.21125, 36.2187], [139.21101, 36.21887], [139.21069, 36.21913], [139.21053, 36.21926], [139.21025, 36.2195], [139.20984, 36.21987], [139.20932, 36.22034], [139.20906, 36.2206], [139.20828, 36.2213], [139.20797, 36.22158], [139.20734, 36.22214], [139.20638, 36.22299], [139.2056, 36.2237], [139.20476, 36.22446], [139.20418, 36.22499], [139.20353, 36.22557], [139.20285, 36.22619], [139.20197, 36.22696], [139.20036, 36.22842], [139.20016, 36.2286], [139.19914, 36.2295], [139.19842, 36.23015], [139.19819, 36.23035], [139.19725, 36.2312], [139.19654, 36.23185], [139.19586, 36.23246], [139.19515, 36.23303], [139.1946, 36.23342], [139.19368, 36.23384], [139.19237, 36.23443], [139.19189, 36.23464], [139.19044, 36.23527], [139.18975, 36.23558]]}, "properties": {"id": "TRACK_TOKYO_2302", "line_name": "高崎線", "station_group_ids": [], "mode": "rail", "operator_id": "jr_east", "line_color": "#F28E1C", "tags": ["tokyo", "track_centerline"]}}, {"type": "Feature", "bbox": [139.23926, 36.19172, 139.27982, 36.20496], "geometry": {"type": "LineString", "coordinates": [[139.27982, 36.19172], [139.27952, 36.19181], [139.27816, 36.19215], [139.27755, 36.19231], [139.27671, 36.19253], [139.27668, 36.19254], [139.27528, 36.19289], [139.27474, 36.19304], [139.27386, 36.19328], [139.27271, 36.19361], [139.27239, 36.1937], [139.27209, 36.19379], [139.27174, 36.19388], [139.27114, 36.19402], [139.2708, 36.1941], [139.27017, 36.1942], [139.26937, 36.19429], [139.2686, 36.19438], [139.26778, 36.19444], [139.26708, 36.1945], [139.26627, 36.19455], [139.26598, 36.19457], [139.26567, 36.1946], [139.2649, 36.19469], [139.26424, 36.19476], [139.2635, 36.19485], [139.26267, 36.19499], [139.2621, 36.19511], [139.26151, 36.19527], [139.26111, 36.19538], [139.26076, 36.1955], [139.2603, 36.19564], [139.26014, 36.19571], [139.25996, 36.19578], [139.25969, 36.1959], [139.25918, 36.19612], [139.25712, 36.19704], [139.2557, 36.19767], [139.2552, 36.19789], [139.25322, 36.19877], [139.25234, 36.19917], [139.25064, 36.19991], [139.24958, 36.20039], [139.24828, 36.20099], [139.24782, 36.20121], [139.24679, 36.20172], [139.24614, 36.20202], [139.24509, 36.20247], [139.24421, 36.20284], [139.2431, 36.20331], [139.24203, 36.20377], [139.24121, 36.20413], [139.24043, 36.20446], [139.23964, 36.20479], [139.23926, 36.20496]]}, "properties": {"id": "TRACK_TOKYO_2303", "line_name": "高崎線", "station_group_ids": [], "mode": "rail", "operator_id": "jr_east", "line_color": "#F28E1C", "tags": ["tokyo", "track_centerline"]}}, {"type": "Feature", "bbox": [139.05137, 36.29533, 139.06314, 36.29961], "geometry": {"type": "LineString", "coordinates": [[139.05137, 36.29961], [139.0519, 36.29944], [139.0525, 36.29922], [139.05256, 36.2992], [139.05276, 36.29911], [139.05308, 36.299], [139.05362, 36.29881], [139.05412, 36.29863], [139.05465, 36.29844], [139.05529, 36.29821], [139.05564, 36.29808], [139.05613, 36.2979], [139.05657, 36.29773], [139.05707, 36.29755], [139.05756, 36.29738], [139.05789, 36.29725], [139.05822, 36.29713], [139.05868, 36.29696], [139.05904, 36.29682], [139.05947, 36.29667], [139.06002, 36.29647], [139.06045, 36.29632], [139.0606, 36.29625], [139.06101, 36.29611], [139.06156, 36.2959], [139.06217, 36.29568], [139.06257, 36.29553], [139.06261, 36.29552], [139.06294, 36.29541], [139.06314, 36.29533]]}, "properties": {"id": "TRACK_TOKYO_2304", "line_name": "高崎線", "station_group_ids": [], "mode": "rail", "operator_id": "jr_east", "line_color": "#F28E1C", "tags": ["tokyo", "track_centerline"]}}, {"type": "Feature", "bbox": [139.06314, 36.28455, 139.07288, 36.29533], "geometry": {"type": "LineString", "coordinates": [[139.06314, 36.29533], [139.0638, 36.29489], [139.06405, 36.29475], [139.06455, 36.29439], [139.06488, 36.29411], [139.0652, 36.29381], [139.06556, 36.29344], [139.06579, 36.29319], [139.06601, 36.29292], [139.06607, 36.29283], [139.06626, 36.29256], [139.0664, 36.29234], [139.06657, 36.29203], [139.06677, 36.29164], [139.06686, 36.2914], [139.067, 36.29108], [139.06714, 36.29066], [139.0674, 36.28998], [139.06755, 36.2896], [139.06762, 36.28942], [139.06777, 36.28906], [139.06785, 36.28889], [139.0681, 36.28837], [139.06836, 36.28785], [139.06852, 36.2876], [139.0687, 36.28735], [139.06871, 36.28733], [139.06882, 36.28721], [139.06903, 36.28695], [139.0692, 36.28677], [139.0695, 36.28648], [139.06975, 36.28626], [139.07007, 36.28601], [139.0703, 36.28584], [139.07056, 36.28566], [139.07078, 36.28552], [139.07103, 36.28537], [139.07125, 36.28525], [139.07158, 36.2851], [139.07176, 36.28501], [139.072, 36.2849], [139.07229, 36.28476], [139.07288, 36.28455]]}, "properties": {"id": "TRACK_TOKYO_2305", "line_name": "高崎線", "station_group_ids": [], "mode": "rail", "operator_id": "jr_east", "line_color": "#F28E1C", "tags": ["tokyo", "track_centerline"]}}, {"type": "Feature", "bbox": [139.06314, 36.28455, 139.07288, 36.29533], "geometry": {"type": "LineString", "coordinates": [[139.06314, 36.29533], [139.06436, 36.29489], [139.065, 36.29466], [139.06556, 36.29447], [139.06588, 36.29434], [139.06634, 36.29412], [139.06666, 36.29396], [139.06711, 36.29363], [139.06751, 36.29323], [139.06786, 36.29281], [139.06813, 36.29245], [139.06839, 36.292], [139.06853, 36.29172], [139.06875, 36.29117], [139.0688, 36.29102], [139.06905, 36.29036], [139.06929, 36.28973], [139.0696, 36.2889], [139.06992, 36.28808], [139.07008, 36.28764], [139.07012, 36.28753], [139.07034, 36.28697], [139.07061, 36.28645], [139.07077, 36.28623], [139.07091, 36.28604], [139.07102, 36.28592], [139.07112, 36.2858], [139.07126, 36.28566], [139.07169, 36.2853], [139.07172, 36.28527], [139.07181, 36.2852], [139.07186, 36.28517], [139.07194, 36.2851], [139.07228, 36.28488], [139.07288, 36.28455]]}, "properties": {"id": "TRACK_TOKYO_2306", "line_name": "高崎線", "station_group_ids": [], "mode": "rail", "operator_id": "jr_east", "line_color": "#F28E1C", "tags": ["tokyo", "track_centerline"]}}, {"type": "Feature", "bbox": [139.07288, 36.28287, 139.07997, 36.28455], "geometry": {"type": "LineString", "coordinates": [[139.07288, 36.28455], [139.07296, 36.28451], [139.07318, 36.28443], [139.07358, 36.28431], [139.07403, 36.2842], [139.0745, 36.2841], [139.07505, 36.28397], [139.0758, 36.2838], [139.07632, 36.28368], [139.07696, 36.28354], [139.07747, 36.28343], [139.07765, 36.28337], [139.07813, 36.28327], [139.07868, 36.28316], [139.07915, 36.28305], [139.07978, 36.2829], [139.07997, 36.28287]]}, "properties": {"id": "TRACK_TOKYO_2307", "line_name": "高崎線", "station_group_ids": [], "mode": "rail", "operator_id": "jr_east", "line_color": "#F28E1C", "tags": ["tokyo", "track_centerline"]}}, {"type": "Feature", "bbox": [139.01277, 36.32111, 139.0132, 36.3248], "geometry": {"type": "LineString", "coordinates": [[139.0132, 36.32111], [139.01317, 36.32134], [139.01315, 36.32162], [139.01283, 36.32435], [139.01277, 36.3248]]}, "properties": {"id": "TRACK_TOKYO_2409", "line_name": "上越新幹線", "station_group_ids": [], "mode": "shinkansen", "operator_id": "jr_east", "line_color": "#E65045", "tags": ["tokyo", "track_centerline"]}}, {"type": "Feature", "bbox": [138.99996, 36.3248, 139.01277, 36.3548], "geometry": {"type": "LineString", "coordinates": [[139.01277, 36.3248], [139.01273, 36.32525], [139.01271, 36.32542], [139.01249, 36.32713], [139.01226, 36.32899], [139.01213, 36.33015], [139.01191, 36.33197], [139.01178, 36.33304], [139.01162, 36.33422], [139.01159, 36.33439], [139.01151, 36.33484], [139.01148, 36.33517], [139.01141, 36.33568], [139.01133, 36.33609], [139.0113, 36.33627], [139.01126, 36.33648], [139.01111, 36.3371], [139.01095, 36.33766], [139.01065, 36.33869], [139.01042, 36.33936], [139.01028, 36.33979], [139.0099, 36.3408], [139.00971, 36.34125], [139.00926, 36.34216], [139.0089, 36.34283], [139.00849, 36.34354], [139.00787, 36.34449], [139.00757, 36.34493], [139.00741, 36.34516], [139.00636, 36.34652], [139.00603, 36.34695], [139.00552, 36.34763], [139.00545, 36.34771], [139.00431, 36.34921], [139.00374, 36.34994], [139.00343, 36.35035], [139.00202, 36.35219], [139.00092, 36.35361], [139.00046, 36.35418], [138.99996, 36.3548]]}, "properties": {"id": "TRACK_TOKYO_2410", "line_name": "上越新幹線", "station_group_ids": [], "mode": "shinkansen", "operator_id": "jr_east", "line_color": "#E65045", "tags": ["tokyo", "track_centerline"]}}, {"type": "Feature", "bbox": [138.96582, 36.3548, 138.99996, 36.6856], "geometry": {"type": "LineString", "coordinates": [[138.99996, 36.3548], [138.99878, 36.3564], [138.99827, 36.35718], [138.99794, 36.35774], [138.99785, 36.35787], [138.99757, 36.35832], [138.99728, 36.3588], [138.99681, 36.35957], [138.99667, 36.35976], [138.9966, 36.35989], [138.99648, 36.36008], [138.99637, 36.36031], [138.99626, 36.3605], [138.99617, 36.36069], [138.99604, 36.36093], [138.99587, 36.36129], [138.99573, 36.36159], [138.99564, 36.36178], [138.99558, 36.36192], [138.99541, 36.36229], [138.99533, 36.36247], [138.99527, 36.36265], [138.99518, 36.36286], [138.99513, 36.36298], [138.99499, 36.36332], [138.99483, 36.36375], [138.99475, 36.36397], [138.9946, 36.36439], [138.99451, 36.36465], [138.99435, 36.36509], [138.99423, 36.36547], [138.99408, 36.36597], [138.99398, 36.36631], [138.99388, 36.36667], [138.99373, 36.36727], [138.99364, 36.36769], [138.99355, 36.36812], [138.99347, 36.36853], [138.99339, 36.36895], [138.99325, 36.36974], [138.99312, 36.37047], [138.99304, 36.37097], [138.99295, 36.3716], [138.99294, 36.37167], [138.99289, 36.37197], [138.9928, 36.37255], [138.99276, 36.37282], [138.99269, 36.37333], [138.99262, 36.37369], [138.99256, 36.3741], [138.99249, 36.37456], [138.99242, 36.37507], [138.99233, 36.37558], [138.99227, 36.37598], [138.99217, 36.37668], [138.99206, 36.37745], [138.992, 36.37789], [138.9919, 36.37847], [138.99181, 36.37907], [138.99172, 36.37967], [138.99167, 36.38003], [138.99161, 36.38045], [138.99158, 36.38062], [138.99154, 36.38086], [138.99145, 36.38147], [138.99134, 36.38215], [138.99128, 36.38266], [138.99122, 36.3831], [138.99114, 36.38355], [138.99112, 36.38372], [138.99104, 36.38424], [138.991, 36.38452], [138.99094, 36.3849], [138.99089, 36.38519], [138.99083, 36.38558], [138.99079, 36.38585], [138.99074, 36.38622], [138.99067, 36.3866], [138.99064, 36.38679], [138.9906, 36.38711], [138.99049, 36.38778], [138.99043, 36.38816], [138.99033, 36.38894], [138.99019, 36.38977], [138.99013, 36.39015], [138.99003, 36.39088], [138.98997, 36.3913], [138.98979, 36.39247], [138.98975, 36.39274], [138.98972, 36.39294], [138.98968, 36.39322], [138.98948, 36.39457], [138.98942, 36.39494], [138.98937, 36.39522], [138.98931, 36.39556], [138.98924, 36.39606], [138.98917, 36.39658], [138.98905, 36.39734], [138.98895, 36.3978], [138.98889, 36.39834], [138.98884, 36.39872], [138.98871, 36.39963], [138.98864, 36.40005], [138.98857, 36.40051], [138.98825, 36.40261], [138.98797, 36.4044], [138.98774, 36.4059], [138.98762, 36.40676], [138.98756, 36.40712], [138.9875, 36.40757], [138.98749, 36.40767], [138.98745, 36.4079], [138.98733, 36.40859], [138.98709, 36.41025], [138.98701, 36.41077], [138.98694, 36.41122], [138.9869, 36.41152], [138.9868, 36.41211], [138.98673, 36.41252], [138.98652, 36.41392], [138.98645, 36.41438], [138.9864, 36.41474], [138.98632, 36.41522], [138.98611, 36.41656], [138.98611, 36.41661], [138.98608, 36.41679], [138.98602, 36.41726], [138.98593, 36.4178], [138.98585, 36.41827], [138.9858, 36.41858], [138.98568, 36.41932], [138.98564, 36.4198], [138.98547, 36.42092], [138.98535, 36.42181], [138.98508, 36.42359], [138.98493, 36.42435], [138.9848, 36.42528], [138.98476, 36.42556], [138.98468, 36.42609], [138.98467, 36.42613], [138.98462, 36.4265], [138.98443, 36.4279], [138.98431, 36.42864], [138.98417, 36.42963], [138.9841, 36.4301], [138.98381, 36.43184], [138.98354, 36.43369], [138.98343, 36.4344], [138.98314, 36.43636], [138.98295, 36.43758], [138.98279, 36.43858], [138.98275, 36.43887], [138.9826, 36.4398], [138.98235, 36.44147], [138.9822, 36.44243], [138.98195, 36.44429], [138.98189, 36.44464], [138.98151, 36.4473], [138.98148, 36.44753], [138.98133, 36.44847], [138.98107, 36.45004], [138.98098, 36.45066], [138.98066, 36.45269], [138.98054, 36.45349], [138.98027, 36.45534], [138.98015, 36.45628], [138.98011, 36.45647], [138.9799, 36.45775], [138.97984, 36.45828], [138.97952, 36.46028], [138.97942, 36.46106], [138.97912, 36.46292], [138.97899, 36.46382], [138.97879, 36.46518], [138.97867, 36.46597], [138.97856, 36.4667], [138.97847, 36.46733], [138.97815, 36.46946], [138.97812, 36.4697], [138.97772, 36.4722], [138.97765, 36.47265], [138.97732, 36.47485], [138.97729, 36.47506], [138.9771, 36.47628], [138.97704, 36.47667], [138.97697, 36.47718], [138.97681, 36.47821], [138.97674, 36.47869], [138.97646, 36.48038], [138.97635, 36.48116], [138.97619, 36.48228], [138.97605, 36.4832], [138.97593, 36.48386], [138.97575, 36.48521], [138.97574, 36.48523], [138.97568, 36.48556], [138.97563, 36.48587], [138.97545, 36.48713], [138.97526, 36.48834], [138.97508, 36.48959], [138.97502, 36.49003], [138.97485, 36.49104], [138.97465, 36.49247], [138.97439, 36.49414], [138.97439, 36.49418], [138.9742, 36.49538], [138.97402, 36.49657], [138.97379, 36.49817], [138.97359, 36.4995], [138.97334, 36.50093], [138.97314, 36.50224], [138.97302, 36.50312], [138.97292, 36.50362], [138.97279, 36.50453], [138.97271, 36.50507], [138.97258, 36.50588], [138.97248, 36.50655], [138.97239, 36.507], [138.97224, 36.50815], [138.97212, 36.50883], [138.97208, 36.50904], [138.97201, 36.50947], [138.97194, 36.51005], [138.97188, 36.51046], [138.97178, 36.51097], [138.97174, 36.51129], [138.9717, 36.5116], [138.97161, 36.51208], [138.97156, 36.51249], [138.9715, 36.51285], [138.97145, 36.5132], [138.97137, 36.51359], [138.9713, 36.51401], [138.97127, 36.51437], [138.97119, 36.51517], [138.97115, 36.51575], [138.9711, 36.51642], [138.97108, 36.51678], [138.97103, 36.51749], [138.97101, 36.51793], [138.97101, 36.51801], [138.97098, 36.51857], [138.97093, 36.51907], [138.97089, 36.51955], [138.97089, 36.52012], [138.97086, 36.52053], [138.9708, 36.52107], [138.97077, 36.52167], [138.97075, 36.52207], [138.97071, 36.5227], [138.97068, 36.52333], [138.97065, 36.52379], [138.97062, 36.52423], [138.9706, 36.52464], [138.97056, 36.52518], [138.97053, 36.52564], [138.97049, 36.52617], [138.97046, 36.52672], [138.97043, 36.52701], [138.9704, 36.52745], [138.97038, 36.52791], [138.97034, 36.52854], [138.97031, 36.52893], [138.97027, 36.52957], [138.97027, 36.52962], [138.97023, 36.53014], [138.97021, 36.5307], [138.97017, 36.53121], [138.97012, 36.53179], [138.97009, 36.53235], [138.97004, 36.53311], [138.97001, 36.53369], [138.96997, 36.53423], [138.96992, 36.53514], [138.96988, 36.53564], [138.96986, 36.53608], [138.9698, 36.53709], [138.96979, 36.53743], [138.96974, 36.53794], [138.96973, 36.53848], [138.96972, 36.53858], [138.9697, 36.53889], [138.96967, 36.53935], [138.96963, 36.5398], [138.96961, 36.54022], [138.96958, 36.54069], [138.96956, 36.54105], [138.96952, 36.54151], [138.96951, 36.54185], [138.96947, 36.54239], [138.96945, 36.5429], [138.96943, 36.54306], [138.96941, 36.54345], [138.9694, 36.54371], [138.96933, 36.54436], [138.9693, 36.54467], [138.9693, 36.54474], [138.9693, 36.54517], [138.96928, 36.54538], [138.96925, 36.54571], [138.96922, 36.54629], [138.96919, 36.54674], [138.96916, 36.54732], [138.96913, 36.54773], [138.96911, 36.54813], [138.96908, 36.54856], [138.96904, 36.5493], [138.969, 36.54963], [138.969, 36.54984], [138.96897, 36.55036], [138.96894, 36.55076], [138.96892, 36.55111], [138.96889, 36.55168], [138.96885, 36.55211], [138.96882, 36.55252], [138.9688, 36.55297], [138.96877, 36.55343], [138.96876, 36.55368], [138.96875, 36.55392], [138.96872, 36.55432], [138.96869, 36.55475], [138.96867, 36.55511], [138.96865, 36.55553], [138.96862, 36.55594], [138.96858, 36.55648], [138.96855, 36.55697], [138.96851, 36.5576], [138.96847, 36.55815], [138.96845, 36.55863], [138.9684, 36.55919], [138.96838, 36.55973], [138.96833, 36.5602], [138.9683, 36.56062], [138.96827, 36.56118], [138.96824, 36.5617], [138.96821, 36.56239], [138.96819, 36.56268], [138.96818, 36.56281], [138.96814, 36.56335], [138.96811, 36.56378], [138.96808, 36.56419], [138.96805, 36.56471], [138.96802, 36.56523], [138.96798, 36.56575], [138.96795, 36.56626], [138.96793, 36.56672], [138.96788, 36.56716], [138.96787, 36.56762], [138.96783, 36.568], [138.96781, 36.56846], [138.9678, 36.56881], [138.96776, 36.56927], [138.96773, 36.56968], [138.96771, 36.56998], [138.9677, 36.5703], [138.96767, 36.57063], [138.96765, 36.57096], [138.96764, 36.57124], [138.96761, 36.57157], [138.96761, 36.57168], [138.9676, 36.57189], [138.96756, 36.57232], [138.96754, 36.57271], [138.96754, 36.57304], [138.96749, 36.57352], [138.96747, 36.57381], [138.96745, 36.57434], [138.96743, 36.57471], [138.96743, 36.57495], [138.96742, 36.57546], [138.96742, 36.5759], [138.96742, 36.57634], [138.96742, 36.57688], [138.96744, 36.57752], [138.96743, 36.57792], [138.96746, 36.57834], [138.9675, 36.57873], [138.96751, 36.57905], [138.96754, 36.57952], [138.96757, 36.57986], [138.9676, 36.58024], [138.96761, 36.58053], [138.96764, 36.58069], [138.96768, 36.58092], [138.96775, 36.58152], [138.96783, 36.58224], [138.96789, 36.58265], [138.96797, 36.58314], [138.96803, 36.58354], [138.9681, 36.58401], [138.96817, 36.58442], [138.96823, 36.58482], [138.96827, 36.58513], [138.96833, 36.58556], [138.96838, 36.58594], [138.96843, 36.58627], [138.96846, 36.58645], [138.96849, 36.58682], [138.96851, 36.58737], [138.9685, 36.58778], [138.9684, 36.5891], [138.96828, 36.58969], [138.96801, 36.59058], [138.96753, 36.59182], [138.96701, 36.59331], [138.96671, 36.59439], [138.96664, 36.59462], [138.96629, 36.59596], [138.96614, 36.59707], [138.96598, 36.5986], [138.96592, 36.59956], [138.96589, 36.59999], [138.96586, 36.60046], [138.96585, 36.601], [138.96583, 36.60153], [138.96582, 36.60216], [138.96582, 36.60293], [138.96583, 36.60335], [138.96585, 36.60398], [138.96592, 36.60535], [138.96596, 36.60593], [138.96604, 36.6071], [138.96612, 36.60774], [138.96625, 36.60891], [138.96645, 36.61018], [138.96657, 36.61086], [138.96687, 36.61226], [138.96688, 36.61232], [138.96702, 36.61296], [138.96727, 36.61409], [138.96746, 36.61489], [138.96771, 36.61592], [138.9679, 36.61674], [138.96817, 36.61786], [138.96845, 36.61907], [138.96877, 36.62046], [138.96895, 36.62117], [138.96906, 36.62165], [138.96928, 36.62258], [138.96971, 36.6244], [138.97003, 36.62574], [138.97026, 36.62681], [138.97033, 36.62702], [138.97046, 36.62766], [138.97084, 36.62913], [138.97103, 36.63006], [138.97121, 36.63076], [138.97144, 36.63174], [138.97164, 36.6326], [138.97195, 36.63387], [138.97214, 36.63466], [138.97237, 36.6357], [138.97251, 36.63626], [138.97262, 36.63679], [138.97275, 36.6373], [138.9728, 36.63749], [138.97303, 36.63846], [138.97332, 36.63969], [138.97349, 36.64044], [138.97366, 36.64113], [138.97402, 36.64271], [138.97447, 36.64452], [138.97472, 36.64561], [138.97484, 36.64616], [138.97513, 36.64738], [138.97552, 36.64898], [138.97596, 36.65086], [138.97623, 36.65203], [138.97637, 36.65266], [138.97676, 36.65425], [138.97698, 36.65519], [138.97723, 36.65626], [138.97742, 36.65711], [138.97758, 36.65778], [138.97764, 36.65801], [138.97804, 36.65973], [138.97836, 36.66108], [138.97867, 36.66244], [138.97906, 36.66404], [138.97929, 36.66501], [138.97944, 36.66567], [138.97967, 36.66664], [138.97988, 36.66753], [138.97994, 36.66774], [138.98012, 36.66859], [138.98039, 36.66977], [138.9805, 36.67008], [138.98059, 36.6718], [138.98065, 36.67359], [138.98064, 36.67456], [138.98061, 36.67553], [138.98052, 36.67678], [138.98041, 36.67762], [138.98032, 36.67833], [138.98013, 36.67942], [138.97969, 36.6818], [138.97955, 36.68255], [138.97937, 36.68355], [138.97911, 36.68493], [138.97897, 36.6856]]}, "properties": {"id": "TRACK_TOKYO_2411", "line_name": "上越新幹線", "station_group_ids": [], "mode": "shinkansen", "operator_id": "jr_east", "line_color": "#E65045", "tags": ["tokyo", "track_centerline"]}}, {"type": "Feature", "bbox": [139.0132, 36.21958, 139.1779, 36.32111], "geometry": {"type": "LineString", "coordinates": [[139.1779, 36.21958], [139.17716, 36.21994], [139.17598, 36.22052], [139.17524, 36.22087], [139.17437, 36.22129], [139.17378, 36.22158], [139.17361, 36.22167], [139.17298, 36.22196], [139.17163, 36.22263], [139.17079, 36.22305], [139.16976, 36.22355], [139.16865, 36.22408], [139.16773, 36.22454], [139.16678, 36.22499], [139.16622, 36.22525], [139.16531, 36.22568], [139.16464, 36.22601], [139.16426, 36.2262], [139.16416, 36.22625], [139.16316, 36.22675], [139.16217, 36.22722], [139.16157, 36.22752], [139.16098, 36.22781], [139.16063, 36.22797], [139.15987, 36.22835], [139.15852, 36.22901], [139.157, 36.22974], [139.1564, 36.23004], [139.15592, 36.23027], [139.15548, 36.23049], [139.15509, 36.23068], [139.15489, 36.23077], [139.15475, 36.23083], [139.15457, 36.23092], [139.15374, 36.23133], [139.15317, 36.23161], [139.15273, 36.23183], [139.15252, 36.23193], [139.15221, 36.23209], [139.1519, 36.23223], [139.15137, 36.23249], [139.15044, 36.23295], [139.14986, 36.23323], [139.14976, 36.23328], [139.14913, 36.23358], [139.14873, 36.23376], [139.14832, 36.23397], [139.14777, 36.23425], [139.14716, 36.23454], [139.14661, 36.23481], [139.14596, 36.23512], [139.14538, 36.23539], [139.14478, 36.2357], [139.14432, 36.23593], [139.14377, 36.23619], [139.14263, 36.23674], [139.14132, 36.23738], [139.14025, 36.2379], [139.13966, 36.23818], [139.13883, 36.23859], [139.13764, 36.23917], [139.13675, 36.23962], [139.13585, 36.2401], [139.13469, 36.24073], [139.13366, 36.24126], [139.13239, 36.24194], [139.13143, 36.24247], [139.13092, 36.24276], [139.13043, 36.24303], [139.12977, 36.2434], [139.12903, 36.24381], [139.12867, 36.24401], [139.12754, 36.24463], [139.12678, 36.24507], [139.12615, 36.24541], [139.12525, 36.24591], [139.12434, 36.24641], [139.1237, 36.24679], [139.12262, 36.24741], [139.12181, 36.24789], [139.12146, 36.24808], [139.1198, 36.24897], [139.11741, 36.2503], [139.11575, 36.25122], [139.1145, 36.25192], [139.1136, 36.25242], [139.11278, 36.25288], [139.1123, 36.25315], [139.11198, 36.25332], [139.11144, 36.25363], [139.11091, 36.25392], [139.11044, 36.25417], [139.11015, 36.25433], [139.10938, 36.25475], [139.10879, 36.25508], [139.10877, 36.25509], [139.10824, 36.25538], [139.10773, 36.25567], [139.10759, 36.25574], [139.107, 36.25607], [139.10643, 36.25639], [139.10605, 36.25661], [139.10575, 36.25677], [139.10529, 36.25703], [139.10486, 36.25727], [139.10454, 36.25745], [139.10398, 36.25776], [139.10357, 36.25798], [139.103, 36.25829], [139.10286, 36.25837], [139.10242, 36.25862], [139.10197, 36.25888], [139.10146, 36.25916], [139.10099, 36.25943], [139.10015, 36.25989], [139.09965, 36.26017], [139.09925, 36.26038], [139.0987, 36.26068], [139.09826, 36.26093], [139.09736, 36.26143], [139.09712, 36.26157], [139.09656, 36.26188], [139.09592, 36.26224], [139.09522, 36.26263], [139.09464, 36.26295], [139.09438, 36.2631], [139.0938, 36.26343], [139.09372, 36.26348], [139.09325, 36.26373], [139.09295, 36.26388], [139.09246, 36.26416], [139.09207, 36.26437], [139.09143, 36.26472], [139.09052, 36.26525], [139.09018, 36.26543], [139.08999, 36.26554], [139.08973, 36.26567], [139.08918, 36.26597], [139.08847, 36.26638], [139.08782, 36.26675], [139.0871, 36.26713], [139.08655, 36.26744], [139.0858, 36.26787], [139.0852, 36.26819], [139.08456, 36.26854], [139.08259, 36.26962], [139.08189, 36.27002], [139.0812, 36.27041], [139.07958, 36.2713], [139.07809, 36.27212], [139.07693, 36.27273], [139.07604, 36.27318], [139.07555, 36.27341], [139.07532, 36.27352], [139.07483, 36.27374], [139.07388, 36.27415], [139.07328, 36.2744], [139.07209, 36.2749], [139.07166, 36.27508], [139.07108, 36.27532], [139.07088, 36.2754], [139.07052, 36.27555], [139.06998, 36.27577], [139.06953, 36.27596], [139.06902, 36.27618], [139.0684, 36.27643], [139.06789, 36.27663], [139.06737, 36.27685], [139.06681, 36.27707], [139.06614, 36.27734], [139.06548, 36.2776], [139.06544, 36.27761], [139.06515, 36.27774], [139.06484, 36.27787], [139.06442, 36.27804], [139.06394, 36.27824], [139.06348, 36.27842], [139.06308, 36.27858], [139.06289, 36.27866], [139.06259, 36.27879], [139.06207, 36.279], [139.06172, 36.27914], [139.06141, 36.27926], [139.0611, 36.27939], [139.06076, 36.27953], [139.06009, 36.27981], [139.05951, 36.28005], [139.05899, 36.28026], [139.05848, 36.28047], [139.05811, 36.28063], [139.05555, 36.28168], [139.05315, 36.28266], [139.0508, 36.28361], [139.0486, 36.28452], [139.04836, 36.28463], [139.04552, 36.2858], [139.04158, 36.28742], [139.04093, 36.28769], [139.04054, 36.28785], [139.04001, 36.28807], [139.03933, 36.28836], [139.03876, 36.2886], [139.03873, 36.28861], [139.03823, 36.28882], [139.03782, 36.28899], [139.03744, 36.28914], [139.03703, 36.28931], [139.03686, 36.28938], [139.03653, 36.28952], [139.03631, 36.28961], [139.03595, 36.28975], [139.03551, 36.28994], [139.03518, 36.29007], [139.03461, 36.2903], [139.03423, 36.29047], [139.03398, 36.29057], [139.03342, 36.29082], [139.03292, 36.29106], [139.03257, 36.29122], [139.03211, 36.29144], [139.03186, 36.29156], [139.03154, 36.29173], [139.03116, 36.29192], [139.03089, 36.29207], [139.03054, 36.29225], [139.03028, 36.2924], [139.02983, 36.29265], [139.02948, 36.29285], [139.02912, 36.29308], [139.02908, 36.29311], [139.02889, 36.29322], [139.02861, 36.2934], [139.02821, 36.29365], [139.02788, 36.29387], [139.02761, 36.29406], [139.02731, 36.29426], [139.02702, 36.29446], [139.02664, 36.29473], [139.0263, 36.29499], [139.026, 36.29521], [139.02544, 36.29562], [139.02508, 36.29592], [139.02467, 36.29625], [139.0242, 36.29665], [139.02392, 36.29689], [139.02372, 36.29706], [139.02332, 36.29744], [139.02295, 36.29778], [139.02258, 36.29814], [139.02247, 36.29825], [139.02217, 36.29856], [139.02154, 36.29921], [139.02135, 36.29942], [139.02132, 36.29944], [139.0211, 36.29969], [139.02092, 36.29989], [139.02047, 36.30038], [139.0201, 36.30082], [139.01992, 36.30104], [139.01965, 36.30139], [139.01942, 36.30169], [139.01917, 36.30201], [139.01891, 36.30238], [139.01859, 36.30285], [139.01853, 36.30294], [139.01845, 36.30307], [139.01794, 36.30385], [139.01774, 36.30418], [139.01759, 36.30442], [139.01739, 36.30475], [139.01725, 36.30501], [139.01706, 36.30534], [139.01691, 36.30563], [139.01677, 36.3059], [139.01664, 36.30616], [139.01651, 36.30642], [139.01645, 36.30654], [139.01625, 36.30698], [139.01612, 36.3073], [139.01609, 36.30735], [139.01599, 36.30757], [139.01589, 36.30782], [139.01573, 36.30825], [139.01557, 36.30864], [139.01546, 36.30894], [139.01529, 36.30943], [139.01515, 36.30981], [139.015, 36.31027], [139.01494, 36.31049], [139.01478, 36.31101], [139.01465, 36.3115], [139.01459, 36.31175], [139.01451, 36.31206], [139.01443, 36.31242], [139.01436, 36.31273], [139.0143, 36.31311], [139.01425, 36.31339], [139.01419, 36.31374], [139.01414, 36.31406], [139.01408, 36.31451], [139.01404, 36.31485], [139.01401, 36.31519], [139.01399, 36.31546], [139.01396, 36.31567], [139.01392, 36.31598], [139.0139, 36.31616], [139.01389, 36.31629], [139.01386, 36.31649], [139.01384, 36.31673], [139.01379, 36.3172], [139.01373, 36.31773], [139.01371, 36.31791], [139.01367, 36.31834], [139.01362, 36.31874], [139.0136, 36.31894], [139.01358, 36.31907], [139.01356, 36.31931], [139.01353, 36.31947], [139.01348, 36.31971], [139.01342, 36.32002], [139.01333, 36.32043], [139.01328, 36.32067], [139.0132, 36.32111]]}, "properties": {"id": "TRACK_TOKYO_2413", "line_name": "上越新幹線", "station_group_ids": [], "mode": "shinkansen", "operator_id": "jr_east", "line_color": "#E65045", "tags": ["tokyo", "track_centerline"]}}, {"type": "Feature", "bbox": [139.1779, 36.21779, 139.18155, 36.21958], "geometry": {"type": "LineString", "coordinates": [[139.1779, 36.21958], [139.17834, 36.21937], [139.1789, 36.2191], [139.17944, 36.21883], [139.17998, 36.21856], [139.18071, 36.21821], [139.18119, 36.21797], [139.18155, 36.21779]]}, "properties": {"id": "TRACK_TOKYO_2414", "line_name": "上越新幹線", "station_group_ids": [], "mode": "shinkansen", "operator_id": "jr_east", "line_color": "#E65045", "tags": ["tokyo", "track_centerline"]}}, {"type": "Feature", "bbox": [139.18155, 36.14006, 139.38814, 36.21779], "geometry": {"type": "LineString", "coordinates": [[139.38814, 36.14006], [139.38689, 36.1405], [139.38651, 36.14064], [139.38406, 36.14155], [139.38155, 36.14247], [139.3799, 36.14308], [139.3795, 36.14324], [139.37919, 36.14335], [139.37853, 36.1436], [139.37647, 36.14441], [139.37535, 36.14485], [139.37179, 36.14627], [139.37147, 36.14639], [139.37026, 36.14682], [139.36898, 36.14729], [139.36843, 36.14749], [139.36759, 36.14779], [139.36662, 36.14813], [139.3658, 36.1484], [139.36369, 36.14911], [139.36226, 36.14956], [139.36058, 36.15007], [139.35807, 36.15068], [139.35794, 36.15072], [139.35655, 36.151], [139.3553, 36.15123], [139.35382, 36.15148], [139.35246, 36.15168], [139.35109, 36.15184], [139.34965, 36.15197], [139.34829, 36.15208], [139.34716, 36.15217], [139.34685, 36.1522], [139.34539, 36.1523], [139.34367, 36.15243], [139.34177, 36.15257], [139.33986, 36.1527], [139.33823, 36.15282], [139.33659, 36.15296], [139.33612, 36.153], [139.33464, 36.15312], [139.33328, 36.15322], [139.33212, 36.15332], [139.32992, 36.15346], [139.32871, 36.15354], [139.32716, 36.15364], [139.32578, 36.15374], [139.32508, 36.15378], [139.3238, 36.15387], [139.32154, 36.15406], [139.31918, 36.15428], [139.31735, 36.15452], [139.31521, 36.15482], [139.31412, 36.15503], [139.31303, 36.15524], [139.31168, 36.15555], [139.31058, 36.15581], [139.30875, 36.15634], [139.30784, 36.15666], [139.30664, 36.15709], [139.30553, 36.1575], [139.30382, 36.15823], [139.3038, 36.15824], [139.30248, 36.15883], [139.301, 36.15954], [139.29961, 36.16021], [139.29859, 36.16071], [139.29645, 36.16174], [139.29517, 36.16236], [139.29425, 36.16282], [139.29362, 36.16313], [139.29208, 36.16388], [139.28983, 36.165], [139.2895, 36.16516], [139.28822, 36.16581], [139.28665, 36.16659], [139.2846, 36.1676], [139.28338, 36.1682], [139.28146, 36.16915], [139.28002, 36.16983], [139.27979, 36.16993], [139.27798, 36.17079], [139.27787, 36.17085], [139.27649, 36.17152], [139.27446, 36.17247], [139.27241, 36.17346], [139.27019, 36.17454], [139.26889, 36.17517], [139.26845, 36.17539], [139.26651, 36.17633], [139.26536, 36.17688], [139.26277, 36.17815], [139.26159, 36.17873], [139.25894, 36.18002], [139.2588, 36.18009], [139.25644, 36.18125], [139.25492, 36.18199], [139.25277, 36.18304], [139.24969, 36.18456], [139.24945, 36.18468], [139.24679, 36.186], [139.24612, 36.18635], [139.2452, 36.18679], [139.24461, 36.18707], [139.24386, 36.18744], [139.24334, 36.1877], [139.24303, 36.18785], [139.24242, 36.18815], [139.242, 36.18835], [139.24171, 36.18849], [139.24109, 36.18879], [139.24002, 36.1893], [139.23933, 36.18964], [139.23874, 36.18992], [139.23811, 36.19023], [139.23749, 36.19054], [139.23634, 36.19109], [139.23549, 36.19151], [139.2351, 36.1917], [139.23457, 36.19196], [139.23383, 36.19232], [139.23272, 36.19286], [139.23159, 36.19341], [139.23021, 36.19408], [139.22876, 36.1948], [139.22792, 36.19521], [139.2271, 36.1956], [139.2254, 36.19644], [139.22438, 36.19692], [139.22432, 36.19695], [139.22356, 36.19732], [139.22173, 36.19821], [139.22052, 36.19879], [139.21921, 36.19945], [139.21762, 36.20022], [139.21606, 36.20098], [139.21481, 36.20158], [139.21439, 36.20178], [139.21318, 36.20239], [139.21201, 36.20295], [139.21138, 36.20326], [139.21078, 36.20356], [139.20972, 36.20407], [139.20888, 36.20447], [139.20812, 36.20484], [139.20739, 36.2052], [139.20664, 36.20557], [139.20609, 36.20584], [139.20558, 36.2061], [139.20531, 36.20623], [139.20485, 36.20645], [139.20409, 36.20683], [139.20335, 36.2072], [139.20247, 36.20763], [139.2017, 36.20799], [139.20095, 36.20835], [139.20014, 36.20875], [139.19975, 36.20894], [139.19884, 36.20938], [139.19828, 36.20966], [139.19773, 36.20993], [139.19697, 36.2103], [139.19595, 36.21079], [139.1958, 36.21086], [139.19498, 36.21127], [139.19432, 36.21158], [139.19428, 36.2116], [139.19379, 36.21184], [139.19311, 36.21217], [139.19214, 36.21264], [139.19115, 36.21312], [139.1903, 36.21353], [139.18951, 36.21393], [139.18832, 36.2145], [139.18705, 36.21513], [139.18639, 36.21545], [139.18545, 36.2159], [139.18495, 36.21614], [139.18481, 36.21622], [139.18455, 36.21635], [139.18399, 36.21661], [139.18335, 36.21693], [139.18266, 36.21725], [139.18172, 36.21771], [139.18155, 36.21779]]}, "properties": {"id": "TRACK_TOKYO_2415", "line_name": "上越新幹線", "station_group_ids": [], "mode": "shinkansen", "operator_id": "jr_east", "line_color": "#E65045", "tags": ["tokyo", "track_centerline"]}}, {"type": "Feature", "bbox": [139.04673, 36.60097, 139.04833, 36.60335], "geometry": {"type": "LineString", "coordinates": [[139.04833, 36.60097], [139.04817, 36.60138], [139.04801, 36.60166], [139.04784, 36.60194], [139.0476, 36.60227], [139.04728, 36.60267], [139.04696, 36.60308], [139.04673, 36.60335]]}, "properties": {"id": "TRACK_TOKYO_2458", "line_name": "上越線", "station_group_ids": [], "mode": "rail", "operator_id": "jr_east", "line_color": "#00A7E3", "tags": ["tokyo", "track_centerline"]}}, {"type": "Feature", "bbox": [138.97943, 36.68015, 138.99929, 36.73466], "geometry": {"type": "LineString", "coordinates": [[138.99929, 36.68015], [138.99845, 36.68079], [138.99799, 36.68114], [138.99785, 36.68125], [138.99772, 36.68136], [138.99759, 36.68147], [138.99748, 36.68158], [138.99742, 36.68164], [138.99739, 36.68168], [138.99733, 36.68175], [138.99727, 36.68184], [138.9968, 36.6824], [138.99666, 36.6826], [138.99656, 36.68283], [138.9964, 36.68334], [138.99619, 36.68401], [138.99599, 36.6847], [138.99598, 36.68476], [138.99583, 36.6852], [138.99566, 36.68571], [138.99524, 36.68679], [138.99505, 36.68725], [138.99489, 36.68772], [138.99465, 36.68832], [138.99448, 36.68879], [138.99428, 36.68925], [138.99411, 36.68971], [138.9938, 36.69029], [138.99352, 36.69073], [138.99304, 36.69151], [138.99276, 36.69198], [138.99255, 36.69241], [138.99235, 36.69288], [138.99227, 36.69317], [138.99221, 36.69341], [138.99197, 36.69405], [138.99174, 36.69452], [138.99149, 36.69491], [138.99117, 36.69529], [138.99087, 36.69559], [138.99045, 36.69594], [138.99013, 36.69616], [138.9898, 36.69637], [138.98948, 36.69653], [138.9892, 36.69665], [138.98902, 36.69672], [138.98849, 36.69688], [138.98799, 36.697], [138.98746, 36.69712], [138.98678, 36.69742], [138.98639, 36.69759], [138.98523, 36.69837], [138.98441, 36.69892], [138.98416, 36.69909], [138.98394, 36.69926], [138.9839, 36.69929], [138.98328, 36.69987], [138.9829, 36.70033], [138.98252, 36.70089], [138.982, 36.70186], [138.98192, 36.702], [138.98161, 36.70254], [138.981, 36.70362], [138.98072, 36.70415], [138.98061, 36.70434], [138.98055, 36.70446], [138.98023, 36.70499], [138.98021, 36.70503], [138.97988, 36.70561], [138.97949, 36.70667], [138.97943, 36.70741], [138.97943, 36.7079], [138.97949, 36.7084], [138.97955, 36.70887], [138.97972, 36.71], [138.97982, 36.71065], [138.97986, 36.71083], [138.97989, 36.71097], [138.97994, 36.71114], [138.98013, 36.71164], [138.98021, 36.7119], [138.98025, 36.71206], [138.98031, 36.71234], [138.98036, 36.713], [138.9804, 36.71357], [138.98042, 36.71387], [138.98046, 36.71447], [138.98046, 36.71462], [138.98055, 36.71569], [138.9807, 36.71649], [138.98085, 36.71694], [138.98091, 36.71714], [138.98101, 36.71732], [138.98115, 36.71759], [138.98135, 36.71788], [138.98158, 36.71817], [138.98194, 36.71859], [138.98209, 36.71879], [138.98223, 36.71903], [138.98242, 36.71939], [138.983, 36.72066], [138.98305, 36.72078], [138.98329, 36.72128], [138.98343, 36.72162], [138.98354, 36.72196], [138.98359, 36.72209], [138.98363, 36.72225], [138.98366, 36.7225], [138.98365, 36.72284], [138.98363, 36.72303], [138.98357, 36.72321], [138.98351, 36.72336], [138.98339, 36.72361], [138.98332, 36.72376], [138.98317, 36.72402], [138.98294, 36.72439], [138.98266, 36.72492], [138.9825, 36.72524], [138.98238, 36.72557], [138.98227, 36.72595], [138.98214, 36.72642], [138.98211, 36.72678], [138.98213, 36.72719], [138.98221, 36.72763], [138.98231, 36.72795], [138.98238, 36.72812], [138.98245, 36.72828], [138.98256, 36.72846], [138.98263, 36.72856], [138.98285, 36.72887], [138.98298, 36.72906], [138.98316, 36.72935], [138.98327, 36.72954], [138.98338, 36.72976], [138.98345, 36.72992], [138.98353, 36.73012], [138.98361, 36.73036], [138.9837, 36.73071], [138.98374, 36.73091], [138.98394, 36.73205], [138.98439, 36.73466]]}, "properties": {"id": "TRACK_TOKYO_2462", "line_name": "上越線", "station_group_ids": [], "mode": "rail", "operator_id": "jr_east", "line_color": "#00A7E3", "tags": ["tokyo", "track_centerline"]}}, {"type": "Feature", "bbox": [139.03471, 36.62466, 139.03994, 36.63216], "geometry": {"type": "LineString", "coordinates": [[139.03487, 36.62466], [139.03475, 36.62506], [139.03472, 36.62517], [139.03471, 36.62551], [139.03473, 36.62579], [139.03476, 36.62603], [139.03487, 36.62633], [139.03508, 36.62675], [139.03529, 36.62713], [139.03552, 36.62749], [139.03588, 36.62801], [139.03614, 36.62833], [139.03654, 36.62881], [139.03682, 36.6291], [139.03732, 36.62959], [139.03762, 36.62991], [139.03809, 36.63038], [139.03893, 36.63118], [139.03937, 36.63163], [139.03994, 36.63216]]}, "properties": {"id": "TRACK_TOKYO_2466", "line_name": "上越線", "station_group_ids": [], "mode": "rail", "operator_id": "jr_east", "line_color": "#00A7E3", "tags": ["tokyo", "track_centerline"]}}, {"type": "Feature", "bbox": [139.03491, 36.64124, 139.03638, 36.64335], "geometry": {"type": "LineString", "coordinates": [[139.03638, 36.64124], [139.03491, 36.64335]]}, "properties": {"id": "TRACK_TOKYO_2467", "line_name": "上越線", "station_group_ids": [], "mode": "rail", "operator_id": "jr_east", "line_color": "#00A7E3", "tags": ["tokyo", "track_centerline"]}}, {"type": "Feature", "bbox": [138.99929, 36.67895, 139.00094, 36.68015], "geometry": {"type": "LineString", "coordinates": [[139.00094, 36.67895], [139.00055, 36.67923], [138.99952, 36.67998], [138.99929, 36.68015]]}, "properties": {"id": "TRACK_TOKYO_2470", "line_name": "上越線", "station_group_ids": [], "mode": "rail", "operator_id": "jr_east", "line_color": "#00A7E3", "tags": ["tokyo", "track_centerline"]}}, {"type": "Feature", "bbox": [139.03638, 36.63216, 139.04036, 36.64124], "geometry": {"type": "LineString", "coordinates": [[139.03638, 36.64124], [139.03649, 36.64106], [139.0367, 36.64075], [139.03691, 36.64046], [139.03692, 36.64043], [139.03696, 36.6404], [139.03711, 36.64018], [139.03725, 36.63999], [139.03732, 36.63988], [139.03741, 36.63975], [139.03748, 36.63966], [139.03855, 36.63811], [139.03905, 36.63734], [139.03906, 36.63729], [139.03908, 36.63728], [139.03926, 36.63699], [139.0396, 36.63637], [139.03972, 36.63612], [139.03998, 36.63553], [139.04005, 36.63537], [139.04009, 36.63525], [139.04019, 36.63486], [139.04024, 36.63469], [139.04031, 36.6343], [139.04035, 36.63388], [139.04036, 36.63365], [139.04034, 36.63334], [139.04032, 36.63313], [139.0403, 36.63309], [139.04029, 36.63299], [139.04028, 36.63292], [139.04024, 36.63277], [139.04017, 36.6326], [139.04011, 36.63245], [139.03994, 36.63216]]}, "properties": {"id": "TRACK_TOKYO_2471", "line_name": "上越線", "station_group_ids": [], "mode": "rail", "operator_id": "jr_east", "line_color": "#00A7E3", "tags": ["tokyo", "track_centerline"]}}, {"type": "Feature", "bbox": [139.03487, 36.61158, 139.04187, 36.62466], "geometry": {"type": "LineString", "coordinates": [[139.03487, 36.62466], [139.03491, 36.62448], [139.03498, 36.6243], [139.03504, 36.62416], [139.0352, 36.62385], [139.03546, 36.62346], [139.03576, 36.62313], [139.03599, 36.62294], [139.0362, 36.6228], [139.03654, 36.62257], [139.03689, 36.62238], [139.03741, 36.62212], [139.03805, 36.62179], [139.03807, 36.62178], [139.03851, 36.62154], [139.03891, 36.62131], [139.03926, 36.62107], [139.0396, 36.62077], [139.04002, 36.62032], [139.04005, 36.62029], [139.04016, 36.62014], [139.04043, 36.61975], [139.04051, 36.61957], [139.04062, 36.61931], [139.04069, 36.61897], [139.04074, 36.61866], [139.0408, 36.61845], [139.04087, 36.61825], [139.04097, 36.61803], [139.04107, 36.61786], [139.04127, 36.61751], [139.04137, 36.61733], [139.04143, 36.61726], [139.04148, 36.61713], [139.04158, 36.61691], [139.04166, 36.61669], [139.04178, 36.61632], [139.04185, 36.61605], [139.04187, 36.61581], [139.04187, 36.61555], [139.04185, 36.61519], [139.04179, 36.61476], [139.0417, 36.61416], [139.04148, 36.61273], [139.04139, 36.61203], [139.04133, 36.61158]]}, "properties": {"id": "TRACK_TOKYO_2478", "line_name": "上越線", "station_group_ids": [], "mode": "rail", "operator_id": "jr_east", "line_color": "#00A7E3", "tags": ["tokyo", "track_centerline"]}}, {"type": "Feature", "bbox": [139.00094, 36.64335, 139.03491, 36.67895], "geometry": {"type": "LineString", "coordinates": [[139.00094, 36.67895], [139.00158, 36.67847], [139.00272, 36.67762], [139.00387, 36.67679], [139.00415, 36.67659], [139.00575, 36.67543], [139.00718, 36.67438], [139.00818, 36.67365], [139.00918, 36.67292], [139.0095, 36.67269], [139.01051, 36.67195], [139.01126, 36.67137], [139.01249, 36.67034], [139.01321, 36.66977], [139.01328, 36.66971], [139.01498, 36.66824], [139.01563, 36.66769], [139.01658, 36.6669], [139.01693, 36.6666], [139.01697, 36.66657], [139.01748, 36.66614], [139.01804, 36.66569], [139.01817, 36.66558], [139.01879, 36.66505], [139.01969, 36.6643], [139.01985, 36.66416], [139.01998, 36.66405], [139.02012, 36.66394], [139.02021, 36.66386], [139.02144, 36.66284], [139.02166, 36.66267], [139.02194, 36.66242], [139.02257, 36.6619], [139.02279, 36.66173], [139.02292, 36.66162], [139.02311, 36.66147], [139.02323, 36.66135], [139.02369, 36.66097], [139.0238, 36.66088], [139.02472, 36.66012], [139.02505, 36.65985], [139.02583, 36.65915], [139.02612, 36.65885], [139.02626, 36.65867], [139.02637, 36.65854], [139.02645, 36.65843], [139.02655, 36.6583], [139.02668, 36.65811], [139.02672, 36.65802], [139.02684, 36.65776], [139.02695, 36.65751], [139.02756, 36.6562], [139.02765, 36.656], [139.02775, 36.65579], [139.0279, 36.65547], [139.02802, 36.65521], [139.0281, 36.65504], [139.02817, 36.65487], [139.02825, 36.65473], [139.02831, 36.6546], [139.02839, 36.65441], [139.02847, 36.65423], [139.02903, 36.65302], [139.02913, 36.65278], [139.02997, 36.6509], [139.03002, 36.6508], [139.03007, 36.65066], [139.03038, 36.64999], [139.03038, 36.64998], [139.03041, 36.64995], [139.03047, 36.64984], [139.03071, 36.64946], [139.03096, 36.6491], [139.03111, 36.64889], [139.0312, 36.64874], [139.03165, 36.64811], [139.0318, 36.64788], [139.03187, 36.64774], [139.03206, 36.64748], [139.03222, 36.64724], [139.03242, 36.64696], [139.03249, 36.64685], [139.03328, 36.6457], [139.03358, 36.64527], [139.03369, 36.6451], [139.03382, 36.64492], [139.03397, 36.6447], [139.03409, 36.64452], [139.0342, 36.64436], [139.03439, 36.64412], [139.03491, 36.64335]]}, "properties": {"id": "TRACK_TOKYO_2494", "line_name": "上越線", "station_group_ids": [], "mode": "rail", "operator_id": "jr_east", "line_color": "#00A7E3", "tags": ["tokyo", "track_centerline"]}}, {"type": "Feature", "bbox": [139.03483, 36.62466, 139.03994, 36.63216], "geometry": {"type": "LineString", "coordinates": [[139.03487, 36.62466], [139.03484, 36.62499], [139.03483, 36.62518], [139.03483, 36.62542], [139.03487, 36.62567], [139.03495, 36.62601], [139.03504, 36.62623], [139.03528, 36.62664], [139.03559, 36.62716], [139.03581, 36.62747], [139.03596, 36.62768], [139.03616, 36.62793], [139.03642, 36.62824], [139.03672, 36.6286], [139.03697, 36.6289], [139.03739, 36.62931], [139.0379, 36.62982], [139.03828, 36.63019], [139.03911, 36.63101], [139.03947, 36.63145], [139.03994, 36.63216]]}, "properties": {"id": "TRACK_TOKYO_2497", "line_name": "上越線", "station_group_ids": [], "mode": "rail", "operator_id": "jr_east", "line_color": "#00A7E3", "tags": ["tokyo", "track_centerline"]}}, {"type": "Feature", "bbox": [139.01219, 36.32059, 139.01249, 36.32395], "geometry": {"type": "LineString", "coordinates": [[139.01249, 36.32059], [139.01243, 36.32143], [139.01224, 36.32339], [139.01219, 36.32395]]}, "properties": {"id": "TRACK_TOKYO_2504", "line_name": "上越線", "station_group_ids": [], "mode": "rail", "operator_id": "jr_east", "line_color": "#00A7E3", "tags": ["tokyo", "track_centerline"]}}, {"type": "Feature", "bbox": [139.01214, 36.32395, 139.01219, 36.32452], "geometry": {"type": "LineString", "coordinates": [[139.01219, 36.32395], [139.01214, 36.32452]]}, "properties": {"id": "TRACK_TOKYO_2505", "line_name": "上越線", "station_group_ids": [], "mode": "rail", "operator_id": "jr_east", "line_color": "#00A7E3", "tags": ["tokyo", "track_centerline"]}}, {"type": "Feature", "bbox": [139.04829, 36.37997, 139.05106, 36.38205], "geometry": {"type": "LineString", "coordinates": [[139.05106, 36.38205], [139.05096, 36.38197], [139.04998, 36.38122], [139.0489, 36.38041], [139.04829, 36.37997]]}, "properties": {"id": "TRACK_TOKYO_2506", "line_name": "上越線", "station_group_ids": [], "mode": "rail", "operator_id": "jr_east", "line_color": "#00A7E3", "tags": ["tokyo", "track_centerline"]}}, {"type": "Feature", "bbox": [139.04571, 36.37804, 139.04829, 36.37997], "geometry": {"type": "LineString", "coordinates": [[139.04829, 36.37997], [139.04571, 36.37804]]}, "properties": {"id": "TRACK_TOKYO_2507", "line_name": "上越線", "station_group_ids": [], "mode": "rail", "operator_id": "jr_east", "line_color": "#00A7E3", "tags": ["tokyo", "track_centerline"]}}, {"type": "Feature", "bbox": [139.01678, 36.3453, 139.01768, 36.34697], "geometry": {"type": "LineString", "coordinates": [[139.01768, 36.34697], [139.01678, 36.3453]]}, "properties": {"id": "TRACK_TOKYO_2508", "line_name": "上越線", "station_group_ids": [], "mode": "rail", "operator_id": "jr_east", "line_color": "#00A7E3", "tags": ["tokyo", "track_centerline"]}}, {"type": "Feature", "bbox": [139.04307, 36.55845, 139.04427, 36.56067], "geometry": {"type": "LineString", "coordinates": [[139.04307, 36.56067], [139.04345, 36.55999], [139.04361, 36.55968], [139.04393, 36.5591], [139.04427, 36.55845]]}, "properties": {"id": "TRACK_TOKYO_2509", "line_name": "上越線", "station_group_ids": [], "mode": "rail", "operator_id": "jr_east", "line_color": "#00A7E3", "tags": ["tokyo", "track_centerline"]}}, {"type": "Feature", "bbox": [139.00665, 36.4651, 139.01901, 36.48986], "geometry": {"type": "LineString", "coordinates": [[139.0083, 36.48986], [139.00818, 36.48948], [139.00809, 36.48924], [139.00797, 36.48889], [139.0079, 36.48871], [139.00786, 36.48858], [139.0078, 36.48843], [139.00728, 36.48702], [139.00694, 36.4861], [139.00684, 36.48579], [139.00678, 36.48561], [139.00668, 36.48519], [139.00665, 36.48492], [139.00665, 36.4846], [139.00671, 36.48402], [139.00673, 36.4839], [139.00682, 36.48299], [139.00686, 36.48263], [139.00689, 36.4824], [139.00693, 36.48204], [139.00697, 36.48153], [139.0071, 36.48022], [139.00713, 36.47988], [139.00715, 36.47976], [139.00716, 36.47966], [139.00717, 36.47956], [139.00725, 36.47907], [139.0073, 36.4788], [139.00735, 36.47866], [139.00751, 36.47814], [139.00771, 36.47767], [139.00776, 36.47755], [139.00781, 36.47746], [139.00786, 36.47738], [139.00804, 36.47707], [139.00823, 36.47684], [139.00841, 36.47665], [139.00887, 36.47621], [139.00983, 36.47535], [139.01036, 36.47489], [139.01062, 36.47466], [139.0108, 36.4745], [139.01124, 36.47411], [139.01193, 36.47351], [139.01248, 36.47306], [139.01318, 36.47257], [139.01374, 36.47219], [139.01385, 36.47212], [139.01397, 36.47203], [139.01471, 36.47152], [139.01483, 36.47144], [139.01536, 36.47108], [139.01547, 36.47101], [139.01566, 36.47088], [139.01591, 36.47071], [139.01609, 36.47058], [139.01639, 36.47036], [139.0166, 36.47022], [139.01669, 36.47016], [139.01707, 36.46986], [139.01739, 36.46957], [139.01751, 36.46946], [139.01758, 36.46938], [139.01781, 36.4691], [139.01804, 36.46878], [139.01828, 36.46834], [139.01832, 36.46822], [139.01835, 36.46818], [139.0184, 36.46806], [139.01849, 36.46778], [139.01855, 36.46753], [139.01899, 36.46521], [139.01901, 36.4651]]}, "properties": {"id": "TRACK_TOKYO_2510", "line_name": "上越線", "station_group_ids": [], "mode": "rail", "operator_id": "jr_east", "line_color": "#00A7E3", "tags": ["tokyo", "track_centerline"]}}, {"type": "Feature", "bbox": [139.0083, 36.48986, 139.00928, 36.4926], "geometry": {"type": "LineString", "coordinates": [[139.0083, 36.48986], [139.00928, 36.4926]]}, "properties": {"id": "TRACK_TOKYO_2511", "line_name": "上越線", "station_group_ids": [], "mode": "rail", "operator_id": "jr_east", "line_color": "#00A7E3", "tags": ["tokyo", "track_centerline"]}}, {"type": "Feature", "bbox": [139.0102, 36.49523, 139.02151, 36.49894], "geometry": {"type": "LineString", "coordinates": [[139.0102, 36.49523], [139.0104, 36.49557], [139.01062, 36.49578], [139.01076, 36.49591], [139.01098, 36.49612], [139.01117, 36.49626], [139.01137, 36.4964], [139.01156, 36.49652], [139.01179, 36.49664], [139.01205, 36.49679], [139.01227, 36.4969], [139.01246, 36.49699], [139.01259, 36.49704], [139.01285, 36.49713], [139.01308, 36.4972], [139.01334, 36.49725], [139.01362, 36.49729], [139.01417, 36.49731], [139.01461, 36.49731], [139.01572, 36.49734], [139.01629, 36.49735], [139.01662, 36.49736], [139.01736, 36.49736], [139.01759, 36.49736], [139.0178, 36.49737], [139.01805, 36.49737], [139.01822, 36.49738], [139.01853, 36.49739], [139.01868, 36.49742], [139.01895, 36.49747], [139.01941, 36.49762], [139.01974, 36.49773], [139.02004, 36.49786], [139.02036, 36.49799], [139.02057, 36.49809], [139.02075, 36.49819], [139.02087, 36.49829], [139.02102, 36.49842], [139.02121, 36.49862], [139.02151, 36.49894]]}, "properties": {"id": "TRACK_TOKYO_2512", "line_name": "上越線", "station_group_ids": [], "mode": "rail", "operator_id": "jr_east", "line_color": "#00A7E3", "tags": ["tokyo", "track_centerline"]}}, {"type": "Feature", "bbox": [139.0102, 36.49523, 139.02151, 36.49894], "geometry": {"type": "LineString", "coordinates": [[139.0102, 36.49523], [139.0104, 36.49565], [139.01055, 36.49589], [139.01066, 36.49603], [139.01077, 36.49616], [139.01096, 36.49634], [139.01149, 36.49674], [139.01192, 36.497], [139.01235, 36.49723], [139.01274, 36.4974], [139.01314, 36.49752], [139.01335, 36.49757], [139.01352, 36.49759], [139.01404, 36.49761], [139.01455, 36.49761], [139.01571, 36.49763], [139.01629, 36.49763], [139.01697, 36.49764], [139.01747, 36.49765], [139.01779, 36.49765], [139.01802, 36.49767], [139.0183, 36.49768], [139.01856, 36.4977], [139.01875, 36.49772], [139.01897, 36.49776], [139.01926, 36.49783], [139.01967, 36.49797], [139.01992, 36.49806], [139.0202, 36.49819], [139.02079, 36.49847], [139.02116, 36.49868], [139.02151, 36.49894]]}, "properties": {"id": "TRACK_TOKYO_2513", "line_name": "上越線", "station_group_ids": [], "mode": "rail", "operator_id": "jr_east", "line_color": "#00A7E3", "tags": ["tokyo", "track_centerline"]}}, {"type": "Feature", "bbox": [139.03378, 36.53675, 139.03409, 36.53836], "geometry": {"type": "LineString", "coordinates": [[139.03378, 36.53836], [139.03409, 36.53675]]}, "properties": {"id": "TRACK_TOKYO_2514", "line_name": "上越線", "station_group_ids": [], "mode": "rail", "operator_id": "jr_east", "line_color": "#00A7E3", "tags": ["tokyo", "track_centerline"]}}, {"type": "Feature", "bbox": [139.03282, 36.53836, 139.03432, 36.54697], "geometry": {"type": "LineString", "coordinates": [[139.03378, 36.53836], [139.03378, 36.53844], [139.03364, 36.53914], [139.03357, 36.53952], [139.03347, 36.54014], [139.0333, 36.541], [139.03323, 36.54142], [139.03315, 36.54185], [139.03291, 36.54313], [139.03285, 36.54344], [139.03282, 36.5437], [139.03282, 36.54413], [139.03283, 36.54433], [139.03287, 36.54466], [139.03289, 36.54486], [139.03295, 36.54519], [139.03303, 36.54543], [139.03313, 36.54566], [139.03327, 36.54589], [139.03349, 36.54618], [139.03371, 36.54641], [139.0341, 36.5468], [139.03421, 36.54688], [139.03431, 36.54697], [139.03432, 36.54697]]}, "properties": {"id": "TRACK_TOKYO_2515", "line_name": "上越線", "station_group_ids": [], "mode": "rail", "operator_id": "jr_east", "line_color": "#00A7E3", "tags": ["tokyo", "track_centerline"]}}, {"type": "Feature", "bbox": [139.00928, 36.4926, 139.0102, 36.49523], "geometry": {"type": "LineString", "coordinates": [[139.00928, 36.4926], [139.00935, 36.4928], [139.0094, 36.49292], [139.00944, 36.49306], [139.0095, 36.4932], [139.00954, 36.49331], [139.00965, 36.49363], [139.00981, 36.49407], [139.00989, 36.49429], [139.00998, 36.49454], [139.01007, 36.49479], [139.01012, 36.49493], [139.01016, 36.49506], [139.0102, 36.49523]]}, "properties": {"id": "TRACK_TOKYO_2516", "line_name": "上越線", "station_group_ids": [], "mode": "rail", "operator_id": "jr_east", "line_color": "#00A7E3", "tags": ["tokyo", "track_centerline"]}}, {"type": "Feature", "bbox": [139.03431, 36.54697, 139.04457, 36.55845], "geometry": {"type": "LineString", "coordinates": [[139.03431, 36.54697], [139.03445, 36.54716], [139.03456, 36.54729], [139.03482, 36.54756], [139.03496, 36.54777], [139.03514, 36.54807], [139.03523, 36.54822], [139.0353, 36.54839], [139.03532, 36.54851], [139.0354, 36.54898], [139.03542, 36.54922], [139.0355, 36.54969], [139.0356, 36.55007], [139.03578, 36.55054], [139.03604, 36.55107], [139.03618, 36.55128], [139.03627, 36.55141], [139.03668, 36.55183], [139.03687, 36.55197], [139.0371, 36.55212], [139.03731, 36.55222], [139.03759, 36.55233], [139.03809, 36.5525], [139.03859, 36.55265], [139.03925, 36.5528], [139.0394, 36.55283], [139.03968, 36.55289], [139.03978, 36.55292], [139.03991, 36.55294], [139.04087, 36.55314], [139.0413, 36.55323], [139.04154, 36.5533], [139.04201, 36.55352], [139.04232, 36.5537], [139.04249, 36.5538], [139.04261, 36.55386], [139.04279, 36.55399], [139.04294, 36.55408], [139.04312, 36.55418], [139.04331, 36.5543], [139.04335, 36.55433], [139.04355, 36.55452], [139.04393, 36.55492], [139.04403, 36.55506], [139.04414, 36.55521], [139.04429, 36.55547], [139.04435, 36.55562], [139.04445, 36.55595], [139.04449, 36.55617], [139.04452, 36.55634], [139.04455, 36.55657], [139.04457, 36.55712], [139.04452, 36.55759], [139.04448, 36.55784], [139.04438, 36.55811], [139.04427, 36.55845]]}, "properties": {"id": "TRACK_TOKYO_2517", "line_name": "上越線", "station_group_ids": [], "mode": "rail", "operator_id": "jr_east", "line_color": "#00A7E3", "tags": ["tokyo", "track_centerline"]}}, {"type": "Feature", "bbox": [139.03253, 36.38205, 139.05255, 36.4142], "geometry": {"type": "LineString", "coordinates": [[139.03253, 36.4142], [139.03257, 36.41405], [139.03263, 36.41382], [139.03283, 36.41304], [139.03295, 36.41257], [139.03318, 36.4117], [139.03326, 36.41139], [139.0334, 36.41094], [139.03355, 36.41054], [139.03373, 36.41008], [139.03385, 36.40985], [139.03405, 36.40948], [139.03421, 36.4092], [139.03449, 36.40883], [139.0347, 36.40855], [139.03504, 36.40818], [139.03564, 36.40756], [139.03604, 36.40718], [139.03652, 36.4067], [139.03719, 36.40607], [139.03738, 36.40589], [139.03757, 36.40571], [139.03784, 36.40545], [139.03827, 36.40503], [139.03925, 36.4041], [139.03946, 36.4039], [139.03962, 36.40375], [139.03991, 36.40346], [139.04038, 36.40302], [139.04071, 36.40268], [139.04124, 36.40216], [139.04169, 36.40174], [139.04205, 36.4014], [139.04258, 36.40085], [139.04352, 36.39995], [139.04387, 36.39962], [139.0442, 36.3993], [139.04464, 36.39888], [139.0447, 36.39882], [139.04533, 36.39822], [139.04564, 36.39791], [139.04607, 36.39749], [139.04647, 36.39711], [139.04741, 36.39621], [139.04781, 36.39582], [139.04827, 36.39536], [139.04874, 36.3949], [139.04906, 36.39459], [139.04947, 36.39414], [139.04995, 36.39357], [139.05038, 36.39296], [139.05056, 36.39267], [139.05075, 36.39235], [139.05103, 36.39184], [139.05118, 36.39156], [139.0512, 36.39151], [139.05135, 36.39112], [139.05146, 36.3908], [139.05155, 36.39049], [139.05167, 36.39004], [139.05176, 36.38964], [139.05191, 36.38875], [139.05201, 36.38823], [139.05212, 36.38755], [139.05228, 36.38661], [139.05237, 36.38606], [139.05247, 36.38546], [139.05253, 36.38519], [139.05255, 36.38484], [139.05254, 36.38456], [139.0525, 36.38429], [139.05242, 36.38402], [139.05228, 36.38365], [139.05221, 36.38345], [139.05205, 36.38316], [139.05175, 36.38278], [139.05152, 36.38252], [139.05106, 36.38205]]}, "properties": {"id": "TRACK_TOKYO_2518", "line_name": "上越線", "station_group_ids": [], "mode": "rail", "operator_id": "jr_east", "line_color": "#00A7E3", "tags": ["tokyo", "track_centerline"]}}, {"type": "Feature", "bbox": [139.02376, 36.35836, 139.04571, 36.37804], "geometry": {"type": "LineString", "coordinates": [[139.04571, 36.37804], [139.04478, 36.37734], [139.04426, 36.37694], [139.04338, 36.37627], [139.04244, 36.37558], [139.04126, 36.37471], [139.04049, 36.37412], [139.03991, 36.37369], [139.03958, 36.37344], [139.03934, 36.37326], [139.0384, 36.37256], [139.03801, 36.37227], [139.03728, 36.37172], [139.03671, 36.3713], [139.03635, 36.37103], [139.0363, 36.37099], [139.03585, 36.37064], [139.03507, 36.37008], [139.0345, 36.36964], [139.03364, 36.369], [139.0332, 36.36867], [139.03277, 36.36835], [139.03163, 36.3675], [139.0313, 36.36725], [139.03075, 36.36683], [139.02985, 36.36617], [139.02953, 36.36592], [139.02942, 36.36583], [139.02901, 36.36552], [139.02864, 36.36523], [139.02838, 36.36502], [139.02765, 36.3644], [139.02736, 36.36413], [139.02704, 36.36382], [139.02685, 36.36361], [139.02662, 36.36334], [139.02647, 36.36315], [139.02626, 36.36287], [139.02609, 36.36263], [139.02593, 36.36241], [139.02566, 36.3619], [139.02485, 36.36038], [139.02405, 36.35889], [139.02376, 36.35836]]}, "properties": {"id": "TRACK_TOKYO_2519", "line_name": "上越線", "station_group_ids": [], "mode": "rail", "operator_id": "jr_east", "line_color": "#00A7E3", "tags": ["tokyo", "track_centerline"]}}, {"type": "Feature", "bbox": [139.01133, 36.32452, 139.01678, 36.3453], "geometry": {"type": "LineString", "coordinates": [[139.01678, 36.3453], [139.01648, 36.34473], [139.01614, 36.34411], [139.0159, 36.34368], [139.0157, 36.34325], [139.01528, 36.34249], [139.01516, 36.34227], [139.01484, 36.34166], [139.01461, 36.34125], [139.01447, 36.34099], [139.01433, 36.34074], [139.01423, 36.34057], [139.01411, 36.34032], [139.01396, 36.34004], [139.01388, 36.3399], [139.01366, 36.33951], [139.01343, 36.33906], [139.01319, 36.33865], [139.01286, 36.33799], [139.01254, 36.33742], [139.01202, 36.33648], [139.0115, 36.33547], [139.01147, 36.3354], [139.01145, 36.33533], [139.01134, 36.33417], [139.01133, 36.33406], [139.01133, 36.33394], [139.01134, 36.33372], [139.01135, 36.33357], [139.01137, 36.33322], [139.01143, 36.33243], [139.0115, 36.33188], [139.01159, 36.33095], [139.01164, 36.33034], [139.0117, 36.32967], [139.01173, 36.32936], [139.01176, 36.32891], [139.01182, 36.32821], [139.01184, 36.32799], [139.01191, 36.32712], [139.01194, 36.32677], [139.01195, 36.32658], [139.01198, 36.32618], [139.012, 36.32598], [139.01209, 36.32508], [139.01214, 36.32452]]}, "properties": {"id": "TRACK_TOKYO_2520", "line_name": "上越線", "station_group_ids": [], "mode": "rail", "operator_id": "jr_east", "line_color": "#00A7E3", "tags": ["tokyo", "track_centerline"]}}, {"type": "Feature", "bbox": [139.02151, 36.49894, 139.03497, 36.53675], "geometry": {"type": "LineString", "coordinates": [[139.03409, 36.53675], [139.03419, 36.53623], [139.03428, 36.53572], [139.03439, 36.53507], [139.03447, 36.5346], [139.03456, 36.53404], [139.03457, 36.53399], [139.03461, 36.53367], [139.03474, 36.53294], [139.03483, 36.53246], [139.03495, 36.53181], [139.03497, 36.53156], [139.03497, 36.53132], [139.03494, 36.53099], [139.03489, 36.53075], [139.0348, 36.53046], [139.03467, 36.53013], [139.03458, 36.52992], [139.03446, 36.52972], [139.03425, 36.52947], [139.03405, 36.52925], [139.03386, 36.52908], [139.03361, 36.52889], [139.03343, 36.52876], [139.03318, 36.52859], [139.03305, 36.52849], [139.03288, 36.52834], [139.0327, 36.52816], [139.03253, 36.52795], [139.03239, 36.52776], [139.03223, 36.52751], [139.03206, 36.52719], [139.03195, 36.52693], [139.03182, 36.5266], [139.03173, 36.52635], [139.03159, 36.52587], [139.03156, 36.52575], [139.03152, 36.52561], [139.03133, 36.52493], [139.03118, 36.52439], [139.03109, 36.52403], [139.0309, 36.52331], [139.03074, 36.52263], [139.03061, 36.52214], [139.03049, 36.52168], [139.03042, 36.52142], [139.03035, 36.52124], [139.03006, 36.52047], [139.02997, 36.52023], [139.02986, 36.51999], [139.02967, 36.51953], [139.02953, 36.51918], [139.02912, 36.51814], [139.02911, 36.5181], [139.02885, 36.51741], [139.0287, 36.51705], [139.02863, 36.5168], [139.02851, 36.51632], [139.02832, 36.51566], [139.02809, 36.51485], [139.02799, 36.51449], [139.02797, 36.51444], [139.02794, 36.51431], [139.02788, 36.51416], [139.02785, 36.51406], [139.02779, 36.51391], [139.02771, 36.51373], [139.02754, 36.51342], [139.02741, 36.51319], [139.02725, 36.51297], [139.02691, 36.5126], [139.02668, 36.51239], [139.0264, 36.51216], [139.02625, 36.51205], [139.02598, 36.51188], [139.0252, 36.51138], [139.02481, 36.51111], [139.02439, 36.5108], [139.02422, 36.51063], [139.02409, 36.51046], [139.02401, 36.51035], [139.02393, 36.51021], [139.02384, 36.51008], [139.02372, 36.50979], [139.02361, 36.50937], [139.02357, 36.50915], [139.02354, 36.50875], [139.02356, 36.50825], [139.02358, 36.50814], [139.02361, 36.50793], [139.02365, 36.50771], [139.02367, 36.50756], [139.02371, 36.50743], [139.02375, 36.50721], [139.02376, 36.50698], [139.02374, 36.50671], [139.02371, 36.5066], [139.02368, 36.50648], [139.02341, 36.50525], [139.02335, 36.50499], [139.02332, 36.50487], [139.02327, 36.50462], [139.02317, 36.50416], [139.02315, 36.50407], [139.02301, 36.50346], [139.02295, 36.50312], [139.02262, 36.50202], [139.0225, 36.50161], [139.02244, 36.50138], [139.02241, 36.50126], [139.02238, 36.50108], [139.02236, 36.501], [139.02228, 36.50066], [139.02213, 36.50003], [139.02206, 36.49982], [139.02196, 36.49962], [139.02186, 36.4994], [139.02166, 36.49913], [139.02151, 36.49894]]}, "properties": {"id": "TRACK_TOKYO_2521", "line_name": "上越線", "station_group_ids": [], "mode": "rail", "operator_id": "jr_east", "line_color": "#00A7E3", "tags": ["tokyo", "track_centerline"]}}, {"type": "Feature", "bbox": [139.01901, 36.46248, 139.01949, 36.4651], "geometry": {"type": "LineString", "coordinates": [[139.01949, 36.46248], [139.01901, 36.4651]]}, "properties": {"id": "TRACK_TOKYO_2522", "line_name": "上越線", "station_group_ids": [], "mode": "rail", "operator_id": "jr_east", "line_color": "#00A7E3", "tags": ["tokyo", "track_centerline"]}}, {"type": "Feature", "bbox": [139.03432, 36.54697, 139.04476, 36.55845], "geometry": {"type": "LineString", "coordinates": [[139.03432, 36.54697], [139.03471, 36.54726], [139.03492, 36.54745], [139.03506, 36.54761], [139.0352, 36.54781], [139.03536, 36.54804], [139.03548, 36.54826], [139.03554, 36.54843], [139.03561, 36.54872], [139.03566, 36.54896], [139.03569, 36.54922], [139.03575, 36.54962], [139.0358, 36.54986], [139.03587, 36.55009], [139.03595, 36.55028], [139.03605, 36.55049], [139.03611, 36.55062], [139.03621, 36.5508], [139.03644, 36.55113], [139.03666, 36.55135], [139.03704, 36.55167], [139.03715, 36.55176], [139.03725, 36.55182], [139.0376, 36.55204], [139.03795, 36.55222], [139.03853, 36.55243], [139.03865, 36.55247], [139.03922, 36.55263], [139.04012, 36.5528], [139.04026, 36.55283], [139.04086, 36.55292], [139.0414, 36.55307], [139.0419, 36.55327], [139.04246, 36.55356], [139.04259, 36.55368], [139.04269, 36.55376], [139.04306, 36.55404], [139.04361, 36.5543], [139.04379, 36.55446], [139.04418, 36.55486], [139.04428, 36.55497], [139.0444, 36.55515], [139.0445, 36.55535], [139.04458, 36.55556], [139.04468, 36.55589], [139.04474, 36.55629], [139.04476, 36.55683], [139.04476, 36.55709], [139.04465, 36.55767], [139.04455, 36.55795], [139.04442, 36.55823], [139.04427, 36.55845]]}, "properties": {"id": "TRACK_TOKYO_2523", "line_name": "上越線", "station_group_ids": [], "mode": "rail", "operator_id": "jr_east", "line_color": "#00A7E3", "tags": ["tokyo", "track_centerline"]}}, {"type": "Feature", "bbox": [139.02278, 36.35652, 139.02376, 36.35836], "geometry": {"type": "LineString", "coordinates": [[139.02376, 36.35836], [139.02278, 36.35652]]}, "properties": {"id": "TRACK_TOKYO_2524", "line_name": "上越線", "station_group_ids": [], "mode": "rail", "operator_id": "jr_east", "line_color": "#00A7E3", "tags": ["tokyo", "track_centerline"]}}, {"type": "Feature", "bbox": [139.04266, 36.56067, 139.04307, 36.56139], "geometry": {"type": "LineString", "coordinates": [[139.04266, 36.56139], [139.04307, 36.56067]]}, "properties": {"id": "TRACK_TOKYO_2525", "line_name": "上越線", "station_group_ids": [], "mode": "rail", "operator_id": "jr_east", "line_color": "#00A7E3", "tags": ["tokyo", "track_centerline"]}}, {"type": "Feature", "bbox": [139.03204, 36.4142, 139.03253, 36.41682], "geometry": {"type": "LineString", "coordinates": [[139.03204, 36.41682], [139.03253, 36.4142]]}, "properties": {"id": "TRACK_TOKYO_2526", "line_name": "上越線", "station_group_ids": [], "mode": "rail", "operator_id": "jr_east", "line_color": "#00A7E3", "tags": ["tokyo", "track_centerline"]}}, {"type": "Feature", "bbox": [139.01949, 36.41682, 139.03204, 36.46248], "geometry": {"type": "LineString", "coordinates": [[139.01949, 36.46248], [139.0195, 36.46242], [139.01964, 36.46165], [139.01966, 36.46148], [139.0197, 36.46133], [139.01973, 36.46117], [139.01986, 36.46041], [139.01991, 36.46019], [139.01997, 36.45985], [139.02005, 36.45943], [139.02014, 36.45894], [139.02014, 36.45886], [139.02024, 36.45839], [139.02038, 36.45771], [139.0205, 36.45706], [139.02061, 36.45641], [139.02065, 36.45627], [139.02076, 36.45557], [139.02081, 36.45503], [139.02081, 36.45461], [139.02077, 36.45427], [139.02068, 36.45384], [139.02064, 36.4537], [139.0206, 36.45355], [139.02051, 36.45324], [139.02023, 36.45226], [139.02021, 36.45224], [139.02017, 36.45207], [139.02013, 36.45187], [139.02005, 36.45149], [139.02001, 36.45133], [139.01999, 36.45114], [139.01998, 36.45106], [139.01997, 36.4509], [139.01996, 36.45087], [139.01996, 36.4508], [139.01996, 36.45013], [139.01998, 36.44984], [139.02008, 36.44931], [139.02021, 36.4489], [139.02027, 36.44873], [139.02046, 36.44838], [139.0207, 36.44802], [139.02154, 36.44689], [139.02201, 36.44626], [139.02208, 36.44617], [139.02241, 36.44573], [139.02249, 36.44561], [139.02254, 36.44554], [139.0226, 36.44546], [139.02292, 36.44504], [139.0232, 36.44477], [139.02357, 36.44447], [139.02422, 36.44392], [139.02438, 36.44377], [139.02467, 36.44352], [139.02513, 36.44305], [139.02538, 36.44277], [139.02564, 36.44234], [139.02582, 36.442], [139.02596, 36.44165], [139.02597, 36.44158], [139.0261, 36.4413], [139.02653, 36.44018], [139.02683, 36.43946], [139.0269, 36.43929], [139.02696, 36.43913], [139.02733, 36.43818], [139.02738, 36.43808], [139.02741, 36.43797], [139.02772, 36.43718], [139.02789, 36.43663], [139.02795, 36.43635], [139.028, 36.43613], [139.02801, 36.43604], [139.02813, 36.43547], [139.02835, 36.43446], [139.02863, 36.4332], [139.02874, 36.43272], [139.02874, 36.43267], [139.02876, 36.43262], [139.02881, 36.4324], [139.02885, 36.43218], [139.02887, 36.4321], [139.02888, 36.43203], [139.02897, 36.43165], [139.02905, 36.4312], [139.02913, 36.43085], [139.02937, 36.4297], [139.02965, 36.42837], [139.02991, 36.42716], [139.02999, 36.42678], [139.03017, 36.42592], [139.03029, 36.42529], [139.03034, 36.42509], [139.0304, 36.42476], [139.03041, 36.42472], [139.03042, 36.42466], [139.03045, 36.42455], [139.03064, 36.42364], [139.03067, 36.4235], [139.03075, 36.42314], [139.03091, 36.42234], [139.03121, 36.42086], [139.03142, 36.4198], [139.03154, 36.41927], [139.03162, 36.41892], [139.03169, 36.41859], [139.03185, 36.41774], [139.03188, 36.41762], [139.03194, 36.41731], [139.03199, 36.41705], [139.03204, 36.41682]]}, "properties": {"id": "TRACK_TOKYO_2527", "line_name": "上越線", "station_group_ids": [], "mode": "rail", "operator_id": "jr_east", "line_color": "#00A7E3", "tags": ["tokyo", "track_centerline"]}}, {"type": "Feature", "bbox": [139.01768, 36.34697, 139.02278, 36.35652], "geometry": {"type": "LineString", "coordinates": [[139.02278, 36.35652], [139.0226, 36.35618], [139.02242, 36.35583], [139.02219, 36.35545], [139.02177, 36.3546], [139.02154, 36.3542], [139.02118, 36.35352], [139.02104, 36.35326], [139.02098, 36.35314], [139.0209, 36.353], [139.02064, 36.35251], [139.02038, 36.35205], [139.02024, 36.35175], [139.02002, 36.35137], [139.01959, 36.35057], [139.01934, 36.3501], [139.01878, 36.34907], [139.01838, 36.34829], [139.01786, 36.34731], [139.01768, 36.34697]]}, "properties": {"id": "TRACK_TOKYO_2528", "line_name": "上越線", "station_group_ids": [], "mode": "rail", "operator_id": "jr_east", "line_color": "#00A7E3", "tags": ["tokyo", "track_centerline"]}}, {"type": "Feature", "bbox": [139.04125, 36.60411, 139.04606, 36.61158], "geometry": {"type": "LineString", "coordinates": [[139.04133, 36.61158], [139.04125, 36.61114], [139.04125, 36.61093], [139.04129, 36.61068], [139.04133, 36.61028], [139.04143, 36.60988], [139.04151, 36.60962], [139.04159, 36.60941], [139.04173, 36.60914], [139.04192, 36.60878], [139.04214, 36.6084], [139.04237, 36.60805], [139.04272, 36.6075], [139.04295, 36.60716], [139.04346, 36.60639], [139.04375, 36.60603], [139.04407, 36.60565], [139.04446, 36.60526], [139.0448, 36.60495], [139.04495, 36.60482], [139.04511, 36.60475], [139.04536, 36.6046], [139.04562, 36.60442], [139.04606, 36.60411]]}, "properties": {"id": "TRACK_TOKYO_2534", "line_name": "上越線", "station_group_ids": [], "mode": "rail", "operator_id": "jr_east", "line_color": "#00A7E3", "tags": ["tokyo", "track_centerline"]}}, {"type": "Feature", "bbox": [139.04133, 36.60411, 139.04606, 36.61158], "geometry": {"type": "LineString", "coordinates": [[139.04133, 36.61158], [139.04133, 36.61115], [139.04137, 36.61077], [139.04145, 36.61046], [139.04158, 36.61012], [139.04184, 36.6095], [139.04198, 36.6092], [139.04218, 36.60891], [139.04254, 36.60837], [139.04268, 36.60817], [139.04296, 36.60778], [139.04393, 36.6065], [139.04429, 36.60605], [139.04477, 36.60555], [139.04486, 36.60547], [139.04509, 36.60527], [139.04563, 36.60463], [139.04606, 36.60411]]}, "properties": {"id": "TRACK_TOKYO_2535", "line_name": "上越線", "station_group_ids": [], "mode": "rail", "operator_id": "jr_east", "line_color": "#00A7E3", "tags": ["tokyo", "track_centerline"]}}, {"type": "Feature", "bbox": [139.04606, 36.60335, 139.04673, 36.60411], "geometry": {"type": "LineString", "coordinates": [[139.04606, 36.60411], [139.04673, 36.60335]]}, "properties": {"id": "TRACK_TOKYO_2536", "line_name": "上越線", "station_group_ids": [], "mode": "rail", "operator_id": "jr_east", "line_color": "#00A7E3", "tags": ["tokyo", "track_centerline"]}}, {"type": "Feature", "bbox": [139.04833, 36.58616, 139.05557, 36.60097], "geometry": {"type": "LineString", "coordinates": [[139.05557, 36.58616], [139.05552, 36.5864], [139.05553, 36.58645], [139.05548, 36.58656], [139.05536, 36.58682], [139.05528, 36.58693], [139.05479, 36.58753], [139.05455, 36.58782], [139.05428, 36.58813], [139.05399, 36.58841], [139.05365, 36.58868], [139.05334, 36.58888], [139.05272, 36.58927], [139.05166, 36.58989], [139.05118, 36.59023], [139.05021, 36.59129], [139.04962, 36.59195], [139.04949, 36.5921], [139.04915, 36.59247], [139.04906, 36.5926], [139.04899, 36.59278], [139.04885, 36.59334], [139.04875, 36.59384], [139.04872, 36.59427], [139.04865, 36.5963], [139.04861, 36.59735], [139.04856, 36.59846], [139.04852, 36.59899], [139.04849, 36.59959], [139.04844, 36.60013], [139.04839, 36.60057], [139.04833, 36.60097]]}, "properties": {"id": "TRACK_TOKYO_2537", "line_name": "上越線", "station_group_ids": [], "mode": "rail", "operator_id": "jr_east", "line_color": "#00A7E3", "tags": ["tokyo", "track_centerline"]}}, {"type": "Feature", "bbox": [139.0533, 36.57506, 139.05557, 36.58616], "geometry": {"type": "LineString", "coordinates": [[139.0533, 36.57506], [139.05351, 36.57568], [139.0536, 36.576], [139.05365, 36.57619], [139.0537, 36.57638], [139.05376, 36.57661], [139.0538, 36.57678], [139.05386, 36.57709], [139.05396, 36.57747], [139.05416, 36.57833], [139.05458, 36.58043], [139.05488, 36.58205], [139.05513, 36.58351], [139.05523, 36.58403], [139.05528, 36.58427], [139.05531, 36.58442], [139.05542, 36.58486], [139.05552, 36.58548], [139.05557, 36.58616]]}, "properties": {"id": "TRACK_TOKYO_2538", "line_name": "上越線", "station_group_ids": [], "mode": "rail", "operator_id": "jr_east", "line_color": "#00A7E3", "tags": ["tokyo", "track_centerline"]}}, {"type": "Feature", "bbox": [139.03959, 36.56139, 139.0533, 36.57506], "geometry": {"type": "LineString", "coordinates": [[139.04266, 36.56139], [139.04219, 36.56224], [139.04169, 36.56301], [139.04161, 36.56314], [139.04149, 36.56329], [139.04138, 36.56347], [139.04127, 36.56363], [139.04104, 36.56392], [139.04096, 36.56405], [139.04034, 36.56503], [139.0402, 36.56525], [139.04004, 36.56549], [139.0399, 36.56577], [139.03973, 36.56616], [139.03968, 36.56634], [139.03961, 36.56662], [139.03959, 36.56695], [139.03961, 36.5673], [139.03965, 36.56754], [139.03971, 36.56783], [139.03983, 36.56817], [139.03993, 36.56843], [139.04003, 36.56861], [139.04013, 36.56877], [139.04029, 36.56899], [139.04072, 36.56944], [139.04105, 36.56974], [139.04137, 36.56999], [139.04176, 36.57023], [139.04199, 36.57034], [139.04234, 36.57047], [139.04257, 36.57055], [139.04278, 36.5706], [139.04284, 36.57061], [139.04315, 36.57064], [139.04339, 36.57066], [139.04363, 36.57064], [139.04402, 36.5706], [139.04435, 36.57057], [139.04449, 36.57054], [139.04479, 36.57051], [139.04515, 36.57045], [139.046, 36.57033], [139.04627, 36.57028], [139.04675, 36.57021], [139.04704, 36.5702], [139.04753, 36.5702], [139.04794, 36.57024], [139.04798, 36.57025], [139.0481, 36.57026], [139.04848, 36.57033], [139.04894, 36.57045], [139.04922, 36.57055], [139.04947, 36.57067], [139.04961, 36.57075], [139.0497, 36.57081], [139.05002, 36.571], [139.05044, 36.57127], [139.05071, 36.57148], [139.05101, 36.57176], [139.05134, 36.5721], [139.05135, 36.57212], [139.05176, 36.57261], [139.05191, 36.57279], [139.05216, 36.57314], [139.05222, 36.57324], [139.05241, 36.57356], [139.05244, 36.57361], [139.05309, 36.57468], [139.0533, 36.57506]]}, "properties": {"id": "TRACK_TOKYO_2539", "line_name": "上越線", "station_group_ids": [], "mode": "rail", "operator_id": "jr_east", "line_color": "#00A7E3", "tags": ["tokyo", "track_centerline"]}}, {"type": "Feature", "bbox": [139.0533, 36.57506, 139.05602, 36.58616], "geometry": {"type": "LineString", "coordinates": [[139.0533, 36.57506], [139.05366, 36.57564], [139.0541, 36.5764], [139.05428, 36.57676], [139.05436, 36.57694], [139.05452, 36.57739], [139.05466, 36.57773], [139.05477, 36.5781], [139.05486, 36.57841], [139.05504, 36.57901], [139.05529, 36.57994], [139.05553, 36.58086], [139.0558, 36.58205], [139.05599, 36.58316], [139.05602, 36.58345], [139.05601, 36.58364], [139.05597, 36.58403], [139.05595, 36.58436], [139.05589, 36.58474], [139.05586, 36.585], [139.05583, 36.58526], [139.05579, 36.58549], [139.05568, 36.58587], [139.05557, 36.58616]]}, "properties": {"id": "TRACK_TOKYO_2540", "line_name": "上越線", "station_group_ids": [], "mode": "rail", "operator_id": "jr_east", "line_color": "#00A7E3", "tags": ["tokyo", "track_centerline"]}}, {"type": "Feature", "bbox": [139.01277, 36.32111, 139.0132, 36.3248], "geometry": {"type": "LineString", "coordinates": [[139.0132, 36.32111], [139.01317, 36.32134], [139.01315, 36.32162], [139.01283, 36.32435], [139.01277, 36.3248]]}, "properties": {"id": "TRACK_TOKYO_3875", "line_name": "北陸新幹線", "station_group_ids": [], "mode": "shinkansen", "operator_id": "jr_east", "line_color": "#2C62C9", "tags": ["tokyo", "track_centerline"]}}, {"type": "Feature", "bbox": [138.99996, 36.3248, 139.01277, 36.3548], "geometry": {"type": "LineString", "coordinates": [[139.01277, 36.3248], [139.01273, 36.32525], [139.01271, 36.32542], [139.01249, 36.32713], [139.01226, 36.32899], [139.01213, 36.33015], [139.01191, 36.33197], [139.01178, 36.33304], [139.01162, 36.33422], [139.01159, 36.33439], [139.01151, 36.33484], [139.01148, 36.33517], [139.01141, 36.33568], [139.01133, 36.33609], [139.0113, 36.33627], [139.01126, 36.33648], [139.01111, 36.3371], [139.01095, 36.33766], [139.01065, 36.33869], [139.01042, 36.33936], [139.01028, 36.33979], [139.0099, 36.3408], [139.00971, 36.34125], [139.00926, 36.34216], [139.0089, 36.34283], [139.00849, 36.34354], [139.00787, 36.34449], [139.00757, 36.34493], [139.00741, 36.34516], [139.00636, 36.34652], [139.00603, 36.34695], [139.00552, 36.34763], [139.00545, 36.34771], [139.00431, 36.34921], [139.00374, 36.34994], [139.00343, 36.35035], [139.00202, 36.35219], [139.00092, 36.35361], [139.00046, 36.35418], [138.99996, 36.3548]]}, "properties": {"id": "TRACK_TOKYO_3876", "line_name": "北陸新幹線", "station_group_ids": [], "mode": "shinkansen", "operator_id": "jr_east", "line_color": "#2C62C9", "tags": ["tokyo", "track_centerline"]}}, {"type": "Feature", "bbox": [138.85084, 36.3548, 138.99996, 36.37982], "geometry": {"type": "LineString", "coordinates": [[138.85084, 36.36261], [138.85233, 36.36275], [138.85285, 36.36282], [138.8532, 36.36286], [138.85382, 36.36295], [138.85434, 36.36302], [138.85501, 36.36312], [138.8554, 36.36318], [138.85581, 36.36325], [138.85635, 36.36334], [138.85697, 36.36343], [138.85764, 36.36354], [138.85796, 36.3636], [138.85866, 36.36371], [138.85914, 36.36379], [138.85951, 36.36385], [138.85991, 36.36391], [138.86037, 36.36398], [138.86087, 36.36406], [138.8616, 36.36418], [138.86176, 36.3642], [138.86207, 36.36425], [138.86288, 36.36438], [138.86319, 36.36443], [138.86357, 36.36449], [138.86386, 36.36454], [138.86426, 36.3646], [138.8647, 36.36467], [138.865, 36.36472], [138.86519, 36.36475], [138.86548, 36.3648], [138.86577, 36.36484], [138.86618, 36.36491], [138.86672, 36.36499], [138.86705, 36.36504], [138.86731, 36.36508], [138.86771, 36.36515], [138.86816, 36.36522], [138.8682, 36.36523], [138.8685, 36.36527], [138.86892, 36.36534], [138.86914, 36.36537], [138.86958, 36.36544], [138.87002, 36.36551], [138.87032, 36.36555], [138.87064, 36.36561], [138.87094, 36.36565], [138.87133, 36.36572], [138.87183, 36.36579], [138.87421, 36.36617], [138.87716, 36.36664], [138.87989, 36.36706], [138.88121, 36.36727], [138.8815, 36.36731], [138.88217, 36.36742], [138.88345, 36.36761], [138.88469, 36.3678], [138.88632, 36.36806], [138.88754, 36.36826], [138.88798, 36.36833], [138.88857, 36.36845], [138.88885, 36.36849], [138.88922, 36.36858], [138.89078, 36.3689], [138.89116, 36.36896], [138.89156, 36.36905], [138.89216, 36.36919], [138.89306, 36.36938], [138.8938, 36.36954], [138.89497, 36.36978], [138.89511, 36.36981], [138.89605, 36.37002], [138.89846, 36.37056], [138.90097, 36.3711], [138.90173, 36.37126], [138.90361, 36.37167], [138.90618, 36.3722], [138.90838, 36.37267], [138.91014, 36.37304], [138.91142, 36.37332], [138.91246, 36.37354], [138.91297, 36.37364], [138.91438, 36.37395], [138.91453, 36.37398], [138.91558, 36.3742], [138.916, 36.3743], [138.91687, 36.37448], [138.91755, 36.37464], [138.91825, 36.37479], [138.91842, 36.37482], [138.91861, 36.37487], [138.92033, 36.37523], [138.92199, 36.37559], [138.92337, 36.37588], [138.92512, 36.37626], [138.92589, 36.37642], [138.92656, 36.37657], [138.92729, 36.37673], [138.92768, 36.3768], [138.93002, 36.3773], [138.93114, 36.37752], [138.93135, 36.37757], [138.93267, 36.37786], [138.93313, 36.37796], [138.93473, 36.3783], [138.93616, 36.37858], [138.93774, 36.37889], [138.93855, 36.37904], [138.93939, 36.37917], [138.93992, 36.37925], [138.94064, 36.37934], [138.94074, 36.37936], [138.94137, 36.37943], [138.94196, 36.37951], [138.942, 36.37951], [138.943, 36.3796], [138.94356, 36.37964], [138.94421, 36.37968], [138.94522, 36.37974], [138.94605, 36.3798], [138.94675, 36.37982], [138.94693, 36.37982], [138.94778, 36.37982], [138.94881, 36.37981], [138.94959, 36.37978], [138.94967, 36.37978], [138.95027, 36.37976], [138.95075, 36.37974], [138.95098, 36.37973], [138.95192, 36.37966], [138.95259, 36.37961], [138.95323, 36.37954], [138.95364, 36.37949], [138.95502, 36.37933], [138.95549, 36.37926], [138.95557, 36.37925], [138.95578, 36.37921], [138.95653, 36.3791], [138.9575, 36.37894], [138.95844, 36.37877], [138.95918, 36.3786], [138.96033, 36.3783], [138.96162, 36.37797], [138.96271, 36.37768], [138.96387, 36.37732], [138.96517, 36.37689], [138.96599, 36.37659], [138.96604, 36.37657], [138.96704, 36.3762], [138.96714, 36.37616], [138.96812, 36.37576], [138.96907, 36.37535], [138.9701, 36.37489], [138.97157, 36.3742], [138.97347, 36.37316], [138.9739, 36.37292], [138.97515, 36.37222], [138.97625, 36.3716], [138.9767, 36.37135], [138.97713, 36.3711], [138.98059, 36.36913], [138.98265, 36.36794], [138.98423, 36.36704], [138.98748, 36.36519], [138.98922, 36.36417], [138.98977, 36.36382], [138.99007, 36.36364], [138.99042, 36.36341], [138.99149, 36.36268], [138.99289, 36.36167], [138.99302, 36.36157], [138.99441, 36.36047], [138.99594, 36.35916], [138.99681, 36.35837], [138.998, 36.35704], [138.99996, 36.3548]]}, "properties": {"id": "TRACK_TOKYO_3877", "line_name": "北陸新幹線", "station_group_ids": [], "mode": "shinkansen", "operator_id": "jr_east", "line_color": "#2C62C9", "tags": ["tokyo", "track_centerline"]}}, {"type": "Feature", "bbox": [139.3739, 36.37456, 139.37495, 36.37542], "geometry": {"type": "LineString", "coordinates": [[139.37495, 36.37456], [139.3739, 36.37542]]}, "properties": {"id": "TRACK_TOKYO_3886", "line_name": "両毛線", "station_group_ids": [], "mode": "rail", "operator_id": "jr_east", "line_color": "#E49F00", "tags": ["tokyo", "track_centerline"]}}, {"type": "Feature", "bbox": [139.45555, 36.33164, 139.45715, 36.3321], "geometry": {"type": "LineString", "coordinates": [[139.45715, 36.33164], [139.45555, 36.3321]]}, "properties": {"id": "TRACK_TOKYO_3898", "line_name": "両毛線", "station_group_ids": [], "mode": "rail", "operator_id": "jr_east", "line_color": "#E49F00", "tags": ["tokyo", "track_centerline"]}}, {"type": "Feature", "bbox": [139.52788, 36.31617, 139.5297, 36.31619], "geometry": {"type": "LineString", "coordinates": [[139.5297, 36.31617], [139.52788, 36.31619]]}, "properties": {"id": "TRACK_TOKYO_3899", "line_name": "両毛線", "station_group_ids": [], "mode": "rail", "operator_id": "jr_east", "line_color": "#E49F00", "tags": ["tokyo", "track_centerline"]}}, {"type": "Feature", "bbox": [139.37495, 36.34779, 139.41069, 36.37456], "geometry": {"type": "LineString", "coordinates": [[139.41069, 36.34779], [139.4093, 36.34875], [139.4073, 36.35016], [139.40421, 36.35233], [139.40122, 36.35443], [139.40092, 36.35465], [139.3987, 36.35622], [139.39576, 36.3583], [139.39295, 36.36031], [139.39257, 36.36058], [139.39241, 36.36069], [139.39221, 36.36083], [139.39102, 36.36169], [139.39027, 36.36223], [139.38828, 36.3638], [139.38603, 36.3656], [139.38567, 36.36589], [139.38313, 36.36793], [139.37993, 36.3705], [139.37816, 36.37195], [139.37777, 36.37226], [139.37495, 36.37456]]}, "properties": {"id": "TRACK_TOKYO_3900", "line_name": "両毛線", "station_group_ids": [], "mode": "rail", "operator_id": "jr_east", "line_color": "#E49F00", "tags": ["tokyo", "track_centerline"]}}, {"type": "Feature", "bbox": [139.41185, 36.3321, 139.45555, 36.34699], "geometry": {"type": "LineString", "coordinates": [[139.45555, 36.3321], [139.45544, 36.33213], [139.45379, 36.33263], [139.45368, 36.33266], [139.45353, 36.33271], [139.45257, 36.33298], [139.45218, 36.3331], [139.45203, 36.33314], [139.4518, 36.3332], [139.45151, 36.3333], [139.45005, 36.33372], [139.44985, 36.33378], [139.4496, 36.33385], [139.44891, 36.33405], [139.44872, 36.33412], [139.44864, 36.33413], [139.44796, 36.33433], [139.4479, 36.33435], [139.44708, 36.33458], [139.44685, 36.33465], [139.44663, 36.33472], [139.44628, 36.33483], [139.4452, 36.33513], [139.4443, 36.33537], [139.44375, 36.33547], [139.44352, 36.33551], [139.4432, 36.33554], [139.44289, 36.33558], [139.44247, 36.33562], [139.44199, 36.33565], [139.44119, 36.3357], [139.44018, 36.33571], [139.43971, 36.33569], [139.43934, 36.33565], [139.43909, 36.33562], [139.43896, 36.33561], [139.43885, 36.3356], [139.43838, 36.33556], [139.43833, 36.33555], [139.43769, 36.33548], [139.43735, 36.33545], [139.43723, 36.33544], [139.4371, 36.33542], [139.43623, 36.33531], [139.43523, 36.3352], [139.43468, 36.33514], [139.43431, 36.33512], [139.4339, 36.33512], [139.43368, 36.33514], [139.43327, 36.33522], [139.43281, 36.33534], [139.4325, 36.33545], [139.43241, 36.33549], [139.43232, 36.33553], [139.43218, 36.33561], [139.43203, 36.3357], [139.43166, 36.33595], [139.43156, 36.33601], [139.43128, 36.33623], [139.43117, 36.3363], [139.431, 36.33642], [139.43093, 36.33648], [139.43049, 36.33684], [139.43007, 36.33719], [139.4285, 36.3385], [139.42652, 36.34008], [139.42582, 36.34062], [139.42545, 36.34086], [139.42476, 36.34128], [139.42444, 36.34144], [139.42408, 36.34159], [139.42131, 36.3425], [139.42032, 36.34282], [139.41721, 36.34386], [139.41605, 36.34426], [139.41562, 36.34444], [139.41514, 36.34469], [139.41471, 36.34496], [139.41382, 36.34559], [139.41185, 36.34699]]}, "properties": {"id": "TRACK_TOKYO_3901", "line_name": "両毛線", "station_group_ids": [], "mode": "rail", "operator_id": "jr_east", "line_color": "#E49F00", "tags": ["tokyo", "track_centerline"]}}, {"type": "Feature", "bbox": [139.5297, 36.31593, 139.57739, 36.31653], "geometry": {"type": "LineString", "coordinates": [[139.57739, 36.31653], [139.576, 36.31651], [139.57451, 36.31647], [139.57111, 36.31634], [139.56963, 36.31628], [139.56888, 36.31626], [139.56791, 36.31624], [139.56656, 36.3162], [139.56539, 36.31616], [139.56495, 36.31615], [139.56443, 36.31614], [139.56229, 36.31607], [139.56031, 36.31601], [139.55826, 36.31596], [139.55685, 36.31594], [139.55583, 36.31593], [139.55548, 36.31594], [139.55474, 36.31593], [139.55417, 36.31593], [139.55265, 36.31595], [139.5504, 36.31598], [139.54788, 36.31601], [139.54558, 36.31603], [139.54322, 36.31604], [139.54308, 36.31605], [139.5426, 36.31605], [139.54238, 36.31605], [139.54144, 36.31607], [139.54027, 36.31608], [139.53996, 36.31609], [139.53834, 36.31609], [139.53597, 36.31612], [139.53435, 36.31615], [139.53328, 36.31617], [139.53293, 36.31618], [139.53069, 36.31618], [139.5297, 36.31617]]}, "properties": {"id": "TRACK_TOKYO_3902", "line_name": "両毛線", "station_group_ids": [], "mode": "rail", "operator_id": "jr_east", "line_color": "#E49F00", "tags": ["tokyo", "track_centerline"]}}, {"type": "Feature", "bbox": [139.41069, 36.34699, 139.41185, 36.34779], "geometry": {"type": "LineString", "coordinates": [[139.41185, 36.34699], [139.41069, 36.34779]]}, "properties": {"id": "TRACK_TOKYO_3904", "line_name": "両毛線", "station_group_ids": [], "mode": "rail", "operator_id": "jr_east", "line_color": "#E49F00", "tags": ["tokyo", "track_centerline"]}}, {"type": "Feature", "bbox": [139.45715, 36.3131, 139.51830025178, 36.33164], "geometry": {"type": "LineString", "coordinates": [[139.45715, 36.33164], [139.45722, 36.33163], [139.45741, 36.33158], [139.45869, 36.33123], [139.4598, 36.33094], [139.46012, 36.33084], [139.46187, 36.33035], [139.46214, 36.33028], [139.4628, 36.33009], [139.46284, 36.33008], [139.46289, 36.33007], [139.46304, 36.33002], [139.4631, 36.33], [139.46382, 36.3298], [139.46386, 36.32978], [139.46399, 36.32974], [139.46629, 36.32906], [139.46656, 36.32897], [139.46746, 36.32871], [139.46794, 36.32858], [139.46908, 36.32825], [139.4697, 36.32808], [139.47049, 36.32785], [139.47055, 36.32784], [139.47102, 36.3277], [139.47122, 36.32765], [139.47135, 36.3276], [139.47249, 36.32729], [139.47258, 36.32726], [139.47284, 36.32719], [139.47338, 36.32704], [139.47374, 36.32695], [139.47402, 36.32686], [139.47456, 36.3267], [139.47491, 36.3266], [139.47519, 36.32652], [139.47543, 36.32646], [139.47592, 36.3263], [139.47596, 36.32629], [139.47627, 36.32619], [139.47707, 36.32588], [139.47719, 36.32584], [139.47739, 36.32577], [139.47793, 36.32556], [139.47805, 36.32552], [139.47828, 36.32543], [139.47886, 36.32517], [139.47937, 36.32492], [139.48029, 36.32434], [139.48133, 36.32368], [139.48147, 36.32359], [139.48151, 36.32357], [139.48168, 36.32345], [139.48179, 36.32339], [139.48208, 36.3232], [139.48224, 36.3231], [139.48225, 36.32309], [139.48268, 36.32281], [139.48331, 36.3224], [139.4835, 36.32227], [139.4838, 36.32208], [139.48418, 36.32185], [139.48423, 36.32183], [139.48457, 36.32159], [139.48475, 36.32149], [139.48588, 36.32077], [139.48594, 36.32072], [139.48635, 36.32047], [139.48713, 36.31997], [139.48806, 36.31939], [139.489, 36.3188], [139.4898, 36.31835], [139.4907, 36.31795], [139.4908, 36.31791], [139.49101, 36.31782], [139.49196, 36.31739], [139.4936, 36.31668], [139.49445, 36.31631], [139.49474, 36.31617], [139.49565, 36.31576], [139.49586, 36.31567], [139.49629, 36.31548], [139.49677, 36.31528], [139.49767, 36.3149], [139.49928, 36.31421], [139.5002, 36.31382], [139.5007, 36.31361], [139.50096, 36.31351], [139.50125, 36.31338], [139.50171, 36.31323], [139.50197, 36.31315], [139.50219, 36.31312], [139.50252, 36.3131], [139.50276, 36.3131], [139.50328, 36.31313], [139.50446, 36.31327], [139.50518, 36.31335], [139.50576, 36.31345], [139.50598, 36.31348], [139.50776, 36.31372], [139.50819, 36.31377], [139.50852, 36.31382], [139.51002, 36.31403], [139.5117, 36.31425], [139.5131, 36.31445], [139.51449, 36.31462], [139.51643, 36.31489], [139.51777, 36.31508], [139.51830025178, 36.3151462814725]]}, "properties": {"id": "TRACK_TOKYO_3905", "line_name": "両毛線", "station_group_ids": [], "mode": "rail", "operator_id": "jr_east", "line_color": "#E49F00", "tags": ["tokyo", "track_centerline"]}}, {"type": "Feature", "bbox": [139.24345, 36.35978, 139.29614, 36.39528], "geometry": {"type": "LineString", "coordinates": [[139.29614, 36.39528], [139.29586, 36.39509], [139.29536, 36.39475], [139.29516, 36.39462], [139.29464, 36.39428], [139.29437, 36.39412], [139.29393, 36.39383], [139.29342, 36.39351], [139.29312, 36.39333], [139.29288, 36.39317], [139.29268, 36.39304], [139.29237, 36.39283], [139.29176, 36.39244], [139.29132, 36.39217], [139.29078, 36.39181], [139.28996, 36.3913], [139.28954, 36.39102], [139.28897, 36.39066], [139.28855, 36.39039], [139.28797, 36.39001], [139.28751, 36.38972], [139.28696, 36.38937], [139.28672, 36.38921], [139.28638, 36.38899], [139.28594, 36.38871], [139.28543, 36.38838], [139.28485, 36.38802], [139.28456, 36.38782], [139.28418, 36.38758], [139.28402, 36.38747], [139.2836, 36.38721], [139.28307, 36.38687], [139.28279, 36.38668], [139.28224, 36.38634], [139.28176, 36.38603], [139.28142, 36.38581], [139.28102, 36.38556], [139.2804, 36.38515], [139.27995, 36.38487], [139.27958, 36.38462], [139.27886, 36.38416], [139.27847, 36.38391], [139.27815, 36.3837], [139.27748, 36.38327], [139.27709, 36.38302], [139.27661, 36.38272], [139.27606, 36.38237], [139.27549, 36.382], [139.27548, 36.38199], [139.27506, 36.38173], [139.27475, 36.38153], [139.27439, 36.3813], [139.27389, 36.38097], [139.27368, 36.38084], [139.27336, 36.38063], [139.27279, 36.38027], [139.27242, 36.38002], [139.2719, 36.3797], [139.27145, 36.3794], [139.27118, 36.37923], [139.2707, 36.37891], [139.27019, 36.37859], [139.26964, 36.37824], [139.26932, 36.37804], [139.26899, 36.37782], [139.26833, 36.3774], [139.26798, 36.37717], [139.26747, 36.37685], [139.26708, 36.3766], [139.26678, 36.37641], [139.26626, 36.37607], [139.26578, 36.37576], [139.26506, 36.3753], [139.2648, 36.37514], [139.26475, 36.37511], [139.26447, 36.37492], [139.26408, 36.37466], [139.26349, 36.37429], [139.26308, 36.37402], [139.26273, 36.3738], [139.26222, 36.37347], [139.26199, 36.37333], [139.26153, 36.37304], [139.26051, 36.37238], [139.25999, 36.37206], [139.25941, 36.37167], [139.25905, 36.37143], [139.25852, 36.37109], [139.25817, 36.37087], [139.25772, 36.37059], [139.25727, 36.37031], [139.25695, 36.37008], [139.25652, 36.36981], [139.25629, 36.36967], [139.2561, 36.36955], [139.25593, 36.36944], [139.25553, 36.36918], [139.25502, 36.36885], [139.25474, 36.36868], [139.25455, 36.36856], [139.25419, 36.36832], [139.25381, 36.36808], [139.25356, 36.3679], [139.25335, 36.36776], [139.25315, 36.36761], [139.25295, 36.36744], [139.25266, 36.36721], [139.25236, 36.36698], [139.25208, 36.36674], [139.25166, 36.36639], [139.25128, 36.36609], [139.25087, 36.36575], [139.25061, 36.36553], [139.25034, 36.36534], [139.25007, 36.36511], [139.24982, 36.36491], [139.24961, 36.36473], [139.24932, 36.3645], [139.24907, 36.36431], [139.2487, 36.36401], [139.24826, 36.36367], [139.24778, 36.36324], [139.24734, 36.36287], [139.24705, 36.36262], [139.24679, 36.36242], [139.24563, 36.3615], [139.24345, 36.35978]]}, "properties": {"id": "TRACK_TOKYO_3907", "line_name": "両毛線", "station_group_ids": [], "mode": "rail", "operator_id": "jr_east", "line_color": "#E49F00", "tags": ["tokyo", "track_centerline"]}}, {"type": "Feature", "bbox": [139.24146, 36.35823, 139.24345, 36.35978], "geometry": {"type": "LineString", "coordinates": [[139.24146, 36.35823], [139.24345, 36.35978]]}, "properties": {"id": "TRACK_TOKYO_3908", "line_name": "両毛線", "station_group_ids": [], "mode": "rail", "operator_id": "jr_east", "line_color": "#E49F00", "tags": ["tokyo", "track_centerline"]}}, {"type": "Feature", "bbox": [139.13866, 36.35373, 139.14043, 36.35449], "geometry": {"type": "LineString", "coordinates": [[139.14043, 36.35373], [139.13866, 36.35449]]}, "properties": {"id": "TRACK_TOKYO_3909", "line_name": "両毛線", "station_group_ids": [], "mode": "rail", "operator_id": "jr_east", "line_color": "#E49F00", "tags": ["tokyo", "track_centerline"]}}, {"type": "Feature", "bbox": [139.19193, 36.32665, 139.19469, 36.32711], "geometry": {"type": "LineString", "coordinates": [[139.19469, 36.32665], [139.19193, 36.32711]]}, "properties": {"id": "TRACK_TOKYO_3910", "line_name": "両毛線", "station_group_ids": [], "mode": "rail", "operator_id": "jr_east", "line_color": "#E49F00", "tags": ["tokyo", "track_centerline"]}}, {"type": "Feature", "bbox": [139.10827, 36.37047, 139.10976, 36.37133], "geometry": {"type": "LineString", "coordinates": [[139.10827, 36.37133], [139.10957, 36.37058], [139.10976, 36.37047]]}, "properties": {"id": "TRACK_TOKYO_3911", "line_name": "両毛線", "station_group_ids": [], "mode": "rail", "operator_id": "jr_east", "line_color": "#E49F00", "tags": ["tokyo", "track_centerline"]}}, {"type": "Feature", "bbox": [139.07472, 36.37133, 139.10827, 36.38424], "geometry": {"type": "LineString", "coordinates": [[139.10827, 36.37133], [139.10777, 36.37158], [139.10748, 36.37175], [139.10675, 36.37218], [139.10588, 36.37265], [139.10521, 36.37304], [139.10429, 36.37358], [139.10391, 36.37381], [139.10292, 36.3744], [139.10155, 36.37525], [139.10059, 36.37583], [139.09852, 36.37709], [139.09753, 36.37768], [139.09656, 36.37829], [139.09588, 36.37868], [139.09503, 36.37921], [139.09407, 36.3798], [139.09346, 36.38013], [139.09294, 36.38039], [139.09257, 36.38055], [139.09171, 36.38087], [139.09106, 36.38107], [139.09053, 36.38124], [139.08978, 36.38146], [139.08946, 36.38156], [139.08841, 36.38189], [139.0874, 36.38219], [139.08621, 36.38259], [139.08537, 36.38286], [139.08479, 36.38305], [139.0844, 36.38319], [139.08372, 36.38339], [139.08294, 36.38366], [139.08213, 36.38391], [139.08146, 36.38407], [139.08091, 36.38415], [139.0805, 36.38421], [139.08003, 36.38424], [139.07966, 36.38424], [139.07928, 36.38423], [139.0787, 36.38417], [139.07848, 36.38415], [139.07795, 36.38408], [139.07752, 36.38402], [139.07706, 36.38395], [139.07652, 36.38389], [139.07553, 36.38376], [139.07472, 36.38365]]}, "properties": {"id": "TRACK_TOKYO_3912", "line_name": "両毛線", "station_group_ids": [], "mode": "rail", "operator_id": "jr_east", "line_color": "#E49F00", "tags": ["tokyo", "track_centerline"]}}, {"type": "Feature", "bbox": [139.05106, 36.38205, 139.07202, 36.38329], "geometry": {"type": "LineString", "coordinates": [[139.07202, 36.38329], [139.07182, 36.38326], [139.0711, 36.38317], [139.07058, 36.38311], [139.06958, 36.38298], [139.06831, 36.38281], [139.0667, 36.38261], [139.06624, 36.38255], [139.06568, 36.38249], [139.06481, 36.38237], [139.06405, 36.38226], [139.06343, 36.38218], [139.06289, 36.38214], [139.06242, 36.38214], [139.06187, 36.38218], [139.06154, 36.38222], [139.06121, 36.38227], [139.06094, 36.38232], [139.06066, 36.38238], [139.06032, 36.38245], [139.0602, 36.38247], [139.05993, 36.38251], [139.05933, 36.38264], [139.0586, 36.38278], [139.05837, 36.38283], [139.05805, 36.38289], [139.05794, 36.38291], [139.05742, 36.383], [139.05697, 36.38309], [139.05658, 36.38316], [139.05628, 36.3832], [139.05588, 36.38323], [139.05551, 36.38325], [139.05515, 36.38324], [139.05475, 36.38324], [139.05432, 36.38319], [139.05366, 36.38306], [139.05334, 36.38299], [139.05253, 36.38273], [139.05201, 36.38253], [139.05172, 36.3824], [139.05152, 36.38231], [139.0514, 36.38225], [139.05106, 36.38205]]}, "properties": {"id": "TRACK_TOKYO_3913", "line_name": "両毛線", "station_group_ids": [], "mode": "rail", "operator_id": "jr_east", "line_color": "#E49F00", "tags": ["tokyo", "track_centerline"]}}, {"type": "Feature", "bbox": [139.04829, 36.37997, 139.05106, 36.38205], "geometry": {"type": "LineString", "coordinates": [[139.05106, 36.38205], [139.05096, 36.38197], [139.04998, 36.38122], [139.0489, 36.38041], [139.04829, 36.37997]]}, "properties": {"id": "TRACK_TOKYO_3914", "line_name": "両毛線", "station_group_ids": [], "mode": "rail", "operator_id": "jr_east", "line_color": "#E49F00", "tags": ["tokyo", "track_centerline"]}}, {"type": "Feature", "bbox": [139.10976, 36.35449, 139.13866, 36.37047], "geometry": {"type": "LineString", "coordinates": [[139.13866, 36.35449], [139.13689, 36.35533], [139.13633, 36.35562], [139.13524, 36.35624], [139.13508, 36.35633], [139.13478, 36.35649], [139.13383, 36.35702], [139.13281, 36.35758], [139.13124, 36.35849], [139.13095, 36.35865], [139.13021, 36.35906], [139.12917, 36.35964], [139.12839, 36.36007], [139.12691, 36.36092], [139.12567, 36.36163], [139.12461, 36.36222], [139.12334, 36.36292], [139.12227, 36.36348], [139.1218, 36.36374], [139.12164, 36.36384], [139.12074, 36.36435], [139.12047, 36.36449], [139.11981, 36.36485], [139.11876, 36.36545], [139.1169, 36.36649], [139.11611, 36.36693], [139.11519, 36.36745], [139.11439, 36.36789], [139.11348, 36.3684], [139.11301, 36.36867], [139.11219, 36.36913], [139.11156, 36.36947], [139.11064, 36.36999], [139.10976, 36.37047]]}, "properties": {"id": "TRACK_TOKYO_3915", "line_name": "両毛線", "station_group_ids": [], "mode": "rail", "operator_id": "jr_east", "line_color": "#E49F00", "tags": ["tokyo", "track_centerline"]}}, {"type": "Feature", "bbox": [139.33387, 36.37542, 139.3739, 36.41082], "geometry": {"type": "LineString", "coordinates": [[139.3739, 36.37542], [139.37265, 36.37641], [139.37178, 36.3771], [139.37168, 36.3772], [139.37151, 36.37733], [139.37131, 36.37751], [139.37069, 36.37799], [139.37045, 36.37819], [139.36983, 36.37869], [139.36951, 36.37893], [139.36914, 36.37922], [139.36872, 36.37956], [139.36849, 36.37974], [139.36829, 36.3799], [139.36809, 36.38003], [139.36789, 36.38012], [139.36765, 36.38021], [139.36722, 36.38036], [139.3669, 36.38046], [139.36675, 36.3805], [139.36656, 36.38054], [139.36624, 36.38061], [139.36613, 36.38063], [139.36566, 36.38074], [139.3652, 36.38084], [139.36505, 36.38087], [139.36488, 36.38092], [139.36458, 36.381], [139.36431, 36.38108], [139.36405, 36.38117], [139.36385, 36.38126], [139.36361, 36.3814], [139.36344, 36.38153], [139.36322, 36.38169], [139.3629, 36.38197], [139.36255, 36.38223], [139.36218, 36.38253], [139.36175, 36.38286], [139.36146, 36.38311], [139.36097, 36.38349], [139.36064, 36.38377], [139.36027, 36.38406], [139.35987, 36.38438], [139.3594, 36.38475], [139.35896, 36.38511], [139.3584, 36.38556], [139.35797, 36.38591], [139.3575, 36.38628], [139.35717, 36.38656], [139.35674, 36.3869], [139.35644, 36.38714], [139.3558, 36.38767], [139.35535, 36.38802], [139.35489, 36.3884], [139.35455, 36.38867], [139.35424, 36.38892], [139.35374, 36.38934], [139.35335, 36.38964], [139.35279, 36.39012], [139.35213, 36.39065], [139.35182, 36.39091], [139.35155, 36.39112], [139.35127, 36.39135], [139.35094, 36.39162], [139.35042, 36.39203], [139.35015, 36.39225], [139.34975, 36.39258], [139.34931, 36.39294], [139.34892, 36.39325], [139.34851, 36.3936], [139.34818, 36.39386], [139.34765, 36.39428], [139.34692, 36.39486], [139.34655, 36.39514], [139.34623, 36.39538], [139.34589, 36.39566], [139.34547, 36.39602], [139.34521, 36.39628], [139.34499, 36.39653], [139.34479, 36.39679], [139.34462, 36.39708], [139.34443, 36.39744], [139.34427, 36.39781], [139.34408, 36.39827], [139.34385, 36.39889], [139.3437, 36.39929], [139.34359, 36.39963], [139.3435, 36.39992], [139.3433, 36.40058], [139.34315, 36.40109], [139.34302, 36.4015], [139.34292, 36.40185], [139.3428, 36.40229], [139.34262, 36.40291], [139.34245, 36.40348], [139.34233, 36.40394], [139.3422, 36.40438], [139.34206, 36.40484], [139.34198, 36.40506], [139.34196, 36.40511], [139.34184, 36.40548], [139.34161, 36.40603], [139.34144, 36.40634], [139.34126, 36.40663], [139.34104, 36.40691], [139.34068, 36.40732], [139.34042, 36.40759], [139.34014, 36.40783], [139.33996, 36.40797], [139.3396, 36.40821], [139.33928, 36.40841], [139.33888, 36.40863], [139.33858, 36.40878], [139.33832, 36.40889], [139.33793, 36.40906], [139.33732, 36.40932], [139.33661, 36.40963], [139.33612, 36.40983], [139.33564, 36.41003], [139.33518, 36.41023], [139.33488, 36.41036], [139.33443, 36.41057], [139.33392, 36.4108], [139.33387, 36.41082]]}, "properties": {"id": "TRACK_TOKYO_3916", "line_name": "両毛線", "station_group_ids": [], "mode": "rail", "operator_id": "jr_east", "line_color": "#E49F00", "tags": ["tokyo", "track_centerline"]}}, {"type": "Feature", "bbox": [139.14043, 36.32711, 139.19193, 36.35373], "geometry": {"type": "LineString", "coordinates": [[139.19193, 36.32711], [139.19085, 36.32727], [139.1903, 36.32737], [139.18983, 36.32746], [139.18942, 36.3276], [139.18908, 36.32775], [139.18837, 36.32815], [139.18744, 36.32866], [139.18665, 36.3291], [139.18621, 36.32936], [139.18584, 36.32957], [139.18523, 36.32992], [139.18491, 36.3301], [139.18485, 36.33013], [139.18334, 36.331], [139.18294, 36.33121], [139.18276, 36.33132], [139.18272, 36.33135], [139.18247, 36.33148], [139.18203, 36.33173], [139.18174, 36.33189], [139.18151, 36.33203], [139.18045, 36.33262], [139.17982, 36.33299], [139.17839, 36.33379], [139.17793, 36.33406], [139.17758, 36.33424], [139.17713, 36.3345], [139.17679, 36.3347], [139.17639, 36.33494], [139.176, 36.33516], [139.17578, 36.33528], [139.1751, 36.33567], [139.1747, 36.3359], [139.1742, 36.33618], [139.17367, 36.33648], [139.17309, 36.33681], [139.17216, 36.33736], [139.17072, 36.33819], [139.17008, 36.33856], [139.1694, 36.33904], [139.1685, 36.3397], [139.16749, 36.34044], [139.16617, 36.34145], [139.16465, 36.34263], [139.16441, 36.34281], [139.16417, 36.34299], [139.16348, 36.34352], [139.16267, 36.34412], [139.16244, 36.34429], [139.16193, 36.34467], [139.1615, 36.34492], [139.16092, 36.34522], [139.16015, 36.34555], [139.15736, 36.34672], [139.15525, 36.3476], [139.15304, 36.34852], [139.1523, 36.34883], [139.14983, 36.34986], [139.14718, 36.35094], [139.14562, 36.35156], [139.14315, 36.35259], [139.14199, 36.35306], [139.14043, 36.35373]]}, "properties": {"id": "TRACK_TOKYO_3917", "line_name": "両毛線", "station_group_ids": [], "mode": "rail", "operator_id": "jr_east", "line_color": "#E49F00", "tags": ["tokyo", "track_centerline"]}}, {"type": "Feature", "bbox": [139.07202, 36.38329, 139.07472, 36.38365], "geometry": {"type": "LineString", "coordinates": [[139.07472, 36.38365], [139.07202, 36.38329]]}, "properties": {"id": "TRACK_TOKYO_3918", "line_name": "両毛線", "station_group_ids": [], "mode": "rail", "operator_id": "jr_east", "line_color": "#E49F00", "tags": ["tokyo", "track_centerline"]}}, {"type": "Feature", "bbox": [139.19469, 36.32611, 139.24146, 36.35823], "geometry": {"type": "LineString", "coordinates": [[139.19469, 36.32665], [139.19524, 36.32654], [139.19629, 36.32637], [139.19773, 36.32614], [139.19823, 36.32611], [139.19857, 36.32611], [139.199, 36.32611], [139.19942, 36.32616], [139.19993, 36.32626], [139.20038, 36.32638], [139.20072, 36.32649], [139.20094, 36.32656], [139.20112, 36.32662], [139.20143, 36.32673], [139.20214, 36.32701], [139.20239, 36.32712], [139.20282, 36.32728], [139.20386, 36.32771], [139.20497, 36.3282], [139.20535, 36.32836], [139.20558, 36.32847], [139.20582, 36.32857], [139.2061, 36.32869], [139.20714, 36.32917], [139.20754, 36.32938], [139.20798, 36.3296], [139.20833, 36.32979], [139.20908, 36.3302], [139.2093, 36.33032], [139.20942, 36.33039], [139.20966, 36.33055], [139.20975, 36.33061], [139.20993, 36.33074], [139.21021, 36.33093], [139.21032, 36.33102], [139.21191, 36.33212], [139.2124, 36.33247], [139.21268, 36.33266], [139.21297, 36.33287], [139.21319, 36.33304], [139.2135, 36.33326], [139.21377, 36.33347], [139.21398, 36.33366], [139.21475, 36.33437], [139.21585, 36.33539], [139.21613, 36.33564], [139.2165, 36.33602], [139.21679, 36.33628], [139.21699, 36.33648], [139.21776, 36.33722], [139.21893, 36.33831], [139.22018, 36.33947], [139.22145, 36.34066], [139.22232, 36.34146], [139.22326, 36.34233], [139.22357, 36.34261], [139.2248, 36.34378], [139.22623, 36.34509], [139.22748, 36.34625], [139.22878, 36.34747], [139.22971, 36.34833], [139.23053, 36.34913], [139.23064, 36.34924], [139.23151, 36.35004], [139.23243, 36.35092], [139.23346, 36.35185], [139.23355, 36.35192], [139.23453, 36.35272], [139.2353, 36.35337], [139.23582, 36.35381], [139.23673, 36.35452], [139.23783, 36.35537], [139.23924, 36.35649], [139.24146, 36.35823]]}, "properties": {"id": "TRACK_TOKYO_3919", "line_name": "両毛線", "station_group_ids": [], "mode": "rail", "operator_id": "jr_east", "line_color": "#E49F00", "tags": ["tokyo", "track_centerline"]}}, {"type": "Feature", "bbox": [139.04571, 36.37804, 139.04829, 36.37997], "geometry": {"type": "LineString", "coordinates": [[139.04829, 36.37997], [139.04571, 36.37804]]}, "properties": {"id": "TRACK_TOKYO_3920", "line_name": "両毛線", "station_group_ids": [], "mode": "rail", "operator_id": "jr_east", "line_color": "#E49F00", "tags": ["tokyo", "track_centerline"]}}, {"type": "Feature", "bbox": [139.31844, 36.40977, 139.33257, 36.41349], "geometry": {"type": "LineString", "coordinates": [[139.33257, 36.41141], [139.33216, 36.41161], [139.33178, 36.41179], [139.3314, 36.41196], [139.33092, 36.41218], [139.33041, 36.41243], [139.33001, 36.41261], [139.32956, 36.4128], [139.32918, 36.41298], [139.32897, 36.41307], [139.32868, 36.41318], [139.32821, 36.4133], [139.32782, 36.4134], [139.32744, 36.41347], [139.3273, 36.41348], [139.32721, 36.41348], [139.32673, 36.41348], [139.32649, 36.41349], [139.32619, 36.41348], [139.32593, 36.41346], [139.32551, 36.41342], [139.32523, 36.41339], [139.32497, 36.41335], [139.32482, 36.41331], [139.32442, 36.41319], [139.32423, 36.41316], [139.32403, 36.41311], [139.32383, 36.41305], [139.32368, 36.413], [139.32348, 36.41292], [139.32321, 36.4128], [139.32302, 36.4127], [139.32272, 36.41256], [139.32256, 36.41247], [139.3223, 36.41233], [139.32198, 36.41215], [139.32179, 36.41203], [139.32148, 36.41184], [139.32129, 36.4117], [139.321, 36.4115], [139.32053, 36.4112], [139.32036, 36.41108], [139.32022, 36.41098], [139.31987, 36.41074], [139.31961, 36.41057], [139.3194, 36.41042], [139.31926, 36.41033], [139.31901, 36.41016], [139.31867, 36.40993], [139.31844, 36.40977]]}, "properties": {"id": "TRACK_TOKYO_3921", "line_name": "両毛線", "station_group_ids": [], "mode": "rail", "operator_id": "jr_east", "line_color": "#E49F00", "tags": ["tokyo", "track_centerline"]}}, {"type": "Feature", "bbox": [139.29809, 36.3965, 139.31844, 36.40977], "geometry": {"type": "LineString", "coordinates": [[139.31844, 36.40977], [139.31826, 36.40965], [139.31808, 36.40952], [139.31743, 36.40908], [139.31712, 36.40888], [139.3165, 36.40846], [139.3162, 36.40826], [139.31559, 36.40786], [139.31506, 36.40751], [139.31483, 36.40736], [139.31461, 36.40723], [139.31452, 36.40717], [139.31424, 36.40699], [139.31367, 36.40662], [139.3134, 36.40643], [139.31313, 36.40625], [139.31272, 36.40598], [139.31228, 36.40568], [139.31186, 36.40541], [139.31144, 36.40513], [139.31086, 36.40475], [139.31029, 36.4044], [139.30989, 36.40413], [139.30945, 36.40386], [139.30895, 36.40354], [139.30869, 36.40336], [139.30841, 36.40317], [139.30795, 36.40287], [139.30745, 36.40256], [139.30719, 36.40239], [139.30631, 36.40183], [139.30606, 36.40166], [139.30598, 36.4016], [139.3054, 36.40122], [139.30507, 36.40102], [139.30474, 36.40081], [139.30409, 36.40038], [139.3038, 36.40018], [139.30343, 36.39995], [139.3029, 36.39962], [139.30244, 36.39932], [139.30177, 36.39889], [139.30131, 36.39859], [139.30079, 36.39826], [139.30016, 36.39786], [139.29971, 36.39756], [139.29919, 36.39724], [139.29874, 36.39693], [139.29809, 36.3965]]}, "properties": {"id": "TRACK_TOKYO_3922", "line_name": "両毛線", "station_group_ids": [], "mode": "rail", "operator_id": "jr_east", "line_color": "#E49F00", "tags": ["tokyo", "track_centerline"]}}, {"type": "Feature", "bbox": [139.29614, 36.39528, 139.29809, 36.3965], "geometry": {"type": "LineString", "coordinates": [[139.29809, 36.3965], [139.29763, 36.39622], [139.29718, 36.39593], [139.29671, 36.39562], [139.29614, 36.39528]]}, "properties": {"id": "TRACK_TOKYO_3923", "line_name": "両毛線", "station_group_ids": [], "mode": "rail", "operator_id": "jr_east", "line_color": "#E49F00", "tags": ["tokyo", "track_centerline"]}}, {"type": "Feature", "bbox": [139.33257, 36.41082, 139.33387, 36.41141], "geometry": {"type": "LineString", "coordinates": [[139.33387, 36.41082], [139.33377, 36.41086], [139.33339, 36.41103], [139.33315, 36.41114], [139.33277, 36.41132], [139.33257, 36.41141]]}, "properties": {"id": "TRACK_TOKYO_3924", "line_name": "両毛線", "station_group_ids": [], "mode": "rail", "operator_id": "jr_east", "line_color": "#E49F00", "tags": ["tokyo", "track_centerline"]}}, {"type": "Feature", "bbox": [139.5276, 36.24573, 139.52802, 36.24746], "geometry": {"type": "LineString", "coordinates": [[139.52802, 36.24573], [139.52787, 36.24638], [139.52773, 36.24689], [139.5276, 36.24746]]}, "properties": {"id": "TRACK_TOKYO_3951", "line_name": "伊勢崎線", "station_group_ids": [], "mode": "private", "operator_id": "tobu", "line_color": "#1F78FF", "tags": ["tokyo", "track_centerline"]}}, {"type": "Feature", "bbox": [139.52341, 36.24996, 139.5257, 36.2526], "geometry": {"type": "LineString", "coordinates": [[139.5257, 36.24996], [139.52564, 36.25004], [139.5254, 36.2503], [139.52503, 36.25073], [139.52445, 36.25138], [139.52382, 36.2521], [139.52359, 36.25235], [139.52341, 36.2526]]}, "properties": {"id": "TRACK_TOKYO_3952", "line_name": "伊勢崎線", "station_group_ids": [], "mode": "private", "operator_id": "tobu", "line_color": "#1F78FF", "tags": ["tokyo", "track_centerline"]}}, {"type": "Feature", "bbox": [139.5257, 36.24746, 139.5276, 36.24996], "geometry": {"type": "LineString", "coordinates": [[139.5276, 36.24746], [139.52749, 36.24776], [139.52731, 36.24804], [139.52723, 36.24817], [139.52693, 36.24855], [139.52654, 36.24903], [139.5257, 36.24996]]}, "properties": {"id": "TRACK_TOKYO_3953", "line_name": "伊勢崎線", "station_group_ids": [], "mode": "private", "operator_id": "tobu", "line_color": "#1F78FF", "tags": ["tokyo", "track_centerline"]}}, {"type": "Feature", "bbox": [139.45845, 36.30469, 139.45889, 36.30572], "geometry": {"type": "LineString", "coordinates": [[139.45845, 36.30572], [139.45889, 36.30469]]}, "properties": {"id": "TRACK_TOKYO_3954", "line_name": "伊勢崎線", "station_group_ids": [], "mode": "private", "operator_id": "tobu", "line_color": "#1F78FF", "tags": ["tokyo", "track_centerline"]}}, {"type": "Feature", "bbox": [139.38008, 36.29397, 139.40177, 36.30776], "geometry": {"type": "LineString", "coordinates": [[139.40177, 36.30776], [139.40134, 36.30749], [139.40127, 36.30746], [139.40123, 36.30743], [139.40115, 36.30738], [139.40113, 36.30737], [139.4011, 36.30736], [139.40092, 36.30724], [139.40087, 36.30721], [139.40048, 36.30697], [139.40009, 36.30674], [139.40002, 36.30669], [139.39998, 36.30667], [139.39987, 36.30658], [139.39966, 36.30646], [139.39937, 36.30628], [139.39931, 36.30623], [139.39924, 36.30619], [139.39922, 36.30617], [139.39916, 36.30613], [139.39886, 36.30591], [139.39838, 36.30553], [139.39811, 36.30529], [139.39811, 36.30528], [139.39747, 36.30469], [139.39704, 36.30428], [139.39683, 36.30409], [139.3968, 36.30406], [139.39671, 36.30398], [139.39629, 36.30358], [139.39533, 36.30271], [139.39492, 36.30233], [139.39485, 36.30226], [139.39445, 36.30189], [139.39396, 36.30143], [139.39387, 36.30135], [139.39374, 36.30123], [139.39326, 36.30079], [139.39302, 36.30059], [139.39295, 36.30051], [139.39269, 36.30028], [139.39246, 36.30005], [139.39217, 36.2998], [139.39189, 36.29954], [139.39161, 36.29927], [139.39139, 36.29909], [139.39127, 36.29896], [139.39096, 36.29868], [139.39074, 36.29847], [139.38995, 36.29774], [139.3895, 36.29733], [139.38935, 36.29719], [139.38906, 36.29692], [139.38857, 36.29647], [139.38846, 36.29637], [139.38825, 36.29617], [139.38725, 36.29523], [139.387, 36.29499], [139.38694, 36.29494], [139.38686, 36.29488], [139.38677, 36.29481], [139.38657, 36.29468], [139.38643, 36.29458], [139.38634, 36.29452], [139.38603, 36.29437], [139.38574, 36.29425], [139.3855, 36.29417], [139.38518, 36.29409], [139.38479, 36.29402], [139.38469, 36.29401], [139.38458, 36.29399], [139.38443, 36.29399], [139.38419, 36.29397], [139.38393, 36.29397], [139.3835, 36.29397], [139.3828, 36.29398], [139.38172, 36.29401], [139.38008, 36.2941]]}, "properties": {"id": "TRACK_TOKYO_3955", "line_name": "伊勢崎線", "station_group_ids": [], "mode": "private", "operator_id": "tobu", "line_color": "#1F78FF", "tags": ["tokyo", "track_centerline"]}}, {"type": "Feature", "bbox": [139.52702, 36.22572, 139.52707, 36.22698], "geometry": {"type": "LineString", "coordinates": [[139.52702, 36.22572], [139.52707, 36.22698]]}, "properties": {"id": "TRACK_TOKYO_3956", "line_name": "伊勢崎線", "station_group_ids": [], "mode": "private", "operator_id": "tobu", "line_color": "#1F78FF", "tags": ["tokyo", "track_centerline"]}}, {"type": "Feature", "bbox": [139.47172, 36.29024, 139.473, 36.29101], "geometry": {"type": "LineString", "coordinates": [[139.473, 36.29024], [139.47172, 36.29101]]}, "properties": {"id": "TRACK_TOKYO_3957", "line_name": "伊勢崎線", "station_group_ids": [], "mode": "private", "operator_id": "tobu", "line_color": "#1F78FF", "tags": ["tokyo", "track_centerline"]}}, {"type": "Feature", "bbox": [139.52653, 36.20954, 139.52702, 36.22572], "geometry": {"type": "LineString", "coordinates": [[139.52653, 36.20954], [139.52654, 36.21007], [139.52657, 36.21095], [139.52663, 36.21282], [139.52667, 36.21433], [139.52671, 36.21541], [139.52675, 36.21699], [139.52678, 36.21787], [139.52678, 36.21789], [139.52679, 36.21814], [139.5268, 36.21847], [139.52686, 36.22013], [139.52687, 36.22049], [139.52687, 36.22063], [139.52689, 36.22101], [139.52695, 36.22299], [139.52699, 36.22455], [139.52702, 36.22572]]}, "properties": {"id": "TRACK_TOKYO_3958", "line_name": "伊勢崎線", "station_group_ids": [], "mode": "private", "operator_id": "tobu", "line_color": "#1F78FF", "tags": ["tokyo", "track_centerline"]}}, {"type": "Feature", "bbox": [139.52707, 36.22698, 139.5286, 36.24573], "geometry": {"type": "LineString", "coordinates": [[139.52707, 36.22698], [139.52708, 36.22725], [139.5271, 36.22784], [139.52711, 36.22821], [139.52716, 36.22988], [139.5272, 36.23083], [139.52725, 36.23247], [139.52727, 36.23303], [139.52731, 36.23429], [139.52733, 36.23476], [139.52736, 36.23576], [139.52738, 36.23668], [139.52739, 36.23686], [139.52741, 36.23743], [139.52745, 36.23792], [139.52751, 36.23828], [139.52763, 36.23872], [139.52775, 36.23906], [139.5279, 36.23958], [139.52815, 36.24042], [139.52833, 36.24098], [139.52845, 36.24144], [139.52855, 36.24197], [139.5286, 36.24234], [139.52859, 36.24281], [139.52858, 36.24314], [139.52854, 36.24336], [139.52846, 36.2438], [139.52832, 36.24439], [139.52817, 36.24513], [139.52802, 36.24573]]}, "properties": {"id": "TRACK_TOKYO_3960", "line_name": "伊勢崎線", "station_group_ids": [], "mode": "private", "operator_id": "tobu", "line_color": "#1F78FF", "tags": ["tokyo", "track_centerline"]}}, {"type": "Feature", "bbox": [139.37226, 36.29431, 139.37779, 36.2947], "geometry": {"type": "LineString", "coordinates": [[139.37779, 36.29431], [139.37759, 36.29433], [139.37734, 36.29435], [139.37709, 36.29438], [139.37659, 36.29441], [139.37226, 36.2947]]}, "properties": {"id": "TRACK_TOKYO_3961", "line_name": "伊勢崎線", "station_group_ids": [], "mode": "private", "operator_id": "tobu", "line_color": "#1F78FF", "tags": ["tokyo", "track_centerline"]}}, {"type": "Feature", "bbox": [139.4326, 36.32662, 139.44756, 36.33143], "geometry": {"type": "LineString", "coordinates": [[139.4326, 36.32662], [139.43274, 36.32671], [139.43316, 36.32695], [139.43355, 36.32718], [139.43366, 36.32724], [139.43397, 36.32742], [139.43436, 36.32765], [139.43441, 36.32768], [139.43538, 36.32823], [139.43624, 36.32875], [139.43733, 36.32938], [139.43738, 36.32941], [139.43804, 36.32977], [139.43868, 36.33004], [139.439, 36.33017], [139.43955, 36.33036], [139.4398, 36.33046], [139.44003, 36.33054], [139.44031, 36.33064], [139.44063, 36.33076], [139.44089, 36.33084], [139.44174, 36.33112], [139.44195, 36.33119], [139.44219, 36.33126], [139.44255, 36.33135], [139.44289, 36.3314], [139.44329, 36.33143], [139.44391, 36.33142], [139.44429, 36.33137], [139.44436, 36.33136], [139.44442, 36.33134], [139.44476, 36.33124], [139.4451, 36.33113], [139.44522, 36.33108], [139.44539, 36.33102], [139.44546, 36.33099], [139.44561, 36.33093], [139.44569, 36.33089], [139.44589, 36.3308], [139.44642, 36.33054], [139.44684, 36.33029], [139.44716, 36.3301], [139.44734, 36.32999], [139.44743, 36.32994], [139.44756, 36.32986]]}, "properties": {"id": "TRACK_TOKYO_3962", "line_name": "伊勢崎線", "station_group_ids": [], "mode": "private", "operator_id": "tobu", "line_color": "#1F78FF", "tags": ["tokyo", "track_centerline"]}}, {"type": "Feature", "bbox": [139.45522, 36.30572, 139.45845, 36.31517], "geometry": {"type": "LineString", "coordinates": [[139.45845, 36.30572], [139.4584, 36.30585], [139.45821, 36.30635], [139.45805, 36.30681], [139.45785, 36.30728], [139.45773, 36.30759], [139.4575, 36.30815], [139.45744, 36.30828], [139.45741, 36.30837], [139.45738, 36.30849], [139.45725, 36.30883], [139.45717, 36.30904], [139.45673, 36.31019], [139.45669, 36.31028], [139.45666, 36.31038], [139.45662, 36.31047], [139.45652, 36.31071], [139.45639, 36.31104], [139.45638, 36.3111], [139.45634, 36.31119], [139.45623, 36.31149], [139.45611, 36.31181], [139.45607, 36.31192], [139.456, 36.31208], [139.45587, 36.31243], [139.45569, 36.31311], [139.45565, 36.31322], [139.45545, 36.31409], [139.45539, 36.31434], [139.45526, 36.31498], [139.45522, 36.31517]]}, "properties": {"id": "TRACK_TOKYO_3963", "line_name": "伊勢崎線", "station_group_ids": [], "mode": "private", "operator_id": "tobu", "line_color": "#1F78FF", "tags": ["tokyo", "track_centerline"]}}, {"type": "Feature", "bbox": [139.40177, 36.30776, 139.40303, 36.30854], "geometry": {"type": "LineString", "coordinates": [[139.40303, 36.30854], [139.40295, 36.30849], [139.40264, 36.30831], [139.40217, 36.30802], [139.40177, 36.30776]]}, "properties": {"id": "TRACK_TOKYO_3964", "line_name": "伊勢崎線", "station_group_ids": [], "mode": "private", "operator_id": "tobu", "line_color": "#1F78FF", "tags": ["tokyo", "track_centerline"]}}, {"type": "Feature", "bbox": [139.52619, 36.17113, 139.53377, 36.20823], "geometry": {"type": "LineString", "coordinates": [[139.53377, 36.17113], [139.53323, 36.17298], [139.53262, 36.17511], [139.5323, 36.17621], [139.5321, 36.1769], [139.53161, 36.17861], [139.5314, 36.1793], [139.53091, 36.18102], [139.53045, 36.1826], [139.52983, 36.18476], [139.52976, 36.18498], [139.52968, 36.18528], [139.52952, 36.18585], [139.52921, 36.18691], [139.52912, 36.18722], [139.52904, 36.1875], [139.52874, 36.1885], [139.52871, 36.18863], [139.5286, 36.18904], [139.52817, 36.19049], [139.52792, 36.19137], [139.52788, 36.19149], [139.52767, 36.19223], [139.52734, 36.19339], [139.52711, 36.19418], [139.52703, 36.19444], [139.52697, 36.19468], [139.52672, 36.19549], [139.5266, 36.19594], [139.52653, 36.19621], [139.52643, 36.19674], [139.52635, 36.19717], [139.52632, 36.19735], [139.52631, 36.19743], [139.52623, 36.19814], [139.5262, 36.19852], [139.52619, 36.19877], [139.52619, 36.1992], [139.52619, 36.19922], [139.52624, 36.20053], [139.52628, 36.20145], [139.52632, 36.20299], [139.5264, 36.20513], [139.52644, 36.20693], [139.52648, 36.20823]]}, "properties": {"id": "TRACK_TOKYO_3965", "line_name": "伊勢崎線", "station_group_ids": [], "mode": "private", "operator_id": "tobu", "line_color": "#1F78FF", "tags": ["tokyo", "track_centerline"]}}, {"type": "Feature", "bbox": [139.45889, 36.29101, 139.47172, 36.30469], "geometry": {"type": "LineString", "coordinates": [[139.45889, 36.30469], [139.45895, 36.30451], [139.45911, 36.30407], [139.45917, 36.30392], [139.45921, 36.30379], [139.45924, 36.30371], [139.45946, 36.30312], [139.45948, 36.30308], [139.45972, 36.3024], [139.45983, 36.30211], [139.45991, 36.30192], [139.45994, 36.30181], [139.46031, 36.30082], [139.46047, 36.30045], [139.46054, 36.30028], [139.46093, 36.29967], [139.46097, 36.2996], [139.46144, 36.29888], [139.46147, 36.29883], [139.46167, 36.29854], [139.46191, 36.2982], [139.462, 36.29809], [139.46203, 36.29805], [139.46212, 36.29793], [139.46251, 36.29746], [139.46256, 36.29741], [139.46261, 36.29735], [139.46306, 36.29687], [139.4632, 36.29674], [139.46362, 36.29633], [139.46382, 36.29616], [139.46386, 36.29612], [139.46404, 36.29598], [139.46406, 36.29595], [139.46408, 36.29593], [139.46453, 36.29558], [139.46456, 36.29555], [139.46462, 36.29551], [139.46465, 36.29549], [139.46473, 36.29542], [139.46518, 36.29509], [139.46604, 36.2945], [139.4665, 36.29419], [139.46653, 36.29417], [139.46656, 36.29416], [139.46719, 36.29376], [139.46781, 36.29338], [139.46824, 36.29311], [139.46826, 36.2931], [139.46831, 36.29307], [139.46834, 36.29305], [139.46849, 36.29295], [139.46856, 36.29292], [139.46913, 36.29257], [139.47001, 36.29202], [139.47006, 36.292], [139.47041, 36.29178], [139.4705, 36.29173], [139.47095, 36.29146], [139.47132, 36.29123], [139.47167, 36.29103], [139.47172, 36.29101]]}, "properties": {"id": "TRACK_TOKYO_3966", "line_name": "伊勢崎線", "station_group_ids": [], "mode": "private", "operator_id": "tobu", "line_color": "#1F78FF", "tags": ["tokyo", "track_centerline"]}}, {"type": "Feature", "bbox": [139.52648, 36.20823, 139.52653, 36.20954], "geometry": {"type": "LineString", "coordinates": [[139.52648, 36.20823], [139.52653, 36.20954]]}, "properties": {"id": "TRACK_TOKYO_3967", "line_name": "伊勢崎線", "station_group_ids": [], "mode": "private", "operator_id": "tobu", "line_color": "#1F78FF", "tags": ["tokyo", "track_centerline"]}}, {"type": "Feature", "bbox": [139.49973, 36.27333, 139.50091, 36.27403], "geometry": {"type": "LineString", "coordinates": [[139.50091, 36.27333], [139.49973, 36.27403]]}, "properties": {"id": "TRACK_TOKYO_3971", "line_name": "伊勢崎線", "station_group_ids": [], "mode": "private", "operator_id": "tobu", "line_color": "#1F78FF", "tags": ["tokyo", "track_centerline"]}}, {"type": "Feature", "bbox": [139.40303, 36.30854, 139.43142, 36.32595], "geometry": {"type": "LineString", "coordinates": [[139.40303, 36.30854], [139.40314, 36.30861], [139.40356, 36.30888], [139.40368, 36.30895], [139.40464, 36.30955], [139.40548, 36.31007], [139.40562, 36.31016], [139.40573, 36.31022], [139.40595, 36.31035], [139.40615, 36.31048], [139.40625, 36.31054], [139.40636, 36.31061], [139.40652, 36.31071], [139.40666, 36.3108], [139.40685, 36.31092], [139.40706, 36.31105], [139.40725, 36.31116], [139.40735, 36.31122], [139.40777, 36.31148], [139.40782, 36.31151], [139.40796, 36.31159], [139.40817, 36.31173], [139.40835, 36.31184], [139.40866, 36.31203], [139.40885, 36.31214], [139.40956, 36.31257], [139.40978, 36.31271], [139.40994, 36.3128], [139.41015, 36.31294], [139.4103, 36.31302], [139.4107, 36.31328], [139.41088, 36.31338], [139.41107, 36.3135], [139.41181, 36.31394], [139.41248, 36.31435], [139.4126, 36.31442], [139.41299, 36.31466], [139.41344, 36.31494], [139.41429, 36.31545], [139.41612, 36.31654], [139.41698, 36.31707], [139.41715, 36.31719], [139.41721, 36.31722], [139.41733, 36.31729], [139.41752, 36.3174], [139.41787, 36.31762], [139.41859, 36.31804], [139.41874, 36.31813], [139.41948, 36.31859], [139.4195, 36.3186], [139.42086, 36.31946], [139.422, 36.32017], [139.42233, 36.32038], [139.423, 36.3208], [139.4235, 36.3211], [139.42431, 36.32159], [139.42492, 36.32197], [139.42546, 36.3223], [139.42564, 36.32243], [139.42655, 36.32297], [139.42668, 36.32306], [139.4269, 36.3232], [139.42744, 36.32354], [139.42794, 36.32385], [139.42814, 36.32397], [139.4282, 36.32401], [139.4283, 36.32407], [139.42843, 36.32415], [139.42853, 36.32421], [139.42861, 36.32426], [139.42921, 36.32463], [139.43074, 36.32554], [139.43142, 36.32595]]}, "properties": {"id": "TRACK_TOKYO_3972", "line_name": "伊勢崎線", "station_group_ids": [], "mode": "private", "operator_id": "tobu", "line_color": "#1F78FF", "tags": ["tokyo", "track_centerline"]}}, {"type": "Feature", "bbox": [139.44756, 36.32901, 139.4488, 36.32986], "geometry": {"type": "LineString", "coordinates": [[139.4488, 36.32901], [139.44756, 36.32986]]}, "properties": {"id": "TRACK_TOKYO_3974", "line_name": "伊勢崎線", "station_group_ids": [], "mode": "private", "operator_id": "tobu", "line_color": "#1F78FF", "tags": ["tokyo", "track_centerline"]}}, {"type": "Feature", "bbox": [139.4488, 36.31614, 139.45496, 36.32901], "geometry": {"type": "LineString", "coordinates": [[139.4488, 36.32901], [139.4489, 36.32895], [139.44955, 36.3285], [139.45028, 36.32799], [139.45043, 36.32789], [139.45055, 36.3278], [139.45088, 36.32758], [139.45114, 36.32738], [139.45158, 36.32706], [139.45189, 36.32684], [139.45193, 36.32681], [139.45207, 36.32668], [139.45213, 36.32663], [139.45219, 36.32655], [139.4523, 36.3264], [139.45244, 36.32618], [139.45254, 36.32596], [139.45271, 36.32545], [139.45275, 36.32533], [139.45283, 36.32499], [139.453, 36.32428], [139.45304, 36.32414], [139.4532, 36.32348], [139.45341, 36.32262], [139.45347, 36.32235], [139.45353, 36.32212], [139.4537, 36.32137], [139.45374, 36.32115], [139.45384, 36.32078], [139.45386, 36.32072], [139.45388, 36.3206], [139.45421, 36.31931], [139.45428, 36.31905], [139.45433, 36.31883], [139.45435, 36.31881], [139.45441, 36.31853], [139.45449, 36.31823], [139.45452, 36.31812], [139.45459, 36.31787], [139.45462, 36.31774], [139.4547, 36.31741], [139.45488, 36.31649], [139.45496, 36.31614]]}, "properties": {"id": "TRACK_TOKYO_3975", "line_name": "伊勢崎線", "station_group_ids": [], "mode": "private", "operator_id": "tobu", "line_color": "#1F78FF", "tags": ["tokyo", "track_centerline"]}}, {"type": "Feature", "bbox": [139.50091, 36.2526, 139.52341, 36.27333], "geometry": {"type": "LineString", "coordinates": [[139.52341, 36.2526], [139.52325, 36.25275], [139.52305, 36.25298], [139.52289, 36.25316], [139.52249, 36.25363], [139.52237, 36.25377], [139.52192, 36.2543], [139.52101, 36.25534], [139.52007, 36.25642], [139.51889, 36.25777], [139.51812, 36.25867], [139.51739, 36.25948], [139.51663, 36.26033], [139.51595, 36.26113], [139.51592, 36.26116], [139.51515, 36.26203], [139.51443, 36.26282], [139.51373, 36.26365], [139.51306, 36.26439], [139.51233, 36.26527], [139.51166, 36.26607], [139.51113, 36.26668], [139.51069, 36.26714], [139.51014, 36.26771], [139.50973, 36.26806], [139.50935, 36.26835], [139.50904, 36.26856], [139.50756, 36.26947], [139.50663, 36.26999], [139.50642, 36.27012], [139.50518, 36.27084], [139.50399, 36.27152], [139.50299, 36.27212], [139.50201, 36.27269], [139.50091, 36.27333]]}, "properties": {"id": "TRACK_TOKYO_3976", "line_name": "伊勢崎線", "station_group_ids": [], "mode": "private", "operator_id": "tobu", "line_color": "#1F78FF", "tags": ["tokyo", "track_centerline"]}}, {"type": "Feature", "bbox": [139.473, 36.27403, 139.49973, 36.29024], "geometry": {"type": "LineString", "coordinates": [[139.49973, 36.27403], [139.49946, 36.27419], [139.49793, 36.27513], [139.49713, 36.27563], [139.49707, 36.27566], [139.49677, 36.27586], [139.49652, 36.27602], [139.4962, 36.27623], [139.49611, 36.2763], [139.49562, 36.27658], [139.49519, 36.27684], [139.49513, 36.27687], [139.49511, 36.27688], [139.49495, 36.27699], [139.49406, 36.27751], [139.49383, 36.27764], [139.49353, 36.27783], [139.49344, 36.27788], [139.49338, 36.27791], [139.49295, 36.27818], [139.4928, 36.27828], [139.4927, 36.27834], [139.4926, 36.2784], [139.49251, 36.27846], [139.49245, 36.27849], [139.49199, 36.27876], [139.49173, 36.27893], [139.49166, 36.27897], [139.49162, 36.27899], [139.49159, 36.27901], [139.49036, 36.27975], [139.48985, 36.28006], [139.48886, 36.28065], [139.48878, 36.28069], [139.48877, 36.28071], [139.48811, 36.2811], [139.48622, 36.28224], [139.48535, 36.28277], [139.48517, 36.28288], [139.48472, 36.28316], [139.48441, 36.28334], [139.48412, 36.28352], [139.484, 36.2836], [139.48371, 36.28377], [139.48347, 36.28392], [139.48306, 36.28415], [139.483, 36.28419], [139.48285, 36.28429], [139.48259, 36.28445], [139.48203, 36.28478], [139.48193, 36.28484], [139.4817, 36.28499], [139.48149, 36.28511], [139.48133, 36.28521], [139.48108, 36.28536], [139.48098, 36.28542], [139.48088, 36.28548], [139.47982, 36.28613], [139.47873, 36.28678], [139.47862, 36.28686], [139.47843, 36.28697], [139.47837, 36.287], [139.4783, 36.28704], [139.47825, 36.28708], [139.47799, 36.28724], [139.47754, 36.28751], [139.4774, 36.2876], [139.47698, 36.28786], [139.47664, 36.28806], [139.47629, 36.28827], [139.47607, 36.28841], [139.47586, 36.28853], [139.47576, 36.28859], [139.47488, 36.28913], [139.47457, 36.28931], [139.47451, 36.28934], [139.47441, 36.28941], [139.47319, 36.29014], [139.473, 36.29024]]}, "properties": {"id": "TRACK_TOKYO_3977", "line_name": "伊勢崎線", "station_group_ids": [], "mode": "private", "operator_id": "tobu", "line_color": "#1F78FF", "tags": ["tokyo", "track_centerline"]}}, {"type": "Feature", "bbox": [139.37779, 36.2941, 139.38008, 36.29431], "geometry": {"type": "LineString", "coordinates": [[139.38008, 36.2941], [139.37931, 36.29416], [139.37883, 36.2942], [139.3785, 36.29422], [139.3781, 36.29427], [139.37779, 36.29431]]}, "properties": {"id": "TRACK_TOKYO_3980", "line_name": "伊勢崎線", "station_group_ids": [], "mode": "private", "operator_id": "tobu", "line_color": "#1F78FF", "tags": ["tokyo", "track_centerline"]}}, {"type": "Feature", "bbox": [139.43142, 36.32595, 139.4326, 36.32662], "geometry": {"type": "LineString", "coordinates": [[139.4326, 36.32662], [139.43142, 36.32595]]}, "properties": {"id": "TRACK_TOKYO_3981", "line_name": "伊勢崎線", "station_group_ids": [], "mode": "private", "operator_id": "tobu", "line_color": "#1F78FF", "tags": ["tokyo", "track_centerline"]}}, {"type": "Feature", "bbox": [139.45496, 36.31517, 139.45522, 36.31614], "geometry": {"type": "LineString", "coordinates": [[139.45496, 36.31614], [139.45522, 36.31517]]}, "properties": {"id": "TRACK_TOKYO_3983", "line_name": "伊勢崎線", "station_group_ids": [], "mode": "private", "operator_id": "tobu", "line_color": "#1F78FF", "tags": ["tokyo", "track_centerline"]}}, {"type": "Feature", "bbox": [139.20157, 36.31735, 139.20206, 36.31882], "geometry": {"type": "LineString", "coordinates": [[139.20157, 36.31882], [139.20206, 36.31735]]}, "properties": {"id": "TRACK_TOKYO_4029", "line_name": "伊勢崎線", "station_group_ids": [], "mode": "private", "operator_id": "tobu", "line_color": "#1F78FF", "tags": ["tokyo", "track_centerline"]}}, {"type": "Feature", "bbox": [139.19581, 36.31882, 139.20157, 36.32628], "geometry": {"type": "LineString", "coordinates": [[139.20157, 36.31882], [139.20143, 36.31926], [139.20121, 36.31997], [139.20107, 36.32036], [139.20086, 36.32101], [139.20076, 36.32134], [139.20063, 36.32171], [139.20054, 36.32199], [139.20045, 36.32225], [139.20037, 36.32249], [139.20031, 36.32268], [139.20025, 36.32285], [139.20015, 36.32308], [139.20007, 36.32326], [139.19996, 36.32343], [139.19949, 36.32425], [139.1993, 36.32452], [139.19911, 36.32473], [139.19888, 36.32498], [139.19863, 36.32521], [139.19839, 36.32537], [139.1982, 36.3255], [139.19796, 36.32564], [139.19773, 36.32576], [139.19754, 36.32585], [139.19728, 36.32595], [139.197, 36.32606], [139.19683, 36.3261], [139.1966, 36.32615], [139.1963, 36.3262], [139.19581, 36.32628]]}, "properties": {"id": "TRACK_TOKYO_4030", "line_name": "伊勢崎線", "station_group_ids": [], "mode": "private", "operator_id": "tobu", "line_color": "#1F78FF", "tags": ["tokyo", "track_centerline"]}}, {"type": "Feature", "bbox": [139.1941, 36.32628, 139.19581, 36.32656], "geometry": {"type": "LineString", "coordinates": [[139.19581, 36.32628], [139.1941, 36.32656]]}, "properties": {"id": "TRACK_TOKYO_4031", "line_name": "伊勢崎線", "station_group_ids": [], "mode": "private", "operator_id": "tobu", "line_color": "#1F78FF", "tags": ["tokyo", "track_centerline"]}}, {"type": "Feature", "bbox": [139.2233, 36.29506, 139.22446, 36.29577], "geometry": {"type": "LineString", "coordinates": [[139.22446, 36.29506], [139.2233, 36.29577]]}, "properties": {"id": "TRACK_TOKYO_4032", "line_name": "伊勢崎線", "station_group_ids": [], "mode": "private", "operator_id": "tobu", "line_color": "#1F78FF", "tags": ["tokyo", "track_centerline"]}}, {"type": "Feature", "bbox": [139.20206, 36.29577, 139.2233, 36.31735], "geometry": {"type": "LineString", "coordinates": [[139.20206, 36.31735], [139.20215, 36.317], [139.20226, 36.31667], [139.20238, 36.31636], [139.20245, 36.3162], [139.20257, 36.316], [139.20271, 36.31579], [139.2028, 36.31565], [139.20292, 36.3155], [139.20307, 36.31534], [139.20318, 36.31521], [139.2033, 36.31509], [139.2036, 36.31483], [139.20382, 36.31466], [139.20408, 36.31449], [139.20435, 36.31435], [139.20457, 36.31425], [139.20524, 36.31399], [139.20548, 36.3139], [139.20596, 36.31372], [139.20629, 36.31359], [139.20647, 36.31352], [139.20682, 36.31338], [139.20706, 36.31331], [139.20729, 36.31322], [139.2075, 36.31315], [139.20769, 36.31307], [139.20793, 36.31299], [139.20828, 36.31286], [139.20835, 36.31284], [139.20862, 36.31273], [139.20879, 36.31266], [139.20892, 36.31261], [139.20909, 36.31253], [139.20924, 36.31245], [139.20946, 36.31233], [139.2098, 36.31212], [139.21006, 36.31194], [139.2102, 36.31182], [139.21038, 36.31167], [139.21059, 36.31147], [139.21076, 36.31128], [139.211, 36.31097], [139.21168, 36.31005], [139.21197, 36.30965], [139.21285, 36.30846], [139.21324, 36.30789], [139.21368, 36.30729], [139.21411, 36.3067], [139.2147, 36.30587], [139.21481, 36.3057], [139.21507, 36.30535], [139.21531, 36.30501], [139.21557, 36.30466], [139.21591, 36.30418], [139.21613, 36.30386], [139.21634, 36.30358], [139.21679, 36.30295], [139.21702, 36.30263], [139.21737, 36.30216], [139.21787, 36.30147], [139.21817, 36.30107], [139.21836, 36.30081], [139.21925, 36.29954], [139.21939, 36.29936], [139.21947, 36.29925], [139.21959, 36.29908], [139.2201, 36.29838], [139.22036, 36.29807], [139.22047, 36.29796], [139.22059, 36.29783], [139.22083, 36.2976], [139.22103, 36.29744], [139.22121, 36.29726], [139.22146, 36.29706], [139.22161, 36.29692], [139.22174, 36.29683], [139.22189, 36.29671], [139.22207, 36.29657], [139.2224, 36.29633], [139.22273, 36.29611], [139.22299, 36.29595], [139.2233, 36.29577]]}, "properties": {"id": "TRACK_TOKYO_4033", "line_name": "伊勢崎線", "station_group_ids": [], "mode": "private", "operator_id": "tobu", "line_color": "#1F78FF", "tags": ["tokyo", "track_centerline"]}}, {"type": "Feature", "bbox": [139.28287, 36.26966, 139.31224, 36.27279], "geometry": {"type": "LineString", "coordinates": [[139.31224, 36.27117], [139.31126, 36.27089], [139.31048, 36.27067], [139.30963, 36.27043], [139.30915, 36.27032], [139.30876, 36.27023], [139.30798, 36.27006], [139.30728, 36.26995], [139.30669, 36.26986], [139.30586, 36.26976], [139.30506, 36.2697], [139.30477, 36.26969], [139.30448, 36.26969], [139.30398, 36.26966], [139.30346, 36.26966], [139.30262, 36.26968], [139.30207, 36.26971], [139.30127, 36.26979], [139.30055, 36.26988], [139.29977, 36.27], [139.2985, 36.27021], [139.29707, 36.27046], [139.29674, 36.27052], [139.29561, 36.2707], [139.29443, 36.27091], [139.29325, 36.2711], [139.29164, 36.27136], [139.29007, 36.27163], [139.2867, 36.27216], [139.28588, 36.2723], [139.28568, 36.27234], [139.28558, 36.27235], [139.28542, 36.27238], [139.28287, 36.27279]]}, "properties": {"id": "TRACK_TOKYO_4034", "line_name": "伊勢崎線", "station_group_ids": [], "mode": "private", "operator_id": "tobu", "line_color": "#1F78FF", "tags": ["tokyo", "track_centerline"]}}, {"type": "Feature", "bbox": [139.25454, 36.27688, 139.25797, 36.27745], "geometry": {"type": "LineString", "coordinates": [[139.25797, 36.27688], [139.25454, 36.27745]]}, "properties": {"id": "TRACK_TOKYO_4035", "line_name": "伊勢崎線", "station_group_ids": [], "mode": "private", "operator_id": "tobu", "line_color": "#1F78FF", "tags": ["tokyo", "track_centerline"]}}, {"type": "Feature", "bbox": [139.22446, 36.27745, 139.25454, 36.29506], "geometry": {"type": "LineString", "coordinates": [[139.22446, 36.29506], [139.22499, 36.29474], [139.22519, 36.29462], [139.22604, 36.29408], [139.22636, 36.29388], [139.22657, 36.29376], [139.22681, 36.29361], [139.22766, 36.29308], [139.22785, 36.29296], [139.22817, 36.29276], [139.22861, 36.29249], [139.2292, 36.29212], [139.22949, 36.29194], [139.23009, 36.29156], [139.23031, 36.29143], [139.23045, 36.29133], [139.23061, 36.29123], [139.23093, 36.29103], [139.23131, 36.2908], [139.23197, 36.29039], [139.23226, 36.29021], [139.2331, 36.28969], [139.23393, 36.28917], [139.23413, 36.28904], [139.23452, 36.2888], [139.2347, 36.28868], [139.23494, 36.28854], [139.23511, 36.28844], [139.23533, 36.2883], [139.23616, 36.28778], [139.23679, 36.2874], [139.2377, 36.28684], [139.23801, 36.28665], [139.23891, 36.28608], [139.2395, 36.28571], [139.23966, 36.28562], [139.23974, 36.28557], [139.24011, 36.28533], [139.24052, 36.28508], [139.24131, 36.28459], [139.2418, 36.28428], [139.24223, 36.28402], [139.2426, 36.28378], [139.24311, 36.28346], [139.24427, 36.28274], [139.24458, 36.28255], [139.2448, 36.28242], [139.24501, 36.28229], [139.24538, 36.28206], [139.24624, 36.28151], [139.24679, 36.28115], [139.24898, 36.27978], [139.25039, 36.2789], [139.25106, 36.2785], [139.25129, 36.27838], [139.25168, 36.27819], [139.252, 36.27805], [139.25243, 36.27792], [139.25284, 36.27779], [139.2532, 36.2777], [139.25366, 36.2776], [139.25454, 36.27745]]}, "properties": {"id": "TRACK_TOKYO_4036", "line_name": "伊勢崎線", "station_group_ids": [], "mode": "private", "operator_id": "tobu", "line_color": "#1F78FF", "tags": ["tokyo", "track_centerline"]}}, {"type": "Feature", "bbox": [139.25797, 36.27309, 139.28108, 36.27688], "geometry": {"type": "LineString", "coordinates": [[139.28108, 36.27309], [139.27781, 36.27364], [139.27606, 36.27391], [139.27413, 36.27424], [139.27183, 36.27461], [139.27153, 36.27466], [139.27121, 36.27471], [139.27081, 36.27477], [139.26884, 36.2751], [139.26792, 36.27525], [139.26477, 36.27577], [139.2616, 36.27629], [139.25996, 36.27656], [139.25797, 36.27688]]}, "properties": {"id": "TRACK_TOKYO_4037", "line_name": "伊勢崎線", "station_group_ids": [], "mode": "private", "operator_id": "tobu", "line_color": "#1F78FF", "tags": ["tokyo", "track_centerline"]}}, {"type": "Feature", "bbox": [139.31377, 36.27161, 139.34837, 36.28257], "geometry": {"type": "LineString", "coordinates": [[139.34837, 36.28257], [139.34784, 36.2822], [139.34762, 36.28207], [139.34742, 36.28194], [139.34709, 36.28175], [139.34669, 36.28155], [139.34591, 36.28122], [139.3455, 36.28106], [139.34505, 36.28089], [139.3445, 36.2807], [139.3434, 36.28036], [139.34009, 36.27938], [139.3387, 36.27897], [139.33744, 36.27859], [139.33667, 36.27837], [139.33519, 36.27792], [139.33405, 36.27759], [139.33257, 36.27714], [139.33109, 36.27671], [139.32837, 36.2759], [139.32703, 36.2755], [139.32684, 36.27544], [139.32303, 36.27432], [139.31927, 36.27322], [139.31745, 36.27268], [139.3166, 36.27243], [139.31377, 36.27161]]}, "properties": {"id": "TRACK_TOKYO_4038", "line_name": "伊勢崎線", "station_group_ids": [], "mode": "private", "operator_id": "tobu", "line_color": "#1F78FF", "tags": ["tokyo", "track_centerline"]}}, {"type": "Feature", "bbox": [139.28108, 36.27279, 139.28287, 36.27309], "geometry": {"type": "LineString", "coordinates": [[139.28287, 36.27279], [139.28108, 36.27309]]}, "properties": {"id": "TRACK_TOKYO_4039", "line_name": "伊勢崎線", "station_group_ids": [], "mode": "private", "operator_id": "tobu", "line_color": "#1F78FF", "tags": ["tokyo", "track_centerline"]}}, {"type": "Feature", "bbox": [139.31224, 36.27117, 139.31377, 36.27161], "geometry": {"type": "LineString", "coordinates": [[139.31377, 36.27161], [139.31224, 36.27117]]}, "properties": {"id": "TRACK_TOKYO_4040", "line_name": "伊勢崎線", "station_group_ids": [], "mode": "private", "operator_id": "tobu", "line_color": "#1F78FF", "tags": ["tokyo", "track_centerline"]}}, {"type": "Feature", "bbox": [139.34837, 36.28257, 139.34961, 36.28338], "geometry": {"type": "LineString", "coordinates": [[139.34961, 36.28338], [139.34837, 36.28257]]}, "properties": {"id": "TRACK_TOKYO_4041", "line_name": "伊勢崎線", "station_group_ids": [], "mode": "private", "operator_id": "tobu", "line_color": "#1F78FF", "tags": ["tokyo", "track_centerline"]}}, {"type": "Feature", "bbox": [139.34961, 36.28338, 139.37226, 36.2947], "geometry": {"type": "LineString", "coordinates": [[139.37226, 36.2947], [139.37214, 36.29465], [139.37201, 36.2946], [139.37178, 36.29454], [139.37126, 36.29438], [139.37112, 36.29433], [139.37065, 36.29418], [139.36998, 36.29395], [139.36935, 36.29372], [139.36848, 36.29342], [139.36748, 36.29306], [139.36678, 36.29282], [139.36611, 36.29257], [139.365, 36.29219], [139.36271, 36.29137], [139.36223, 36.2912], [139.36188, 36.29105], [139.36155, 36.29091], [139.36125, 36.29078], [139.36113, 36.29072], [139.36088, 36.29062], [139.36076, 36.29056], [139.36049, 36.29043], [139.36001, 36.29017], [139.35936, 36.28983], [139.35821, 36.28907], [139.35779, 36.28879], [139.35612, 36.28767], [139.35333, 36.28583], [139.35198, 36.28494], [139.34961, 36.28338]]}, "properties": {"id": "TRACK_TOKYO_4042", "line_name": "伊勢崎線", "station_group_ids": [], "mode": "private", "operator_id": "tobu", "line_color": "#1F78FF", "tags": ["tokyo", "track_centerline"]}}, {"type": "Feature", "bbox": [139.37779, 36.2941, 139.38008, 36.29431], "geometry": {"type": "LineString", "coordinates": [[139.38008, 36.2941], [139.37931, 36.29416], [139.37883, 36.2942], [139.3785, 36.29422], [139.3781, 36.29427], [139.37779, 36.29431]]}, "properties": {"id": "TRACK_TOKYO_4106", "line_name": "桐生線", "station_group_ids": [], "mode": "private", "operator_id": "tobu", "line_color": "#1F78FF", "tags": ["tokyo", "track_centerline"]}}, {"type": "Feature", "bbox": [139.37226, 36.29431, 139.37779, 36.2947], "geometry": {"type": "LineString", "coordinates": [[139.37779, 36.29431], [139.37759, 36.29433], [139.37734, 36.29435], [139.37709, 36.29438], [139.37659, 36.29441], [139.37226, 36.2947]]}, "properties": {"id": "TRACK_TOKYO_4107", "line_name": "桐生線", "station_group_ids": [], "mode": "private", "operator_id": "tobu", "line_color": "#1F78FF", "tags": ["tokyo", "track_centerline"]}}, {"type": "Feature", "bbox": [139.27642, 36.4255, 139.27714, 36.42574], "geometry": {"type": "LineString", "coordinates": [[139.27714, 36.42574], [139.27642, 36.4255]]}, "properties": {"id": "TRACK_TOKYO_4108", "line_name": "桐生線", "station_group_ids": [], "mode": "private", "operator_id": "tobu", "line_color": "#1F78FF", "tags": ["tokyo", "track_centerline"]}}, {"type": "Feature", "bbox": [139.31507, 36.35819, 139.31647, 36.35933], "geometry": {"type": "LineString", "coordinates": [[139.31647, 36.35819], [139.31631, 36.35832], [139.31603, 36.35855], [139.31569, 36.35883], [139.31535, 36.3591], [139.31507, 36.35933]]}, "properties": {"id": "TRACK_TOKYO_4109", "line_name": "桐生線", "station_group_ids": [], "mode": "private", "operator_id": "tobu", "line_color": "#1F78FF", "tags": ["tokyo", "track_centerline"]}}, {"type": "Feature", "bbox": [139.30633, 36.38465, 139.30676, 36.38555], "geometry": {"type": "LineString", "coordinates": [[139.30633, 36.38465], [139.30636, 36.38473], [139.30644, 36.38492], [139.30653, 36.38511], [139.3066, 36.38525], [139.30668, 36.3854], [139.30676, 36.38555]]}, "properties": {"id": "TRACK_TOKYO_4110", "line_name": "桐生線", "station_group_ids": [], "mode": "private", "operator_id": "tobu", "line_color": "#1F78FF", "tags": ["tokyo", "track_centerline"]}}, {"type": "Feature", "bbox": [139.35519, 36.2947, 139.37226, 36.31292], "geometry": {"type": "LineString", "coordinates": [[139.37226, 36.2947], [139.37178, 36.29472], [139.37103, 36.29475], [139.36968, 36.29486], [139.36886, 36.29494], [139.3676, 36.29504], [139.36722, 36.29509], [139.36686, 36.29513], [139.36654, 36.2952], [139.36633, 36.29524], [139.36598, 36.29532], [139.3654, 36.29549], [139.36493, 36.29566], [139.36471, 36.29576], [139.36442, 36.29591], [139.36394, 36.2962], [139.36368, 36.2964], [139.36366, 36.29641], [139.36335, 36.29667], [139.36308, 36.29693], [139.36279, 36.29725], [139.36233, 36.29787], [139.36215, 36.29815], [139.3619, 36.29864], [139.36134, 36.2998], [139.36096, 36.30064], [139.36051, 36.30156], [139.35977, 36.30316], [139.35952, 36.30369], [139.35912, 36.30454], [139.35893, 36.30494], [139.35885, 36.30511], [139.35849, 36.30588], [139.35804, 36.30684], [139.35787, 36.30723], [139.35767, 36.30765], [139.35735, 36.30832], [139.35702, 36.30904], [139.35617, 36.31083], [139.35519, 36.31292]]}, "properties": {"id": "TRACK_TOKYO_4111", "line_name": "桐生線", "station_group_ids": [], "mode": "private", "operator_id": "tobu", "line_color": "#1F78FF", "tags": ["tokyo", "track_centerline"]}}, {"type": "Feature", "bbox": [139.30377, 36.41021, 139.30406, 36.41106], "geometry": {"type": "LineString", "coordinates": [[139.30406, 36.41021], [139.30377, 36.41106]]}, "properties": {"id": "TRACK_TOKYO_4112", "line_name": "桐生線", "station_group_ids": [], "mode": "private", "operator_id": "tobu", "line_color": "#1F78FF", "tags": ["tokyo", "track_centerline"]}}, {"type": "Feature", "bbox": [139.34058, 36.33249, 139.34215, 36.33356], "geometry": {"type": "LineString", "coordinates": [[139.34215, 36.33249], [139.34058, 36.33356]]}, "properties": {"id": "TRACK_TOKYO_4113", "line_name": "桐生線", "station_group_ids": [], "mode": "private", "operator_id": "tobu", "line_color": "#1F78FF", "tags": ["tokyo", "track_centerline"]}}, {"type": "Feature", "bbox": [139.31999, 36.39446, 139.32018, 36.39559], "geometry": {"type": "LineString", "coordinates": [[139.32018, 36.39446], [139.32014, 36.3948], [139.3201, 36.39507], [139.32005, 36.39535], [139.31999, 36.39559]]}, "properties": {"id": "TRACK_TOKYO_4114", "line_name": "桐生線", "station_group_ids": [], "mode": "private", "operator_id": "tobu", "line_color": "#1F78FF", "tags": ["tokyo", "track_centerline"]}}, {"type": "Feature", "bbox": [139.34215, 36.31388, 139.35474, 36.33249], "geometry": {"type": "LineString", "coordinates": [[139.35474, 36.31388], [139.35421, 36.31501], [139.35336, 36.31682], [139.35311, 36.31736], [139.35257, 36.31855], [139.35177, 36.32027], [139.35158, 36.32068], [139.35131, 36.32124], [139.3507, 36.32254], [139.35044, 36.32308], [139.35026, 36.32346], [139.34979, 36.32447], [139.34917, 36.32579], [139.34881, 36.32654], [139.34862, 36.32696], [139.34825, 36.32774], [139.34814, 36.32796], [139.34798, 36.3282], [139.34775, 36.32848], [139.34758, 36.32867], [139.34733, 36.32892], [139.34706, 36.32915], [139.34686, 36.32929], [139.34615, 36.32978], [139.34415, 36.33114], [139.34215, 36.33249]]}, "properties": {"id": "TRACK_TOKYO_4115", "line_name": "桐生線", "station_group_ids": [], "mode": "private", "operator_id": "tobu", "line_color": "#1F78FF", "tags": ["tokyo", "track_centerline"]}}, {"type": "Feature", "bbox": [139.30406, 36.39559, 139.31999, 36.41021], "geometry": {"type": "LineString", "coordinates": [[139.31999, 36.39559], [139.3199, 36.39585], [139.3198, 36.39607], [139.3197, 36.39628], [139.31951, 36.39662], [139.31933, 36.39696], [139.31915, 36.39723], [139.31899, 36.39743], [139.31883, 36.39762], [139.31865, 36.39779], [139.31834, 36.39804], [139.3181, 36.3982], [139.3178, 36.39839], [139.31723, 36.39873], [139.31687, 36.39893], [139.31658, 36.3991], [139.31631, 36.39927], [139.31609, 36.3994], [139.31563, 36.39973], [139.31537, 36.39995], [139.31513, 36.40017], [139.31468, 36.40057], [139.31438, 36.40084], [139.31399, 36.4012], [139.31377, 36.4014], [139.31358, 36.40156], [139.31341, 36.40172], [139.31328, 36.40187], [139.31324, 36.40192], [139.31316, 36.402], [139.31311, 36.40208], [139.31306, 36.40216], [139.31301, 36.40225], [139.31293, 36.40242], [139.31282, 36.40265], [139.3127, 36.40293], [139.31261, 36.40314], [139.31252, 36.40333], [139.31239, 36.40358], [139.31223, 36.40384], [139.31206, 36.40405], [139.31176, 36.40437], [139.31139, 36.40477], [139.31132, 36.40484], [139.31119, 36.40496], [139.31107, 36.40507], [139.31078, 36.40532], [139.31049, 36.40554], [139.31002, 36.40588], [139.30967, 36.40612], [139.30935, 36.40635], [139.30903, 36.40657], [139.3088, 36.40671], [139.30854, 36.40688], [139.30772, 36.40738], [139.30704, 36.40776], [139.30653, 36.40805], [139.30586, 36.40843], [139.30558, 36.40863], [139.30529, 36.40887], [139.30496, 36.40915], [139.30462, 36.40946], [139.30435, 36.40976], [139.30417, 36.41], [139.30406, 36.41021]]}, "properties": {"id": "TRACK_TOKYO_4116", "line_name": "桐生線", "station_group_ids": [], "mode": "private", "operator_id": "tobu", "line_color": "#1F78FF", "tags": ["tokyo", "track_centerline"]}}, {"type": "Feature", "bbox": [139.30529, 36.35933, 139.31507, 36.38465], "geometry": {"type": "LineString", "coordinates": [[139.31507, 36.35933], [139.31504, 36.35935], [139.31495, 36.35941], [139.31467, 36.35965], [139.31438, 36.35987], [139.31383, 36.36031], [139.3135, 36.36058], [139.31317, 36.36086], [139.3127, 36.36124], [139.31233, 36.36153], [139.31197, 36.36184], [139.31149, 36.36224], [139.31125, 36.36246], [139.31102, 36.36269], [139.31059, 36.36319], [139.3104, 36.36345], [139.31017, 36.36375], [139.30971, 36.36434], [139.30946, 36.3647], [139.3092, 36.36505], [139.3088, 36.36558], [139.30852, 36.36595], [139.30825, 36.36634], [139.30821, 36.36638], [139.30758, 36.36722], [139.30733, 36.36758], [139.30705, 36.36795], [139.30662, 36.36859], [139.30649, 36.36887], [139.30636, 36.36913], [139.30625, 36.36944], [139.30619, 36.36973], [139.30613, 36.36998], [139.30605, 36.37042], [139.30596, 36.37101], [139.30586, 36.37159], [139.3058, 36.37203], [139.30574, 36.37244], [139.30566, 36.37302], [139.30559, 36.37344], [139.30553, 36.37386], [139.30542, 36.37455], [139.30536, 36.37491], [139.30536, 36.37494], [139.30533, 36.37523], [139.3053, 36.37555], [139.3053, 36.37567], [139.30529, 36.37579], [139.3053, 36.37603], [139.30532, 36.37627], [139.30534, 36.37675], [139.30537, 36.37702], [139.3054, 36.37731], [139.30546, 36.37791], [139.30553, 36.37841], [139.30556, 36.37871], [139.30562, 36.37918], [139.30568, 36.3795], [139.30571, 36.37989], [139.3058, 36.38052], [139.30586, 36.38106], [139.30592, 36.38154], [139.30597, 36.38197], [139.30604, 36.38245], [139.3061, 36.38294], [139.30617, 36.38354], [139.30621, 36.3839], [139.30625, 36.38421], [139.30629, 36.38445], [139.30633, 36.38465]]}, "properties": {"id": "TRACK_TOKYO_4117", "line_name": "桐生線", "station_group_ids": [], "mode": "private", "operator_id": "tobu", "line_color": "#1F78FF", "tags": ["tokyo", "track_centerline"]}}, {"type": "Feature", "bbox": [139.31647, 36.33356, 139.34058, 36.35819], "geometry": {"type": "LineString", "coordinates": [[139.34058, 36.33356], [139.33992, 36.33402], [139.33816, 36.33523], [139.33672, 36.33621], [139.33636, 36.33648], [139.3362, 36.33659], [139.33566, 36.33697], [139.3352, 36.33729], [139.33479, 36.33758], [139.33436, 36.33788], [139.3334, 36.33854], [139.33305, 36.33879], [139.3327, 36.33905], [139.3324, 36.33928], [139.33208, 36.33952], [139.33182, 36.33971], [139.33157, 36.33991], [139.33132, 36.34014], [139.33113, 36.34033], [139.33104, 36.34044], [139.33089, 36.3406], [139.33052, 36.34111], [139.33028, 36.34144], [139.32997, 36.34184], [139.32967, 36.34226], [139.32928, 36.34277], [139.32885, 36.34335], [139.32818, 36.34425], [139.32793, 36.34459], [139.32762, 36.345], [139.32728, 36.34545], [139.32668, 36.34628], [139.32635, 36.34674], [139.326, 36.34723], [139.32593, 36.34733], [139.32578, 36.34753], [139.32559, 36.34781], [139.32531, 36.34818], [139.32484, 36.34886], [139.32473, 36.349], [139.3246, 36.34921], [139.3245, 36.34933], [139.32421, 36.34974], [139.3237, 36.35045], [139.32343, 36.3508], [139.32326, 36.35106], [139.32322, 36.35111], [139.3229, 36.35154], [139.32245, 36.35216], [139.32224, 36.35245], [139.32193, 36.35286], [139.3216, 36.3533], [139.32134, 36.35365], [139.3211, 36.35397], [139.32088, 36.35425], [139.32061, 36.35459], [139.32023, 36.35503], [139.32002, 36.35526], [139.3198, 36.35546], [139.31961, 36.35563], [139.31942, 36.3558], [139.31921, 36.35597], [139.31893, 36.35619], [139.3186, 36.35646], [139.31817, 36.35682], [139.31769, 36.35721], [139.31726, 36.35754], [139.31682, 36.3579], [139.31647, 36.35819]]}, "properties": {"id": "TRACK_TOKYO_4118", "line_name": "桐生線", "station_group_ids": [], "mode": "private", "operator_id": "tobu", "line_color": "#1F78FF", "tags": ["tokyo", "track_centerline"]}}, {"type": "Feature", "bbox": [139.35474, 36.31292, 139.35519, 36.31388], "geometry": {"type": "LineString", "coordinates": [[139.35519, 36.31292], [139.35474, 36.31388]]}, "properties": {"id": "TRACK_TOKYO_4119", "line_name": "桐生線", "station_group_ids": [], "mode": "private", "operator_id": "tobu", "line_color": "#1F78FF", "tags": ["tokyo", "track_centerline"]}}, {"type": "Feature", "bbox": [139.30676, 36.38555, 139.3202, 36.39446], "geometry": {"type": "LineString", "coordinates": [[139.30676, 36.38555], [139.30687, 36.38569], [139.30701, 36.38589], [139.30717, 36.38604], [139.30732, 36.3862], [139.30749, 36.38633], [139.30768, 36.38646], [139.3078, 36.38654], [139.30796, 36.38665], [139.3084, 36.38686], [139.30875, 36.38701], [139.30917, 36.38719], [139.30949, 36.3873], [139.31001, 36.38746], [139.31042, 36.38759], [139.31115, 36.3878], [139.3117, 36.38799], [139.31239, 36.38822], [139.31298, 36.38845], [139.31367, 36.38872], [139.31409, 36.38889], [139.31475, 36.3892], [139.31526, 36.38948], [139.31551, 36.38962], [139.3156, 36.38967], [139.31609, 36.38993], [139.31639, 36.39011], [139.31667, 36.39028], [139.31701, 36.39047], [139.31734, 36.39067], [139.31754, 36.39078], [139.31787, 36.39097], [139.31812, 36.39112], [139.31861, 36.3914], [139.31888, 36.39156], [139.3191, 36.39172], [139.31923, 36.39184], [139.3194, 36.392], [139.31957, 36.3922], [139.31969, 36.39239], [139.31981, 36.39259], [139.31992, 36.39278], [139.32, 36.39301], [139.3201, 36.3933], [139.32016, 36.39357], [139.32018, 36.39385], [139.3202, 36.39409], [139.3202, 36.3943], [139.32018, 36.39446]]}, "properties": {"id": "TRACK_TOKYO_4120", "line_name": "桐生線", "station_group_ids": [], "mode": "private", "operator_id": "tobu", "line_color": "#1F78FF", "tags": ["tokyo", "track_centerline"]}}, {"type": "Feature", "bbox": [139.2989, 36.41106, 139.30377, 36.41857], "geometry": {"type": "LineString", "coordinates": [[139.30377, 36.41106], [139.3037, 36.41132], [139.30349, 36.41197], [139.30313, 36.41299], [139.30289, 36.41364], [139.30272, 36.4142], [139.30254, 36.41468], [139.30239, 36.415], [139.30227, 36.41519], [139.30218, 36.41529], [139.30172, 36.41577], [139.30135, 36.41617], [139.30093, 36.41662], [139.30012, 36.41744], [139.29997, 36.41759], [139.29953, 36.41803], [139.29928, 36.41827], [139.2989, 36.41857]]}, "properties": {"id": "TRACK_TOKYO_4121", "line_name": "桐生線", "station_group_ids": [], "mode": "private", "operator_id": "tobu", "line_color": "#1F78FF", "tags": ["tokyo", "track_centerline"]}}, {"type": "Feature", "bbox": [139.5257, 36.24746, 139.5276, 36.24996], "geometry": {"type": "LineString", "coordinates": [[139.5276, 36.24746], [139.52749, 36.24776], [139.52731, 36.24804], [139.52723, 36.24817], [139.52693, 36.24855], [139.52654, 36.24903], [139.5257, 36.24996]]}, "properties": {"id": "TRACK_TOKYO_4127", "line_name": "佐野線", "station_group_ids": [], "mode": "private", "operator_id": "tobu", "line_color": "#1F78FF", "tags": ["tokyo", "track_centerline"]}}, {"type": "Feature", "bbox": [139.5276, 36.24573, 139.52802, 36.24746], "geometry": {"type": "LineString", "coordinates": [[139.52802, 36.24573], [139.52787, 36.24638], [139.52773, 36.24689], [139.5276, 36.24746]]}, "properties": {"id": "TRACK_TOKYO_4128", "line_name": "佐野線", "station_group_ids": [], "mode": "private", "operator_id": "tobu", "line_color": "#1F78FF", "tags": ["tokyo", "track_centerline"]}}, {"type": "Feature", "bbox": [139.53694, 36.26165, 139.53802, 36.26203], "geometry": {"type": "LineString", "coordinates": [[139.53802, 36.26203], [139.53694, 36.26165]]}, "properties": {"id": "TRACK_TOKYO_4130", "line_name": "佐野線", "station_group_ids": [], "mode": "private", "operator_id": "tobu", "line_color": "#1F78FF", "tags": ["tokyo", "track_centerline"]}}, {"type": "Feature", "bbox": [139.52294, 36.2526, 139.53694, 36.26165], "geometry": {"type": "LineString", "coordinates": [[139.52341, 36.2526], [139.52333, 36.25287], [139.52321, 36.25316], [139.52311, 36.25338], [139.52299, 36.25383], [139.52294, 36.25413], [139.52294, 36.25446], [139.52297, 36.25485], [139.52305, 36.25522], [139.5232, 36.25559], [139.52327, 36.25582], [139.52348, 36.25615], [139.52368, 36.25639], [139.52395, 36.25671], [139.52411, 36.25685], [139.52431, 36.25701], [139.52449, 36.25714], [139.52475, 36.25729], [139.52516, 36.25751], [139.52566, 36.25774], [139.52633, 36.25798], [139.52738, 36.25833], [139.52845, 36.25871], [139.52924, 36.25897], [139.52963, 36.25911], [139.53046, 36.2594], [139.53172, 36.25984], [139.53278, 36.26021], [139.53412, 36.26068], [139.53546, 36.26116], [139.53673, 36.26158], [139.53694, 36.26165]]}, "properties": {"id": "TRACK_TOKYO_4131", "line_name": "佐野線", "station_group_ids": [], "mode": "private", "operator_id": "tobu", "line_color": "#1F78FF", "tags": ["tokyo", "track_centerline"]}}, {"type": "Feature", "bbox": [139.52341, 36.24996, 139.5257, 36.2526], "geometry": {"type": "LineString", "coordinates": [[139.5257, 36.24996], [139.52564, 36.25004], [139.5254, 36.2503], [139.52503, 36.25073], [139.52445, 36.25138], [139.52382, 36.2521], [139.52359, 36.25235], [139.52341, 36.2526]]}, "properties": {"id": "TRACK_TOKYO_4132", "line_name": "佐野線", "station_group_ids": [], "mode": "private", "operator_id": "tobu", "line_color": "#1F78FF", "tags": ["tokyo", "track_centerline"]}}, {"type": "Feature", "bbox": [139.53802, 36.26203, 139.56469, 36.28985], "geometry": {"type": "LineString", "coordinates": [[139.56469, 36.28985], [139.56425, 36.28907], [139.56384, 36.28833], [139.56364, 36.28793], [139.56348, 36.28756], [139.56325, 36.28717], [139.56288, 36.28653], [139.56246, 36.2858], [139.56198, 36.28501], [139.56156, 36.28428], [139.56107, 36.28346], [139.56072, 36.28287], [139.56038, 36.2823], [139.56014, 36.28192], [139.55991, 36.28151], [139.55948, 36.2808], [139.55918, 36.2803], [139.55884, 36.27975], [139.55842, 36.27907], [139.55813, 36.2786], [139.55777, 36.27799], [139.55755, 36.27762], [139.55732, 36.27716], [139.55723, 36.27693], [139.55719, 36.27672], [139.55719, 36.27652], [139.5572, 36.27626], [139.55724, 36.27602], [139.5573, 36.27566], [139.55734, 36.2753], [139.55737, 36.27497], [139.55739, 36.27465], [139.55737, 36.27437], [139.55732, 36.27415], [139.55723, 36.27391], [139.55709, 36.27363], [139.5569, 36.27331], [139.55677, 36.27315], [139.55651, 36.27285], [139.55607, 36.27234], [139.55573, 36.27195], [139.5557, 36.27192], [139.55515, 36.27128], [139.55462, 36.27068], [139.55399, 36.26997], [139.55393, 36.2699], [139.55375, 36.26969], [139.55344, 36.26933], [139.5529, 36.26875], [139.55274, 36.26857], [139.55231, 36.26813], [139.55171, 36.26759], [139.55151, 36.26745], [139.55105, 36.26709], [139.54994, 36.2664], [139.54864, 36.26579], [139.54748, 36.26531], [139.54552, 36.26462], [139.54405, 36.2641], [139.54367, 36.26396], [139.54244, 36.26355], [139.54103, 36.26306], [139.53985, 36.26267], [139.53853, 36.26222], [139.53802, 36.26203]]}, "properties": {"id": "TRACK_TOKYO_4138", "line_name": "佐野線", "station_group_ids": [], "mode": "private", "operator_id": "tobu", "line_color": "#1F78FF", "tags": ["tokyo", "track_centerline"]}}, {"type": "Feature", "bbox": [139.37774, 36.29378, 139.38057, 36.29406], "geometry": {"type": "LineString", "coordinates": [[139.37774, 36.29406], [139.38057, 36.29378]]}, "properties": {"id": "TRACK_TOKYO_4143", "line_name": "小泉線", "station_group_ids": [], "mode": "private", "operator_id": "tobu", "line_color": "#1F78FF", "tags": ["tokyo", "track_centerline"]}}, {"type": "Feature", "bbox": [139.42809, 36.2596, 139.42903, 36.25983], "geometry": {"type": "LineString", "coordinates": [[139.42903, 36.2596], [139.42809, 36.25983]]}, "properties": {"id": "TRACK_TOKYO_4144", "line_name": "小泉線", "station_group_ids": [], "mode": "private", "operator_id": "tobu", "line_color": "#1F78FF", "tags": ["tokyo", "track_centerline"]}}, {"type": "Feature", "bbox": [139.42903, 36.2569, 139.4452, 36.2596], "geometry": {"type": "LineString", "coordinates": [[139.4452, 36.2569], [139.44494, 36.25693], [139.44483, 36.25693], [139.44454, 36.25697], [139.4438, 36.25704], [139.44352, 36.25707], [139.44336, 36.2571], [139.44265, 36.25718], [139.44228, 36.25721], [139.44224, 36.25723], [139.44119, 36.25734], [139.4401, 36.25746], [139.43919, 36.25759], [139.43859, 36.25766], [139.43771, 36.25778], [139.43693, 36.2579], [139.43686, 36.25792], [139.43671, 36.25794], [139.43638, 36.258], [139.43624, 36.25802], [139.43571, 36.25812], [139.43533, 36.25819], [139.43514, 36.25824], [139.43506, 36.25826], [139.43492, 36.25829], [139.43476, 36.25832], [139.43399, 36.2585], [139.4339, 36.25852], [139.43376, 36.25854], [139.43332, 36.25865], [139.43293, 36.25873], [139.43281, 36.25876], [139.43244, 36.25884], [139.4323, 36.25887], [139.43207, 36.25893], [139.43172, 36.259], [139.43157, 36.25903], [139.43142, 36.25907], [139.43089, 36.25919], [139.43041, 36.25929], [139.43014, 36.25935], [139.42991, 36.25941], [139.42982, 36.25943], [139.42944, 36.25951], [139.42932, 36.25954], [139.42903, 36.2596]]}, "properties": {"id": "TRACK_TOKYO_4145", "line_name": "小泉線", "station_group_ids": [], "mode": "private", "operator_id": "tobu", "line_color": "#1F78FF", "tags": ["tokyo", "track_centerline"]}}, {"type": "Feature", "bbox": [139.50501, 36.24903, 139.50613, 36.24913], "geometry": {"type": "LineString", "coordinates": [[139.50613, 36.24913], [139.50501, 36.24903]]}, "properties": {"id": "TRACK_TOKYO_4146", "line_name": "小泉線", "station_group_ids": [], "mode": "private", "operator_id": "tobu", "line_color": "#1F78FF", "tags": ["tokyo", "track_centerline"]}}, {"type": "Feature", "bbox": [139.42548, 36.25983, 139.42809, 36.2604], "geometry": {"type": "LineString", "coordinates": [[139.42809, 36.25983], [139.42787, 36.25988], [139.42783, 36.25989], [139.42776, 36.2599], [139.42722, 36.26002], [139.42698, 36.26007], [139.42685, 36.2601], [139.42665, 36.26014], [139.42652, 36.26017], [139.42646, 36.26018], [139.42598, 36.26028], [139.42548, 36.2604]]}, "properties": {"id": "TRACK_TOKYO_4147", "line_name": "小泉線", "station_group_ids": [], "mode": "private", "operator_id": "tobu", "line_color": "#1F78FF", "tags": ["tokyo", "track_centerline"]}}, {"type": "Feature", "bbox": [139.40881, 36.25925, 139.41975, 36.26267], "geometry": {"type": "LineString", "coordinates": [[139.41975, 36.26164], [139.41916, 36.26176], [139.41694, 36.26222], [139.41641, 36.26233], [139.4163, 36.26235], [139.41574, 36.26246], [139.41566, 36.26249], [139.41504, 36.2626], [139.41464, 36.26266], [139.41387, 36.26267], [139.41356, 36.26264], [139.41315, 36.2626], [139.41261, 36.26251], [139.41258, 36.2625], [139.41255, 36.2625], [139.41222, 36.26242], [139.4118, 36.2623], [139.41165, 36.26225], [139.41154, 36.2622], [139.41151, 36.26219], [139.41138, 36.26214], [139.41101, 36.26196], [139.41067, 36.26175], [139.41063, 36.26174], [139.41028, 36.26144], [139.41017, 36.26132], [139.40996, 36.26111], [139.40976, 36.26089], [139.40951, 36.26053], [139.40939, 36.26032], [139.40935, 36.26027], [139.40905, 36.25973], [139.40899, 36.2596], [139.40897, 36.25957], [139.40882, 36.25929], [139.40881, 36.25925]]}, "properties": {"id": "TRACK_TOKYO_4148", "line_name": "小泉線", "station_group_ids": [], "mode": "private", "operator_id": "tobu", "line_color": "#1F78FF", "tags": ["tokyo", "track_centerline"]}}, {"type": "Feature", "bbox": [139.40872, 36.27851, 139.40948, 36.27919], "geometry": {"type": "LineString", "coordinates": [[139.40948, 36.27851], [139.40872, 36.27919]]}, "properties": {"id": "TRACK_TOKYO_4149", "line_name": "小泉線", "station_group_ids": [], "mode": "private", "operator_id": "tobu", "line_color": "#1F78FF", "tags": ["tokyo", "track_centerline"]}}, {"type": "Feature", "bbox": [139.40821, 36.25808, 139.40881, 36.25925], "geometry": {"type": "LineString", "coordinates": [[139.40881, 36.25925], [139.40821, 36.25808]]}, "properties": {"id": "TRACK_TOKYO_4150", "line_name": "小泉線", "station_group_ids": [], "mode": "private", "operator_id": "tobu", "line_color": "#1F78FF", "tags": ["tokyo", "track_centerline"]}}, {"type": "Feature", "bbox": [139.47001, 36.24786, 139.50501, 36.25847], "geometry": {"type": "LineString", "coordinates": [[139.50501, 36.24903], [139.50427, 36.24896], [139.50264, 36.2488], [139.50056, 36.24863], [139.49969, 36.24854], [139.49765, 36.24835], [139.49677, 36.24827], [139.49364, 36.24808], [139.49302, 36.24804], [139.49228, 36.248], [139.49207, 36.24799], [139.49186, 36.24798], [139.49163, 36.24797], [139.4915, 36.24796], [139.49086, 36.24793], [139.48971, 36.24788], [139.48893, 36.24786], [139.48826, 36.24786], [139.48802, 36.24789], [139.48782, 36.24794], [139.48751, 36.24804], [139.48721, 36.24814], [139.48703, 36.24819], [139.48647, 36.24838], [139.48587, 36.24858], [139.48425, 36.24912], [139.48329, 36.24944], [139.48326, 36.24945], [139.48293, 36.24956], [139.47868, 36.25098], [139.47721, 36.25148], [139.47673, 36.25165], [139.47648, 36.25177], [139.47627, 36.25189], [139.47601, 36.2521], [139.47565, 36.25258], [139.47527, 36.25316], [139.47521, 36.25328], [139.47475, 36.25439], [139.47434, 36.25528], [139.47423, 36.2555], [139.47413, 36.25572], [139.47402, 36.25594], [139.47393, 36.25611], [139.47359, 36.25663], [139.47347, 36.25679], [139.47339, 36.25689], [139.47325, 36.25706], [139.47281, 36.25755], [139.47258, 36.25777], [139.47229, 36.25799], [139.47208, 36.2581], [139.47202, 36.25815], [139.47189, 36.2582], [139.47179, 36.25825], [139.47161, 36.25831], [139.47128, 36.25838], [139.47087, 36.25844], [139.47059, 36.25847], [139.47048, 36.25847], [139.47039, 36.25847], [139.47001, 36.25845]]}, "properties": {"id": "TRACK_TOKYO_4151", "line_name": "小泉線", "station_group_ids": [], "mode": "private", "operator_id": "tobu", "line_color": "#1F78FF", "tags": ["tokyo", "track_centerline"]}}, {"type": "Feature", "bbox": [139.4452, 36.25673, 139.44698, 36.2569], "geometry": {"type": "LineString", "coordinates": [[139.44698, 36.25673], [139.4452, 36.2569]]}, "properties": {"id": "TRACK_TOKYO_4152", "line_name": "小泉線", "station_group_ids": [], "mode": "private", "operator_id": "tobu", "line_color": "#1F78FF", "tags": ["tokyo", "track_centerline"]}}, {"type": "Feature", "bbox": [139.5276, 36.24573, 139.52802, 36.24746], "geometry": {"type": "LineString", "coordinates": [[139.52802, 36.24573], [139.52787, 36.24638], [139.52773, 36.24689], [139.5276, 36.24746]]}, "properties": {"id": "TRACK_TOKYO_4153", "line_name": "小泉線", "station_group_ids": [], "mode": "private", "operator_id": "tobu", "line_color": "#1F78FF", "tags": ["tokyo", "track_centerline"]}}, {"type": "Feature", "bbox": [139.5257, 36.24746, 139.5276, 36.24996], "geometry": {"type": "LineString", "coordinates": [[139.5276, 36.24746], [139.52749, 36.24776], [139.52731, 36.24804], [139.52723, 36.24817], [139.52693, 36.24855], [139.52654, 36.24903], [139.5257, 36.24996]]}, "properties": {"id": "TRACK_TOKYO_4154", "line_name": "小泉線", "station_group_ids": [], "mode": "private", "operator_id": "tobu", "line_color": "#1F78FF", "tags": ["tokyo", "track_centerline"]}}, {"type": "Feature", "bbox": [139.50613, 36.24913, 139.5257, 36.25071], "geometry": {"type": "LineString", "coordinates": [[139.5257, 36.24996], [139.52539, 36.25016], [139.525, 36.2504], [139.52465, 36.25055], [139.5243, 36.25065], [139.52386, 36.25071], [139.52362, 36.25071], [139.52308, 36.25069], [139.52252, 36.25065], [139.52152, 36.25057], [139.52079, 36.2505], [139.51993, 36.25042], [139.51866, 36.2503], [139.51714, 36.25016], [139.51647, 36.25009], [139.51529, 36.24999], [139.51281, 36.24976], [139.51129, 36.24961], [139.50896, 36.2494], [139.50752, 36.24927], [139.50613, 36.24913]]}, "properties": {"id": "TRACK_TOKYO_4155", "line_name": "小泉線", "station_group_ids": [], "mode": "private", "operator_id": "tobu", "line_color": "#1F78FF", "tags": ["tokyo", "track_centerline"]}}, {"type": "Feature", "bbox": [139.40948, 36.2604, 139.42548, 36.27851], "geometry": {"type": "LineString", "coordinates": [[139.40948, 36.27851], [139.4099, 36.27814], [139.41115, 36.27699], [139.41154, 36.27667], [139.41179, 36.27648], [139.41211, 36.27625], [139.41243, 36.27605], [139.41309, 36.27566], [139.41401, 36.27512], [139.41419, 36.27502], [139.41429, 36.27497], [139.41441, 36.27489], [139.41502, 36.27454], [139.41524, 36.27441], [139.41563, 36.27418], [139.41606, 36.27392], [139.41633, 36.27377], [139.41639, 36.27373], [139.41645, 36.2737], [139.41652, 36.27366], [139.41699, 36.27339], [139.41763, 36.27304], [139.41779, 36.27293], [139.41815, 36.27274], [139.41874, 36.27241], [139.41957, 36.27193], [139.41989, 36.27175], [139.42053, 36.27138], [139.42075, 36.27124], [139.42079, 36.27121], [139.42085, 36.27117], [139.42096, 36.27109], [139.42107, 36.27101], [139.42114, 36.27095], [139.42121, 36.2709], [139.4213, 36.27081], [139.42151, 36.27061], [139.42168, 36.27042], [139.42177, 36.27028], [139.42185, 36.27017], [139.42194, 36.26999], [139.42201, 36.2698], [139.42212, 36.2695], [139.42216, 36.2694], [139.42222, 36.26924], [139.42231, 36.26887], [139.42233, 36.26868], [139.42234, 36.26851], [139.42234, 36.26824], [139.42235, 36.26819], [139.42235, 36.26802], [139.42238, 36.26667], [139.42242, 36.26543], [139.42245, 36.2646], [139.42245, 36.26458], [139.42245, 36.26455], [139.42248, 36.26375], [139.42248, 36.26372], [139.42249, 36.26365], [139.42251, 36.26328], [139.42258, 36.26295], [139.4226, 36.2629], [139.42262, 36.26285], [139.42268, 36.26272], [139.42271, 36.26266], [139.42273, 36.26262], [139.42277, 36.26253], [139.4229, 36.2623], [139.42299, 36.26216], [139.42303, 36.26209], [139.42314, 36.26192], [139.4232, 36.26183], [139.42326, 36.26175], [139.42328, 36.26172], [139.42333, 36.26167], [139.42346, 36.26152], [139.42348, 36.2615], [139.4237, 36.26132], [139.42399, 36.26111], [139.42418, 36.26099], [139.4244, 36.26088], [139.42473, 36.26071], [139.42508, 36.26058], [139.42548, 36.2604]]}, "properties": {"id": "TRACK_TOKYO_4156", "line_name": "小泉線", "station_group_ids": [], "mode": "private", "operator_id": "tobu", "line_color": "#1F78FF", "tags": ["tokyo", "track_centerline"]}}, {"type": "Feature", "bbox": [139.46907, 36.25844, 139.47001, 36.25845], "geometry": {"type": "LineString", "coordinates": [[139.47001, 36.25845], [139.46907, 36.25844]]}, "properties": {"id": "TRACK_TOKYO_4157", "line_name": "小泉線", "station_group_ids": [], "mode": "private", "operator_id": "tobu", "line_color": "#1F78FF", "tags": ["tokyo", "track_centerline"]}}, {"type": "Feature", "bbox": [139.42075, 36.2604, 139.42548, 36.26142], "geometry": {"type": "LineString", "coordinates": [[139.42075, 36.26142], [139.42438, 36.26063], [139.42445, 36.26061], [139.42447, 36.26061], [139.42498, 36.2605], [139.42548, 36.2604]]}, "properties": {"id": "TRACK_TOKYO_4158", "line_name": "小泉線", "station_group_ids": [], "mode": "private", "operator_id": "tobu", "line_color": "#1F78FF", "tags": ["tokyo", "track_centerline"]}}, {"type": "Feature", "bbox": [139.38057, 36.27919, 139.40872, 36.29378], "geometry": {"type": "LineString", "coordinates": [[139.40872, 36.27919], [139.40858, 36.27932], [139.40679, 36.28087], [139.40667, 36.28099], [139.40654, 36.2811], [139.40609, 36.2815], [139.406, 36.28157], [139.40512, 36.28233], [139.40503, 36.28243], [139.40492, 36.28252], [139.40475, 36.28267], [139.4045, 36.28289], [139.40416, 36.28317], [139.40369, 36.28354], [139.40328, 36.28382], [139.40307, 36.28395], [139.40261, 36.28418], [139.40258, 36.2842], [139.40199, 36.28449], [139.40155, 36.28471], [139.40139, 36.28479], [139.40113, 36.28493], [139.40036, 36.28532], [139.39998, 36.28552], [139.39962, 36.2857], [139.39939, 36.28583], [139.39828, 36.28639], [139.39744, 36.28683], [139.39738, 36.28686], [139.39713, 36.28699], [139.39679, 36.28716], [139.39664, 36.28723], [139.39645, 36.28733], [139.39568, 36.28771], [139.39552, 36.28779], [139.39548, 36.28781], [139.39484, 36.28812], [139.39476, 36.28817], [139.39437, 36.28837], [139.39376, 36.28869], [139.39368, 36.28874], [139.39336, 36.2889], [139.39273, 36.28922], [139.3927, 36.28923], [139.39234, 36.28943], [139.39181, 36.28976], [139.39179, 36.28977], [139.39126, 36.29003], [139.39081, 36.29025], [139.39071, 36.2903], [139.39012, 36.29061], [139.38971, 36.29086], [139.38937, 36.2911], [139.38865, 36.29166], [139.38788, 36.29228], [139.38742, 36.29264], [139.38691, 36.29301], [139.38659, 36.29322], [139.38633, 36.29335], [139.38606, 36.29345], [139.38593, 36.29349], [139.3858, 36.29353], [139.38542, 36.2936], [139.38531, 36.29362], [139.38511, 36.29365], [139.3848, 36.29369], [139.38447, 36.29372], [139.38406, 36.29373], [139.38393, 36.29373], [139.3837, 36.29374], [139.38332, 36.29375], [139.38299, 36.29377], [139.38245, 36.29378], [139.3811, 36.29378], [139.38057, 36.29378]]}, "properties": {"id": "TRACK_TOKYO_4159", "line_name": "小泉線", "station_group_ids": [], "mode": "private", "operator_id": "tobu", "line_color": "#1F78FF", "tags": ["tokyo", "track_centerline"]}}, {"type": "Feature", "bbox": [139.41975, 36.26142, 139.42075, 36.26164], "geometry": {"type": "LineString", "coordinates": [[139.42075, 36.26142], [139.41975, 36.26164]]}, "properties": {"id": "TRACK_TOKYO_4160", "line_name": "小泉線", "station_group_ids": [], "mode": "private", "operator_id": "tobu", "line_color": "#1F78FF", "tags": ["tokyo", "track_centerline"]}}, {"type": "Feature", "bbox": [139.44698, 36.2566, 139.46907, 36.25844], "geometry": {"type": "LineString", "coordinates": [[139.46907, 36.25844], [139.46899, 36.25843], [139.46835, 36.25841], [139.46704, 36.25835], [139.46681, 36.25834], [139.46672, 36.25835], [139.46671, 36.25834], [139.46585, 36.2583], [139.46456, 36.25823], [139.46421, 36.25821], [139.4639, 36.25819], [139.46385, 36.25818], [139.4637, 36.25817], [139.46361, 36.25815], [139.46329, 36.25812], [139.46187, 36.25795], [139.46091, 36.25783], [139.46052, 36.25779], [139.46042, 36.25777], [139.4603, 36.25777], [139.45975, 36.2577], [139.45888, 36.25761], [139.45835, 36.25754], [139.45798, 36.2575], [139.45683, 36.25738], [139.45678, 36.25737], [139.45671, 36.25737], [139.45567, 36.25725], [139.45557, 36.25724], [139.45467, 36.25713], [139.45423, 36.25708], [139.45363, 36.25702], [139.45351, 36.25701], [139.45271, 36.25692], [139.45235, 36.25688], [139.45209, 36.25684], [139.45189, 36.25681], [139.45166, 36.2568], [139.45097, 36.25671], [139.4505, 36.25666], [139.44971, 36.2566], [139.44878, 36.2566], [139.44869, 36.25661], [139.44818, 36.25663], [139.44816, 36.25663], [139.44782, 36.25666], [139.44738, 36.2567], [139.44698, 36.25673]]}, "properties": {"id": "TRACK_TOKYO_4161", "line_name": "小泉線", "station_group_ids": [], "mode": "private", "operator_id": "tobu", "line_color": "#1F78FF", "tags": ["tokyo", "track_centerline"]}}, {"type": "Feature", "bbox": [139.27714, 36.41939, 139.29753, 36.4275], "geometry": {"type": "LineString", "coordinates": [[139.29753, 36.41939], [139.29707, 36.41967], [139.29685, 36.4198], [139.29648, 36.42009], [139.29527, 36.42083], [139.29223, 36.42271], [139.2913, 36.4233], [139.28872, 36.42485], [139.28661, 36.42612], [139.28641, 36.42624], [139.28586, 36.42657], [139.28549, 36.42678], [139.28517, 36.42695], [139.28472, 36.42712], [139.28433, 36.42724], [139.28345, 36.42743], [139.28307, 36.42748], [139.28275, 36.4275], [139.28238, 36.42748], [139.28212, 36.42744], [139.28141, 36.4273], [139.27744, 36.42584], [139.27714, 36.42574]]}, "properties": {"id": "TRACK_TOKYO_4418", "line_name": "桐生線", "station_group_ids": [], "mode": "private", "operator_id": "tobu", "line_color": "#1F78FF", "tags": ["tokyo", "track_centerline"]}}, {"type": "Feature", "bbox": [139.29815, 36.41857, 139.2989, 36.41901], "geometry": {"type": "LineString", "coordinates": [[139.2989, 36.41857], [139.29855, 36.41877], [139.29815, 36.41901]]}, "properties": {"id": "TRACK_TOKYO_4419", "line_name": "桐生線", "station_group_ids": [], "mode": "private", "operator_id": "tobu", "line_color": "#1F78FF", "tags": ["tokyo", "track_centerline"]}}, {"type": "Feature", "bbox": [139.51830025178, 36.3151462814725, 139.51861138608336, 36.31518517326042], "geometry": {"type": "LineString", "coordinates": [[139.51830025178, 36.3151462814725], [139.51861138608336, 36.31518517326042]]}, "properties": {"id": "TRACK_TOKYO_4557", "line_name": "両毛線", "station_group_ids": [], "mode": "rail", "operator_id": "jr_east", "line_color": "#E49F00", "tags": ["tokyo", "track_centerline"]}}, {"type": "Feature", "bbox": [139.51861138608336, 36.31518517326042, 139.52788, 36.31622], "geometry": {"type": "LineString", "coordinates": [[139.51861138608336, 36.31518517326042], [139.51889, 36.31522], [139.51945, 36.3153], [139.52024, 36.3154], [139.52179, 36.31561], [139.52314, 36.31582], [139.5244, 36.316], [139.52506, 36.31609], [139.52576, 36.31617], [139.5267, 36.31622], [139.52788, 36.31619]]}, "properties": {"id": "TRACK_TOKYO_4558", "line_name": "両毛線", "station_group_ids": [], "mode": "rail", "operator_id": "jr_east", "line_color": "#E49F00", "tags": ["tokyo", "track_centerline"]}}, {"type": "Feature", "bbox": [139.29753, 36.41901, 139.29815, 36.41939], "geometry": {"type": "LineString", "coordinates": [[139.29815, 36.41901], [139.29794, 36.41914], [139.29753, 36.41939]]}, "properties": {"id": "TRACK_TOKYO_4611", "line_name": "桐生線", "station_group_ids": [], "mode": "private", "operator_id": "tobu", "line_color": "#1F78FF", "tags": ["tokyo", "track_centerline"]}}]}