{"type":"FeatureCollection","metadata":{"schema":"onichase.v4.japan_land_outline.v2","generatedAt":"2026-04-25T23:06:36.165938+00:00","sourceUrl":"https://github.com/wmgeolab/geoBoundaries/raw/9469f09/releaseData/gbOpen/JPN/ADM0/geoBoundaries-JPN-ADM0.geojson","metadataUrl":"https://www.geoboundaries.org/api/current/gbOpen/JPN/ADM0/","detailLevel":"overview","tolerance":0.018,"featureCount":1,"coordinateCount":23722},"features":[{"type":"Feature","geometry":{"type":"MultiPolygon","coordinates":[[[[123.766008,24.068409],[123.766027,24.069514],[123.7638,24.067418],[123.766008,24.068409]]],[[[123.766008,24.068409],[123.753079,24.053107],[123.784774,24.0459],[123.809306,24.064777],[123.766811,24.067596],[123.766008,24.068409]]],[[[123.768239,24.072854],[123.768597,24.072248],[123.770188,24.071435],[123.768239,24.072854]]],[[[123.569536,24.196493],[123.565347,24.195797],[123.564379,24.196391],[123.569536,24.196493]]],[[[123.934503,24.221388],[123.929212,24.220483],[123.927153,24.22078],[123.934503,24.221388]]],[[[123.954336,24.237334],[123.954416,24.239719],[123.952428,24.242154],[123.954336,24.237334]]],[[[141.470261,24.242072],[141.457843,24.224861],[141.471471,24.241911],[141.470261,24.242072]]],[[[124.016785,24.247027],[123.991008,24.24726],[124.010914,24.220611],[124.017622,24.247017],[124.016785,24.247027]]],[[[123.903232,24.293808],[123.902872,24.292997],[123.903408,24.292716],[123.903232,24.293808]]],[[[153.986072,24.281548],[153.986675,24.283183],[153.984962,24.290243],[153.986072,24.281548]]],[[[123.915893,24.32311],[123.914692,24.322841],[123.915059,24.322183],[123.915893,24.32311]]],[[[124.164752,24.330888],[124.163974,24.331708],[124.1632,24.331418],[124.164752,24.330888]]],[[[123.954403,24.331892],[123.952304,24.330052],[123.953728,24.330703],[123.954403,24.331892]]],[[[124.161291,24.331111],[124.156546,24.333093],[124.153288,24.334525],[124.161291,24.331111]]],[[[124.090364,24.338044],[124.081545,24.312543],[124.092366,24.336415],[124.090364,24.338044]]],[[[124.147233,24.344698],[124.145912,24.345707],[124.14661,24.344391],[124.147233,24.344698]]],[[[124.142863,24.347343],[124.143662,24.345124],[124.144745,24.344072],[124.142863,24.347343]]],[[[123.935214,24.34294],[123.936218,24.345117],[123.935672,24.346724],[123.935214,24.34294]]],[[[123.954403,24.331892],[124.0035,24.3273],[123.993581,24.347137],[123.953579,24.332357],[123.954403,24.331892]]],[[[124.040647,24.356616],[124.039766,24.355053],[124.040105,24.35402],[124.040647,24.356616]]],[[[123.731251,24.363013],[123.732705,24.363436],[123.733371,24.364605],[123.731251,24.363013]]],[[[124.00372,24.36112],[124.004277,24.362178],[124.001761,24.36533],[124.00372,24.36112]]],[[[123.943957,24.367374],[123.943051,24.368464],[123.942036,24.367617],[123.943957,24.367374]]],[[[123.725102,24.380124],[123.717933,24.377991],[123.714675,24.377993],[123.725102,24.380124]]],[[[123.867964,24.405613],[123.867432,24.405202],[123.868711,24.405099],[123.867964,24.405613]]],[[[123.772779,24.417828],[123.772087,24.419086],[123.771199,24.418776],[123.772779,24.417828]]],[[[123.820031,24.419209],[123.821764,24.418355],[123.820744,24.419433],[123.820031,24.419209]]],[[[123.820031,24.419209],[123.820113,24.420057],[123.81936,24.419515],[123.820031,24.419209]]],[[[123.809977,24.399677],[123.770261,24.436899],[123.742386,24.39003],[123.751578,24.312693],[123.703699,24.350123],[123.710237,24.314873],[123.686427,24.332722],[123.661696,24.308345],[123.68039,24.282579],[123.718335,24.278009],[123.723735,24.299617],[123.880578,24.256239],[123.93993,24.364914],[123.872777,24.404038],[123.810628,24.398219],[123.809977,24.399677]],[[123.809977,24.399677],[123.809145,24.40098],[123.809692,24.401893],[123.809977,24.399677]]],[[[123.77744,24.438182],[123.776811,24.438078],[123.775992,24.437748],[123.77744,24.438182]]],[[[124.259393,24.445163],[124.258833,24.445597],[124.258663,24.44502],[124.259393,24.445163]]],[[[124.118946,24.452076],[124.117396,24.451969],[124.117374,24.448871],[124.118946,24.452076]]],[[[124.144916,24.461343],[124.144233,24.460986],[124.144477,24.460204],[124.144916,24.461343]]],[[[124.146662,24.460902],[124.147248,24.461867],[124.14637,24.461734],[124.146662,24.460902]]],[[[124.152542,24.454912],[124.152763,24.456751],[124.148436,24.462129],[124.152542,24.454912]]],[[[124.147456,24.463182],[124.146537,24.465185],[124.146001,24.463623],[124.147456,24.463182]]],[[[123.822698,24.467539],[123.820711,24.465075],[123.822448,24.466667],[123.822698,24.467539]]],[[[131.188375,24.461339],[131.189538,24.461519],[131.190431,24.461909],[131.188375,24.461339]]],[[[123.003492,24.472766],[123.001283,24.472621],[123.000373,24.473273],[123.003492,24.472766]]],[[[123.003492,24.472766],[122.940025,24.44417],[123.010569,24.436707],[123.043643,24.461109],[123.00478,24.474184],[123.003492,24.472766]]],[[[123.822698,24.467539],[123.824786,24.468133],[123.826382,24.471721],[123.822698,24.467539]]],[[[124.117529,24.484437],[124.11679,24.48488],[124.11541,24.484954],[124.117529,24.484437]]],[[[124.339966,24.604827],[124.340792,24.604536],[124.340577,24.605194],[124.339966,24.604827]]],[[[124.339966,24.604827],[124.311779,24.609737],[124.278797,24.507077],[124.228308,24.498704],[124.223005,24.455437],[124.139976,24.442405],[124.117691,24.482386],[124.11966,24.446679],[124.07823,24.45442],[124.069845,24.429185],[124.14335,24.413299],[124.110953,24.365492],[124.145393,24.337107],[124.238769,24.346237],[124.252413,24.466774],[124.34024,24.604248],[124.339966,24.604827]],[[124.162638,24.333348],[124.162788,24.33409],[124.164116,24.333492],[124.162638,24.333348]]],[[[124.317775,24.616421],[124.318507,24.616958],[124.318041,24.618],[124.317775,24.616421]]],[[[124.730208,24.642059],[124.728301,24.644128],[124.731352,24.639742],[124.730208,24.642059]]],[[[124.696785,24.677297],[124.670846,24.660704],[124.687245,24.638246],[124.727921,24.653825],[124.706057,24.675088],[124.696785,24.677297]]],[[[125.250933,24.72819],[125.244522,24.731297],[125.241891,24.731652],[125.250933,24.72819]]],[[[125.295276,24.733222],[125.294913,24.732534],[125.295579,24.732266],[125.295276,24.733222]]],[[[124.705505,24.748503],[124.704252,24.754129],[124.701241,24.754383],[124.705505,24.748503]]],[[[125.281497,24.765023],[125.27986,24.765566],[125.281781,24.763106],[125.281497,24.765023]]],[[[125.272592,24.774263],[125.272093,24.773713],[125.272969,24.772939],[125.272592,24.774263]]],[[[125.258752,24.780418],[125.258173,24.7804],[125.259943,24.777729],[125.258752,24.780418]]],[[[141.286023,24.798481],[141.286252,24.799704],[141.286965,24.80316],[141.286023,24.798481]]],[[[125.222554,24.806381],[125.221631,24.806712],[125.224383,24.804783],[125.222554,24.806381]]],[[[125.269183,24.809107],[125.269494,24.810824],[125.26756,24.806227],[125.269183,24.809107]]],[[[141.343996,24.792994],[141.322895,24.812589],[141.285895,24.788693],[141.285825,24.745879],[141.34618,24.782301],[141.343996,24.792994]]],[[[141.330006,24.812132],[141.329116,24.812807],[141.328929,24.812094],[141.330006,24.812132]]],[[[125.27993,24.817891],[125.278949,24.818477],[125.279138,24.817866],[125.27993,24.817891]]],[[[125.278949,24.818477],[125.278726,24.819731],[125.276638,24.818076],[125.278949,24.818477]]],[[[125.284,24.853606],[125.283511,24.854072],[125.284102,24.850932],[125.284,24.853606]]],[[[125.283577,24.856741],[125.283326,24.857346],[125.282501,24.85659],[125.283577,24.856741]]],[[[125.212712,24.841059],[125.163274,24.865417],[125.134972,24.824208],[125.205403,24.803967],[125.213155,24.839194],[125.212712,24.841059]],[[125.157576,24.834264],[125.156615,24.834443],[125.157384,24.835948],[125.157576,24.834264]],[[125.165898,24.822332],[125.164965,24.824248],[125.164448,24.824789],[125.165898,24.822332]],[[125.164448,24.824789],[125.162327,24.826589],[125.161008,24.829161],[125.164448,24.824789]],[[125.15916,24.830477],[125.158416,24.830212],[125.158468,24.831874],[125.15916,24.830477]],[[125.16263,24.828286],[125.163956,24.828069],[125.164382,24.827223],[125.16263,24.828286]],[[125.165956,24.823495],[125.167422,24.823712],[125.168688,24.821841],[125.165956,24.823495]],[[125.212712,24.841059],[125.211974,24.841977],[125.212612,24.84217],[125.212712,24.841059]]],[[[125.296436,24.878054],[125.297166,24.878809],[125.296207,24.878796],[125.296436,24.878054]]],[[[125.286835,24.884506],[125.287276,24.884135],[125.287853,24.884547],[125.286835,24.884506]]],[[[125.286835,24.884506],[125.285775,24.884945],[125.285066,24.884889],[125.286835,24.884506]]],[[[125.285066,24.884889],[125.284616,24.885236],[125.284713,24.884364],[125.285066,24.884889]]],[[[125.286018,24.888009],[125.285786,24.887466],[125.286803,24.887458],[125.286018,24.888009]]],[[[125.306745,24.913456],[125.306438,24.912666],[125.307225,24.912142],[125.306745,24.913456]]],[[[125.296436,24.878054],[125.255128,24.910139],[125.296519,24.846281],[125.255892,24.802565],[125.285143,24.753165],[125.252508,24.756401],[125.308793,24.711579],[125.46935,24.718822],[125.335204,24.798919],[125.297074,24.877962],[125.296436,24.878054]],[[125.258972,24.795709],[125.260766,24.797229],[125.259731,24.795825],[125.258972,24.795709]],[[125.262034,24.801167],[125.262833,24.800049],[125.261432,24.801206],[125.262034,24.801167]]],[[[125.306745,24.913456],[125.308317,24.913182],[125.310826,24.915866],[125.306745,24.913456]]],[[[125.248614,24.926044],[125.247891,24.925606],[125.248569,24.92524],[125.248614,24.926044]]],[[[125.248614,24.926044],[125.2489,24.926631],[125.250942,24.924638],[125.248614,24.926044]]],[[[125.359604,24.980115],[125.358828,24.979953],[125.359591,24.979303],[125.359604,24.980115]]],[[[141.287648,25.42077],[141.28244,25.44881],[141.281776,25.418924],[141.287648,25.42077]]],[[[123.555645,25.720999],[123.554568,25.723474],[123.550374,25.725577],[123.555645,25.720999]]],[[[123.544743,25.726231],[123.544362,25.726973],[123.545139,25.72794],[123.544743,25.726231]]],[[[123.48385,25.749725],[123.481794,25.749994],[123.48039,25.750034],[123.48385,25.749725]]],[[[123.567685,25.75549],[123.566212,25.755269],[123.567189,25.754835],[123.567685,25.75549]]],[[[123.539889,25.779517],[123.539367,25.779116],[123.540512,25.778865],[123.539889,25.779517]]],[[[123.544939,25.781063],[123.543859,25.782142],[123.54352,25.780305],[123.544939,25.781063]]],[[[131.226802,25.870117],[131.213418,25.823889],[131.240424,25.813148],[131.273391,25.852926],[131.227811,25.870349],[131.226802,25.870117]],[[131.226802,25.870117],[131.227839,25.868955],[131.229832,25.869979],[131.226802,25.870117]]],[[[124.560965,25.922433],[124.559709,25.923283],[124.558957,25.923447],[124.560965,25.922433]]],[[[123.687724,25.923997],[123.687495,25.92485],[123.686853,25.925219],[123.687724,25.923997]]],[[[131.285902,25.961],[131.299474,25.930195],[131.331998,25.95067],[131.306217,25.955578],[131.285902,25.961]],[[131.295671,25.933239],[131.296261,25.933477],[131.297162,25.932745],[131.295671,25.933239]]],[[[127.661153,26.109001],[127.660156,26.109065],[127.659439,26.10941],[127.661153,26.109001]]],[[[127.659684,26.108547],[127.658623,26.109305],[127.65807,26.109579],[127.659684,26.108547]]],[[[127.761169,26.123996],[127.760279,26.123114],[127.762546,26.123425],[127.761169,26.123996]]],[[[127.775135,26.132013],[127.773219,26.132479],[127.771034,26.131492],[127.775135,26.132013]]],[[[127.656679,26.134581],[127.655768,26.135807],[127.656212,26.134247],[127.656679,26.134581]]],[[[127.65772,26.134821],[127.656775,26.136047],[127.656679,26.134581],[127.65772,26.134821]]],[[[127.658502,26.135236],[127.657778,26.136282],[127.65772,26.134821],[127.658502,26.135236]]],[[[127.658502,26.135236],[127.659068,26.135407],[127.658563,26.136467],[127.658502,26.135236]]],[[[127.342077,26.136696],[127.341635,26.137171],[127.340527,26.136379],[127.342077,26.136696]]],[[[127.639575,26.141586],[127.638028,26.142012],[127.63837,26.14141],[127.639575,26.141586]]],[[[127.810143,26.145045],[127.809613,26.146027],[127.807779,26.145228],[127.810143,26.145045]]],[[[127.345327,26.144484],[127.34611,26.144576],[127.346937,26.144973],[127.345327,26.144484]]],[[[127.270014,26.148073],[127.269358,26.147687],[127.269836,26.146396],[127.270014,26.148073]]],[[[127.850235,26.150548],[127.849411,26.150488],[127.850086,26.148911],[127.850235,26.150548]]],[[[127.268639,26.15072],[127.267821,26.150373],[127.268633,26.149772],[127.268639,26.15072]]],[[[127.289684,26.155017],[127.288722,26.154495],[127.289675,26.154067],[127.289684,26.155017]]],[[[127.882324,26.155787],[127.884227,26.152439],[127.885064,26.152077],[127.882324,26.155787]]],[[[127.273328,26.156652],[127.272369,26.157183],[127.271947,26.156407],[127.273328,26.156652]]],[[[127.290922,26.155965],[127.290141,26.156357],[127.291502,26.156878],[127.290922,26.155965]]],[[[127.292843,26.157739],[127.292165,26.157431],[127.292677,26.157239],[127.292843,26.157739]]],[[[127.273328,26.156652],[127.274437,26.156146],[127.274359,26.156807],[127.273328,26.156652]]],[[[127.273491,26.159696],[127.27266,26.158858],[127.273437,26.158359],[127.273491,26.159696]]],[[[127.29283,26.159079],[127.292721,26.16001],[127.291233,26.159608],[127.29283,26.159079]]],[[[127.88635,26.16014],[127.885283,26.160759],[127.884037,26.160163],[127.88635,26.16014]]],[[[127.232953,26.16104],[127.23335,26.162163],[127.232518,26.161528],[127.232953,26.16104]]],[[[127.339618,26.160929],[127.33983,26.161866],[127.33961,26.163372],[127.339618,26.160929]]],[[[127.347034,26.165794],[127.347233,26.166593],[127.34674,26.166837],[127.347034,26.165794]]],[[[127.341323,26.169472],[127.340803,26.168932],[127.341444,26.16886],[127.341323,26.169472]]],[[[127.88635,26.16014],[127.885701,26.158984],[127.884876,26.159309],[127.88635,26.16014]]],[[[127.790794,26.174486],[127.789696,26.173325],[127.789773,26.172724],[127.790794,26.174486]]],[[[127.292555,26.160825],[127.293415,26.162632],[127.294238,26.162767],[127.292555,26.160825]]],[[[127.286484,26.175838],[127.285879,26.176026],[127.286123,26.175371],[127.286484,26.175838]]],[[[127.229708,26.175655],[127.22917,26.176346],[127.228698,26.175652],[127.229708,26.175655]]],[[[127.273712,26.178891],[127.274489,26.177523],[127.274753,26.17808],[127.273712,26.178891]]],[[[127.827798,26.179454],[127.828572,26.179935],[127.827815,26.180183],[127.827798,26.179454]]],[[[127.237591,26.180466],[127.237274,26.179622],[127.234583,26.176469],[127.237591,26.180466]]],[[[127.273712,26.178891],[127.27413,26.179685],[127.27395,26.180572],[127.273712,26.178891]]],[[[127.237591,26.180466],[127.236769,26.182811],[127.236413,26.182117],[127.237591,26.180466]]],[[[127.273145,26.182934],[127.272943,26.183729],[127.271916,26.18365],[127.273145,26.182934]]],[[[127.274451,26.182087],[127.274871,26.184339],[127.276495,26.185588],[127.274451,26.182087]]],[[[127.286484,26.175838],[127.289454,26.176096],[127.290509,26.177076],[127.286484,26.175838]]],[[[127.776011,26.189927],[127.776107,26.190452],[127.775073,26.189867],[127.776011,26.189927]]],[[[127.776107,26.190452],[127.777273,26.190792],[127.776851,26.191082],[127.776107,26.190452]]],[[[127.810324,26.190055],[127.810472,26.191379],[127.809758,26.191605],[127.810324,26.190055]]],[[[127.274645,26.192535],[127.274232,26.193111],[127.274001,26.192106],[127.274645,26.192535]]],[[[127.380165,26.199149],[127.375901,26.199895],[127.375182,26.2002],[127.380165,26.199149]]],[[[127.297538,26.213039],[127.296847,26.212977],[127.297363,26.212416],[127.297538,26.213039]]],[[[127.291686,26.198445],[127.264764,26.198416],[127.29158,26.196693],[127.291686,26.198445]]],[[[127.268044,26.215317],[127.269085,26.215002],[127.269515,26.216034],[127.268044,26.215317]]],[[[127.268044,26.215317],[127.268549,26.216444],[127.268108,26.217092],[127.268044,26.215317]]],[[[127.266986,26.217518],[127.266607,26.216974],[127.267289,26.216765],[127.266986,26.217518]]],[[[127.31396,26.199931],[127.315146,26.200867],[127.316059,26.201586],[127.31396,26.199931]]],[[[127.295985,26.217188],[127.295468,26.218236],[127.294124,26.216752],[127.295985,26.217188]]],[[[127.661534,26.218574],[127.661462,26.219645],[127.660095,26.218167],[127.661534,26.218574]]],[[[127.28846,26.218975],[127.284543,26.220286],[127.284868,26.219609],[127.28846,26.218975]]],[[[127.249427,26.223053],[127.248894,26.223814],[127.247565,26.222741],[127.249427,26.223053]]],[[[127.369257,26.224276],[127.370843,26.224926],[127.370715,26.225631],[127.369257,26.224276]]],[[[127.454305,26.223487],[127.438538,26.201561],[127.455265,26.221272],[127.454305,26.223487]]],[[[127.347034,26.165794],[127.364255,26.157167],[127.374423,26.203797],[127.357167,26.226469],[127.348067,26.165697],[127.347034,26.165794]]],[[[127.285272,26.227019],[127.283034,26.226743],[127.283903,26.225451],[127.285272,26.227019]]],[[[127.335629,26.226193],[127.334679,26.227496],[127.332397,26.226808],[127.335629,26.226193]]],[[[127.452576,26.228393],[127.452879,26.229027],[127.451771,26.230692],[127.452576,26.228393]]],[[[127.45458,26.234772],[127.455066,26.236057],[127.453171,26.236153],[127.45458,26.234772]]],[[[127.369257,26.224276],[127.368323,26.22531],[127.371606,26.226934],[127.369257,26.224276]]],[[[127.369008,26.237831],[127.368477,26.238153],[127.368118,26.237025],[127.369008,26.237831]]],[[[127.367676,26.240477],[127.367332,26.24094],[127.367015,26.240099],[127.367676,26.240477]]],[[[127.457782,26.238499],[127.459374,26.239052],[127.459139,26.240395],[127.457782,26.238499]]],[[[127.937649,26.243171],[127.936865,26.244478],[127.933827,26.243192],[127.937649,26.243171]]],[[[127.942937,26.242631],[127.94357,26.243044],[127.944364,26.245095],[127.942937,26.242631]]],[[[127.334284,26.249238],[127.333625,26.248561],[127.334,26.248197],[127.334284,26.249238]]],[[[127.560819,26.250469],[127.558217,26.25021],[127.562843,26.249782],[127.560819,26.250469]]],[[[127.311102,26.249855],[127.280946,26.231109],[127.33314,26.228481],[127.311065,26.247547],[127.311102,26.249855]]],[[[127.403153,26.256604],[127.402328,26.255211],[127.401084,26.255476],[127.403153,26.256604]]],[[[127.399912,26.257495],[127.399539,26.257022],[127.400396,26.256638],[127.399912,26.257495]]],[[[127.942937,26.242631],[127.942209,26.243208],[127.94306,26.244814],[127.942937,26.242631]]],[[[127.584537,26.262106],[127.585082,26.263064],[127.584217,26.263611],[127.584537,26.262106]]],[[[127.578032,26.259048],[127.579403,26.260319],[127.578569,26.262303],[127.578032,26.259048]]],[[[127.948131,26.263772],[127.947855,26.265137],[127.94668,26.264509],[127.948131,26.263772]]],[[[127.554212,26.265589],[127.545813,26.266997],[127.541206,26.266327],[127.554212,26.265589]]],[[[126.820942,26.268746],[126.820344,26.269344],[126.819653,26.268952],[126.820942,26.268746]]],[[[127.731841,26.282361],[127.732367,26.283105],[127.730284,26.2829],[127.731841,26.282361]]],[[[127.91762,26.290116],[127.916244,26.290158],[127.916475,26.289026],[127.91762,26.290116]]],[[[127.981285,26.290242],[127.980197,26.290462],[127.979753,26.291517],[127.981285,26.290242]]],[[[126.816206,26.293168],[126.814584,26.294784],[126.814606,26.291694],[126.816206,26.293168]]],[[[127.907302,26.297786],[127.906018,26.295333],[127.907204,26.29677],[127.907302,26.297786]]],[[[127.846598,26.300564],[127.845469,26.298964],[127.846533,26.299493],[127.846598,26.300564]]],[[[127.756686,26.301181],[127.75582,26.301222],[127.755617,26.300419],[127.756686,26.301181]]],[[[127.846951,26.302074],[127.849286,26.301524],[127.849282,26.302685],[127.846951,26.302074]]],[[[127.992769,26.303182],[127.992815,26.304082],[127.992043,26.3045],[127.992769,26.303182]]],[[[127.846951,26.302074],[127.846709,26.303967],[127.844265,26.303977],[127.846951,26.302074]]],[[[127.960967,26.312562],[127.961791,26.311852],[127.962787,26.312517],[127.960967,26.312562]]],[[[127.847304,26.314492],[127.845371,26.3152],[127.846543,26.313722],[127.847304,26.314492]]],[[[127.928442,26.316911],[127.928081,26.317694],[127.927826,26.318421],[127.928442,26.316911]]],[[[127.960967,26.312562],[127.960265,26.313235],[127.961054,26.31401],[127.960967,26.312562]]],[[[127.939656,26.335783],[127.932577,26.332108],[127.930176,26.3319],[127.939656,26.335783]]],[[[126.855621,26.338081],[126.855289,26.339347],[126.854557,26.33959],[126.855621,26.338081]]],[[[126.730501,26.340757],[126.730469,26.340176],[126.734572,26.338697],[126.730501,26.340757]]],[[[126.865633,26.340027],[126.864299,26.340943],[126.858866,26.339691],[126.865633,26.340027]]],[[[126.750646,26.341904],[126.749725,26.341707],[126.750449,26.341415],[126.750646,26.341904]]],[[[126.834237,26.337305],[126.83163,26.338952],[126.831755,26.341056],[126.834237,26.337305]]],[[[126.84237,26.338406],[126.842877,26.340622],[126.842136,26.342255],[126.84237,26.338406]]],[[[126.729713,26.344357],[126.729896,26.343599],[126.730581,26.343884],[126.729713,26.344357]]],[[[126.729713,26.344357],[126.728781,26.345186],[126.729073,26.344307],[126.729713,26.344357]]],[[[126.878169,26.345218],[126.877127,26.345823],[126.876239,26.345034],[126.878169,26.345218]]],[[[126.872123,26.345329],[126.875819,26.345748],[126.872264,26.345865],[126.872123,26.345329]]],[[[126.839704,26.346821],[126.839121,26.346825],[126.838756,26.3462],[126.839704,26.346821]]],[[[126.837313,26.347128],[126.836752,26.347946],[126.835829,26.347204],[126.837313,26.347128]]],[[[126.728781,26.345186],[126.729945,26.346631],[126.728693,26.347105],[126.728781,26.345186]]],[[[127.946098,26.34866],[127.945603,26.349178],[127.943138,26.345031],[127.946098,26.34866]]],[[[126.896033,26.349594],[126.891511,26.350832],[126.887715,26.348184],[126.896033,26.349594]]],[[[126.896033,26.349594],[126.897961,26.350341],[126.897654,26.350953],[126.896033,26.349594]]],[[[126.898693,26.352214],[126.898819,26.350764],[126.902543,26.351063],[126.898693,26.352214]]],[[[126.825933,26.352113],[126.820956,26.35288],[126.82307,26.352065],[126.825933,26.352113]]],[[[126.730501,26.340757],[126.717857,26.347432],[126.711946,26.352037],[126.730501,26.340757]]],[[[127.153299,26.354222],[127.152768,26.353641],[127.153346,26.352838],[127.153299,26.354222]]],[[[126.709566,26.355854],[126.709184,26.358005],[126.707825,26.357412],[126.709566,26.355854]]],[[[126.930596,26.358041],[126.929357,26.357894],[126.930371,26.357206],[126.930596,26.358041]]],[[[126.708535,26.359223],[126.708333,26.359791],[126.707939,26.360119],[126.708535,26.359223]]],[[[127.138604,26.360565],[127.13813,26.360351],[127.138096,26.359828],[127.138604,26.360565]]],[[[127.969576,26.361582],[127.939656,26.335783],[127.969577,26.356135],[127.969576,26.361582]]],[[[127.966504,26.364063],[127.966168,26.364446],[127.965643,26.363737],[127.966504,26.364063]]],[[[127.877896,26.368319],[127.878275,26.369161],[127.877157,26.367846],[127.877896,26.368319]]],[[[127.875637,26.372746],[127.876712,26.369234],[127.877278,26.369102],[127.875637,26.372746]]],[[[127.153299,26.354222],[127.150472,26.381441],[127.151244,26.354926],[127.153299,26.354222]],[[127.139152,26.371154],[127.137742,26.369677],[127.137515,26.371101],[127.139152,26.371154]]],[[[127.986622,26.376034],[127.987413,26.377376],[127.987808,26.378133],[127.986622,26.376034]],[[127.986622,26.376034],[127.985173,26.376227],[127.985756,26.377162],[127.986622,26.376034]]],[[[127.104328,26.383389],[127.105298,26.386074],[127.105067,26.387041],[127.104328,26.383389]]],[[[126.814332,26.339132],[126.780004,26.390757],[126.708034,26.36255],[126.801243,26.292702],[126.816247,26.338697],[126.814332,26.339132]],[[126.713104,26.36592],[126.714136,26.368407],[126.714252,26.366766],[126.713104,26.36592]],[[126.814332,26.339132],[126.815527,26.338257],[126.815152,26.336887],[126.814332,26.339132]]],[[[128.001981,26.399851],[127.992784,26.383364],[128.003099,26.399347],[128.001981,26.399851]]],[[[127.832935,26.427618],[127.833103,26.423725],[127.833513,26.42591],[127.832935,26.427618]]],[[[127.952165,26.456126],[127.952198,26.456854],[127.951174,26.456987],[127.952165,26.456126]]],[[[127.83669,26.486435],[127.837342,26.487354],[127.835969,26.487851],[127.83669,26.486435]]],[[[127.839068,26.493199],[127.839411,26.494338],[127.838708,26.495096],[127.839068,26.493199]]],[[[127.863881,26.507446],[127.863201,26.507838],[127.86243,26.508318],[127.863881,26.507446]]],[[[127.873582,26.512456],[127.874006,26.511821],[127.874372,26.512258],[127.873582,26.512456]]],[[[127.869153,26.510734],[127.869856,26.511466],[127.868982,26.513108],[127.869153,26.510734]]],[[[127.873582,26.512456],[127.870812,26.51319],[127.870154,26.512976],[127.873582,26.512456]]],[[[128.059617,26.516128],[128.058841,26.516821],[128.057838,26.516275],[128.059617,26.516128]]],[[[128.061718,26.519224],[128.060332,26.520209],[128.059408,26.520542],[128.061718,26.519224]]],[[[128.100029,26.531559],[128.099351,26.533294],[128.097444,26.533824],[128.100029,26.531559]]],[[[127.928865,26.534826],[127.928514,26.535206],[127.928192,26.534248],[127.928865,26.534826]]],[[[142.152071,26.540928],[142.151557,26.540442],[142.15225,26.539972],[142.152071,26.540928]]],[[[142.155858,26.54072],[142.155177,26.5423],[142.154293,26.540206],[142.155858,26.54072]]],[[[142.14937,26.546984],[142.148985,26.546292],[142.149546,26.546282],[142.14937,26.546984]]],[[[142.14937,26.546984],[142.149631,26.547785],[142.149098,26.54752],[142.14937,26.546984]]],[[[128.062351,26.55055],[128.061652,26.550411],[128.061891,26.549575],[128.062351,26.55055]]],[[[128.063715,26.550762],[128.062881,26.550642],[128.063295,26.549833],[128.063715,26.550762]]],[[[142.208423,26.55061],[142.20792,26.553489],[142.207093,26.551281],[142.208423,26.55061]]],[[[128.142068,26.553663],[128.14161,26.553956],[128.141547,26.553352],[128.142068,26.553663]]],[[[142.16182,26.563646],[142.161684,26.564402],[142.161201,26.563584],[142.16182,26.563646]]],[[[142.216645,26.563403],[142.201796,26.552976],[142.217066,26.562861],[142.216645,26.563403]]],[[[142.160366,26.564854],[142.159289,26.564119],[142.160043,26.563273],[142.160366,26.564854]]],[[[142.154575,26.564984],[142.152846,26.564252],[142.151559,26.562255],[142.154575,26.564984]]],[[[142.213642,26.566241],[142.212807,26.566615],[142.212494,26.56585],[142.213642,26.566241]]],[[[128.151255,26.568261],[128.150949,26.567335],[128.151325,26.566929],[128.151255,26.568261]]],[[[142.226941,26.57288],[142.226126,26.572839],[142.226783,26.572195],[142.226941,26.57288]]],[[[142.238293,26.570412],[142.235238,26.570814],[142.230673,26.575649],[142.238293,26.570412]]],[[[142.231407,26.57707],[142.230441,26.576717],[142.2314,26.575617],[142.231407,26.57707]]],[[[127.232611,26.578082],[127.232987,26.577465],[127.234343,26.577389],[127.232611,26.578082]]],[[[142.232949,26.578782],[142.231994,26.579622],[142.230987,26.579045],[142.232949,26.578782]]],[[[142.230996,26.579681],[142.230147,26.579656],[142.230253,26.578974],[142.230996,26.579681]]],[[[142.161633,26.582826],[142.161169,26.582478],[142.161584,26.581957],[142.161633,26.582826]]],[[[142.158552,26.583265],[142.158058,26.582299],[142.159265,26.582533],[142.158552,26.583265]]],[[[127.981007,26.585848],[127.981437,26.585487],[127.981823,26.585822],[127.981007,26.585848]]],[[[142.152512,26.587324],[142.151965,26.587122],[142.152417,26.586711],[142.152512,26.587324]]],[[[142.158552,26.583265],[142.159074,26.584389],[142.160288,26.584431],[142.158552,26.583265]]],[[[142.163651,26.589309],[142.162963,26.58894],[142.163771,26.587912],[142.163651,26.589309]]],[[[142.165506,26.592303],[142.163819,26.592892],[142.163399,26.591665],[142.165506,26.592303]]],[[[142.169029,26.593665],[142.169131,26.595124],[142.168508,26.595668],[142.169029,26.593665]]],[[[126.832659,26.595688],[126.830143,26.595107],[126.829414,26.593051],[126.832659,26.595688]]],[[[127.244747,26.596369],[127.243292,26.596064],[127.243977,26.595117],[127.244747,26.596369]]],[[[127.244747,26.596369],[127.245317,26.595593],[127.24594,26.5959],[127.244747,26.596369]]],[[[142.124103,26.597579],[142.123154,26.597407],[142.123606,26.597075],[142.124103,26.597579]]],[[[142.124439,26.598816],[142.123789,26.599298],[142.123581,26.598617],[142.124439,26.598816]]],[[[142.175402,26.600436],[142.174585,26.600122],[142.175278,26.599261],[142.175402,26.600436]]],[[[142.176546,26.600838],[142.176007,26.600789],[142.176483,26.600212],[142.176546,26.600838]]],[[[142.173876,26.600753],[142.173573,26.601525],[142.17337,26.600356],[142.173876,26.600753]]],[[[127.232611,26.578082],[127.231291,26.602066],[127.208446,26.575226],[127.231832,26.579229],[127.232611,26.578082]]],[[[142.176742,26.602955],[142.175486,26.602203],[142.1758,26.601737],[142.176742,26.602955]]],[[[142.176742,26.602955],[142.177294,26.602902],[142.177916,26.603123],[142.176742,26.602955]]],[[[142.132016,26.610509],[142.131057,26.610625],[142.130001,26.610411],[142.132016,26.610509]]],[[[142.127047,26.611006],[142.126333,26.611242],[142.126037,26.61024],[142.127047,26.611006]]],[[[142.127047,26.611006],[142.127129,26.612008],[142.126201,26.611845],[142.127047,26.611006]]],[[[142.175807,26.616734],[142.175152,26.616909],[142.174791,26.616126],[142.175807,26.616734]]],[[[142.184801,26.622205],[142.184542,26.623218],[142.183569,26.622299],[142.184801,26.622205]]],[[[128.165411,26.628368],[128.165375,26.627606],[128.166041,26.627609],[128.165411,26.628368]]],[[[128.035477,26.638977],[128.03537,26.641055],[128.03365,26.641371],[128.035477,26.638977]]],[[[127.814978,26.650744],[127.815228,26.651199],[127.812797,26.650689],[127.814978,26.650744]]],[[[127.992326,26.651505],[127.990933,26.651034],[127.992146,26.649391],[127.992326,26.651505]]],[[[142.146057,26.652995],[142.145504,26.653623],[142.14444,26.653247],[142.146057,26.652995]]],[[[127.872875,26.646901],[127.874471,26.648685],[127.871455,26.65206],[127.872875,26.646901]]],[[[127.998305,26.655787],[127.997378,26.655345],[127.998566,26.654998],[127.998305,26.655787]]],[[[142.166867,26.659359],[142.166943,26.660414],[142.16631,26.660342],[142.166867,26.659359]]],[[[128.104017,26.667935],[128.10166,26.669909],[128.100709,26.669736],[128.104017,26.667935]]],[[[128.024704,26.672929],[128.024654,26.671637],[128.025344,26.671771],[128.024704,26.672929]]],[[[128.024704,26.672929],[128.024366,26.673632],[128.022355,26.673062],[128.024704,26.672929]]],[[[128.020691,26.678647],[127.993564,26.6602],[128.033208,26.645281],[128.021584,26.677263],[128.020691,26.678647]]],[[[127.999755,26.691328],[128.000575,26.692144],[128.000011,26.692271],[127.999755,26.691328]]],[[[128.000011,26.692271],[127.997952,26.692858],[127.997718,26.692338],[128.000011,26.692271]]],[[[142.14786,26.694234],[142.147728,26.692139],[142.148314,26.693626],[142.14786,26.694234]]],[[[127.809955,26.706007],[127.809129,26.705381],[127.809975,26.705384],[127.809955,26.706007]]],[[[142.142268,26.709863],[142.141668,26.709752],[142.142012,26.709341],[142.142268,26.709863]]],[[[128.301028,26.711211],[128.300745,26.711855],[128.300405,26.710688],[128.301028,26.711211]]],[[[127.877958,26.711632],[127.876914,26.712075],[127.877821,26.711087],[127.877958,26.711632]]],[[[142.14786,26.694234],[142.122451,26.706694],[142.178475,26.607566],[142.189156,26.659303],[142.146154,26.693779],[142.14786,26.694234]]],[[[128.01841,26.714362],[128.016667,26.714494],[128.014529,26.713602],[128.01841,26.714362]]],[[[142.121633,26.715673],[142.121875,26.716697],[142.121452,26.716284],[142.121633,26.715673]]],[[[142.121633,26.715673],[142.122905,26.716275],[142.123176,26.716802],[142.121633,26.715673]]],[[[127.809955,26.706007],[127.831414,26.718925],[127.811186,26.73805],[127.759068,26.737461],[127.754531,26.710714],[127.808499,26.705927],[127.809955,26.706007]]],[[[128.335219,26.745653],[128.334467,26.746647],[128.334934,26.747541],[128.335219,26.745653]]],[[[128.176966,26.749204],[128.1774,26.75006],[128.176151,26.749115],[128.176966,26.749204]]],[[[128.326009,26.781307],[128.326512,26.780882],[128.326411,26.781779],[128.326009,26.781307]]],[[[128.295817,26.8454],[128.295302,26.845662],[128.295523,26.844941],[128.295817,26.8454]]],[[[128.326009,26.781307],[128.305908,26.844727],[128.256665,26.875187],[128.231983,26.797989],[128.098627,26.680606],[128.123287,26.660229],[128.024491,26.627413],[127.982594,26.649277],[127.999755,26.691328],[127.8799,26.709969],[127.894866,26.606602],[127.979933,26.588345],[127.975966,26.558967],[127.844031,26.503969],[127.798523,26.437057],[127.711395,26.440474],[127.757927,26.297745],[127.668819,26.250682],[127.683498,26.224113],[127.630459,26.206185],[127.63118,26.178748],[127.641065,26.2018],[127.647296,26.15327],[127.669267,26.152159],[127.647965,26.145304],[127.668587,26.132241],[127.657653,26.081622],[127.724847,26.09024],[127.831126,26.166772],[127.821158,26.191636],[127.777813,26.172495],[127.760634,26.20235],[127.838047,26.331269],[127.862084,26.34467],[127.922223,26.295513],[127.830708,26.43213],[127.869797,26.457609],[127.949017,26.437549],[127.950866,26.47223],[128.001266,26.483324],[127.994625,26.507626],[128.053114,26.520441],[128.042499,26.559466],[128.094803,26.534186],[128.138436,26.55341],[128.123485,26.603211],[128.151734,26.597892],[128.151796,26.630278],[128.238648,26.632328],[128.325811,26.780808],[128.326009,26.781307]],[[127.952474,26.597765],[127.950442,26.600741],[127.951642,26.599852],[127.952474,26.597765]],[[127.769851,26.444529],[127.770258,26.444073],[127.76939,26.443747],[127.769851,26.444529]],[[127.758993,26.433786],[127.7588,26.432565],[127.757578,26.432985],[127.758993,26.433786]],[[127.726161,26.273961],[127.726627,26.275153],[127.727216,26.274532],[127.726161,26.273961]],[[127.786613,26.171134],[127.785442,26.171897],[127.78542,26.173011],[127.786613,26.171134]],[[127.921678,26.309504],[127.920905,26.30858],[127.920448,26.310068],[127.921678,26.309504]],[[127.991348,26.476834],[127.990532,26.476191],[127.990574,26.476821],[127.991348,26.476834]]],[[[127.918395,26.901064],[127.917989,26.901524],[127.91775,26.900917],[127.918395,26.901064]]],[[[127.925759,26.902449],[127.922204,26.902495],[127.920171,26.901564],[127.925759,26.902449]]],[[[127.917668,26.909519],[127.917093,26.909327],[127.917734,26.908979],[127.917668,26.909519]]],[[[127.959357,26.919127],[127.958423,26.919256],[127.957413,26.919059],[127.959357,26.919127]]],[[[127.942792,26.952652],[127.911826,26.937072],[127.953993,26.914406],[127.942721,26.952078],[127.942792,26.952652]]],[[[127.947751,26.977237],[127.944508,26.977856],[127.942042,26.97751],[127.947751,26.977237]]],[[[127.948293,26.978814],[127.947731,26.978837],[127.947728,26.977982],[127.948293,26.978814]]],[[[127.912413,26.994305],[127.912186,26.993264],[127.912866,26.992666],[127.912413,26.994305]]],[[[127.911566,26.994824],[127.910653,26.995135],[127.911554,26.993518],[127.911566,26.994824]]],[[[127.926333,26.997186],[127.929744,26.99873],[127.927336,26.998833],[127.926333,26.997186]]],[[[127.924346,27.003005],[127.923766,27.002735],[127.924967,27.001587],[127.924346,27.003005]]],[[[142.183366,27.037905],[142.183062,27.037272],[142.183586,27.037243],[142.183366,27.037905]]],[[[142.196641,27.039591],[142.196048,27.039044],[142.196816,27.038928],[142.196641,27.039591]]],[[[142.183156,27.043826],[142.181928,27.043997],[142.18148,27.04349],[142.183156,27.043826]]],[[[142.17796,27.043604],[142.17692,27.044289],[142.176623,27.043021],[142.17796,27.043604]]],[[[142.17401,27.044094],[142.172819,27.04529],[142.173139,27.044315],[142.17401,27.044094]]],[[[142.182804,27.046903],[142.181838,27.047319],[142.181445,27.04687],[142.182804,27.046903]]],[[[142.240931,27.047241],[142.240378,27.047328],[142.239785,27.047406],[142.240931,27.047241]]],[[[142.240931,27.047241],[142.241768,27.047378],[142.240954,27.047917],[142.240931,27.047241]]],[[[128.406818,27.047869],[128.407428,27.048672],[128.407082,27.049406],[128.406818,27.047869]]],[[[142.235023,27.050575],[142.233721,27.050453],[142.234327,27.049475],[142.235023,27.050575]]],[[[128.451859,27.054496],[128.45034,27.056734],[128.450957,27.05438],[128.451859,27.054496]]],[[[128.399972,27.051261],[128.44376,27.018678],[128.440463,27.065819],[128.401512,27.051492],[128.399972,27.051261]],[[128.399972,27.051261],[128.401675,27.050912],[128.400682,27.050026],[128.399972,27.051261]]],[[[142.184689,27.086525],[142.183808,27.08744],[142.182884,27.087567],[142.184689,27.086525]]],[[[127.996281,27.091514],[127.995315,27.091531],[127.995089,27.090864],[127.996281,27.091514]]],[[[128.022215,27.092977],[127.932213,27.019088],[127.936101,26.995299],[128.021871,27.090167],[128.022215,27.092977]]],[[[142.247223,27.09095],[142.248806,27.091313],[142.247879,27.092195],[142.247223,27.09095]]],[[[142.235023,27.050575],[142.219453,27.10048],[142.18755,27.105463],[142.208358,27.083281],[142.18205,27.074445],[142.186187,27.039839],[142.234362,27.051196],[142.235023,27.050575]]],[[[142.193332,27.106021],[142.19369,27.10686],[142.192337,27.106357],[142.193332,27.106021]]],[[[142.1883,27.116155],[142.185935,27.118292],[142.185672,27.118748],[142.1883,27.116155]]],[[[142.168418,27.121569],[142.166379,27.120485],[142.165798,27.120897],[142.168418,27.121569]]],[[[142.177885,27.126511],[142.176215,27.127091],[142.178806,27.125636],[142.177885,27.126511]]],[[[142.182158,27.127097],[142.183097,27.127604],[142.182111,27.127637],[142.182158,27.127097]]],[[[142.182158,27.127097],[142.179756,27.12787],[142.179781,27.129077],[142.182158,27.127097]]],[[[142.219271,27.130306],[142.220596,27.130021],[142.219766,27.130639],[142.219271,27.130306]]],[[[142.19975,27.136342],[142.199362,27.135572],[142.200178,27.135161],[142.19975,27.136342]]],[[[142.188932,27.139127],[142.18837,27.138962],[142.188451,27.138444],[142.188932,27.139127]]],[[[142.219271,27.130306],[142.190437,27.143717],[142.20077,27.109798],[142.235661,27.109696],[142.217796,27.129123],[142.219271,27.130306]]],[[[142.195743,27.143656],[142.195579,27.144452],[142.195073,27.143523],[142.195743,27.143656]]],[[[142.188846,27.187482],[142.180641,27.14645],[142.189377,27.186907],[142.188846,27.187482]]],[[[142.192105,27.192587],[142.191736,27.191923],[142.192224,27.191445],[142.192105,27.192587]]],[[[142.198561,27.19677],[142.197415,27.195489],[142.195078,27.196429],[142.198561,27.19677]]],[[[142.194468,27.199062],[142.193988,27.199256],[142.194788,27.198166],[142.194468,27.199062]]],[[[140.886675,27.238927],[140.873208,27.253638],[140.884812,27.237345],[140.886675,27.238927]]],[[[128.524198,27.361994],[128.524025,27.361269],[128.524731,27.361074],[128.524198,27.361994]]],[[[128.595375,27.397304],[128.595279,27.397988],[128.594203,27.398231],[128.595375,27.397304]]],[[[128.66421,27.398328],[128.666322,27.397167],[128.666746,27.397675],[128.66421,27.398328]]],[[[128.613533,27.410442],[128.612971,27.41033],[128.613739,27.409912],[128.613533,27.410442]]],[[[128.644615,27.416744],[128.644057,27.417695],[128.643034,27.41793],[128.644615,27.416744]]],[[[128.642952,27.416604],[128.641856,27.418415],[128.641235,27.418087],[128.642952,27.416604]]],[[[128.66421,27.398328],[128.713848,27.433657],[128.691459,27.440791],[128.524972,27.393935],[128.531396,27.348718],[128.566398,27.327639],[128.662884,27.395614],[128.66421,27.398328]]],[[[142.207816,27.485238],[142.207645,27.48584],[142.206526,27.484587],[142.207816,27.485238]]],[[[142.208772,27.488074],[142.206952,27.489505],[142.205053,27.488805],[142.208772,27.488074]]],[[[142.214524,27.492591],[142.215715,27.492112],[142.215339,27.492964],[142.214524,27.492591]]],[[[142.21907,27.493396],[142.219357,27.495443],[142.218462,27.496043],[142.21907,27.493396]]],[[[142.203784,27.498602],[142.203591,27.499254],[142.20321,27.498698],[142.203784,27.498602]]],[[[142.214524,27.492591],[142.213068,27.494056],[142.214244,27.494965],[142.214524,27.492591]]],[[[142.177252,27.621018],[142.176966,27.621652],[142.176053,27.621384],[142.177252,27.621018]]],[[[142.172515,27.624416],[142.171121,27.625908],[142.170909,27.623944],[142.172515,27.624416]]],[[[142.170506,27.635054],[142.170314,27.635759],[142.169987,27.635222],[142.170506,27.635054]]],[[[142.170506,27.635054],[142.169766,27.634187],[142.17066,27.633838],[142.170506,27.635054]]],[[[142.169453,27.636539],[142.168804,27.636627],[142.168674,27.635716],[142.169453,27.636539]]],[[[142.169153,27.637268],[142.168269,27.63844],[142.167631,27.637879],[142.169153,27.637268]]],[[[142.158041,27.657524],[142.156795,27.658079],[142.157005,27.657433],[142.158041,27.657524]]],[[[142.158041,27.657524],[142.15872,27.657306],[142.158721,27.656445],[142.158041,27.657524]]],[[[142.15612,27.6592],[142.155706,27.659971],[142.155184,27.659457],[142.15612,27.6592]]],[[[142.157979,27.659867],[142.159363,27.662398],[142.157073,27.664433],[142.157979,27.659867]]],[[[128.97043,27.669648],[128.969135,27.66827],[128.970117,27.668707],[128.97043,27.669648]]],[[[142.138639,27.672639],[142.138077,27.672676],[142.138037,27.672113],[142.138639,27.672639]]],[[[142.127143,27.679561],[142.126971,27.680828],[142.126138,27.681542],[142.127143,27.679561]]],[[[142.125594,27.683808],[142.124806,27.68308],[142.125779,27.683113],[142.125594,27.683808]]],[[[142.138639,27.672639],[142.125281,27.687062],[142.139549,27.673441],[142.138639,27.672639]]],[[[142.15714,27.692947],[142.156927,27.692429],[142.158037,27.691351],[142.15714,27.692947]]],[[[142.102723,27.712357],[142.102171,27.712699],[142.101969,27.712127],[142.102723,27.712357]]],[[[142.102729,27.714693],[142.102374,27.715427],[142.101734,27.714677],[142.102729,27.714693]]],[[[142.101291,27.715821],[142.100849,27.715411],[142.101382,27.715198],[142.101291,27.715821]]],[[[142.108733,27.716006],[142.107604,27.715435],[142.109005,27.715198],[142.108733,27.716006]]],[[[142.107623,27.716697],[142.107039,27.715921],[142.108058,27.716071],[142.107623,27.716697]]],[[[142.126522,27.716959],[142.124521,27.718188],[142.123943,27.717808],[142.126522,27.716959]]],[[[142.108733,27.716006],[142.109802,27.716688],[142.109229,27.717362],[142.108733,27.716006]]],[[[142.111967,27.718419],[142.111598,27.718021],[142.112204,27.717764],[142.111967,27.718419]]],[[[142.123401,27.71808],[142.12304,27.718641],[142.122245,27.718046],[142.123401,27.71808]]],[[[142.110101,27.718837],[142.109638,27.718577],[142.111014,27.717922],[142.110101,27.718837]]],[[[142.101291,27.715821],[142.102988,27.716121],[142.102601,27.7173],[142.101291,27.715821]]],[[[142.096378,27.720835],[142.097369,27.721021],[142.096839,27.72145],[142.096378,27.720835]]],[[[142.09653,27.722922],[142.095321,27.723439],[142.096061,27.722614],[142.09653,27.722922]]],[[[128.906,27.760165],[128.905391,27.760644],[128.904805,27.760436],[128.906,27.760165]]],[[[128.904645,27.765932],[128.903886,27.765315],[128.904814,27.765311],[128.904645,27.765932]]],[[[128.975304,27.831166],[128.975374,27.83172],[128.974609,27.830987],[128.975304,27.831166]]],[[[128.885664,27.85553],[128.885097,27.856437],[128.883797,27.852241],[128.885664,27.85553]]],[[[128.23581,27.862505],[128.217441,27.879142],[128.234705,27.860301],[128.23581,27.862505]]],[[[128.97043,27.669648],[129.037955,27.76884],[128.968717,27.817589],[128.970969,27.892737],[128.899781,27.892951],[128.878864,27.82834],[128.907259,27.763272],[128.880874,27.722593],[128.925796,27.665966],[128.969105,27.669881],[128.97043,27.669648]]],[[[128.993604,27.92383],[128.993132,27.924161],[128.992268,27.923569],[128.993604,27.92383]]],[[[129.250659,27.998025],[129.250213,27.997713],[129.250796,27.997401],[129.250659,27.998025]]],[[[129.255681,28.003687],[129.253723,28.002892],[129.253199,28.002214],[129.255681,28.003687]]],[[[129.268514,28.00853],[129.267909,28.008157],[129.268785,28.007972],[129.268514,28.00853]]],[[[129.236147,28.011454],[129.236108,28.012245],[129.235443,28.01138],[129.236147,28.011454]]],[[[129.146999,28.012571],[129.147411,28.013441],[129.146026,28.012514],[129.146999,28.012571]]],[[[129.237844,28.014189],[129.237219,28.015209],[129.236439,28.014009],[129.237844,28.014189]]],[[[129.283916,28.026568],[129.283219,28.02659],[129.283085,28.025944],[129.283916,28.026568]]],[[[129.274806,28.025137],[129.27479,28.026319],[129.27409,28.026982],[129.274806,28.025137]]],[[[129.232405,28.03282],[129.233613,28.033379],[129.232693,28.03326],[129.232405,28.03282]]],[[[129.190769,28.046093],[129.190689,28.047368],[129.189609,28.047878],[129.190769,28.046093]]],[[[129.252656,28.049297],[129.251747,28.050764],[129.252095,28.051667],[129.252656,28.049297]]],[[[129.232405,28.03282],[129.213932,28.054975],[129.214211,28.020209],[129.261197,28.006978],[129.268485,28.035573],[129.233586,28.032238],[129.232405,28.03282]]],[[[129.158066,28.061075],[129.157474,28.061568],[129.157182,28.060861],[129.158066,28.061075]]],[[[129.17271,28.068908],[129.148083,28.049698],[129.145359,28.016572],[129.165465,28.021326],[129.172301,28.067388],[129.17271,28.068908]]],[[[129.340699,28.076657],[129.34045,28.07583],[129.341255,28.075703],[129.340699,28.076657]]],[[[129.342375,28.077496],[129.341948,28.076945],[129.342625,28.07693],[129.342375,28.077496]]],[[[129.213292,28.087588],[129.213468,28.088616],[129.212691,28.088632],[129.213292,28.087588]]],[[[129.379557,28.109165],[129.378356,28.108055],[129.378203,28.106735],[129.379557,28.109165]]],[[[129.220317,28.110942],[129.218531,28.110611],[129.219917,28.11041],[129.220317,28.110942]]],[[[129.381555,28.115339],[129.380591,28.114826],[129.380715,28.114269],[129.381555,28.115339]]],[[[129.170505,28.120318],[129.167571,28.120617],[129.164669,28.122887],[129.170505,28.120318]]],[[[129.150758,28.132246],[129.150371,28.132719],[129.149596,28.133029],[129.150758,28.132246]]],[[[129.30129,28.150008],[129.301185,28.149265],[129.301831,28.148755],[129.30129,28.150008]]],[[[129.278107,28.150389],[129.27644,28.150254],[129.276389,28.149373],[129.278107,28.150389]]],[[[129.366121,28.152659],[129.365306,28.152142],[129.366317,28.151386],[129.366121,28.152659]]],[[[129.399416,28.154439],[129.399346,28.152639],[129.400275,28.153469],[129.399416,28.154439]]],[[[129.280835,28.174379],[129.280071,28.174656],[129.277219,28.173899],[129.280835,28.174379]]],[[[129.418243,28.187327],[129.418026,28.186825],[129.418434,28.186227],[129.418243,28.187327]]],[[[129.424851,28.188156],[129.424259,28.188156],[129.424157,28.186757],[129.424851,28.188156]]],[[[129.16258,28.189253],[129.161898,28.189298],[129.160841,28.188576],[129.16258,28.189253]]],[[[129.16258,28.189253],[129.162859,28.188644],[129.163369,28.189372],[129.16258,28.189253]]],[[[129.450093,28.195141],[129.449751,28.194538],[129.451068,28.194661],[129.450093,28.195141]]],[[[129.441735,28.195765],[129.440831,28.194211],[129.441876,28.194589],[129.441735,28.195765]]],[[[129.172791,28.196876],[129.170079,28.198639],[129.168346,28.19762],[129.172791,28.196876]]],[[[129.340699,28.076657],[129.34283,28.118503],[129.260282,28.117061],[129.275022,28.142044],[129.245236,28.122112],[129.270116,28.167749],[129.220704,28.158491],[129.203239,28.181412],[129.242875,28.188076],[129.209405,28.201227],[129.175631,28.187832],[129.219824,28.139728],[129.215076,28.077298],[129.251057,28.111266],[129.280468,28.063206],[129.318171,28.097107],[129.31822,28.062029],[129.337409,28.07582],[129.340699,28.076657]]],[[[129.170582,28.201118],[129.169894,28.201304],[129.169633,28.200734],[129.170582,28.201118]]],[[[129.152214,28.204695],[129.151138,28.205304],[129.15018,28.205002],[129.152214,28.204695]]],[[[129.162496,28.229812],[129.162139,28.228001],[129.163247,28.229152],[129.162496,28.229812]]],[[[129.162496,28.229812],[129.162999,28.230907],[129.162877,28.232289],[129.162496,28.229812]]],[[[129.44605,28.232423],[129.446012,28.233297],[129.444993,28.233207],[129.44605,28.232423]]],[[[129.162025,28.234523],[129.161312,28.234202],[129.161947,28.233042],[129.162025,28.234523]]],[[[129.423522,28.245643],[129.422111,28.245338],[129.424736,28.24521],[129.423522,28.245643]]],[[[129.184453,28.271516],[129.183182,28.271624],[129.182796,28.270942],[129.184453,28.271516]]],[[[129.213737,28.305345],[129.214321,28.304736],[129.214075,28.306007],[129.213737,28.305345]]],[[[129.184514,28.305941],[129.184063,28.307161],[129.183309,28.305827],[129.184514,28.305941]]],[[[129.536011,28.321494],[129.536087,28.323694],[129.535159,28.321782],[129.536011,28.321494]]],[[[129.274651,28.331992],[129.273817,28.332714],[129.273039,28.332313],[129.274651,28.331992]]],[[[129.311478,28.350453],[129.311323,28.351418],[129.310927,28.350763],[129.311478,28.350453]]],[[[129.5878,28.364632],[129.585874,28.364085],[129.58556,28.362756],[129.5878,28.364632]]],[[[129.35268,28.366359],[129.352029,28.366331],[129.352182,28.365501],[129.35268,28.366359]]],[[[130.029704,28.355959],[130.013838,28.377998],[129.919115,28.31986],[129.952317,28.275402],[130.029125,28.355308],[130.029704,28.355959]],[[129.941015,28.327653],[129.940916,28.327078],[129.940407,28.327185],[129.941015,28.327653]],[[129.927401,28.324763],[129.928665,28.324278],[129.928033,28.323996],[129.927401,28.324763]],[[129.946316,28.275303],[129.944955,28.276086],[129.946037,28.276204],[129.946316,28.275303]],[[129.948597,28.277217],[129.94771,28.278509],[129.948978,28.27836],[129.948597,28.277217]],[[129.959538,28.279811],[129.958392,28.279075],[129.959312,28.280541],[129.959538,28.279811]],[[130.029704,28.355959],[130.027265,28.355458],[130.026934,28.357455],[130.029704,28.355959]]],[[[129.447652,28.386278],[129.446394,28.385757],[129.44581,28.384645],[129.447652,28.386278]]],[[[129.507851,28.39956],[129.507847,28.400548],[129.507368,28.400101],[129.507851,28.39956]]],[[[129.503688,28.406594],[129.500198,28.405868],[129.497514,28.404474],[129.503688,28.406594]]],[[[129.454533,28.414389],[129.454015,28.414119],[129.454638,28.413643],[129.454533,28.414389]]],[[[129.540823,28.460298],[129.539989,28.459653],[129.540523,28.459475],[129.540823,28.460298]]],[[[129.583269,28.467286],[129.584805,28.468472],[129.583534,28.468215],[129.583269,28.467286]]],[[[129.5878,28.364632],[129.612384,28.400422],[129.710157,28.421842],[129.719197,28.47447],[129.676211,28.527095],[129.645539,28.500306],[129.674186,28.46159],[129.66585,28.438967],[129.647999,28.468255],[129.651949,28.42197],[129.620689,28.417829],[129.620538,28.450888],[129.589624,28.413719],[129.622106,28.478212],[129.54426,28.462566],[129.499366,28.382457],[129.463715,28.413823],[129.446654,28.380162],[129.395471,28.386437],[129.400218,28.355587],[129.339138,28.368513],[129.314416,28.333245],[129.210833,28.306141],[129.295416,28.272958],[129.249595,28.252536],[129.177775,28.270434],[129.133837,28.254026],[129.151965,28.236492],[129.247153,28.203609],[129.254345,28.233389],[129.294133,28.223099],[129.263141,28.183061],[129.283299,28.19744],[129.295705,28.148415],[129.378249,28.108847],[129.338003,28.170183],[129.401006,28.153847],[129.406273,28.193623],[129.475792,28.208932],[129.407761,28.250436],[129.442784,28.24567],[129.457827,28.295632],[129.541413,28.308565],[129.586638,28.365468],[129.5878,28.364632]],[[129.409563,28.363837],[129.410335,28.363679],[129.41129,28.364432],[129.409563,28.363837]],[[129.313169,28.144552],[129.312951,28.145976],[129.314259,28.145825],[129.313169,28.144552]],[[129.315939,28.142716],[129.316692,28.143976],[129.317511,28.143416],[129.315939,28.142716]]],[[[129.003523,28.799916],[128.972416,28.801749],[129.003324,28.797016],[129.003523,28.799916]]],[[[129.003419,28.835454],[129.002715,28.836577],[129.000935,28.836645],[129.003419,28.835454]]],[[[129.198741,29.136873],[129.19799,29.137414],[129.197922,29.136842],[129.198741,29.136873]]],[[[129.207312,29.156652],[129.208572,29.157516],[129.207081,29.157398],[129.207312,29.156652]]],[[[129.207312,29.156652],[129.186723,29.152487],[129.220375,29.12676],[129.209555,29.156811],[129.207312,29.156652]]],[[[129.357745,29.227878],[129.357438,29.227377],[129.357951,29.227009],[129.357745,29.227878]]],[[[129.329471,29.227251],[129.329808,29.228012],[129.327028,29.228892],[129.329471,29.227251]],[[129.329471,29.227251],[129.327936,29.227296],[129.328105,29.228018],[129.329471,29.227251]]],[[[129.347346,29.225926],[129.348753,29.227381],[129.348738,29.229375],[129.347346,29.225926]]],[[[129.595975,29.453856],[129.59519,29.454397],[129.592209,29.455112],[129.595975,29.453856]]],[[[129.610641,29.473908],[129.610196,29.473381],[129.611263,29.473046],[129.610641,29.473908]]],[[[129.595975,29.453856],[129.620175,29.449618],[129.600939,29.476447],[129.595898,29.455296],[129.595975,29.453856]]],[[[129.742827,29.669683],[129.68401,29.641759],[129.706044,29.602036],[129.743126,29.666269],[129.742827,29.669683]]],[[[129.539291,29.674935],[129.538659,29.674415],[129.539354,29.674426],[129.539291,29.674935]]],[[[129.539291,29.674935],[129.540156,29.674989],[129.540061,29.67554],[129.539291,29.674935]]],[[[129.539184,29.675574],[129.538466,29.675778],[129.537326,29.676441],[129.539184,29.675574]]],[[[129.532092,29.679582],[129.530917,29.678454],[129.531164,29.677345],[129.532092,29.679582]]],[[[129.532092,29.679582],[129.531999,29.680745],[129.533436,29.679829],[129.532092,29.679582]]],[[[129.907006,29.811708],[129.906579,29.812111],[129.907139,29.81278],[129.907006,29.811708]]],[[[129.918783,29.817626],[129.917966,29.817609],[129.918804,29.816807],[129.918783,29.817626]]],[[[129.916107,29.819419],[129.915811,29.818842],[129.916092,29.818354],[129.916107,29.819419]]],[[[129.911449,29.819037],[129.910581,29.819537],[129.9105,29.818578],[129.911449,29.819037]]],[[[129.892915,29.869805],[129.893015,29.870316],[129.892494,29.870247],[129.892915,29.869805]]],[[[129.892915,29.869805],[129.850635,29.883572],[129.834076,29.859998],[129.86761,29.817569],[129.916862,29.819563],[129.893008,29.868243],[129.892915,29.869805]]],[[[129.621693,29.884207],[129.620592,29.884163],[129.620021,29.883618],[129.621693,29.884207]]],[[[129.528529,29.912621],[129.528352,29.912134],[129.528951,29.9119],[129.528529,29.912621]]],[[[129.537887,29.914993],[129.554383,29.897581],[129.537518,29.914198],[129.537887,29.914993]]],[[[129.913212,29.995849],[129.913287,29.992954],[129.913884,29.993796],[129.913212,29.995849]]],[[[129.908966,30.001884],[129.908203,30.001852],[129.908468,30.000928],[129.908966,30.001884]]],[[[129.917517,30.006628],[129.904648,29.964657],[129.947352,29.959392],[129.917146,30.004115],[129.917517,30.006628]]],[[[129.917517,30.006628],[129.918312,30.006404],[129.917999,30.007427],[129.917517,30.006628]]],[[[130.053027,30.042107],[130.052404,30.042466],[130.052493,30.041903],[130.053027,30.042107]]],[[[130.513937,30.229813],[130.513373,30.229289],[130.513979,30.2291],[130.513937,30.229813]]],[[[130.505164,30.231765],[130.504073,30.230962],[130.504817,30.230955],[130.505164,30.231765]]],[[[130.474771,30.23222],[130.474241,30.232183],[130.474673,30.231707],[130.474771,30.23222]]],[[[130.472199,30.232486],[130.472094,30.231725],[130.473569,30.232254],[130.472199,30.232486]]],[[[130.454568,30.234913],[130.453826,30.234493],[130.45469,30.234172],[130.454568,30.234913]]],[[[130.448679,30.235131],[130.448767,30.233879],[130.449695,30.234938],[130.448679,30.235131]]],[[[130.452419,30.235171],[130.452086,30.234354],[130.452776,30.234618],[130.452419,30.235171]]],[[[130.587335,30.24255],[130.58893,30.243435],[130.587552,30.243764],[130.587335,30.24255]]],[[[130.416393,30.249484],[130.416295,30.250474],[130.415875,30.249345],[130.416393,30.249484]]],[[[130.659076,30.308286],[130.659107,30.30881],[130.658319,30.308172],[130.659076,30.308286]]],[[[130.959926,30.36579],[130.959318,30.365301],[130.959908,30.365085],[130.959926,30.36579]]],[[[130.959926,30.36579],[130.96005,30.366791],[130.959686,30.367247],[130.959926,30.36579]]],[[[130.959686,30.367247],[130.961244,30.366605],[130.96049,30.368452],[130.959686,30.367247]]],[[[130.957186,30.368774],[130.957233,30.369699],[130.956533,30.368904],[130.957186,30.368774]]],[[[130.972341,30.369706],[130.973983,30.368946],[130.973246,30.370136],[130.972341,30.369706]]],[[[130.972341,30.369706],[130.972279,30.370946],[130.971049,30.370792],[130.972341,30.369706]]],[[[130.959003,30.370437],[130.959951,30.369336],[130.959522,30.371621],[130.959003,30.370437]]],[[[130.974492,30.371365],[130.974053,30.371778],[130.973257,30.371346],[130.974492,30.371365]]],[[[130.970342,30.371094],[130.969184,30.372694],[130.968796,30.373347],[130.970342,30.371094]]],[[[130.945939,30.37337],[130.945269,30.373145],[130.945699,30.372486],[130.945939,30.37337]]],[[[130.971615,30.374438],[130.97148,30.3736],[130.972653,30.372923],[130.971615,30.374438]]],[[[130.973267,30.375818],[130.972714,30.376316],[130.972736,30.37574],[130.973267,30.375818]]],[[[130.863246,30.384774],[130.862697,30.385062],[130.861244,30.383564],[130.863246,30.384774]]],[[[130.978077,30.399241],[130.977634,30.398626],[130.977945,30.397941],[130.978077,30.399241]]],[[[130.982114,30.399444],[130.981322,30.400041],[130.981968,30.398471],[130.982114,30.399444]]],[[[130.637938,30.402715],[130.637397,30.401786],[130.638091,30.401727],[130.637938,30.402715]]],[[[130.640029,30.404174],[130.639721,30.403736],[130.640346,30.403722],[130.640029,30.404174]]],[[[130.865262,30.417486],[130.864382,30.417875],[130.864991,30.416821],[130.865262,30.417486]]],[[[130.969277,30.420214],[130.969922,30.42073],[130.969033,30.421249],[130.969277,30.420214]]],[[[130.970924,30.425257],[130.970091,30.424907],[130.971329,30.424319],[130.970924,30.425257]]],[[[130.980165,30.439785],[130.979868,30.439007],[130.980531,30.43797],[130.980165,30.439785]]],[[[130.265061,30.44449],[130.265658,30.444231],[130.26623,30.443912],[130.265061,30.44449]]],[[[130.975917,30.445624],[130.976045,30.445042],[130.977143,30.444261],[130.975917,30.445624]]],[[[130.976576,30.451728],[130.976294,30.450522],[130.978006,30.450092],[130.976576,30.451728]]],[[[130.979288,30.450279],[130.978995,30.451502],[130.978261,30.453111],[130.979288,30.450279]]],[[[130.976766,30.45428],[130.976071,30.454391],[130.975695,30.452994],[130.976766,30.45428]]],[[[130.976766,30.45428],[130.977434,30.454129],[130.977108,30.455352],[130.976766,30.45428]]],[[[130.490277,30.45624],[130.48938,30.456022],[130.490044,30.455756],[130.490277,30.45624]]],[[[130.193776,30.455288],[130.193824,30.4561],[130.193035,30.457205],[130.193776,30.455288]]],[[[130.974874,30.457431],[130.974729,30.455899],[130.975155,30.455615],[130.974874,30.457431]]],[[[130.864838,30.464116],[130.866164,30.464889],[130.866008,30.467692],[130.864838,30.464116]]],[[[130.587335,30.24255],[130.656567,30.30317],[130.671657,30.376018],[130.497979,30.469466],[130.464127,30.457092],[130.423392,30.399196],[130.378531,30.392925],[130.413161,30.266058],[130.490303,30.227109],[130.585728,30.241364],[130.587335,30.24255]]],[[[130.265061,30.44449],[130.142979,30.489379],[130.209755,30.422076],[130.263476,30.441726],[130.265061,30.44449]]],[[[140.313964,30.484989],[140.286263,30.484716],[140.313517,30.483778],[140.313964,30.484989]]],[[[131.021072,30.548188],[131.02092,30.549184],[131.020493,30.548052],[131.021072,30.548188]]],[[[131.03169,30.556142],[131.030437,30.557236],[131.030049,30.556515],[131.03169,30.556142]]],[[[131.035072,30.570894],[131.034847,30.571369],[131.034591,30.570593],[131.035072,30.570894]]],[[[131.037932,30.5796],[131.037353,30.580085],[131.036601,30.578641],[131.037932,30.5796]]],[[[131.051911,30.610661],[131.052428,30.610548],[131.05319,30.611751],[131.051911,30.610661]]],[[[130.949566,30.629657],[130.949479,30.628204],[130.949994,30.628566],[130.949566,30.629657]]],[[[131.067946,30.687025],[131.067231,30.686746],[131.068537,30.686133],[131.067946,30.687025]]],[[[130.101837,30.750619],[130.100732,30.750608],[130.100836,30.749993],[130.101837,30.750619]]],[[[130.102879,30.750541],[130.102364,30.750822],[130.102429,30.75],[130.102879,30.750541]]],[[[130.860453,30.764119],[130.836456,30.72903],[130.860955,30.726385],[130.859349,30.762998],[130.860453,30.764119]]],[[[130.342704,30.803904],[130.340899,30.804744],[130.338914,30.804559],[130.342704,30.803904]]],[[[130.321717,30.792174],[130.303533,30.808422],[130.261608,30.783087],[130.321085,30.788967],[130.321717,30.792174]]],[[[129.938384,30.810601],[129.93776,30.811168],[129.937997,30.810101],[129.938384,30.810601]]],[[[130.431144,30.815516],[130.396169,30.807881],[130.437994,30.811029],[130.431144,30.815516]]],[[[129.967096,30.829516],[129.966721,30.829906],[129.965725,30.829509],[129.967096,30.829516]]],[[[129.425537,30.828784],[129.426287,30.829465],[129.425478,30.830108],[129.425537,30.828784]]],[[[129.426378,30.832],[129.426155,30.832854],[129.425565,30.83199],[129.426378,30.832]]],[[[129.426882,30.834709],[129.42709,30.835351],[129.426628,30.83639],[129.426882,30.834709]]],[[[129.428176,30.838939],[129.429487,30.838697],[129.428667,30.839329],[129.428176,30.838939]]],[[[129.428176,30.838939],[129.426781,30.839661],[129.425926,30.839029],[129.428176,30.838939]]],[[[131.051911,30.610661],[131.083381,30.782711],[131.056704,30.839827],[131.032554,30.824242],[130.940051,30.669159],[130.944073,30.567217],[130.849122,30.467165],[130.857493,30.370436],[130.883895,30.3439],[130.96808,30.372929],[130.962666,30.479718],[131.052066,30.609274],[131.051911,30.610661]],[[130.992662,30.73137],[130.993736,30.731985],[130.994147,30.731173],[130.992662,30.73137]],[[130.986236,30.725792],[130.985881,30.724901],[130.985268,30.725255],[130.986236,30.725792]]],[[[129.431548,30.843675],[129.431673,30.843052],[129.432077,30.843638],[129.431548,30.843675]]],[[[129.436031,30.848204],[129.437516,30.848142],[129.43731,30.848634],[129.436031,30.848204]]],[[[129.436031,30.848204],[129.434204,30.849264],[129.433346,30.847456],[129.436031,30.848204]]],[[[129.438189,30.849812],[129.437451,30.849541],[129.437929,30.848918],[129.438189,30.849812]]],[[[129.441968,30.85053],[129.44155,30.849964],[129.442179,30.849874],[129.441968,30.85053]]],[[[129.939195,30.851467],[129.904427,30.832057],[129.9527,30.818055],[129.939983,30.847652],[129.939195,30.851467]]],[[[129.445765,30.85353],[129.446684,30.853548],[129.445931,30.855113],[129.445765,30.85353]]],[[[129.462951,30.85681],[129.463441,30.858006],[129.462127,30.857643],[129.462951,30.85681]]],[[[129.468722,30.859929],[129.46696,30.860875],[129.468707,30.86214],[129.468722,30.859929]]],[[[130.661671,30.991526],[130.66129,30.991186],[130.661938,30.991048],[130.661671,30.991526]]],[[[130.660461,30.991654],[130.660128,30.992504],[130.660741,30.993135],[130.660461,30.991654]]],[[[130.673274,30.995661],[130.672898,30.996178],[130.673905,30.996735],[130.673274,30.995661]]],[[[130.657683,30.998928],[130.657048,30.999232],[130.656463,30.998934],[130.657683,30.998928]]],[[[130.683244,31.006538],[130.684619,31.006578],[130.684823,31.007225],[130.683244,31.006538]]],[[[130.719249,31.032915],[130.719367,31.0321],[130.719936,31.032932],[130.719249,31.032915]]],[[[130.719505,31.037678],[130.718937,31.03839],[130.719145,31.034874],[130.719505,31.037678]]],[[[130.764111,31.056282],[130.762493,31.056645],[130.762874,31.056037],[130.764111,31.056282]]],[[[129.423497,31.136426],[129.421823,31.136464],[129.423241,31.134659],[129.423497,31.136426]]],[[[130.59238,31.165776],[130.591482,31.167021],[130.591186,31.166465],[130.59238,31.165776]]],[[[129.416516,31.172534],[129.416243,31.171805],[129.416921,31.17152],[129.416516,31.172534]]],[[[129.418804,31.171666],[129.418854,31.172238],[129.418564,31.173005],[129.418804,31.171666]]],[[[129.447429,31.178151],[129.44741,31.176961],[129.449583,31.177491],[129.447429,31.178151]]],[[[129.473124,31.197014],[129.472921,31.196126],[129.473594,31.196024],[129.473124,31.197014]]],[[[131.011301,31.200631],[131.010272,31.200629],[131.010847,31.199802],[131.011301,31.200631]]],[[[129.447429,31.178151],[129.452109,31.19962],[129.446281,31.179084],[129.447429,31.178151]]],[[[129.444303,31.201551],[129.443149,31.201636],[129.442611,31.201675],[129.444303,31.201551]]],[[[129.471745,31.202009],[129.471847,31.201131],[129.472433,31.201139],[129.471745,31.202009]]],[[[130.754219,31.207196],[130.753415,31.207307],[130.753783,31.206847],[130.754219,31.207196]]],[[[129.471778,31.209788],[129.471464,31.210701],[129.471328,31.210099],[129.471778,31.209788]]],[[[129.471745,31.202009],[129.472315,31.202318],[129.472984,31.201792],[129.471745,31.202009]]],[[[129.472515,31.214149],[129.472549,31.213553],[129.473056,31.213812],[129.472515,31.214149]]],[[[129.472515,31.214149],[129.472876,31.215341],[129.472697,31.216126],[129.472515,31.214149]]],[[[131.070858,31.229735],[131.069827,31.229489],[131.070272,31.229202],[131.070858,31.229735]]],[[[130.279216,31.244621],[130.278347,31.243718],[130.27899,31.243674],[130.279216,31.244621]]],[[[130.440172,31.250092],[130.441107,31.249071],[130.44126,31.250867],[130.440172,31.250092]]],[[[130.440172,31.250092],[130.439143,31.250489],[130.439149,31.251105],[130.440172,31.250092]]],[[[130.230816,31.253005],[130.229856,31.252762],[130.230684,31.252186],[130.230816,31.253005]]],[[[130.287889,31.255689],[130.288653,31.255128],[130.290686,31.255117],[130.287889,31.255689]]],[[[130.211735,31.258771],[130.211236,31.259614],[130.210508,31.259684],[130.211735,31.258771]]],[[[130.215733,31.262374],[130.215598,31.263166],[130.215143,31.262404],[130.215733,31.262374]]],[[[130.215598,31.263166],[130.215512,31.265181],[130.213882,31.264159],[130.215598,31.263166]]],[[[131.117006,31.268382],[131.11639,31.268143],[131.116237,31.267532],[131.117006,31.268382]]],[[[130.205525,31.279668],[130.204701,31.279728],[130.205305,31.278931],[130.205525,31.279668]]],[[[130.206718,31.279011],[130.207133,31.279365],[130.206744,31.279804],[130.206718,31.279011]]],[[[130.677457,31.280517],[130.675436,31.278883],[130.674497,31.279108],[130.677457,31.280517]]],[[[130.674316,31.286668],[130.673697,31.285709],[130.674353,31.285349],[130.674316,31.286668]]],[[[130.216406,31.303614],[130.215908,31.304433],[130.215131,31.304195],[130.216406,31.303614]]],[[[130.580257,31.307596],[130.582036,31.3081],[130.582517,31.308674],[130.580257,31.307596]]],[[[130.171001,31.322784],[130.170273,31.322175],[130.170972,31.322022],[130.171001,31.322784]]],[[[130.793071,31.35062],[130.792218,31.350403],[130.791677,31.349623],[130.793071,31.35062]]],[[[131.035759,31.351811],[131.036456,31.35196],[131.033067,31.353594],[131.035759,31.351811]]],[[[130.158292,31.355658],[130.158063,31.356173],[130.157612,31.355315],[130.158292,31.355658]]],[[[130.200342,31.356941],[130.199812,31.356415],[130.200371,31.356342],[130.200342,31.356941]]],[[[130.16932,31.364169],[130.162574,31.359657],[130.160524,31.356595],[130.16932,31.364169]]],[[[130.169431,31.364673],[130.169227,31.365522],[130.168751,31.364612],[130.169431,31.364673]]],[[[130.162949,31.375551],[130.162415,31.375641],[130.162188,31.374838],[130.162949,31.375551]]],[[[131.025357,31.36324],[131.035775,31.364137],[131.035387,31.367889],[131.025357,31.36324]]],[[[131.307357,31.389172],[131.306337,31.387689],[131.307438,31.388501],[131.307357,31.389172]]],[[[130.542625,31.392762],[130.541498,31.39422],[130.540952,31.39433],[130.542625,31.392762]]],[[[131.335504,31.395181],[131.334551,31.395856],[131.33497,31.394983],[131.335504,31.395181]]],[[[130.107613,31.402588],[130.106776,31.402304],[130.108064,31.402128],[130.107613,31.402588]]],[[[130.129716,31.411429],[130.129206,31.411647],[130.129084,31.411148],[130.129716,31.411429]]],[[[131.345566,31.413078],[131.345704,31.411151],[131.346073,31.412671],[131.345566,31.413078]]],[[[130.201847,31.414912],[130.201184,31.415332],[130.199371,31.413418],[130.201847,31.414912]]],[[[130.204641,31.417848],[130.204189,31.417529],[130.204575,31.417007],[130.204641,31.417848]]],[[[130.135029,31.420678],[130.133997,31.420793],[130.13347,31.420279],[130.135029,31.420678]]],[[[130.255029,31.42081],[130.254972,31.420064],[130.255414,31.419783],[130.255029,31.42081]]],[[[130.108915,31.422109],[130.108556,31.421671],[130.10917,31.421644],[130.108915,31.422109]]],[[[130.18136,31.426179],[130.179856,31.427618],[130.17876,31.427095],[130.18136,31.426179]]],[[[131.216594,31.426766],[131.216087,31.427887],[131.214832,31.426563],[131.216594,31.426766]]],[[[130.191248,31.419314],[130.191773,31.420781],[130.190458,31.424232],[130.191248,31.419314]]],[[[131.217529,31.428073],[131.219277,31.42861],[131.219603,31.430398],[131.217529,31.428073]]],[[[130.186057,31.431412],[130.186776,31.433251],[130.185524,31.433792],[130.186057,31.431412]]],[[[130.121941,31.433118],[130.121718,31.433984],[130.120973,31.433487],[130.121941,31.433118]]],[[[131.119512,31.426155],[131.117934,31.427328],[131.118762,31.429109],[131.119512,31.426155]]],[[[140.051601,31.438134],[140.050762,31.440221],[140.050019,31.439914],[140.051601,31.438134]]],[[[130.736199,31.444528],[130.73368,31.44455],[130.734753,31.444102],[130.736199,31.444528]]],[[[129.733679,31.447783],[129.732479,31.447424],[129.733665,31.446997],[129.733679,31.447783]]],[[[129.735462,31.448452],[129.734822,31.448118],[129.735093,31.447291],[129.735462,31.448452]]],[[[129.733391,31.449457],[129.731718,31.448629],[129.733994,31.44855],[129.733391,31.449457]]],[[[131.169629,31.453006],[131.169354,31.454006],[131.167916,31.454086],[131.169629,31.453006]]],[[[131.073477,31.454687],[131.075094,31.452691],[131.075867,31.45335],[131.073477,31.454687]]],[[[131.184693,31.456199],[131.184118,31.455834],[131.184434,31.455428],[131.184693,31.456199]]],[[[131.386973,31.453115],[131.387306,31.454581],[131.387776,31.456304],[131.386973,31.453115]]],[[[131.379533,31.454766],[131.378677,31.456607],[131.375016,31.455394],[131.379533,31.454766]]],[[[131.111053,31.469018],[131.112622,31.473015],[131.108803,31.465712],[131.111053,31.469018]]],[[[131.383432,31.479838],[131.383725,31.479098],[131.384599,31.479167],[131.383432,31.479838]]],[[[131.392501,31.474232],[131.391404,31.47516],[131.392034,31.475332],[131.392501,31.474232]]],[[[131.391838,31.502786],[131.391606,31.503267],[131.391108,31.502683],[131.391838,31.502786]]],[[[131.390201,31.501565],[131.390628,31.50207],[131.390047,31.503768],[131.390201,31.501565]]],[[[131.393251,31.503778],[131.392772,31.504369],[131.392149,31.503738],[131.393251,31.503778]]],[[[131.395478,31.504756],[131.394791,31.505386],[131.393698,31.50495],[131.395478,31.504756]]],[[[131.397597,31.505888],[131.397024,31.505769],[131.397612,31.505157],[131.397597,31.505888]]],[[[131.38755,31.511036],[131.386935,31.511167],[131.386419,31.511064],[131.38755,31.511036]]],[[[131.383602,31.511369],[131.384263,31.510148],[131.385667,31.510438],[131.383602,31.511369]]],[[[131.386206,31.515331],[131.385517,31.516053],[131.384198,31.515065],[131.386206,31.515331]]],[[[131.385303,31.524306],[131.386731,31.524243],[131.38573,31.525293],[131.385303,31.524306]]],[[[130.556946,31.529265],[130.552704,31.528351],[130.554543,31.528289],[130.556946,31.529265]]],[[[131.416968,31.529604],[131.41684,31.528719],[131.417453,31.528967],[131.416968,31.529604]]],[[[131.387743,31.531619],[131.387037,31.531453],[131.38738,31.530546],[131.387743,31.531619]]],[[[130.69657,31.529823],[130.696577,31.531081],[130.696076,31.531703],[130.69657,31.529823]]],[[[130.557666,31.537249],[130.54964,31.539991],[130.549392,31.539455],[130.557666,31.537249]]],[[[131.416968,31.529604],[131.416526,31.530701],[131.416272,31.532051],[131.416968,31.529604]]],[[[130.615458,31.542142],[130.616037,31.542249],[130.616576,31.542441],[130.615458,31.542142]]],[[[131.418824,31.550384],[131.418204,31.550332],[131.419105,31.54983],[131.418824,31.550384]]],[[[130.692375,31.550787],[130.691166,31.550813],[130.692984,31.550311],[130.692375,31.550787]]],[[[130.228775,31.550885],[130.228353,31.549805],[130.228847,31.549483],[130.228775,31.550885]]],[[[131.418623,31.552586],[131.418419,31.55187],[131.418981,31.55189],[131.418623,31.552586]]],[[[131.418623,31.552586],[131.416998,31.554066],[131.416689,31.553377],[131.418623,31.552586]]],[[[131.412693,31.549742],[131.413567,31.550581],[131.413274,31.553786],[131.412693,31.549742]]],[[[130.619811,31.561518],[130.619067,31.561129],[130.61935,31.560239],[130.619811,31.561518]]],[[[130.720864,31.563693],[130.72381,31.562602],[130.723183,31.5632],[130.720864,31.563693]]],[[[131.416686,31.565584],[131.415805,31.565164],[131.41666,31.56487],[131.416686,31.565584]]],[[[130.721032,31.567451],[130.720178,31.567317],[130.721392,31.566788],[130.721032,31.567451]]],[[[130.592104,31.566752],[130.592405,31.568234],[130.591078,31.566081],[130.592104,31.566752]]],[[[130.590496,31.56662],[130.592193,31.568933],[130.589348,31.566875],[130.590496,31.56662]]],[[[131.416039,31.573264],[131.414927,31.572857],[131.415637,31.572272],[131.416039,31.573264]]],[[[131.413959,31.575765],[131.413729,31.574976],[131.414404,31.574916],[131.413959,31.575765]]],[[[131.411695,31.583256],[131.411984,31.583866],[131.411716,31.584307],[131.411695,31.583256]]],[[[130.596965,31.592924],[130.596621,31.593611],[130.596339,31.592577],[130.596965,31.592924]]],[[[130.563507,31.593885],[130.567554,31.594346],[130.56743,31.597589],[130.563507,31.593885]]],[[[130.572122,31.601172],[130.572766,31.598794],[130.572713,31.600163],[130.572122,31.601172]]],[[[130.724964,31.619195],[130.72487,31.620499],[130.723907,31.621022],[130.724964,31.619195]]],[[[130.666175,31.626257],[130.665964,31.626868],[130.665348,31.627014],[130.666175,31.626257]]],[[[129.717779,31.63342],[129.717024,31.633252],[129.717564,31.632937],[129.717779,31.63342]]],[[[130.729491,31.633123],[130.729391,31.633795],[130.728741,31.632955],[130.729491,31.633123]]],[[[130.725504,31.637907],[130.724381,31.637241],[130.724477,31.636671],[130.725504,31.637907]]],[[[130.320483,31.651191],[130.318054,31.651113],[130.317408,31.652081],[130.320483,31.651191]]],[[[130.316533,31.653858],[130.316163,31.654348],[130.316343,31.652774],[130.316533,31.653858]]],[[[130.299613,31.661317],[130.300349,31.660614],[130.301388,31.660574],[130.299613,31.661317]]],[[[130.714543,31.699332],[130.715946,31.700954],[130.712602,31.702026],[130.714543,31.699332]]],[[[129.688009,31.703859],[129.686476,31.703095],[129.687416,31.702813],[129.688009,31.703859]]],[[[129.743819,31.70432],[129.742285,31.703513],[129.741998,31.702764],[129.743819,31.70432]]],[[[130.718795,31.705577],[130.71732,31.703007],[130.717724,31.700777],[130.718795,31.705577]]],[[[130.718795,31.705577],[130.720379,31.706302],[130.72108,31.708841],[130.718795,31.705577]]],[[[130.247821,31.719587],[130.24751,31.717749],[130.248189,31.716982],[130.247821,31.719587]]],[[[129.712006,31.727036],[129.711564,31.727735],[129.710608,31.726938],[129.712006,31.727036]]],[[[130.666578,31.72916],[130.668643,31.729203],[130.667398,31.729818],[130.666578,31.72916]]],[[[131.472353,31.740331],[131.47111,31.740588],[131.470144,31.739844],[131.472353,31.740331]]],[[[130.180387,31.739474],[130.180337,31.741097],[130.179695,31.741573],[130.180387,31.739474]]],[[[129.756577,31.743107],[129.75595,31.742919],[129.756572,31.742536],[129.756577,31.743107]]],[[[129.754255,31.743398],[129.753391,31.74326],[129.754796,31.742894],[129.754255,31.743398]]],[[[130.198011,31.752716],[130.201973,31.752734],[130.201795,31.753511],[130.198011,31.752716]]],[[[130.201005,31.754781],[130.200529,31.753961],[130.201159,31.753862],[130.201005,31.754781]]],[[[129.832844,31.772963],[129.833405,31.773615],[129.832457,31.77382],[129.832844,31.772963]]],[[[129.83557,31.773205],[129.834754,31.774424],[129.834054,31.773825],[129.83557,31.773205]]],[[[129.780275,31.775325],[129.779199,31.775381],[129.778435,31.774772],[129.780275,31.775325]]],[[[129.778435,31.774772],[129.777946,31.775409],[129.777265,31.77507],[129.778435,31.774772]]],[[[129.780275,31.775325],[129.779825,31.776557],[129.779648,31.775747],[129.780275,31.775325]]],[[[129.797819,31.778901],[129.798917,31.779956],[129.796617,31.778624],[129.797819,31.778901]]],[[[130.173241,31.781385],[130.172156,31.780523],[130.173039,31.780334],[130.173241,31.781385]]],[[[129.717779,31.63342],[129.801973,31.785396],[129.65811,31.659208],[129.684423,31.621983],[129.716499,31.634522],[129.717779,31.63342]]],[[[131.474281,31.79604],[131.472882,31.796337],[131.473889,31.795622],[131.474281,31.79604]]],[[[129.842007,31.80244],[129.839854,31.804466],[129.841421,31.802243],[129.842007,31.80244]]],[[[131.476896,31.804251],[131.477806,31.805266],[131.476849,31.806066],[131.476896,31.804251]]],[[[129.903969,31.814398],[129.903487,31.814925],[129.902801,31.814747],[129.903969,31.814398]]],[[[129.861831,31.816565],[129.861794,31.817233],[129.861115,31.816552],[129.861831,31.816565]]],[[[129.841421,31.802243],[129.820871,31.814253],[129.822602,31.774643],[129.842031,31.801861],[129.841421,31.802243]]],[[[129.845311,31.829824],[129.844808,31.828844],[129.841984,31.827112],[129.845311,31.829824]]],[[[130.186161,31.837276],[130.181536,31.835795],[130.179617,31.834207],[130.186161,31.837276]]],[[[129.929131,31.838588],[129.928381,31.839242],[129.927317,31.839388],[129.929131,31.838588]]],[[[129.951758,31.850865],[129.952519,31.851714],[129.951731,31.852054],[129.951758,31.850865]]],[[[129.976009,31.862266],[129.976118,31.860725],[129.978457,31.862636],[129.976009,31.862266]]],[[[129.976009,31.862266],[129.9746,31.863404],[129.974435,31.861964],[129.976009,31.862266]]],[[[129.983162,31.864061],[129.983006,31.864713],[129.982595,31.864286],[129.983162,31.864061]]],[[[129.983162,31.864061],[129.983838,31.863765],[129.98429,31.864032],[129.983162,31.864061]]],[[[129.948728,31.86696],[129.948076,31.866884],[129.947999,31.866346],[129.948728,31.86696]]],[[[129.963571,31.865794],[129.958876,31.867423],[129.957257,31.86657],[129.963571,31.865794]]],[[[129.953868,31.867882],[129.953067,31.867902],[129.952352,31.867754],[129.953868,31.867882]]],[[[130.000899,31.879151],[130.000403,31.879418],[130.000564,31.87874],[130.000899,31.879151]]],[[[129.917347,31.850845],[129.837659,31.882585],[129.820886,31.842206],[129.865213,31.859894],[129.841148,31.850301],[129.872103,31.800804],[129.929927,31.82404],[129.939802,31.869089],[129.904823,31.868605],[129.916265,31.85308],[129.917347,31.850845]],[[129.921547,31.841377],[129.921668,31.839787],[129.920662,31.839393],[129.921547,31.841377]],[[129.917347,31.850845],[129.917187,31.8521],[129.918402,31.852288],[129.917347,31.850845]]],[[[130.214487,31.89155],[130.213609,31.890995],[130.214179,31.890567],[130.214487,31.89155]]],[[[130.221081,31.912302],[130.221219,31.913016],[130.220552,31.912429],[130.221081,31.912302]]],[[[131.465607,31.918179],[131.467102,31.917348],[131.467285,31.918228],[131.465607,31.918179]]],[[[131.472971,31.925236],[131.473463,31.927048],[131.473084,31.927794],[131.472971,31.925236]]],[[[131.472248,31.933166],[131.472473,31.931411],[131.472875,31.931878],[131.472248,31.933166]]],[[[130.201447,31.972347],[130.201842,31.972812],[130.201797,31.973529],[130.201447,31.972347]]],[[[130.197392,31.979858],[130.196195,31.981162],[130.195307,31.980222],[130.197392,31.979858]]],[[[128.349077,31.988568],[128.34764,31.988897],[128.348015,31.986625],[128.349077,31.988568]]],[[[128.352998,31.994684],[128.353796,31.994223],[128.353724,31.994872],[128.352998,31.994684]]],[[[128.352998,31.994684],[128.35189,31.995163],[128.351762,31.997125],[128.352998,31.994684]]],[[[128.365286,32.013912],[128.364593,32.014768],[128.36412,32.015044],[128.365286,32.013912]]],[[[130.165201,32.021093],[130.164617,32.021233],[130.164421,32.020293],[130.165201,32.021093]]],[[[130.16599,32.027104],[130.165363,32.029038],[130.164673,32.028952],[130.16599,32.027104]]],[[[128.373448,32.025608],[128.373307,32.02703],[128.375293,32.027708],[128.373448,32.025608]]],[[[128.378757,32.030442],[128.378949,32.029751],[128.379554,32.029553],[128.378757,32.030442]]],[[[130.189611,32.033425],[130.188202,32.033652],[130.187441,32.033325],[130.189611,32.033425]]],[[[130.183595,32.034312],[130.181035,32.034835],[130.181961,32.033729],[130.183595,32.034312]]],[[[128.378757,32.030442],[128.379497,32.031121],[128.380936,32.030549],[128.378757,32.030442]]],[[[130.1617,32.037534],[130.161058,32.036395],[130.16153,32.034104],[130.1617,32.037534]]],[[[128.401086,32.050665],[128.381475,32.038447],[128.401539,32.049926],[128.401086,32.050665]]],[[[130.170046,32.075108],[130.169613,32.074592],[130.170534,32.074099],[130.170046,32.075108]]],[[[130.190181,32.079636],[130.190406,32.08061],[130.189246,32.081347],[130.190181,32.079636]]],[[[130.157954,32.086394],[130.157229,32.088127],[130.156378,32.087462],[130.157954,32.086394]]],[[[130.165001,32.088376],[130.164404,32.088325],[130.164325,32.087575],[130.165001,32.088376]]],[[[130.173989,32.093255],[130.17449,32.095784],[130.174049,32.095528],[130.173989,32.093255]]],[[[130.326879,32.123678],[130.327597,32.124988],[130.325892,32.123021],[130.326879,32.123678]]],[[[130.336369,32.133333],[130.336747,32.134964],[130.335435,32.132477],[130.336369,32.133333]]],[[[130.262842,32.147483],[130.262018,32.147554],[130.261606,32.146453],[130.262842,32.147483]]],[[[129.973166,32.146389],[129.974629,32.14866],[129.974125,32.149094],[129.973166,32.146389]]],[[[130.262842,32.147483],[130.263418,32.148276],[130.265474,32.147603],[130.262842,32.147483]]],[[[130.02373,32.154402],[130.023552,32.155068],[130.022883,32.155259],[130.02373,32.154402]]],[[[130.051883,32.157099],[130.051201,32.157403],[130.051287,32.156385],[130.051883,32.157099]]],[[[130.021059,32.157884],[130.020783,32.157035],[130.021525,32.156624],[130.021059,32.157884]]],[[[130.042757,32.156129],[130.041519,32.157155],[130.042777,32.158818],[130.042757,32.156129]]],[[[130.015412,32.167635],[130.014836,32.167646],[130.015109,32.166828],[130.015412,32.167635]]],[[[130.109214,32.168048],[130.10642,32.169519],[130.10825,32.168098],[130.109214,32.168048]]],[[[130.056247,32.163154],[130.053154,32.165985],[130.053373,32.169373],[130.056247,32.163154]]],[[[131.552304,32.172386],[131.551845,32.173202],[131.551455,32.172669],[131.552304,32.172386]]],[[[130.19906,32.175518],[130.198563,32.17518],[130.198609,32.174199],[130.19906,32.175518]]],[[[129.94152,32.175233],[129.941348,32.175876],[129.94003,32.175038],[129.94152,32.175233]]],[[[129.951694,32.177979],[129.951303,32.178554],[129.950866,32.177861],[129.951694,32.177979]]],[[[130.048881,32.175789],[130.047066,32.176189],[130.04623,32.177768],[130.048881,32.175789]]],[[[129.963541,32.178992],[129.962648,32.178842],[129.963042,32.178114],[129.963541,32.178992]]],[[[129.950526,32.178779],[129.95,32.179802],[129.949185,32.179214],[129.950526,32.178779]]],[[[129.969011,32.180412],[129.96879,32.179773],[129.96928,32.179309],[129.969011,32.180412]]],[[[130.016461,32.184103],[130.016746,32.186527],[130.014227,32.186465],[130.016461,32.184103]]],[[[129.969011,32.180412],[129.969713,32.180206],[129.971666,32.177647],[129.969011,32.180412]]],[[[130.021059,32.157884],[130.047168,32.156956],[130.032803,32.190302],[130.019293,32.159253],[130.021059,32.157884]],[[130.028507,32.190975],[130.02922,32.189795],[130.027775,32.189012],[130.028507,32.190975]]],[[[130.032285,32.192523],[130.031897,32.192192],[130.03201,32.191664],[130.032285,32.192523]]],[[[130.365823,32.199954],[130.365393,32.200391],[130.364794,32.200165],[130.365823,32.199954]]],[[[130.03259,32.19998],[130.033656,32.200048],[130.034718,32.201055],[130.03259,32.19998]]],[[[130.079941,32.196717],[130.082006,32.197848],[130.080989,32.19989],[130.079941,32.196717]]],[[[129.972015,32.201343],[129.972808,32.201493],[129.97349,32.202758],[129.972015,32.201343]]],[[[130.089641,32.213295],[130.089379,32.212796],[130.089915,32.212506],[130.089641,32.213295]]],[[[130.089641,32.213295],[130.090444,32.21402],[130.090631,32.214785],[130.089641,32.213295]]],[[[130.384995,32.217455],[130.386101,32.219031],[130.383877,32.217221],[130.384995,32.217455]]],[[[130.153676,32.221799],[130.152322,32.222235],[130.152388,32.221536],[130.153676,32.221799]]],[[[130.210977,32.225964],[130.211487,32.226725],[130.210128,32.226607],[130.210977,32.225964]]],[[[130.220416,32.226906],[130.220276,32.227538],[130.217771,32.227419],[130.220416,32.226906]]],[[[130.181922,32.225144],[130.181272,32.226011],[130.182428,32.228341],[130.181922,32.225144]]],[[[130.176448,32.224925],[130.152481,32.227275],[130.155323,32.197115],[130.106759,32.214804],[130.121871,32.200364],[130.090733,32.180644],[130.111134,32.125788],[130.168831,32.094242],[130.171368,32.133147],[130.209773,32.155126],[130.175143,32.223301],[130.176448,32.224925]],[[130.168558,32.10434],[130.167636,32.104179],[130.167484,32.105429],[130.168558,32.10434]],[[130.176667,32.117283],[130.175556,32.117295],[130.17548,32.118165],[130.176667,32.117283]],[[130.176448,32.224925],[130.17452,32.224598],[130.174701,32.225281],[130.176448,32.224925]]],[[[130.184715,32.230022],[130.184217,32.230399],[130.18371,32.228999],[130.184715,32.230022]]],[[[130.177277,32.233394],[130.176754,32.23372],[130.176374,32.232802],[130.177277,32.233394]]],[[[129.984103,32.237835],[129.984616,32.238637],[129.984351,32.239139],[129.984103,32.237835]]],[[[130.213316,32.243576],[130.212839,32.242544],[130.213871,32.241916],[130.213316,32.243576]]],[[[130.183766,32.241444],[130.186232,32.242171],[130.187399,32.244167],[130.183766,32.241444]]],[[[130.203559,32.226144],[130.20535,32.2044],[130.207762,32.225862],[130.203559,32.226144]]],[[[130.159007,32.245247],[130.159274,32.246596],[130.158564,32.245584],[130.159007,32.245247]]],[[[130.194001,32.245509],[130.194332,32.24764],[130.192721,32.246439],[130.194001,32.245509]]],[[[130.128604,32.247644],[130.128028,32.247458],[130.128094,32.246899],[130.128604,32.247644]]],[[[130.226412,32.248556],[130.225539,32.248751],[130.225227,32.248097],[130.226412,32.248556]]],[[[130.215298,32.249022],[130.214642,32.248339],[130.215192,32.247172],[130.215298,32.249022]]],[[[131.575993,32.249416],[131.576474,32.249848],[131.575977,32.251688],[131.575993,32.249416]]],[[[131.575368,32.251965],[131.574168,32.252492],[131.574561,32.251486],[131.575368,32.251965]]],[[[130.097133,32.253318],[130.100065,32.253859],[130.098836,32.254493],[130.097133,32.253318]]],[[[130.226412,32.248556],[130.227444,32.245973],[130.228949,32.246805],[130.226412,32.248556]]],[[[130.428098,32.264545],[130.427913,32.265118],[130.427462,32.264831],[130.428098,32.264545]]],[[[130.181492,32.261857],[130.181452,32.265082],[130.179475,32.265556],[130.181492,32.261857]]],[[[130.186213,32.256984],[130.159007,32.245247],[130.170287,32.225779],[130.183536,32.255606],[130.186213,32.256984]],[[130.186213,32.256984],[130.185137,32.257261],[130.184849,32.257939],[130.186213,32.256984]]],[[[130.140219,32.262691],[130.145759,32.264703],[130.148194,32.268052],[130.140219,32.262691]]],[[[130.03359,32.286259],[130.032562,32.28556],[130.03444,32.285521],[130.03359,32.286259]]],[[[130.451909,32.297735],[130.451081,32.298675],[130.451067,32.29746],[130.451909,32.297735]]],[[[130.446583,32.299428],[130.445747,32.299129],[130.446948,32.29874],[130.446583,32.299428]]],[[[130.455028,32.300341],[130.455203,32.301069],[130.454769,32.301341],[130.455028,32.300341]]],[[[130.231739,32.30337],[130.231036,32.303162],[130.232071,32.302739],[130.231739,32.30337]]],[[[130.235308,32.303438],[130.235282,32.304408],[130.233066,32.30368],[130.235308,32.303438]]],[[[130.246333,32.307959],[130.244986,32.306927],[130.245935,32.306741],[130.246333,32.307959]]],[[[130.257477,32.308146],[130.209503,32.254918],[130.268941,32.279852],[130.257265,32.306404],[130.257477,32.308146]]],[[[130.040536,32.310722],[130.040098,32.310333],[130.040609,32.309837],[130.040536,32.310722]]],[[[130.278114,32.315632],[130.277516,32.316759],[130.27611,32.316404],[130.278114,32.315632]]],[[[130.302487,32.316241],[130.302143,32.316934],[130.301725,32.315508],[130.302487,32.316241]]],[[[130.333428,32.317926],[130.332607,32.317912],[130.331909,32.317156],[130.333428,32.317926]]],[[[130.466362,32.31931],[130.466639,32.31865],[130.467715,32.318004],[130.466362,32.31931]]],[[[130.325535,32.319776],[130.325695,32.320464],[130.324673,32.319595],[130.325535,32.319776]]],[[[130.30471,32.320103],[130.303569,32.320954],[130.302308,32.319409],[130.30471,32.320103]]],[[[130.291435,32.322594],[130.290811,32.322222],[130.29113,32.321472],[130.291435,32.322594]]],[[[131.623837,32.325808],[131.622954,32.325454],[131.62289,32.323701],[131.623837,32.325808]]],[[[129.980617,32.327935],[129.980082,32.328384],[129.979724,32.327933],[129.980617,32.327935]]],[[[130.30398,32.334399],[130.302998,32.336468],[130.299403,32.334704],[130.30398,32.334399]]],[[[130.212208,32.337167],[130.210734,32.337713],[130.210017,32.337424],[130.212208,32.337167]]],[[[130.291076,32.340296],[130.290592,32.34091],[130.289051,32.339873],[130.291076,32.340296]]],[[[131.628064,32.340994],[131.627433,32.340345],[131.628409,32.340563],[131.628064,32.340994]]],[[[131.628064,32.340994],[131.629837,32.341522],[131.630322,32.342091],[131.628064,32.340994]]],[[[130.289348,32.343251],[130.288283,32.343141],[130.288406,32.342538],[130.289348,32.343251]]],[[[130.333813,32.342072],[130.334258,32.344062],[130.331263,32.342985],[130.333813,32.342072]]],[[[130.480634,32.348348],[130.47999,32.348918],[130.480163,32.34991],[130.480634,32.348348]]],[[[130.333428,32.317926],[130.374791,32.347394],[130.332667,32.320187],[130.333428,32.317926]]],[[[130.358876,32.351404],[130.361323,32.354137],[130.360255,32.356211],[130.358876,32.351404]]],[[[130.500968,32.358653],[130.500812,32.357358],[130.501353,32.357714],[130.500968,32.358653]]],[[[130.328085,32.362109],[130.32953,32.363792],[130.327803,32.364688],[130.328085,32.362109]]],[[[130.328085,32.362109],[130.299204,32.357726],[130.309894,32.339389],[130.328487,32.359266],[130.328085,32.362109]],[[130.317233,32.351055],[130.316409,32.351989],[130.317382,32.352246],[130.317233,32.351055]]],[[[130.320524,32.36738],[130.320587,32.369077],[130.32005,32.369242],[130.320524,32.36738]]],[[[130.316001,32.369472],[130.316253,32.370755],[130.314867,32.368709],[130.316001,32.369472]]],[[[130.344238,32.364157],[130.345842,32.3621],[130.348978,32.360552],[130.344238,32.364157]],[[130.344238,32.364157],[130.344732,32.365279],[130.34587,32.363733],[130.344238,32.364157]]],[[[130.3102,32.374475],[130.308962,32.373055],[130.308231,32.373123],[130.3102,32.374475]]],[[[130.411712,32.371032],[130.413653,32.373156],[130.413749,32.374536],[130.411712,32.371032]]],[[[130.314383,32.376891],[130.312152,32.37576],[130.31491,32.375622],[130.314383,32.376891]]],[[[130.236471,32.379176],[130.235747,32.38063],[130.233609,32.379063],[130.236471,32.379176]]],[[[130.325746,32.381065],[130.324337,32.382159],[130.323544,32.380852],[130.325746,32.381065]]],[[[129.987823,32.383908],[129.987154,32.383539],[129.987689,32.383182],[129.987823,32.383908]]],[[[130.478734,32.389317],[130.478251,32.38968],[130.478318,32.388813],[130.478734,32.389317]]],[[[130.405808,32.388776],[130.40702,32.389561],[130.406897,32.390263],[130.405808,32.388776]]],[[[130.342927,32.38926],[130.34437,32.392613],[130.343584,32.392536],[130.342927,32.38926]]],[[[130.405808,32.388776],[130.403527,32.389173],[130.402852,32.389873],[130.405808,32.388776]]],[[[130.328473,32.395523],[130.327563,32.393945],[130.326083,32.393404],[130.328473,32.395523]]],[[[130.424435,32.395513],[130.423998,32.396124],[130.423211,32.395537],[130.424435,32.395513]]],[[[129.99578,32.39609],[129.995502,32.396643],[129.99484,32.396248],[129.99578,32.39609]]],[[[130.347497,32.398119],[130.344998,32.394665],[130.346858,32.395935],[130.347497,32.398119]]],[[[130.242294,32.398828],[130.241836,32.39907],[130.242264,32.398299],[130.242294,32.398828]]],[[[130.42303,32.39386],[130.415981,32.36925],[130.423618,32.392851],[130.42303,32.39386]]],[[[130.428497,32.398889],[130.428427,32.4],[130.427359,32.399818],[130.428497,32.398889]]],[[[130.259814,32.4022],[130.260521,32.402059],[130.261238,32.402485],[130.259814,32.4022]]],[[[130.232799,32.402097],[130.232247,32.403191],[130.229791,32.400817],[130.232799,32.402097]]],[[[129.997338,32.406488],[129.996518,32.405983],[129.997273,32.405823],[129.997338,32.406488]]],[[[130.233124,32.405716],[130.23159,32.406979],[130.231364,32.407605],[130.233124,32.405716]]],[[[131.669169,32.410931],[131.668313,32.411203],[131.667028,32.410602],[131.669169,32.410931]]],[[[130.215188,32.415728],[130.214335,32.416621],[130.213607,32.416247],[130.215188,32.415728]]],[[[131.67768,32.417592],[131.676885,32.416468],[131.678735,32.416791],[131.67768,32.417592]]],[[[131.67768,32.417592],[131.679984,32.417276],[131.678469,32.418351],[131.67768,32.417592]]],[[[131.688216,32.419411],[131.687243,32.419049],[131.688711,32.418764],[131.688216,32.419411]]],[[[131.693976,32.424744],[131.692112,32.425334],[131.690267,32.424918],[131.693976,32.424744]]],[[[131.682085,32.433776],[131.682074,32.433082],[131.682904,32.433501],[131.682085,32.433776]]],[[[130.414847,32.440723],[130.418632,32.439072],[130.418233,32.43995],[130.414847,32.440723]]],[[[131.665988,32.451325],[131.664832,32.450886],[131.664814,32.449905],[131.665988,32.451325]]],[[[131.665988,32.451325],[131.667402,32.451521],[131.667198,32.45231],[131.665988,32.451325]]],[[[130.203915,32.457468],[130.200232,32.45911],[130.202916,32.457213],[130.203915,32.457468]]],[[[131.729377,32.465238],[131.730314,32.463322],[131.732442,32.46343],[131.729377,32.465238]]],[[[131.729377,32.465238],[131.730371,32.466194],[131.730111,32.466684],[131.729377,32.465238]]],[[[130.44424,32.466584],[130.443797,32.466846],[130.4427,32.466017],[130.44424,32.466584]]],[[[131.69319,32.467145],[131.692754,32.467577],[131.692462,32.467121],[131.69319,32.467145]]],[[[131.690901,32.468394],[131.690401,32.467451],[131.691477,32.467449],[131.690901,32.468394]]],[[[131.730578,32.468521],[131.72979,32.468623],[131.729031,32.468214],[131.730578,32.468521]]],[[[131.67059,32.466928],[131.669532,32.467518],[131.670018,32.46801],[131.67059,32.466928]]],[[[131.699044,32.470446],[131.698673,32.470927],[131.698506,32.470212],[131.699044,32.470446]]],[[[131.657358,32.471938],[131.659268,32.47169],[131.65927,32.472597],[131.657358,32.471938]]],[[[139.779896,32.458657],[139.758437,32.473473],[139.75461,32.451379],[139.780443,32.457476],[139.779896,32.458657]]],[[[131.718264,32.473479],[131.718441,32.4741],[131.717273,32.474436],[131.718264,32.473479]]],[[[131.703525,32.475004],[131.702525,32.474221],[131.702401,32.473456],[131.703525,32.475004]]],[[[130.494937,32.479137],[130.494631,32.479554],[130.49172,32.478697],[130.494937,32.479137]]],[[[130.49913,32.481089],[130.498392,32.481501],[130.496844,32.480783],[130.49913,32.481089]]],[[[131.722547,32.487176],[131.72247,32.486621],[131.723002,32.48682],[131.722547,32.487176]]],[[[130.288227,32.487334],[130.287442,32.487854],[130.287621,32.486786],[130.288227,32.487334]]],[[[131.729878,32.488848],[131.729747,32.488273],[131.731469,32.488043],[131.729878,32.488848]]],[[[130.501985,32.48903],[130.496917,32.489436],[130.499761,32.488405],[130.501985,32.48903]]],[[[131.725035,32.49033],[131.725028,32.489677],[131.725786,32.489782],[131.725035,32.49033]]],[[[130.501985,32.48903],[130.50101,32.490288],[130.499994,32.490374],[130.501985,32.48903]]],[[[130.510447,32.490694],[130.510945,32.491748],[130.508327,32.491331],[130.510447,32.490694]]],[[[131.728944,32.496348],[131.72897,32.495638],[131.729736,32.495758],[131.728944,32.496348]]],[[[131.728944,32.496348],[131.728253,32.496754],[131.728378,32.496134],[131.728944,32.496348]]],[[[130.192422,32.496819],[130.193652,32.49674],[130.197839,32.494245],[130.192422,32.496819]]],[[[130.042131,32.503222],[130.042028,32.502505],[130.042673,32.502395],[130.042131,32.503222]]],[[[130.395079,32.503524],[130.39437,32.504336],[130.394595,32.502997],[130.395079,32.503524]]],[[[130.544979,32.512734],[130.544181,32.513303],[130.544028,32.512503],[130.544979,32.512734]]],[[[130.390811,32.515945],[130.390419,32.515545],[130.391942,32.515449],[130.390811,32.515945]]],[[[130.402899,32.517025],[130.402254,32.517543],[130.401268,32.516628],[130.402899,32.517025]]],[[[130.051227,32.516366],[130.052549,32.517683],[130.051538,32.517379],[130.051227,32.516366]]],[[[130.053227,32.515998],[130.05343,32.516607],[130.052549,32.517683],[130.053227,32.515998]]],[[[130.340783,32.5174],[130.339503,32.517825],[130.340163,32.517263],[130.340783,32.5174]]],[[[130.378112,32.516738],[130.381751,32.518081],[130.379949,32.518094],[130.378112,32.516738]]],[[[131.711324,32.516036],[131.712893,32.516379],[131.712524,32.517125],[131.711324,32.516036]]],[[[130.069689,32.519231],[130.068738,32.52089],[130.068509,32.519937],[130.069689,32.519231]]],[[[130.408376,32.524076],[130.407663,32.523542],[130.408333,32.523349],[130.408376,32.524076]]],[[[130.412658,32.524928],[130.411863,32.525563],[130.410914,32.52469],[130.412658,32.524928]]],[[[130.411896,32.526877],[130.411315,32.526431],[130.411869,32.526357],[130.411896,32.526877]]],[[[130.361069,32.527894],[130.361992,32.527307],[130.362042,32.52828],[130.361069,32.527894]]],[[[130.042416,32.528692],[130.040184,32.526139],[130.037822,32.525581],[130.042416,32.528692]]],[[[130.429641,32.528957],[130.428695,32.529655],[130.427525,32.528112],[130.429641,32.528957]]],[[[130.417884,32.529227],[130.419017,32.529819],[130.417016,32.529826],[130.417884,32.529227]]],[[[130.340421,32.52914],[130.340154,32.529991],[130.338365,32.52883],[130.340421,32.52914]]],[[[130.435928,32.470265],[130.461278,32.529782],[130.394682,32.500018],[130.384617,32.524338],[130.315829,32.517612],[130.204597,32.451435],[130.246115,32.408419],[130.234379,32.385016],[130.352122,32.420103],[130.352016,32.378829],[130.380449,32.382385],[130.437091,32.470059],[130.435928,32.470265]],[[130.220686,32.417248],[130.222137,32.417397],[130.221101,32.416639],[130.220686,32.417248]],[[130.348122,32.419929],[130.346993,32.42025],[130.349375,32.421717],[130.348122,32.419929]],[[130.353527,32.38172],[130.354372,32.3828],[130.355531,32.382521],[130.353527,32.38172]],[[130.405673,32.408054],[130.404255,32.408671],[130.405061,32.409221],[130.405673,32.408054]],[[130.435928,32.470265],[130.435999,32.469561],[130.434607,32.471377],[130.435928,32.470265]]],[[[130.524918,32.530636],[130.523521,32.530884],[130.523567,32.529948],[130.524918,32.530636]]],[[[130.042416,32.528692],[130.039932,32.531169],[130.04041,32.530057],[130.042416,32.528692]]],[[[130.420651,32.531026],[130.420661,32.531601],[130.42007,32.532089],[130.420651,32.531026]]],[[[130.374041,32.528616],[130.375105,32.529028],[130.374513,32.52971],[130.374041,32.528616]]],[[[130.429703,32.530936],[130.429615,32.530345],[130.431711,32.529747],[130.429703,32.530936]],[[130.429703,32.530936],[130.431113,32.531197],[130.431467,32.530217],[130.429703,32.530936]]],[[[130.526374,32.532474],[130.526341,32.534407],[130.525184,32.534153],[130.526374,32.532474]]],[[[130.434878,32.533409],[130.434408,32.533893],[130.435069,32.534697],[130.434878,32.533409]]],[[[130.433911,32.534748],[130.434066,32.53564],[130.433067,32.534437],[130.433911,32.534748]]],[[[130.381271,32.535284],[130.380713,32.535842],[130.380287,32.535036],[130.381271,32.535284]]],[[[130.421774,32.536137],[130.420368,32.535472],[130.42264,32.534563],[130.421774,32.536137]]],[[[130.435262,32.536343],[130.435388,32.535102],[130.436598,32.536398],[130.435262,32.536343]]],[[[130.435262,32.536343],[130.435182,32.537097],[130.434406,32.536047],[130.435262,32.536343]]],[[[130.529593,32.537845],[130.529706,32.538877],[130.528476,32.53877],[130.529593,32.537845]]],[[[130.413758,32.53892],[130.412643,32.537512],[130.416269,32.538069],[130.413758,32.53892]]],[[[130.434878,32.533409],[130.43573,32.531877],[130.43686,32.531212],[130.434878,32.533409]]],[[[130.437481,32.540586],[130.435962,32.538694],[130.436975,32.538951],[130.437481,32.540586]]],[[[130.11026,32.540375],[130.110059,32.540912],[130.10918,32.541343],[130.11026,32.540375]]],[[[130.41225,32.543221],[130.411694,32.543427],[130.411067,32.542848],[130.41225,32.543221]]],[[[130.402976,32.543739],[130.401757,32.543423],[130.400763,32.543048],[130.402976,32.543739]]],[[[130.402976,32.543739],[130.403642,32.544114],[130.401917,32.544062],[130.402976,32.543739]]],[[[130.197566,32.540347],[130.198254,32.544145],[130.197073,32.543989],[130.197566,32.540347]]],[[[130.427126,32.543981],[130.426499,32.544291],[130.424262,32.5434],[130.427126,32.543981]]],[[[130.132897,32.547034],[130.130905,32.546816],[130.132007,32.546593],[130.132897,32.547034]]],[[[130.394116,32.544483],[130.396345,32.544748],[130.391373,32.547163],[130.394116,32.544483]]],[[[130.134184,32.546031],[130.134125,32.547256],[130.133871,32.546672],[130.134184,32.546031]]],[[[130.424262,32.5434],[130.423899,32.5412],[130.422873,32.541736],[130.424262,32.5434]]],[[[130.464861,32.549416],[130.464117,32.548876],[130.464353,32.548331],[130.464861,32.549416]]],[[[130.192422,32.496819],[130.189015,32.548771],[130.04596,32.512591],[130.012605,32.52977],[130.047417,32.491746],[129.976865,32.329184],[130.071691,32.300333],[130.061085,32.275986],[130.049439,32.304633],[130.032493,32.274468],[130.023923,32.30178],[129.98089,32.267873],[129.967197,32.243124],[130.013536,32.232605],[130.001749,32.190028],[130.077416,32.212077],[130.082208,32.24417],[130.098261,32.229016],[130.09156,32.254101],[130.166537,32.296112],[130.139611,32.297372],[130.157538,32.335185],[130.177864,32.337988],[130.172063,32.310894],[130.204432,32.325181],[130.225655,32.368192],[130.193297,32.387873],[130.217041,32.424498],[130.192146,32.496202],[130.192422,32.496819]],[[130.035014,32.529523],[130.033903,32.529554],[130.034142,32.530492],[130.035014,32.529523]],[[130.034142,32.530492],[130.032607,32.530814],[130.033068,32.531523],[130.034142,32.530492]]],[[[130.114959,32.553216],[130.111742,32.551844],[130.107226,32.551513],[130.114959,32.553216]]],[[[130.46525,32.553198],[130.46441,32.55494],[130.464211,32.554291],[130.46525,32.553198]]],[[[130.46241,32.557581],[130.462571,32.556536],[130.463051,32.556281],[130.46241,32.557581]]],[[[128.89111,32.558067],[128.88916,32.559376],[128.888455,32.559173],[128.89111,32.558067]]],[[[130.460539,32.559521],[130.459584,32.559182],[130.459406,32.558389],[130.460539,32.559521]]],[[[130.460539,32.559521],[130.460263,32.558141],[130.462325,32.558805],[130.460539,32.559521]]],[[[130.452922,32.559933],[130.452338,32.559184],[130.452578,32.558201],[130.452922,32.559933]]],[[[130.46157,32.564882],[130.462033,32.563354],[130.462189,32.564422],[130.46157,32.564882]]],[[[130.46157,32.564882],[130.462235,32.565539],[130.461654,32.565399],[130.46157,32.564882]]],[[[130.455231,32.562501],[130.45655,32.565627],[130.454693,32.563711],[130.455231,32.562501]]],[[[130.398845,32.566173],[130.398053,32.566213],[130.397608,32.565593],[130.398845,32.566173]]],[[[130.453407,32.565762],[130.453646,32.566261],[130.452914,32.566753],[130.453407,32.565762]]],[[[129.785199,32.56683],[129.773934,32.55035],[129.786106,32.565272],[129.785199,32.56683]]],[[[130.457212,32.570583],[130.457671,32.571332],[130.457117,32.571941],[130.457212,32.570583]]],[[[129.785237,32.570836],[129.785259,32.572021],[129.783301,32.571509],[129.785237,32.570836]]],[[[128.905529,32.571249],[128.904025,32.572264],[128.902847,32.571982],[128.905529,32.571249]]],[[[130.457117,32.571941],[130.45749,32.57274],[130.456073,32.572224],[130.457117,32.571941]]],[[[130.460955,32.576804],[130.45998,32.575989],[130.459977,32.575165],[130.460955,32.576804]]],[[[130.461283,32.578855],[130.460339,32.578238],[130.460377,32.577395],[130.461283,32.578855]]],[[[128.726373,32.578937],[128.725697,32.579018],[128.724931,32.578993],[128.726373,32.578937]]],[[[128.723144,32.579039],[128.722785,32.57847],[128.723492,32.578562],[128.723144,32.579039]]],[[[129.786661,32.578175],[129.787121,32.579568],[129.783792,32.573544],[129.786661,32.578175]]],[[[128.723144,32.579039],[128.718046,32.582919],[128.714838,32.58205],[128.723144,32.579039]]],[[[130.465901,32.582493],[130.46621,32.583782],[130.465709,32.583112],[130.465901,32.582493]]],[[[130.489691,32.584961],[130.489848,32.586255],[130.489215,32.585447],[130.489691,32.584961]]],[[[130.389732,32.586796],[130.38944,32.587232],[130.388733,32.586077],[130.389732,32.586796]]],[[[130.474444,32.58645],[130.475483,32.587147],[130.47451,32.587508],[130.474444,32.58645]]],[[[130.47451,32.587508],[130.463856,32.539385],[130.473605,32.587041],[130.47451,32.587508]],[[130.468274,32.585883],[130.469849,32.585296],[130.46879,32.583789],[130.468274,32.585883]]],[[[130.458706,32.587026],[130.459082,32.585818],[130.459767,32.588049],[130.458706,32.587026]]],[[[130.375593,32.588255],[130.374648,32.588698],[130.37342,32.587931],[130.375593,32.588255]]],[[[128.661493,32.587759],[128.660003,32.588872],[128.658792,32.58784],[128.661493,32.587759]]],[[[128.930417,32.589737],[128.929731,32.589199],[128.930329,32.588991],[128.930417,32.589737]]],[[[128.903448,32.587859],[128.903754,32.590397],[128.900611,32.590098],[128.903448,32.587859]]],[[[129.755611,32.593198],[129.754551,32.5931],[129.755448,32.592598],[129.755611,32.593198]]],[[[128.70106,32.593302],[128.700328,32.592716],[128.700873,32.592469],[128.70106,32.593302]]],[[[128.70106,32.593302],[128.700679,32.59372],[128.699984,32.593386],[128.70106,32.593302]]],[[[128.931694,32.593575],[128.931547,32.594187],[128.930619,32.593477],[128.931694,32.593575]]],[[[130.473522,32.593349],[130.473802,32.594274],[130.47281,32.594499],[130.473522,32.593349]]],[[[128.906444,32.593982],[128.906737,32.594862],[128.904207,32.593921],[128.906444,32.593982]]],[[[129.761153,32.596799],[129.761019,32.595906],[129.76161,32.595327],[129.761153,32.596799]]],[[[129.761153,32.596799],[129.760967,32.59781],[129.760692,32.598366],[129.761153,32.596799]]],[[[128.924635,32.597903],[128.923673,32.598696],[128.922288,32.598352],[128.924635,32.597903]]],[[[128.926218,32.596612],[128.92673,32.598217],[128.925544,32.598719],[128.926218,32.596612]]],[[[130.448431,32.598211],[130.44952,32.599138],[130.447949,32.598478],[130.448431,32.598211]]],[[[128.657422,32.600803],[128.657679,32.599935],[128.658933,32.599218],[128.657422,32.600803]]],[[[129.775596,32.601413],[129.774532,32.601485],[129.773869,32.600773],[129.775596,32.601413]]],[[[128.790384,32.602124],[128.792588,32.602734],[128.791764,32.604459],[128.790384,32.602124]]],[[[128.832953,32.605296],[128.831504,32.605621],[128.830708,32.605261],[128.832953,32.605296]]],[[[128.837489,32.606572],[128.836989,32.606443],[128.837582,32.605997],[128.837489,32.606572]]],[[[130.343737,32.603663],[130.342086,32.605046],[130.336903,32.606926],[130.343737,32.603663]]],[[[128.613782,32.608696],[128.613267,32.608053],[128.614591,32.607704],[128.613782,32.608696]]],[[[130.47549,32.609049],[130.475935,32.60831],[130.476731,32.608435],[130.47549,32.609049]]],[[[130.489691,32.584961],[130.510972,32.605463],[130.473529,32.603902],[130.491745,32.587104],[130.489691,32.584961]]],[[[130.396129,32.610397],[130.395803,32.611011],[130.394578,32.609958],[130.396129,32.610397]]],[[[131.763353,32.61327],[131.761946,32.612214],[131.763153,32.611889],[131.763353,32.61327]]],[[[130.505412,32.613312],[130.504147,32.61119],[130.506045,32.611821],[130.505412,32.613312]]],[[[129.7053,32.615681],[129.704366,32.616293],[129.704154,32.6155],[129.7053,32.615681]]],[[[128.773378,32.615943],[128.774068,32.616207],[128.773226,32.616886],[128.773378,32.615943]]],[[[128.78197,32.616795],[128.781411,32.617347],[128.780178,32.61708],[128.78197,32.616795]]],[[[128.777709,32.617602],[128.777221,32.617938],[128.777222,32.617002],[128.777709,32.617602]]],[[[128.781054,32.620001],[128.779902,32.619636],[128.779845,32.6188],[128.781054,32.620001]]],[[[128.778144,32.621314],[128.777276,32.620228],[128.777501,32.621494],[128.778144,32.621314]]],[[[128.778144,32.621314],[128.779189,32.62152],[128.777488,32.622356],[128.778144,32.621314]]],[[[130.595468,32.624397],[130.595663,32.623184],[130.59636,32.623225],[130.595468,32.624397]]],[[[130.458706,32.587026],[130.443147,32.625866],[130.393683,32.588888],[130.422728,32.545678],[130.452406,32.552205],[130.458361,32.586326],[130.458706,32.587026]],[[130.422314,32.609828],[130.422824,32.611161],[130.423745,32.610409],[130.422314,32.609828]],[[130.404459,32.582624],[130.403743,32.583084],[130.404611,32.583969],[130.404459,32.582624]],[[130.407306,32.566091],[130.407858,32.566741],[130.408103,32.565838],[130.407306,32.566091]],[[130.410926,32.551706],[130.409804,32.552964],[130.411217,32.553125],[130.410926,32.551706]],[[130.450428,32.565369],[130.450025,32.564454],[130.448393,32.564605],[130.450428,32.565369]],[[130.443311,32.571956],[130.442282,32.571885],[130.442801,32.57287],[130.443311,32.571956]],[[130.449505,32.573244],[130.448444,32.573443],[130.44881,32.573911],[130.449505,32.573244]],[[130.439418,32.555288],[130.441597,32.555598],[130.441741,32.555077],[130.439418,32.555288]]],[[[130.448959,32.625587],[130.447568,32.626134],[130.446569,32.6257],[130.448959,32.625587]]],[[[130.16026,32.626909],[130.159933,32.624392],[130.160284,32.625],[130.16026,32.626909]]],[[[129.737454,32.62594],[129.73874,32.626739],[129.739186,32.62739],[129.737454,32.62594]]],[[[129.747104,32.632342],[129.746598,32.632407],[129.747437,32.631374],[129.747104,32.632342]]],[[[131.772263,32.633155],[131.772991,32.632782],[131.773316,32.633615],[131.772263,32.633155]]],[[[129.747104,32.632342],[129.747156,32.63307],[129.747242,32.634379],[129.747104,32.632342]]],[[[128.879867,32.638455],[128.87935,32.638358],[128.879537,32.636986],[128.879867,32.638455]]],[[[129.797128,32.639484],[129.79632,32.639434],[129.796798,32.63872],[129.797128,32.639484]]],[[[131.77972,32.641566],[131.779187,32.642004],[131.7785,32.641329],[131.77972,32.641566]]],[[[128.816285,32.643825],[128.815308,32.644869],[128.81406,32.644364],[128.816285,32.643825]]],[[[130.288608,32.650171],[130.289095,32.649818],[130.290648,32.650608],[130.288608,32.650171]]],[[[128.810746,32.649905],[128.810761,32.650871],[128.81018,32.650225],[128.810746,32.649905]]],[[[129.798744,32.64824],[129.799097,32.648752],[129.799486,32.649662],[129.798744,32.64824]]],[[[130.290648,32.650608],[130.291701,32.650168],[130.290175,32.652038],[130.290648,32.650608]]],[[[131.771266,32.652196],[131.771096,32.651622],[131.771926,32.652044],[131.771266,32.652196]]],[[[131.819436,32.652281],[131.818923,32.652709],[131.818293,32.652567],[131.819436,32.652281]]],[[[131.82309,32.653276],[131.823824,32.654111],[131.82239,32.654934],[131.82309,32.653276]]],[[[130.310306,32.655508],[130.311178,32.65435],[130.311413,32.655102],[130.310306,32.655508]]],[[[130.313284,32.656481],[130.313457,32.654117],[130.313841,32.655306],[130.313284,32.656481]]],[[[131.808357,32.657752],[131.807541,32.658274],[131.807277,32.657592],[131.808357,32.657752]]],[[[129.797486,32.657613],[129.797178,32.658201],[129.796094,32.658381],[129.797486,32.657613]]],[[[131.811763,32.658783],[131.810423,32.659906],[131.810418,32.659254],[131.811763,32.658783]]],[[[131.834547,32.664426],[131.833959,32.66463],[131.833397,32.664206],[131.834547,32.664426]]],[[[128.650731,32.663625],[128.65,32.665176],[128.647767,32.665034],[128.650731,32.663625]]],[[[131.806544,32.665391],[131.805447,32.664617],[131.806721,32.664523],[131.806544,32.665391]]],[[[129.757453,32.666976],[129.756745,32.665235],[129.754436,32.666441],[129.757453,32.666976]]],[[[129.757453,32.666976],[129.758325,32.668557],[129.75785,32.670124],[129.757453,32.666976]]],[[[131.811763,32.658783],[131.812544,32.657876],[131.812804,32.657391],[131.811763,32.658783]]],[[[129.797444,32.675519],[129.796754,32.675559],[129.795999,32.674805],[129.797444,32.675519]]],[[[128.656215,32.676269],[128.657359,32.675573],[128.658102,32.67559],[128.656215,32.676269]]],[[[131.79877,32.678589],[131.798877,32.677673],[131.800014,32.677614],[131.79877,32.678589]]],[[[128.635559,32.679051],[128.616794,32.646489],[128.636886,32.675002],[128.635559,32.679051]]],[[[128.633858,32.681837],[128.633869,32.681097],[128.634771,32.680829],[128.633858,32.681837]]],[[[128.649618,32.683461],[128.64864,32.683091],[128.649378,32.682869],[128.649618,32.683461]]],[[[131.807549,32.684101],[131.806405,32.684203],[131.808681,32.683422],[131.807549,32.684101]]],[[[131.834356,32.684581],[131.83343,32.683922],[131.836161,32.683826],[131.834356,32.684581]]],[[[131.84745,32.682013],[131.845272,32.682475],[131.846543,32.683099],[131.84745,32.682013]]],[[[130.13792,32.687718],[130.13659,32.687329],[130.138099,32.687023],[130.13792,32.687718]]],[[[130.13792,32.687718],[130.140043,32.688556],[130.138537,32.688552],[130.13792,32.687718]]],[[[131.846098,32.688922],[131.847428,32.688935],[131.846904,32.689426],[131.846098,32.688922]]],[[[131.846098,32.688922],[131.845389,32.689886],[131.844525,32.68861],[131.846098,32.688922]]],[[[131.842847,32.690393],[131.84181,32.689475],[131.842621,32.689752],[131.842847,32.690393]]],[[[129.832322,32.690922],[129.831973,32.692298],[129.830041,32.692121],[129.832322,32.690922]]],[[[129.809959,32.695736],[129.809103,32.695402],[129.809956,32.694865],[129.809959,32.695736]]],[[[130.563097,32.694798],[130.562549,32.695906],[130.561031,32.694602],[130.563097,32.694798]]],[[[131.818382,32.697102],[131.818318,32.696579],[131.819017,32.696354],[131.818382,32.697102]]],[[[129.846563,32.699596],[129.846048,32.699802],[129.844262,32.697895],[129.846563,32.699596]]],[[[129.773974,32.701313],[129.771594,32.700395],[129.775436,32.696666],[129.773974,32.701313]]],[[[131.823085,32.70331],[131.821065,32.702727],[131.819502,32.701334],[131.823085,32.70331]]],[[[128.849621,32.703476],[128.851704,32.701471],[128.854036,32.700523],[128.849621,32.703476]]],[[[129.8147,32.702385],[129.814687,32.703096],[129.814787,32.703827],[129.8147,32.702385]]],[[[129.813042,32.70404],[129.812502,32.703924],[129.813477,32.703198],[129.813042,32.70404]]],[[[129.911065,32.70439],[129.912088,32.70383],[129.913149,32.704292],[129.911065,32.70439]]],[[[129.911169,32.705653],[129.912132,32.705039],[129.913027,32.70543],[129.911169,32.705653]]],[[[130.351133,32.7116],[130.351774,32.710525],[130.352338,32.710795],[130.351133,32.7116]]],[[[128.899105,32.707099],[128.898033,32.707856],[128.899852,32.708147],[128.899105,32.707099]]],[[[131.866641,32.712951],[131.865814,32.712409],[131.867001,32.711822],[131.866641,32.712951]]],[[[132.570958,32.713197],[132.570456,32.712766],[132.571386,32.712162],[132.570958,32.713197]]],[[[129.773974,32.701313],[129.774652,32.702255],[129.775606,32.701618],[129.773974,32.701313]]],[[[131.865428,32.715724],[131.865417,32.714832],[131.865391,32.713615],[131.865428,32.715724]]],[[[129.832239,32.715553],[129.831831,32.716334],[129.830613,32.716659],[129.832239,32.715553]]],[[[129.826673,32.717053],[129.825998,32.71619],[129.827702,32.716298],[129.826673,32.717053]]],[[[131.934,32.71775],[131.933297,32.71727],[131.93409,32.717098],[131.934,32.71775]]],[[[128.860529,32.717106],[128.85988,32.717763],[128.85945,32.71706],[128.860529,32.717106]]],[[[128.858655,32.713906],[128.857703,32.715014],[128.858242,32.716354],[128.858655,32.713906]]],[[[129.817551,32.718338],[129.816311,32.718864],[129.815444,32.71817],[129.817551,32.718338]]],[[[131.934,32.71775],[131.934926,32.718975],[131.932467,32.718032],[131.934,32.71775]]],[[[131.932467,32.718032],[131.932177,32.719006],[131.93121,32.717961],[131.932467,32.718032]]],[[[129.81279,32.719846],[129.812355,32.720705],[129.812161,32.718899],[129.81279,32.719846]]],[[[131.934567,32.72026],[131.935113,32.720743],[131.934387,32.72091],[131.934567,32.72026]]],[[[133.017063,32.720852],[133.016559,32.721158],[133.015582,32.720839],[133.017063,32.720852]]],[[[131.885276,32.72252],[131.884617,32.722036],[131.885369,32.721996],[131.885276,32.72252]]],[[[131.929498,32.722602],[131.930509,32.722766],[131.929745,32.723276],[131.929498,32.722602]]],[[[128.855688,32.72197],[128.853355,32.723605],[128.851876,32.723641],[128.855688,32.72197]]],[[[129.808229,32.723299],[129.807732,32.724536],[129.807646,32.72306],[129.808229,32.723299]]],[[[131.881653,32.726857],[131.880834,32.726795],[131.882233,32.726406],[131.881653,32.726857]]],[[[131.929745,32.723276],[131.930053,32.725101],[131.929758,32.726119],[131.929745,32.723276]]],[[[128.841189,32.72758],[128.841667,32.727406],[128.84264,32.728172],[128.841189,32.72758]]],[[[128.962392,32.729601],[128.961484,32.730323],[128.961241,32.728976],[128.962392,32.729601]]],[[[131.869035,32.73081],[131.868027,32.730869],[131.867967,32.730317],[131.869035,32.73081]]],[[[132.981768,32.731264],[132.98162,32.730396],[132.982115,32.73076],[132.981768,32.731264]]],[[[128.862628,32.729255],[128.863643,32.730888],[128.862882,32.731371],[128.862628,32.729255]]],[[[131.876638,32.732587],[131.875885,32.733283],[131.875611,32.732497],[131.876638,32.732587]]],[[[131.868979,32.733922],[131.868906,32.734508],[131.868326,32.733861],[131.868979,32.733922]]],[[[132.517469,32.737625],[132.518261,32.737841],[132.516722,32.738898],[132.517469,32.737625]]],[[[128.606034,32.740756],[128.591528,32.712538],[128.607614,32.739826],[128.606034,32.740756]]],[[[128.985594,32.740738],[128.98619,32.740997],[128.985794,32.741387],[128.985594,32.740738]]],[[[128.857297,32.74345],[128.858326,32.742707],[128.8581,32.743294],[128.857297,32.74345]]],[[[132.490174,32.737037],[132.492746,32.737403],[132.492956,32.73844],[132.490174,32.737037]]],[[[128.77555,32.741704],[128.775084,32.743858],[128.77421,32.74427],[128.77555,32.741704]]],[[[128.95197,32.744852],[128.949622,32.744445],[128.951051,32.743111],[128.95197,32.744852]]],[[[129.978533,32.745781],[129.978263,32.743848],[129.9792,32.743258],[129.978533,32.745781]]],[[[129.864144,32.745906],[129.864083,32.744956],[129.864596,32.744833],[129.864144,32.745906]]],[[[128.967937,32.746261],[128.968575,32.745219],[128.969444,32.745714],[128.967937,32.746261]]],[[[132.604151,32.744991],[132.603353,32.747969],[132.601534,32.748408],[132.604151,32.744991]]],[[[128.743361,32.748577],[128.742658,32.749047],[128.742184,32.748204],[128.743361,32.748577]]],[[[128.87814,32.743624],[128.881417,32.749618],[128.879633,32.750789],[128.87814,32.743624]]],[[[128.730115,32.750595],[128.731215,32.750003],[128.732461,32.751057],[128.730115,32.750595]]],[[[128.95245,32.749817],[128.951967,32.750871],[128.95123,32.751069],[128.95245,32.749817]]],[[[128.745832,32.752639],[128.743863,32.751821],[128.74389,32.751011],[128.745832,32.752639]]],[[[128.812547,32.753055],[128.810964,32.752277],[128.812081,32.752158],[128.812547,32.753055]]],[[[128.842537,32.753269],[128.842129,32.754154],[128.84136,32.753811],[128.842537,32.753269]]],[[[129.005622,32.754503],[129.006139,32.753401],[129.0069,32.753322],[129.005622,32.754503]]],[[[129.999181,32.754424],[129.998026,32.754721],[129.996591,32.752783],[129.999181,32.754424]]],[[[131.87628,32.755096],[131.875826,32.753834],[131.876274,32.754088],[131.87628,32.755096]]],[[[132.550532,32.750128],[132.540937,32.703408],[132.573031,32.716523],[132.552449,32.747191],[132.550532,32.750128]]],[[[128.836739,32.754614],[128.834564,32.755341],[128.836211,32.754031],[128.836739,32.754614]]],[[[130.007152,32.751901],[130.006753,32.753773],[130.003657,32.755836],[130.007152,32.751901]]],[[[132.627209,32.755751],[132.625202,32.756779],[132.624297,32.756214],[132.627209,32.755751]]],[[[132.953083,32.756843],[132.952504,32.756805],[132.952771,32.756331],[132.953083,32.756843]]],[[[128.644179,32.757078],[128.644504,32.756171],[128.645194,32.755991],[128.644179,32.757078]]],[[[128.952354,32.754745],[128.953007,32.754948],[128.954383,32.75552],[128.952354,32.754745]]],[[[132.482704,32.757661],[132.481255,32.757113],[132.482755,32.756866],[132.482704,32.757661]]],[[[132.551375,32.757466],[132.550573,32.757956],[132.550579,32.75741],[132.551375,32.757466]]],[[[132.482704,32.757661],[132.484414,32.757724],[132.483544,32.758165],[132.482704,32.757661]]],[[[132.483544,32.758165],[132.484424,32.758912],[132.483438,32.759203],[132.483544,32.758165]]],[[[130.045487,32.759557],[130.045194,32.760414],[130.042292,32.759387],[130.045487,32.759557]]],[[[128.745087,32.760517],[128.745364,32.759415],[128.746698,32.758945],[128.745087,32.760517]]],[[[130.594463,32.761378],[130.593739,32.761183],[130.594101,32.759137],[130.594463,32.761378]]],[[[130.37342,32.761428],[130.372551,32.76167],[130.372825,32.761074],[130.37342,32.761428]]],[[[129.96631,32.760126],[129.965449,32.762139],[129.964273,32.762294],[129.96631,32.760126]]],[[[128.744588,32.762365],[128.742402,32.76134],[128.743692,32.760962],[128.744588,32.762365]]],[[[130.041169,32.759352],[130.040257,32.761304],[130.040931,32.762763],[130.041169,32.759352]]],[[[130.03193,32.763973],[130.036378,32.763596],[130.034955,32.764123],[130.03193,32.763973]]],[[[133.012556,32.766731],[133.01181,32.767576],[133.010465,32.76761],[133.012556,32.766731]]],[[[132.557727,32.767171],[132.558422,32.767829],[132.556605,32.768403],[132.557727,32.767171]]],[[[130.592976,32.768675],[130.573044,32.76281],[130.593328,32.765298],[130.592976,32.768675]]],[[[130.375674,32.769165],[130.375935,32.770105],[130.374549,32.770027],[130.375674,32.769165]]],[[[131.923491,32.770537],[131.924088,32.770319],[131.924195,32.770859],[131.923491,32.770537]]],[[[130.38713,32.771858],[130.385882,32.771523],[130.386484,32.771064],[130.38713,32.771858]]],[[[132.629263,32.772236],[132.629111,32.773327],[132.628178,32.773443],[132.629263,32.772236]]],[[[130.379948,32.773656],[130.378952,32.772807],[130.380379,32.77243],[130.379948,32.773656]]],[[[132.731644,32.773341],[132.731151,32.774082],[132.730703,32.773191],[132.731644,32.773341]]],[[[130.379948,32.773656],[130.380319,32.774537],[130.379273,32.774284],[130.379948,32.773656]]],[[[131.910442,32.774392],[131.909863,32.774669],[131.909732,32.773741],[131.910442,32.774392]]],[[[131.925967,32.774266],[131.925544,32.773719],[131.926467,32.774046],[131.925967,32.774266]]],[[[131.925967,32.774266],[131.925343,32.775611],[131.924319,32.775306],[131.925967,32.774266]]],[[[130.378525,32.77384],[130.378495,32.774794],[130.378951,32.775225],[130.378525,32.77384]]],[[[132.936679,32.775526],[132.93625,32.775829],[132.934098,32.775354],[132.936679,32.775526]]],[[[132.72728,32.776251],[132.726733,32.776944],[132.7263,32.775717],[132.72728,32.776251]]],[[[128.965205,32.761541],[128.965752,32.761779],[128.967821,32.763859],[128.965205,32.761541]]],[[[132.959293,32.777235],[132.958672,32.776621],[132.9592,32.776536],[132.959293,32.777235]]],[[[130.380253,32.776586],[130.37967,32.777492],[130.379793,32.776191],[130.380253,32.776586]]],[[[132.845082,32.776354],[132.846104,32.776392],[132.846413,32.777651],[132.845082,32.776354]]],[[[132.652653,32.777509],[132.653382,32.776979],[132.654042,32.777696],[132.652653,32.777509]]],[[[128.839517,32.777877],[128.841976,32.777812],[128.842236,32.778866],[128.839517,32.777877]]],[[[132.727871,32.778269],[132.726932,32.77896],[132.726263,32.777694],[132.727871,32.778269]]],[[[130.381939,32.778493],[130.381902,32.779667],[130.381202,32.777713],[130.381939,32.778493]]],[[[131.930151,32.778575],[131.928637,32.780158],[131.927911,32.779978],[131.930151,32.778575]]],[[[131.932666,32.779708],[131.932357,32.780265],[131.931757,32.779691],[131.932666,32.779708]]],[[[131.923491,32.770537],[131.924022,32.771477],[131.923671,32.772419],[131.923491,32.770537]]],[[[132.900946,32.780986],[132.900046,32.782089],[132.900005,32.780397],[132.900946,32.780986]]],[[[132.643126,32.78393],[132.642062,32.784227],[132.641366,32.783903],[132.643126,32.78393]]],[[[131.936154,32.784517],[131.935307,32.784288],[131.935135,32.783702],[131.936154,32.784517]]],[[[131.936154,32.784517],[131.935998,32.783924],[131.93663,32.783333],[131.936154,32.784517]]],[[[132.697838,32.784088],[132.698085,32.785045],[132.696997,32.783928],[132.697838,32.784088]]],[[[131.919977,32.785206],[131.919638,32.784574],[131.920195,32.784297],[131.919977,32.785206]]],[[[132.721376,32.784314],[132.721377,32.785224],[132.720683,32.785153],[132.721376,32.784314]]],[[[132.723804,32.784295],[132.723164,32.785438],[132.72225,32.784572],[132.723804,32.784295]]],[[[132.858027,32.783753],[132.857638,32.785455],[132.85664,32.784269],[132.858027,32.783753]]],[[[132.720044,32.786092],[132.719448,32.785792],[132.720244,32.78545],[132.720044,32.786092]]],[[[130.380016,32.784509],[130.377773,32.786484],[130.37896,32.784257],[130.380016,32.784509]]],[[[132.720044,32.786092],[132.720941,32.786416],[132.720562,32.786952],[132.720044,32.786092]]],[[[132.700103,32.787184],[132.699314,32.787195],[132.699543,32.786496],[132.700103,32.787184]]],[[[132.997956,32.787469],[132.997825,32.78821],[132.997166,32.787156],[132.997956,32.787469]]],[[[131.972165,32.788326],[131.971521,32.788852],[131.971459,32.788258],[131.972165,32.788326]]],[[[132.996116,32.787933],[132.996994,32.788056],[132.995839,32.789159],[132.996116,32.787933]]],[[[131.94358,32.789756],[131.943988,32.789419],[131.944094,32.789957],[131.94358,32.789756]]],[[[129.005622,32.754503],[128.992331,32.791336],[128.962677,32.750491],[129.005793,32.752979],[129.005622,32.754503]]],[[[128.926015,32.791177],[128.925543,32.792423],[128.924786,32.790604],[128.926015,32.791177]]],[[[129.76281,32.792366],[129.761225,32.792804],[129.758108,32.792152],[129.76281,32.792366]]],[[[130.088263,32.792556],[130.087149,32.793142],[130.086187,32.792138],[130.088263,32.792556]]],[[[131.963287,32.793478],[131.96256,32.793281],[131.962822,32.792723],[131.963287,32.793478]]],[[[130.088389,32.793434],[130.089116,32.792904],[130.089546,32.793829],[130.088389,32.793434]]],[[[132.710702,32.794535],[132.710211,32.794966],[132.709727,32.794061],[132.710702,32.794535]]],[[[128.925962,32.793421],[128.925504,32.79557],[128.925844,32.796598],[128.925962,32.793421]]],[[[128.836739,32.754614],[128.803602,32.751855],[128.826204,32.76024],[128.808812,32.798101],[128.76572,32.761663],[128.796321,32.76123],[128.777737,32.734899],[128.757767,32.769066],[128.735551,32.737618],[128.737026,32.75763],[128.691237,32.738306],[128.697079,32.766704],[128.664544,32.784967],[128.640067,32.761203],[128.649612,32.680061],[128.678156,32.672632],[128.635767,32.628429],[128.667631,32.630027],[128.643024,32.60383],[128.611526,32.646957],[128.598519,32.612271],[128.656227,32.590423],[128.735539,32.607424],[128.771736,32.573904],[128.793746,32.598798],[128.761757,32.619741],[128.770103,32.64475],[128.897227,32.650328],[128.848982,32.688906],[128.837326,32.755705],[128.836739,32.754614]],[[128.727075,32.747844],[128.725267,32.746427],[128.72458,32.746938],[128.727075,32.747844]],[[128.678156,32.672632],[128.679179,32.671976],[128.677936,32.671967],[128.678156,32.672632]]],[[[128.792243,32.798787],[128.791483,32.798544],[128.792197,32.798272],[128.792243,32.798787]]],[[[128.796634,32.799583],[128.795798,32.799582],[128.79662,32.79901],[128.796634,32.799583]]],[[[128.793606,32.799662],[128.79271,32.799273],[128.793277,32.799087],[128.793606,32.799662]]],[[[131.949722,32.799842],[131.948925,32.799294],[131.949586,32.799186],[131.949722,32.799842]]],[[[128.795785,32.800685],[128.794888,32.800694],[128.795336,32.800103],[128.795785,32.800685]]],[[[131.899803,32.800182],[131.898438,32.800967],[131.898759,32.799914],[131.899803,32.800182]]],[[[132.488384,32.806725],[132.48747,32.807625],[132.485102,32.806483],[132.488384,32.806725]]],[[[128.932268,32.802407],[128.931243,32.801933],[128.929991,32.802329],[128.932268,32.802407]],[[128.932268,32.802407],[128.933231,32.80173],[128.932787,32.801263],[128.932268,32.802407]]],[[[131.977655,32.808194],[131.978295,32.807754],[131.978709,32.808073],[131.977655,32.808194]]],[[[128.680511,32.810362],[128.678034,32.809797],[128.676648,32.80937],[128.680511,32.810362]]],[[[128.948047,32.810204],[128.950339,32.808806],[128.951326,32.809731],[128.948047,32.810204]]],[[[128.908121,32.810549],[128.9074,32.810262],[128.908403,32.810081],[128.908121,32.810549]]],[[[128.937768,32.815797],[128.935906,32.814737],[128.93676,32.814624],[128.937768,32.815797]]],[[[129.063003,32.81659],[129.062694,32.815257],[129.063812,32.812984],[129.063003,32.81659]]],[[[129.749585,32.818062],[129.746866,32.817319],[129.747934,32.817194],[129.749585,32.818062]]],[[[128.866748,32.818807],[128.865707,32.819241],[128.865694,32.818317],[128.866748,32.818807]]],[[[129.047018,32.820233],[129.046072,32.820604],[129.046804,32.819555],[129.047018,32.820233]]],[[[128.896199,32.826097],[128.894351,32.828978],[128.892349,32.830129],[128.896199,32.826097]]],[[[129.003709,32.832482],[129.001761,32.832268],[129.003402,32.831078],[129.003709,32.832482]]],[[[128.839517,32.777877],[128.879378,32.763535],[128.910385,32.796751],[128.863733,32.844701],[128.877378,32.798748],[128.837824,32.838326],[128.838127,32.778351],[128.839517,32.777877]],[[128.848306,32.829851],[128.847924,32.829417],[128.847801,32.830195],[128.848306,32.829851]]],[[[129.019914,32.845579],[129.019349,32.844959],[129.020302,32.844892],[129.019914,32.845579]]],[[[129.038304,32.845656],[129.036275,32.84817],[129.035974,32.847739],[129.038304,32.845656]]],[[[129.036275,32.84817],[129.036277,32.848992],[129.035865,32.849318],[129.036275,32.84817]]],[[[129.038304,32.845656],[129.03751,32.845247],[129.038545,32.844993],[129.038304,32.845656]]],[[[128.96879,32.851464],[128.968236,32.851046],[128.969131,32.850393],[128.96879,32.851464]]],[[[129.860263,32.850563],[129.858951,32.851499],[129.857798,32.850923],[129.860263,32.850563]]],[[[129.038739,32.850549],[129.040094,32.851572],[129.037924,32.853799],[129.038739,32.850549]]],[[[129.030465,32.854332],[129.031106,32.855294],[129.030556,32.855287],[129.030465,32.854332]]],[[[128.999341,32.856098],[128.998893,32.855713],[128.999653,32.855396],[128.999341,32.856098]]],[[[132.657437,32.857149],[132.656693,32.857974],[132.656666,32.857126],[132.657437,32.857149]]],[[[130.332985,32.862085],[130.33248,32.862606],[130.331757,32.862036],[130.332985,32.862085]]],[[[129.002662,32.855766],[129.005854,32.855822],[129.004879,32.856663],[129.002662,32.855766]]],[[[129.047178,32.861944],[129.044434,32.863925],[129.043967,32.863305],[129.047178,32.861944]]],[[[129.805522,32.86347],[129.805743,32.864533],[129.805227,32.864039],[129.805522,32.86347]]],[[[129.036641,32.865549],[129.036271,32.865123],[129.036742,32.864701],[129.036641,32.865549]]],[[[129.627887,32.866828],[129.626904,32.866694],[129.627476,32.866414],[129.627887,32.866828]]],[[[129.036652,32.866856],[129.036128,32.867799],[129.03606,32.866613],[129.036652,32.866856]]],[[[129.03242,32.868655],[129.031686,32.869027],[129.031376,32.867418],[129.03242,32.868655]]],[[[129.827337,32.867628],[129.825568,32.869184],[129.822238,32.867527],[129.827337,32.867628]]],[[[129.631625,32.868762],[129.631096,32.869676],[129.630594,32.869938],[129.631625,32.868762]]],[[[129.568501,32.869227],[129.567354,32.869983],[129.566397,32.868669],[129.568501,32.869227]]],[[[129.559378,32.866434],[129.561245,32.866709],[129.561836,32.866766],[129.559378,32.866434]]],[[[129.938858,32.870453],[129.937064,32.870139],[129.936434,32.869588],[129.938858,32.870453]]],[[[129.804892,32.870821],[129.803755,32.869483],[129.805522,32.869731],[129.804892,32.870821]]],[[[128.941128,32.871285],[128.940073,32.871556],[128.939552,32.87137],[128.941128,32.871285]]],[[[132.681245,32.87284],[132.682138,32.872386],[132.68203,32.873153],[132.681245,32.87284]]],[[[132.681245,32.87284],[132.680731,32.873289],[132.680247,32.872994],[132.681245,32.87284]]],[[[129.804892,32.870821],[129.80602,32.87154],[129.805949,32.872228],[129.804892,32.870821]]],[[[129.80356,32.873676],[129.802537,32.873506],[129.802402,32.872174],[129.80356,32.873676]]],[[[129.929623,32.872199],[129.928437,32.8737],[129.927553,32.873693],[129.929623,32.872199]]],[[[130.247725,32.875627],[130.247409,32.876421],[130.246327,32.874766],[130.247725,32.875627]]],[[[130.312183,32.876794],[130.311543,32.875442],[130.312035,32.875258],[130.312183,32.876794]]],[[[129.544901,32.878033],[129.543973,32.878152],[129.54363,32.877587],[129.544901,32.878033]]],[[[128.906744,32.875017],[128.907502,32.876082],[128.907763,32.878518],[128.906744,32.875017]]],[[[129.802937,32.878945],[129.796536,32.880607],[129.797448,32.879424],[129.802937,32.878945]]],[[[129.67493,32.881456],[129.676075,32.879909],[129.678285,32.878971],[129.67493,32.881456]]],[[[132.035018,32.880875],[132.033892,32.880988],[132.032934,32.881473],[132.035018,32.880875]]],[[[129.811075,32.881548],[129.810024,32.881867],[129.809016,32.881157],[129.811075,32.881548]]],[[[129.036039,32.872156],[129.035071,32.872421],[129.035973,32.873661],[129.036039,32.872156]]],[[[129.10368,32.883849],[129.102837,32.883454],[129.104583,32.882548],[129.10368,32.883849]]],[[[129.105064,32.88398],[129.104448,32.884139],[129.105353,32.882516],[129.105064,32.88398]]],[[[129.057403,32.884337],[129.055621,32.884087],[129.057912,32.883366],[129.057403,32.884337]]],[[[128.948047,32.810204],[128.964723,32.851441],[128.941575,32.884675],[128.933168,32.837893],[128.906744,32.875017],[128.87237,32.861592],[128.947089,32.810272],[128.948047,32.810204]]],[[[132.026875,32.885834],[132.026671,32.885229],[132.028191,32.884956],[132.026875,32.885834]]],[[[129.055412,32.885907],[129.054158,32.887006],[129.051202,32.886785],[129.055412,32.885907]]],[[[132.025508,32.888954],[132.02431,32.889009],[132.022607,32.888135],[132.025508,32.888954]]],[[[129.602119,32.891176],[129.598393,32.889336],[129.598638,32.888804],[129.602119,32.891176]]],[[[129.839455,32.889656],[129.838297,32.891658],[129.836843,32.890661],[129.839455,32.889656]]],[[[129.048955,32.890383],[129.049329,32.892063],[129.050123,32.892288],[129.048955,32.890383]]],[[[129.857441,32.894035],[129.859452,32.895135],[129.859291,32.895676],[129.857441,32.894035]]],[[[128.917526,32.895623],[128.917112,32.896914],[128.916184,32.896322],[128.917526,32.895623]]],[[[128.947358,32.897873],[128.943075,32.900499],[128.942592,32.899957],[128.947358,32.897873]]],[[[129.038289,32.900985],[129.037151,32.901246],[129.037845,32.900708],[129.038289,32.900985]]],[[[129.943305,32.903422],[129.942137,32.904199],[129.93995,32.903617],[129.943305,32.903422]]],[[[129.094817,32.906303],[129.094603,32.905544],[129.095648,32.905315],[129.094817,32.906303]]],[[[129.94604,32.908414],[129.945244,32.908586],[129.946964,32.907283],[129.94604,32.908414]]],[[[129.794308,32.90946],[129.793926,32.910287],[129.792824,32.91023],[129.794308,32.90946]]],[[[129.034595,32.909639],[129.033531,32.910184],[129.032826,32.910381],[129.034595,32.909639]]],[[[132.051336,32.91043],[132.051187,32.911066],[132.050446,32.910296],[132.051336,32.91043]]],[[[129.043051,32.909883],[129.042084,32.910637],[129.041261,32.911157],[129.043051,32.909883]]],[[[132.051153,32.911912],[132.050904,32.912368],[132.049881,32.911866],[132.051153,32.911912]]],[[[132.552441,32.911729],[132.552732,32.912686],[132.55051,32.911231],[132.552441,32.911729]]],[[[132.563841,32.910329],[132.564309,32.910799],[132.56403,32.911414],[132.563841,32.910329]]],[[[132.538874,32.911879],[132.538038,32.913059],[132.536545,32.912582],[132.538874,32.911879]]],[[[132.537618,32.913881],[132.536902,32.9133],[132.538328,32.913502],[132.537618,32.913881]]],[[[132.683772,32.913644],[132.681989,32.913931],[132.681515,32.913473],[132.683772,32.913644]]],[[[128.966998,32.911325],[128.966597,32.912689],[128.964982,32.91402],[128.966998,32.911325]]],[[[132.683772,32.913644],[132.684186,32.912772],[132.685135,32.912486],[132.683772,32.913644]]],[[[132.537618,32.913881],[132.537567,32.91483],[132.536886,32.914176],[132.537618,32.913881]]],[[[132.501946,32.914815],[132.501911,32.915499],[132.500674,32.916049],[132.501946,32.914815]]],[[[129.638898,32.916243],[129.638344,32.916114],[129.638464,32.915153],[129.638898,32.916243]]],[[[132.0468,32.917662],[132.046332,32.916266],[132.046396,32.915257],[132.0468,32.917662]]],[[[129.045811,32.918604],[129.044156,32.917886],[129.043012,32.91574],[129.045811,32.918604]]],[[[132.702553,32.918477],[132.701634,32.916902],[132.700186,32.916879],[132.702553,32.918477]]],[[[132.660662,32.916771],[132.65964,32.917031],[132.658902,32.918376],[132.660662,32.916771]]],[[[133.005439,32.919883],[133.005215,32.919382],[133.005961,32.919329],[133.005439,32.919883]]],[[[132.0468,32.917662],[132.045945,32.920026],[132.044777,32.91938],[132.0468,32.917662]]],[[[129.933978,32.91929],[129.934922,32.920338],[129.933412,32.919618],[129.933978,32.91929]]],[[[132.664434,32.920707],[132.663089,32.921108],[132.662148,32.920236],[132.664434,32.920707]]],[[[132.703972,32.922534],[132.702626,32.922368],[132.703772,32.919589],[132.703972,32.922534]]],[[[132.658616,32.922803],[132.65905,32.92231],[132.660997,32.922344],[132.658616,32.922803]]],[[[132.045945,32.920026],[132.046694,32.920874],[132.047324,32.921802],[132.045945,32.920026]]],[[[132.657416,32.922075],[132.656515,32.923302],[132.656454,32.922005],[132.657416,32.922075]]],[[[129.11598,32.923021],[129.114289,32.923781],[129.112664,32.923471],[129.11598,32.923021]]],[[[129.191698,32.924633],[129.189717,32.924657],[129.185234,32.921596],[129.191698,32.924633]]],[[[129.191698,32.924633],[129.191864,32.925187],[129.191191,32.925033],[129.191698,32.924633]]],[[[129.114636,32.925616],[129.114053,32.925166],[129.115415,32.924401],[129.114636,32.925616]]],[[[128.937187,32.925749],[128.935657,32.925623],[128.936141,32.923693],[128.937187,32.925749]]],[[[132.04499,32.926122],[132.045089,32.925341],[132.046167,32.925289],[132.04499,32.926122]]],[[[132.694036,32.923177],[132.693268,32.926454],[132.692195,32.925002],[132.694036,32.923177]]],[[[132.42711,32.927209],[132.427257,32.92846],[132.425006,32.927626],[132.42711,32.927209]]],[[[129.903994,32.929086],[129.901857,32.929027],[129.900131,32.928213],[129.903994,32.929086]]],[[[129.11495,32.928519],[129.114392,32.929294],[129.113768,32.928931],[129.11495,32.928519]]],[[[128.971157,32.929329],[128.97025,32.929018],[128.970543,32.9282],[128.971157,32.929329]]],[[[132.024922,32.928828],[132.02435,32.929332],[132.02407,32.928757],[132.024922,32.928828]]],[[[130.441172,32.929013],[130.440682,32.929531],[130.438146,32.92462],[130.441172,32.929013]]],[[[133.00025,32.929047],[133.000964,32.92895],[133.001464,32.9291],[133.00025,32.929047]]],[[[129.635211,32.929773],[129.635094,32.930572],[129.634471,32.930498],[129.635211,32.929773]]],[[[129.634471,32.930498],[129.633561,32.93111],[129.633894,32.92942],[129.634471,32.930498]]],[[[129.114967,32.930991],[129.114253,32.931176],[129.114945,32.930358],[129.114967,32.930991]]],[[[132.432557,32.929257],[132.43213,32.930314],[132.432771,32.931984],[132.432557,32.929257]]],[[[128.962675,32.917843],[128.9649,32.918326],[128.965744,32.919594],[128.962675,32.917843]],[[128.962675,32.917843],[128.961665,32.918721],[128.9627,32.919234],[128.962675,32.917843]]],[[[129.02389,32.903287],[128.982526,32.930138],[129.004411,32.881543],[128.961713,32.903702],[128.976443,32.859537],[129.012585,32.868489],[129.027653,32.844903],[129.025534,32.902357],[129.02389,32.903287]],[[129.02389,32.903287],[129.024332,32.902475],[129.022996,32.901787],[129.02389,32.903287]]],[[[132.403345,32.933606],[132.402813,32.933652],[132.402435,32.933069],[132.403345,32.933606]]],[[[129.626507,32.934474],[129.626487,32.933696],[129.62777,32.933572],[129.626507,32.934474]]],[[[129.03718,32.934697],[129.036541,32.934281],[129.037734,32.934274],[129.03718,32.934697]]],[[[132.411797,32.934857],[132.409423,32.93535],[132.40838,32.934761],[132.411797,32.934857]]],[[[129.116441,32.935029],[129.114983,32.936991],[129.114329,32.937278],[129.116441,32.935029]]],[[[129.633225,32.937846],[129.632389,32.938268],[129.633619,32.937017],[129.633225,32.937846]]],[[[132.577738,32.938406],[132.576847,32.938085],[132.57745,32.937031],[132.577738,32.938406]]],[[[132.435624,32.939582],[132.435498,32.938548],[132.436149,32.938917],[132.435624,32.939582]]],[[[132.995876,32.939595],[132.997093,32.939067],[132.997286,32.939561],[132.995876,32.939595]]],[[[129.607296,32.942784],[129.607109,32.942232],[129.607697,32.941716],[129.607296,32.942784]]],[[[132.083607,32.943101],[132.08317,32.942735],[132.08371,32.94247],[132.083607,32.943101]]],[[[132.403345,32.933606],[132.405273,32.934263],[132.406954,32.934922],[132.403345,32.933606]]],[[[131.977146,32.945609],[131.978643,32.945729],[131.978202,32.946249],[131.977146,32.945609]]],[[[129.598221,32.94672],[129.606651,32.917477],[129.624883,32.934429],[129.599168,32.943567],[129.598221,32.94672]]],[[[129.631913,32.947325],[129.631186,32.947632],[129.626968,32.946983],[129.631913,32.947325]]],[[[128.977428,32.94835],[128.976564,32.949179],[128.976128,32.948538],[128.977428,32.94835]]],[[[129.930409,32.949144],[129.92944,32.949825],[129.927349,32.948633],[129.930409,32.949144]]],[[[129.598221,32.94672],[129.598522,32.947689],[129.602837,32.950188],[129.598221,32.94672]]],[[[129.591447,32.951872],[129.59098,32.951387],[129.592036,32.951381],[129.591447,32.951872]]],[[[132.435624,32.939582],[132.458347,32.945184],[132.436227,32.942324],[132.435624,32.939582]]],[[[132.033206,32.955387],[132.032433,32.955241],[132.032854,32.954751],[132.033206,32.955387]]],[[[129.103205,32.955409],[129.102515,32.954185],[129.102859,32.953224],[129.103205,32.955409]]],[[[131.960157,32.957548],[131.95957,32.957138],[131.959917,32.956707],[131.960157,32.957548]]],[[[130.223065,32.960134],[130.222794,32.958531],[130.221699,32.95828],[130.223065,32.960134]]],[[[129.160581,32.960184],[129.159969,32.960337],[129.160401,32.959668],[129.160581,32.960184]]],[[[129.809324,32.960381],[129.810903,32.961236],[129.810038,32.962021],[129.809324,32.960381]]],[[[129.812297,32.963844],[129.810744,32.963083],[129.812506,32.96187],[129.812297,32.963844]]],[[[129.817141,32.963836],[129.816531,32.96409],[129.815574,32.963826],[129.817141,32.963836]]],[[[129.809322,32.963131],[129.809767,32.964417],[129.809083,32.96432],[129.809322,32.963131]]],[[[128.977428,32.94835],[128.978843,32.946797],[128.979296,32.946524],[128.977428,32.94835]]],[[[129.812297,32.963844],[129.812548,32.965343],[129.811905,32.965612],[129.812297,32.963844]]],[[[132.542079,32.966195],[132.541325,32.966409],[132.540171,32.965167],[132.542079,32.966195]]],[[[132.101621,32.970448],[132.101147,32.971079],[132.100499,32.970282],[132.101621,32.970448]]],[[[131.958864,32.970831],[131.957161,32.971253],[131.955002,32.970327],[131.958864,32.970831]]],[[[132.075097,32.976442],[132.071985,32.952708],[132.075866,32.97637],[132.075097,32.976442]]],[[[129.340819,32.976694],[129.340072,32.977146],[129.33962,32.976588],[129.340819,32.976694]]],[[[132.075097,32.976442],[132.075974,32.977338],[132.074699,32.977619],[132.075097,32.976442]]],[[[131.908921,32.980154],[131.909603,32.978999],[131.910131,32.978934],[131.908921,32.980154]]],[[[132.075073,32.979304],[132.072956,32.980734],[132.070586,32.979916],[132.075073,32.979304]]],[[[129.226976,32.981375],[129.22663,32.982074],[129.226504,32.980685],[129.226976,32.981375]]],[[[129.01855,32.982427],[129.017076,32.983314],[129.017634,32.982358],[129.01855,32.982427]]],[[[132.069828,32.984515],[132.068204,32.984849],[132.067483,32.984081],[132.069828,32.984515]]],[[[131.982727,32.985732],[131.981329,32.985137],[131.982251,32.985007],[131.982727,32.985732]]],[[[129.119123,32.987683],[129.120363,32.986816],[129.12017,32.987443],[129.119123,32.987683]]],[[[132.472195,32.9886],[132.47166,32.988141],[132.472088,32.987285],[132.472195,32.9886]]],[[[129.019322,32.986942],[129.018842,32.988811],[129.017865,32.986424],[129.019322,32.986942]]],[[[129.111974,32.988494],[129.114823,32.989389],[129.112,32.98909],[129.111974,32.988494]]],[[[129.121921,32.990494],[129.121142,32.98964],[129.122669,32.988731],[129.121921,32.990494]]],[[[129.027078,32.976786],[129.025725,32.984203],[129.026322,32.985008],[129.027078,32.976786]]],[[[131.94487,32.994124],[131.943207,32.994322],[131.943475,32.993612],[131.94487,32.994124]]],[[[131.956669,32.993443],[131.956482,32.994158],[131.955088,32.995978],[131.956669,32.993443]]],[[[129.556306,32.995139],[129.555571,32.996086],[129.555538,32.994801],[129.556306,32.995139]]],[[[129.820365,32.995627],[129.817616,32.996403],[129.816877,32.995591],[129.820365,32.995627]]],[[[129.102682,32.994859],[129.102736,32.996556],[129.102224,32.996626],[129.102682,32.994859]]],[[[129.312947,32.996307],[129.312451,32.996826],[129.311079,32.996025],[129.312947,32.996307]]],[[[129.232037,32.996289],[129.231456,32.997439],[129.230867,32.99612],[129.232037,32.996289]]],[[[129.554949,32.997902],[129.554214,32.997778],[129.555484,32.997282],[129.554949,32.997902]]],[[[129.735633,32.998304],[129.737084,32.998194],[129.737285,32.998853],[129.735633,32.998304]]],[[[131.935404,32.997952],[131.935817,32.999176],[131.935259,32.998849],[131.935404,32.997952]]],[[[129.747291,32.999394],[129.747077,32.998639],[129.745332,32.998938],[129.747291,32.999394]]],[[[129.743695,32.998916],[129.743959,33.000094],[129.742639,32.998538],[129.743695,32.998916]]],[[[129.741228,32.998042],[129.741883,32.999739],[129.741863,33.000595],[129.741228,32.998042]]],[[[129.259842,33.001711],[129.258345,33.001473],[129.258001,33.000746],[129.259842,33.001711]]],[[[133.007272,33.001923],[133.007555,33.000213],[133.008148,33.000032],[133.007272,33.001923]]],[[[129.261189,33.002579],[129.260697,33.002177],[129.261075,33.001752],[129.261189,33.002579]]],[[[129.263204,33.003236],[129.262524,33.002759],[129.263532,33.002297],[129.263204,33.003236]]],[[[129.362533,33.003737],[129.362407,33.002606],[129.363066,33.00237],[129.362533,33.003737]]],[[[129.747291,32.999394],[129.747739,33.000298],[129.749383,33.000539],[129.747291,32.999394]]],[[[129.451603,33.0039],[129.451489,33.004695],[129.450204,33.004475],[129.451603,33.0039]]],[[[129.803817,33.005884],[129.802947,33.005839],[129.803797,33.005298],[129.803817,33.005884]]],[[[129.0943,33.006552],[129.094812,33.00394],[129.09483,33.005773],[129.0943,33.006552]]],[[[129.815793,33.004582],[129.815579,33.00633],[129.813746,33.007378],[129.815793,33.004582]]],[[[129.148886,33.007667],[129.148515,33.008112],[129.148287,33.007081],[129.148886,33.007667]]],[[[129.338993,33.008295],[129.338064,33.00774],[129.339278,33.00761],[129.338993,33.008295]]],[[[129.544946,33.008393],[129.543381,33.008441],[129.543748,33.006848],[129.544946,33.008393]]],[[[129.536389,33.010338],[129.535552,33.009616],[129.536128,33.00819],[129.536389,33.010338]]],[[[129.796109,33.010433],[129.795574,33.010552],[129.795935,33.009605],[129.796109,33.010433]]],[[[129.797969,33.01111],[129.797314,33.011876],[129.797294,33.011014],[129.797969,33.01111]]],[[[132.394845,33.011882],[132.394109,33.012377],[132.394449,33.010813],[132.394845,33.011882]]],[[[129.630735,33.013464],[129.630111,33.013157],[129.630614,33.01282],[129.630735,33.013464]]],[[[133.011131,33.012876],[133.011337,33.011392],[133.012324,33.012309],[133.011131,33.012876]]],[[[129.738184,33.014353],[129.737576,33.014164],[129.737509,33.013601],[129.738184,33.014353]]],[[[129.03185,33.013668],[129.031902,33.0149],[129.02947,33.014965],[129.03185,33.013668]]],[[[131.912575,33.00973],[131.91073,33.011402],[131.911412,33.013379],[131.912575,33.00973]]],[[[129.759924,33.016156],[129.759353,33.016504],[129.758897,33.015867],[129.759924,33.016156]]],[[[131.935404,32.997952],[131.943634,33.016164],[131.919654,33.012822],[131.913145,32.982593],[131.936478,32.997447],[131.935404,32.997952]]],[[[129.253885,33.016693],[129.253196,33.017031],[129.252534,33.016304],[129.253885,33.016693]]],[[[132.382232,33.016187],[132.38358,33.016526],[132.383621,33.01723],[132.382232,33.016187]]],[[[129.777135,33.01881],[129.776787,33.019768],[129.774613,33.019469],[129.777135,33.01881]]],[[[129.191122,33.019725],[129.188934,33.019951],[129.187796,33.019319],[129.191122,33.019725]]],[[[131.925316,33.020009],[131.924576,33.019593],[131.925852,33.019477],[131.925316,33.020009]]],[[[129.35505,33.020238],[129.353131,33.021033],[129.352181,33.020853],[129.35505,33.020238]]],[[[129.744527,33.021059],[129.743349,33.020286],[129.744018,33.019644],[129.744527,33.021059]]],[[[129.781664,33.021149],[129.781283,33.02164],[129.779805,33.02155],[129.781664,33.021149]]],[[[129.433452,33.02185],[129.431431,33.021354],[129.430851,33.020116],[129.433452,33.02185]]],[[[131.925316,33.022221],[131.924127,33.022089],[131.925242,33.02149],[131.925316,33.022221]]],[[[129.18593,33.021467],[129.18324,33.023001],[129.182069,33.022093],[129.18593,33.021467]]],[[[129.353344,33.023108],[129.352636,33.022482],[129.354434,33.021947],[129.353344,33.023108]]],[[[129.247204,33.019016],[129.221749,33.000935],[129.245661,32.993234],[129.246515,33.016749],[129.247204,33.019016]]],[[[129.746293,33.023561],[129.74541,33.022975],[129.746386,33.022851],[129.746293,33.023561]]],[[[132.399861,33.023075],[132.400646,33.022919],[132.400131,33.023741],[132.399861,33.023075]]],[[[129.157814,33.024754],[129.15888,33.026425],[129.160498,33.027287],[129.157814,33.024754]]],[[[129.564226,33.029362],[129.555742,33.00105],[129.590387,33.022059],[129.564905,33.030414],[129.564226,33.029362]],[[129.556574,33.00631],[129.55869,33.004814],[129.558007,33.004232],[129.556574,33.00631]],[[129.564226,33.029362],[129.564938,33.028604],[129.564343,33.0283],[129.564226,33.029362]]],[[[132.453335,33.031336],[132.453223,33.032432],[132.451804,33.031084],[132.453335,33.031336]]],[[[129.75509,33.030309],[129.756181,33.031713],[129.755632,33.032181],[129.75509,33.030309]]],[[[129.419154,33.032756],[129.419957,33.032769],[129.419603,33.033249],[129.419154,33.032756]]],[[[129.419154,33.032756],[129.41894,33.033282],[129.41795,33.033203],[129.419154,33.032756]]],[[[129.421556,33.032832],[129.421382,33.033372],[129.4206,33.032707],[129.421556,33.032832]]],[[[133.09413,33.032957],[133.094498,33.034028],[133.093997,33.03417],[133.09413,33.032957]]],[[[129.163202,33.033557],[129.159586,33.034442],[129.158692,33.034185],[129.163202,33.033557]]],[[[129.759031,33.033607],[129.758649,33.034487],[129.757853,33.034526],[129.759031,33.033607]]],[[[133.040285,33.036767],[133.040006,33.036115],[133.040758,33.036172],[133.040285,33.036767]]],[[[129.90747,33.03777],[129.906022,33.038502],[129.908152,33.036284],[129.90747,33.03777]]],[[[130.354528,33.039646],[130.353847,33.039709],[130.354345,33.038958],[130.354528,33.039646]]],[[[129.335137,33.040377],[129.334318,33.039816],[129.335014,33.039711],[129.335137,33.040377]]],[[[130.170989,33.042975],[130.172341,33.042993],[130.171584,33.043337],[130.170989,33.042975]]],[[[129.637625,33.040892],[129.638997,33.041044],[129.638716,33.042377],[129.637625,33.040892]]],[[[129.108539,33.052203],[129.108187,33.053308],[129.10671,33.052621],[129.108539,33.052203]]],[[[129.818757,33.052713],[129.818777,33.053746],[129.817066,33.05278],[129.818757,33.052713]]],[[[130.405149,33.053613],[130.404113,33.053949],[130.403671,33.053086],[130.405149,33.053613]]],[[[129.733279,33.056021],[129.732389,33.056252],[129.732289,33.055215],[129.733279,33.056021]]],[[[139.814152,33.058483],[139.815092,33.058017],[139.815417,33.058438],[139.814152,33.058483]]],[[[129.869388,33.058944],[129.870882,33.059825],[129.866667,33.058462],[129.869388,33.058944]]],[[[129.647916,33.060394],[129.646952,33.060614],[129.645661,33.060941],[129.647916,33.060394]]],[[[129.1066,33.060675],[129.106877,33.059347],[129.10717,33.061276],[129.1066,33.060675]]],[[[129.788415,33.060738],[129.786911,33.062488],[129.784997,33.0607],[129.788415,33.060738]]],[[[129.644369,33.062328],[129.642744,33.063371],[129.64073,33.062767],[129.644369,33.062328]]],[[[129.873921,33.065221],[129.872977,33.062786],[129.873533,33.06323],[129.873921,33.065221]]],[[[129.567111,33.065298],[129.566167,33.064074],[129.568779,33.063326],[129.567111,33.065298]]],[[[129.624634,33.035515],[129.638496,33.060141],[129.607629,33.06536],[129.588827,33.026948],[129.625614,33.034441],[129.624634,33.035515]],[[129.600078,33.050266],[129.600551,33.047446],[129.599882,33.047743],[129.600078,33.050266]],[[129.586443,33.02966],[129.58804,33.029973],[129.588142,33.029274],[129.586443,33.02966]],[[129.624634,33.035515],[129.622953,33.034789],[129.622814,33.035638],[129.624634,33.035515]]],[[[133.10902,33.068573],[133.108677,33.068097],[133.110132,33.067879],[133.10902,33.068573]]],[[[133.10902,33.068573],[133.110199,33.069105],[133.109328,33.069235],[133.10902,33.068573]]],[[[129.801054,33.068184],[129.797674,33.069652],[129.797935,33.066638],[129.801054,33.068184]]],[[[131.953662,33.07061],[131.952416,33.070753],[131.953337,33.069506],[131.953662,33.07061]]],[[[131.919428,33.069463],[131.920054,33.071106],[131.919032,33.070552],[131.919428,33.069463]]],[[[133.11598,33.07185],[133.115228,33.072477],[133.114036,33.072803],[133.11598,33.07185]]],[[[133.115062,33.074673],[133.114506,33.074437],[133.1153,33.074169],[133.115062,33.074673]]],[[[131.957147,33.07514],[131.956579,33.074844],[131.957618,33.074472],[131.957147,33.07514]]],[[[129.783554,33.075802],[129.782363,33.076755],[129.78084,33.076872],[129.783554,33.075802]]],[[[129.770761,33.077145],[129.769923,33.077366],[129.768294,33.076429],[129.770761,33.077145]]],[[[131.983229,33.077185],[131.982273,33.077551],[131.981493,33.077101],[131.983229,33.077185]]],[[[133.118551,33.077502],[133.117336,33.078394],[133.118901,33.07665],[133.118551,33.077502]]],[[[129.600709,33.078535],[129.599645,33.078151],[129.600307,33.078112],[129.600709,33.078535]]],[[[131.863816,33.079167],[131.864099,33.078452],[131.865459,33.078186],[131.863816,33.079167]]],[[[131.930555,33.086436],[131.929903,33.086139],[131.930387,33.085952],[131.930555,33.086436]]],[[[132.0004,33.089417],[131.999272,33.088965],[132.000163,33.088717],[132.0004,33.089417]]],[[[129.704833,33.090122],[129.704129,33.09016],[129.70449,33.089731],[129.704833,33.090122]]],[[[131.986955,33.092147],[131.985936,33.091716],[131.986845,33.091477],[131.986955,33.092147]]],[[[139.777888,33.096824],[139.774579,33.096206],[139.776463,33.095951],[139.777888,33.096824]]],[[[132.006342,33.099652],[132.00319,33.097749],[132.003646,33.0971],[132.006342,33.099652]]],[[[132.318648,33.101777],[132.318101,33.101745],[132.318257,33.101204],[132.318648,33.101777]]],[[[132.311868,33.102014],[132.310597,33.101714],[132.311135,33.101664],[132.311868,33.102014]]],[[[132.311868,33.102014],[132.311677,33.100503],[132.312422,33.101283],[132.311868,33.102014]]],[[[129.743552,33.103079],[129.742678,33.102837],[129.743665,33.102519],[129.743552,33.103079]]],[[[129.098976,33.103328],[129.097413,33.102896],[129.097728,33.102468],[129.098976,33.103328]]],[[[132.307803,33.102822],[132.307678,33.101953],[132.3092,33.102344],[132.307803,33.102822]]],[[[132.307803,33.102822],[132.307232,33.103455],[132.306694,33.103018],[132.307803,33.102822]]],[[[132.328362,33.104063],[132.328325,33.102394],[132.329411,33.103249],[132.328362,33.104063]]],[[[132.350277,33.105166],[132.350245,33.104299],[132.351567,33.104216],[132.350277,33.105166]]],[[[132.350277,33.105166],[132.348915,33.105413],[132.348713,33.104475],[132.350277,33.105166]]],[[[131.895923,33.101651],[131.894604,33.104533],[131.893662,33.104625],[131.895923,33.101651]]],[[[131.886675,33.107361],[131.886093,33.106934],[131.88711,33.106819],[131.886675,33.107361]]],[[[132.328362,33.104063],[132.32946,33.104057],[132.330215,33.104792],[132.328362,33.104063]]],[[[132.006342,33.099652],[132.008278,33.100039],[132.009874,33.100457],[132.006342,33.099652]]],[[[132.009982,33.111229],[132.011278,33.112025],[132.0106,33.112001],[132.009982,33.111229]]],[[[132.02688,33.112611],[132.026214,33.112363],[132.026846,33.112077],[132.02688,33.112611]]],[[[132.422166,33.1138],[132.411723,33.110441],[132.41126,33.108448],[132.422166,33.1138]]],[[[129.094636,33.115299],[129.093472,33.11484],[129.094941,33.114231],[129.094636,33.115299]]],[[[133.155316,33.117765],[133.154764,33.118269],[133.154568,33.117762],[133.155316,33.117765]]],[[[132.424502,33.120734],[132.424631,33.121345],[132.423934,33.120916],[132.424502,33.120734]]],[[[132.424502,33.120734],[132.42686,33.121562],[132.425846,33.121873],[132.424502,33.120734]]],[[[129.416231,33.123886],[129.41613,33.123368],[129.416733,33.123249],[129.416231,33.123886]]],[[[129.65872,33.123929],[129.658216,33.124631],[129.657896,33.123813],[129.65872,33.123929]]],[[[139.818654,33.125581],[139.818194,33.125199],[139.818648,33.124904],[139.818654,33.125581]]],[[[132.467657,33.12613],[132.467949,33.126841],[132.466411,33.126957],[132.467657,33.12613]]],[[[130.168806,33.1297],[130.169264,33.128318],[130.170301,33.128272],[130.168806,33.1297]]],[[[130.169916,33.130233],[130.170629,33.129095],[130.171135,33.129251],[130.169916,33.130233]]],[[[139.698141,33.130661],[139.69806,33.129957],[139.699223,33.129447],[139.698141,33.130661]]],[[[131.806954,33.129895],[131.807966,33.129712],[131.807555,33.13013],[131.806954,33.129895]]],[[[139.804956,33.13031],[139.80582,33.130585],[139.804921,33.131758],[139.804956,33.13031]]],[[[129.732473,33.133708],[129.733805,33.132558],[129.73403,33.133176],[129.732473,33.133708]]],[[[129.755297,33.132466],[129.754959,33.134241],[129.752838,33.134751],[129.755297,33.132466]]],[[[129.658858,33.133439],[129.658641,33.134812],[129.657981,33.134739],[129.658858,33.133439]]],[[[129.676713,33.134384],[129.675678,33.134839],[129.676151,33.133168],[129.676713,33.134384]]],[[[129.744783,33.134905],[129.744113,33.134035],[129.744616,33.134192],[129.744783,33.134905]]],[[[129.679724,33.135602],[129.678371,33.135115],[129.680532,33.134773],[129.679724,33.135602]]],[[[129.664841,33.13574],[129.662919,33.132723],[129.66105,33.133641],[129.664841,33.13574]]],[[[139.687421,33.135974],[139.685856,33.136621],[139.683775,33.136781],[139.687421,33.135974]]],[[[129.665557,33.136442],[129.664523,33.136934],[129.66348,33.136171],[129.665557,33.136442]]],[[[129.135327,33.132134],[129.135399,33.132838],[129.135756,33.134753],[129.135327,33.132134]]],[[[129.679525,33.136663],[129.678272,33.138421],[129.677544,33.137578],[129.679525,33.136663]]],[[[133.204999,33.140721],[133.204298,33.140461],[133.205868,33.140149],[133.204999,33.140721]]],[[[129.673327,33.141331],[129.67157,33.141303],[129.67035,33.140271],[129.673327,33.141331]]],[[[129.663937,33.14137],[129.663432,33.141466],[129.662316,33.140674],[129.663937,33.14137]]],[[[129.654457,33.141927],[129.653644,33.139737],[129.654412,33.139503],[129.654457,33.141927]]],[[[129.660801,33.142892],[129.659988,33.142149],[129.659931,33.140555],[129.660801,33.142892]]],[[[129.499783,33.142961],[129.499061,33.143109],[129.499303,33.142479],[129.499783,33.142961]]],[[[129.787876,33.138268],[129.728822,33.10012],[129.767591,33.05009],[129.758282,33.08855],[129.793342,33.082607],[129.792923,33.138341],[129.787876,33.138268]]],[[[129.663901,33.143464],[129.663587,33.142702],[129.664696,33.14258],[129.663901,33.143464]]],[[[129.688296,33.14368],[129.686609,33.143156],[129.687032,33.142529],[129.688296,33.14368]]],[[[131.861988,33.140221],[131.86361,33.142904],[131.860813,33.14369],[131.861988,33.140221]]],[[[129.660801,33.142892],[129.66208,33.143591],[129.661791,33.144175],[129.660801,33.142892]]],[[[129.679724,33.135602],[129.680891,33.13687],[129.680255,33.136661],[129.679724,33.135602]]],[[[129.660502,33.144722],[129.658687,33.14392],[129.658994,33.143181],[129.660502,33.144722]]],[[[129.715677,33.146406],[129.715296,33.146027],[129.715475,33.145371],[129.715677,33.146406]]],[[[129.675,33.146249],[129.673578,33.146444],[129.673411,33.145799],[129.675,33.146249]]],[[[129.650749,33.145954],[129.649628,33.146518],[129.649979,33.144968],[129.650749,33.145954]]],[[[129.666706,33.14713],[129.664617,33.145782],[129.666541,33.145634],[129.666706,33.14713]]],[[[129.718901,33.147927],[129.718152,33.147571],[129.718618,33.147248],[129.718901,33.147927]]],[[[133.212419,33.148472],[133.2126,33.147771],[133.212926,33.148552],[133.212419,33.148472]]],[[[129.676541,33.149329],[129.675973,33.149216],[129.676479,33.148809],[129.676541,33.149329]]],[[[129.661039,33.149872],[129.660341,33.149771],[129.661617,33.149347],[129.661039,33.149872]]],[[[129.680256,33.15076],[129.679337,33.150771],[129.678813,33.150032],[129.680256,33.15076]]],[[[129.546418,33.14938],[129.503758,33.140235],[129.548391,33.14693],[129.546418,33.14938]]],[[[129.665497,33.152774],[129.665477,33.151877],[129.664758,33.152155],[129.665497,33.152774]]],[[[132.32343,33.153027],[132.322765,33.153135],[132.322376,33.152726],[132.32343,33.153027]]],[[[132.32343,33.153027],[132.324355,33.153291],[132.324827,33.153894],[132.32343,33.153027]]],[[[129.672502,33.154059],[129.673488,33.154211],[129.674315,33.153216],[129.672502,33.154059]]],[[[128.903663,33.154949],[128.902142,33.155586],[128.901029,33.155366],[128.903663,33.154949]]],[[[133.223654,33.155014],[133.223249,33.155672],[133.222489,33.155446],[133.223654,33.155014]]],[[[129.665362,33.156259],[129.664921,33.157309],[129.664919,33.155726],[129.665362,33.156259]]],[[[129.672502,33.154059],[129.670687,33.155408],[129.671288,33.155927],[129.672502,33.154059]]],[[[129.67427,33.158587],[129.67344,33.157675],[129.674587,33.157462],[129.67427,33.158587]]],[[[139.804921,33.131758],[139.758433,33.15955],[139.73913,33.133426],[139.832603,33.045278],[139.857492,33.099085],[139.802364,33.132445],[139.804921,33.131758]],[[139.777611,33.099786],[139.779465,33.10087],[139.77963,33.10007],[139.777611,33.099786]]],[[[129.664232,33.160027],[129.663679,33.160186],[129.663683,33.159598],[129.664232,33.160027]]],[[[129.669822,33.160668],[129.668697,33.160567],[129.669608,33.160102],[129.669822,33.160668]]],[[[131.980751,33.159808],[131.980638,33.160429],[131.979567,33.161253],[131.980751,33.159808]]],[[[129.66263,33.16142],[129.662247,33.160833],[129.662799,33.160905],[129.66263,33.16142]]],[[[132.324827,33.153894],[132.325874,33.153906],[132.327624,33.154461],[132.324827,33.153894]]],[[[129.652434,33.160065],[129.651763,33.161589],[129.652269,33.162179],[129.652434,33.160065]]],[[[129.66263,33.16142],[129.66416,33.160959],[129.665284,33.159346],[129.66263,33.16142]]],[[[129.670994,33.161917],[129.669707,33.162957],[129.669407,33.162416],[129.670994,33.161917]]],[[[129.638051,33.163185],[129.636828,33.162642],[129.637368,33.160804],[129.638051,33.163185]]],[[[129.667639,33.162741],[129.667143,33.162437],[129.666339,33.163314],[129.667639,33.162741]]],[[[133.207944,33.1635],[133.206913,33.16173],[133.207577,33.161871],[133.207944,33.1635]]],[[[132.289385,33.162898],[132.315062,33.152086],[132.289558,33.161506],[132.289385,33.162898]]],[[[131.843034,33.16391],[131.842665,33.163478],[131.843348,33.163287],[131.843034,33.16391]]],[[[129.1066,33.060675],[129.110356,33.163426],[129.107646,33.087872],[129.074228,33.056517],[129.088093,33.024604],[129.068177,33.045965],[129.042299,33.027718],[129.065808,32.980984],[129.049927,32.959394],[129.012311,32.976503],[128.991691,32.943849],[129.035534,32.945291],[129.026214,32.919529],[129.067788,32.904351],[129.037989,32.908502],[129.059393,32.816313],[129.066076,32.862518],[129.100177,32.859923],[129.081174,32.895848],[129.101594,32.961521],[129.140419,32.936834],[129.182284,32.971419],[129.16555,33.008793],[129.087075,32.984204],[129.104348,33.060713],[129.1066,33.060675]]],[[[129.660918,33.165566],[129.660377,33.165365],[129.660418,33.162884],[129.660918,33.165566]]],[[[131.841699,33.165721],[131.841124,33.165256],[131.841704,33.16478],[131.841699,33.165721]]],[[[129.670362,33.166144],[129.669632,33.166319],[129.669784,33.165499],[129.670362,33.166144]]],[[[129.67427,33.158587],[129.674957,33.15872],[129.674221,33.159509],[129.67427,33.158587]]],[[[128.994846,33.165505],[128.993759,33.167061],[128.992761,33.165062],[128.994846,33.165505]]],[[[132.397087,33.167583],[132.396535,33.16793],[132.395752,33.166233],[132.397087,33.167583]]],[[[129.645197,33.167988],[129.643327,33.167024],[129.644668,33.166837],[129.645197,33.167988]]],[[[131.840786,33.167779],[131.840158,33.168103],[131.839977,33.167281],[131.840786,33.167779]]],[[[129.539071,33.168676],[129.538087,33.169093],[129.534369,33.167831],[129.539071,33.168676]]],[[[129.651969,33.169474],[129.651373,33.168433],[129.65154,33.167786],[129.651969,33.169474]]],[[[129.644377,33.169278],[129.642867,33.169603],[129.643109,33.168019],[129.644377,33.169278]]],[[[129.649763,33.170717],[129.647988,33.170158],[129.648836,33.169171],[129.649763,33.170717]]],[[[131.989754,33.170999],[131.987969,33.171132],[131.986204,33.171325],[131.989754,33.170999]]],[[[129.524971,33.167814],[129.52437,33.168979],[129.524834,33.170741],[129.524971,33.167814]]],[[[128.903375,33.168305],[128.902832,33.170182],[128.902764,33.171036],[128.903375,33.168305]]],[[[129.038041,33.174441],[129.035949,33.173894],[129.034213,33.174441],[129.038041,33.174441]]],[[[129.023954,33.175103],[129.023428,33.174824],[129.021745,33.175146],[129.023954,33.175103]]],[[[129.023954,33.175103],[129.025125,33.175235],[129.024298,33.175497],[129.023954,33.175103]]],[[[131.837008,33.178456],[131.83642,33.178593],[131.835638,33.178585],[131.837008,33.178456]]],[[[129.012062,33.179495],[129.012405,33.177492],[129.012683,33.178876],[129.012062,33.179495]]],[[[129.332859,33.178376],[129.3332,33.179644],[129.331866,33.179277],[129.332859,33.178376]]],[[[132.399522,33.179717],[132.398955,33.179313],[132.398256,33.178962],[132.399522,33.179717]]],[[[129.012062,33.179495],[129.011295,33.180104],[129.009686,33.179453],[129.012062,33.179495]]],[[[129.05046,33.180716],[129.048467,33.181132],[129.051991,33.179461],[129.05046,33.180716]]],[[[129.046822,33.182757],[129.045754,33.182287],[129.046961,33.181658],[129.046822,33.182757]]],[[[129.593871,33.182628],[129.593243,33.183166],[129.593373,33.182447],[129.593871,33.182628]]],[[[132.399522,33.179717],[132.400199,33.18022],[132.401505,33.180604],[132.399522,33.179717]]],[[[128.803569,33.1825],[128.803997,33.182762],[128.802821,33.18358],[128.803569,33.1825]]],[[[129.611111,33.183995],[129.610828,33.183512],[129.611385,33.18345],[129.611111,33.183995]]],[[[129.055999,33.182891],[129.055824,33.184384],[129.054774,33.184065],[129.055999,33.182891]]],[[[132.439443,33.184474],[132.43834,33.184113],[132.439304,33.18384],[132.439443,33.184474]]],[[[132.289385,33.162898],[132.289915,33.1629],[132.290525,33.164502],[132.289385,33.162898]]],[[[129.017315,33.184999],[129.016717,33.184713],[129.016583,33.182802],[129.017315,33.184999]]],[[[129.055999,33.182891],[129.056301,33.18181],[129.05498,33.179262],[129.055999,33.182891]]],[[[129.075,33.185266],[129.072053,33.184269],[129.071697,33.183502],[129.075,33.185266]]],[[[129.650741,33.18528],[129.649038,33.184783],[129.650377,33.184641],[129.650741,33.18528]]],[[[129.348373,33.182305],[129.346238,33.182164],[129.345259,33.182948],[129.348373,33.182305]]],[[[129.650741,33.18528],[129.651288,33.184992],[129.651215,33.185702],[129.650741,33.18528]]],[[[129.065985,33.185845],[129.064576,33.185107],[129.063755,33.183448],[129.065985,33.185845]]],[[[129.626572,33.186679],[129.624983,33.185846],[129.625976,33.185422],[129.626572,33.186679]]],[[[129.626572,33.186679],[129.62795,33.186699],[129.627236,33.18722],[129.626572,33.186679]]],[[[132.506764,33.187281],[132.506044,33.187027],[132.506647,33.186578],[132.506764,33.187281]]],[[[132.374547,33.182644],[132.374789,33.183248],[132.374464,33.183972],[132.374547,33.182644]]],[[[129.062566,33.185874],[129.062557,33.186491],[129.063757,33.186876],[129.062566,33.185874]],[[129.062566,33.185874],[129.060257,33.186636],[129.060788,33.187085],[129.062566,33.185874]]],[[[132.272776,33.186624],[132.272145,33.186892],[132.271669,33.187289],[132.272776,33.186624]]],[[[129.580337,33.187532],[129.578902,33.188078],[129.579157,33.187016],[129.580337,33.187532]]],[[[129.649927,33.188476],[129.649211,33.188356],[129.650022,33.18785],[129.649927,33.188476]]],[[[129.042719,33.188237],[129.042464,33.188846],[129.03922,33.18751],[129.042719,33.188237]]],[[[129.604452,33.188864],[129.604217,33.18711],[129.605303,33.187026],[129.604452,33.188864]]],[[[129.612832,33.189075],[129.611886,33.188021],[129.610069,33.188041],[129.612832,33.189075]]],[[[129.602329,33.187911],[129.601149,33.189138],[129.600464,33.188523],[129.602329,33.187911]]],[[[129.340936,33.189104],[129.338817,33.190046],[129.337145,33.188925],[129.340936,33.189104]]],[[[129.030103,33.186562],[129.030264,33.187707],[129.031511,33.188113],[129.030103,33.186562]]],[[[129.357886,33.190437],[129.355415,33.188557],[129.356005,33.188203],[129.357886,33.190437]]],[[[132.262644,33.190396],[132.261711,33.190706],[132.260076,33.190122],[132.262644,33.190396]]],[[[128.980386,33.191017],[128.979815,33.190922],[128.980736,33.190599],[128.980386,33.191017]]],[[[129.646606,33.191839],[129.645846,33.191874],[129.645504,33.190479],[129.646606,33.191839]]],[[[129.603129,33.192489],[129.60248,33.192424],[129.602395,33.191756],[129.603129,33.192489]]],[[[129.356731,33.191397],[129.357239,33.192459],[129.356509,33.192652],[129.356731,33.191397]]],[[[129.354466,33.192427],[129.355909,33.193114],[129.354837,33.193007],[129.354466,33.192427]]],[[[128.994107,33.190965],[128.992787,33.191111],[128.990455,33.193637],[128.994107,33.190965]]],[[[129.590778,33.193861],[129.59014,33.192422],[129.589451,33.192968],[129.590778,33.193861]]],[[[129.613258,33.193346],[129.614835,33.191299],[129.615347,33.194031],[129.613258,33.193346]]],[[[129.644747,33.194159],[129.643523,33.194114],[129.643835,33.193683],[129.644747,33.194159]]],[[[129.644747,33.194159],[129.645307,33.193579],[129.643639,33.192641],[129.644747,33.194159]]],[[[128.927333,33.194653],[128.9266,33.194712],[128.926774,33.194205],[128.927333,33.194653]]],[[[129.644158,33.19479],[129.643682,33.195302],[129.643466,33.194632],[129.644158,33.19479]]],[[[129.045115,33.195333],[129.044394,33.194565],[129.046104,33.195066],[129.045115,33.195333]]],[[[129.599497,33.195308],[129.600478,33.194788],[129.600874,33.195577],[129.599497,33.195308]]],[[[129.603893,33.194793],[129.604728,33.195262],[129.603631,33.195913],[129.603893,33.194793]]],[[[129.613258,33.193346],[129.612377,33.196146],[129.612322,33.194661],[129.613258,33.193346]]],[[[129.344099,33.196997],[129.343516,33.195903],[129.34166,33.195987],[129.344099,33.196997]]],[[[129.612832,33.189075],[129.613185,33.190149],[129.61441,33.190355],[129.612832,33.189075]],[[129.609626,33.192913],[129.610456,33.193903],[129.611646,33.192689],[129.609626,33.192913]]],[[[129.584706,33.198042],[129.584046,33.196816],[129.585117,33.196834],[129.584706,33.198042]]],[[[129.605624,33.197399],[129.604941,33.198134],[129.604695,33.196812],[129.605624,33.197399]]],[[[129.580377,33.198382],[129.579847,33.198548],[129.579284,33.198181],[129.580377,33.198382]]],[[[129.616852,33.198123],[129.616193,33.19898],[129.616157,33.198115],[129.616852,33.198123]]],[[[129.599497,33.195308],[129.599028,33.196124],[129.598949,33.197258],[129.599497,33.195308]]],[[[128.924121,33.199471],[128.92345,33.199865],[128.922909,33.199606],[128.924121,33.199471]]],[[[132.362857,33.198984],[132.363546,33.199349],[132.363358,33.200034],[132.362857,33.198984]]],[[[132.490404,33.196399],[132.489652,33.197575],[132.49067,33.198314],[132.490404,33.196399]]],[[[129.608584,33.199775],[129.608816,33.200799],[129.607389,33.199514],[129.608584,33.199775]]],[[[129.584706,33.198042],[129.585967,33.198943],[129.585758,33.199855],[129.584706,33.198042]]],[[[129.58921,33.2016],[129.588618,33.200976],[129.5894,33.201093],[129.58921,33.2016]]],[[[129.587616,33.202409],[129.587347,33.201645],[129.587907,33.201961],[129.587616,33.202409]]],[[[129.142441,33.203183],[129.141022,33.202861],[129.141651,33.202451],[129.142441,33.203183]]],[[[129.010635,33.203769],[129.010266,33.204419],[129.008953,33.203822],[129.010635,33.203769]]],[[[129.605745,33.204428],[129.606377,33.204005],[129.607472,33.204491],[129.605745,33.204428]]],[[[129.611134,33.20437],[129.610757,33.204724],[129.609784,33.204306],[129.611134,33.20437]]],[[[129.026071,33.20597],[129.026972,33.205623],[129.026823,33.206522],[129.026071,33.20597]]],[[[132.345712,33.205695],[132.344705,33.206528],[132.343547,33.206006],[132.345712,33.205695]]],[[[129.027526,33.207332],[129.027343,33.206669],[129.028512,33.206048],[129.027526,33.207332]]],[[[129.081748,33.207616],[129.081252,33.207237],[129.082928,33.206897],[129.081748,33.207616]]],[[[132.468539,33.207498],[132.467926,33.207707],[132.468449,33.206933],[132.468539,33.207498]]],[[[129.58921,33.2016],[129.590956,33.201755],[129.591757,33.202655],[129.58921,33.2016]]],[[[129.504223,33.203751],[129.505638,33.208199],[129.504639,33.2079],[129.504223,33.203751]]],[[[132.499283,33.208333],[132.497611,33.207116],[132.49861,33.206092],[132.499283,33.208333]]],[[[129.599806,33.206888],[129.599387,33.208701],[129.598024,33.206834],[129.599806,33.206888]]],[[[132.391225,33.207996],[132.390742,33.208627],[132.390512,33.209108],[132.391225,33.207996]]],[[[132.336999,33.209185],[132.336454,33.208343],[132.337074,33.207998],[132.336999,33.209185]]],[[[129.348163,33.209361],[129.347218,33.20932],[129.347585,33.208548],[129.348163,33.209361]]],[[[129.593525,33.21168],[129.592488,33.211821],[129.592678,33.211166],[129.593525,33.21168]]],[[[129.348163,33.209361],[129.351345,33.207691],[129.350501,33.21025],[129.348163,33.209361]]],[[[129.027526,33.207332],[129.026905,33.208245],[129.025919,33.212146],[129.027526,33.207332]]],[[[129.574247,33.212715],[129.573611,33.213198],[129.57455,33.211792],[129.574247,33.212715]]],[[[129.579851,33.209033],[129.579063,33.210481],[129.579679,33.211166],[129.579851,33.209033]]],[[[129.130581,33.204312],[129.124294,33.162778],[129.132873,33.202519],[129.130581,33.204312]]],[[[132.435633,33.213974],[132.438645,33.215015],[132.435035,33.214207],[132.435633,33.213974]]],[[[129.51279,33.21418],[129.512448,33.215392],[129.512006,33.213689],[129.51279,33.21418]]],[[[132.510725,33.215397],[132.510272,33.215146],[132.510951,33.214897],[132.510725,33.215397]]],[[[129.574184,33.21614],[129.573464,33.215587],[129.573728,33.214616],[129.574184,33.21614]]],[[[129.568208,33.214776],[129.567075,33.215207],[129.565747,33.217295],[129.568208,33.214776]]],[[[132.515418,33.219304],[132.516275,33.219172],[132.515809,33.219799],[132.515418,33.219304]]],[[[129.059782,33.186987],[129.088939,33.186062],[129.097928,33.215367],[129.045962,33.219109],[129.030003,33.196327],[129.057724,33.188121],[129.059782,33.186987]]],[[[132.492332,33.219841],[132.491118,33.220036],[132.489982,33.219282],[132.492332,33.219841]]],[[[129.073175,33.220051],[129.072646,33.220175],[129.072663,33.21954],[129.073175,33.220051]]],[[[132.515418,33.219304],[132.511775,33.220448],[132.510581,33.219628],[132.515418,33.219304]]],[[[132.362857,33.198984],[132.383168,33.21199],[132.362705,33.197605],[132.362857,33.198984]],[[132.360814,33.197159],[132.359221,33.197334],[132.360926,33.198637],[132.360814,33.197159]]],[[[129.130852,33.221175],[129.131337,33.22174],[129.129552,33.221423],[129.130852,33.221175]]],[[[132.368714,33.221426],[132.3684,33.222003],[132.367971,33.22165],[132.368714,33.221426]]],[[[132.533896,33.224672],[132.532153,33.223254],[132.533928,33.223996],[132.533896,33.224672]]],[[[129.130852,33.221175],[129.13177,33.22076],[129.131626,33.220194],[129.130852,33.221175]]],[[[129.547354,33.22808],[129.546614,33.226749],[129.54795,33.225068],[129.547354,33.22808]]],[[[129.067869,33.217147],[129.068895,33.216951],[129.069304,33.219014],[129.067869,33.217147]],[[129.067869,33.217147],[129.066837,33.217909],[129.068182,33.218346],[129.067869,33.217147]]],[[[129.068026,33.228776],[129.067324,33.228377],[129.06798,33.228057],[129.068026,33.228776]]],[[[129.557184,33.228459],[129.556128,33.227999],[129.555587,33.228552],[129.557184,33.228459]]],[[[132.365201,33.225967],[132.364008,33.226574],[132.363265,33.226791],[132.365201,33.225967]]],[[[129.548335,33.23096],[129.546362,33.23132],[129.545016,33.232276],[129.548335,33.23096]]],[[[129.566598,33.232202],[129.566637,33.232731],[129.565935,33.232186],[129.566598,33.232202]]],[[[129.560764,33.227289],[129.562176,33.227581],[129.562545,33.229855],[129.560764,33.227289]]],[[[129.55717,33.236124],[129.555945,33.236692],[129.555602,33.235205],[129.55717,33.236124]]],[[[132.479462,33.238195],[132.478839,33.237296],[132.479713,33.236785],[132.479462,33.238195]]],[[[132.537087,33.238214],[132.535841,33.23848],[132.536335,33.237967],[132.537087,33.238214]]],[[[131.895544,33.238243],[131.895034,33.238642],[131.893528,33.239368],[131.895544,33.238243]]],[[[129.342865,33.237469],[129.342235,33.238004],[129.343314,33.238421],[129.342865,33.237469]]],[[[129.417209,33.239809],[129.416418,33.240441],[129.415506,33.239815],[129.417209,33.239809]]],[[[132.533896,33.224672],[132.517751,33.241158],[132.531756,33.224451],[132.533896,33.224672]]],[[[129.186244,33.241568],[129.185511,33.241992],[129.184992,33.241385],[129.186244,33.241568]]],[[[129.554146,33.242179],[129.554095,33.243293],[129.553553,33.24212],[129.554146,33.242179]]],[[[129.115389,33.244106],[129.114838,33.244343],[129.114984,33.243627],[129.115389,33.244106]]],[[[134.172669,33.246123],[134.17232,33.246516],[134.171951,33.246103],[134.172669,33.246123]]],[[[129.075408,33.247843],[129.075445,33.247322],[129.075626,33.245762],[129.075408,33.247843]]],[[[129.406075,33.248147],[129.405277,33.248609],[129.405941,33.246912],[129.406075,33.248147]]],[[[129.552111,33.250654],[129.550941,33.251436],[129.55157,33.250544],[129.552111,33.250654]]],[[[129.14068,33.25077],[129.141404,33.252264],[129.140564,33.252432],[129.14068,33.25077]]],[[[129.342007,33.251749],[129.341203,33.25256],[129.340022,33.252516],[129.342007,33.251749]]],[[[129.065509,33.252738],[129.064773,33.252347],[129.066621,33.25213],[129.065509,33.252738]]],[[[129.065509,33.252738],[129.066212,33.253193],[129.064747,33.253199],[129.065509,33.252738]]],[[[129.556796,33.253959],[129.557453,33.254274],[129.555537,33.254175],[129.556796,33.253959]]],[[[131.598485,33.25241],[131.600053,33.251369],[131.597107,33.254384],[131.598485,33.25241]]],[[[129.564793,33.254234],[129.561979,33.254477],[129.56178,33.252791],[129.564793,33.254234]]],[[[129.554157,33.254706],[129.55364,33.255301],[129.55363,33.25465],[129.554157,33.254706]]],[[[129.56191,33.255562],[129.560925,33.255552],[129.560734,33.254504],[129.56191,33.255562]]],[[[129.410875,33.257445],[129.410039,33.257894],[129.410253,33.257172],[129.410875,33.257445]]],[[[131.546209,33.257963],[131.545803,33.257553],[131.548603,33.257539],[131.546209,33.257963]]],[[[132.476096,33.258331],[132.475889,33.258912],[132.475242,33.259059],[132.476096,33.258331]]],[[[129.410155,33.259059],[129.409597,33.259799],[129.409925,33.258449],[129.410155,33.259059]]],[[[129.55585,33.259845],[129.554046,33.259039],[129.554248,33.257851],[129.55585,33.259845]]],[[[129.557031,33.259624],[129.557034,33.260175],[129.556239,33.259352],[129.557031,33.259624]]],[[[129.550937,33.259502],[129.550826,33.260299],[129.549602,33.260824],[129.550937,33.259502]]],[[[133.262711,33.260801],[133.261184,33.261147],[133.260186,33.260553],[133.262711,33.260801]]],[[[129.552184,33.261301],[129.551752,33.261682],[129.551303,33.26068],[129.552184,33.261301]]],[[[134.162313,33.261792],[134.159385,33.262009],[134.159963,33.26163],[134.162313,33.261792]]],[[[134.186603,33.26216],[134.185386,33.26198],[134.18511,33.261374],[134.186603,33.26216]]],[[[129.552184,33.261301],[129.553784,33.261654],[129.553478,33.2623],[129.552184,33.261301]]],[[[129.075408,33.247843],[129.075518,33.248919],[129.074875,33.248595],[129.075408,33.247843]]],[[[129.561815,33.263371],[129.559397,33.262995],[129.558965,33.262275],[129.561815,33.263371]]],[[[134.16669,33.259965],[134.164873,33.263063],[134.165191,33.263545],[134.16669,33.259965]]],[[[129.558248,33.263113],[129.557937,33.264316],[129.555891,33.261792],[129.558248,33.263113]]],[[[134.163498,33.265297],[134.162633,33.264508],[134.163734,33.264362],[134.163498,33.265297]]],[[[129.551752,33.261682],[129.553426,33.262974],[129.555344,33.262216],[129.551752,33.261682]]],[[[129.553568,33.26691],[129.552923,33.267107],[129.552732,33.266485],[129.553568,33.26691]]],[[[134.159351,33.267735],[134.160996,33.264918],[134.160143,33.262876],[134.159351,33.267735]]],[[[129.557401,33.26673],[129.557553,33.267745],[129.556878,33.267764],[129.557401,33.26673]]],[[[129.562898,33.267436],[129.56394,33.267556],[129.56295,33.26838],[129.562898,33.267436]]],[[[131.945432,33.270795],[131.945333,33.270137],[131.946072,33.269764],[131.945432,33.270795]]],[[[129.571153,33.270235],[129.570399,33.270915],[129.570075,33.270519],[129.571153,33.270235]]],[[[129.558736,33.270309],[129.558849,33.270954],[129.557385,33.270569],[129.558736,33.270309]]],[[[132.480638,33.271271],[132.481323,33.271056],[132.482414,33.271796],[132.480638,33.271271]]],[[[129.560682,33.271477],[129.560791,33.272367],[129.559799,33.27084],[129.560682,33.271477]]],[[[129.568217,33.275748],[129.565183,33.275407],[129.566375,33.274636],[129.568217,33.275748]]],[[[129.568217,33.275748],[129.569429,33.276533],[129.568177,33.276624],[129.568217,33.275748]]],[[[131.957352,33.276697],[131.956818,33.276618],[131.957352,33.276103],[131.957352,33.276697]]],[[[131.945432,33.270795],[131.946093,33.270824],[131.94654,33.271214],[131.945432,33.270795]]],[[[131.958472,33.279404],[131.957029,33.279349],[131.958038,33.278318],[131.958472,33.279404]]],[[[133.260757,33.279483],[133.259932,33.279351],[133.260371,33.279066],[133.260757,33.279483]]],[[[129.573253,33.280031],[129.57275,33.279368],[129.57297,33.27789],[129.573253,33.280031]]],[[[131.960852,33.279446],[131.960421,33.280276],[131.959454,33.279689],[131.960852,33.279446]]],[[[129.579083,33.27991],[129.578935,33.280536],[129.578319,33.279974],[129.579083,33.27991]]],[[[129.493748,33.28303],[129.49199,33.282609],[129.49299,33.2816],[129.493748,33.28303]]],[[[134.150197,33.282889],[134.149057,33.283799],[134.149205,33.283281],[134.150197,33.282889]]],[[[129.568214,33.284593],[129.567321,33.284311],[129.56679,33.283379],[129.568214,33.284593]]],[[[129.51495,33.281544],[129.512333,33.284064],[129.511749,33.285873],[129.51495,33.281544]]],[[[129.571491,33.287486],[129.570879,33.287659],[129.571393,33.286873],[129.571491,33.287486]]],[[[129.5668,33.288426],[129.566996,33.287171],[129.568038,33.288362],[129.5668,33.288426]]],[[[129.098559,33.28763],[129.098515,33.288213],[129.097719,33.288453],[129.098559,33.28763]]],[[[129.575259,33.289308],[129.574741,33.28869],[129.575253,33.288051],[129.575259,33.289308]]],[[[131.933907,33.28979],[131.933056,33.289716],[131.933512,33.288915],[131.933907,33.28979]]],[[[129.5668,33.288426],[129.567062,33.289322],[129.565801,33.289828],[129.5668,33.288426]]],[[[129.580815,33.289547],[129.578146,33.289953],[129.579833,33.288622],[129.580815,33.289547]]],[[[129.569817,33.290288],[129.569312,33.290664],[129.569064,33.289468],[129.569817,33.290288]]],[[[129.576817,33.290176],[129.577474,33.290439],[129.576988,33.290993],[129.576817,33.290176]]],[[[129.116705,33.292068],[129.115786,33.291685],[129.116615,33.291438],[129.116705,33.292068]]],[[[129.569318,33.292211],[129.567615,33.291117],[129.567256,33.290048],[129.569318,33.292211]]],[[[129.517599,33.29062],[129.51868,33.291832],[129.517734,33.292508],[129.517599,33.29062]]],[[[129.569318,33.292211],[129.569885,33.292305],[129.569722,33.292795],[129.569318,33.292211]]],[[[129.414407,33.292566],[129.412637,33.29393],[129.411276,33.29378],[129.414407,33.292566]]],[[[134.186602,33.293012],[134.187332,33.293599],[134.187032,33.294107],[134.186602,33.293012]]],[[[129.839437,33.296393],[129.83803,33.295923],[129.83937,33.294664],[129.839437,33.296393]]],[[[131.504252,33.29591],[131.504935,33.295557],[131.505928,33.296415],[131.504252,33.29591]]],[[[134.109074,33.296167],[134.107598,33.296523],[134.108138,33.295933],[134.109074,33.296167]]],[[[129.513393,33.297757],[129.512514,33.297244],[129.514178,33.296854],[129.513393,33.297757]]],[[[129.138839,33.297016],[129.139672,33.296838],[129.140336,33.298165],[129.138839,33.297016]]],[[[133.251621,33.299483],[133.252126,33.298885],[133.252577,33.299682],[133.251621,33.299483]]],[[[129.508944,33.298585],[129.507978,33.300547],[129.507113,33.300062],[129.508944,33.298585]]],[[[129.17096,33.302075],[129.171634,33.302819],[129.170697,33.30318],[129.17096,33.302075]]],[[[129.135305,33.298624],[129.069777,33.270943],[129.096808,33.248099],[129.155793,33.270458],[129.136222,33.298403],[129.135305,33.298624]],[[129.106819,33.287305],[129.108178,33.286768],[129.107585,33.286439],[129.106819,33.287305]],[[129.132679,33.262115],[129.13206,33.262969],[129.133745,33.262311],[129.132679,33.262115]],[[129.13588,33.261369],[129.135416,33.26198],[129.136324,33.261948],[129.13588,33.261369]],[[129.135305,33.298624],[129.134797,33.297235],[129.134241,33.29754],[129.135305,33.298624]]],[[[129.168088,33.303454],[129.167027,33.302988],[129.167806,33.302884],[129.168088,33.303454]]],[[[129.127427,33.303042],[129.12727,33.304784],[129.126409,33.305348],[129.127427,33.303042]]],[[[129.178903,33.30587],[129.178782,33.306378],[129.177493,33.30511],[129.178903,33.30587]]],[[[129.580808,33.306271],[129.579919,33.306401],[129.579087,33.306193],[129.580808,33.306271]]],[[[129.437535,33.309624],[129.43654,33.309885],[129.436949,33.309203],[129.437535,33.309624]]],[[[134.19325,33.314653],[134.193746,33.313394],[134.19413,33.314162],[134.19325,33.314653]]],[[[132.483984,33.315014],[132.48364,33.314632],[132.484932,33.312927],[132.483984,33.315014]]],[[[129.430555,33.315113],[129.429857,33.316505],[129.429267,33.316376],[129.430555,33.315113]]],[[[129.839288,33.318428],[129.838978,33.31889],[129.839255,33.320104],[129.839288,33.318428]]],[[[133.315936,33.326083],[133.315401,33.325492],[133.316442,33.325309],[133.315936,33.326083]]],[[[134.198133,33.327498],[134.198625,33.32792],[134.198437,33.328957],[134.198133,33.327498]]],[[[133.249187,33.33058],[133.248964,33.32958],[133.249041,33.328872],[133.249187,33.33058]]],[[[129.842965,33.343442],[129.841969,33.343186],[129.84402,33.34315],[129.842965,33.343442]]],[[[132.379086,33.345714],[132.378548,33.344859],[132.377186,33.345403],[132.379086,33.345714]]],[[[133.323117,33.34758],[133.322271,33.346823],[133.32306,33.346978],[133.323117,33.34758]]],[[[132.385677,33.351338],[132.385717,33.351938],[132.384812,33.351285],[132.385677,33.351338]]],[[[133.323117,33.34758],[133.32325,33.348109],[133.324433,33.350153],[133.323117,33.34758]]],[[[129.824503,33.352974],[129.823972,33.353611],[129.823327,33.353143],[129.824503,33.352974]]],[[[129.828687,33.350071],[129.828633,33.352117],[129.827015,33.354524],[129.828687,33.350071]]],[[[129.844697,33.354779],[129.843692,33.354213],[129.844828,33.353259],[129.844697,33.354779]]],[[[129.828432,33.356289],[129.827807,33.355962],[129.828425,33.355669],[129.828432,33.356289]]],[[[133.310227,33.358711],[133.308216,33.358723],[133.304764,33.357288],[133.310227,33.358711]]],[[[133.267699,33.359386],[133.267046,33.359052],[133.268209,33.358593],[133.267699,33.359386]]],[[[129.849223,33.359651],[129.848184,33.360225],[129.848128,33.359132],[129.849223,33.359651]]],[[[132.403971,33.359097],[132.40471,33.360271],[132.404143,33.360782],[132.403971,33.359097]]],[[[129.835289,33.360393],[129.834913,33.360799],[129.834684,33.359688],[129.835289,33.360393]]],[[[129.437424,33.361643],[129.436678,33.358597],[129.437136,33.357796],[129.437424,33.361643]]],[[[132.10373,33.361808],[132.103432,33.361333],[132.104178,33.361253],[132.10373,33.361808]]],[[[133.301753,33.36422],[133.297464,33.361478],[133.298085,33.360791],[133.301753,33.36422]]],[[[132.386316,33.367762],[132.386816,33.368314],[132.386237,33.36945],[132.386316,33.367762]]],[[[129.847011,33.369491],[129.847189,33.367366],[129.847827,33.367997],[129.847011,33.369491]]],[[[134.03906,33.370379],[134.038328,33.370073],[134.037566,33.370186],[134.03906,33.370379]]],[[[134.037386,33.371106],[134.036294,33.372378],[134.036409,33.371249],[134.037386,33.371106]]],[[[132.149869,33.37303],[132.149426,33.372737],[132.149963,33.372382],[132.149869,33.37303]]],[[[129.466838,33.372088],[129.466442,33.372742],[129.465965,33.3733],[129.466838,33.372088]]],[[[129.562439,33.372864],[129.563162,33.374405],[129.560778,33.3727],[129.562439,33.372864]]],[[[129.504396,33.37403],[129.504433,33.374691],[129.503936,33.374403],[129.504396,33.37403]]],[[[129.861748,33.374434],[129.861523,33.37492],[129.860876,33.37437],[129.861748,33.374434]]],[[[132.073476,33.375778],[132.072816,33.374868],[132.073889,33.374389],[132.073476,33.375778]]],[[[129.541813,33.375948],[129.541256,33.377188],[129.540438,33.377314],[129.541813,33.375948]]],[[[129.865958,33.378694],[129.864988,33.378398],[129.864639,33.377742],[129.865958,33.378694]]],[[[132.344532,33.378718],[132.343262,33.377771],[132.345636,33.37619],[132.344532,33.378718]]],[[[129.531941,33.379505],[129.531531,33.378913],[129.532519,33.378721],[129.531941,33.379505]]],[[[132.082441,33.380083],[132.08207,33.379099],[132.082662,33.379208],[132.082441,33.380083]]],[[[132.080615,33.380694],[132.079837,33.380056],[132.080361,33.380025],[132.080615,33.380694]]],[[[132.344532,33.378718],[132.344879,33.380296],[132.343673,33.380882],[132.344532,33.378718]]],[[[129.859706,33.381582],[129.859021,33.381244],[129.860377,33.381064],[129.859706,33.381582]]],[[[129.858349,33.381563],[129.860277,33.381966],[129.860169,33.382631],[129.858349,33.381563]]],[[[129.542033,33.382394],[129.541204,33.382923],[129.541316,33.382376],[129.542033,33.382394]]],[[[129.859578,33.383071],[129.859343,33.383657],[129.858403,33.38276],[129.859578,33.383071]]],[[[129.599233,33.382794],[129.5992,33.384099],[129.597134,33.384261],[129.599233,33.382794]]],[[[129.857423,33.385015],[129.856838,33.385325],[129.857227,33.383865],[129.857423,33.385015]]],[[[129.855052,33.385094],[129.855018,33.385821],[129.85438,33.384756],[129.855052,33.385094]]],[[[129.858994,33.385466],[129.858228,33.385962],[129.858678,33.387518],[129.858994,33.385466]]],[[[129.856294,33.388532],[129.855636,33.388335],[129.856287,33.388014],[129.856294,33.388532]]],[[[129.560381,33.388629],[129.560671,33.387406],[129.561935,33.386495],[129.560381,33.388629]]],[[[129.435282,33.389048],[129.434723,33.389192],[129.434502,33.388526],[129.435282,33.389048]]],[[[129.859383,33.389632],[129.858819,33.389034],[129.859289,33.388386],[129.859383,33.389632]]],[[[129.854373,33.390347],[129.853117,33.391001],[129.851983,33.389733],[129.854373,33.390347]]],[[[129.517737,33.391046],[129.51638,33.391009],[129.514674,33.390834],[129.517737,33.391046]]],[[[129.840211,33.391176],[129.839734,33.391745],[129.838934,33.390161],[129.840211,33.391176]]],[[[129.772028,33.3915],[129.771482,33.392218],[129.771176,33.391497],[129.772028,33.3915]]],[[[129.773524,33.392163],[129.772429,33.391838],[129.773671,33.391162],[129.773524,33.392163]]],[[[129.773524,33.392163],[129.773134,33.393005],[129.772325,33.393036],[129.773524,33.392163]]],[[[129.840862,33.393058],[129.840023,33.392393],[129.841036,33.392343],[129.840862,33.393058]]],[[[129.772325,33.393036],[129.771892,33.393693],[129.771281,33.393518],[129.772325,33.393036]]],[[[129.755754,33.39376],[129.754411,33.39349],[129.755177,33.393197],[129.755754,33.39376]]],[[[134.215129,33.393789],[134.213369,33.392353],[134.21392,33.392341],[134.215129,33.393789]]],[[[129.757749,33.394341],[129.756574,33.394944],[129.756816,33.393834],[129.757749,33.394341]]],[[[129.526868,33.393303],[129.525896,33.39529],[129.525084,33.394408],[129.526868,33.393303]]],[[[132.346327,33.395207],[132.344895,33.396033],[132.342155,33.395998],[132.346327,33.395207]]],[[[129.844844,33.395905],[129.8443,33.396401],[129.843729,33.396102],[129.844844,33.395905]]],[[[133.404618,33.397074],[133.404256,33.396684],[133.404771,33.396516],[133.404618,33.397074]]],[[[129.864526,33.39826],[129.862836,33.39752],[129.864097,33.397177],[129.864526,33.39826]]],[[[132.339625,33.399151],[132.339754,33.400551],[132.337754,33.398357],[132.339625,33.399151]]],[[[129.782348,33.399268],[129.778816,33.399815],[129.778742,33.400677],[129.782348,33.399268]]],[[[133.288967,33.400462],[133.290151,33.400981],[133.289827,33.401395],[133.288967,33.400462]]],[[[129.866494,33.403022],[129.865151,33.403655],[129.865318,33.402855],[129.866494,33.403022]]],[[[132.386264,33.403366],[132.386721,33.403839],[132.385304,33.403332],[132.386264,33.403366]]],[[[129.855619,33.404307],[129.855553,33.403104],[129.856139,33.403227],[129.855619,33.404307]]],[[[129.515781,33.404042],[129.514122,33.404902],[129.514244,33.403619],[129.515781,33.404042]]],[[[129.860574,33.405245],[129.859786,33.404852],[129.860383,33.404394],[129.860574,33.405245]]],[[[129.678298,33.405512],[129.677877,33.40458],[129.67908,33.404028],[129.678298,33.405512]]],[[[129.773134,33.406771],[129.771687,33.407346],[129.772503,33.405728],[129.773134,33.406771]]],[[[131.637895,33.40799],[131.636608,33.408777],[131.636911,33.407992],[131.637895,33.40799]]],[[[129.493748,33.28303],[129.532104,33.311382],[129.513846,33.330446],[129.570147,33.3571],[129.555177,33.409048],[129.517999,33.400164],[129.552435,33.381274],[129.522624,33.353802],[129.51221,33.381737],[129.498624,33.35543],[129.441703,33.352296],[129.447165,33.291798],[129.403684,33.265374],[129.434895,33.235996],[129.382273,33.227631],[129.399916,33.180031],[129.35667,33.207543],[129.348373,33.182305],[129.433994,33.190926],[129.501351,33.259378],[129.492258,33.285337],[129.493748,33.28303]],[[129.475199,33.352058],[129.475281,33.351009],[129.474365,33.351214],[129.475199,33.352058]],[[129.438925,33.309259],[129.439075,33.310453],[129.43979,33.309791],[129.438925,33.309259]]],[[[129.72554,33.411773],[129.724542,33.413202],[129.724774,33.412172],[129.72554,33.411773]]],[[[129.858349,33.381563],[129.796968,33.414641],[129.807619,33.350556],[129.859867,33.378623],[129.858349,33.381563]],[[129.828122,33.364412],[129.82837,33.365794],[129.82939,33.365185],[129.828122,33.364412]]],[[[131.646727,33.418737],[131.650643,33.418315],[131.649607,33.418741],[131.646727,33.418737]]],[[[129.534486,33.422703],[129.533162,33.422024],[129.535125,33.421122],[129.534486,33.422703]]],[[[129.687977,33.421713],[129.688024,33.422705],[129.687104,33.423099],[129.687977,33.421713]]],[[[132.387609,33.422952],[132.38657,33.423742],[132.386388,33.422842],[132.387609,33.422952]]],[[[129.713013,33.420915],[129.710268,33.424098],[129.708078,33.425272],[129.713013,33.420915]]],[[[129.534486,33.422703],[129.535293,33.423388],[129.533188,33.425998],[129.534486,33.422703]]],[[[129.695036,33.430119],[129.694012,33.430475],[129.691009,33.429115],[129.695036,33.430119]]],[[[129.515299,33.431348],[129.514501,33.429439],[129.515586,33.430704],[129.515299,33.431348]]],[[[129.804553,33.432336],[129.804143,33.431756],[129.805911,33.431288],[129.804553,33.432336]]],[[[129.425024,33.435816],[129.423913,33.43576],[129.424647,33.435382],[129.425024,33.435816]]],[[[135.766236,33.436837],[135.766743,33.435925],[135.766911,33.436517],[135.766236,33.436837]]],[[[135.752995,33.436925],[135.752608,33.436299],[135.752972,33.435885],[135.752995,33.436925]]],[[[135.752995,33.436925],[135.752712,33.437383],[135.752254,33.436715],[135.752995,33.436925]]],[[[129.547237,33.43986],[129.545954,33.440429],[129.546559,33.439381],[129.547237,33.43986]]],[[[132.36881,33.44036],[132.367212,33.440545],[132.366111,33.439669],[132.36881,33.44036]]],[[[135.789803,33.441208],[135.790883,33.440171],[135.790959,33.441127],[135.789803,33.441208]]],[[[135.781613,33.442338],[135.78109,33.442071],[135.7815,33.441161],[135.781613,33.442338]]],[[[129.434588,33.440689],[129.397541,33.361403],[129.435861,33.355954],[129.434538,33.437985],[129.434588,33.440689]]],[[[135.789803,33.441208],[135.790773,33.442465],[135.790076,33.442768],[135.789803,33.441208]]],[[[135.780811,33.443812],[135.780063,33.442905],[135.781056,33.442963],[135.780811,33.443812]]],[[[129.440698,33.44536],[129.440094,33.445086],[129.439462,33.444582],[129.440698,33.44536]]],[[[135.794539,33.446617],[135.794327,33.446053],[135.795032,33.445653],[135.794539,33.446617]]],[[[129.546719,33.447278],[129.546343,33.447831],[129.546424,33.446799],[129.546719,33.447278]]],[[[133.444829,33.446849],[133.448592,33.448231],[133.445427,33.448278],[133.444829,33.446849]]],[[[135.8205,33.44652],[135.820378,33.447349],[135.818983,33.448701],[135.8205,33.44652]]],[[[135.820227,33.448836],[135.819768,33.448556],[135.820516,33.448324],[135.820227,33.448836]]],[[[135.831834,33.449122],[135.832588,33.449722],[135.831971,33.450006],[135.831834,33.449122]]],[[[135.796514,33.45064],[135.79685,33.449205],[135.797271,33.450229],[135.796514,33.45064]]],[[[135.820673,33.45116],[135.821366,33.450205],[135.821282,33.450758],[135.820673,33.45116]]],[[[135.820673,33.45116],[135.820718,33.45171],[135.818688,33.452632],[135.820673,33.45116]]],[[[129.744159,33.453051],[129.743896,33.453739],[129.742357,33.45251],[129.744159,33.453051]]],[[[129.515299,33.431348],[129.519251,33.433628],[129.520894,33.433492],[129.515299,33.431348]]],[[[135.834141,33.454603],[135.833772,33.453807],[135.835065,33.452784],[135.834141,33.454603]]],[[[129.845989,33.455168],[129.845263,33.454446],[129.846063,33.454407],[129.845989,33.455168]]],[[[129.844914,33.455258],[129.844672,33.455793],[129.843979,33.455827],[129.844914,33.455258]]],[[[129.728402,33.456083],[129.728303,33.45417],[129.728656,33.455],[129.728402,33.456083]]],[[[129.845989,33.455168],[129.846933,33.455495],[129.848954,33.455901],[129.845989,33.455168]]],[[[129.74383,33.457323],[129.742626,33.456506],[129.742646,33.455915],[129.74383,33.457323]]],[[[132.363665,33.457364],[132.361802,33.457462],[132.361052,33.456816],[132.363665,33.457364]]],[[[129.978452,33.457207],[129.976171,33.457829],[129.978864,33.456492],[129.978452,33.457207]]],[[[129.774608,33.458346],[129.772969,33.458473],[129.775454,33.457628],[129.774608,33.458346]]],[[[132.352438,33.458236],[132.352616,33.459196],[132.350923,33.459009],[132.352438,33.458236]]],[[[129.966311,33.461486],[129.967586,33.460244],[129.96838,33.460859],[129.966311,33.461486]]],[[[135.797505,33.460735],[135.796623,33.461906],[135.794706,33.462344],[135.797505,33.460735]]],[[[129.728402,33.456083],[129.7273,33.458242],[129.725697,33.460676],[129.728402,33.456083]],[[129.727273,33.453846],[129.726245,33.454093],[129.726373,33.454758],[129.727273,33.453846]]],[[[129.977351,33.464229],[129.978273,33.464208],[129.978643,33.464977],[129.977351,33.464229]]],[[[129.977351,33.464229],[129.976762,33.464888],[129.978053,33.467527],[129.977351,33.464229]]],[[[133.504896,33.467925],[133.508279,33.468444],[133.50871,33.468934],[133.504896,33.467925]]],[[[129.847548,33.468951],[129.846096,33.468759],[129.847057,33.46837],[129.847548,33.468951]]],[[[135.774077,33.467473],[135.77304,33.469125],[135.773675,33.466135],[135.774077,33.467473]]],[[[135.85955,33.469058],[135.859899,33.46849],[135.860387,33.469201],[135.85955,33.469058]]],[[[135.785578,33.470043],[135.786462,33.467642],[135.787118,33.467603],[135.785578,33.470043]]],[[[129.72554,33.411773],[129.793364,33.430231],[129.752514,33.469971],[129.726209,33.413332],[129.72554,33.411773]]],[[[129.993748,33.472349],[129.990833,33.471869],[129.99304,33.471772],[129.993748,33.472349]]],[[[129.540943,33.472514],[129.53769,33.471477],[129.539397,33.471466],[129.540943,33.472514]]],[[[129.521939,33.472575],[129.520807,33.471813],[129.521337,33.471539],[129.521939,33.472575]]],[[[129.850418,33.47214],[129.84818,33.472893],[129.847685,33.473228],[129.850418,33.47214]]],[[[129.499325,33.476402],[129.498693,33.476165],[129.499607,33.475714],[129.499325,33.476402]]],[[[135.70889,33.47765],[135.708249,33.477647],[135.708593,33.47717],[135.70889,33.47765]]],[[[135.706971,33.477528],[135.706465,33.477727],[135.705929,33.477298],[135.706971,33.477528]]],[[[135.836144,33.477738],[135.835503,33.477471],[135.836787,33.477338],[135.836144,33.477738]]],[[[135.804878,33.478079],[135.80429,33.477857],[135.803539,33.475777],[135.804878,33.478079]]],[[[135.741532,33.478144],[135.742313,33.478144],[135.742234,33.47866],[135.741532,33.478144]]],[[[135.745421,33.48057],[135.746102,33.479458],[135.746012,33.480431],[135.745421,33.48057]]],[[[129.993748,33.472349],[129.994239,33.472852],[129.994532,33.476716],[129.993748,33.472349]]],[[[135.85955,33.469058],[135.800373,33.472357],[135.831834,33.449122],[135.859134,33.468367],[135.85955,33.469058]],[[135.80031,33.471332],[135.802102,33.471567],[135.802106,33.470753],[135.80031,33.471332]]],[[[129.52972,33.481692],[129.527391,33.481245],[129.528329,33.480984],[129.52972,33.481692]]],[[[135.707449,33.482268],[135.706261,33.482186],[135.706579,33.481735],[135.707449,33.482268]]],[[[135.693842,33.482718],[135.692958,33.483374],[135.691292,33.482956],[135.693842,33.482718]]],[[[135.737065,33.485413],[135.736318,33.484267],[135.73752,33.484313],[135.737065,33.485413]]],[[[135.669761,33.485762],[135.668961,33.485157],[135.670231,33.485359],[135.669761,33.485762]]],[[[135.794235,33.486047],[135.793989,33.484414],[135.794759,33.48496],[135.794235,33.486047]]],[[[135.795949,33.485918],[135.79526,33.486308],[135.795869,33.485286],[135.795949,33.485918]]],[[[135.669761,33.485762],[135.669122,33.486412],[135.668224,33.485942],[135.669761,33.485762]]],[[[129.776851,33.488696],[129.776605,33.489599],[129.778138,33.49002],[129.776851,33.488696]]],[[[134.268191,33.495575],[134.26895,33.495533],[134.269044,33.49757],[134.268191,33.495575]]],[[[133.885956,33.498528],[133.882174,33.498103],[133.88628,33.498071],[133.885956,33.498528]]],[[[135.655082,33.498887],[135.654568,33.4989],[135.655401,33.498011],[135.655082,33.498887]]],[[[133.586649,33.499595],[133.582585,33.49949],[133.593208,33.498942],[133.586649,33.499595]]],[[[135.589122,33.500037],[135.588274,33.500267],[135.589245,33.499012],[135.589122,33.500037]]],[[[133.881603,33.500421],[133.884947,33.499828],[133.886366,33.499558],[133.881603,33.500421]]],[[[133.889033,33.500544],[133.886341,33.500753],[133.888286,33.499973],[133.889033,33.500544]]],[[[133.577215,33.500908],[133.58319,33.500943],[133.578035,33.501237],[133.577215,33.500908]]],[[[135.626046,33.501958],[135.624342,33.501866],[135.625153,33.499804],[135.626046,33.501958]]],[[[135.589122,33.500037],[135.58991,33.499789],[135.590368,33.499253],[135.589122,33.500037]]],[[[131.730652,33.501965],[131.732272,33.501356],[131.731658,33.502651],[131.730652,33.501965]]],[[[135.82529,33.503513],[135.824702,33.502891],[135.825753,33.50168],[135.82529,33.503513]]],[[[135.637552,33.504293],[135.636965,33.503825],[135.637504,33.503614],[135.637552,33.504293]]],[[[129.961742,33.504466],[129.959661,33.503525],[129.961301,33.503837],[129.961742,33.504466]]],[[[135.826769,33.50468],[135.825316,33.505543],[135.824451,33.505394],[135.826769,33.50468]]],[[[135.635969,33.505856],[135.6354,33.50575],[135.635825,33.505266],[135.635969,33.505856]]],[[[129.520668,33.506296],[129.520143,33.506335],[129.52015,33.5058],[129.520668,33.506296]]],[[[135.632596,33.505889],[135.631253,33.506567],[135.631344,33.505818],[135.632596,33.505889]]],[[[133.594748,33.508359],[133.591271,33.504774],[133.590945,33.503617],[133.594748,33.508359]]],[[[135.552954,33.509916],[135.552244,33.510097],[135.552471,33.509235],[135.552954,33.509916]]],[[[130.070457,33.508722],[130.070219,33.510133],[130.069681,33.509096],[130.070457,33.508722]]],[[[129.52972,33.481692],[129.583524,33.495722],[129.547403,33.508811],[129.497721,33.4741],[129.528903,33.482846],[129.52972,33.481692]]],[[[135.552954,33.509916],[135.554855,33.509285],[135.554219,33.510319],[135.552954,33.509916]]],[[[129.553016,33.510953],[129.552472,33.511111],[129.551746,33.510699],[129.553016,33.510953]]],[[[135.576381,33.510757],[135.575797,33.511287],[135.574876,33.510577],[135.576381,33.510757]]],[[[135.561887,33.512238],[135.561225,33.512221],[135.561515,33.51163],[135.561887,33.512238]]],[[[135.560329,33.512274],[135.560142,33.511444],[135.560653,33.511395],[135.560329,33.512274]]],[[[135.55891,33.512826],[135.557501,33.5126],[135.558712,33.512268],[135.55891,33.512826]]],[[[135.843175,33.514657],[135.844198,33.513213],[135.845319,33.513749],[135.843175,33.514657]]],[[[135.53188,33.519547],[135.531007,33.518473],[135.532125,33.518618],[135.53188,33.519547]]],[[[135.536625,33.519906],[135.536142,33.519581],[135.536915,33.519232],[135.536625,33.519906]]],[[[133.551354,33.520881],[133.553639,33.520975],[133.552958,33.521394],[133.551354,33.520881]]],[[[133.558197,33.522787],[133.557385,33.522796],[133.557683,33.521888],[133.558197,33.522787]]],[[[135.508799,33.524904],[135.508024,33.524975],[135.507787,33.524473],[135.508799,33.524904]]],[[[129.957976,33.525005],[129.957458,33.524314],[129.95853,33.522821],[129.957976,33.525005]]],[[[135.878521,33.52771],[135.877793,33.527167],[135.878526,33.526925],[135.878521,33.52771]]],[[[135.878521,33.52771],[135.878652,33.528605],[135.878051,33.528356],[135.878521,33.52771]]],[[[135.878652,33.528605],[135.879292,33.528454],[135.87908,33.529068],[135.878652,33.528605]]],[[[133.721955,33.537754],[133.7221,33.537066],[133.723954,33.537831],[133.721955,33.537754]]],[[[134.313573,33.53816],[134.311081,33.539505],[134.310122,33.540137],[134.313573,33.53816]]],[[[134.314759,33.540999],[134.314091,33.540396],[134.314689,33.540238],[134.314759,33.540999]]],[[[129.975405,33.54293],[129.973756,33.543566],[129.96835,33.541987],[129.975405,33.54293]]],[[[130.154794,33.542774],[130.15389,33.543683],[130.15362,33.54311],[130.154794,33.542774]]],[[[135.489273,33.543166],[135.489881,33.544324],[135.48673,33.544479],[135.489273,33.543166]]],[[[135.486619,33.548126],[135.488576,33.54641],[135.488749,33.546919],[135.486619,33.548126]]],[[[134.323806,33.540185],[134.324338,33.541143],[134.322528,33.541312],[134.323806,33.540185]]],[[[135.912524,33.550045],[135.912626,33.548921],[135.913069,33.54956],[135.912524,33.550045]]],[[[129.893011,33.553684],[129.89443,33.552856],[129.895598,33.552716],[129.893011,33.553684]]],[[[134.324889,33.556656],[134.324216,33.556419],[134.324741,33.555641],[134.324889,33.556656]]],[[[134.322844,33.556723],[134.322339,33.556424],[134.323342,33.555928],[134.322844,33.556723]]],[[[135.443196,33.556651],[135.442797,33.556981],[135.442537,33.556389],[135.443196,33.556651]]],[[[134.320112,33.557168],[134.319446,33.557461],[134.318798,33.556781],[134.320112,33.557168]]],[[[134.325011,33.55807],[134.324257,33.557822],[134.326343,33.557653],[134.325011,33.55807]]],[[[134.32059,33.559074],[134.317084,33.559243],[134.318316,33.558397],[134.32059,33.559074]]],[[[129.903399,33.557922],[129.903894,33.558717],[129.904176,33.559262],[129.903399,33.557922]]],[[[134.320657,33.560517],[134.318363,33.561024],[134.318006,33.560218],[134.320657,33.560517]]],[[[129.896773,33.564811],[129.896066,33.564366],[129.8971,33.564239],[129.896773,33.564811]]],[[[129.889713,33.557773],[129.890065,33.559053],[129.885609,33.563067],[129.889713,33.557773]]],[[[131.423682,33.57321],[131.42271,33.573395],[131.425728,33.570927],[131.423682,33.57321]]],[[[130.049833,33.575587],[130.048936,33.575801],[130.048123,33.575864],[130.049833,33.575587]]],[[[135.944733,33.578251],[135.944852,33.577538],[135.945197,33.577007],[135.944733,33.578251]]],[[[135.961314,33.582094],[135.960569,33.581522],[135.961109,33.581514],[135.961314,33.582094]]],[[[131.423469,33.582205],[131.424639,33.579001],[131.426182,33.576917],[131.423469,33.582205]]],[[[129.761901,33.582757],[129.739712,33.573402],[129.755666,33.563712],[129.763116,33.58252],[129.761901,33.582757]]],[[[134.333952,33.583774],[134.333158,33.583537],[134.333932,33.583244],[134.333952,33.583774]]],[[[129.860086,33.587211],[129.85765,33.58764],[129.858348,33.586978],[129.860086,33.587211]]],[[[130.106592,33.589798],[130.105845,33.589414],[130.105869,33.588871],[130.106592,33.589798]]],[[[134.368935,33.588899],[134.367246,33.589891],[134.366254,33.589449],[134.368935,33.588899]]],[[[129.869623,33.590237],[129.868721,33.59079],[129.868714,33.590001],[129.869623,33.590237]]],[[[129.847801,33.590316],[129.845633,33.592012],[129.84207,33.590969],[129.847801,33.590316]]],[[[129.892116,33.593922],[129.891485,33.594228],[129.891499,33.593137],[129.892116,33.593922]]],[[[135.962403,33.594975],[135.962538,33.595789],[135.961938,33.595719],[135.962403,33.594975]]],[[[130.351119,33.59528],[130.351671,33.595679],[130.350811,33.596117],[130.351119,33.59528]]],[[[130.268162,33.596414],[130.26711,33.594849],[130.266668,33.593788],[130.268162,33.596414]]],[[[130.362748,33.59863],[130.364314,33.600216],[130.362064,33.599346],[130.362748,33.59863]]],[[[130.369006,33.60156],[130.371067,33.602498],[130.370288,33.602701],[130.369006,33.60156]]],[[[129.898969,33.594372],[129.900679,33.593463],[129.901471,33.593505],[129.898969,33.594372]],[[129.898969,33.594372],[129.898323,33.595408],[129.898838,33.595485],[129.898969,33.594372]]],[[[129.850346,33.604635],[129.849497,33.604291],[129.850097,33.603975],[129.850346,33.604635]]],[[[129.557767,33.607141],[129.558683,33.608376],[129.558461,33.609475],[129.557767,33.607141]]],[[[129.518824,33.615883],[129.517228,33.615409],[129.51871,33.615291],[129.518824,33.615883]]],[[[135.952751,33.615559],[135.951617,33.61589],[135.950945,33.61487],[135.952751,33.615559]]],[[[129.861053,33.610167],[129.85765,33.58764],[129.863298,33.608626],[129.861053,33.610167]],[[129.861053,33.610167],[129.860115,33.609137],[129.858962,33.609049],[129.861053,33.610167]]],[[[135.964345,33.619654],[135.963664,33.619161],[135.96418,33.618986],[135.964345,33.619654]]],[[[135.964345,33.619654],[135.96502,33.620549],[135.963853,33.619943],[135.964345,33.619654]]],[[[135.96687,33.620617],[135.966108,33.62012],[135.966792,33.620054],[135.96687,33.620617]]],[[[135.947015,33.621626],[135.946279,33.622054],[135.945167,33.620927],[135.947015,33.621626]]],[[[135.948275,33.626817],[135.948762,33.624729],[135.949337,33.62487],[135.948275,33.626817]]],[[[134.363573,33.627719],[134.363123,33.626912],[134.363349,33.626042],[134.363573,33.627719]]],[[[135.389963,33.631642],[135.389098,33.631739],[135.390043,33.630974],[135.389963,33.631642]]],[[[134.44005,33.634659],[134.439974,33.634149],[134.441556,33.633714],[134.44005,33.634659]]],[[[131.479503,33.633087],[131.475797,33.634883],[131.478852,33.632972],[131.479503,33.633087]]],[[[135.948668,33.633329],[135.949568,33.634458],[135.948828,33.635139],[135.948668,33.633329]]],[[[135.392249,33.635421],[135.391154,33.635257],[135.391201,33.634228],[135.392249,33.635421]]],[[[132.526888,33.635619],[132.52633,33.636046],[132.525623,33.635394],[132.526888,33.635619]]],[[[135.949534,33.636197],[135.949018,33.636467],[135.949008,33.635743],[135.949534,33.636197]]],[[[135.982102,33.636507],[135.981504,33.635601],[135.982037,33.635577],[135.982102,33.636507]]],[[[134.423383,33.636413],[134.422202,33.637248],[134.421945,33.637963],[134.423383,33.636413]],[[134.423383,33.636413],[134.424988,33.636471],[134.425663,33.635708],[134.423383,33.636413]]],[[[130.309232,33.610561],[130.308861,33.611708],[130.311008,33.612329],[130.309232,33.610561]]],[[[134.449937,33.638937],[134.450557,33.639247],[134.450328,33.640001],[134.449937,33.638937]]],[[[130.336565,33.643632],[130.336492,33.642933],[130.337714,33.642697],[130.336565,33.643632]]],[[[134.490145,33.64237],[134.488704,33.643405],[134.488765,33.644656],[134.490145,33.64237]]],[[[135.381326,33.647566],[135.380789,33.647972],[135.380542,33.647474],[135.381326,33.647566]]],[[[134.495683,33.648187],[134.494821,33.648404],[134.495567,33.647574],[134.495683,33.648187]]],[[[135.974065,33.651365],[135.973561,33.651495],[135.973599,33.650973],[135.974065,33.651365]]],[[[139.299527,33.651435],[139.299036,33.652276],[139.298468,33.65206],[139.299527,33.651435]]],[[[130.206731,33.653065],[130.205009,33.652478],[130.204786,33.651885],[130.206731,33.653065]]],[[[135.977137,33.652701],[135.977435,33.653463],[135.975917,33.652661],[135.977137,33.652701]]],[[[132.576916,33.652904],[132.577658,33.65339],[132.578441,33.654435],[132.576916,33.652904]]],[[[132.581258,33.653742],[132.581255,33.654459],[132.579114,33.654008],[132.581258,33.653742]]],[[[135.970903,33.654994],[135.969834,33.654775],[135.970604,33.654518],[135.970903,33.654994]]],[[[135.982626,33.660989],[135.982119,33.662013],[135.981706,33.660866],[135.982626,33.660989]]],[[[135.991535,33.662737],[135.990818,33.662812],[135.991406,33.661829],[135.991535,33.662737]]],[[[135.338573,33.662969],[135.337229,33.662674],[135.338367,33.661927],[135.338573,33.662969]]],[[[135.976335,33.663098],[135.978098,33.661819],[135.979143,33.661701],[135.976335,33.663098]]],[[[135.993332,33.663154],[135.993869,33.663856],[135.992888,33.663883],[135.993332,33.663154]]],[[[135.985895,33.660987],[135.986617,33.661247],[135.98803,33.660017],[135.985895,33.660987]]],[[[134.442448,33.663996],[134.441486,33.663826],[134.441597,33.663296],[134.442448,33.663996]]],[[[131.649463,33.672586],[131.652049,33.671053],[131.650543,33.672329],[131.649463,33.672586]]],[[[131.064171,33.674929],[131.06516,33.674341],[131.064711,33.675163],[131.064171,33.674929]]],[[[130.425168,33.671586],[130.394094,33.6625],[130.428182,33.665198],[130.425168,33.671586]]],[[[131.525289,33.675236],[131.524389,33.675407],[131.524753,33.674968],[131.525289,33.675236]]],[[[130.21897,33.675246],[130.218181,33.675875],[130.218319,33.675208],[130.21897,33.675246]]],[[[131.643001,33.677131],[131.644129,33.676341],[131.643797,33.676893],[131.643001,33.677131]]],[[[130.220352,33.677561],[130.219379,33.677928],[130.21856,33.677924],[130.220352,33.677561]]],[[[131.543381,33.67776],[131.543725,33.678383],[131.543099,33.678805],[131.543381,33.67776]]],[[[135.99158,33.678999],[135.990784,33.67856],[135.991611,33.678398],[135.99158,33.678999]]],[[[135.99011,33.679604],[135.991938,33.679686],[135.991715,33.680348],[135.99011,33.679604]]],[[[135.99011,33.679604],[135.989877,33.680984],[135.990958,33.682011],[135.99011,33.679604]]],[[[135.988508,33.68133],[135.98767,33.682165],[135.987898,33.681298],[135.988508,33.68133]]],[[[130.237527,33.684062],[130.237973,33.682662],[130.238175,33.683384],[130.237527,33.684062]]],[[[131.607316,33.684781],[131.609432,33.683283],[131.609179,33.684135],[131.607316,33.684781]]],[[[135.989916,33.685454],[135.989996,33.68433],[135.991091,33.683799],[135.989916,33.685454]]],[[[135.360516,33.684574],[135.361709,33.684964],[135.361141,33.685754],[135.360516,33.684574]]],[[[131.600131,33.687953],[131.60226,33.688734],[131.60052,33.688504],[131.600131,33.687953]]],[[[135.36649,33.686122],[135.367625,33.687863],[135.36734,33.688768],[135.36649,33.686122]]],[[[130.290446,33.689071],[130.289733,33.688591],[130.290486,33.688441],[130.290446,33.689071]]],[[[130.303031,33.687747],[130.298982,33.660122],[130.303876,33.687295],[130.303031,33.687747]]],[[[129.983715,33.689602],[129.98267,33.690156],[129.98161,33.689396],[129.983715,33.689602]]],[[[135.336442,33.68968],[135.336477,33.690661],[135.335736,33.689526],[135.336442,33.68968]]],[[[132.637908,33.689874],[132.638336,33.690755],[132.637754,33.690786],[132.637908,33.689874]]],[[[135.372325,33.692007],[135.37166,33.691336],[135.372968,33.69112],[135.372325,33.692007]]],[[[134.50296,33.694057],[134.502225,33.693617],[134.502124,33.693104],[134.50296,33.694057]]],[[[130.237527,33.684062],[130.237525,33.686735],[130.237826,33.687324],[130.237527,33.684062]]],[[[130.219839,33.696723],[130.219309,33.697016],[130.218536,33.696071],[130.219839,33.696723]]],[[[135.364342,33.697207],[135.362204,33.697117],[135.362887,33.696847],[135.364342,33.697207]]],[[[135.37691,33.696932],[135.376647,33.697451],[135.375825,33.696814],[135.37691,33.696932]]],[[[130.23099,33.698348],[130.23024,33.698744],[130.230393,33.697846],[130.23099,33.698348]]],[[[134.512967,33.699989],[134.512466,33.700161],[134.512963,33.699395],[134.512967,33.699989]]],[[[135.367817,33.700439],[135.367647,33.701058],[135.367215,33.700367],[135.367817,33.700439]]],[[[129.626326,33.699016],[129.627096,33.700031],[129.625265,33.700341],[129.626326,33.699016]]],[[[129.628085,33.701604],[129.627155,33.702271],[129.626502,33.702179],[129.628085,33.701604]]],[[[135.375604,33.704543],[135.374601,33.704505],[135.373647,33.704334],[135.375604,33.704543]]],[[[134.530895,33.71105],[134.530868,33.71036],[134.531386,33.710658],[134.530895,33.71105]]],[[[129.652525,33.71063],[129.651964,33.711532],[129.649886,33.711027],[129.652525,33.71063]]],[[[129.649632,33.712111],[129.648208,33.711694],[129.648549,33.711288],[129.649632,33.712111]]],[[[135.395845,33.714328],[135.394237,33.715092],[135.394901,33.714045],[135.395845,33.714328]]],[[[131.652882,33.72129],[131.651019,33.720669],[131.650559,33.719826],[131.652882,33.72129]]],[[[131.027921,33.728404],[131.026559,33.727958],[131.029736,33.727657],[131.027921,33.728404]]],[[[135.366187,33.728519],[135.365328,33.729139],[135.365374,33.728228],[135.366187,33.728519]]],[[[129.67674,33.728651],[129.676253,33.729363],[129.675855,33.728953],[129.67674,33.728651]]],[[[135.372585,33.729018],[135.372073,33.729428],[135.372111,33.728538],[135.372585,33.729018]]],[[[129.648281,33.728504],[129.648658,33.726696],[129.648077,33.725932],[129.648281,33.728504]]],[[[129.624646,33.727885],[129.626922,33.729892],[129.625347,33.730217],[129.624646,33.727885]]],[[[131.027921,33.728404],[131.028009,33.730377],[131.027437,33.730085],[131.027921,33.728404]]],[[[129.624646,33.727885],[129.624136,33.727479],[129.626433,33.726299],[129.624646,33.727885]]],[[[129.648281,33.728504],[129.648953,33.729904],[129.648176,33.730664],[129.648281,33.728504]]],[[[134.544219,33.731269],[134.543365,33.731196],[134.543506,33.73064],[134.544219,33.731269]]],[[[129.918617,33.732621],[129.91751,33.732329],[129.918174,33.732233],[129.918617,33.732621]]],[[[132.014212,33.732842],[132.01384,33.731957],[132.014766,33.732788],[132.014212,33.732842]]],[[[134.558202,33.733621],[134.558262,33.732855],[134.558784,33.732971],[134.558202,33.733621]]],[[[134.570994,33.733339],[134.570505,33.73396],[134.57012,33.733214],[134.570994,33.733339]]],[[[132.014212,33.732842],[132.016191,33.734],[132.014477,33.733614],[132.014212,33.732842]]],[[[135.349652,33.732525],[135.349605,33.734205],[135.348038,33.734334],[135.349652,33.732525]]],[[[129.641379,33.7347],[129.640823,33.734903],[129.640338,33.734147],[129.641379,33.7347]]],[[[129.856726,33.73545],[129.857063,33.73443],[129.859389,33.734312],[129.856726,33.73545]]],[[[134.570111,33.735301],[134.569741,33.735893],[134.568818,33.734988],[134.570111,33.735301]]],[[[136.02432,33.736291],[136.024233,33.736887],[136.023668,33.735129],[136.02432,33.736291]]],[[[129.738385,33.737009],[129.736757,33.736597],[129.736088,33.735551],[129.738385,33.737009]]],[[[129.7596,33.730322],[129.760553,33.731126],[129.761379,33.732648],[129.7596,33.730322]]],[[[132.484247,33.739051],[132.48399,33.73805],[132.482895,33.737459],[132.484247,33.739051]]],[[[129.678468,33.737823],[129.678106,33.739637],[129.677307,33.740015],[129.678468,33.737823]]],[[[131.683321,33.737523],[131.631038,33.718585],[131.683251,33.736025],[131.683321,33.737523]],[[131.648322,33.729829],[131.647869,33.72869],[131.647464,33.729494],[131.648322,33.729829]],[[131.683321,33.737523],[131.682023,33.736253],[131.682127,33.737041],[131.683321,33.737523]]],[[[132.031277,33.740194],[132.030401,33.740145],[132.029295,33.739019],[132.031277,33.740194]]],[[[129.759265,33.739823],[129.758581,33.740331],[129.757194,33.739714],[129.759265,33.739823]]],[[[129.864351,33.738049],[129.863865,33.740658],[129.863165,33.740598],[129.864351,33.738049]]],[[[129.788854,33.740841],[129.789401,33.741627],[129.788718,33.741591],[129.788854,33.740841]]],[[[129.757717,33.742021],[129.758574,33.741262],[129.759114,33.741278],[129.757717,33.742021]]],[[[129.86851,33.741977],[129.86996,33.742812],[129.869119,33.742629],[129.86851,33.741977]]],[[[129.86222,33.743229],[129.861477,33.742421],[129.8622,33.741741],[129.86222,33.743229]]],[[[129.640939,33.744042],[129.642019,33.744386],[129.641232,33.745049],[129.640939,33.744042]]],[[[129.638784,33.743792],[129.637487,33.745323],[129.636794,33.745238],[129.638784,33.743792]]],[[[129.679506,33.745555],[129.681112,33.744458],[129.680766,33.74556],[129.679506,33.745555]]],[[[129.665837,33.746162],[129.664775,33.745883],[129.667693,33.745172],[129.665837,33.746162]]],[[[131.009665,33.745222],[131.008025,33.748303],[131.008389,33.746533],[131.009665,33.745222]]],[[[129.677281,33.74869],[129.676571,33.748549],[129.676457,33.747925],[129.677281,33.74869]]],[[[129.665832,33.749789],[129.666759,33.751167],[129.665408,33.750531],[129.665832,33.749789]]],[[[135.31535,33.752478],[135.314153,33.752723],[135.312955,33.752418],[135.31535,33.752478]]],[[[129.645821,33.754035],[129.64356,33.754025],[129.644162,33.753124],[129.645821,33.754035]]],[[[132.146066,33.75425],[132.128216,33.716471],[132.149241,33.750454],[132.146066,33.75425]]],[[[132.142684,33.754521],[132.142018,33.754833],[132.142192,33.754279],[132.142684,33.754521]]],[[[129.647149,33.754432],[129.645927,33.754914],[129.646292,33.754324],[129.647149,33.754432]]],[[[130.365221,33.757094],[130.367641,33.75991],[130.365538,33.758569],[130.365221,33.757094]]],[[[134.596562,33.760576],[134.596094,33.760133],[134.597078,33.759849],[134.596562,33.760576]]],[[[134.593569,33.759167],[134.592962,33.759795],[134.593954,33.760716],[134.593569,33.759167]]],[[[132.146066,33.75425],[132.148362,33.757624],[132.15044,33.758882],[132.146066,33.75425]]],[[[130.467735,33.765037],[130.467667,33.766416],[130.466945,33.76493],[130.467735,33.765037]]],[[[130.365221,33.757094],[130.36452,33.757035],[130.364197,33.757987],[130.365221,33.757094]]],[[[132.257722,33.768367],[132.257115,33.76715],[132.255912,33.766976],[132.257722,33.768367]]],[[[129.787019,33.778332],[129.784171,33.778642],[129.783449,33.778794],[129.787019,33.778332]]],[[[132.263041,33.778476],[132.263464,33.778961],[132.262626,33.778988],[132.263041,33.778476]]],[[[129.796174,33.779198],[129.796566,33.777809],[129.796702,33.779117],[129.796174,33.779198]]],[[[132.054919,33.775434],[132.052788,33.777946],[132.052667,33.779674],[132.054919,33.775434]]],[[[129.790637,33.780966],[129.788415,33.780913],[129.789083,33.780462],[129.790637,33.780966]]],[[[129.78052,33.781122],[129.78023,33.78177],[129.778921,33.781048],[129.78052,33.781122]]],[[[131.945451,33.780877],[131.945374,33.781434],[131.943948,33.781988],[131.945451,33.780877]]],[[[132.392549,33.780855],[132.390196,33.782539],[132.388017,33.782956],[132.392549,33.780855]]],[[[129.79241,33.782479],[129.791873,33.783514],[129.791404,33.782786],[129.79241,33.782479]]],[[[129.790039,33.783605],[129.789765,33.782733],[129.79063,33.782674],[129.790039,33.783605]]],[[[129.787654,33.783724],[129.787449,33.781936],[129.788099,33.782616],[129.787654,33.783724]]],[[[129.65298,33.784972],[129.651987,33.785756],[129.650589,33.785429],[129.65298,33.784972]]],[[[130.458256,33.786045],[130.455412,33.7841],[130.457456,33.785061],[130.458256,33.786045]]],[[[132.025307,33.784498],[132.028523,33.785475],[132.028401,33.786345],[132.025307,33.784498]]],[[[130.989086,33.793463],[130.988275,33.793558],[130.989382,33.792538],[130.989086,33.793463]]],[[[131.007532,33.789932],[131.013274,33.793487],[131.012016,33.793788],[131.007532,33.789932]]],[[[131.940216,33.788854],[131.939363,33.792224],[131.934204,33.794977],[131.940216,33.788854]]],[[[131.977533,33.796043],[131.951496,33.771335],[131.985947,33.78895],[131.977533,33.796043]]],[[[134.677144,33.800704],[134.677097,33.80157],[134.676179,33.800699],[134.677144,33.800704]]],[[[135.220522,33.804769],[135.219628,33.805338],[135.219439,33.804842],[135.220522,33.804769]]],[[[129.758648,33.810521],[129.756944,33.809947],[129.757805,33.809574],[129.758648,33.810521]]],[[[129.665258,33.811807],[129.664605,33.81171],[129.664527,33.811189],[129.665258,33.811807]]],[[[132.397681,33.802387],[132.399525,33.803918],[132.399376,33.806341],[132.397681,33.802387]]],[[[132.058494,33.8156],[132.058361,33.815067],[132.059009,33.815055],[132.058494,33.8156]]],[[[129.660631,33.815938],[129.66007,33.816162],[129.658687,33.817273],[129.660631,33.815938]]],[[[132.255425,33.807612],[132.256938,33.810868],[132.256972,33.812867],[132.255425,33.807612]]],[[[132.684926,33.81565],[132.684125,33.816667],[132.683044,33.817827],[132.684926,33.81565]]],[[[129.761239,33.818117],[129.761935,33.817727],[129.761844,33.817044],[129.761239,33.818117]]],[[[132.263041,33.778476],[132.221411,33.815638],[132.174265,33.794827],[132.263928,33.778167],[132.263041,33.778476]]],[[[129.660652,33.817479],[129.660318,33.818412],[129.659247,33.818285],[129.660652,33.817479]]],[[[129.660117,33.820663],[129.659133,33.820683],[129.659645,33.820205],[129.660117,33.820663]]],[[[129.660439,33.82297],[129.659752,33.822545],[129.660827,33.822321],[129.660439,33.82297]]],[[[132.121301,33.812584],[132.122457,33.816271],[132.120674,33.822773],[132.121301,33.812584]]],[[[132.038474,33.823566],[132.037992,33.824101],[132.037409,33.823346],[132.038474,33.823566]]],[[[130.976621,33.825707],[130.971667,33.825351],[130.976618,33.825191],[130.976621,33.825707]]],[[[132.042243,33.826233],[132.041933,33.825673],[132.043093,33.825526],[132.042243,33.826233]]],[[[132.040321,33.826467],[132.039091,33.825856],[132.040996,33.825709],[132.040321,33.826467]]],[[[129.669135,33.827055],[129.668849,33.826432],[129.669374,33.825911],[129.669135,33.827055]]],[[[130.97727,33.830091],[130.969729,33.828834],[130.974496,33.829213],[130.97727,33.830091]]],[[[132.11112,33.832552],[132.112252,33.832094],[132.11137,33.833654],[132.11112,33.832552]]],[[[129.660743,33.829985],[129.661187,33.830432],[129.660523,33.830483],[129.660743,33.829985]]],[[[134.806098,33.841096],[134.805126,33.842598],[134.805237,33.840725],[134.806098,33.841096]]],[[[132.104345,33.844441],[132.104095,33.844992],[132.10263,33.844781],[132.104345,33.844441]]],[[[134.804886,33.845742],[134.804278,33.845295],[134.80473,33.844534],[134.804886,33.845742]]],[[[129.768249,33.845987],[129.768696,33.846439],[129.767997,33.846754],[129.768249,33.845987]]],[[[134.798541,33.847138],[134.797773,33.848019],[134.79729,33.848583],[134.798541,33.847138]]],[[[132.185776,33.846128],[132.185116,33.848568],[132.180557,33.849723],[132.185776,33.846128]]],[[[132.20248,33.847051],[132.203292,33.849264],[132.201746,33.849508],[132.20248,33.847051]]],[[[139.619644,33.851678],[139.619606,33.850627],[139.620784,33.850529],[139.619644,33.851678]]],[[[135.165654,33.851202],[135.164598,33.851712],[135.163554,33.85207],[135.165654,33.851202]]],[[[134.74072,33.849695],[134.741263,33.850012],[134.741853,33.850262],[134.74072,33.849695]]],[[[134.675217,33.852998],[134.67445,33.852782],[134.674396,33.851833],[134.675217,33.852998]]],[[[134.691135,33.852463],[134.692201,33.854346],[134.690815,33.853959],[134.691135,33.852463]]],[[[132.53398,33.852751],[132.529633,33.855675],[132.524225,33.852627],[132.53398,33.852751]]],[[[135.147058,33.855974],[135.146027,33.856397],[135.145285,33.856165],[135.147058,33.855974]]],[[[129.691976,33.857459],[129.689187,33.8572],[129.692313,33.856711],[129.691976,33.857459]]],[[[134.820406,33.851238],[134.819491,33.851824],[134.820583,33.854422],[134.820406,33.851238]]],[[[134.710855,33.857049],[134.710335,33.85755],[134.710021,33.85666],[134.710855,33.857049]]],[[[131.041861,33.821256],[131.02582,33.857016],[131.032163,33.819981],[131.041861,33.821256]]],[[[132.073013,33.858106],[132.078827,33.827909],[132.028058,33.793431],[132.118449,33.830069],[132.074782,33.854766],[132.073013,33.858106]]],[[[132.363038,33.854895],[132.360993,33.856403],[132.359365,33.85843],[132.363038,33.854895]]],[[[132.073013,33.858106],[132.074417,33.859169],[132.073417,33.858944],[132.073013,33.858106]]],[[[132.009777,33.859619],[132.007519,33.859857],[132.009006,33.859227],[132.009777,33.859619]]],[[[135.159622,33.8619],[135.158763,33.861948],[135.158949,33.861357],[135.159622,33.8619]]],[[[130.037093,33.862097],[130.035846,33.862249],[130.036862,33.861599],[130.037093,33.862097]]],[[[135.155022,33.858179],[135.156073,33.859493],[135.155374,33.862279],[135.155022,33.858179]]],[[[129.678265,33.862428],[129.679022,33.861722],[129.678836,33.862416],[129.678265,33.862428]]],[[[134.687542,33.862875],[134.68651,33.862774],[134.686619,33.86202],[134.687542,33.862875]]],[[[134.71632,33.863347],[134.715776,33.862876],[134.716849,33.862706],[134.71632,33.863347]]],[[[129.768249,33.845987],[129.704262,33.863519],[129.671318,33.83779],[129.688697,33.80547],[129.649637,33.806878],[129.686246,33.760389],[129.646113,33.773354],[129.64623,33.751546],[129.672553,33.75773],[129.691255,33.711967],[129.797614,33.753773],[129.757934,33.77569],[129.799091,33.785068],[129.748636,33.80667],[129.77003,33.84522],[129.768249,33.845987]],[[129.655973,33.797878],[129.657861,33.797491],[129.656876,33.796248],[129.655973,33.797878]],[[129.67185,33.757895],[129.672791,33.759644],[129.673993,33.759045],[129.67185,33.757895]],[[129.683584,33.725745],[129.68327,33.726752],[129.684186,33.726759],[129.683584,33.725745]],[[129.760584,33.741215],[129.76135,33.742308],[129.761338,33.740966],[129.760584,33.741215]],[[129.793086,33.756074],[129.79319,33.756813],[129.79454,33.756113],[129.793086,33.756074]]],[[[132.360003,33.863223],[132.359491,33.86307],[132.358018,33.864073],[132.360003,33.863223]]],[[[130.470559,33.86453],[130.469938,33.86505],[130.468572,33.864956],[130.470559,33.86453]]],[[[129.703892,33.865293],[129.705976,33.864563],[129.706449,33.864822],[129.703892,33.865293]]],[[[132.699426,33.867421],[132.698657,33.868077],[132.70065,33.862549],[132.699426,33.867421]]],[[[132.313534,33.863952],[132.312499,33.865845],[132.314685,33.866749],[132.313534,33.863952]]],[[[134.656734,33.867512],[134.656546,33.868531],[134.65623,33.867417],[134.656734,33.867512]]],[[[129.703892,33.865293],[129.703646,33.868311],[129.701288,33.868918],[129.703892,33.865293]]],[[[134.678435,33.86646],[134.679373,33.867369],[134.681396,33.867452],[134.678435,33.86646]]],[[[129.678265,33.862428],[129.679045,33.863779],[129.67753,33.86542],[129.678265,33.862428]]],[[[131.981892,33.868858],[131.982589,33.868994],[131.984362,33.869169],[131.981892,33.868858]]],[[[129.686107,33.87112],[129.685252,33.871214],[129.683465,33.870865],[129.686107,33.87112]]],[[[134.651898,33.871234],[134.652036,33.870736],[134.654087,33.871301],[134.651898,33.871234]]],[[[132.009777,33.859619],[132.009621,33.858843],[132.008436,33.858698],[132.009777,33.859619]]],[[[129.681773,33.87213],[129.681034,33.871675],[129.681954,33.871402],[129.681773,33.87213]]],[[[129.681773,33.87213],[129.682658,33.872036],[129.682654,33.872853],[129.681773,33.87213]]],[[[130.037093,33.862097],[130.038462,33.862984],[130.038267,33.8636],[130.037093,33.862097]]],[[[131.984448,33.87212],[131.984684,33.873354],[131.984974,33.874261],[131.984448,33.87212]]],[[[134.66728,33.877307],[134.664715,33.876701],[134.667087,33.875921],[134.66728,33.877307]]],[[[135.150035,33.877987],[135.149221,33.87751],[135.149661,33.877109],[135.150035,33.877987]]],[[[134.674674,33.8785],[134.673823,33.877758],[134.67506,33.87784],[134.674674,33.8785]]],[[[134.674674,33.8785],[134.676361,33.879256],[134.675587,33.879214],[134.674674,33.8785]]],[[[130.996404,33.878737],[130.995357,33.880734],[130.993155,33.878696],[130.996404,33.878737]]],[[[136.129268,33.880901],[136.128379,33.881342],[136.127658,33.880633],[136.129268,33.880901]]],[[[130.527451,33.880156],[130.527562,33.881893],[130.526264,33.876433],[130.527451,33.880156]]],[[[132.066031,33.883429],[132.064726,33.883653],[132.062383,33.88452],[132.066031,33.883429]]],[[[132.182536,33.884707],[132.181835,33.884418],[132.18271,33.884103],[132.182536,33.884707]]],[[[132.331218,33.885591],[132.332359,33.884855],[132.332692,33.885633],[132.331218,33.885591]]],[[[130.567895,33.883856],[130.567598,33.886581],[130.567235,33.885008],[130.567895,33.883856]]],[[[130.565775,33.888167],[130.568296,33.88697],[130.566982,33.888138],[130.565775,33.888167]]],[[[132.058912,33.887421],[132.058526,33.887999],[132.055879,33.888144],[132.058912,33.887421]]],[[[130.431827,33.892048],[130.43383,33.892119],[130.434537,33.892803],[130.431827,33.892048]]],[[[132.637273,33.895534],[132.636941,33.893633],[132.640358,33.887254],[132.637273,33.895534]]],[[[132.051336,33.896486],[132.050562,33.897295],[132.050023,33.897017],[132.051336,33.896486]]],[[[130.434007,33.897608],[130.434628,33.89647],[130.436573,33.896756],[130.434007,33.897608]]],[[[130.437387,33.899741],[130.438058,33.898761],[130.439647,33.898252],[130.437387,33.899741]]],[[[132.364755,33.899732],[132.364671,33.900252],[132.364157,33.899592],[132.364755,33.899732]]],[[[132.050023,33.897017],[132.048762,33.899081],[132.046273,33.899306],[132.050023,33.897017]]],[[[132.2851,33.901041],[132.284086,33.899427],[132.286482,33.901147],[132.2851,33.901041]]],[[[139.619644,33.851678],[139.604846,33.901108],[139.576536,33.86644],[139.604502,33.854353],[139.619644,33.851678]]],[[[130.816809,33.900291],[130.817532,33.901347],[130.81646,33.900744],[130.816809,33.900291]]],[[[132.07713,33.900774],[132.07608,33.90183],[132.076514,33.900972],[132.07713,33.900774]]],[[[130.659054,33.90122],[130.656663,33.904027],[130.658307,33.901292],[130.659054,33.90122]]],[[[130.443319,33.904522],[130.442262,33.902367],[130.443467,33.903551],[130.443319,33.904522]]],[[[132.731219,33.904058],[132.730098,33.904523],[132.731544,33.90339],[132.731219,33.904058]]],[[[132.3936,33.901596],[132.39345,33.902594],[132.395224,33.903767],[132.3936,33.901596]]],[[[132.747148,33.905863],[132.747529,33.906779],[132.746851,33.906427],[132.747148,33.905863]]],[[[132.748814,33.908683],[132.747949,33.908391],[132.747877,33.907721],[132.748814,33.908683]]],[[[132.343428,33.905082],[132.343231,33.907289],[132.34261,33.907069],[132.343428,33.905082]]],[[[132.391582,33.909516],[132.390534,33.910612],[132.390737,33.909422],[132.391582,33.909516]]],[[[132.043674,33.911891],[132.044094,33.911426],[132.044651,33.911786],[132.043674,33.911891]]],[[[136.173363,33.91197],[136.172489,33.911389],[136.174055,33.911171],[136.173363,33.91197]]],[[[132.588087,33.910152],[132.587696,33.911559],[132.586184,33.911993],[132.588087,33.910152]]],[[[134.713762,33.911337],[134.714236,33.91231],[134.712585,33.912221],[134.713762,33.911337]]],[[[130.489056,33.913585],[130.488651,33.913213],[130.487897,33.912834],[130.489056,33.913585]]],[[[134.709143,33.914396],[134.708307,33.913981],[134.708947,33.913742],[134.709143,33.914396]]],[[[132.335927,33.912651],[132.333857,33.915313],[132.333339,33.913352],[132.335927,33.912651]]],[[[130.66024,33.915583],[130.65951,33.914725],[130.660945,33.914183],[130.66024,33.915583]]],[[[130.443319,33.904522],[130.408102,33.911261],[130.42615,33.886739],[130.441891,33.90396],[130.443319,33.904522]]],[[[136.157277,33.916695],[136.156912,33.917209],[136.156224,33.916007],[136.157277,33.916695]]],[[[132.135662,33.918874],[132.13336,33.918189],[132.133252,33.916545],[132.135662,33.918874]]],[[[134.722219,33.919278],[134.720559,33.918516],[134.719773,33.91865],[134.722219,33.919278]]],[[[130.477332,33.919421],[130.476595,33.919252],[130.477112,33.918947],[130.477332,33.919421]]],[[[131.014475,33.919394],[131.015775,33.919436],[131.015317,33.919982],[131.014475,33.919394]]],[[[136.202427,33.920989],[136.20129,33.921341],[136.199954,33.920453],[136.202427,33.920989]]],[[[132.354959,33.921804],[132.353661,33.921793],[132.35356,33.920954],[132.354959,33.921804]]],[[[132.569161,33.92201],[132.56843,33.920701],[132.570281,33.920319],[132.569161,33.92201]]],[[[131.246038,33.921342],[131.246473,33.922623],[131.243539,33.923356],[131.246038,33.921342]]],[[[132.35114,33.924644],[132.350033,33.924367],[132.350506,33.922919],[132.35114,33.924644]]],[[[134.724979,33.924976],[134.724024,33.925234],[134.723394,33.92473],[134.724979,33.924976]]],[[[131.259799,33.926087],[131.261465,33.924127],[131.261668,33.924814],[131.259799,33.926087]]],[[[134.722808,33.926098],[134.722292,33.92594],[134.721667,33.925526],[134.722808,33.926098]]],[[[130.940356,33.926711],[130.939774,33.925123],[130.940122,33.924345],[130.940356,33.926711]]],[[[132.698103,33.923024],[132.652969,33.900081],[132.683928,33.873538],[132.695208,33.921968],[132.698103,33.923024]],[[132.698103,33.923024],[132.696504,33.923123],[132.697795,33.923749],[132.698103,33.923024]]],[[[132.46212,33.921958],[132.462705,33.923739],[132.461505,33.923868],[132.46212,33.921958]]],[[[132.313112,33.926632],[132.310112,33.928439],[132.309229,33.927983],[132.313112,33.926632]]],[[[132.562577,33.92614],[132.558922,33.928136],[132.55776,33.928564],[132.562577,33.92614]]],[[[133.135522,33.927949],[133.135294,33.928806],[133.133487,33.929426],[133.135522,33.927949]]],[[[130.820739,33.926771],[130.820227,33.92709],[130.815753,33.929484],[130.820739,33.926771]]],[[[136.155375,33.930271],[136.154736,33.929876],[136.15572,33.929614],[136.155375,33.930271]]],[[[131.819126,33.930385],[131.81811,33.929993],[131.818289,33.92903],[131.819126,33.930385]]],[[[132.367235,33.932075],[132.366664,33.93139],[132.367536,33.930615],[132.367235,33.932075]]],[[[136.211784,33.932164],[136.213037,33.930975],[136.213867,33.931843],[136.211784,33.932164]]],[[[132.155544,33.931444],[132.155915,33.932888],[132.153997,33.931033],[132.155544,33.931444]]],[[[130.731365,33.933802],[130.730104,33.934096],[130.732083,33.932929],[130.731365,33.933802]]],[[[132.354148,33.933272],[132.353067,33.934246],[132.352425,33.932889],[132.354148,33.933272]]],[[[130.931849,33.934281],[130.928878,33.936169],[130.928594,33.933474],[130.931849,33.934281]]],[[[132.554347,33.93649],[132.515364,33.932426],[132.55342,33.933287],[132.554347,33.93649]]],[[[136.219944,33.938959],[136.218688,33.939153],[136.219358,33.938757],[136.219944,33.938959]]],[[[132.12264,33.941988],[132.123933,33.941746],[132.123065,33.942314],[132.12264,33.941988]]],[[[136.220268,33.942795],[136.219707,33.942525],[136.220786,33.942481],[136.220268,33.942795]]],[[[131.93152,33.936893],[131.931004,33.938819],[131.929407,33.940191],[131.93152,33.936893]]],[[[132.643373,33.944689],[132.642906,33.944165],[132.643839,33.943867],[132.643373,33.944689]]],[[[131.923243,33.94634],[131.923445,33.945683],[131.924249,33.945411],[131.923243,33.94634]]],[[[132.438953,33.946575],[132.439095,33.945722],[132.440423,33.945035],[132.438953,33.946575]]],[[[131.922309,33.946968],[131.921455,33.947165],[131.922587,33.946271],[131.922309,33.946968]]],[[[132.163573,33.939474],[132.166239,33.943233],[132.168835,33.945231],[132.163573,33.939474]]],[[[132.463375,33.948421],[132.462963,33.947724],[132.463666,33.947293],[132.463375,33.948421]]],[[[130.768729,33.947311],[130.768763,33.948296],[130.769723,33.948997],[130.768729,33.947311]]],[[[131.310175,33.949109],[131.309026,33.948953],[131.308589,33.948228],[131.310175,33.949109]]],[[[131.696969,33.94638],[131.698348,33.948787],[131.696871,33.949839],[131.696969,33.94638]]],[[[130.832292,33.949844],[130.777433,33.940475],[130.845067,33.939181],[130.832292,33.949844]]],[[[135.075531,33.947492],[135.076335,33.948665],[135.076294,33.949924],[135.075531,33.947492]]],[[[132.63705,33.949197],[132.63554,33.949651],[132.634743,33.951116],[132.63705,33.949197]]],[[[132.390468,33.951634],[132.390221,33.950462],[132.3914,33.950299],[132.390468,33.951634]]],[[[131.860318,33.951853],[131.860127,33.950675],[131.861886,33.950694],[131.860318,33.951853]]],[[[130.87657,33.948404],[130.923433,33.91432],[130.916843,33.951689],[130.877383,33.94906],[130.87657,33.948404]]],[[[130.963916,33.953164],[130.964276,33.954294],[130.963799,33.953926],[130.963916,33.953164]]],[[[130.87657,33.948404],[130.877381,33.950001],[130.879169,33.951407],[130.87657,33.948404]]],[[[132.532172,33.954863],[132.53047,33.955507],[132.53073,33.954783],[132.532172,33.954863]]],[[[132.536568,33.955566],[132.535065,33.955197],[132.536207,33.954958],[132.536568,33.955566]]],[[[131.69888,33.955719],[131.697456,33.953393],[131.698556,33.95063],[131.69888,33.955719]]],[[[133.106875,33.954025],[133.11082,33.956954],[133.105509,33.953512],[133.106875,33.954025]]],[[[132.491327,33.958467],[132.489701,33.95845],[132.488807,33.95732],[132.491327,33.958467]]],[[[131.69888,33.955719],[131.699717,33.957411],[131.701283,33.958354],[131.69888,33.955719]]],[[[135.072913,33.959216],[135.07179,33.95908],[135.072683,33.958388],[135.072913,33.959216]]],[[[132.463295,33.959832],[132.462551,33.959539],[132.462713,33.958626],[132.463295,33.959832]]],[[[135.068793,33.96017],[135.068175,33.960552],[135.067123,33.960127],[135.068793,33.96017]]],[[[132.350254,33.96129],[132.352647,33.939338],[132.351368,33.960956],[132.350254,33.96129]]],[[[131.021356,33.959861],[131.0215,33.961814],[131.020929,33.961963],[131.021356,33.959861]]],[[[131.801139,33.95811],[131.801535,33.95848],[131.801952,33.958901],[131.801139,33.95811]]],[[[130.855854,33.963113],[130.856268,33.961059],[130.857146,33.960719],[130.855854,33.963113]]],[[[130.853214,33.965454],[130.853365,33.964813],[130.854065,33.964296],[130.853214,33.965454]]],[[[132.470801,33.966569],[132.46972,33.963675],[132.46699,33.962683],[132.470801,33.966569]]],[[[136.265006,33.966487],[136.264457,33.966909],[136.264332,33.966188],[136.265006,33.966487]]],[[[132.343428,33.905082],[132.233989,33.96763],[132.184476,33.953664],[132.176066,33.894535],[132.208105,33.856756],[132.279318,33.870851],[132.288556,33.902145],[132.334828,33.88539],[132.332006,33.857877],[132.372119,33.861957],[132.375787,33.914054],[132.472166,33.948217],[132.417458,33.953242],[132.34364,33.904398],[132.343428,33.905082]],[[132.229427,33.959606],[132.229717,33.958844],[132.228955,33.958769],[132.229427,33.959606]],[[132.356631,33.910337],[132.357823,33.910942],[132.357648,33.910096],[132.356631,33.910337]]],[[[131.511965,33.967782],[131.508392,33.967297],[131.508376,33.966536],[131.511965,33.967782]]],[[[132.677283,33.967794],[132.676708,33.966904],[132.6771,33.96651],[132.677283,33.967794]]],[[[130.846128,33.96902],[130.845023,33.969004],[130.846912,33.967959],[130.846128,33.96902]]],[[[135.081598,33.968628],[135.083413,33.968312],[135.082978,33.969217],[135.081598,33.968628]]],[[[131.021356,33.959861],[130.963008,33.962197],[130.891547,33.887642],[130.871812,33.915981],[130.848205,33.905455],[130.856842,33.92901],[130.824763,33.920518],[130.803044,33.874363],[130.741129,33.87488],[130.814699,33.90221],[130.807438,33.931578],[130.753613,33.920853],[130.768729,33.947311],[130.681635,33.937191],[130.631692,33.883671],[130.524475,33.889874],[130.44396,33.815187],[130.471069,33.771196],[130.455641,33.733114],[130.318091,33.660929],[130.360296,33.643869],[130.429169,33.687792],[130.402033,33.605036],[130.274774,33.582016],[130.207725,33.66704],[130.147547,33.595935],[130.088021,33.582266],[130.135875,33.566777],[130.11573,33.546646],[130.164106,33.561034],[130.153863,33.537035],[130.044843,33.496135],[130.026862,33.447672],[129.942494,33.474557],[129.969284,33.511346],[129.930229,33.550993],[129.874354,33.51597],[129.845771,33.556284],[129.857388,33.505654],[129.82811,33.518249],[129.831784,33.474858],[129.858957,33.454083],[129.806449,33.485853],[129.782972,33.451268],[129.868952,33.407715],[129.848642,33.336666],[129.827569,33.337164],[129.850942,33.289786],[129.813701,33.308728],[129.78883,33.371521],[129.677784,33.353057],[129.672404,33.399487],[129.644493,33.364225],[129.569461,33.377763],[129.561414,33.330724],[129.622589,33.309906],[129.583907,33.291996],[129.553794,33.215933],[129.614648,33.224304],[129.600621,33.207135],[129.62182,33.21663],[129.627236,33.18722],[129.639609,33.223184],[129.656821,33.192863],[129.635341,33.167016],[129.698347,33.141464],[129.657279,33.133207],[129.664686,33.102368],[129.71172,33.116051],[129.7169,33.166609],[129.731418,33.124107],[129.79399,33.138386],[129.801054,33.068184],[129.837595,33.059322],[129.822465,33.036554],[129.873921,33.065221],[129.93275,33.026283],[129.950799,32.98635],[129.930702,32.923718],[130.004952,32.84214],[129.880657,32.882094],[129.847974,32.831789],[129.788582,32.867116],[129.81091,32.895042],[129.783322,32.941124],[129.7985,32.954508],[129.807067,32.912928],[129.822747,32.981745],[129.763908,33.021882],[129.738729,32.988611],[129.762222,33.048969],[129.727079,33.046628],[129.729759,33.075351],[129.677526,33.099417],[129.64694,33.037422],[129.661825,33.000451],[129.626846,32.978072],[129.633927,32.925274],[129.652194,32.93104],[129.701658,32.831082],[129.737342,32.805975],[129.777108,32.818976],[129.804558,32.744064],[129.829756,32.743966],[129.817551,32.718338],[129.870686,32.748704],[129.83713,32.688842],[129.830089,32.708329],[129.7923,32.694928],[129.820344,32.685211],[129.817026,32.654665],[129.738796,32.56921],[129.781033,32.571695],[129.838646,32.641255],[129.895789,32.661895],[129.949458,32.760507],[130.024026,32.758367],[130.086707,32.795051],[130.179061,32.794558],[130.207885,32.75267],[130.171326,32.692215],[130.125761,32.687553],[130.168104,32.591255],[130.354086,32.680979],[130.381006,32.779675],[130.341097,32.855135],[130.297191,32.881371],[130.195237,32.848121],[130.152967,32.899126],[130.225002,32.966829],[130.126059,33.117185],[130.191195,33.141068],[130.24643,33.202901],[130.288012,33.146823],[130.373309,33.141287],[130.425383,33.052852],[130.39538,33.002178],[130.429683,32.995869],[130.439761,32.92089],[130.523076,32.880967],[130.524536,32.851351],[130.584471,32.841926],[130.613038,32.797265],[130.607046,32.712987],[130.451035,32.624081],[130.466974,32.604642],[130.661345,32.632231],[130.543838,32.538238],[130.57259,32.507475],[130.531154,32.520033],[130.565139,32.505438],[130.542495,32.484544],[130.573759,32.439567],[130.488617,32.366385],[130.507473,32.354791],[130.46511,32.326457],[130.490934,32.299177],[130.428098,32.264545],[130.432231,32.23109],[130.377641,32.211705],[130.3425,32.127035],[130.175408,32.104595],[130.171396,32.078191],[130.20767,32.058434],[130.173137,31.991908],[130.203642,31.983042],[130.22424,31.91072],[130.166801,31.791507],[130.186058,31.749192],[130.248023,31.731526],[130.315606,31.658594],[130.334999,31.579048],[130.271498,31.426814],[130.224569,31.399233],[130.159776,31.440187],[130.106588,31.412904],[130.2097,31.347528],[130.173117,31.323919],[130.225513,31.308649],[130.198901,31.295691],[130.229457,31.28141],[130.216117,31.248176],[130.277812,31.24588],[130.287921,31.269606],[130.459538,31.251274],[130.508573,31.213391],[130.51829,31.165683],[130.554282,31.178696],[130.58698,31.155018],[130.639892,31.189511],[130.667706,31.267309],[130.564673,31.322495],[130.514585,31.494155],[130.531438,31.484256],[130.519865,31.50567],[130.618846,31.656729],[130.627764,31.713798],[130.689647,31.73469],[130.796586,31.700849],[130.821757,31.650361],[130.766955,31.563559],[130.706877,31.557279],[130.717281,31.602512],[130.678405,31.629392],[130.591077,31.588887],[130.638325,31.545388],[130.698313,31.555699],[130.698512,31.461734],[130.755864,31.425334],[130.803519,31.332732],[130.744377,31.131739],[130.653211,31.070527],[130.678212,31.061836],[130.660519,30.99427],[130.747795,31.060916],[130.962595,31.137885],[131.017023,31.227961],[131.064795,31.227079],[131.129631,31.276693],[131.076965,31.271383],[131.108868,31.33055],[131.014771,31.360755],[131.040963,31.4265],[131.108679,31.476294],[131.206584,31.452811],[131.25403,31.380647],[131.309343,31.390714],[131.349061,31.366165],[131.332373,31.395362],[131.389627,31.485437],[131.382136,31.555609],[131.469275,31.645257],[131.450325,31.679704],[131.488545,31.785005],[131.454422,31.815763],[131.45446,31.898469],[131.57774,32.272647],[131.64355,32.407752],[131.689931,32.42295],[131.641847,32.439168],[131.656674,32.479384],[131.72897,32.492657],[131.684536,32.509168],[131.688081,32.557368],[131.755628,32.602581],[131.777166,32.674028],[131.826643,32.706563],[131.85726,32.695769],[131.889948,32.804787],[131.936739,32.78435],[132.007974,32.826631],[131.942397,32.836774],[132.015596,32.890432],[131.98628,32.889347],[131.976814,32.922692],[132.010123,32.905718],[132.027035,32.935781],[132.085322,32.932876],[132.033335,32.954041],[132.003447,32.932367],[132.003207,32.958921],[131.959606,32.945572],[131.889695,32.991112],[131.929731,33.052597],[132.018122,33.05978],[132.002014,33.096145],[131.974616,33.062489],[131.94088,33.096858],[131.912617,33.066518],[131.852548,33.088712],[131.901334,33.134539],[131.798367,33.127154],[131.90277,33.267754],[131.759439,33.240227],[131.691915,33.279428],[131.58927,33.24565],[131.51045,33.270542],[131.498953,33.360352],[131.59299,33.347143],[131.597134,33.371665],[131.650093,33.384138],[131.628458,33.420605],[131.701496,33.405991],[131.739556,33.466344],[131.733832,33.58258],[131.665901,33.668432],[131.522573,33.68435],[131.426911,33.56747],[131.278915,33.58083],[131.257754,33.612631],[131.100077,33.61809],[131.004353,33.74814],[131.002434,33.794184],[130.985177,33.784758],[131.011769,33.819591],[130.966556,33.809498],[130.956692,33.829614],[130.993459,33.85103],[130.987209,33.899956],[131.022867,33.960183],[131.021356,33.959861]],[[130.413163,33.618645],[130.413761,33.621168],[130.414941,33.620819],[130.413163,33.618645]],[[130.107762,33.589166],[130.108301,33.589614],[130.1089,33.589273],[130.107762,33.589166]],[[129.836516,33.449195],[129.837788,33.447879],[129.836684,33.447669],[129.836516,33.449195]],[[129.836684,33.447669],[129.837781,33.446729],[129.837918,33.445261],[129.836684,33.447669]],[[129.808906,33.323304],[129.807654,33.322848],[129.80784,33.323855],[129.808906,33.323304]],[[129.795598,33.335892],[129.796962,33.3348],[129.796512,33.334095],[129.795598,33.335892]],[[129.852095,32.843059],[129.85251,32.841766],[129.851849,32.841709],[129.852095,32.843059]],[[129.812349,32.919876],[129.811587,32.920462],[129.812978,32.920611],[129.812349,32.919876]],[[129.643745,32.931698],[129.641898,32.932348],[129.642168,32.93282],[129.643745,32.931698]],[[130.083796,32.793925],[130.082713,32.793454],[130.083567,32.794598],[130.083796,32.793925]],[[130.18533,32.6088],[130.184805,32.60932],[130.185387,32.609631],[130.18533,32.6088]],[[130.293869,32.652047],[130.293458,32.652876],[130.294416,32.652621],[130.293869,32.652047]],[[130.347233,32.673149],[130.346712,32.673621],[130.347257,32.673827],[130.347233,32.673149]],[[130.356564,32.689378],[130.355731,32.689352],[130.356161,32.690097],[130.356564,32.689378]],[[130.374589,32.77318],[130.373999,32.774539],[130.374637,32.774522],[130.374589,32.77318]],[[130.373568,32.793105],[130.372271,32.792768],[130.371526,32.793606],[130.373568,32.793105]],[[130.201379,32.952135],[130.200702,32.952174],[130.201308,32.953114],[130.201379,32.952135]],[[130.220833,32.960753],[130.219561,32.960584],[130.219205,32.961834],[130.220833,32.960753]],[[130.593212,32.816913],[130.594241,32.818324],[130.594873,32.818051],[130.593212,32.816913]],[[130.605503,32.74529],[130.607878,32.745708],[130.608133,32.745049],[130.605503,32.74529]],[[130.477019,32.6404],[130.478152,32.640906],[130.478232,32.639788],[130.477019,32.6404]],[[130.595468,32.624397],[130.594571,32.62409],[130.595104,32.625284],[130.595468,32.624397]],[[130.367595,32.17378],[130.368382,32.17408],[130.36864,32.173228],[130.367595,32.17378]],[[130.331575,32.123193],[130.331833,32.122345],[130.329324,32.122044],[130.331575,32.123193]],[[130.178437,32.106356],[130.179056,32.107196],[130.179135,32.106372],[130.178437,32.106356]],[[130.174399,32.091162],[130.175932,32.090641],[130.174285,32.090593],[130.174399,32.091162]],[[130.185941,31.995242],[130.186401,31.995586],[130.186709,31.994946],[130.185941,31.995242]],[[130.273178,31.705559],[130.272101,31.706126],[130.273045,31.706464],[130.273178,31.705559]],[[130.730203,31.723211],[130.729303,31.724052],[130.729811,31.724838],[130.730203,31.723211]],[[130.774499,31.704456],[130.774239,31.704965],[130.775452,31.705453],[130.774499,31.704456]],[[130.675722,31.5515],[130.674094,31.55214],[130.67543,31.552549],[130.675722,31.5515]],[[130.694792,31.555138],[130.694036,31.554189],[130.693897,31.554903],[130.694792,31.555138]],[[130.70378,31.530266],[130.704671,31.529925],[130.703554,31.529565],[130.70378,31.530266]],[[130.761479,31.214757],[130.76228,31.21407],[130.761549,31.214052],[130.761479,31.214757]],[[130.716934,31.044815],[130.715835,31.044647],[130.716312,31.045411],[130.716934,31.044815]],[[130.993984,31.185155],[130.994768,31.186222],[130.995386,31.185993],[130.993984,31.185155]],[[131.073807,31.291726],[131.073106,31.291898],[131.074353,31.292658],[131.073807,31.291726]],[[131.689908,32.511357],[131.691391,32.512294],[131.691731,32.510993],[131.689908,32.511357]],[[131.845815,32.692319],[131.845219,32.692422],[131.845632,32.693476],[131.845815,32.692319]],[[131.993041,32.919828],[131.99256,32.920776],[131.993517,32.921935],[131.993041,32.919828]],[[132.067142,32.946157],[132.068197,32.945425],[132.067043,32.944875],[132.067142,32.946157]],[[131.943163,33.070133],[131.94242,33.070257],[131.942728,33.070916],[131.943163,33.070133]],[[131.898126,33.115406],[131.897393,33.116252],[131.898351,33.116227],[131.898126,33.115406]],[[131.880864,33.12232],[131.880304,33.121843],[131.880206,33.122488],[131.880864,33.12232]],[[131.825222,33.122469],[131.827692,33.122656],[131.827582,33.121377],[131.825222,33.122469]],[[131.599546,33.250882],[131.598596,33.250199],[131.598323,33.250633],[131.599546,33.250882]],[[131.497474,33.327204],[131.496723,33.326323],[131.497258,33.325425],[131.497474,33.327204]],[[131.671796,33.417284],[131.672779,33.418202],[131.673688,33.417368],[131.671796,33.417284]],[[131.742181,33.554326],[131.740667,33.553842],[131.740689,33.554746],[131.742181,33.554326]],[[131.737126,33.564836],[131.736087,33.564452],[131.736194,33.565335],[131.737126,33.564836]],[[131.371881,33.577043],[131.373297,33.576786],[131.372328,33.575651],[131.371881,33.577043]],[[131.210099,33.612781],[131.209335,33.612739],[131.209887,33.614016],[131.210099,33.612781]],[[131.140587,33.626013],[131.142391,33.625196],[131.139821,33.624707],[131.140587,33.626013]],[[131.035197,33.702725],[131.033549,33.703063],[131.034368,33.703902],[131.035197,33.702725]],[[131.01636,33.74224],[131.015679,33.743469],[131.016721,33.743621],[131.01636,33.74224]],[[130.572681,32.434876],[130.57544,32.434198],[130.573534,32.433983],[130.572681,32.434876]]],[[[132.56504,33.969304],[132.563916,33.970033],[132.562838,33.969906],[132.56504,33.969304]]],[[[131.421,33.967583],[131.421548,33.968179],[131.423217,33.969127],[131.421,33.967583]]],[[[130.852372,33.971405],[130.85204,33.970497],[130.850432,33.97119],[130.852372,33.971405]]],[[[132.232606,33.971453],[132.231949,33.97251],[132.231951,33.970749],[132.232606,33.971453]]],[[[133.071554,33.97206],[133.072038,33.972517],[133.071261,33.97255],[133.071554,33.97206]]],[[[132.350254,33.96129],[132.351,33.961335],[132.351674,33.962521],[132.350254,33.96129]]],[[[132.661787,33.973827],[132.656685,33.950898],[132.670789,33.970035],[132.661787,33.973827]]],[[[133.470044,33.974406],[133.471506,33.975073],[133.469973,33.974928],[133.470044,33.974406]]],[[[132.494638,33.975891],[132.493824,33.97569],[132.494942,33.975388],[132.494638,33.975891]]],[[[130.868292,33.976217],[130.868599,33.974794],[130.868809,33.975865],[130.868292,33.976217]]],[[[132.767223,33.973037],[132.765568,33.976446],[132.765548,33.975673],[132.767223,33.973037]]],[[[132.689577,33.977427],[132.68787,33.977286],[132.687337,33.975843],[132.689577,33.977427]]],[[[132.696892,33.977536],[132.696392,33.978549],[132.695588,33.97829],[132.696892,33.977536]]],[[[132.764024,33.979799],[132.764011,33.97901],[132.764987,33.976998],[132.764024,33.979799]]],[[[130.868292,33.976217],[130.867605,33.976819],[130.86858,33.978124],[130.868292,33.976217]]],[[[131.851816,33.980363],[131.850577,33.981699],[131.850925,33.980484],[131.851816,33.980363]]],[[[132.599983,33.980872],[132.600324,33.981802],[132.599609,33.981499],[132.599983,33.980872]]],[[[131.737056,33.978818],[131.73809,33.980813],[131.736437,33.982062],[131.737056,33.978818]]],[[[132.513545,33.981951],[132.514243,33.981508],[132.516551,33.982126],[132.513545,33.981951]]],[[[131.767013,33.980772],[131.766555,33.981407],[131.764953,33.982091],[131.767013,33.980772]],[[131.767013,33.980772],[131.76627,33.980043],[131.764862,33.981388],[131.767013,33.980772]]],[[[132.432478,33.980699],[132.431211,33.982879],[132.430206,33.984217],[132.432478,33.980699]]],[[[130.791667,33.984422],[130.791123,33.983905],[130.791721,33.983295],[130.791667,33.984422]]],[[[131.753689,33.984934],[131.752241,33.983922],[131.752259,33.983283],[131.753689,33.984934]]],[[[131.380151,33.987377],[131.379347,33.988168],[131.379457,33.987101],[131.380151,33.987377]]],[[[131.15861,33.98889],[131.158137,33.988551],[131.158766,33.9882],[131.15861,33.98889]]],[[[131.715088,33.989506],[131.714977,33.988855],[131.715573,33.98903],[131.715088,33.989506]]],[[[132.354591,33.988781],[132.352963,33.989749],[132.35108,33.988474],[132.354591,33.988781]]],[[[133.360591,33.98988],[133.361376,33.989366],[133.362331,33.989686],[133.360591,33.98988]]],[[[131.860318,33.951853],[131.877798,33.970511],[131.858086,33.990052],[131.849445,33.952865],[131.806077,33.939318],[131.859358,33.952836],[131.860318,33.951853]]],[[[132.513545,33.981951],[132.514557,33.982528],[132.517606,33.983158],[132.513545,33.981951]]],[[[135.089613,33.986857],[135.087335,33.989518],[135.087785,33.990943],[135.089613,33.986857]]],[[[133.317964,33.991104],[133.317118,33.99258],[133.317091,33.991672],[133.317964,33.991104]]],[[[133.332054,33.992307],[133.333011,33.99274],[133.333968,33.993054],[133.332054,33.992307]]],[[[132.432786,33.988653],[132.431942,33.990256],[132.430138,33.99345],[132.432786,33.988653]]],[[[130.897866,33.990965],[130.894476,33.993734],[130.890282,33.990172],[130.897866,33.990965]]],[[[130.9085,33.993832],[130.908172,33.994313],[130.90811,33.993503],[130.9085,33.993832]]],[[[131.009531,33.994521],[131.008538,33.994918],[131.007903,33.994519],[131.009531,33.994521]]],[[[132.24983,33.99504],[132.248171,33.994337],[132.250952,33.994268],[132.24983,33.99504]]],[[[132.520576,33.992611],[132.520437,33.994197],[132.518065,33.995408],[132.520576,33.992611]]],[[[132.539658,33.974473],[132.538163,33.970889],[132.535559,33.970628],[132.539658,33.974473]],[[132.539658,33.974473],[132.541305,33.974208],[132.539511,33.973141],[132.539658,33.974473]]],[[[131.028604,33.995443],[131.026825,33.996236],[131.024542,33.995749],[131.028604,33.995443]]],[[[132.522164,33.995659],[132.521691,33.996278],[132.52066,33.99558],[132.522164,33.995659]]],[[[131.135131,34.000764],[131.135803,33.998758],[131.135914,33.999289],[131.135131,34.000764]]],[[[130.816422,34.000525],[130.813251,34.001142],[130.811504,34.000085],[130.816422,34.000525]]],[[[135.088192,34.001975],[135.086963,34.001382],[135.088797,34.001462],[135.088192,34.001975]]],[[[130.81462,34.002845],[130.814454,34.002199],[130.815242,34.002177],[130.81462,34.002845]]],[[[131.384897,34.002419],[131.38419,34.003028],[131.384148,34.002185],[131.384897,34.002419]]],[[[132.431986,34.00233],[132.433586,34.001939],[132.435243,34.003218],[132.431986,34.00233]]],[[[135.088192,34.001975],[135.089135,34.002064],[135.090439,34.002784],[135.088192,34.001975]]],[[[132.333641,33.999146],[132.332923,34.001251],[132.332732,34.003053],[132.333641,33.999146]]],[[[130.809504,34.003823],[130.809377,34.003067],[130.810318,34.002908],[130.809504,34.003823]]],[[[130.712718,34.00476],[130.711661,34.005364],[130.710475,34.004271],[130.712718,34.00476]]],[[[134.593477,34.007049],[134.59303,34.007349],[134.591802,34.006834],[134.593477,34.007049]]],[[[130.728296,34.007382],[130.728665,34.006945],[130.734202,34.005935],[130.728296,34.007382]]],[[[133.360591,33.98988],[133.362405,33.990526],[133.3618,33.991049],[133.360591,33.98988]]],[[[135.094936,34.006089],[135.095003,34.007565],[135.093717,34.007852],[135.094936,34.006089]]],[[[132.269423,34.000989],[132.270394,34.004469],[132.267283,34.008544],[132.269423,34.000989]],[[132.269423,34.000989],[132.268217,34.000187],[132.267647,34.000742],[132.269423,34.000989]]],[[[131.414054,34.010064],[131.413748,34.009254],[131.41418,34.0087],[131.414054,34.010064]]],[[[132.431986,34.00233],[132.430352,34.00386],[132.430309,34.006763],[132.431986,34.00233]]],[[[131.688148,34.011844],[131.687532,34.012331],[131.685266,34.012147],[131.688148,34.011844]]],[[[131.399903,34.014029],[131.399803,34.013234],[131.401676,34.014018],[131.399903,34.014029]]],[[[132.656373,34.015722],[132.655689,34.015387],[132.656519,34.014879],[132.656373,34.015722]]],[[[131.725431,34.015882],[131.725594,34.016719],[131.724697,34.017599],[131.725431,34.015882]]],[[[132.65849,34.017429],[132.658344,34.018204],[132.657513,34.01668],[132.65849,34.017429]]],[[[132.632589,33.977189],[132.644027,34.017817],[132.577911,33.96861],[132.602109,33.942791],[132.641828,33.956767],[132.630811,33.97614],[132.632589,33.977189]],[[132.624486,33.956584],[132.624478,33.957667],[132.624993,33.957675],[132.624486,33.956584]],[[132.632589,33.977189],[132.631296,33.977514],[132.632644,33.977705],[132.632589,33.977189]]],[[[130.726229,34.018783],[130.725479,34.019064],[130.724739,34.018221],[130.726229,34.018783]]],[[[135.121344,34.019643],[135.118711,34.018447],[135.12177,34.01664],[135.121344,34.019643]]],[[[131.471902,34.020823],[131.471773,34.021316],[131.471284,34.020813],[131.471902,34.020823]]],[[[130.726494,34.021893],[130.725502,34.021301],[130.726159,34.021138],[130.726494,34.021893]]],[[[133.105237,34.022918],[133.105257,34.023443],[133.104296,34.023787],[133.105237,34.022918]]],[[[131.582721,34.02386],[131.566198,33.986627],[131.585937,34.022937],[131.582721,34.02386]]],[[[131.797129,34.020534],[131.798926,34.022813],[131.797974,34.024165],[131.797129,34.020534]]],[[[132.325398,34.022738],[132.324319,34.024882],[132.323987,34.022531],[132.325398,34.022738]]],[[[133.570921,34.025016],[133.570165,34.025204],[133.571038,34.023789],[133.570921,34.025016]]],[[[131.826689,34.024747],[131.825637,34.025463],[131.825972,34.024799],[131.826689,34.024747]]],[[[133.09779,34.022602],[133.100181,34.023129],[133.098924,34.024246],[133.09779,34.022602]]],[[[132.418161,34.026997],[132.416186,34.027671],[132.414975,34.030346],[132.418161,34.026997]]],[[[132.595307,34.026436],[132.594333,34.028546],[132.595867,34.031416],[132.595307,34.026436]]],[[[131.470558,34.032],[131.469844,34.03056],[131.470364,34.030233],[131.470558,34.032]]],[[[135.132653,34.031344],[135.131971,34.03203],[135.130927,34.0314],[135.132653,34.031344]]],[[[135.132653,34.031344],[135.133788,34.031393],[135.133924,34.03215],[135.132653,34.031344]]],[[[131.720836,34.032888],[131.719141,34.034034],[131.718527,34.032703],[131.720836,34.032888]]],[[[135.135603,34.033533],[135.134485,34.034786],[135.133812,34.034446],[135.135603,34.033533]]],[[[131.715088,33.989506],[131.709147,34.035177],[131.691591,34.007879],[131.714462,33.989734],[131.715088,33.989506]]],[[[131.092578,34.03502],[131.09001,34.035302],[131.08924,34.034769],[131.092578,34.03502]]],[[[131.71107,34.035528],[131.711017,34.036857],[131.710225,34.035081],[131.71107,34.035528]]],[[[132.422831,34.036498],[132.419942,34.037335],[132.418286,34.037027],[132.422831,34.036498]]],[[[132.602494,34.036435],[132.602667,34.037564],[132.60186,34.038011],[132.602494,34.036435]]],[[[131.389076,34.037969],[131.388621,34.038542],[131.388531,34.037209],[131.389076,34.037969]]],[[[131.662403,34.039518],[131.661829,34.040088],[131.661913,34.039134],[131.662403,34.039518]]],[[[132.392529,34.042219],[132.391667,34.042711],[132.390137,34.040365],[132.392529,34.042219]]],[[[131.403112,34.042713],[131.402607,34.042641],[131.403022,34.04219],[131.403112,34.042713]]],[[[132.521966,34.04004],[132.521341,34.042339],[132.520683,34.042912],[132.521966,34.04004]]],[[[132.485402,34.03697],[132.489045,34.037757],[132.492147,34.040284],[132.485402,34.03697]]],[[[139.378631,34.04598],[139.377993,34.045482],[139.379009,34.045459],[139.378631,34.04598]]],[[[139.38478,34.046375],[139.384826,34.045308],[139.386186,34.045107],[139.38478,34.046375]]],[[[139.379982,34.046932],[139.379347,34.046322],[139.380208,34.046252],[139.379982,34.046932]]],[[[139.384984,34.048812],[139.383754,34.049416],[139.382948,34.04897],[139.384984,34.048812]]],[[[131.772977,34.05032],[131.731719,34.02107],[131.775164,34.049334],[131.772977,34.05032]]],[[[131.740418,34.050586],[131.740073,34.049599],[131.740472,34.048323],[131.740418,34.050586]]],[[[134.59611,34.049324],[134.590235,34.050923],[134.589809,34.049123],[134.59611,34.049324]]],[[[132.727468,34.049783],[132.727265,34.05207],[132.725679,34.051313],[132.727468,34.049783]]],[[[131.039578,34.055545],[131.039111,34.055125],[131.039913,34.054307],[131.039578,34.055545]]],[[[131.040685,34.056182],[131.0406,34.054837],[131.041211,34.055286],[131.040685,34.056182]]],[[[131.03688,34.0552],[131.037267,34.055749],[131.037533,34.056191],[131.03688,34.0552]]],[[[139.545129,34.056648],[139.54416,34.056884],[139.54552,34.055829],[139.545129,34.056648]]],[[[136.251871,34.058949],[136.251328,34.059101],[136.251283,34.058544],[136.251871,34.058949]]],[[[132.395384,34.060095],[132.391128,34.056432],[132.397517,34.053666],[132.395384,34.060095]]],[[[130.893563,34.060724],[130.892548,34.060463],[130.893064,34.059997],[130.893563,34.060724]]],[[[136.262405,34.060888],[136.260141,34.061282],[136.256137,34.060041],[136.262405,34.060888]]],[[[132.462391,34.061334],[132.462177,34.059535],[132.462932,34.05862],[132.462391,34.061334]]],[[[133.096697,34.061243],[133.095896,34.061539],[133.095608,34.060154],[133.096697,34.061243]]],[[[130.893563,34.060724],[130.893194,34.061815],[130.892626,34.061446],[130.893563,34.060724]]],[[[133.11157,34.06157],[133.110359,34.061858],[133.109242,34.062362],[133.11157,34.06157]]],[[[131.738884,34.061625],[131.739718,34.061742],[131.740198,34.06278],[131.738884,34.061625]]],[[[136.238035,34.066573],[136.237282,34.066358],[136.238181,34.065507],[136.238035,34.066573]]],[[[139.479805,34.068052],[139.478731,34.066532],[139.479324,34.066237],[139.479805,34.068052]]],[[[130.900714,34.066825],[130.899214,34.068137],[130.899721,34.067043],[130.900714,34.066825]]],[[[132.392307,34.069694],[132.395157,34.070226],[132.394231,34.071974],[132.392307,34.069694]]],[[[132.883401,34.072994],[132.882391,34.073191],[132.880678,34.072803],[132.883401,34.072994]]],[[[136.254532,34.071255],[136.255429,34.071585],[136.254648,34.071844],[136.254532,34.071255]]],[[[132.70963,34.073882],[132.708542,34.072335],[132.704892,34.072211],[132.70963,34.073882]]],[[[132.522096,34.053759],[132.520577,34.053843],[132.519627,34.052726],[132.522096,34.053759]],[[132.522096,34.053759],[132.523072,34.053806],[132.522704,34.053174],[132.522096,34.053759]]],[[[132.916347,34.080186],[132.915652,34.080126],[132.915938,34.079246],[132.916347,34.080186]]],[[[136.291096,34.081606],[136.28854,34.082294],[136.288198,34.081797],[136.291096,34.081606]]],[[[132.996242,34.081287],[132.99718,34.082039],[132.996806,34.082478],[132.996242,34.081287]]],[[[136.291096,34.081606],[136.293313,34.082458],[136.292852,34.082674],[136.291096,34.081606]]],[[[136.298136,34.085152],[136.297347,34.085412],[136.29639,34.084979],[136.298136,34.085152]]],[[[136.241776,34.086309],[136.241138,34.086942],[136.240848,34.086215],[136.241776,34.086309]]],[[[130.871272,34.087216],[130.870431,34.086357],[130.872381,34.08445],[130.871272,34.087216]]],[[[129.221666,34.087498],[129.221128,34.087609],[129.221604,34.086872],[129.221666,34.087498]]],[[[132.520524,34.090526],[132.519393,34.090616],[132.519562,34.089483],[132.520524,34.090526]]],[[[129.166721,34.097778],[129.166669,34.096793],[129.167222,34.09655],[129.166721,34.097778]]],[[[129.24413,34.098009],[129.244317,34.09948],[129.240379,34.100573],[129.24413,34.098009]]],[[[129.212009,34.10387],[129.211365,34.103695],[129.212254,34.103378],[129.212009,34.10387]]],[[[133.454614,34.104247],[133.453612,34.104811],[133.454171,34.103714],[133.454614,34.104247]]],[[[133.175448,34.107481],[133.174014,34.108572],[133.172877,34.107471],[133.175448,34.107481]]],[[[129.210852,34.109381],[129.211523,34.109297],[129.211399,34.110366],[129.210852,34.109381]]],[[[133.450115,34.107208],[133.448358,34.110457],[133.447564,34.110194],[133.450115,34.107208]]],[[[133.18509,34.108908],[133.185785,34.110564],[133.185235,34.111484],[133.18509,34.108908]]],[[[135.083425,34.113347],[135.083756,34.114014],[135.082059,34.11457],[135.083425,34.113347]]],[[[130.776629,34.115348],[130.795207,34.092297],[130.777871,34.115203],[130.776629,34.115348]]],[[[136.319452,34.115594],[136.319152,34.114788],[136.320629,34.115734],[136.319452,34.115594]]],[[[136.319452,34.115594],[136.319894,34.116253],[136.318972,34.11603],[136.319452,34.115594]]],[[[135.101615,34.108547],[135.105406,34.109856],[135.102093,34.113898],[135.101615,34.108547]]],[[[133.005475,34.117408],[133.003719,34.118054],[133.002608,34.118294],[133.005475,34.117408]]],[[[132.970687,34.118075],[132.96961,34.119043],[132.968947,34.119611],[132.970687,34.118075]]],[[[132.792404,34.122055],[132.789487,34.122511],[132.78806,34.121826],[132.792404,34.122055]]],[[[132.989972,34.116283],[132.990092,34.115553],[132.991608,34.114075],[132.989972,34.116283]],[[132.989972,34.116283],[132.990699,34.11677],[132.99074,34.115523],[132.989972,34.116283]]],[[[133.187675,34.116584],[133.186831,34.117941],[133.186484,34.118958],[133.187675,34.116584]]],[[[133.011356,34.122122],[133.007776,34.122595],[133.006707,34.123463],[133.011356,34.122122]]],[[[132.317944,34.12412],[132.316347,34.123036],[132.314537,34.123279],[132.317944,34.12412]]],[[[133.53166,34.124331],[133.532001,34.123949],[133.53398,34.124485],[133.53166,34.124331]]],[[[132.202056,34.124587],[132.202613,34.123272],[132.20264,34.124492],[132.202056,34.124587]]],[[[133.159455,34.124175],[133.158544,34.124822],[133.15739,34.123749],[133.159455,34.124175]]],[[[139.545129,34.056648],[139.565661,34.102086],[139.522612,34.124895],[139.491536,34.118389],[139.482047,34.051473],[139.544578,34.057212],[139.545129,34.056648]]],[[[133.536949,34.125568],[133.536018,34.124843],[133.536837,34.12484],[133.536949,34.125568]]],[[[133.006557,34.125625],[133.005346,34.124592],[133.00631,34.123917],[133.006557,34.125625]]],[[[132.983403,34.12544],[132.98388,34.127485],[132.983933,34.128496],[132.983403,34.12544]]],[[[135.128259,34.12852],[135.128666,34.127749],[135.129899,34.129285],[135.128259,34.12852]]],[[[133.062884,34.134321],[133.061794,34.133772],[133.061264,34.132087],[133.062884,34.134321]]],[[[132.418796,34.134276],[132.418972,34.13367],[132.41666,34.132799],[132.418796,34.134276]]],[[[132.418796,34.134276],[132.418447,34.13513],[132.418108,34.13427],[132.418796,34.134276]]],[[[135.167778,34.134885],[135.167917,34.135526],[135.167008,34.135409],[135.167778,34.134885]]],[[[133.53166,34.124331],[133.532852,34.125472],[133.533136,34.125974],[133.53166,34.124331]]],[[[132.279234,34.138436],[132.278331,34.137817],[132.279213,34.137758],[132.279234,34.138436]]],[[[136.298129,34.139453],[136.297183,34.139611],[136.297414,34.139114],[136.298129,34.139453]]],[[[136.317186,34.144239],[136.316585,34.144182],[136.316555,34.143571],[136.317186,34.144239]]],[[[129.287162,34.144905],[129.286172,34.14495],[129.286282,34.143896],[129.287162,34.144905]]],[[[132.935095,34.145338],[132.934324,34.145677],[132.93499,34.144561],[132.935095,34.145338]]],[[[133.011676,34.14464],[133.008471,34.146666],[133.008311,34.143956],[133.011676,34.14464]]],[[[133.086718,34.147329],[133.0858,34.147704],[133.084148,34.146848],[133.086718,34.147329]]],[[[132.534787,34.151787],[132.534002,34.152102],[132.533445,34.151461],[132.534787,34.151787]]],[[[136.36588,34.14909],[136.365508,34.149586],[136.366367,34.150678],[136.36588,34.14909]]],[[[132.752361,34.152423],[132.75191,34.151939],[132.752233,34.151241],[132.752361,34.152423]]],[[[132.560324,34.152431],[132.558726,34.151067],[132.559606,34.150916],[132.560324,34.152431]]],[[[136.359306,34.151975],[136.358752,34.152703],[136.357618,34.152766],[136.359306,34.151975]]],[[[133.082921,34.152744],[133.083524,34.152067],[133.083498,34.152886],[133.082921,34.152744]]],[[[132.751201,34.152801],[132.750867,34.153213],[132.750365,34.152635],[132.751201,34.152801]]],[[[133.456536,34.15345],[133.456893,34.154514],[133.454399,34.155663],[133.456536,34.15345]]],[[[132.563411,34.156233],[132.56219,34.157522],[132.560938,34.156762],[132.563411,34.156233]]],[[[132.65865,34.156324],[132.658636,34.157992],[132.656205,34.155738],[132.65865,34.156324]]],[[[132.775075,34.15441],[132.77501,34.155576],[132.772399,34.158518],[132.775075,34.15441]]],[[[132.752199,34.158692],[132.750677,34.158472],[132.749824,34.156827],[132.752199,34.158692]]],[[[133.005095,34.153716],[133.003624,34.153965],[133.002059,34.155637],[133.005095,34.153716]]],[[[135.180972,34.158961],[135.177375,34.158977],[135.176277,34.159238],[135.180972,34.158961]]],[[[132.67358,34.159339],[132.671291,34.159744],[132.671119,34.157559],[132.67358,34.159339]]],[[[133.108112,34.158705],[133.109421,34.158907],[133.109152,34.159929],[133.108112,34.158705]]],[[[132.439028,34.156948],[132.438816,34.158344],[132.439981,34.160098],[132.439028,34.156948]]],[[[136.3054,34.163833],[136.304588,34.163529],[136.303983,34.163817],[136.3054,34.163833]]],[[[136.323565,34.16526],[136.322825,34.164827],[136.32363,34.164514],[136.323565,34.16526]]],[[[132.739602,34.16417],[132.73894,34.165468],[132.738926,34.164734],[132.739602,34.16417]]],[[[132.740619,34.164688],[132.741392,34.165902],[132.740393,34.16601],[132.740619,34.164688]]],[[[133.318659,34.165686],[133.320623,34.167433],[133.317433,34.16656],[133.318659,34.165686]]],[[[136.323565,34.16526],[136.322055,34.166144],[136.32136,34.166507],[136.323565,34.16526]]],[[[132.57932,34.160294],[132.578374,34.161213],[132.578975,34.163246],[132.57932,34.160294]]],[[[133.12091,34.168418],[133.118804,34.16764],[133.120518,34.167551],[133.12091,34.168418]]],[[[130.896587,34.169555],[130.895977,34.169592],[130.895532,34.168896],[130.896587,34.169555]]],[[[136.30524,34.171069],[136.3033,34.170712],[136.305056,34.169439],[136.30524,34.171069]]],[[[136.320147,34.167592],[136.320914,34.168589],[136.321049,34.169211],[136.320147,34.167592]]],[[[132.797966,34.172231],[132.798667,34.172329],[132.798926,34.1735],[132.797966,34.172231]]],[[[133.366213,34.167046],[133.365003,34.169564],[133.361525,34.171634],[133.366213,34.167046]]],[[[136.31998,34.172537],[136.319468,34.172821],[136.320375,34.17324],[136.31998,34.172537]]],[[[132.799858,34.175136],[132.800407,34.17447],[132.800376,34.175409],[132.799858,34.175136]]],[[[132.246622,34.175633],[132.247241,34.176499],[132.245276,34.175426],[132.246622,34.175633]]],[[[130.905935,34.172576],[130.902557,34.176407],[130.901302,34.176571],[130.905935,34.172576]]],[[[130.926823,34.177271],[130.926104,34.176859],[130.927046,34.176051],[130.926823,34.177271]]],[[[132.387678,34.176038],[132.397616,34.146284],[132.413308,34.169741],[132.388024,34.175076],[132.387678,34.176038]]],[[[136.330682,34.177817],[136.329804,34.177175],[136.330456,34.177008],[136.330682,34.177817]]],[[[136.336855,34.177883],[136.33664,34.17704],[136.338028,34.176921],[136.336855,34.177883]]],[[[136.332001,34.177577],[136.331754,34.178084],[136.33135,34.177559],[136.332001,34.177577]]],[[[136.336855,34.177883],[136.335414,34.179015],[136.334719,34.178719],[136.336855,34.177883]]],[[[134.820921,34.171137],[134.820671,34.170508],[134.819565,34.171104],[134.820921,34.171137]],[[134.820921,34.171137],[134.822191,34.170755],[134.821297,34.170242],[134.820921,34.171137]]],[[[130.901826,34.18018],[130.900589,34.179977],[130.899733,34.17885],[130.901826,34.18018]]],[[[136.381661,34.18249],[136.381177,34.182795],[136.380979,34.18217],[136.381661,34.18249]]],[[[130.893792,34.18267],[130.893254,34.18293],[130.892138,34.182635],[130.893792,34.18267]]],[[[132.883515,34.182365],[132.885333,34.18281],[132.883715,34.182997],[132.883515,34.182365]]],[[[133.080205,34.183621],[133.079916,34.182758],[133.080951,34.181722],[133.080205,34.183621]]],[[[133.312964,34.180725],[133.312354,34.181909],[133.311006,34.182077],[133.312964,34.180725]]],[[[136.381172,34.183619],[136.382034,34.184147],[136.381163,34.184207],[136.381172,34.183619]]],[[[136.38008,34.1841],[136.37856,34.184273],[136.378963,34.18356],[136.38008,34.1841]]],[[[136.375833,34.184269],[136.374933,34.18451],[136.37502,34.183996],[136.375833,34.184269]]],[[[136.377846,34.184947],[136.37732,34.184998],[136.377035,34.184506],[136.377846,34.184947]]],[[[139.074198,34.185939],[139.072161,34.184496],[139.072331,34.183622],[139.074198,34.185939]]],[[[139.078572,34.187308],[139.078103,34.186742],[139.079021,34.185972],[139.078572,34.187308]]],[[[139.14024,34.187466],[139.139996,34.186368],[139.140514,34.186248],[139.14024,34.187466]]],[[[135.133878,34.188137],[135.13379,34.187557],[135.134731,34.187813],[135.133878,34.188137]]],[[[139.076791,34.186436],[139.07755,34.187195],[139.076777,34.188162],[139.076791,34.186436]]],[[[135.133878,34.188137],[135.133105,34.188273],[135.132558,34.187893],[135.133878,34.188137]]],[[[132.793795,34.18289],[132.772364,34.160989],[132.795381,34.182821],[132.793795,34.18289]],[[132.793795,34.18289],[132.793131,34.182837],[132.792556,34.183292],[132.793795,34.18289]]],[[[132.863285,34.186997],[132.863378,34.18831],[132.861737,34.189174],[132.863285,34.186997]]],[[[136.399081,34.1904],[136.398223,34.19016],[136.398845,34.189758],[136.399081,34.1904]]],[[[132.948316,34.190168],[132.947637,34.19049],[132.946889,34.190042],[132.948316,34.190168]]],[[[139.120004,34.189784],[139.119737,34.19062],[139.119438,34.189991],[139.120004,34.189784]]],[[[132.941947,34.18961],[132.943755,34.190011],[132.944514,34.190936],[132.941947,34.18961]]],[[[135.13753,34.190294],[135.137115,34.191006],[135.135596,34.191421],[135.13753,34.190294]]],[[[132.688312,34.190839],[132.687133,34.191818],[132.687534,34.190838],[132.688312,34.190839]]],[[[134.743878,34.19184],[134.744,34.19128],[134.74614,34.19134],[134.743878,34.19184]]],[[[136.381464,34.192483],[136.381121,34.192862],[136.380069,34.192041],[136.381464,34.192483]]],[[[132.836231,34.192177],[132.835419,34.192917],[132.835423,34.192161],[132.836231,34.192177]]],[[[132.682746,34.193774],[132.682215,34.194209],[132.682684,34.193126],[132.682746,34.193774]]],[[[132.906311,34.190371],[132.908174,34.1927],[132.906799,34.193989],[132.906311,34.190371]]],[[[133.636003,34.192973],[133.636067,34.193528],[133.633504,34.193635],[133.636003,34.192973]]],[[[133.088675,34.192986],[133.088344,34.194868],[133.087568,34.193824],[133.088675,34.192986]]],[[[132.315126,34.194884],[132.313904,34.194925],[132.314369,34.194288],[132.315126,34.194884]]],[[[132.859585,34.192778],[132.858572,34.194384],[132.855685,34.195043],[132.859585,34.192778]]],[[[132.8528,34.192046],[132.853605,34.192888],[132.853508,34.194485],[132.8528,34.192046]]],[[[133.082921,34.152744],[133.113738,34.178723],[133.022019,34.183395],[133.041039,34.149957],[133.014735,34.109402],[133.081896,34.151212],[133.082921,34.152744]]],[[[136.380028,34.194194],[136.379504,34.194614],[136.379946,34.195172],[136.380028,34.194194]]],[[[132.828766,34.186031],[132.807385,34.152537],[132.868278,34.173497],[132.831137,34.185561],[132.828766,34.186031]],[[132.828766,34.186031],[132.829379,34.185128],[132.828374,34.184702],[132.828766,34.186031]]],[[[136.403993,34.196304],[136.402501,34.195931],[136.403439,34.195742],[136.403993,34.196304]]],[[[133.075792,34.196226],[133.075227,34.196712],[133.07414,34.195651],[133.075792,34.196226]]],[[[139.155707,34.196014],[139.156665,34.196219],[139.156445,34.196805],[139.155707,34.196014]]],[[[132.820821,34.196135],[132.819509,34.196949],[132.815784,34.195005],[132.820821,34.196135]]],[[[132.312126,34.197047],[132.313436,34.196297],[132.312743,34.197197],[132.312126,34.197047]]],[[[132.883515,34.182365],[132.86133,34.193317],[132.883146,34.180824],[132.883515,34.182365]]],[[[132.312126,34.197047],[132.292428,34.189054],[132.312483,34.195483],[132.312126,34.197047]]],[[[132.514635,34.199503],[132.511582,34.196381],[132.511361,34.192018],[132.514635,34.199503]]],[[[134.795793,34.199121],[134.794504,34.199538],[134.795057,34.198803],[134.795793,34.199121]]],[[[136.340631,34.198911],[136.341236,34.199987],[136.338576,34.198321],[136.340631,34.198911]]],[[[133.272791,34.195535],[133.273205,34.19921],[133.272285,34.200055],[133.272791,34.195535]]],[[[139.156283,34.197706],[139.158754,34.200071],[139.157446,34.199491],[139.156283,34.197706]]],[[[132.497418,34.173461],[132.508895,34.141472],[132.447323,34.108373],[132.460465,34.082308],[132.53228,34.103915],[132.553451,34.068131],[132.570136,34.115513],[132.589905,34.108677],[132.57624,34.127852],[132.53909,34.107563],[132.557792,34.1506],[132.521471,34.157521],[132.559017,34.173227],[132.537635,34.199837],[132.499946,34.178499],[132.497418,34.173461]],[[132.497418,34.173461],[132.498746,34.174649],[132.498865,34.173413],[132.497418,34.173461]]],[[[139.155228,34.198823],[139.155305,34.200566],[139.154696,34.199976],[139.155228,34.198823]]],[[[132.318939,34.196391],[132.320388,34.196784],[132.32007,34.199167],[132.318939,34.196391]]],[[[132.741664,34.201077],[132.741697,34.201946],[132.74083,34.201032],[132.741664,34.201077]]],[[[132.928793,34.195487],[132.925377,34.200844],[132.923846,34.202069],[132.928793,34.195487]]],[[[132.514635,34.199503],[132.515607,34.202287],[132.515041,34.201804],[132.514635,34.199503]]],[[[132.736819,34.203376],[132.735805,34.203046],[132.736714,34.202473],[132.736819,34.203376]]],[[[132.672123,34.203484],[132.644344,34.171044],[132.675954,34.174712],[132.675,34.202296],[132.672123,34.203484]]],[[[133.625295,34.203527],[133.624642,34.20367],[133.62209,34.201736],[133.625295,34.203527]]],[[[132.739602,34.16417],[132.759407,34.192017],[132.693234,34.201519],[132.685822,34.182586],[132.740619,34.164688],[132.739602,34.16417]]],[[[136.402978,34.204608],[136.402653,34.205049],[136.402304,34.204454],[136.402978,34.204608]]],[[[139.193798,34.204035],[139.192873,34.205426],[139.192969,34.204019],[139.193798,34.204035]]],[[[132.934986,34.200299],[132.937725,34.200685],[132.938308,34.203655],[132.934986,34.200299]]],[[[132.873925,34.206378],[132.874713,34.205363],[132.875274,34.205502],[132.873925,34.206378]]],[[[129.302225,34.206582],[129.301388,34.206192],[129.302713,34.205807],[129.302225,34.206582]]],[[[136.408604,34.206692],[136.407784,34.205954],[136.408441,34.205848],[136.408604,34.206692]]],[[[139.193099,34.208053],[139.192387,34.209339],[139.189237,34.208699],[139.193099,34.208053]]],[[[132.681984,34.209135],[132.681518,34.209359],[132.680775,34.209354],[132.681984,34.209135]]],[[[132.593337,34.212416],[132.588111,34.209721],[132.59249,34.211624],[132.593337,34.212416]]],[[[139.188471,34.211149],[139.190957,34.211857],[139.18913,34.212527],[139.188471,34.211149]]],[[[130.926949,34.212477],[130.928153,34.21232],[130.928647,34.212785],[130.926949,34.212477]]],[[[134.586268,34.216181],[134.586952,34.215874],[134.587432,34.21663],[134.586268,34.216181]]],[[[132.939051,34.219153],[132.937821,34.219413],[132.935954,34.218999],[132.939051,34.219153]]],[[[133.609853,34.216657],[133.610168,34.217087],[133.610307,34.217941],[133.609853,34.216657]]],[[[136.485921,34.221005],[136.485758,34.220472],[136.486555,34.220763],[136.485921,34.221005]]],[[[135.140364,34.221174],[135.133426,34.219128],[135.134664,34.217682],[135.140364,34.221174]]],[[[132.701072,34.218459],[132.700378,34.221301],[132.696989,34.223459],[132.701072,34.218459]]],[[[136.496054,34.224311],[136.496453,34.22317],[136.496879,34.224432],[136.496054,34.224311]]],[[[133.055098,34.224836],[133.056387,34.224558],[133.056064,34.224967],[133.055098,34.224836]]],[[[134.606267,34.225267],[134.605727,34.225314],[134.605915,34.224577],[134.606267,34.225267]]],[[[136.475375,34.226884],[136.474658,34.226101],[136.475503,34.226198],[136.475375,34.226884]]],[[[134.408149,34.226984],[134.409848,34.225075],[134.411382,34.224522],[134.408149,34.226984]]],[[[136.498265,34.226309],[136.498826,34.226742],[136.498506,34.227057],[136.498265,34.226309]]],[[[136.475375,34.226884],[136.47501,34.227426],[136.474533,34.227129],[136.475375,34.226884]]],[[[136.498506,34.227057],[136.498364,34.227541],[136.497706,34.227185],[136.498506,34.227057]]],[[[132.804473,34.228565],[132.802497,34.230417],[132.800013,34.226892],[132.804473,34.228565]]],[[[133.156667,34.224716],[133.155836,34.225535],[133.155813,34.227785],[133.156667,34.224716]]],[[[134.64907,34.231931],[134.648162,34.232156],[134.647573,34.230863],[134.64907,34.231931]]],[[[136.811724,34.22951],[136.812019,34.230149],[136.814196,34.230266],[136.811724,34.22951]]],[[[130.112892,34.231182],[130.111476,34.232564],[130.111205,34.231876],[130.112892,34.231182]]],[[[134.625277,34.232148],[134.624437,34.232844],[134.623853,34.232656],[134.625277,34.232148]]],[[[132.69995,34.234605],[132.698825,34.233243],[132.699361,34.233149],[132.69995,34.234605]]],[[[133.652543,34.23386],[133.652644,34.235171],[133.652197,34.234761],[133.652543,34.23386]]],[[[133.260464,34.235457],[133.259665,34.235766],[133.259331,34.233245],[133.260464,34.235457]]],[[[132.266217,34.233505],[132.265904,34.235838],[132.26407,34.234854],[132.266217,34.233505]]],[[[134.587867,34.235514],[134.588288,34.235188],[134.58897,34.236042],[134.587867,34.235514]]],[[[134.646183,34.237344],[134.644812,34.236724],[134.645513,34.236552],[134.646183,34.237344]]],[[[136.817672,34.23566],[136.816682,34.237748],[136.81607,34.235894],[136.817672,34.23566]]],[[[136.516792,34.238394],[136.516086,34.238683],[136.516051,34.238066],[136.516792,34.238394]]],[[[134.445672,34.239223],[134.444638,34.239316],[134.443791,34.23886],[134.445672,34.239223]]],[[[134.625277,34.232148],[134.592405,34.200519],[134.625764,34.18663],[134.626348,34.231375],[134.625277,34.232148]]],[[[133.675076,34.240274],[133.675714,34.23761],[133.675876,34.239101],[133.675076,34.240274]]],[[[136.519229,34.240302],[136.51897,34.239777],[136.519341,34.239233],[136.519229,34.240302]]],[[[139.136664,34.241568],[139.136168,34.240826],[139.13658,34.240189],[139.136664,34.241568]]],[[[133.108828,34.239528],[133.053711,34.212215],[133.126415,34.195346],[133.140555,34.220871],[133.108276,34.237832],[133.108828,34.239528]]],[[[132.358267,34.238806],[132.356953,34.240749],[132.354887,34.241782],[132.358267,34.238806]]],[[[136.551318,34.242742],[136.548253,34.242158],[136.550009,34.241769],[136.551318,34.242742]]],[[[136.555587,34.242794],[136.555434,34.242107],[136.556218,34.241827],[136.555587,34.242794]]],[[[136.519267,34.242932],[136.51979,34.242684],[136.520252,34.243073],[136.519267,34.242932]]],[[[132.523554,34.242916],[132.522751,34.243088],[132.521469,34.242386],[132.523554,34.242916]]],[[[139.155228,34.198823],[139.170454,34.231318],[139.139337,34.243416],[139.128514,34.222719],[139.120004,34.189784],[139.156283,34.197706],[139.155228,34.198823]]],[[[134.689243,34.242518],[134.688832,34.24405],[134.688161,34.242096],[134.689243,34.242518]]],[[[133.057013,34.244954],[133.055345,34.243981],[133.055975,34.243756],[133.057013,34.244954]]],[[[132.770348,34.243221],[132.769292,34.243413],[132.767849,34.245456],[132.770348,34.243221]]],[[[133.168219,34.245492],[133.152252,34.232856],[133.16956,34.243114],[133.168219,34.245492]]],[[[129.322541,34.244993],[129.321911,34.246461],[129.320607,34.24525],[129.322541,34.244993]]],[[[136.555101,34.246509],[136.554552,34.246031],[136.555312,34.246001],[136.555101,34.246509]]],[[[134.708741,34.248609],[134.708223,34.248921],[134.707589,34.248785],[134.708741,34.248609]]],[[[132.957559,34.244393],[132.955861,34.245505],[132.955622,34.247613],[132.957559,34.244393]]],[[[136.555587,34.242794],[136.5551,34.244547],[136.555655,34.244558],[136.555587,34.242794]]],[[[134.713163,34.248088],[134.711425,34.249596],[134.710135,34.249891],[134.713163,34.248088]]],[[[130.112004,34.250035],[130.110699,34.249225],[130.10725,34.248759],[130.112004,34.250035]]],[[[134.364071,34.249527],[134.364774,34.250322],[134.363704,34.250362],[134.364071,34.249527]]],[[[129.324555,34.248783],[129.324383,34.251178],[129.322606,34.250158],[129.324555,34.248783]]],[[[136.544244,34.25053],[136.544408,34.251198],[136.54342,34.251019],[136.544244,34.25053]]],[[[134.607236,34.251649],[134.591125,34.213997],[134.609931,34.250243],[134.607236,34.251649]]],[[[129.322627,34.252026],[129.322224,34.252545],[129.321915,34.252026],[129.322627,34.252026]]],[[[132.951301,34.252956],[132.950764,34.252545],[132.951476,34.250514],[132.951301,34.252956]]],[[[134.711807,34.253869],[134.712063,34.253222],[134.712631,34.253487],[134.711807,34.253869]]],[[[132.865076,34.254165],[132.864388,34.253795],[132.865124,34.252819],[132.865076,34.254165]]],[[[132.456925,34.254272],[132.458005,34.252893],[132.458557,34.252835],[132.456925,34.254272]]],[[[134.714,34.254846],[134.714205,34.253859],[134.714725,34.254114],[134.714,34.254846]]],[[[132.861519,34.253528],[132.86284,34.254378],[132.862587,34.254982],[132.861519,34.253528]]],[[[132.841123,34.25444],[132.840274,34.255469],[132.836271,34.254373],[132.841123,34.25444]]],[[[136.59621,34.25567],[136.59592,34.255002],[136.596833,34.254854],[136.59621,34.25567]]],[[[134.342588,34.255987],[134.342646,34.254857],[134.343815,34.254751],[134.342588,34.255987]]],[[[132.230879,34.254255],[132.233574,34.256004],[132.232675,34.255836],[132.230879,34.254255]]],[[[136.58594,34.257088],[136.584868,34.255777],[136.586003,34.256219],[136.58594,34.257088]]],[[[133.194905,34.255463],[133.18043,34.226777],[133.197155,34.254298],[133.194905,34.255463]]],[[[134.671992,34.257614],[134.671186,34.2579],[134.669878,34.257465],[134.671992,34.257614]]],[[[133.727212,34.2578],[133.727037,34.258496],[133.726413,34.25727],[133.727212,34.2578]]],[[[136.779461,34.258881],[136.778848,34.258511],[136.779502,34.258303],[136.779461,34.258881]]],[[[132.881318,34.258901],[132.880625,34.258445],[132.881134,34.258285],[132.881318,34.258901]]],[[[136.526293,34.258105],[136.526327,34.259247],[136.525753,34.259056],[136.526293,34.258105]]],[[[133.70297,34.258093],[133.701645,34.259432],[133.69954,34.258304],[133.70297,34.258093]]],[[[133.728594,34.258596],[133.728217,34.25959],[133.72759,34.259189],[133.728594,34.258596]]],[[[132.413584,34.259505],[132.414081,34.259902],[132.412579,34.260356],[132.413584,34.259505]]],[[[132.77545,34.260907],[132.773611,34.260777],[132.774362,34.259256],[132.77545,34.260907]]],[[[136.82929,34.262026],[136.828872,34.261639],[136.829967,34.261064],[136.82929,34.262026]]],[[[132.785638,34.260983],[132.783257,34.261249],[132.782591,34.262092],[132.785638,34.260983]]],[[[136.512851,34.262708],[136.512314,34.263004],[136.511341,34.262696],[136.512851,34.262708]]],[[[133.186049,34.263816],[133.187402,34.263689],[133.186636,34.264371],[133.186049,34.263816]]],[[[132.900766,34.263127],[132.9,34.264857],[132.899067,34.264239],[132.900766,34.263127]]],[[[136.839303,34.264853],[136.839509,34.265746],[136.838323,34.265991],[136.839303,34.264853]]],[[[133.112107,34.266067],[133.111545,34.264992],[133.112082,34.265356],[133.112107,34.266067]]],[[[132.800157,34.264176],[132.798257,34.266909],[132.79812,34.263759],[132.800157,34.264176]]],[[[136.530313,34.268319],[136.52837,34.266979],[136.527555,34.265393],[136.530313,34.268319]]],[[[134.383649,34.268365],[134.383009,34.268074],[134.383881,34.267561],[134.383649,34.268365]]],[[[132.774436,34.267361],[132.775303,34.268018],[132.774422,34.268459],[132.774436,34.267361]]],[[[136.835447,34.267996],[136.834437,34.268561],[136.833742,34.267071],[136.835447,34.267996]]],[[[134.32132,34.268779],[134.323727,34.266914],[134.322877,34.267959],[134.32132,34.268779]]],[[[136.84155,34.267508],[136.837795,34.269158],[136.837995,34.267833],[136.84155,34.267508]]],[[[133.634904,34.269212],[133.634373,34.267945],[133.635057,34.268465],[133.634904,34.269212]]],[[[136.817251,34.270596],[136.816569,34.270919],[136.817031,34.270124],[136.817251,34.270596]]],[[[132.871016,34.268389],[132.870735,34.270378],[132.86959,34.271408],[132.871016,34.268389]]],[[[132.887689,34.271776],[132.886817,34.271658],[132.887737,34.270058],[132.887689,34.271776]]],[[[136.825445,34.273028],[136.824769,34.272307],[136.825027,34.271541],[136.825445,34.273028]]],[[[133.730881,34.271557],[133.730112,34.273457],[133.73033,34.272107],[133.730881,34.271557]]],[[[133.185877,34.273589],[133.184723,34.273014],[133.184506,34.272457],[133.185877,34.273589]]],[[[136.559835,34.273455],[136.559602,34.274548],[136.558757,34.273322],[136.559835,34.273455]]],[[[133.684347,34.270289],[133.68217,34.27294],[133.676141,34.273642],[133.684347,34.270289]]],[[[132.883116,34.273106],[132.882845,34.275024],[132.882084,34.274995],[132.883116,34.273106]]],[[[136.635812,34.276269],[136.636594,34.27568],[136.636368,34.276238],[136.635812,34.276269]]],[[[135.069821,34.275552],[135.07008,34.276337],[135.069076,34.276478],[135.069821,34.275552]]],[[[132.920164,34.275821],[132.918694,34.276761],[132.918522,34.276227],[132.920164,34.275821]]],[[[136.804993,34.276963],[136.80331,34.277326],[136.802393,34.276605],[136.804993,34.276963]]],[[[132.964239,34.277304],[132.963738,34.278056],[132.962816,34.278061],[132.964239,34.277304]]],[[[132.910121,34.278528],[132.908512,34.278075],[132.908534,34.277337],[132.910121,34.278528]]],[[[134.370348,34.278172],[134.370169,34.278779],[134.369624,34.278107],[134.370348,34.278172]]],[[[135.073433,34.278594],[135.07127,34.279126],[135.071568,34.277064],[135.073433,34.278594]]],[[[132.370597,34.279842],[132.369532,34.278665],[132.365401,34.277623],[132.370597,34.279842]]],[[[134.296655,34.279749],[134.295511,34.279953],[134.29526,34.27939],[134.296655,34.279749]]],[[[133.155238,34.274637],[133.132806,34.240882],[133.156676,34.273098],[133.155238,34.274637]]],[[[134.958236,34.281736],[134.957185,34.277927],[134.956082,34.277143],[134.958236,34.281736]]],[[[132.806089,34.281467],[132.805321,34.282235],[132.803347,34.280395],[132.806089,34.281467]]],[[[132.980229,34.282698],[132.979614,34.281106],[132.980813,34.280268],[132.980229,34.282698]]],[[[134.308249,34.28291],[134.306834,34.282307],[134.306978,34.280814],[134.308249,34.28291]]],[[[134.308249,34.28291],[134.309822,34.283303],[134.30908,34.284575],[134.308249,34.28291]]],[[[132.873925,34.206378],[132.920758,34.214127],[132.933352,34.284503],[132.903283,34.24877],[132.838185,34.24215],[132.870271,34.206549],[132.873925,34.206378]],[[132.925163,34.280625],[132.926182,34.280492],[132.92583,34.280069],[132.925163,34.280625]],[[132.855229,34.210021],[132.855835,34.210848],[132.856903,34.211353],[132.855229,34.210021]]],[[[136.902164,34.284303],[136.90156,34.28469],[136.901687,34.283248],[136.902164,34.284303]]],[[[136.561632,34.285098],[136.561243,34.284618],[136.561861,34.284533],[136.561632,34.285098]]],[[[133.186049,34.263816],[133.185241,34.266286],[133.186178,34.266334],[133.186049,34.263816]]],[[[136.574591,34.283643],[136.575426,34.284783],[136.576073,34.285956],[136.574591,34.283643]]],[[[133.050809,34.284032],[133.050796,34.285219],[133.050198,34.286284],[133.050809,34.284032]]],[[[136.82675,34.286096],[136.825499,34.28641],[136.823574,34.286594],[136.82675,34.286096]]],[[[129.305665,34.283989],[129.303561,34.286064],[129.30331,34.287033],[129.305665,34.283989]]],[[[133.634904,34.269212],[133.656496,34.281312],[133.623574,34.286662],[133.617135,34.259053],[133.63314,34.268329],[133.634904,34.269212]]],[[[136.810186,34.287227],[136.809199,34.286373],[136.810006,34.286197],[136.810186,34.287227]]],[[[132.944134,34.283502],[132.94414,34.285823],[132.942491,34.286352],[132.944134,34.283502]]],[[[136.833144,34.287095],[136.831987,34.287887],[136.831935,34.286764],[136.833144,34.287095]]],[[[132.852338,34.287936],[132.850558,34.286695],[132.850753,34.286192],[132.852338,34.287936]]],[[[132.890411,34.285389],[132.88988,34.288514],[132.889059,34.286604],[132.890411,34.285389]]],[[[136.826764,34.289231],[136.826333,34.288283],[136.827396,34.288202],[136.826764,34.289231]]],[[[134.947585,34.288781],[134.948274,34.288738],[134.948015,34.289426],[134.947585,34.288781]]],[[[135.014162,34.28931],[135.013408,34.289699],[135.013136,34.288905],[135.014162,34.28931]]],[[[132.905156,34.28926],[132.904745,34.289974],[132.904039,34.289513],[132.905156,34.28926]]],[[[132.885463,34.285039],[132.886634,34.286154],[132.886649,34.28718],[132.885463,34.285039]]],[[[133.165388,34.287149],[133.164312,34.287577],[133.162758,34.290994],[133.165388,34.287149]]],[[[132.816721,34.287771],[132.818127,34.289364],[132.817319,34.291242],[132.816721,34.287771]]],[[[136.827439,34.290614],[136.826477,34.291344],[136.823726,34.291035],[136.827439,34.290614]]],[[[136.827697,34.289909],[136.82894,34.288973],[136.832821,34.289191],[136.827697,34.289909]]],[[[133.173615,34.288108],[133.171205,34.29139],[133.170305,34.290471],[133.173615,34.288108]]],[[[134.658898,34.291233],[134.658093,34.291599],[134.659826,34.289788],[134.658898,34.291233]]],[[[132.362889,34.291826],[132.362294,34.291749],[132.360605,34.291306],[132.362889,34.291826]]],[[[136.823726,34.291035],[136.823146,34.29183],[136.82256,34.291432],[136.823726,34.291035]]],[[[134.654605,34.292008],[134.654016,34.291983],[134.653769,34.291273],[134.654605,34.292008]]],[[[133.229957,34.290821],[133.200345,34.239989],[133.230743,34.288632],[133.229957,34.290821]]],[[[136.827439,34.290614],[136.827444,34.291466],[136.828193,34.292252],[136.827439,34.290614]]],[[[129.304412,34.292186],[129.304096,34.292729],[129.302793,34.291583],[129.304412,34.292186]]],[[[136.823726,34.291035],[136.826437,34.29199],[136.824802,34.292757],[136.823726,34.291035]]],[[[134.274174,34.292687],[134.273778,34.293085],[134.272991,34.292475],[134.274174,34.292687]]],[[[136.821428,34.293086],[136.82092,34.293003],[136.821355,34.292283],[136.821428,34.293086]]],[[[136.82256,34.291432],[136.822498,34.292053],[136.81954,34.291363],[136.82256,34.291432]]],[[[135.018083,34.284927],[135.020349,34.286139],[135.020373,34.288678],[135.018083,34.284927]]],[[[133.166964,34.293257],[133.166795,34.292683],[133.167487,34.292435],[133.166964,34.293257]]],[[[135.026556,34.290873],[135.026842,34.291303],[135.027143,34.29213],[135.026556,34.290873]]],[[[136.820908,34.293966],[136.819401,34.294068],[136.819677,34.293512],[136.820908,34.293966]]],[[[136.815953,34.294194],[136.815077,34.293344],[136.816002,34.293323],[136.815953,34.294194]]],[[[136.824802,34.292757],[136.826126,34.293945],[136.824193,34.294292],[136.824802,34.292757]]],[[[136.815953,34.294194],[136.816683,34.293762],[136.816763,34.29457],[136.815953,34.294194]]],[[[129.335783,34.293864],[129.33742,34.294314],[129.337595,34.295148],[129.335783,34.293864]]],[[[136.821757,34.293923],[136.820502,34.295449],[136.820908,34.293966],[136.821757,34.293923]]],[[[136.823784,34.293417],[136.823911,34.295021],[136.822353,34.29566],[136.823784,34.293417]]],[[[134.65633,34.295429],[134.657911,34.295948],[134.656966,34.29598],[134.65633,34.295429]]],[[[132.413584,34.259505],[132.372117,34.258604],[132.428794,34.173102],[132.437582,34.195951],[132.457188,34.177862],[132.428588,34.128667],[132.489992,34.142174],[132.471317,34.178884],[132.498926,34.267121],[132.479782,34.296251],[132.434146,34.286029],[132.474119,34.208456],[132.414419,34.258897],[132.413584,34.259505]]],[[[129.304211,34.296278],[129.305753,34.294318],[129.305598,34.295802],[129.304211,34.296278]]],[[[136.690751,34.29449],[136.689994,34.294664],[136.689233,34.296308],[136.690751,34.29449]]],[[[129.23114,34.296357],[129.230729,34.295814],[129.231566,34.295561],[129.23114,34.296357]]],[[[132.805011,34.294728],[132.805367,34.29558],[132.804024,34.296538],[132.805011,34.294728]]],[[[132.860331,34.296551],[132.859697,34.295403],[132.860383,34.295126],[132.860331,34.296551]]],[[[136.817886,34.295764],[136.816975,34.297152],[136.816208,34.297483],[136.817886,34.295764]]],[[[132.974052,34.296256],[132.975442,34.296348],[132.975338,34.297631],[132.974052,34.296256]]],[[[134.958236,34.281736],[134.957923,34.282837],[134.95576,34.284966],[134.958236,34.281736]]],[[[129.227435,34.298064],[129.227066,34.299023],[129.226747,34.298534],[129.227435,34.298064]]],[[[132.945916,34.2991],[132.945543,34.298592],[132.946084,34.298471],[132.945916,34.2991]]],[[[134.942965,34.298087],[134.943606,34.297903],[134.943345,34.299102],[134.942965,34.298087]]],[[[135.055277,34.299192],[135.051412,34.299038],[135.050463,34.298914],[135.055277,34.299192]]],[[[132.902691,34.29454],[132.903389,34.298383],[132.904029,34.2995],[132.902691,34.29454]]],[[[134.24892,34.299644],[134.252312,34.296734],[134.250118,34.299228],[134.24892,34.299644]]],[[[133.055098,34.224836],[133.05749,34.257968],[133.011343,34.299753],[132.964471,34.264078],[132.991268,34.260788],[132.989387,34.223322],[132.941928,34.203519],[133.055355,34.224231],[133.055098,34.224836]],[[132.992534,34.247057],[132.993297,34.24678],[132.992976,34.24631],[132.992534,34.247057]]],[[[129.314852,34.292223],[129.313981,34.293619],[129.314563,34.296799],[129.314852,34.292223]]],[[[132.905156,34.28926],[132.905884,34.287327],[132.904886,34.284823],[132.905156,34.28926]]],[[[136.826349,34.299483],[136.824815,34.300275],[136.823177,34.299139],[136.826349,34.299483]]],[[[136.682695,34.294325],[136.682274,34.295437],[136.682857,34.296067],[136.682695,34.294325]]],[[[132.836333,34.300478],[132.835205,34.300082],[132.834874,34.299377],[132.836333,34.300478]]],[[[129.315947,34.300578],[129.315885,34.299915],[129.316657,34.299562],[129.315947,34.300578]]],[[[129.233654,34.299752],[129.232283,34.30132],[129.231388,34.300963],[129.233654,34.299752]]],[[[133.274317,34.301654],[133.274234,34.300371],[133.277773,34.300121],[133.274317,34.301654]]],[[[136.815646,34.30077],[136.81655,34.301066],[136.816515,34.30178],[136.815646,34.30077]]],[[[133.622874,34.301682],[133.621781,34.301879],[133.62021,34.300063],[133.622874,34.301682]]],[[[136.818732,34.302654],[136.817481,34.301365],[136.81855,34.301864],[136.818732,34.302654]]],[[[133.765241,34.301601],[133.764526,34.302714],[133.764182,34.301905],[133.765241,34.301601]]],[[[129.34177,34.303068],[129.342051,34.302424],[129.3433,34.302421],[129.34177,34.303068]]],[[[130.868243,34.304944],[130.866974,34.305562],[130.865238,34.304794],[130.868243,34.304944]]],[[[136.672739,34.305609],[136.672219,34.305942],[136.672012,34.305413],[136.672739,34.305609]]],[[[129.32911,34.30648],[129.327715,34.306641],[129.326277,34.305656],[129.32911,34.30648]]],[[[133.792626,34.306892],[133.791851,34.306662],[133.790717,34.306508],[133.792626,34.306892]]],[[[136.686537,34.307287],[136.686018,34.307219],[136.68615,34.306615],[136.686537,34.307287]]],[[[129.26389,34.308422],[129.262187,34.309002],[129.262348,34.307775],[129.26389,34.308422]]],[[[133.538032,34.309672],[133.537251,34.307949],[133.536363,34.308331],[133.538032,34.309672]]],[[[129.304826,34.309015],[129.303917,34.310234],[129.302939,34.310117],[129.304826,34.309015]]],[[[132.981056,34.307319],[132.982131,34.308466],[132.979028,34.310563],[132.981056,34.307319]]],[[[136.79684,34.310596],[136.79627,34.309939],[136.796767,34.309225],[136.79684,34.310596]]],[[[136.800808,34.309896],[136.799086,34.310713],[136.799163,34.309148],[136.800808,34.309896]]],[[[132.33397,34.305847],[132.263874,34.256365],[132.274035,34.231539],[132.347215,34.280677],[132.334612,34.305019],[132.33397,34.305847]]],[[[136.825233,34.309648],[136.824257,34.310678],[136.82272,34.310806],[136.825233,34.309648]]],[[[133.683569,34.313381],[133.683694,34.311435],[133.684304,34.311333],[133.683569,34.313381]]],[[[129.265035,34.313899],[129.264127,34.314566],[129.26356,34.312855],[129.265035,34.313899]]],[[[132.40288,34.314953],[132.401359,34.313167],[132.401514,34.311381],[132.40288,34.314953]]],[[[132.989102,34.315912],[132.988279,34.315285],[132.989747,34.313163],[132.989102,34.315912]]],[[[139.201421,34.316176],[139.200121,34.315467],[139.201614,34.31526],[139.201421,34.316176]]],[[[133.470625,34.315283],[133.466683,34.316859],[133.464337,34.316513],[133.470625,34.315283]]],[[[132.465333,34.313137],[132.464726,34.315229],[132.463027,34.316879],[132.465333,34.313137]]],[[[133.112107,34.266067],[133.148665,34.30255],[133.089052,34.31293],[133.067164,34.267078],[133.109842,34.265304],[133.112107,34.266067]]],[[[133.792883,34.317073],[133.792332,34.317235],[133.791459,34.316422],[133.792883,34.317073]]],[[[129.301681,34.316917],[129.301684,34.317746],[129.299728,34.3163],[129.301681,34.316917]]],[[[129.333045,34.319302],[129.332658,34.319792],[129.33217,34.318917],[129.333045,34.319302]]],[[[133.517549,34.319902],[133.517461,34.321322],[133.516416,34.320888],[133.517549,34.319902]]],[[[136.660292,34.322092],[136.66053,34.321002],[136.660983,34.321971],[136.660292,34.322092]]],[[[139.223484,34.321697],[139.22286,34.322186],[139.223684,34.322229],[139.223484,34.321697]]],[[[134.275226,34.321614],[134.273557,34.323314],[134.272979,34.323388],[134.275226,34.321614]]],[[[129.395816,34.322937],[129.413481,34.317225],[129.395311,34.31993],[129.395816,34.322937]]],[[[135.11993,34.323474],[135.118636,34.324223],[135.119086,34.323394],[135.11993,34.323474]]],[[[132.940179,34.324198],[132.937152,34.324533],[132.936153,34.324309],[132.940179,34.324198]]],[[[129.270648,34.324161],[129.270142,34.325021],[129.269864,34.324485],[129.270648,34.324161]]],[[[139.225529,34.324967],[139.225641,34.323861],[139.226127,34.325079],[139.225529,34.324967]]],[[[133.682513,34.308398],[133.661704,34.324381],[133.680134,34.305817],[133.682513,34.308398]],[[133.682513,34.308398],[133.680184,34.306732],[133.681223,34.308794],[133.682513,34.308398]]],[[[129.388573,34.32559],[129.388275,34.324671],[129.389648,34.324621],[129.388573,34.32559]]],[[[132.448133,34.316107],[132.445513,34.317866],[132.446043,34.321134],[132.448133,34.316107]]],[[[139.28076,34.32511],[139.27823,34.327103],[139.276702,34.327441],[139.28076,34.32511]]],[[[129.389149,34.327129],[129.388263,34.328758],[129.386367,34.327704],[129.389149,34.327129]]],[[[129.344019,34.328152],[129.342351,34.328923],[129.341691,34.32812],[129.344019,34.328152]]],[[[130.89086,34.328246],[130.890632,34.328942],[130.88992,34.32879],[130.89086,34.328246]]],[[[129.380448,34.33037],[129.379178,34.330174],[129.379726,34.329792],[129.380448,34.33037]]],[[[136.704534,34.330636],[136.703995,34.331134],[136.703369,34.330205],[136.704534,34.330636]]],[[[129.335459,34.330426],[129.33605,34.331715],[129.33385,34.330704],[129.335459,34.330426]]],[[[133.257673,34.332177],[133.256164,34.331207],[133.255938,34.329614],[133.257673,34.332177]]],[[[129.328511,34.332351],[129.327514,34.332039],[129.328544,34.331792],[129.328511,34.332351]]],[[[129.377545,34.331108],[129.377671,34.332411],[129.376126,34.332105],[129.377545,34.331108]]],[[[130.879643,34.332639],[130.879037,34.331513],[130.879562,34.33149],[130.879643,34.332639]]],[[[133.07656,34.334127],[133.069071,34.302622],[133.07868,34.33309],[133.07656,34.334127]]],[[[139.21676,34.333435],[139.217501,34.333276],[139.217544,34.334302],[139.21676,34.333435]]],[[[129.376467,34.334258],[129.376032,34.334568],[129.376194,34.333152],[129.376467,34.334258]]],[[[130.881056,34.334728],[130.880239,34.334976],[130.879343,34.333247],[130.881056,34.334728]]],[[[139.207013,34.335162],[139.206086,34.334679],[139.206212,34.334121],[139.207013,34.335162]]],[[[129.377711,34.335286],[129.377255,34.334191],[129.377799,34.333824],[129.377711,34.335286]]],[[[139.207013,34.335162],[139.20818,34.335411],[139.207557,34.335853],[139.207013,34.335162]]],[[[132.99415,34.335952],[132.993017,34.335991],[132.99247,34.335479],[132.99415,34.335952]]],[[[129.373669,34.336121],[129.372983,34.335348],[129.373736,34.335065],[129.373669,34.336121]]],[[[139.21676,34.333435],[139.196072,34.316346],[139.217681,34.33249],[139.21676,34.333435]],[[139.223692,34.33154],[139.224602,34.330847],[139.222874,34.330038],[139.223692,34.33154]]],[[[132.321806,34.336643],[132.322873,34.335606],[132.323479,34.33711],[132.321806,34.336643]]],[[[129.334394,34.309683],[129.29751,34.33713],[129.33313,34.308827],[129.334394,34.309683]],[[129.324408,34.31642],[129.325548,34.317523],[129.325413,34.316362],[129.324408,34.31642]],[[129.325548,34.317523],[129.325812,34.318917],[129.326643,34.318219],[129.325548,34.317523]],[[129.323893,34.315299],[129.326058,34.315202],[129.326478,34.314658],[129.323893,34.315299]]],[[[133.646585,34.334281],[133.646479,34.335627],[133.645547,34.336609],[133.646585,34.334281]]],[[[135.170669,34.338009],[135.169954,34.337691],[135.170996,34.337602],[135.170669,34.338009]]],[[[139.212689,34.336863],[139.211967,34.337744],[139.210575,34.338369],[139.212689,34.336863]]],[[[129.340482,34.336927],[129.339477,34.338616],[129.339283,34.33696],[129.340482,34.336927]]],[[[135.193807,34.338348],[135.194218,34.338904],[135.192862,34.338626],[135.193807,34.338348]]],[[[136.714565,34.338518],[136.714248,34.33897],[136.713368,34.338166],[136.714565,34.338518]]],[[[129.28738,34.33918],[129.287192,34.338418],[129.287537,34.337854],[129.28738,34.33918]]],[[[135.181499,34.340321],[135.180292,34.340693],[135.183378,34.338779],[135.181499,34.340321]]],[[[136.719751,34.338475],[136.718565,34.340639],[136.717667,34.340793],[136.719751,34.338475]]],[[[136.709256,34.340527],[136.708267,34.341035],[136.707411,34.340459],[136.709256,34.340527]]],[[[133.062152,34.342066],[133.060182,34.341656],[133.06199,34.34141],[133.062152,34.342066]]],[[[129.343714,34.341502],[129.343145,34.342603],[129.342236,34.342219],[129.343714,34.341502]]],[[[129.335059,34.34149],[129.33423,34.344386],[129.33267,34.343686],[129.335059,34.34149]]],[[[132.514153,34.344078],[132.513843,34.344823],[132.513165,34.344702],[132.514153,34.344078]]],[[[129.331353,34.341577],[129.332024,34.342641],[129.330791,34.344537],[129.331353,34.341577]]],[[[136.697777,34.345412],[136.696182,34.346166],[136.697251,34.345264],[136.697777,34.345412]]],[[[132.482304,34.330677],[132.484876,34.333243],[132.486624,34.336037],[132.482304,34.330677]]],[[[130.852607,34.344925],[130.856784,34.347306],[130.855672,34.346994],[130.852607,34.344925]]],[[[129.33622,34.346577],[129.335252,34.348474],[129.334016,34.347232],[129.33622,34.346577]]],[[[130.852961,34.348113],[130.852256,34.348649],[130.852716,34.347005],[130.852961,34.348113]]],[[[129.350262,34.348836],[129.347934,34.348216],[129.347596,34.347574],[129.350262,34.348836]]],[[[129.323456,34.348692],[129.322704,34.349189],[129.322459,34.348516],[129.323456,34.348692]]],[[[133.503097,34.346467],[133.500481,34.346917],[133.499885,34.348107],[133.503097,34.346467]]],[[[129.34824,34.350925],[129.344841,34.350796],[129.344704,34.349859],[129.34824,34.350925]]],[[[133.432872,34.348593],[133.430753,34.348678],[133.430757,34.349321],[133.432872,34.348593]],[[133.432872,34.348593],[133.433943,34.348256],[133.433235,34.347776],[133.432872,34.348593]]],[[[130.886982,34.351827],[130.885653,34.351808],[130.885845,34.350742],[130.886982,34.351827]]],[[[132.460018,34.351851],[132.459302,34.351689],[132.457554,34.345574],[132.460018,34.351851]]],[[[133.523172,34.345663],[133.522641,34.348067],[133.516667,34.352275],[133.523172,34.345663]]],[[[129.417023,34.351748],[129.416397,34.352448],[129.415962,34.35172],[129.417023,34.351748]]],[[[133.426776,34.352851],[133.426035,34.352806],[133.427161,34.352075],[133.426776,34.352851]]],[[[129.264917,34.352093],[129.26471,34.353759],[129.2642,34.353757],[129.264917,34.352093]]],[[[129.415699,34.353774],[129.413937,34.354502],[129.413903,34.353542],[129.415699,34.353774]]],[[[134.896908,34.353314],[134.896867,34.354548],[134.896161,34.352384],[134.896908,34.353314]]],[[[133.628187,34.335189],[133.629549,34.335576],[133.629262,34.336061],[133.628187,34.335189]]],[[[133.552202,34.354617],[133.551224,34.354087],[133.551482,34.352989],[133.552202,34.354617]]],[[[129.341743,34.353563],[129.342882,34.353669],[129.344364,34.355066],[129.341743,34.353563]]],[[[129.33719,34.355096],[129.336913,34.353804],[129.337697,34.353772],[129.33719,34.355096]]],[[[135.228415,34.354308],[135.229604,34.35532],[135.230037,34.355874],[135.228415,34.354308]]],[[[129.413664,34.355465],[129.412399,34.356865],[129.412923,34.355449],[129.413664,34.355465]]],[[[134.016003,34.35642],[134.018052,34.357025],[134.01712,34.357068],[134.016003,34.35642]]],[[[133.467861,34.355201],[133.466422,34.35543],[133.467079,34.356784],[133.467861,34.355201]]],[[[133.827835,34.357455],[133.827231,34.357289],[133.827671,34.356589],[133.827835,34.357455]]],[[[133.139166,34.357388],[133.138757,34.357761],[133.137767,34.356399],[133.139166,34.357388]]],[[[133.287926,34.357778],[133.286269,34.357693],[133.286319,34.356697],[133.287926,34.357778]]],[[[133.19949,34.287142],[133.197264,34.338038],[133.147633,34.357882],[133.134514,34.328875],[133.196256,34.285985],[133.19949,34.287142]],[[133.19949,34.287142],[133.199544,34.287834],[133.20006,34.287467],[133.19949,34.287142]]],[[[129.399886,34.354962],[129.396338,34.33397],[129.402916,34.353663],[129.399886,34.354962]]],[[[129.289351,34.359021],[129.290374,34.359304],[129.289616,34.359929],[129.289351,34.359021]]],[[[133.112213,34.360162],[133.096008,34.323644],[133.124816,34.330954],[133.11386,34.359237],[133.112213,34.360162]]],[[[133.16279,34.361436],[133.162388,34.360843],[133.163165,34.360725],[133.16279,34.361436]]],[[[132.518324,34.361519],[132.517891,34.36095],[132.51842,34.36101],[132.518324,34.361519]]],[[[129.333666,34.355926],[129.334136,34.361555],[129.332878,34.360048],[129.333666,34.355926]]],[[[134.115128,34.360131],[134.115993,34.360207],[134.118031,34.360538],[134.115128,34.360131]]],[[[130.892096,34.36215],[130.891559,34.36215],[130.891875,34.361605],[130.892096,34.36215]]],[[[130.900013,34.362688],[130.899188,34.362526],[130.899825,34.36189],[130.900013,34.362688]]],[[[139.242648,34.36288],[139.24163,34.362268],[139.242286,34.362028],[139.242648,34.36288]]],[[[133.339752,34.359752],[133.341186,34.362882],[133.339208,34.359471],[133.339752,34.359752]]],[[[129.411933,34.362488],[129.412818,34.362843],[129.412471,34.363261],[129.411933,34.362488]]],[[[133.999915,34.358333],[134.000113,34.359929],[133.994391,34.363281],[133.999915,34.358333]]],[[[129.287233,34.363375],[129.285429,34.362594],[129.287665,34.361203],[129.287233,34.363375]]],[[[133.591089,34.361728],[133.566462,34.352589],[133.591232,34.358984],[133.591089,34.361728]]],[[[130.966918,34.359547],[130.969141,34.360798],[130.972602,34.361149],[130.966918,34.359547]]],[[[133.781294,34.363673],[133.77942,34.365546],[133.776013,34.364236],[133.781294,34.363673]]],[[[133.426694,34.365491],[133.426531,34.365976],[133.426184,34.365384],[133.426694,34.365491]]],[[[139.229209,34.366021],[139.228382,34.365989],[139.228897,34.365611],[139.229209,34.366021]]],[[[134.055959,34.361424],[134.061079,34.366768],[134.055124,34.361062],[134.055959,34.361424]]],[[[136.878178,34.366091],[136.876329,34.367796],[136.873008,34.367611],[136.878178,34.366091]]],[[[133.119237,34.367812],[133.118357,34.367931],[133.117986,34.36713],[133.119237,34.367812]]],[[[133.10901,34.366161],[133.10715,34.368214],[133.105452,34.366405],[133.10901,34.366161]]],[[[129.298234,34.368445],[129.296359,34.363933],[129.297997,34.364481],[129.298234,34.368445]]],[[[133.220488,34.369076],[133.219276,34.369217],[133.219427,34.368086],[133.220488,34.369076]]],[[[135.23906,34.366418],[135.241084,34.369411],[135.240418,34.368925],[135.23906,34.366418]]],[[[133.375064,34.369715],[133.374008,34.369063],[133.37446,34.368506],[133.375064,34.369715]]],[[[133.146506,34.370623],[133.145585,34.370865],[133.144557,34.371089],[133.146506,34.370623]]],[[[133.338829,34.370848],[133.33795,34.371639],[133.336138,34.371246],[133.338829,34.370848]]],[[[133.823008,34.372059],[133.822386,34.371917],[133.822784,34.371326],[133.823008,34.372059]]],[[[133.31993,34.367524],[133.296141,34.344684],[133.3233,34.365292],[133.31993,34.367524]]],[[[130.852961,34.348113],[130.879578,34.356703],[130.867329,34.373706],[130.85331,34.348923],[130.852961,34.348113]]],[[[133.854966,34.372118],[133.854276,34.373149],[133.852481,34.373793],[133.854966,34.372118]]],[[[133.594119,34.373375],[133.592739,34.373952],[133.592237,34.372485],[133.594119,34.373375]]],[[[139.223753,34.373729],[139.223196,34.374227],[139.222682,34.37418],[139.223753,34.373729]]],[[[129.395159,34.373833],[129.392208,34.374861],[129.391221,34.374184],[129.395159,34.373833]]],[[[133.223189,34.374665],[133.222547,34.375026],[133.221602,34.374747],[133.223189,34.374665]]],[[[139.228937,34.367845],[139.228675,34.368552],[139.228627,34.369303],[139.228937,34.367845]]],[[[133.38072,34.375613],[133.381863,34.374934],[133.381604,34.375572],[133.38072,34.375613]]],[[[133.587326,34.373414],[133.586069,34.375837],[133.583596,34.373403],[133.587326,34.373414]]],[[[129.390237,34.37594],[129.389719,34.37511],[129.390528,34.374404],[129.390237,34.37594]]],[[[133.38072,34.375613],[133.38041,34.376153],[133.379201,34.375916],[133.38072,34.375613]]],[[[129.385572,34.375963],[129.384423,34.376352],[129.384721,34.375816],[129.385572,34.375963]]],[[[129.387055,34.376443],[129.386108,34.375691],[129.387332,34.375686],[129.387055,34.376443]]],[[[131.005343,34.377704],[131.005069,34.376538],[131.006721,34.376447],[131.005343,34.377704]]],[[[133.651875,34.37799],[133.653027,34.377958],[133.652368,34.378968],[133.651875,34.37799]]],[[[133.382744,34.378987],[133.379849,34.378453],[133.381571,34.378397],[133.382744,34.378987]]],[[[133.406028,34.379422],[133.405403,34.378977],[133.405688,34.378328],[133.406028,34.379422]]],[[[133.246471,34.375188],[133.242806,34.376669],[133.242826,34.378106],[133.246471,34.375188]]],[[[133.395488,34.380009],[133.395009,34.378802],[133.395695,34.379117],[133.395488,34.380009]]],[[[133.588828,34.381216],[133.585859,34.381243],[133.584866,34.380452],[133.588828,34.381216]]],[[[133.390831,34.381287],[133.388908,34.380658],[133.390346,34.380144],[133.390831,34.381287]]],[[[133.822347,34.382801],[133.823923,34.382009],[133.823982,34.38281],[133.822347,34.382801]]],[[[135.256893,34.381084],[135.259894,34.382967],[135.259327,34.383161],[135.256893,34.381084]]],[[[133.651875,34.37799],[133.651642,34.379373],[133.650993,34.380205],[133.651875,34.37799]]],[[[133.386504,34.383682],[133.385913,34.383496],[133.386357,34.3822],[133.386504,34.383682]]],[[[133.295054,34.384071],[133.295735,34.383009],[133.296553,34.38307],[133.295054,34.384071]]],[[[133.262501,34.382105],[133.270162,34.360821],[133.263575,34.381884],[133.262501,34.382105]]],[[[133.495442,34.384832],[133.494897,34.384552],[133.496865,34.382181],[133.495442,34.384832]]],[[[133.146226,34.386786],[133.1463,34.386177],[133.146937,34.38576],[133.146226,34.386786]]],[[[133.395488,34.380009],[133.39674,34.380101],[133.397725,34.379686],[133.395488,34.380009]]],[[[133.168935,34.386257],[133.167202,34.387245],[133.168236,34.387781],[133.168935,34.386257]]],[[[133.284715,34.391126],[133.283844,34.391565],[133.283496,34.390679],[133.284715,34.391126]]],[[[131.010089,34.391077],[131.010322,34.392076],[131.009114,34.391209],[131.010089,34.391077]]],[[[130.934451,34.392436],[130.933065,34.393117],[130.932252,34.392648],[130.934451,34.392436]]],[[[131.25383,34.391525],[131.257827,34.393389],[131.255148,34.394279],[131.25383,34.391525]]],[[[133.832235,34.387793],[133.832514,34.388916],[133.832604,34.391057],[133.832235,34.387793]]],[[[129.393003,34.394502],[129.393843,34.394397],[129.393422,34.395082],[129.393003,34.394502]]],[[[133.822347,34.382801],[133.823085,34.385283],[133.823386,34.384827],[133.822347,34.382801]]],[[[133.749416,34.395566],[133.748973,34.394849],[133.750397,34.394476],[133.749416,34.395566]]],[[[133.16454,34.395802],[133.164466,34.395144],[133.165667,34.395423],[133.16454,34.395802]]],[[[131.204564,34.393488],[131.204062,34.396411],[131.202397,34.396253],[131.204564,34.393488]]],[[[133.925343,34.394131],[133.924463,34.395572],[133.922563,34.396508],[133.925343,34.394131]]],[[[131.201669,34.396911],[131.200366,34.397633],[131.20141,34.396246],[131.201669,34.396911]]],[[[133.812663,34.395128],[133.811829,34.395684],[133.811867,34.397161],[133.812663,34.395128]]],[[[134.176434,34.391249],[134.175451,34.395745],[134.174992,34.39717],[134.176434,34.391249]]],[[[134.180233,34.326064],[134.13636,34.400437],[134.122346,34.36067],[134.09164,34.384818],[134.059753,34.347743],[133.927607,34.389654],[133.890842,34.379834],[133.865442,34.32731],[133.830834,34.331463],[133.85367,34.360534],[133.819279,34.353177],[133.829291,34.323474],[133.674001,34.222012],[133.672926,34.246974],[133.622312,34.235562],[133.560051,34.264531],[133.648628,34.193211],[133.639127,34.092979],[133.627839,34.053108],[133.515183,33.971461],[133.280618,33.989661],[133.254281,33.955897],[133.118991,33.9245],[132.941867,34.142886],[132.891388,34.118358],[132.926983,34.110117],[132.92225,34.066032],[132.765579,33.998512],[132.755231,33.911318],[132.700347,33.886538],[132.718938,33.864849],[132.687329,33.834118],[132.699919,33.760772],[132.652606,33.696967],[132.479576,33.618894],[132.422694,33.547843],[132.258448,33.473527],[132.260431,33.450141],[132.156645,33.440244],[132.165731,33.411337],[132.120443,33.420011],[132.012667,33.344301],[132.094558,33.387593],[132.120787,33.388349],[132.10373,33.361808],[132.152798,33.373707],[132.299753,33.474684],[132.316946,33.451685],[132.35341,33.488738],[132.373072,33.460562],[132.421017,33.463185],[132.379151,33.416252],[132.384278,33.361858],[132.413118,33.384507],[132.420046,33.35555],[132.370173,33.31934],[132.522867,33.31573],[132.467708,33.254329],[132.542229,33.27159],[132.520234,33.248534],[132.557693,33.220192],[132.511576,33.21383],[132.490261,33.19506],[132.51543,33.171017],[132.492592,33.184601],[132.486746,33.164434],[132.459223,33.210433],[132.393289,33.205023],[132.464631,33.172121],[132.43256,33.169403],[132.440683,33.138028],[132.502832,33.12974],[132.446624,33.124336],[132.484134,33.056563],[132.408878,33.071097],[132.378816,33.021353],[132.411107,33.02652],[132.41044,33.056394],[132.484677,33.047222],[132.511229,32.976744],[132.553911,32.960314],[132.492728,32.964643],[132.497264,32.987784],[132.469849,32.969605],[132.502821,32.955955],[132.460481,32.938094],[132.490927,32.897893],[132.526985,32.915025],[132.496975,32.918608],[132.527187,32.932763],[132.512666,32.950133],[132.567604,32.928879],[132.550088,32.946639],[132.602305,32.947636],[132.598808,32.912631],[132.710886,32.923959],[132.720975,32.877579],[132.656846,32.854259],[132.674008,32.840433],[132.626385,32.79679],[132.629502,32.762025],[132.710889,32.7991],[132.802651,32.746847],[132.861737,32.79064],[132.868109,32.765627],[132.879456,32.789667],[132.938463,32.786528],[132.945351,32.764844],[132.969695,32.777873],[132.965658,32.72952],[133.003517,32.721302],[133.017918,32.761556],[132.951865,32.812959],[132.949374,32.857479],[133.009526,32.881142],[133.008571,33.011896],[133.044543,33.038902],[133.095772,33.024156],[133.170574,33.150423],[133.222961,33.15324],[133.211011,33.184959],[133.264388,33.257318],[133.238515,33.29708],[133.261057,33.309871],[133.23187,33.327393],[133.289617,33.404237],[133.319143,33.354951],[133.345681,33.400901],[133.457399,33.419957],[133.442129,33.440162],[133.350408,33.418271],[133.574883,33.495499],[133.552619,33.540804],[133.573271,33.536627],[133.565912,33.500793],[133.730258,33.538486],[133.931793,33.488676],[134.176011,33.243564],[134.211897,33.400624],[134.311923,33.577196],[134.363705,33.580161],[134.332044,33.582567],[134.388047,33.619082],[134.363131,33.62877],[134.566768,33.732599],[134.581978,33.771659],[134.750301,33.833942],[134.628792,33.856948],[134.711079,33.930956],[134.639889,34.007331],[134.607521,33.982731],[134.588272,34.008086],[134.641983,34.180137],[134.585375,34.201749],[134.589161,34.239437],[134.437799,34.207012],[134.37848,34.261679],[134.255669,34.287133],[134.250708,34.351568],[134.233683,34.337212],[134.206919,34.36974],[134.180099,34.326988],[134.180233,34.326064]],[[134.134165,34.399996],[134.135268,34.399926],[134.134515,34.399257],[134.134165,34.399996]],[[134.0886,34.359135],[134.089718,34.359319],[134.089454,34.358836],[134.0886,34.359135]],[[133.989648,34.361758],[133.988968,34.360323],[133.987998,34.360789],[133.989648,34.361758]],[[133.883414,34.3422],[133.884061,34.342922],[133.884737,34.342362],[133.883414,34.3422]],[[133.836455,34.325662],[133.83741,34.323779],[133.836577,34.323722],[133.836455,34.325662]],[[133.827335,34.322503],[133.826591,34.320914],[133.82761,34.320683],[133.827335,34.322503]],[[133.643762,34.155413],[133.645494,34.155621],[133.645123,34.154837],[133.643762,34.155413]],[[133.589568,34.03366],[133.589057,34.033332],[133.588614,34.034099],[133.589568,34.03366]],[[133.567742,34.015662],[133.569178,34.016923],[133.568197,34.015247],[133.567742,34.015662]],[[133.443388,33.983716],[133.442542,33.982618],[133.442403,33.984448],[133.443388,33.983716]],[[133.413153,33.987855],[133.41252,33.987364],[133.412324,33.988073],[133.413153,33.987855]],[[133.346766,33.982544],[133.347439,33.982301],[133.346974,33.981885],[133.346766,33.982544]],[[132.837581,34.03454],[132.838034,34.033919],[132.837242,34.033563],[132.837581,34.03454]],[[132.769718,33.97573],[132.772615,33.976482],[132.771908,33.974298],[132.769718,33.97573]],[[132.719792,33.90499],[132.720625,33.904526],[132.719678,33.904025],[132.719792,33.90499]],[[132.391846,33.318848],[132.390452,33.318589],[132.391279,33.319581],[132.391846,33.318848]],[[132.534306,33.216344],[132.535201,33.21603],[132.534834,33.215529],[132.534306,33.216344]],[[132.679379,32.922352],[132.678336,32.923027],[132.677817,32.92513],[132.679379,32.922352]],[[132.677817,32.92513],[132.676091,32.925722],[132.677358,32.926015],[132.677817,32.92513]],[[132.875844,32.78696],[132.87504,32.787534],[132.875497,32.788174],[132.875844,32.78696]],[[132.887551,32.790059],[132.886257,32.790112],[132.887187,32.790694],[132.887551,32.790059]],[[132.959316,32.831253],[132.957809,32.830799],[132.958124,32.831773],[132.959316,32.831253]],[[132.960656,32.861491],[132.959037,32.861181],[132.959654,32.86262],[132.960656,32.861491]],[[133.216338,33.162888],[133.214982,33.162994],[133.21428,33.16502],[133.216338,33.162888]],[[133.248848,33.243447],[133.247713,33.242748],[133.247507,33.243839],[133.248848,33.243447]],[[133.247713,33.242748],[133.24844,33.24197],[133.247712,33.241741],[133.247713,33.242748]],[[133.241779,33.279687],[133.240649,33.281467],[133.241393,33.281295],[133.241779,33.279687]],[[133.242973,33.332785],[133.243188,33.333927],[133.241935,33.333833],[133.242973,33.332785]],[[133.441322,33.435779],[133.443701,33.436324],[133.443451,33.434895],[133.441322,33.435779]],[[133.505285,33.468614],[133.504132,33.468904],[133.505535,33.469523],[133.505285,33.468614]],[[133.693767,33.535444],[133.693391,33.53632],[133.690683,33.536011],[133.693767,33.535444]],[[133.721955,33.537754],[133.720663,33.53963],[133.721716,33.539502],[133.721955,33.537754]],[[133.756077,33.528637],[133.757546,33.528173],[133.757232,33.527211],[133.756077,33.528637]],[[133.956188,33.445064],[133.956814,33.446276],[133.958497,33.443249],[133.956188,33.445064]],[[134.146585,33.286163],[134.147338,33.287328],[134.148249,33.287007],[134.146585,33.286163]],[[134.210011,33.392464],[134.209421,33.392822],[134.208851,33.395705],[134.210011,33.392464]],[[134.304855,33.562591],[134.304919,33.561499],[134.304593,33.562099],[134.304855,33.562591]],[[134.737823,33.840497],[134.738702,33.84023],[134.737876,33.839798],[134.737823,33.840497]],[[134.697147,33.841738],[134.696375,33.842794],[134.697442,33.842958],[134.697147,33.841738]],[[134.637735,33.871798],[134.636121,33.870838],[134.637361,33.873023],[134.637735,33.871798]],[[134.631265,33.994973],[134.630575,33.994146],[134.630023,33.994911],[134.631265,33.994973]],[[134.587893,34.045543],[134.585844,34.039528],[134.584867,34.039934],[134.587893,34.045543]],[[134.596624,34.067504],[134.597105,34.066872],[134.595299,34.063517],[134.596624,34.067504]],[[134.594415,34.063514],[134.595004,34.062978],[134.59144,34.05635],[134.594415,34.063514]],[[134.415243,34.220741],[134.414316,34.220073],[134.41445,34.220786],[134.415243,34.220741]],[[134.376619,34.256483],[134.377158,34.256835],[134.378359,34.256513],[134.376619,34.256483]],[[134.180233,34.326064],[134.181087,34.326491],[134.181203,34.325952],[134.180233,34.326064]],[[133.512061,33.970669],[133.51341,33.970377],[133.512304,33.969868],[133.512061,33.970669]],[[132.699247,33.756586],[132.698453,33.7549],[132.697269,33.756059],[132.699247,33.756586]]],[[[133.712742,34.400568],[133.687337,34.358712],[133.729813,34.368042],[133.713541,34.399818],[133.712742,34.400568]]],[[[129.379867,34.399957],[129.379944,34.400641],[129.379038,34.399913],[129.379867,34.399957]]],[[[130.969208,34.400113],[130.968825,34.400926],[130.968106,34.400011],[130.969208,34.400113]]],[[[133.784086,34.397092],[133.752707,34.398607],[133.755221,34.370013],[133.785574,34.395649],[133.784086,34.397092]]],[[[134.099135,34.401438],[134.09847,34.401614],[134.098657,34.400935],[134.099135,34.401438]]],[[[129.384994,34.400837],[129.384284,34.401758],[129.384221,34.400783],[129.384994,34.400837]]],[[[133.545012,34.402157],[133.516893,34.382473],[133.558868,34.367135],[133.547135,34.400531],[133.545012,34.402157]]],[[[129.387296,34.401487],[129.387714,34.403165],[129.383799,34.403615],[129.387296,34.401487]]],[[[133.77484,34.4042],[133.774329,34.404539],[133.773343,34.403655],[133.77484,34.4042]]],[[[130.959684,34.40558],[130.959073,34.406113],[130.957236,34.405986],[130.959684,34.40558]]],[[[130.957236,34.405986],[130.958955,34.407221],[130.957503,34.406552],[130.957236,34.405986]]],[[[133.783965,34.407234],[133.781682,34.405435],[133.780299,34.405549],[133.783965,34.407234]]],[[[131.265337,34.407345],[131.265127,34.406555],[131.265916,34.40649],[131.265337,34.407345]]],[[[133.812906,34.407345],[133.812866,34.408542],[133.812071,34.408684],[133.812906,34.407345]]],[[[133.215481,34.409089],[133.172134,34.392772],[133.183721,34.358459],[133.21206,34.356178],[133.239473,34.398226],[133.221624,34.406535],[133.215481,34.409089]]],[[[134.056733,34.396086],[134.056803,34.398247],[134.056018,34.39996],[134.056733,34.396086]]],[[[131.275602,34.410308],[131.274912,34.40999],[131.275421,34.409241],[131.275602,34.410308]]],[[[133.676042,34.409299],[133.650849,34.408643],[133.66613,34.382629],[133.673322,34.40272],[133.676042,34.409299]]],[[[133.514026,34.41107],[133.513861,34.411786],[133.513387,34.411036],[133.514026,34.41107]]],[[[129.395699,34.412031],[129.39521,34.411819],[129.395155,34.411212],[129.395699,34.412031]]],[[[134.898647,34.411004],[134.899352,34.412255],[134.898679,34.411743],[134.898647,34.411004]]],[[[134.137536,34.411121],[134.137621,34.41175],[134.137238,34.412134],[134.137536,34.411121]]],[[[134.123053,34.410411],[134.122312,34.412135],[134.121024,34.412625],[134.123053,34.410411]]],[[[136.929912,34.412682],[136.929115,34.412577],[136.929567,34.412218],[136.929912,34.412682]]],[[[134.099135,34.401438],[134.10061,34.400304],[134.107776,34.401335],[134.099135,34.401438]]],[[[133.808191,34.413356],[133.808705,34.41347],[133.809357,34.413546],[133.808191,34.413356]]],[[[133.780236,34.415175],[133.77889,34.414323],[133.777476,34.414761],[133.780236,34.415175]]],[[[133.838182,34.413946],[133.836814,34.415813],[133.83573,34.415495],[133.838182,34.413946]]],[[[134.780951,34.415377],[134.780787,34.416157],[134.780318,34.415704],[134.780951,34.415377]]],[[[133.518076,34.410236],[133.513767,34.389689],[133.519393,34.410658],[133.518076,34.410236]],[[133.518076,34.410236],[133.519023,34.410232],[133.518667,34.408476],[133.518076,34.410236]]],[[[129.268134,34.416465],[129.267147,34.415757],[129.268072,34.415805],[129.268134,34.416465]]],[[[129.268134,34.416465],[129.268985,34.41664],[129.269015,34.417464],[129.268134,34.416465]]],[[[131.268904,34.417037],[131.268019,34.418392],[131.266019,34.417828],[131.268904,34.417037]]],[[[131.130994,34.418388],[131.130958,34.419285],[131.130357,34.418298],[131.130994,34.418388]]],[[[133.516669,34.420856],[133.515504,34.420345],[133.517036,34.419958],[133.516669,34.420856]]],[[[135.317182,34.420626],[135.316512,34.421344],[135.316082,34.420257],[135.317182,34.420626]]],[[[134.12662,34.418245],[134.127205,34.418681],[134.12745,34.419135],[134.12662,34.418245]]],[[[133.924874,34.41743],[133.925278,34.41882],[133.924712,34.420768],[133.924874,34.41743]]],[[[135.315609,34.422052],[135.314864,34.422298],[135.313532,34.421123],[135.315609,34.422052]]],[[[131.063077,34.421472],[131.062043,34.422626],[131.061564,34.422198],[131.063077,34.421472]]],[[[133.5168,34.424146],[133.513851,34.423943],[133.512473,34.422881],[133.5168,34.424146]]],[[[129.269015,34.417464],[129.27061,34.419998],[129.268443,34.419563],[129.269015,34.417464]]],[[[133.836778,34.425471],[133.833892,34.423748],[133.827859,34.423782],[133.836778,34.425471]]],[[[131.397809,34.424993],[131.397483,34.425528],[131.396013,34.422246],[131.397809,34.424993]]],[[[133.818759,34.42546],[133.817195,34.425967],[133.813971,34.425661],[133.818759,34.42546]]],[[[134.290184,34.425626],[134.289522,34.426372],[134.287092,34.42643],[134.290184,34.425626]]],[[[133.808098,34.422478],[133.806491,34.426895],[133.8046,34.427365],[133.808098,34.422478]],[[133.808098,34.422478],[133.80762,34.422138],[133.807358,34.422727],[133.808098,34.422478]]],[[[131.181115,34.427619],[131.181697,34.428102],[131.181104,34.42871],[131.181115,34.427619]]],[[[131.297751,34.429371],[131.297226,34.429244],[131.297828,34.428862],[131.297751,34.429371]]],[[[131.195702,34.428359],[131.196346,34.429518],[131.194249,34.42838],[131.195702,34.428359]]],[[[129.266735,34.427698],[129.267539,34.430522],[129.267056,34.4309],[129.266735,34.427698]]],[[[129.367671,34.430956],[129.36731,34.430571],[129.367405,34.429652],[129.367671,34.430956]]],[[[131.168476,34.428536],[131.168993,34.430929],[131.16793,34.43113],[131.168476,34.428536]]],[[[133.768852,34.425755],[133.766514,34.427162],[133.763982,34.427556],[133.768852,34.425755]]],[[[139.242648,34.36288],[139.271901,34.33099],[139.290973,34.424225],[139.242133,34.364243],[139.242648,34.36288]]],[[[131.16793,34.43113],[131.168417,34.431912],[131.167273,34.431557],[131.16793,34.43113]]],[[[133.490867,34.432132],[133.490813,34.432944],[133.48912,34.431716],[133.490867,34.432132]]],[[[133.269506,34.432961],[133.268101,34.43191],[133.268813,34.43181],[133.269506,34.432961]]],[[[131.319096,34.43298],[131.318124,34.432554],[131.318616,34.431489],[131.319096,34.43298]]],[[[134.059095,34.419893],[134.062667,34.419972],[134.064964,34.422121],[134.059095,34.419893]]],[[[133.513135,34.433779],[133.512153,34.435257],[133.511771,34.432633],[133.513135,34.433779]]],[[[135.329801,34.434802],[135.331015,34.435097],[135.330522,34.435285],[135.329801,34.434802]]],[[[133.80081,34.436177],[133.798852,34.435528],[133.80033,34.435526],[133.80081,34.436177]]],[[[131.235314,34.436699],[131.233979,34.436375],[131.23494,34.435652],[131.235314,34.436699]]],[[[133.500578,34.433965],[133.500545,34.435841],[133.499513,34.435934],[133.500578,34.433965]]],[[[133.792873,34.437669],[133.791574,34.437949],[133.794163,34.436775],[133.792873,34.437669]]],[[[131.253625,34.423479],[131.168476,34.428536],[131.195976,34.398066],[131.253073,34.422584],[131.253625,34.423479]],[[131.253625,34.423479],[131.254022,34.4244],[131.25452,34.42366],[131.253625,34.423479]]],[[[133.504464,34.438315],[133.504474,34.439921],[133.503478,34.440509],[133.504464,34.438315]]],[[[134.350208,34.43746],[134.350032,34.438299],[134.349765,34.438907],[134.350208,34.43746]]],[[[133.814323,34.440568],[133.815417,34.440498],[133.814387,34.442189],[133.814323,34.440568]]],[[[134.014841,34.441765],[134.013634,34.442291],[134.010088,34.441066],[134.014841,34.441765]]],[[[133.781005,34.443201],[133.780224,34.443797],[133.78002,34.443055],[133.781005,34.443201]]],[[[133.759712,34.442524],[133.759344,34.44318],[133.757565,34.444285],[133.759712,34.442524]]],[[[129.285877,34.445159],[129.284881,34.444245],[129.28628,34.444241],[129.285877,34.445159]]],[[[131.394025,34.446526],[131.392942,34.446578],[131.393652,34.446054],[131.394025,34.446526]]],[[[134.919347,34.447032],[134.92043,34.446565],[134.920547,34.447073],[134.919347,34.447032]]],[[[134.324072,34.44683],[134.321801,34.447696],[134.321963,34.446546],[134.324072,34.44683]]],[[[134.922377,34.447171],[134.922561,34.44775],[134.920415,34.445891],[134.922377,34.447171]]],[[[135.329779,34.447767],[135.329156,34.447165],[135.329764,34.446841],[135.329779,34.447767]]],[[[134.324072,34.44683],[134.32522,34.446454],[134.325347,34.447318],[134.324072,34.44683]]],[[[133.697023,34.449085],[133.696217,34.449003],[133.696425,34.448341],[133.697023,34.449085]]],[[[133.754522,34.447834],[133.753302,34.448569],[133.751999,34.449478],[133.754522,34.447834]]],[[[133.853342,34.450217],[133.851939,34.449101],[133.850756,34.449224],[133.853342,34.450217]]],[[[134.016836,34.450069],[134.01681,34.45092],[134.014234,34.450655],[134.016836,34.450069]]],[[[133.747685,34.451602],[133.747706,34.450315],[133.750146,34.448871],[133.747685,34.451602]]],[[[129.377372,34.452651],[129.37809,34.451344],[129.3789,34.45225],[129.377372,34.452651]]],[[[136.891008,34.452515],[136.888994,34.45357],[136.887615,34.451771],[136.891008,34.452515]]],[[[133.929901,34.454513],[133.929274,34.454185],[133.93024,34.453861],[133.929901,34.454513]]],[[[135.23992,34.438503],[135.252415,34.446927],[135.250641,34.448744],[135.23992,34.438503]]],[[[133.746839,34.455261],[133.745661,34.455218],[133.745736,34.454634],[133.746839,34.455261]]],[[[136.895251,34.455537],[136.895971,34.456592],[136.895303,34.45676],[136.895251,34.455537]]],[[[133.966206,34.461161],[133.965471,34.461836],[133.961911,34.459967],[133.966206,34.461161]]],[[[133.762236,34.462242],[133.762731,34.463038],[133.760638,34.464281],[133.762236,34.462242]]],[[[133.692941,34.462335],[133.691158,34.464495],[133.690389,34.464328],[133.692941,34.462335]]],[[[134.111404,34.463489],[134.110384,34.464501],[134.109582,34.463509],[134.111404,34.463489]]],[[[133.715245,34.464365],[133.71156,34.466156],[133.710573,34.464168],[133.715245,34.464365]]],[[[131.37942,34.465658],[131.37694,34.466683],[131.376093,34.466861],[131.37942,34.465658]]],[[[135.329779,34.447767],[135.331308,34.447426],[135.332752,34.445823],[135.329779,34.447767]]],[[[139.291736,34.469946],[139.291451,34.469051],[139.292124,34.469039],[139.291736,34.469946]]],[[[134.312183,34.470556],[134.310857,34.470362],[134.312773,34.469781],[134.312183,34.470556]]],[[[135.366722,34.467971],[135.367096,34.470693],[135.366403,34.471125],[135.366722,34.467971]]],[[[133.836453,34.471395],[133.835967,34.471131],[133.835754,34.470198],[133.836453,34.471395]]],[[[134.83973,34.47115],[134.840263,34.472136],[134.839185,34.47112],[134.83973,34.47115]]],[[[134.004352,34.47318],[134.003788,34.473177],[134.003421,34.4718],[134.004352,34.47318]]],[[[134.190394,34.470782],[134.189468,34.472822],[134.188351,34.473202],[134.190394,34.470782]]],[[[139.300973,34.473371],[139.300834,34.472691],[139.301566,34.472673],[139.300973,34.473371]]],[[[133.526377,34.473465],[133.525329,34.472785],[133.526674,34.472339],[133.526377,34.473465]]],[[[139.300973,34.473371],[139.300656,34.474065],[139.300322,34.473577],[139.300973,34.473371]]],[[[133.519422,34.473375],[133.519886,34.474153],[133.519669,34.474706],[133.519422,34.473375]]],[[[133.59701,34.475991],[133.59599,34.477124],[133.595484,34.476926],[133.59701,34.475991]]],[[[139.283459,34.47724],[139.282725,34.477535],[139.282254,34.477729],[139.283459,34.47724]]],[[[133.958391,34.471664],[133.955882,34.473557],[133.956266,34.475634],[133.958391,34.471664]]],[[[139.291736,34.469946],[139.297836,34.469761],[139.299361,34.470322],[139.291736,34.469946]]],[[[133.995771,34.476507],[133.995938,34.477762],[133.995312,34.478557],[133.995771,34.476507]]],[[[133.969815,34.477985],[133.981749,34.444965],[134.012594,34.453435],[133.970333,34.475107],[133.969815,34.477985]]],[[[135.359805,34.473678],[135.352874,34.480223],[135.352133,34.479362],[135.359805,34.473678]]],[[[133.972344,34.480512],[133.971593,34.474877],[133.972846,34.473801],[133.972344,34.480512]]],[[[134.128144,34.48151],[134.108141,34.475116],[134.127906,34.479427],[134.128144,34.48151]]],[[[136.847947,34.483331],[136.84693,34.484268],[136.845722,34.483717],[136.847947,34.483331]]],[[[135.360574,34.482933],[135.359801,34.484406],[135.361047,34.480263],[135.360574,34.482933]]],[[[133.996074,34.485032],[133.995866,34.486239],[133.995413,34.485027],[133.996074,34.485032]]],[[[135.358129,34.486414],[135.357182,34.486668],[135.359423,34.484892],[135.358129,34.486414]]],[[[133.994502,34.483369],[133.994083,34.48682],[133.992095,34.486874],[133.994502,34.483369]]],[[[133.964686,34.486471],[133.964172,34.487104],[133.963443,34.486321],[133.964686,34.486471]]],[[[131.38171,34.487473],[131.380665,34.487851],[131.380102,34.486731],[131.38171,34.487473]]],[[[133.970612,34.488401],[133.970046,34.488893],[133.969775,34.488371],[133.970612,34.488401]]],[[[134.344914,34.489405],[134.343704,34.488734],[134.343532,34.487911],[134.344914,34.489405]]],[[[136.86164,34.490583],[136.859618,34.490762],[136.851155,34.488441],[136.86164,34.490583]]],[[[134.354966,34.491435],[134.353608,34.491798],[134.352493,34.491498],[134.354966,34.491435]]],[[[129.421631,34.492098],[129.422031,34.493154],[129.421515,34.493086],[129.421631,34.492098]]],[[[133.973281,34.494933],[133.972323,34.493939],[133.973011,34.49282],[133.973281,34.494933]]],[[[133.979055,34.495097],[133.977188,34.493248],[133.976776,34.491873],[133.979055,34.495097]]],[[[136.842998,34.495999],[136.842325,34.496264],[136.842058,34.495729],[136.842998,34.495999]]],[[[133.976145,34.497574],[133.973613,34.49681],[133.97313,34.495769],[133.976145,34.497574]]],[[[131.457565,34.497821],[131.455988,34.497887],[131.45782,34.496836],[131.457565,34.497821]]],[[[134.859678,34.499547],[134.858309,34.497888],[134.858884,34.497647],[134.859678,34.499547]]],[[[134.057828,34.487766],[134.037748,34.477622],[134.08132,34.459166],[134.103841,34.492065],[134.058798,34.48761],[134.057828,34.487766]],[[134.057828,34.487766],[134.05741,34.486712],[134.056855,34.486792],[134.057828,34.487766]]],[[[136.900401,34.501422],[136.899114,34.50154],[136.899312,34.500957],[136.900401,34.501422]]],[[[133.963717,34.503019],[133.96363,34.502331],[133.964322,34.502196],[133.963717,34.503019]]],[[[136.904767,34.502923],[136.885877,34.476328],[136.906811,34.502416],[136.904767,34.502923]]],[[[131.343689,34.503671],[131.342496,34.503795],[131.34095,34.503226],[131.343689,34.503671]]],[[[133.962859,34.504247],[133.962813,34.503692],[133.963356,34.503625],[133.962859,34.504247]]],[[[133.684416,34.504267],[133.67481,34.504184],[133.669193,34.502028],[133.684416,34.504267]]],[[[133.977882,34.504373],[133.975572,34.501441],[133.973224,34.501849],[133.977882,34.504373]]],[[[133.975107,34.503839],[133.974464,34.504569],[133.974409,34.503836],[133.975107,34.503839]]],[[[133.977882,34.504373],[133.979159,34.504871],[133.978912,34.505597],[133.977882,34.504373]]],[[[136.836233,34.502352],[136.836518,34.50457],[136.83843,34.50622],[136.836233,34.502352]]],[[[134.021399,34.507483],[134.010961,34.487256],[134.021975,34.506672],[134.021399,34.507483]]],[[[129.296335,34.507234],[129.296315,34.508187],[129.295558,34.508064],[129.296335,34.507234]]],[[[136.846719,34.511735],[136.845145,34.511617],[136.845644,34.511197],[136.846719,34.511735]]],[[[133.974684,34.511156],[133.973627,34.512516],[133.970836,34.510245],[133.974684,34.511156]]],[[[131.409586,34.490607],[131.413205,34.49182],[131.413909,34.492018],[131.409586,34.490607]],[[131.409586,34.490607],[131.408724,34.4907],[131.409871,34.491684],[131.409586,34.490607]]],[[[136.821977,34.513206],[136.821164,34.513049],[136.822921,34.512411],[136.821977,34.513206]]],[[[135.396355,34.512823],[135.39588,34.513277],[135.39292,34.512137],[135.396355,34.512823]]],[[[134.017313,34.512743],[134.016536,34.513447],[134.015229,34.512381],[134.017313,34.512743]]],[[[129.442996,34.513386],[129.442287,34.513626],[129.439983,34.511691],[129.442996,34.513386]]],[[[136.851873,34.51341],[136.851172,34.514022],[136.850979,34.51334],[136.851873,34.51341]]],[[[136.82727,34.513907],[136.826098,34.514161],[136.825493,34.513826],[136.82727,34.513907]]],[[[131.450995,34.514441],[131.44845,34.514493],[131.448701,34.513385],[131.450995,34.514441]]],[[[131.28154,34.514311],[131.282252,34.515723],[131.281182,34.514915],[131.28154,34.514311]]],[[[131.28154,34.514311],[131.279782,34.514553],[131.280246,34.515965],[131.28154,34.514311]]],[[[133.662556,34.518168],[133.662647,34.517586],[133.663575,34.517465],[133.662556,34.518168]]],[[[134.001213,34.518565],[134.002542,34.518827],[134.002638,34.519817],[134.001213,34.518565]]],[[[136.8445,34.520268],[136.836757,34.518011],[136.835349,34.516943],[136.8445,34.520268]]],[[[134.153001,34.520401],[134.151185,34.520707],[134.150479,34.52117],[134.153001,34.520401]]],[[[136.899614,34.520625],[136.89803,34.521623],[136.896469,34.521656],[136.899614,34.520625]]],[[[134.164692,34.522104],[134.163163,34.52179],[134.162321,34.520791],[134.164692,34.522104]]],[[[136.857626,34.521131],[136.856306,34.522577],[136.855233,34.520541],[136.857626,34.521131]]],[[[136.897062,34.522924],[136.896803,34.522251],[136.897381,34.522129],[136.897062,34.522924]]],[[[131.392469,34.52219],[131.391195,34.523451],[131.389453,34.523708],[131.392469,34.52219]]],[[[134.230555,34.527077],[134.2302,34.527979],[134.229296,34.528132],[134.230555,34.527077]]],[[[134.171905,34.52758],[134.173073,34.528321],[134.171605,34.528877],[134.171905,34.52758]]],[[[129.307219,34.528344],[129.306601,34.528961],[129.306731,34.527665],[129.307219,34.528344]]],[[[136.757396,34.528339],[136.759237,34.529322],[136.752504,34.527046],[136.757396,34.528339]]],[[[136.904469,34.528928],[136.905606,34.529075],[136.905443,34.530035],[136.904469,34.528928]]],[[[134.160396,34.529696],[134.162386,34.530667],[134.16208,34.531411],[134.160396,34.529696]]],[[[134.891977,34.530803],[134.892756,34.531021],[134.892594,34.531617],[134.891977,34.530803]]],[[[135.402695,34.525563],[135.401109,34.52742],[135.396474,34.532463],[135.402695,34.525563]]],[[[139.280473,34.533349],[139.280246,34.532572],[139.279569,34.532283],[139.280473,34.533349]]],[[[134.241064,34.534391],[134.241952,34.535207],[134.241166,34.535026],[134.241064,34.534391]]],[[[136.901942,34.535588],[136.900817,34.535204],[136.901742,34.535102],[136.901942,34.535588]]],[[[134.906441,34.533688],[134.907809,34.534382],[134.908505,34.535239],[134.906441,34.533688]]],[[[134.237979,34.534404],[134.238769,34.535923],[134.238047,34.536272],[134.237979,34.534404]]],[[[136.737594,34.53723],[136.737012,34.535298],[136.740228,34.536193],[136.737594,34.53723]]],[[[136.904469,34.528928],[136.846002,34.507805],[136.903373,34.527028],[136.904469,34.528928]]],[[[136.902933,34.538748],[136.901968,34.537896],[136.904271,34.537888],[136.902933,34.538748]]],[[[136.981989,34.540012],[136.981148,34.539445],[136.98116,34.53879],[136.981989,34.540012]]],[[[136.732537,34.535737],[136.733702,34.537074],[136.734214,34.535701],[136.732537,34.535737]]],[[[134.36221,34.541614],[134.359094,34.542276],[134.356594,34.541808],[134.36221,34.541614]]],[[[136.728738,34.54264],[136.728228,34.541833],[136.728385,34.540089],[136.728738,34.54264]]],[[[136.909092,34.544025],[136.90739,34.543165],[136.907469,34.54175],[136.909092,34.544025]]],[[[131.49279,34.54354],[131.492154,34.544894],[131.491602,34.545361],[131.49279,34.54354]]],[[[134.024028,34.546072],[134.023538,34.546422],[134.023124,34.545968],[134.024028,34.546072]]],[[[136.923907,34.548195],[136.92464,34.548452],[136.925678,34.549934],[136.923907,34.548195]]],[[[136.977969,34.550812],[136.976008,34.549702],[136.979826,34.55099],[136.977969,34.550812]]],[[[134.298411,34.551561],[134.297643,34.551699],[134.297098,34.551364],[134.298411,34.551561]]],[[[136.981989,34.540012],[136.983269,34.543388],[136.984927,34.544444],[136.981989,34.540012]]],[[[135.440959,34.554259],[135.399166,34.53649],[135.440759,34.548708],[135.440959,34.554259]]],[[[134.282017,34.556949],[134.280836,34.557803],[134.280492,34.556591],[134.282017,34.556949]]],[[[134.284213,34.557581],[134.283801,34.557879],[134.282985,34.557498],[134.284213,34.557581]]],[[[135.012499,34.556901],[135.012024,34.558161],[135.011175,34.556824],[135.012499,34.556901]]],[[[134.093769,34.557721],[134.092424,34.558786],[134.092627,34.557277],[134.093769,34.557721]]],[[[134.091621,34.561558],[134.092555,34.562119],[134.091335,34.561995],[134.091621,34.561558]]],[[[134.110867,34.562292],[134.110139,34.563067],[134.108486,34.564065],[134.110867,34.562292]]],[[[134.347693,34.560248],[134.16715,34.524827],[134.180964,34.487477],[134.140731,34.469591],[134.228386,34.48065],[134.232247,34.414826],[134.296344,34.479749],[134.316852,34.460071],[134.280676,34.443907],[134.319632,34.458011],[134.337794,34.432901],[134.343558,34.545024],[134.366914,34.561245],[134.346354,34.558607],[134.347693,34.560248]],[[134.162303,34.507116],[134.161388,34.507455],[134.162166,34.507771],[134.162303,34.507116]],[[134.189264,34.481858],[134.187878,34.482533],[134.188843,34.483363],[134.189264,34.481858]],[[134.347693,34.560248],[134.346001,34.560459],[134.347427,34.560995],[134.347693,34.560248]]],[[[131.516587,34.564714],[131.517993,34.564234],[131.518327,34.565283],[131.516587,34.564714]]],[[[131.5395,34.565304],[131.539694,34.566914],[131.538706,34.565255],[131.5395,34.565304]]],[[[131.516587,34.564714],[131.516124,34.566144],[131.515108,34.56693],[131.516587,34.564714]]],[[[134.105774,34.566667],[134.105183,34.567625],[134.104155,34.565262],[134.105774,34.566667]]],[[[134.09824,34.565193],[134.097772,34.56655],[134.095927,34.56814],[134.09824,34.565193]]],[[[131.479988,34.572356],[131.480138,34.573692],[131.481094,34.574467],[131.479988,34.572356]]],[[[138.942342,34.575652],[138.941822,34.576129],[138.941182,34.57646],[138.942342,34.575652]]],[[[137.018382,34.58465],[137.020437,34.587598],[137.020307,34.589272],[137.018382,34.58465]]],[[[135.021344,34.59114],[135.020622,34.591965],[135.018641,34.592495],[135.021344,34.59114]]],[[[134.462816,34.595472],[134.461459,34.596779],[134.46091,34.596094],[134.462816,34.595472]]],[[[134.467552,34.595522],[134.467763,34.597574],[134.466727,34.596937],[134.467552,34.595522]]],[[[135.013811,34.596212],[135.012442,34.598166],[135.013335,34.595893],[135.013811,34.596212]]],[[[134.156196,34.599605],[134.155514,34.599424],[134.155303,34.598726],[134.156196,34.599605]]],[[[129.477835,34.599018],[129.477797,34.599713],[129.476841,34.598811],[129.477835,34.599018]]],[[[134.484015,34.599933],[134.481413,34.599254],[134.479464,34.599642],[134.484015,34.599933]]],[[[129.479495,34.599721],[129.478978,34.600187],[129.478481,34.599362],[129.479495,34.599721]]],[[[134.163324,34.599495],[134.159807,34.600341],[134.159213,34.600376],[134.163324,34.599495]]],[[[134.190963,34.601381],[134.190852,34.602301],[134.190129,34.602097],[134.190963,34.601381]]],[[[135.420861,34.602635],[135.421528,34.601022],[135.422453,34.600758],[135.420861,34.602635]]],[[[135.420861,34.602635],[135.422583,34.604111],[135.421241,34.603561],[135.420861,34.602635]]],[[[134.467852,34.603108],[134.466795,34.604359],[134.465827,34.602674],[134.467852,34.603108]]],[[[138.829152,34.604718],[138.828846,34.604196],[138.829345,34.60368],[138.829152,34.604718]]],[[[133.990758,34.602974],[133.989299,34.605925],[133.988481,34.605645],[133.990758,34.602974]]],[[[134.467582,34.605442],[134.467347,34.606873],[134.466664,34.605301],[134.467582,34.605442]]],[[[138.824613,34.606249],[138.823021,34.607553],[138.822601,34.606364],[138.824613,34.606249]]],[[[138.223742,34.607101],[138.224052,34.608052],[138.223295,34.608002],[138.223742,34.607101]]],[[[133.983841,34.606706],[133.985771,34.604655],[133.988104,34.607085],[133.983841,34.606706]]],[[[134.165684,34.608644],[134.165124,34.60865],[134.165648,34.608043],[134.165684,34.608644]]],[[[134.164736,34.606872],[134.164231,34.608866],[134.164235,34.607812],[134.164736,34.606872]]],[[[135.021344,34.59114],[134.984072,34.603574],[134.818489,34.469319],[134.73009,34.329972],[134.68711,34.331092],[134.654704,34.29444],[134.676002,34.255881],[134.658127,34.240467],[134.721776,34.254999],[134.699903,34.221275],[134.734091,34.18872],[134.951495,34.266242],[134.893657,34.352241],[134.894939,34.416618],[134.987037,34.511217],[135.021782,34.59019],[135.021344,34.59114]],[[134.658243,34.292552],[134.656962,34.293723],[134.659184,34.293433],[134.658243,34.292552]],[[134.914212,34.331221],[134.914873,34.329773],[134.913573,34.329619],[134.914212,34.331221]],[[134.899228,34.347205],[134.897866,34.345834],[134.897174,34.346727],[134.899228,34.347205]]],[[[138.933157,34.610398],[138.93267,34.610009],[138.93326,34.609841],[138.933157,34.610398]]],[[[136.54242,34.61073],[136.541608,34.611012],[136.539408,34.60941],[136.54242,34.61073]]],[[[134.474598,34.610818],[134.473085,34.611376],[134.472192,34.612672],[134.474598,34.610818]]],[[[134.208644,34.611438],[134.210702,34.611759],[134.209703,34.612743],[134.208644,34.611438]]],[[[138.224649,34.6117],[138.224615,34.612522],[138.223196,34.612982],[138.224649,34.6117]]],[[[138.860111,34.612475],[138.860698,34.612872],[138.860683,34.613826],[138.860111,34.612475]]],[[[138.919847,34.61411],[138.919227,34.614003],[138.919458,34.613316],[138.919847,34.61411]]],[[[138.223196,34.612982],[138.222196,34.614542],[138.222386,34.61364],[138.223196,34.612982]]],[[[134.162853,34.614481],[134.15513,34.614828],[134.163372,34.614086],[134.162853,34.614481]]],[[[138.811059,34.614933],[138.809989,34.614858],[138.810528,34.614393],[138.811059,34.614933]]],[[[129.464214,34.613539],[129.465157,34.614688],[129.464124,34.615522],[129.464214,34.613539]]],[[[138.811059,34.614933],[138.811686,34.613321],[138.813131,34.613434],[138.811059,34.614933]]],[[[129.476012,34.616423],[129.475367,34.615708],[129.476536,34.615478],[129.476012,34.616423]]],[[[138.216538,34.616452],[138.213032,34.616677],[138.215685,34.615897],[138.216538,34.616452]]],[[[134.164736,34.606872],[134.165111,34.605985],[134.164251,34.604017],[134.164736,34.606872]]],[[[135.4022,34.620674],[135.399487,34.620665],[135.400222,34.618654],[135.4022,34.620674]]],[[[131.564238,34.621465],[131.563516,34.621509],[131.563524,34.620834],[131.564238,34.621465]]],[[[138.79371,34.622234],[138.792933,34.621442],[138.793827,34.621303],[138.79371,34.622234]]],[[[134.424223,34.622686],[134.422417,34.622427],[134.424012,34.621575],[134.424223,34.622686]]],[[[131.576021,34.625683],[131.575776,34.625179],[131.576272,34.625052],[131.576021,34.625683]]],[[[131.595125,34.629134],[131.594707,34.629673],[131.594727,34.628548],[131.595125,34.629134]]],[[[136.548493,34.629071],[136.548296,34.629761],[136.548167,34.628296],[136.548493,34.629071]]],[[[138.210563,34.629999],[138.208044,34.628446],[138.209428,34.626338],[138.210563,34.629999]]],[[[131.5839,34.629288],[131.58312,34.630032],[131.58321,34.62924],[131.5839,34.629288]]],[[[138.202109,34.627656],[138.202779,34.628596],[138.202177,34.630256],[138.202109,34.627656]]],[[[131.598526,34.630815],[131.598194,34.629636],[131.596943,34.629397],[131.598526,34.630815]]],[[[131.579929,34.631],[131.580388,34.630383],[131.581592,34.629147],[131.579929,34.631]]],[[[129.485247,34.630718],[129.486911,34.629364],[129.488951,34.631191],[129.485247,34.630718]]],[[[131.579929,34.631],[131.579679,34.631992],[131.579396,34.631492],[131.579929,34.631]]],[[[135.349357,34.62007],[135.358636,34.627591],[135.35329,34.632411],[135.349357,34.62007]]],[[[134.433641,34.631883],[134.43345,34.632807],[134.432727,34.632757],[134.433641,34.631883]]],[[[138.20405,34.632266],[138.203831,34.632874],[138.202915,34.629681],[138.20405,34.632266]]],[[[134.532156,34.634398],[134.530861,34.634954],[134.52939,34.634132],[134.532156,34.634398]]],[[[134.500101,34.630191],[134.500247,34.630701],[134.500193,34.633583],[134.500101,34.630191]]],[[[131.586381,34.6386],[131.585946,34.637936],[131.586464,34.637424],[131.586381,34.6386]]],[[[138.787815,34.638717],[138.787528,34.638238],[138.788106,34.63808],[138.787815,34.638717]]],[[[134.197865,34.640174],[134.197399,34.639676],[134.198157,34.639661],[134.197865,34.640174]]],[[[134.481534,34.639414],[134.482263,34.640822],[134.480921,34.640659],[134.481534,34.639414]]],[[[134.586326,34.640861],[134.586399,34.638586],[134.587949,34.637429],[134.586326,34.640861]]],[[[135.134057,34.641072],[135.135139,34.64101],[135.135136,34.641558],[135.134057,34.641072]]],[[[135.236549,34.640809],[135.209277,34.630139],[135.238128,34.637842],[135.236549,34.640809]]],[[[138.917505,34.642043],[138.918041,34.641355],[138.918166,34.64194],[138.917505,34.642043]]],[[[138.917505,34.642043],[138.917595,34.642816],[138.916674,34.642798],[138.917505,34.642043]]],[[[135.416913,34.644677],[135.398552,34.63135],[135.422154,34.621901],[135.441862,34.628396],[135.424219,34.642655],[135.416913,34.644677]]],[[[134.99465,34.644762],[134.991057,34.644303],[134.990242,34.643176],[134.99465,34.644762]]],[[[134.586326,34.640861],[134.585554,34.643304],[134.585008,34.644824],[134.586326,34.640861]]],[[[134.966507,34.646021],[134.966664,34.644786],[134.96796,34.644842],[134.966507,34.646021]]],[[[137.115523,34.643215],[137.115132,34.644481],[137.116033,34.64511],[137.115523,34.643215]]],[[[134.531804,34.642445],[134.532666,34.642863],[134.534355,34.643262],[134.531804,34.642445]]],[[[137.119604,34.647522],[137.119004,34.64732],[137.119884,34.646563],[137.119604,34.647522]]],[[[138.7717,34.647913],[138.770985,34.64783],[138.771706,34.647096],[138.7717,34.647913]]],[[[137.126397,34.649231],[137.124429,34.649727],[137.123693,34.649439],[137.126397,34.649231]]],[[[137.105231,34.651391],[137.104549,34.651574],[137.105582,34.650028],[137.105231,34.651391]]],[[[129.477469,34.649281],[129.477832,34.650603],[129.478355,34.650087],[129.477469,34.649281]]],[[[137.101966,34.652524],[137.100785,34.652656],[137.101742,34.65152],[137.101966,34.652524]]],[[[138.964963,34.65275],[138.964365,34.65224],[138.96495,34.650922],[138.964963,34.65275]]],[[[137.094776,34.652882],[137.094727,34.651404],[137.095687,34.650727],[137.094776,34.652882]]],[[[134.50784,34.652048],[134.508313,34.653052],[134.507626,34.652659],[134.50784,34.652048]]],[[[137.098738,34.652827],[137.098177,34.65318],[137.09874,34.652225],[137.098738,34.652827]]],[[[137.124875,34.653332],[137.12459,34.652218],[137.125306,34.650115],[137.124875,34.653332]]],[[[137.094776,34.652882],[137.095323,34.653794],[137.093343,34.653256],[137.094776,34.652882]]],[[[134.441109,34.653885],[134.439882,34.653913],[134.438612,34.652324],[134.441109,34.653885]]],[[[138.958464,34.654623],[138.957502,34.653197],[138.957403,34.652612],[138.958464,34.654623]]],[[[129.486355,34.654055],[129.485848,34.654945],[129.484906,34.654051],[129.486355,34.654055]]],[[[138.96906,34.654614],[138.968783,34.655117],[138.968247,34.654912],[138.96906,34.654614]]],[[[138.773224,34.655473],[138.772677,34.656099],[138.772186,34.655683],[138.773224,34.655473]]],[[[137.135662,34.655985],[137.135297,34.656465],[137.13449,34.656387],[137.135662,34.655985]]],[[[134.529841,34.655256],[134.528133,34.657033],[134.526367,34.656616],[134.529841,34.655256]]],[[[134.513332,34.656811],[134.512533,34.657609],[134.512044,34.657352],[134.513332,34.656811]]],[[[138.98346,34.657639],[138.982375,34.657198],[138.983868,34.656809],[138.98346,34.657639]]],[[[134.458568,34.657864],[134.4582,34.657216],[134.458943,34.65703],[134.458568,34.657864]]],[[[135.398824,34.657212],[135.399223,34.657793],[135.398704,34.658019],[135.398824,34.657212]]],[[[134.501062,34.646488],[134.502035,34.645026],[134.500837,34.643831],[134.501062,34.646488]]],[[[137.009176,34.65755],[137.008623,34.658846],[137.008774,34.659519],[137.009176,34.65755]]],[[[138.779554,34.660239],[138.779152,34.659806],[138.779776,34.658672],[138.779554,34.660239]]],[[[131.643675,34.660363],[131.643822,34.659256],[131.644585,34.659506],[131.643675,34.660363]]],[[[135.398824,34.657212],[135.378939,34.643189],[135.399723,34.656945],[135.398824,34.657212]],[[135.396824,34.646219],[135.39482,34.644658],[135.394011,34.645127],[135.396824,34.646219]]],[[[131.643675,34.660363],[131.644581,34.660347],[131.644602,34.661472],[131.643675,34.660363]]],[[[137.902904,34.663329],[137.903757,34.662609],[137.905644,34.663577],[137.902904,34.663329]]],[[[137.902904,34.663329],[137.901881,34.664597],[137.901739,34.663251],[137.902904,34.663329]]],[[[138.945865,34.6651],[138.945567,34.66421],[138.944711,34.663765],[138.945865,34.6651]]],[[[135.280192,34.651352],[135.282847,34.65141],[135.280458,34.666076],[135.280192,34.651352]]],[[[134.215166,34.667109],[134.213592,34.666996],[134.213408,34.665694],[134.215166,34.667109]]],[[[138.979695,34.668366],[138.979418,34.669625],[138.978249,34.668599],[138.979695,34.668366]]],[[[138.949619,34.669408],[138.953157,34.669379],[138.953496,34.668739],[138.949619,34.669408]]],[[[134.501062,34.646488],[134.487329,34.671605],[134.461098,34.65861],[134.500057,34.644038],[134.501062,34.646488]]],[[[135.41095,34.665644],[135.386849,34.66268],[135.409776,34.659041],[135.41095,34.665644]]],[[[134.920861,34.673903],[134.92019,34.673179],[134.920787,34.672986],[134.920861,34.673903]]],[[[138.766943,34.674689],[138.765351,34.673583],[138.765783,34.672233],[138.766943,34.674689]]],[[[131.605785,34.675231],[131.605222,34.675189],[131.604585,34.674897],[131.605785,34.675231]]],[[[131.699968,34.674946],[131.703236,34.675327],[131.700776,34.675346],[131.699968,34.674946]]],[[[136.999782,34.67327],[136.999604,34.675656],[136.999333,34.674406],[136.999782,34.67327]]],[[[134.607483,34.675685],[134.606698,34.67547],[134.606952,34.675024],[134.607483,34.675685]]],[[[135.202105,34.676294],[135.201609,34.675653],[135.201596,34.674169],[135.202105,34.676294]]],[[[134.25145,34.676842],[134.251191,34.675755],[134.252664,34.675439],[134.25145,34.676842]]],[[[134.573379,34.676681],[134.570892,34.677041],[134.569223,34.675851],[134.573379,34.676681]]],[[[131.588009,34.677964],[131.587695,34.677209],[131.58887,34.677067],[131.588009,34.677964]]],[[[134.608509,34.678068],[134.60868,34.677081],[134.610047,34.676584],[134.608509,34.678068]]],[[[131.610659,34.678767],[131.609963,34.679135],[131.609681,34.67816],[131.610659,34.678767]]],[[[134.608509,34.678068],[134.607883,34.679336],[134.606839,34.678653],[134.608509,34.678068]]],[[[134.241495,34.678443],[134.241423,34.679695],[134.23995,34.678696],[134.241495,34.678443]]],[[[137.000556,34.680158],[136.999492,34.681103],[136.998075,34.680977],[137.000556,34.680158]]],[[[134.574208,34.681394],[134.57346,34.681192],[134.573837,34.680665],[134.574208,34.681394]]],[[[134.226339,34.680764],[134.225467,34.681739],[134.22383,34.681361],[134.226339,34.680764]]],[[[134.571667,34.682759],[134.571635,34.681694],[134.573,34.681628],[134.571667,34.682759]]],[[[135.225523,34.677888],[135.20246,34.659215],[135.245115,34.650761],[135.216314,34.675055],[135.225523,34.677888]]],[[[129.4795,34.683295],[129.477066,34.683139],[129.479064,34.681314],[129.4795,34.683295]]],[[[136.999782,34.67327],[136.99822,34.671729],[136.998114,34.67044],[136.999782,34.67327]],[[137.004214,34.682657],[137.005944,34.682014],[137.005834,34.680744],[137.004214,34.682657]]],[[[138.209037,34.685881],[138.208667,34.684506],[138.211115,34.686399],[138.209037,34.685881]]],[[[134.537633,34.684632],[134.508096,34.677262],[134.541897,34.658195],[134.534034,34.682949],[134.537633,34.684632]]],[[[134.291667,34.685661],[134.290661,34.687083],[134.290028,34.686298],[134.291667,34.685661]]],[[[134.637879,34.687464],[134.635946,34.686664],[134.636152,34.685478],[134.637879,34.687464]]],[[[138.745769,34.687774],[138.745611,34.68717],[138.746031,34.686791],[138.745769,34.687774]]],[[[134.255815,34.687979],[134.254103,34.686863],[134.252984,34.685099],[134.255815,34.687979]]],[[[134.715273,34.686079],[134.714889,34.688521],[134.712868,34.687765],[134.715273,34.686079]]],[[[131.699797,34.689784],[131.699325,34.690088],[131.698973,34.689071],[131.699797,34.689784]]],[[[137.237789,34.690482],[137.235533,34.689888],[137.234717,34.689128],[137.237789,34.690482]]],[[[134.253673,34.691326],[134.252609,34.690747],[134.253693,34.690486],[134.253673,34.691326]]],[[[137.00829,34.691276],[137.008559,34.691926],[137.007388,34.692642],[137.00829,34.691276]]],[[[134.321225,34.692674],[134.320282,34.692241],[134.320305,34.69149],[134.321225,34.692674]]],[[[134.887176,34.692889],[134.885521,34.691942],[134.886233,34.69203],[134.887176,34.692889]]],[[[138.741534,34.695641],[138.741071,34.694886],[138.741746,34.69478],[138.741534,34.695641]]],[[[134.321225,34.692674],[134.32422,34.69583],[134.324132,34.69783],[134.321225,34.692674]]],[[[135.288158,34.696668],[135.254463,34.677761],[135.289104,34.690872],[135.288158,34.696668]]],[[[134.28376,34.698475],[134.2816,34.699418],[134.282783,34.698553],[134.28376,34.698475]]],[[[134.318445,34.698749],[134.317344,34.699821],[134.3176,34.69857],[134.318445,34.698749]]],[[[134.2816,34.699418],[134.281904,34.700868],[134.281381,34.699912],[134.2816,34.699418]]],[[[134.874348,34.69943],[134.869698,34.701414],[134.864914,34.702844],[134.874348,34.69943]]],[[[129.463653,34.703548],[129.46307,34.703167],[129.463682,34.703015],[129.463653,34.703548]]],[[[134.28376,34.698475],[134.285631,34.69805],[134.286074,34.698618],[134.28376,34.698475]]],[[[138.978413,34.704873],[138.979107,34.704509],[138.979209,34.705188],[138.978413,34.704873]]],[[[136.973918,34.705107],[136.974161,34.705987],[136.973278,34.705803],[136.973918,34.705107]]],[[[129.445517,34.70519],[129.444405,34.706192],[129.444193,34.70499],[129.445517,34.70519]]],[[[129.477469,34.649281],[129.482686,34.694496],[129.423708,34.698666],[129.434797,34.673194],[129.408328,34.678335],[129.39652,34.639596],[129.31974,34.6472],[129.286799,34.569221],[129.34495,34.532372],[129.318245,34.53699],[129.273905,34.468991],[129.311976,34.449941],[129.273741,34.440819],[129.276526,34.373139],[129.227324,34.362397],[129.287912,34.339147],[129.281027,34.383414],[129.309124,34.386017],[129.307747,34.336816],[129.320456,34.370313],[129.355593,34.374753],[129.354069,34.318438],[129.333138,34.318644],[129.354934,34.286743],[129.315346,34.29895],[129.305157,34.276924],[129.310075,34.308235],[129.266754,34.32829],[129.290945,34.277786],[129.255928,34.311554],[129.222362,34.290527],[129.227817,34.3242],[129.204388,34.33123],[129.167425,34.141964],[129.167494,34.101656],[129.21417,34.113077],[129.214176,34.083928],[129.260458,34.113513],[129.297968,34.222031],[129.325948,34.226369],[129.317695,34.26248],[129.39316,34.296769],[129.35646,34.298306],[129.379611,34.312907],[129.364328,34.338583],[129.394729,34.335093],[129.364741,34.346367],[129.393497,34.359818],[129.373685,34.389071],[129.399486,34.413109],[129.351733,34.385983],[129.379483,34.411818],[129.368927,34.439988],[129.385704,34.427779],[129.368295,34.45271],[129.473546,34.555526],[129.47941,34.595122],[129.433194,34.617279],[129.479649,34.617333],[129.475169,34.647534],[129.477469,34.649281]],[[129.439886,34.694824],[129.440363,34.693018],[129.439653,34.6932],[129.439886,34.694824]],[[129.421882,34.69306],[129.421692,34.692269],[129.420954,34.693389],[129.421882,34.69306]],[[129.429256,34.673663],[129.429493,34.672837],[129.428341,34.672355],[129.429256,34.673663]],[[129.278443,34.414959],[129.280122,34.413871],[129.280329,34.412773],[129.278443,34.414959]],[[129.358012,34.339215],[129.359703,34.340358],[129.359649,34.339702],[129.358012,34.339215]],[[129.347683,34.331205],[129.348491,34.331703],[129.349119,34.331008],[129.347683,34.331205]],[[129.340295,34.293563],[129.341542,34.293291],[129.340609,34.292519],[129.340295,34.293563]],[[129.180589,34.188107],[129.179742,34.189817],[129.180134,34.190257],[129.180589,34.188107]],[[129.174626,34.149294],[129.176324,34.149408],[129.176039,34.148578],[129.174626,34.149294]],[[129.284272,34.18801],[129.282714,34.187374],[129.283302,34.188436],[129.284272,34.18801]],[[129.371586,34.320284],[129.371018,34.320678],[129.371944,34.321694],[129.371586,34.320284]],[[129.374039,34.456072],[129.373399,34.45639],[129.374068,34.456674],[129.374039,34.456072]],[[129.409546,34.490312],[129.407608,34.490482],[129.407964,34.491105],[129.409546,34.490312]],[[129.446718,34.529745],[129.444801,34.529554],[129.445175,34.53059],[129.446718,34.529745]]],[[[129.44374,34.706719],[129.443048,34.706955],[129.442608,34.706637],[129.44374,34.706719]]],[[[134.264095,34.706091],[134.259831,34.706316],[134.259006,34.707027],[134.264095,34.706091]]],[[[129.435769,34.707874],[129.43474,34.708021],[129.433088,34.70605],[129.435769,34.707874]]],[[[136.524115,34.709336],[136.526028,34.708363],[136.525858,34.708977],[136.524115,34.709336]]],[[[137.007534,34.70936],[137.00593,34.709086],[137.006694,34.708383],[137.007534,34.70936]]],[[[136.91853,34.709804],[136.918118,34.709132],[136.918807,34.708031],[136.91853,34.709804]]],[[[138.98375,34.709199],[138.98474,34.709223],[138.985012,34.709956],[138.98375,34.709199]]],[[[134.862116,34.707442],[134.859254,34.709306],[134.859637,34.710114],[134.862116,34.707442]]],[[[134.215137,34.712466],[134.21355,34.712726],[134.215434,34.71159],[134.215137,34.712466]]],[[[134.266245,34.713623],[134.264702,34.713998],[134.261727,34.71317],[134.266245,34.713623]]],[[[137.048905,34.715331],[137.046994,34.715093],[137.046767,34.713838],[137.048905,34.715331]]],[[[135.353051,34.707332],[135.352402,34.7087],[135.350205,34.709746],[135.353051,34.707332]]],[[[137.25326,34.715446],[137.251922,34.713346],[137.248886,34.713945],[137.25326,34.715446]]],[[[135.32204,34.708204],[135.322105,34.712076],[135.322018,34.716429],[135.32204,34.708204]],[[135.32204,34.708204],[135.318491,34.709078],[135.317356,34.707919],[135.32204,34.708204]]],[[[137.045696,34.716092],[137.045241,34.71791],[137.044156,34.717863],[137.045696,34.716092]]],[[[135.304071,34.705699],[135.303948,34.709985],[135.303288,34.716877],[135.304071,34.705699]]],[[[134.846847,34.719016],[134.845956,34.717987],[134.845232,34.717919],[134.846847,34.719016]]],[[[138.741651,34.718383],[138.741667,34.719709],[138.740752,34.719491],[138.741651,34.718383]]],[[[137.047455,34.720326],[137.047694,34.719718],[137.048681,34.719087],[137.047455,34.720326]]],[[[135.334711,34.721568],[135.330308,34.722107],[135.324796,34.71696],[135.334711,34.721568]]],[[[137.04292,34.723248],[137.042912,34.722451],[137.043602,34.722256],[137.04292,34.723248]]],[[[129.444628,34.724275],[129.442825,34.723691],[129.444767,34.723196],[129.444628,34.724275]]],[[[134.377978,34.7258],[134.381836,34.723637],[134.382863,34.723601],[134.377978,34.7258]]],[[[134.218778,34.723092],[134.213041,34.725887],[134.211115,34.725515],[134.218778,34.723092]]],[[[134.397853,34.728123],[134.39779,34.728679],[134.397267,34.728093],[134.397853,34.728123]]],[[[134.311133,34.727142],[134.274702,34.713457],[134.31793,34.71653],[134.311133,34.727142]]],[[[134.803162,34.732982],[134.802226,34.732133],[134.803247,34.732128],[134.803162,34.732982]]],[[[137.048905,34.715331],[137.030328,34.727831],[137.049067,34.71592],[137.048905,34.715331]]],[[[131.868608,34.739027],[131.868247,34.7395],[131.86762,34.73899],[131.868608,34.739027]]],[[[134.49382,34.740587],[134.493233,34.741219],[134.49264,34.740971],[134.49382,34.740587]]],[[[134.495437,34.742391],[134.495129,34.742938],[134.494645,34.742374],[134.495437,34.742391]]],[[[139.351864,34.746878],[139.351915,34.74759],[139.351354,34.74719],[139.351864,34.746878]]],[[[137.318809,34.748492],[137.31425,34.748553],[137.314199,34.744722],[137.318809,34.748492]]],[[[134.46364,34.749273],[134.463191,34.749565],[134.462944,34.748202],[134.46364,34.749273]]],[[[134.500063,34.749224],[134.498957,34.749972],[134.498228,34.749143],[134.500063,34.749224]]],[[[138.268874,34.751227],[138.267539,34.749052],[138.268781,34.750446],[138.268874,34.751227]]],[[[134.475823,34.75255],[134.475294,34.752815],[134.47529,34.752022],[134.475823,34.75255]]],[[[131.888509,34.758139],[131.889085,34.75838],[131.888601,34.758783],[131.888509,34.758139]]],[[[138.773147,34.761427],[138.7728,34.760936],[138.772916,34.759609],[138.773147,34.761427]]],[[[131.888991,34.763435],[131.890001,34.763281],[131.890024,34.764615],[131.888991,34.763435]]],[[[134.439682,34.763919],[134.438241,34.765478],[134.436872,34.763724],[134.439682,34.763919]]],[[[136.540452,34.766038],[136.54031,34.764687],[136.541169,34.765917],[136.540452,34.766038]]],[[[136.840322,34.764601],[136.840869,34.766556],[136.840264,34.766126],[136.840322,34.764601]]],[[[134.452315,34.767712],[134.45155,34.767045],[134.451892,34.765998],[134.452315,34.767712]]],[[[134.501794,34.766696],[134.501545,34.767451],[134.500778,34.767849],[134.501794,34.766696]]],[[[137.103315,34.766846],[137.103872,34.767425],[137.102592,34.767538],[137.103315,34.766846]]],[[[134.593087,34.769479],[134.591601,34.769183],[134.589805,34.768115],[134.593087,34.769479]]],[[[134.69882,34.762735],[134.699669,34.765395],[134.700514,34.768056],[134.69882,34.762735]]],[[[134.593087,34.769479],[134.596525,34.759502],[134.599403,34.759636],[134.593087,34.769479]]],[[[134.604454,34.771926],[134.606233,34.771877],[134.605548,34.772212],[134.604454,34.771926]]],[[[134.66337,34.765439],[134.667449,34.770167],[134.662262,34.772508],[134.66337,34.765439]]],[[[137.169373,34.772975],[137.167457,34.771994],[137.167663,34.7712],[137.169373,34.772975]]],[[[137.147915,34.772137],[137.147438,34.773153],[137.144849,34.772385],[137.147915,34.772137]]],[[[131.899765,34.77568],[131.900279,34.775637],[131.900713,34.776211],[131.899765,34.77568]]],[[[134.706249,34.776231],[134.704944,34.774871],[134.705499,34.774674],[134.706249,34.776231]]],[[[137.084992,34.778459],[137.084213,34.778981],[137.083257,34.778072],[137.084992,34.778459]]],[[[138.765717,34.778014],[138.766013,34.779636],[138.765559,34.778616],[138.765717,34.778014]]],[[[137.146187,34.778871],[137.145908,34.780017],[137.142551,34.779545],[137.146187,34.778871]]],[[[138.766013,34.779636],[138.766179,34.780346],[138.765736,34.780087],[138.766013,34.779636]]],[[[131.91379,34.779792],[131.914387,34.780429],[131.915034,34.780652],[131.91379,34.779792]]],[[[131.148095,34.780098],[131.147771,34.781923],[131.147586,34.779661],[131.148095,34.780098]]],[[[137.083013,34.779184],[137.080721,34.781969],[137.082952,34.778626],[137.083013,34.779184]]],[[[138.756105,34.781613],[138.756132,34.783365],[138.755255,34.781351],[138.756105,34.781613]]],[[[138.759388,34.782574],[138.759356,34.78388],[138.756726,34.78261],[138.759388,34.782574]]],[[[137.237266,34.78381],[137.236446,34.784528],[137.236808,34.783395],[137.237266,34.78381]]],[[[138.761292,34.784548],[138.760234,34.783861],[138.760774,34.782312],[138.761292,34.784548]]],[[[131.15,34.785299],[131.150598,34.784186],[131.152404,34.782769],[131.15,34.785299]]],[[[137.145482,34.786368],[137.144262,34.785831],[137.146537,34.785625],[137.145482,34.786368]]],[[[137.23631,34.789408],[137.23577,34.789467],[137.234184,34.790556],[137.23631,34.789408]]],[[[138.755633,34.794103],[138.754957,34.79381],[138.755217,34.792717],[138.755633,34.794103]]],[[[131.135178,34.792498],[131.137625,34.758125],[131.163737,34.778162],[131.137798,34.791366],[131.135178,34.792498]]],[[[139.351864,34.746878],[139.358043,34.701269],[139.438703,34.678669],[139.449268,34.740291],[139.423317,34.781056],[139.360298,34.79874],[139.353088,34.74737],[139.351864,34.746878]]],[[[137.262907,34.802994],[137.261832,34.803219],[137.260697,34.802611],[137.262907,34.802994]]],[[[137.257264,34.803229],[137.255895,34.803269],[137.258009,34.802601],[137.257264,34.803229]]],[[[137.215587,34.804778],[137.214739,34.805233],[137.213036,34.803646],[137.215587,34.804778]]],[[[138.755568,34.805069],[138.755705,34.806465],[138.754849,34.806112],[138.755568,34.805069]]],[[[137.311374,34.799064],[137.310773,34.801544],[137.30804,34.805075],[137.311374,34.799064]]],[[[138.744561,34.809501],[138.743858,34.810069],[138.743728,34.809331],[138.744561,34.809501]]],[[[138.745757,34.810559],[138.744807,34.810109],[138.745885,34.809884],[138.745757,34.810559]]],[[[138.755612,34.810915],[138.754949,34.81158],[138.754881,34.810814],[138.755612,34.810915]]],[[[137.232361,34.810898],[137.231915,34.812165],[137.231118,34.811879],[137.232361,34.810898]]],[[[131.938293,34.816244],[131.936843,34.816542],[131.936321,34.816354],[131.938293,34.816244]]],[[[131.98731,34.82956],[131.986757,34.829423],[131.987259,34.829029],[131.98731,34.82956]]],[[[131.981701,34.829213],[131.981249,34.829738],[131.981148,34.828911],[131.981701,34.829213]]],[[[136.9572,34.827501],[136.954892,34.830489],[136.946017,34.824845],[136.9572,34.827501]]],[[[131.833519,34.837395],[131.832917,34.837952],[131.832284,34.836996],[131.833519,34.837395]]],[[[138.331659,34.853951],[138.330722,34.853354],[138.330909,34.852426],[138.331659,34.853951]]],[[[136.858499,34.852963],[136.855657,34.854321],[136.857578,34.853036],[136.858499,34.852963]]],[[[132.009113,34.867942],[132.008585,34.868528],[132.007949,34.868397],[132.009113,34.867942]]],[[[138.758224,34.870977],[138.757538,34.871529],[138.757717,34.870836],[138.758224,34.870977]]],[[[136.832796,34.874432],[136.830419,34.871865],[136.832022,34.87303],[136.832796,34.874432]]],[[[136.827658,34.875255],[136.828413,34.87437],[136.828839,34.874666],[136.827658,34.875255]]],[[[136.819029,34.861233],[136.822743,34.861384],[136.819849,34.867114],[136.819029,34.861233]]],[[[136.634504,34.887065],[136.634627,34.886454],[136.635364,34.886247],[136.634504,34.887065]]],[[[132.057346,34.891357],[132.056671,34.891146],[132.056881,34.890553],[132.057346,34.891357]]],[[[132.051793,34.896683],[132.053493,34.897861],[132.051743,34.899367],[132.051793,34.896683]]],[[[132.063377,34.903659],[132.061516,34.904747],[132.060578,34.904731],[132.063377,34.903659]],[[132.062488,34.899782],[132.061743,34.900191],[132.06219,34.900881],[132.062488,34.899782]]],[[[132.051758,34.905233],[132.050757,34.905286],[132.051271,34.905863],[132.051758,34.905233]]],[[[132.073438,34.905412],[132.074707,34.905738],[132.07487,34.906858],[132.073438,34.905412]]],[[[139.929833,34.909518],[139.929753,34.91049],[139.928821,34.908558],[139.929833,34.909518]]],[[[139.931592,34.911103],[139.929682,34.911265],[139.930484,34.910682],[139.931592,34.911103]]],[[[138.783005,34.921046],[138.783037,34.920421],[138.783826,34.919564],[138.783005,34.921046]]],[[[132.081883,34.926683],[132.081258,34.926835],[132.082209,34.926079],[132.081883,34.926683]]],[[[132.086016,34.930707],[132.085428,34.931683],[132.084409,34.931402],[132.086016,34.930707]]],[[[132.107438,34.939752],[132.107515,34.940676],[132.106537,34.941295],[132.107438,34.939752]]],[[[136.647168,34.945883],[136.646646,34.946243],[136.645779,34.945224],[136.647168,34.945883]]],[[[139.773106,34.954585],[139.772243,34.954222],[139.772996,34.954054],[139.773106,34.954585]]],[[[139.966318,34.953548],[139.964473,34.955963],[139.965912,34.95316],[139.966318,34.953548]]],[[[139.9637,34.958695],[139.963704,34.957997],[139.964426,34.957623],[139.9637,34.958695]]],[[[136.821784,34.961173],[136.822588,34.9623],[136.818691,34.964349],[136.821784,34.961173]]],[[[139.753439,34.972131],[139.752364,34.973092],[139.752408,34.971981],[139.753439,34.972131]]],[[[139.109051,34.97166],[139.107235,34.973156],[139.104021,34.973809],[139.109051,34.97166]]],[[[139.132681,34.975735],[139.131516,34.976075],[139.129779,34.975844],[139.132681,34.975735]]],[[[139.80746,34.97883],[139.806801,34.978881],[139.805725,34.977992],[139.80746,34.97883]]],[[[139.970907,34.98429],[139.972625,34.985142],[139.971745,34.98508],[139.970907,34.98429]]],[[[139.971412,34.985554],[139.97202,34.985618],[139.971773,34.986445],[139.971412,34.985554]]],[[[139.856818,34.997161],[139.856392,34.998014],[139.856179,34.997235],[139.856818,34.997161]]],[[[136.672998,34.997938],[136.675299,35.002033],[136.671038,35.002295],[136.672998,34.997938]]],[[[139.092573,35.007831],[139.091455,35.007834],[139.090538,35.006667],[139.092573,35.007831]]],[[[136.815428,35.000436],[136.821683,35.008036],[136.821676,35.017635],[136.815428,35.000436]]],[[[139.850335,35.023163],[139.847461,35.02259],[139.84837,35.022405],[139.850335,35.023163]]],[[[139.848295,35.023321],[139.848677,35.02418],[139.845809,35.022668],[139.848295,35.023321]]],[[[136.739775,35.032309],[136.749434,35.017907],[136.75556,35.010185],[136.739775,35.032309]]],[[[140.01133,35.034092],[140.011646,35.03325],[140.012491,35.032973],[140.01133,35.034092]]],[[[140.01133,35.034092],[140.012575,35.034549],[140.011043,35.03468],[140.01133,35.034092]]],[[[140.01468,35.035433],[140.013447,35.035784],[140.01377,35.034791],[140.01468,35.035433]]],[[[138.890495,35.031034],[138.890359,35.033217],[138.890959,35.034035],[138.890495,35.031034]]],[[[140.01798,35.036376],[140.017475,35.035693],[140.018053,35.035515],[140.01798,35.036376]]],[[[139.824277,35.037807],[139.823511,35.039684],[139.822252,35.040341],[139.824277,35.037807]]],[[[139.164989,35.041727],[139.165248,35.041212],[139.166084,35.040937],[139.164989,35.041727]]],[[[139.169679,35.042558],[139.163914,35.043083],[139.164989,35.041727],[139.169679,35.042558]]],[[[139.169679,35.042558],[139.169659,35.043111],[139.16829,35.043473],[139.169679,35.042558]]],[[[136.830903,35.049372],[136.810854,35.026653],[136.838971,35.030197],[136.830903,35.049372]]],[[[132.283836,35.050788],[132.282189,35.052023],[132.281536,35.050478],[132.283836,35.050788]]],[[[132.284598,35.052512],[132.283619,35.051544],[132.28431,35.051257],[132.284598,35.052512]]],[[[140.072196,35.055832],[140.072278,35.054967],[140.073109,35.055214],[140.072196,35.055832]]],[[[136.84867,35.056045],[136.840585,35.056036],[136.837977,35.051837],[136.84867,35.056045]]],[[[140.075509,35.057628],[140.075356,35.05682],[140.0761,35.057202],[140.075509,35.057628]]],[[[140.0624,35.05791],[140.061447,35.057719],[140.062131,35.057434],[140.0624,35.05791]]],[[[138.87728,35.061262],[138.877578,35.05923],[138.878099,35.059192],[138.87728,35.061262]]],[[[140.077872,35.061854],[140.077373,35.061493],[140.07674,35.061697],[140.077872,35.061854]]],[[[136.877094,35.055072],[136.87652,35.055348],[136.88226,35.069422],[136.877094,35.055072]]],[[[140.09151,35.072718],[140.091039,35.072256],[140.091945,35.072136],[140.09151,35.072718]]],[[[140.106007,35.074135],[140.106455,35.073404],[140.108966,35.072737],[140.106007,35.074135]]],[[[140.10914,35.074856],[140.108262,35.074621],[140.108891,35.074104],[140.10914,35.074856]]],[[[132.316844,35.075857],[132.31667,35.075292],[132.317957,35.075089],[132.316844,35.075857]]],[[[132.319805,35.077412],[132.319817,35.076734],[132.320253,35.076438],[132.319805,35.077412]]],[[[140.102545,35.077567],[140.104173,35.076308],[140.102905,35.07675],[140.102545,35.077567]]],[[[132.323442,35.086739],[132.322861,35.086583],[132.323136,35.086116],[132.323442,35.086739]]],[[[140.102056,35.089859],[140.101099,35.089188],[140.101891,35.089081],[140.102056,35.089859]]],[[[140.108721,35.091176],[140.10982,35.090386],[140.110501,35.090556],[140.108721,35.091176]]],[[[140.106938,35.095736],[140.107617,35.094287],[140.108394,35.093958],[140.106938,35.095736]]],[[[139.076549,35.096259],[139.077159,35.095781],[139.077321,35.096394],[139.076549,35.096259]]],[[[140.107082,35.097671],[140.108451,35.097888],[140.108996,35.09878],[140.107082,35.097671]]],[[[140.106851,35.098486],[140.107781,35.098569],[140.107821,35.099108],[140.106851,35.098486]]],[[[132.339513,35.102036],[132.33817,35.101824],[132.337717,35.102586],[132.339513,35.102036]]],[[[139.82369,35.10704],[139.823371,35.106315],[139.824029,35.106568],[139.82369,35.10704]]],[[[139.81552,35.108423],[139.815438,35.107577],[139.816014,35.107861],[139.81552,35.108423]]],[[[139.81552,35.108423],[139.816206,35.110187],[139.816137,35.111033],[139.81552,35.108423]]],[[[140.143465,35.118444],[140.143009,35.11766],[140.143798,35.117745],[140.143465,35.118444]]],[[[140.236714,35.12203],[140.235366,35.121108],[140.236856,35.121431],[140.236714,35.12203]]],[[[140.18496,35.12277],[140.186187,35.122559],[140.186985,35.123258],[140.18496,35.12277]]],[[[132.372459,35.125749],[132.371936,35.125639],[132.372987,35.12519],[132.372459,35.125749]]],[[[132.376738,35.126821],[132.375972,35.12736],[132.375652,35.126941],[132.376738,35.126821]]],[[[140.250354,35.12842],[140.250821,35.12961],[140.250113,35.129273],[140.250354,35.12842]]],[[[140.320089,35.136321],[140.320361,35.137174],[140.31918,35.136912],[140.320089,35.136321]]],[[[139.612319,35.137654],[139.61192,35.136746],[139.609557,35.137811],[139.612319,35.137654]],[[139.611087,35.134025],[139.611772,35.134243],[139.611481,35.133446],[139.611087,35.134025]]],[[[139.655403,35.137828],[139.654587,35.137673],[139.655127,35.137232],[139.655403,35.137828]]],[[[139.663436,35.137695],[139.662611,35.137857],[139.664472,35.136828],[139.663436,35.137695]]],[[[140.322192,35.138169],[140.321586,35.138087],[140.321544,35.137538],[140.322192,35.138169]]],[[[139.612319,35.137654],[139.612597,35.138212],[139.612265,35.139019],[139.612319,35.137654]]],[[[139.163425,35.138491],[139.162779,35.139104],[139.162652,35.137837],[139.163425,35.138491]]],[[[140.326989,35.142686],[140.327805,35.145559],[140.326883,35.145279],[140.326989,35.142686]]],[[[140.309892,35.148254],[140.3098,35.147574],[140.310334,35.14431],[140.309892,35.148254]]],[[[139.148821,35.149005],[139.149387,35.148705],[139.148784,35.149943],[139.148821,35.149005]]],[[[139.60636,35.15417],[139.605627,35.154638],[139.605178,35.153984],[139.60636,35.15417]]],[[[132.393001,35.155346],[132.39276,35.156161],[132.391584,35.155969],[132.393001,35.155346]]],[[[139.60403,35.156089],[139.60317,35.156578],[139.603282,35.155866],[139.60403,35.156089]]],[[[140.332368,35.158843],[140.333179,35.158617],[140.33338,35.15932],[140.332368,35.158843]]],[[[132.398991,35.169447],[132.398122,35.170114],[132.396825,35.168893],[132.398991,35.169447]]],[[[132.397012,35.169628],[132.397715,35.170503],[132.395956,35.169625],[132.397012,35.169628]]],[[[132.398991,35.169447],[132.400074,35.168916],[132.401297,35.169319],[132.398991,35.169447]]],[[[132.414152,35.179059],[132.413411,35.179746],[132.412752,35.179193],[132.414152,35.179059]]],[[[139.60586,35.22014],[139.607398,35.219036],[139.609236,35.218434],[139.60586,35.22014]]],[[[139.613404,35.220466],[139.613018,35.22109],[139.612622,35.22028],[139.613404,35.220466]]],[[[139.718336,35.22045],[139.718834,35.220043],[139.72035,35.221416],[139.718336,35.22045]]],[[[139.60586,35.22014],[139.604603,35.221415],[139.606146,35.221053],[139.60586,35.22014]]],[[[139.599056,35.224382],[139.597683,35.224153],[139.59846,35.223728],[139.599056,35.224382]]],[[[132.502175,35.229187],[132.501426,35.23056],[132.501159,35.230044],[132.502175,35.229187]]],[[[132.503387,35.232421],[132.502967,35.232002],[132.503134,35.231269],[132.503387,35.232421]]],[[[139.147874,35.235554],[139.146994,35.234785],[139.147532,35.234742],[139.147874,35.235554]]],[[[139.736405,35.246472],[139.735103,35.247391],[139.734708,35.246254],[139.736405,35.246472]]],[[[139.57633,35.25401],[139.576591,35.253082],[139.577361,35.25308],[139.57633,35.25401]]],[[[140.405863,35.25439],[140.405295,35.254972],[140.405743,35.253871],[140.405863,35.25439]]],[[[140.406157,35.251253],[140.406882,35.25223],[140.407108,35.256167],[140.406157,35.251253]]],[[[132.536262,35.255797],[132.536226,35.256839],[132.535289,35.256453],[132.536262,35.255797]]],[[[139.567809,35.266662],[139.566708,35.266129],[139.567745,35.265988],[139.567809,35.266662]]],[[[139.560966,35.271579],[139.559644,35.270928],[139.561179,35.270603],[139.560966,35.271579]]],[[[139.850739,35.278911],[139.850309,35.279343],[139.84893,35.278305],[139.850739,35.278911]]],[[[139.694875,35.286045],[139.696337,35.287015],[139.695445,35.287664],[139.694875,35.286045]]],[[[139.681015,35.289079],[139.682563,35.288377],[139.685079,35.288589],[139.681015,35.289079]]],[[[139.825601,35.300455],[139.824392,35.300157],[139.827356,35.299455],[139.825601,35.300455]]],[[[139.55051,35.300972],[139.549956,35.300494],[139.551551,35.300363],[139.55051,35.300972]]],[[[139.818331,35.301318],[139.817504,35.30095],[139.819608,35.300798],[139.818331,35.301318]]],[[[139.823039,35.30147],[139.819551,35.301543],[139.824911,35.300635],[139.823039,35.30147]]],[[[139.415577,35.302365],[139.415934,35.301655],[139.417382,35.302403],[139.415577,35.302365]]],[[[139.415577,35.302365],[139.414403,35.302968],[139.414862,35.302245],[139.415577,35.302365]]],[[[139.483365,35.301069],[139.484364,35.301445],[139.482667,35.302793],[139.483365,35.301069]]],[[[139.651842,35.307418],[139.650635,35.306889],[139.649422,35.304993],[139.651842,35.307418]]],[[[139.744283,35.312294],[139.744147,35.312931],[139.743074,35.312217],[139.744283,35.312294]]],[[[139.364996,35.314309],[139.364495,35.312902],[139.365451,35.312803],[139.364996,35.314309]]],[[[139.768302,35.315734],[139.767061,35.315405],[139.767606,35.314437],[139.768302,35.315734]]],[[[139.414323,35.315909],[139.413295,35.315197],[139.414864,35.314959],[139.414323,35.315909]]],[[[139.398342,35.314014],[139.399107,35.313842],[139.398294,35.316412],[139.398342,35.314014]]],[[[139.813442,35.316198],[139.815624,35.31816],[139.814699,35.318748],[139.813442,35.316198]]],[[[139.638077,35.326902],[139.638064,35.327979],[139.636275,35.328527],[139.638077,35.326902]]],[[[140.40309,35.329781],[140.403893,35.330657],[140.403113,35.331116],[140.40309,35.329781]]],[[[139.645931,35.334336],[139.647191,35.333843],[139.648808,35.334687],[139.645931,35.334336]]],[[[139.645931,35.334336],[139.645935,35.336462],[139.648522,35.336854],[139.645931,35.334336]]],[[[140.392013,35.358887],[140.393709,35.358389],[140.393678,35.359045],[140.392013,35.358887]]],[[[139.857663,35.370647],[139.858333,35.36989],[139.859283,35.369872],[139.857663,35.370647]]],[[[139.913115,35.385502],[139.909714,35.38607],[139.912228,35.3842],[139.913115,35.385502]]],[[[139.64157,35.402062],[139.641722,35.401507],[139.643374,35.402064],[139.64157,35.402062]]],[[[132.662152,35.401255],[132.660797,35.402466],[132.662628,35.400219],[132.662152,35.401255]]],[[[139.633617,35.408449],[139.633134,35.408113],[139.634588,35.407798],[139.633617,35.408449]]],[[[139.692116,35.410053],[139.688878,35.412794],[139.684173,35.408977],[139.692116,35.410053]]],[[[139.680107,35.415551],[139.682514,35.418718],[139.681717,35.418996],[139.680107,35.415551]]],[[[132.610171,35.421885],[132.609614,35.421761],[132.610714,35.42135],[132.610171,35.421885]]],[[[139.897219,35.423259],[139.899052,35.424487],[139.897193,35.423943],[139.897219,35.423259]]],[[[132.62623,35.430917],[132.626396,35.430062],[132.627131,35.429948],[132.62623,35.430917]]],[[[132.62623,35.430917],[132.625453,35.430982],[132.62581,35.430396],[132.62623,35.430917]]],[[[132.638117,35.431968],[132.640284,35.432855],[132.639455,35.432976],[132.638117,35.431968]]],[[[132.635547,35.434648],[132.634873,35.434378],[132.635471,35.434118],[132.635547,35.434648]]],[[[139.917382,35.439405],[139.918554,35.440357],[139.918438,35.441277],[139.917382,35.439405]]],[[[139.663191,35.443566],[139.66279,35.443906],[139.66212,35.443369],[139.663191,35.443566]]],[[[132.655809,35.440451],[132.656436,35.442388],[132.65559,35.442804],[132.655809,35.440451]]],[[[132.671456,35.446116],[132.672199,35.446308],[132.671415,35.446826],[132.671456,35.446116]]],[[[132.683463,35.447271],[132.682486,35.446882],[132.683289,35.446673],[132.683463,35.447271]]],[[[132.684516,35.451617],[132.685011,35.452746],[132.683711,35.451743],[132.684516,35.451617]]],[[[132.753724,35.455719],[132.75032,35.456568],[132.754624,35.455084],[132.753724,35.455719]]],[[[139.644366,35.456265],[139.645978,35.455755],[139.646341,35.456207],[139.644366,35.456265]]],[[[132.748737,35.460217],[132.747667,35.456699],[132.749136,35.457877],[132.748737,35.460217]]],[[[139.673095,35.460592],[139.670153,35.463097],[139.670816,35.461891],[139.673095,35.460592]]],[[[133.427438,35.463835],[133.426186,35.464172],[133.426036,35.463664],[133.427438,35.463835]]],[[[139.879079,35.461821],[139.873441,35.465479],[139.872768,35.465936],[139.879079,35.461821]]],[[[139.668228,35.469024],[139.667655,35.469731],[139.667732,35.468627],[139.668228,35.469024]]],[[[139.673095,35.460592],[139.702256,35.455097],[139.673973,35.462205],[139.673095,35.460592]]],[[[135.335996,35.473218],[135.334293,35.474658],[135.333209,35.47437],[135.335996,35.473218]]],[[[139.655961,35.470224],[139.650392,35.474446],[139.6457,35.474711],[139.655961,35.470224]]],[[[135.343898,35.490873],[135.343413,35.489457],[135.344254,35.48806],[135.343898,35.490873]]],[[[139.835816,35.491535],[139.834418,35.492203],[139.83365,35.491171],[139.835816,35.491535]]],[[[135.545087,35.49386],[135.544355,35.494313],[135.543952,35.493731],[135.545087,35.49386]]],[[[139.783135,35.494862],[139.781995,35.494886],[139.750615,35.480893],[139.783135,35.494862]]],[[[139.725328,35.469796],[139.734237,35.494944],[139.700266,35.478685],[139.712707,35.464254],[139.725328,35.469796]]],[[[135.545513,35.496427],[135.544534,35.496528],[135.543613,35.495918],[135.545513,35.496427]]],[[[135.568851,35.496816],[135.568469,35.497658],[135.567835,35.497583],[135.568851,35.496816]]],[[[135.368756,35.497203],[135.367735,35.498453],[135.367407,35.496515],[135.368756,35.497203]]],[[[135.340468,35.498726],[135.339163,35.498323],[135.339617,35.495998],[135.340468,35.498726]]],[[[135.683872,35.497357],[135.683334,35.498984],[135.682677,35.498984],[135.683872,35.497357]]],[[[135.373639,35.499261],[135.372972,35.498724],[135.373577,35.498321],[135.373639,35.499261]]],[[[135.39575,35.499734],[135.395574,35.499068],[135.396091,35.49911],[135.39575,35.499734]]],[[[132.841674,35.503212],[132.841395,35.503984],[132.840264,35.503984],[132.841674,35.503212]]],[[[139.778355,35.504484],[139.777113,35.50503],[139.771203,35.506218],[139.778355,35.504484]]],[[[139.790621,35.507794],[139.791875,35.507074],[139.796492,35.506654],[139.790621,35.507794]]],[[[133.877574,35.507909],[133.877027,35.508316],[133.877586,35.507393],[133.877574,35.507909]]],[[[133.656198,35.509857],[133.657394,35.510388],[133.657075,35.510839],[133.656198,35.509857]]],[[[140.034388,35.511703],[140.036546,35.510944],[140.034239,35.512251],[140.034388,35.511703]]],[[[133.656739,35.512432],[133.657714,35.511125],[133.658201,35.512007],[133.656739,35.512432]]],[[[133.659729,35.514179],[133.658967,35.514224],[133.657206,35.512959],[133.659729,35.514179]]],[[[133.935414,35.515466],[133.936746,35.516084],[133.936659,35.516681],[133.935414,35.515466]]],[[[132.934289,35.51776],[132.934124,35.518273],[132.933432,35.517622],[132.934289,35.51776]]],[[[132.920261,35.518078],[132.920905,35.51905],[132.920532,35.520013],[132.920261,35.518078]]],[[[135.64993,35.520843],[135.650288,35.521757],[135.647967,35.519919],[135.64993,35.520843]]],[[[135.344747,35.521207],[135.341756,35.521978],[135.346021,35.520354],[135.344747,35.521207]]],[[[135.669468,35.524373],[135.670263,35.523799],[135.671013,35.524355],[135.669468,35.524373]]],[[[135.738347,35.525288],[135.735915,35.524967],[135.736855,35.524132],[135.738347,35.525288]]],[[[139.76129,35.522158],[139.761025,35.522761],[139.760239,35.524336],[139.76129,35.522158]]],[[[132.974569,35.526763],[132.972992,35.526893],[132.973236,35.526007],[132.974569,35.526763]]],[[[134.0018,35.528644],[134.00144,35.529941],[134.001033,35.529541],[134.0018,35.528644]]],[[[135.653395,35.529832],[135.652754,35.528881],[135.653392,35.528398],[135.653395,35.529832]]],[[[133.566199,35.529714],[133.5657,35.530463],[133.563866,35.530682],[133.566199,35.529714]]],[[[135.51839,35.536309],[135.517497,35.535471],[135.518785,35.534882],[135.51839,35.536309]]],[[[134.137765,35.540366],[134.136437,35.5401],[134.137235,35.539555],[134.137765,35.540366]]],[[[134.179205,35.540248],[134.184206,35.540369],[134.184112,35.541078],[134.179205,35.540248]]],[[[132.968018,35.539877],[132.967013,35.541193],[132.966437,35.540506],[132.968018,35.539877]]],[[[132.963076,35.542849],[132.962182,35.542458],[132.963041,35.542241],[132.963076,35.542849]]],[[[140.05994,35.542886],[140.059472,35.543163],[140.059052,35.542783],[140.05994,35.542886]]],[[[134.183857,35.543221],[134.183184,35.542832],[134.183672,35.54231],[134.183857,35.543221]]],[[[132.96592,35.543155],[132.965114,35.543226],[132.96586,35.542494],[132.96592,35.543155]]],[[[132.96592,35.543155],[132.966272,35.543632],[132.965769,35.544054],[132.96592,35.543155]]],[[[133.019355,35.544604],[133.018271,35.544878],[133.017679,35.545134],[133.019355,35.544604]]],[[[134.183857,35.543221],[134.184876,35.545669],[134.183654,35.544333],[134.183857,35.543221]]],[[[135.64087,35.546779],[135.640619,35.547287],[135.640199,35.546838],[135.64087,35.546779]]],[[[134.184753,35.547002],[134.189772,35.549247],[134.183244,35.546994],[134.184753,35.547002]]],[[[133.04695,35.554362],[133.046168,35.555108],[133.045321,35.555159],[133.04695,35.554362]]],[[[133.029249,35.55533],[133.030056,35.555803],[133.028458,35.555839],[133.029249,35.55533]]],[[[133.028576,35.557133],[133.02795,35.557222],[133.028937,35.556608],[133.028576,35.557133]]],[[[140.071012,35.557612],[140.077924,35.561752],[140.069008,35.557038],[140.071012,35.557612]]],[[[134.238575,35.563463],[134.237981,35.563221],[134.239022,35.562986],[134.238575,35.563463]]],[[[135.838388,35.562924],[135.83908,35.563526],[135.838196,35.563532],[135.838388,35.562924]]],[[[135.398028,35.564344],[135.397398,35.563834],[135.397573,35.56268],[135.398028,35.564344]]],[[[133.040025,35.565486],[133.040411,35.56441],[133.041479,35.564309],[133.040025,35.565486]]],[[[133.171117,35.565954],[133.170286,35.566273],[133.169433,35.565885],[133.171117,35.565954]]],[[[133.172727,35.565538],[133.173169,35.56605],[133.17247,35.567224],[133.172727,35.565538]]],[[[135.48128,35.566562],[135.480647,35.567716],[135.477488,35.568076],[135.48128,35.566562]]],[[[133.045089,35.568185],[133.045134,35.567374],[133.04584,35.567319],[133.045089,35.568185]]],[[[133.052984,35.564748],[133.05227,35.566113],[133.052974,35.568226],[133.052984,35.564748]]],[[[133.048073,35.567373],[133.048656,35.569078],[133.047346,35.568421],[133.048073,35.567373]]],[[[133.21293,35.569697],[133.212605,35.570345],[133.211885,35.570249],[133.21293,35.569697]]],[[[133.17966,35.570169],[133.178585,35.5708],[133.178159,35.569984],[133.17966,35.570169]]],[[[135.465883,35.570421],[135.466855,35.569982],[135.466697,35.570868],[135.465883,35.570421]]],[[[134.276411,35.571497],[134.276197,35.572059],[134.275817,35.571663],[134.276411,35.571497]]],[[[133.173972,35.572163],[133.173593,35.571687],[133.174141,35.571185],[133.173972,35.572163]]],[[[133.046208,35.571949],[133.04568,35.572953],[133.045375,35.571808],[133.046208,35.571949]]],[[[133.198043,35.572077],[133.197474,35.573383],[133.196909,35.572237],[133.198043,35.572077]]],[[[139.773802,35.574521],[139.764229,35.575],[139.763804,35.57444],[139.773802,35.574521]]],[[[133.173421,35.576289],[133.172628,35.576165],[133.173011,35.575309],[133.173421,35.576289]]],[[[133.229697,35.57634],[133.22856,35.575087],[133.229835,35.575761],[133.229697,35.57634]]],[[[133.288316,35.576474],[133.287848,35.576814],[133.287076,35.57671],[133.288316,35.576474]]],[[[133.213468,35.575549],[133.213549,35.576356],[133.212517,35.577358],[133.213468,35.575549]]],[[[135.395775,35.57659],[135.395061,35.576641],[135.392453,35.577897],[135.395775,35.57659]]],[[[133.253271,35.575164],[133.254576,35.576858],[133.254779,35.577361],[133.253271,35.575164]]],[[[133.260581,35.578173],[133.259626,35.577389],[133.260533,35.577226],[133.260581,35.578173]]],[[[133.234441,35.578475],[133.23481,35.577565],[133.234913,35.578212],[133.234441,35.578475]]],[[[133.212867,35.578716],[133.21205,35.578127],[133.212814,35.57792],[133.212867,35.578716]]],[[[133.254041,35.578165],[133.255321,35.578338],[133.25538,35.579033],[133.254041,35.578165]]],[[[133.283319,35.577927],[133.283745,35.578404],[133.283228,35.579077],[133.283319,35.577927]]],[[[133.254041,35.578165],[133.253626,35.579081],[133.253188,35.578668],[133.254041,35.578165]]],[[[135.838325,35.577815],[135.837908,35.578632],[135.836092,35.579378],[135.838325,35.577815]]],[[[135.390371,35.580047],[135.389167,35.580443],[135.38925,35.578676],[135.390371,35.580047]]],[[[133.294324,35.580839],[133.293879,35.580543],[133.294666,35.579903],[133.294324,35.580839]]],[[[133.055785,35.579703],[133.056387,35.580414],[133.056026,35.580844],[133.055785,35.579703]]],[[[134.290362,35.581034],[134.289471,35.581187],[134.288596,35.580293],[134.290362,35.581034]]],[[[133.23146,35.580283],[133.230857,35.581728],[133.23003,35.581274],[133.23146,35.580283]]],[[[133.234614,35.579304],[133.237055,35.579446],[133.238353,35.578663],[133.234614,35.579304]]],[[[133.056026,35.580844],[133.056998,35.581577],[133.056791,35.582559],[133.056026,35.580844]]],[[[135.423063,35.583608],[135.422867,35.584454],[135.422229,35.584254],[135.423063,35.583608]]],[[[135.458978,35.586489],[135.458393,35.586848],[135.4575,35.586151],[135.458978,35.586489]]],[[[134.292426,35.58828],[134.291523,35.588035],[134.29197,35.587686],[134.292426,35.58828]]],[[[133.128016,35.589209],[133.127177,35.589581],[133.127198,35.589021],[133.128016,35.589209]]],[[[133.11963,35.590171],[133.11863,35.590682],[133.118623,35.590093],[133.11963,35.590171]]],[[[134.304533,35.593555],[134.304534,35.594326],[134.303797,35.594675],[134.304533,35.593555]]],[[[134.319143,35.596028],[134.318369,35.59592],[134.318624,35.595454],[134.319143,35.596028]]],[[[133.11963,35.590171],[133.119293,35.589227],[133.121809,35.589001],[133.11963,35.590171]]],[[[134.314127,35.594165],[134.315854,35.595387],[134.31659,35.596464],[134.314127,35.594165]]],[[[133.121109,35.595072],[133.120993,35.59597],[133.12062,35.596562],[133.121109,35.595072]]],[[[133.1136,35.597221],[133.112642,35.597299],[133.112483,35.596742],[133.1136,35.597221]]],[[[133.113779,35.599474],[133.112945,35.599553],[133.112724,35.598876],[133.113779,35.599474]]],[[[133.082031,35.599996],[133.08056,35.599395],[133.081645,35.599309],[133.082031,35.599996]]],[[[135.791557,35.603072],[135.790827,35.602434],[135.791934,35.601773],[135.791557,35.603072]]],[[[133.097661,35.603767],[133.098232,35.602606],[133.099109,35.604165],[133.097661,35.603767]]],[[[135.481518,35.594379],[135.480755,35.599953],[135.481401,35.601886],[135.481518,35.594379]]],[[[139.827005,35.597026],[139.793947,35.591832],[139.83221,35.588933],[139.827005,35.597026]]],[[[139.81085,35.613052],[139.791545,35.593955],[139.815149,35.610834],[139.81085,35.613052]]],[[[139.81085,35.613052],[139.811503,35.613331],[139.810091,35.613547],[139.81085,35.613052]]],[[[135.895542,35.614152],[135.892988,35.614218],[135.893502,35.613399],[135.895542,35.614152]]],[[[134.386122,35.61391],[134.38631,35.615264],[134.38556,35.61527],[134.386122,35.61391]]],[[[139.757989,35.617679],[139.754074,35.57834],[139.787533,35.580059],[139.760117,35.616121],[139.757989,35.617679]]],[[[134.386376,35.616639],[134.385968,35.617881],[134.385332,35.617723],[134.386376,35.616639]]],[[[134.407047,35.617589],[134.407,35.618182],[134.40644,35.617747],[134.407047,35.617589]]],[[[134.386572,35.617794],[134.386703,35.618516],[134.385968,35.617881],[134.386572,35.617794]]],[[[134.39903,35.620775],[134.398264,35.620978],[134.398864,35.620215],[134.39903,35.620775]]],[[[134.43131,35.620261],[134.431434,35.621239],[134.430818,35.62149],[134.43131,35.620261]]],[[[134.429359,35.623597],[134.430796,35.622314],[134.429984,35.623585],[134.429359,35.623597]]],[[[135.246084,35.626987],[135.246953,35.625837],[135.246943,35.626773],[135.246084,35.626987]]],[[[140.048579,35.627142],[140.04653,35.626289],[140.047595,35.626252],[140.048579,35.627142]]],[[[139.797628,35.61738],[139.789878,35.627623],[139.785288,35.625133],[139.797628,35.61738]]],[[[140.043107,35.628576],[140.042887,35.627761],[140.043574,35.626439],[140.043107,35.628576]]],[[[139.821962,35.628532],[139.820765,35.629139],[139.811095,35.627507],[139.821962,35.628532]]],[[[139.766891,35.627742],[139.768128,35.629562],[139.76599,35.627406],[139.766891,35.627742]]],[[[134.431069,35.62978],[134.431017,35.630565],[134.430013,35.629419],[134.431069,35.62978]]],[[[139.840116,35.63116],[139.840174,35.632141],[139.838488,35.631072],[139.840116,35.63116]]],[[[139.770216,35.631988],[139.769778,35.632393],[139.768095,35.630101],[139.770216,35.631988]]],[[[139.75975,35.619353],[139.759413,35.628],[139.75919,35.633619],[139.75975,35.619353]]],[[[139.767629,35.634037],[139.766057,35.634378],[139.765549,35.633213],[139.767629,35.634037]]],[[[139.773174,35.634179],[139.771313,35.634727],[139.770858,35.633074],[139.773174,35.634179]]],[[[139.867475,35.63439],[139.867404,35.63507],[139.866226,35.632789],[139.867475,35.63439]]],[[[139.773174,35.634179],[139.787119,35.602047],[139.776523,35.636255],[139.773174,35.634179]]],[[[139.863846,35.637012],[139.862885,35.637227],[139.862125,35.637329],[139.863846,35.637012]]],[[[135.806672,35.631808],[135.805815,35.632912],[135.806005,35.635276],[135.806672,35.631808]]],[[[139.81893,35.639201],[139.818452,35.639557],[139.809885,35.63873],[139.81893,35.639201]]],[[[139.855605,35.638564],[139.852345,35.64028],[139.850705,35.640224],[139.855605,35.638564]]],[[[139.833014,35.641139],[139.83321,35.642113],[139.832206,35.641074],[139.833014,35.641139]]],[[[139.828084,35.642548],[139.826961,35.642351],[139.826614,35.641567],[139.828084,35.642548]]],[[[139.826129,35.64283],[139.822864,35.642323],[139.822955,35.641683],[139.826129,35.64283]]],[[[134.627757,35.646415],[134.628183,35.644319],[134.629113,35.643897],[134.627757,35.646415]]],[[[134.613779,35.64623],[134.614887,35.646068],[134.614495,35.646797],[134.613779,35.64623]]],[[[134.900641,35.649499],[134.901414,35.650344],[134.899766,35.649468],[134.900641,35.649499]]],[[[134.612361,35.650535],[134.61137,35.650891],[134.610791,35.650338],[134.612361,35.650535]]],[[[134.609851,35.652754],[134.609139,35.652859],[134.609675,35.652083],[134.609851,35.652754]]],[[[134.633794,35.651273],[134.637344,35.654795],[134.637198,35.655582],[134.633794,35.651273]]],[[[134.67895,35.658049],[134.678453,35.658368],[134.678055,35.657902],[134.67895,35.658049]]],[[[134.646934,35.658442],[134.646693,35.65923],[134.646024,35.658528],[134.646934,35.658442]]],[[[134.593235,35.659515],[134.593118,35.658618],[134.594111,35.658586],[134.593235,35.659515]]],[[[134.831452,35.659931],[134.830371,35.660023],[134.831037,35.659236],[134.831452,35.659931]]],[[[134.645466,35.658776],[134.645318,35.659563],[134.644722,35.66014],[134.645466,35.658776]]],[[[134.594631,35.660283],[134.594422,35.659627],[134.595517,35.658426],[134.594631,35.660283]]],[[[134.643183,35.660149],[134.642638,35.660395],[134.642953,35.659607],[134.643183,35.660149]]],[[[134.647632,35.659652],[134.64742,35.660451],[134.64711,35.660025],[134.647632,35.659652]]],[[[134.673328,35.660988],[134.672723,35.659933],[134.673533,35.660213],[134.673328,35.660988]]],[[[134.637367,35.660218],[134.63674,35.660835],[134.636264,35.661019],[134.637367,35.660218]]],[[[134.503689,35.662087],[134.502881,35.663255],[134.501753,35.662189],[134.503689,35.662087]]],[[[134.758634,35.664213],[134.756553,35.663388],[134.757459,35.663071],[134.758634,35.664213]]],[[[135.281623,35.665961],[135.280693,35.66536],[135.281505,35.664438],[135.281623,35.665961]]],[[[134.673328,35.660988],[134.672592,35.661408],[134.674267,35.663154],[134.673328,35.660988]]],[[[140.614728,35.666569],[140.615848,35.664939],[140.616458,35.665497],[140.614728,35.666569]]],[[[139.937175,35.667255],[139.937302,35.666532],[139.93828,35.666975],[139.937175,35.667255]]],[[[135.281623,35.665961],[135.283198,35.665161],[135.285655,35.665685],[135.281623,35.665961]]],[[[140.622407,35.671282],[140.623122,35.669648],[140.624253,35.670089],[140.622407,35.671282]]],[[[134.963043,35.673825],[134.965025,35.674357],[134.961766,35.674231],[134.963043,35.673825]]],[[[139.963368,35.679645],[139.962746,35.680734],[139.960538,35.678971],[139.963368,35.679645]]],[[[135.426293,35.678708],[135.427688,35.681395],[135.427131,35.684618],[135.426293,35.678708]]],[[[140.729425,35.689516],[140.727951,35.690131],[140.728705,35.689226],[140.729425,35.689516]]],[[[140.734941,35.690413],[140.730755,35.690413],[140.729849,35.687723],[140.734941,35.690413]]],[[[140.848496,35.696564],[140.84804,35.696035],[140.849222,35.696366],[140.848496,35.696564]]],[[[135.033814,35.701388],[135.033552,35.702015],[135.033184,35.701548],[135.033814,35.701388]]],[[[135.438351,35.71123],[135.436935,35.712942],[135.437239,35.711365],[135.438351,35.71123]]],[[[135.438235,35.713328],[135.437605,35.714396],[135.436894,35.714271],[135.438235,35.713328]]],[[[140.872471,35.717925],[140.871296,35.717899],[140.872098,35.717345],[140.872471,35.717925]]],[[[140.871411,35.730276],[140.870956,35.729778],[140.871988,35.729686],[140.871411,35.730276]]],[[[136.041687,35.736696],[136.041423,35.734842],[136.042349,35.73555],[136.041687,35.736696]]],[[[135.083912,35.738004],[135.082969,35.73844],[135.082239,35.738445],[135.083912,35.738004]]],[[[136.041687,35.736696],[136.041035,35.738066],[136.038637,35.738723],[136.041687,35.736696]]],[[[140.871736,35.741047],[140.872197,35.73984],[140.871181,35.739431],[140.871736,35.741047]]],[[[135.092622,35.741451],[135.091718,35.740698],[135.092209,35.739633],[135.092622,35.741451]]],[[[135.110563,35.745459],[135.112958,35.745645],[135.111347,35.746807],[135.110563,35.745459]]],[[[140.857069,35.747262],[140.856504,35.747892],[140.856524,35.746769],[140.857069,35.747262]]],[[[140.871736,35.741047],[140.864932,35.744567],[140.860989,35.749856],[140.871736,35.741047]]],[[[135.156047,35.754032],[135.156741,35.755387],[135.154636,35.755341],[135.156047,35.754032]]],[[[135.135659,35.757211],[135.135089,35.757664],[135.134533,35.757027],[135.135659,35.757211]]],[[[140.846994,35.759183],[140.846686,35.759953],[140.845263,35.756792],[140.846994,35.759183]]],[[[136.013171,35.759966],[136.012714,35.760379],[136.012399,35.759776],[136.013171,35.759966]]],[[[135.175318,35.761913],[135.180447,35.761997],[135.177533,35.762419],[135.175318,35.761913]]],[[[135.180086,35.764129],[135.17936,35.763664],[135.179328,35.763056],[135.180086,35.764129]]],[[[136.016626,35.76396],[136.016219,35.76446],[136.015436,35.763853],[136.016626,35.76396]]],[[[135.993988,35.88787],[135.993483,35.887684],[135.994785,35.887177],[135.993988,35.88787]]],[[[135.99448,35.895384],[135.994707,35.895896],[135.992226,35.895258],[135.99448,35.895384]]],[[[140.696223,35.930138],[140.695143,35.932025],[140.694113,35.931911],[140.696223,35.930138]]],[[[135.996399,35.930989],[135.996237,35.931573],[135.995652,35.932423],[135.996399,35.930989]]],[[[135.994831,35.933825],[135.993851,35.932518],[135.994167,35.931693],[135.994831,35.933825]]],[[[140.699793,35.936928],[140.703509,35.938677],[140.700799,35.937722],[140.699793,35.936928]]],[[[135.986409,35.94733],[135.985162,35.945335],[135.986044,35.945622],[135.986409,35.94733]]],[[[135.985104,35.950414],[135.983729,35.951673],[135.984576,35.950233],[135.985104,35.950414]]],[[[135.981651,35.954935],[135.980265,35.955371],[135.980869,35.954603],[135.981651,35.954935]]],[[[133.052493,35.994191],[133.053349,35.994177],[133.052746,35.994647],[133.052493,35.994191]]],[[[133.029368,35.993644],[133.029632,35.994821],[133.027102,35.994545],[133.029368,35.993644]]],[[[133.040361,35.996449],[133.038191,35.997666],[133.037588,35.996951],[133.040361,35.996449]]],[[[140.655526,35.998145],[140.65733,35.998213],[140.65745,35.998747],[140.655526,35.998145]]],[[[133.079694,35.994907],[133.079923,35.996879],[133.077179,36.0],[133.079694,35.994907]]],[[[133.073255,35.999498],[133.072804,36.000224],[133.072645,35.997616],[133.073255,35.999498]]],[[[133.051865,36.002933],[133.050493,36.002567],[133.05102,36.002251],[133.051865,36.002933]]],[[[133.052493,35.994191],[133.052233,35.995875],[133.053342,35.996602],[133.052493,35.994191]]],[[[133.071064,36.00847],[133.070732,36.007789],[133.071334,36.007671],[133.071064,36.00847]]],[[[133.072999,36.010948],[133.074435,36.010411],[133.075307,36.011311],[133.072999,36.010948]]],[[[133.02071,36.032289],[133.02017,36.032802],[133.020191,36.031912],[133.02071,36.032289]]],[[[133.011853,36.032543],[133.009525,36.001845],[133.072999,36.010948],[133.013413,36.03083],[133.011853,36.032543]]],[[[133.011853,36.032543],[133.012061,36.033162],[133.011499,36.033044],[133.011853,36.032543]]],[[[133.027118,36.032633],[133.027704,36.032661],[133.027378,36.033179],[133.027118,36.032633]]],[[[133.082423,36.040684],[133.083304,36.040836],[133.082791,36.041213],[133.082423,36.040684]]],[[[133.00479,36.04895],[133.003674,36.04895],[133.003321,36.04819],[133.00479,36.04895]]],[[[133.001005,36.050848],[133.000437,36.050319],[133.000881,36.049975],[133.001005,36.050848]]],[[[140.619717,36.06612],[140.621054,36.066092],[140.620926,36.066728],[140.619717,36.06612]]],[[[133.137252,36.070449],[133.136343,36.07037],[133.135622,36.07042],[133.137252,36.070449]]],[[[132.947721,36.081995],[132.946702,36.082304],[132.947065,36.081662],[132.947721,36.081995]]],[[[132.963189,36.098226],[132.963191,36.098787],[132.962501,36.09846],[132.963189,36.098226]]],[[[132.962862,36.100204],[132.962362,36.100351],[132.963142,36.099541],[132.962862,36.100204]]],[[[133.041667,36.106787],[133.040849,36.106734],[133.043284,36.105957],[133.041667,36.106787]]],[[[133.167011,36.107363],[133.164776,36.108495],[133.167163,36.109903],[133.167011,36.107363]]],[[[136.047158,36.115085],[136.04713,36.115704],[136.046257,36.115275],[136.047158,36.115085]]],[[[133.08599,36.115545],[133.085559,36.116159],[133.084852,36.115658],[133.08599,36.115545]]],[[[133.082423,36.040684],[133.096954,36.072255],[133.152628,36.074539],[133.117446,36.083913],[133.132519,36.111153],[133.079905,36.112498],[133.080254,36.039211],[133.082423,36.040684]]],[[[136.051858,36.125846],[136.051043,36.126009],[136.049301,36.126012],[136.051858,36.125846]]],[[[133.12205,36.129123],[133.121072,36.128769],[133.119765,36.127463],[133.12205,36.129123]]],[[[136.063309,36.131982],[136.062757,36.132719],[136.06212,36.132503],[136.063309,36.131982]]],[[[133.055217,36.132909],[133.05431,36.133254],[133.054207,36.132599],[133.055217,36.132909]]],[[[133.04379,36.136271],[133.04311,36.13586],[133.044164,36.135668],[133.04379,36.136271]]],[[[133.090107,36.13742],[133.091443,36.136726],[133.092556,36.138259],[133.090107,36.13742]]],[[[133.179663,36.136995],[133.176158,36.139324],[133.174782,36.140167],[133.179663,36.136995]]],[[[133.090107,36.13742],[133.014513,36.137616],[132.945803,36.079781],[132.998386,36.037989],[132.979207,36.088732],[133.006345,36.105689],[133.007514,36.074196],[133.046235,36.060898],[133.041099,36.109689],[133.089738,36.135412],[133.090107,36.13742]]],[[[133.069376,36.141521],[133.070364,36.142223],[133.069145,36.142824],[133.069376,36.141521]]],[[[133.12159,36.147424],[133.120834,36.14828],[133.120894,36.1474],[133.12159,36.147424]]],[[[133.122652,36.148472],[133.121958,36.148004],[133.122116,36.147154],[133.122652,36.148472]]],[[[133.255474,36.153229],[133.255802,36.154249],[133.255045,36.154519],[133.255474,36.153229]]],[[[133.073906,36.153834],[133.072883,36.154639],[133.071894,36.154467],[133.073906,36.153834]]],[[[133.239057,36.157527],[133.238245,36.158203],[133.23636,36.156784],[133.239057,36.157527]]],[[[133.238731,36.159031],[133.238285,36.159442],[133.237089,36.158976],[133.238731,36.159031]]],[[[133.253762,36.156561],[133.254923,36.156889],[133.254693,36.157876],[133.253762,36.156561]]],[[[133.292915,36.175446],[133.292334,36.174199],[133.293077,36.174155],[133.292915,36.175446]]],[[[133.197035,36.178342],[133.199525,36.178106],[133.19865,36.178451],[133.197035,36.178342]]],[[[133.197035,36.178342],[133.196343,36.178599],[133.195941,36.177943],[133.197035,36.178342]]],[[[133.234742,36.189582],[133.235147,36.18921],[133.235727,36.1896],[133.234742,36.189582]]],[[[136.126576,36.198902],[136.123045,36.197683],[136.126274,36.198431],[136.126576,36.198902]]],[[[133.346382,36.207087],[133.345074,36.206793],[133.345004,36.206009],[133.346382,36.207087]]],[[[133.346382,36.207087],[133.34631,36.206516],[133.347396,36.2059],[133.346382,36.207087]]],[[[133.182077,36.212124],[133.181449,36.211561],[133.182062,36.21156],[133.182077,36.212124]]],[[[133.194672,36.212273],[133.193354,36.212734],[133.193825,36.212275],[133.194672,36.212273]]],[[[133.188235,36.245928],[133.187363,36.246624],[133.187345,36.245438],[133.188235,36.245928]]],[[[133.382129,36.249396],[133.380432,36.248744],[133.381659,36.248688],[133.382129,36.249396]]],[[[133.378322,36.251461],[133.375938,36.251074],[133.376972,36.25017],[133.378322,36.251461]]],[[[136.120636,36.253543],[136.120193,36.252675],[136.119188,36.253488],[136.120636,36.253543]]],[[[136.14742,36.254857],[136.147314,36.255681],[136.146438,36.256281],[136.14742,36.254857]]],[[[133.185548,36.269273],[133.18502,36.268777],[133.185063,36.268212],[133.185548,36.269273]]],[[[133.385745,36.270281],[133.386947,36.270342],[133.385984,36.270773],[133.385745,36.270281]]],[[[133.375316,36.279658],[133.374821,36.2801],[133.374315,36.278943],[133.375316,36.279658]]],[[[133.373051,36.280202],[133.373655,36.280396],[133.373357,36.281145],[133.373051,36.280202]]],[[[133.366361,36.280866],[133.366605,36.282612],[133.365697,36.282007],[133.366361,36.280866]]],[[[133.196819,36.284909],[133.194815,36.284438],[133.194934,36.283621],[133.196819,36.284909]]],[[[133.359379,36.293193],[133.358516,36.292911],[133.359678,36.292538],[133.359379,36.293193]]],[[[133.362365,36.295244],[133.361471,36.294073],[133.362281,36.292918],[133.362365,36.295244]]],[[[133.370883,36.297528],[133.369802,36.296816],[133.37008,36.296078],[133.370883,36.297528]]],[[[133.367093,36.298296],[133.366325,36.297936],[133.366716,36.297134],[133.367093,36.298296]]],[[[133.362827,36.298274],[133.361993,36.298415],[133.362017,36.297683],[133.362827,36.298274]]],[[[133.370883,36.297528],[133.372414,36.29959],[133.371436,36.299029],[133.370883,36.297528]]],[[[133.345296,36.302109],[133.344782,36.301777],[133.345599,36.301687],[133.345296,36.302109]]],[[[140.580999,36.308631],[140.578726,36.308555],[140.578492,36.306916],[140.580999,36.308631]]],[[[133.344177,36.308987],[133.342987,36.309444],[133.343641,36.307507],[133.344177,36.308987]]],[[[140.585052,36.310718],[140.584726,36.30917],[140.585381,36.309139],[140.585052,36.310718]]],[[[133.215198,36.311921],[133.214309,36.312263],[133.214614,36.311774],[133.215198,36.311921]]],[[[133.214885,36.314385],[133.213691,36.31436],[133.213931,36.313116],[133.214885,36.314385]]],[[[133.220014,36.314835],[133.219378,36.314525],[133.220221,36.313879],[133.220014,36.314835]]],[[[133.322798,36.328487],[133.322332,36.327879],[133.32291,36.327597],[133.322798,36.328487]]],[[[133.312281,36.330492],[133.311606,36.329507],[133.312464,36.329426],[133.312281,36.330492]]],[[[133.235657,36.335382],[133.23505,36.334784],[133.236442,36.334016],[133.235657,36.335382]]],[[[140.594906,36.337728],[140.596574,36.33797],[140.5954,36.338127],[140.594906,36.337728]]],[[[140.603034,36.339581],[140.602289,36.339989],[140.602144,36.339043],[140.603034,36.339581]]],[[[133.362365,36.295244],[133.27905,36.348888],[133.22465,36.328872],[133.204458,36.279581],[133.179302,36.288044],[133.182077,36.212124],[133.244861,36.190159],[133.247823,36.159812],[133.279904,36.188153],[133.342012,36.170663],[133.306241,36.198402],[133.345165,36.224679],[133.339463,36.19601],[133.369926,36.205469],[133.386095,36.268274],[133.361198,36.295326],[133.362365,36.295244]]],[[[133.283003,36.350468],[133.282453,36.350668],[133.281848,36.349845],[133.283003,36.350468]]],[[[133.277503,36.349685],[133.276315,36.351066],[133.274574,36.350482],[133.277503,36.349685]]],[[[133.280911,36.351209],[133.2811,36.351804],[133.281398,36.353913],[133.280911,36.351209]]],[[[133.278199,36.354152],[133.277578,36.356146],[133.276126,36.355878],[133.278199,36.354152]]],[[[140.610607,36.46504],[140.613384,36.464714],[140.614809,36.465506],[140.610607,36.46504]]],[[[140.644112,36.54072],[140.644813,36.540275],[140.64538,36.540587],[140.644112,36.54072]]],[[[140.644112,36.54072],[140.644613,36.541575],[140.643428,36.541181],[140.644112,36.54072]]],[[[140.658565,36.577797],[140.659912,36.577373],[140.660315,36.577875],[140.658565,36.577797]]],[[[140.662312,36.5783],[140.661645,36.576857],[140.662326,36.577389],[140.662312,36.5783]]],[[[137.300988,36.758592],[137.299342,36.759179],[137.299196,36.758552],[137.300988,36.758592]]],[[[137.229141,36.764583],[137.230228,36.766026],[137.229317,36.765359],[137.229141,36.764583]]],[[[137.142617,36.769555],[137.144058,36.769994],[137.141867,36.769849],[137.142617,36.769555]]],[[[137.097256,36.782866],[137.094338,36.783828],[137.092339,36.785371],[137.097256,36.782866]]],[[[137.092339,36.785371],[137.090912,36.786146],[137.090164,36.785565],[137.092339,36.785371]]],[[[137.082972,36.785567],[137.083374,36.785118],[137.083734,36.786978],[137.082972,36.785567]]],[[[137.394378,36.820586],[137.392932,36.821079],[137.392963,36.820137],[137.394378,36.820586]]],[[[137.412096,36.852234],[137.411701,36.853132],[137.4111,36.852317],[137.412096,36.852234]]],[[[140.800659,36.861031],[140.799513,36.859172],[140.799273,36.85741],[140.800659,36.861031]]],[[[137.41532,36.866505],[137.414957,36.867019],[137.413937,36.866385],[137.41532,36.866505]]],[[[137.414957,36.867019],[137.414668,36.867567],[137.414115,36.867093],[137.414957,36.867019]]],[[[137.02689,36.917783],[137.027247,36.916975],[137.027686,36.918195],[137.02689,36.917783]]],[[[137.042078,36.932235],[137.04156,36.932604],[137.040015,36.931318],[137.042078,36.932235]]],[[[140.914488,36.9383],[140.913358,36.940362],[140.911765,36.93884],[140.914488,36.9383]]],[[[140.905751,36.940922],[140.906409,36.940761],[140.906651,36.941629],[140.905751,36.940922]]],[[[140.946248,36.95509],[140.945488,36.954525],[140.945934,36.954068],[140.946248,36.95509]]],[[[140.966499,36.96923],[140.965432,36.969002],[140.966218,36.968796],[140.966499,36.96923]]],[[[137.050899,36.978541],[137.052724,36.977561],[137.052044,36.978377],[137.050899,36.978541]]],[[[140.977778,36.992177],[140.979127,36.992105],[140.980863,36.993465],[140.977778,36.992177]]],[[[136.762959,37.001258],[136.761674,37.001735],[136.763221,37.000554],[136.762959,37.001258]]],[[[137.726524,37.002449],[137.726804,37.003497],[137.726285,37.003114],[137.726524,37.002449]]],[[[136.75306,37.007844],[136.752443,37.008386],[136.752166,37.007418],[136.75306,37.007844]]],[[[140.979714,37.008298],[140.98083,37.008721],[140.980646,37.009481],[140.979714,37.008298]]],[[[137.04758,37.031743],[137.048495,37.031191],[137.048423,37.031824],[137.04758,37.031743]]],[[[136.992257,37.052152],[136.991642,37.052388],[136.990372,37.051573],[136.992257,37.052152]]],[[[136.722123,37.060619],[136.719049,37.06062],[136.719091,37.058941],[136.722123,37.060619]]],[[[137.932204,37.071931],[137.931392,37.072895],[137.93072,37.072672],[137.932204,37.071931]]],[[[136.88919,37.074488],[136.888729,37.074087],[136.88906,37.073422],[136.88919,37.074488]]],[[[136.71808,37.077613],[136.717473,37.075922],[136.718036,37.074999],[136.71808,37.077613]]],[[[136.937097,37.077873],[136.936626,37.077233],[136.93683,37.076497],[136.937097,37.077873]]],[[[136.892005,37.10289],[136.8911,37.101943],[136.891474,37.101449],[136.892005,37.10289]]],[[[136.994527,37.105102],[136.993973,37.105521],[136.992667,37.104812],[136.994527,37.105102]]],[[[141.001541,37.10795],[140.999996,37.107962],[141.000957,37.107669],[141.001541,37.10795]]],[[[136.998404,37.107916],[136.997598,37.108374],[136.997859,37.107721],[136.998404,37.107916]]],[[[136.892005,37.10289],[136.89283,37.10585],[136.892526,37.108677],[136.892005,37.10289]]],[[[137.999189,37.111496],[137.997255,37.111213],[137.998886,37.110966],[137.999189,37.111496]]],[[[141.000794,37.117277],[141.001343,37.115651],[141.001403,37.117475],[141.000794,37.117277]]],[[[137.050149,37.128143],[137.050607,37.127609],[137.050702,37.128397],[137.050149,37.128143]]],[[[136.725824,37.133371],[136.725415,37.133774],[136.725278,37.133231],[136.725824,37.133371]]],[[[136.727277,37.133943],[136.726341,37.134108],[136.725824,37.133371],[136.727277,37.133943]]],[[[138.051093,37.135051],[138.050338,37.135586],[138.050498,37.13443],[138.051093,37.135051]]],[[[136.903886,37.13498],[136.903752,37.135642],[136.902716,37.133993],[136.903886,37.13498]]],[[[138.050699,37.136349],[138.050385,37.137214],[138.049822,37.13707],[138.050699,37.136349]]],[[[136.889522,37.14755],[136.888873,37.147951],[136.889298,37.146971],[136.889522,37.14755]]],[[[136.993267,37.154645],[136.993408,37.155415],[136.992398,37.154328],[136.993267,37.154645]]],[[[136.982663,37.15605],[136.982237,37.155576],[136.982753,37.154841],[136.982663,37.15605]]],[[[137.05035,37.154292],[137.051108,37.154107],[137.050813,37.156459],[137.05035,37.154292]]],[[[136.988474,37.16177],[136.987476,37.162451],[136.986953,37.162005],[136.988474,37.16177]]],[[[136.987306,37.164417],[136.986283,37.163902],[136.98761,37.163006],[136.987306,37.164417]]],[[[138.142164,37.163771],[138.14247,37.164818],[138.141532,37.165571],[138.142164,37.163771]]],[[[137.050813,37.156459],[136.925587,37.130271],[136.901571,37.152258],[136.945499,37.091074],[137.048742,37.121295],[137.049479,37.156251],[137.050813,37.156459]],[[137.003878,37.11964],[137.003309,37.120456],[137.004191,37.120496],[137.003878,37.11964]]],[[[136.67437,37.16789],[136.673043,37.168823],[136.674524,37.166768],[136.67437,37.16789]]],[[[138.267568,37.200486],[138.26317,37.200512],[138.266459,37.199933],[138.267568,37.200486]]],[[[136.920655,37.201632],[136.920354,37.203745],[136.919716,37.200876],[136.920655,37.201632]]],[[[131.86791,37.239117],[131.867228,37.238926],[131.8682,37.238375],[131.86791,37.239117]]],[[[131.863006,37.241649],[131.862512,37.24185],[131.861805,37.241788],[131.863006,37.241649]]],[[[131.86791,37.239117],[131.868885,37.238447],[131.869687,37.238131],[131.86791,37.239117]]],[[[136.701638,37.241909],[136.699622,37.242444],[136.699807,37.241579],[136.701638,37.241909]]],[[[131.866195,37.242721],[131.865326,37.244314],[131.864906,37.242717],[131.866195,37.242721]]],[[[131.864241,37.247358],[131.86346,37.247741],[131.863876,37.246975],[131.864241,37.247358]]],[[[136.70689,37.24961],[136.705952,37.249977],[136.704841,37.248271],[136.70689,37.24961]]],[[[138.375058,37.270751],[138.374811,37.271588],[138.374088,37.271449],[138.375058,37.270751]]],[[[137.157687,37.299822],[137.156512,37.299025],[137.157029,37.298803],[137.157687,37.299822]]],[[[141.032328,37.315542],[141.029923,37.31463],[141.031062,37.314613],[141.032328,37.315542]]],[[[141.029676,37.335994],[141.029172,37.336608],[141.029014,37.335865],[141.029676,37.335994]]],[[[141.029676,37.335994],[141.031296,37.335217],[141.029414,37.3377],[141.029676,37.335994]]],[[[137.267252,37.350204],[137.266796,37.350917],[137.266327,37.350156],[137.267252,37.350204]]],[[[138.509029,37.356318],[138.508418,37.356989],[138.50797,37.356543],[138.509029,37.356318]]],[[[138.522086,37.362927],[138.521546,37.363672],[138.520812,37.363613],[138.522086,37.362927]]],[[[138.526771,37.365825],[138.527361,37.366249],[138.526882,37.366948],[138.526771,37.365825]]],[[[138.541281,37.371815],[138.540372,37.371893],[138.540925,37.370905],[138.541281,37.371815]]],[[[137.247937,37.395954],[137.246437,37.396613],[137.247225,37.395925],[137.247937,37.395954]]],[[[136.901217,37.399525],[136.903108,37.400947],[136.902063,37.401796],[136.901217,37.399525]]],[[[136.904149,37.403283],[136.903811,37.4037],[136.903362,37.402862],[136.904149,37.403283]]],[[[136.879785,37.406409],[136.88109,37.405858],[136.880388,37.406641],[136.879785,37.406409]]],[[[136.868472,37.4071],[136.868625,37.407602],[136.867519,37.407101],[136.868472,37.4071]]],[[[141.035507,37.419918],[141.036559,37.419717],[141.036336,37.424063],[141.035507,37.419918]]],[[[141.035827,37.42719],[141.035314,37.427253],[141.035602,37.425975],[141.035827,37.42719]]],[[[137.26298,37.429695],[137.265587,37.429139],[137.266366,37.429509],[137.26298,37.429695]]],[[[138.589597,37.43333],[138.588315,37.432435],[138.587168,37.430028],[138.589597,37.43333]]],[[[137.266188,37.435669],[137.266346,37.433005],[137.266806,37.434728],[137.266188,37.435669]]],[[[137.309805,37.436775],[137.306456,37.437498],[137.306239,37.438014],[137.309805,37.436775]]],[[[138.594255,37.439423],[138.593356,37.438562],[138.592651,37.437286],[138.594255,37.439423]]],[[[137.095276,37.477965],[137.094073,37.479156],[137.093677,37.478768],[137.095276,37.477965]]],[[[137.100739,37.479466],[137.100946,37.480385],[137.09999,37.479777],[137.100739,37.479466]]],[[[141.043053,37.481041],[141.043571,37.481776],[141.044731,37.481526],[141.043053,37.481041]]],[[[137.106769,37.484108],[137.107415,37.485062],[137.106859,37.485031],[137.106769,37.484108]]],[[[137.119548,37.489967],[137.118107,37.489841],[137.118693,37.489301],[137.119548,37.489967]]],[[[137.122006,37.492124],[137.121396,37.492403],[137.12012,37.491839],[137.122006,37.492124]]],[[[137.200774,37.507798],[137.201091,37.509857],[137.200282,37.510104],[137.200774,37.507798]]],[[[137.220002,37.51643],[137.219861,37.517104],[137.218359,37.515724],[137.220002,37.51643]]],[[[137.224425,37.516688],[137.225095,37.517026],[137.22434,37.517474],[137.224425,37.516688]]],[[[137.234915,37.520897],[137.234482,37.521439],[137.233845,37.520803],[137.234915,37.520897]]],[[[137.332381,37.522709],[137.331638,37.523381],[137.332271,37.521806],[137.332381,37.522709]]],[[[137.328413,37.525155],[137.329315,37.523872],[137.330713,37.522999],[137.328413,37.525155]]],[[[137.286659,37.532041],[137.286265,37.532642],[137.285969,37.531952],[137.286659,37.532041]]],[[[137.276031,37.533819],[137.276272,37.534613],[137.273899,37.533427],[137.276031,37.533819]]],[[[138.684791,37.543802],[138.683217,37.543087],[138.684539,37.542563],[138.684791,37.543802]]],[[[136.854899,37.58913],[136.853453,37.588297],[136.854012,37.587619],[136.854899,37.58913]]],[[[136.87791,37.587143],[136.877364,37.587973],[136.876969,37.588558],[136.87791,37.587143]]],[[[136.863769,37.592572],[136.86201,37.592075],[136.863699,37.591486],[136.863769,37.592572]]],[[[136.902392,37.610351],[136.902121,37.611815],[136.90171,37.611274],[136.902392,37.610351]]],[[[136.89797,37.611198],[136.897033,37.61192],[136.897001,37.6113],[136.89797,37.611198]]],[[[136.902392,37.610351],[136.901103,37.61133],[136.901366,37.61223],[136.902392,37.610351]]],[[[136.888123,37.615062],[136.88797,37.615862],[136.886983,37.615814],[136.888123,37.615062]]],[[[138.75985,37.640863],[138.759212,37.642614],[138.759428,37.640243],[138.75985,37.640863]]],[[[138.796242,37.743907],[138.794992,37.744063],[138.793466,37.743216],[138.796242,37.743907]]],[[[138.238679,37.805893],[138.237792,37.805581],[138.239111,37.805187],[138.238679,37.805893]]],[[[138.266308,37.807868],[138.26532,37.806318],[138.266704,37.806598],[138.266308,37.807868]]],[[[138.203544,37.821813],[138.202879,37.822024],[138.203036,37.821454],[138.203544,37.821813]]],[[[138.307909,37.824092],[138.309776,37.823185],[138.313156,37.822723],[138.307909,37.824092]]],[[[138.334401,37.825639],[138.334912,37.824789],[138.33664,37.825066],[138.334401,37.825639]]],[[[140.976796,37.827057],[140.978037,37.82802],[140.9773,37.828244],[140.976796,37.827057]]],[[[138.204473,37.828367],[138.203781,37.828572],[138.203917,37.828078],[138.204473,37.828367]]],[[[140.977402,37.829838],[140.977622,37.82897],[140.981284,37.827956],[140.977402,37.829838]]],[[[138.210884,37.830036],[138.21083,37.83075],[138.210311,37.830269],[138.210884,37.830036]]],[[[140.975981,37.830368],[140.975099,37.831459],[140.976268,37.829179],[140.975981,37.830368]]],[[[138.250906,37.843356],[138.251397,37.843683],[138.250803,37.843989],[138.250906,37.843356]]],[[[136.924455,37.852306],[136.924707,37.851062],[136.9251,37.851924],[136.924455,37.852306]]],[[[136.919456,37.85435],[136.91991,37.855031],[136.918784,37.854602],[136.919456,37.85435]]],[[[136.924455,37.852306],[136.923571,37.852928],[136.924261,37.854557],[136.924455,37.852306]],[[136.919859,37.84887],[136.918489,37.848605],[136.918732,37.849658],[136.919859,37.84887]]],[[[140.937465,37.871846],[140.938531,37.87421],[140.937337,37.873571],[140.937465,37.871846]]],[[[140.931539,37.903997],[140.930364,37.903776],[140.930471,37.902119],[140.931539,37.903997]]],[[[138.485008,37.91119],[138.48507,37.911696],[138.484473,37.911422],[138.485008,37.91119]]],[[[139.020458,37.923349],[139.02169,37.924389],[139.019227,37.922948],[139.020458,37.923349]]],[[[138.334899,37.959698],[138.335266,37.960774],[138.333169,37.958876],[138.334899,37.959698]]],[[[138.241472,37.967494],[138.240446,37.966896],[138.24155,37.966875],[138.241472,37.967494]]],[[[139.159883,37.970578],[139.159761,37.971465],[139.159268,37.971321],[139.159883,37.970578]]],[[[138.239352,37.972063],[138.238227,37.97136],[138.238942,37.971488],[138.239352,37.972063]]],[[[138.258527,37.975718],[138.259319,37.975231],[138.260961,37.975709],[138.258527,37.975718]]],[[[138.521036,37.977682],[138.522026,37.975816],[138.521838,37.977216],[138.521036,37.977682]]],[[[138.228407,37.978956],[138.227889,37.97821],[138.228516,37.978141],[138.228407,37.978956]]],[[[139.188823,37.978788],[139.188077,37.981302],[139.187211,37.981041],[139.188823,37.978788]]],[[[138.229036,37.9848],[138.228381,37.985357],[138.228601,37.984467],[138.229036,37.9848]]],[[[138.228227,37.991811],[138.227546,37.991471],[138.228343,37.991016],[138.228227,37.991811]]],[[[138.228227,37.991811],[138.227814,37.992901],[138.22709,37.992701],[138.228227,37.991811]]],[[[138.223532,38.011439],[138.222375,38.011306],[138.22232,38.010755],[138.223532,38.011439]]],[[[138.221805,38.01145],[138.220921,38.011665],[138.221098,38.011032],[138.221805,38.01145]]],[[[138.224217,38.011996],[138.222733,38.012024],[138.223532,38.011439],[138.224217,38.011996]]],[[[138.219356,38.017134],[138.218575,38.016876],[138.220375,38.016491],[138.219356,38.017134]]],[[[138.222872,38.017615],[138.220277,38.017325],[138.222175,38.017159],[138.222872,38.017615]]],[[[139.268332,38.017735],[139.268079,38.018609],[139.267581,38.018299],[139.268332,38.017735]]],[[[138.56633,38.048953],[138.566377,38.050473],[138.565909,38.048523],[138.56633,38.048953]]],[[[138.456462,38.07071],[138.457513,38.071244],[138.456114,38.071813],[138.456462,38.07071]]],[[[138.500655,38.072502],[138.499875,38.072267],[138.501422,38.072223],[138.500655,38.072502]]],[[[138.245404,38.074625],[138.244858,38.075497],[138.24365,38.07534],[138.245404,38.074625]]],[[[138.571755,38.075841],[138.572428,38.073665],[138.572306,38.075429],[138.571755,38.075841]]],[[[138.239453,38.081316],[138.238549,38.080716],[138.238846,38.079852],[138.239453,38.081316]]],[[[138.238839,38.082558],[138.238097,38.082859],[138.237351,38.082164],[138.238839,38.082558]]],[[[138.239453,38.081316],[138.239342,38.081867],[138.239259,38.082916],[138.239453,38.081316]]],[[[138.549132,38.081763],[138.549375,38.082978],[138.548627,38.082583],[138.549132,38.081763]]],[[[138.241107,38.085235],[138.241106,38.087063],[138.24027,38.086722],[138.241107,38.085235]]],[[[138.438696,38.089077],[138.438095,38.088293],[138.438592,38.087258],[138.438696,38.089077]]],[[[138.435611,38.092524],[138.437662,38.090464],[138.440216,38.089514],[138.435611,38.092524]]],[[[138.247889,38.09335],[138.247295,38.094289],[138.246239,38.09354],[138.247889,38.09335]]],[[[138.450313,38.139522],[138.45107,38.140308],[138.451064,38.141271],[138.450313,38.139522]]],[[[138.308196,38.169727],[138.307341,38.170123],[138.306848,38.169536],[138.308196,38.169727]]],[[[140.966869,38.169576],[140.967573,38.170468],[140.963319,38.168713],[140.966869,38.169576]]],[[[138.341943,38.199918],[138.341109,38.20077],[138.339668,38.200816],[138.341943,38.199918]]],[[[138.337889,38.201039],[138.335575,38.200118],[138.335617,38.199504],[138.337889,38.201039]]],[[[138.325089,38.201025],[138.324664,38.201364],[138.324287,38.200514],[138.325089,38.201025]]],[[[138.49682,38.226555],[138.496088,38.225023],[138.496829,38.225725],[138.49682,38.226555]]],[[[138.373643,38.229024],[138.372685,38.229415],[138.372962,38.228545],[138.373643,38.229024]]],[[[138.3882,38.244649],[138.387166,38.243718],[138.388505,38.24371],[138.3882,38.244649]]],[[[138.393272,38.246537],[138.392454,38.246419],[138.392034,38.246055],[138.393272,38.246537]]],[[[138.393089,38.247352],[138.392316,38.24828],[138.391261,38.247798],[138.393089,38.247352]]],[[[138.398257,38.248504],[138.397786,38.247742],[138.398157,38.247388],[138.398257,38.248504]]],[[[141.494168,38.260577],[141.49386,38.261116],[141.493152,38.260791],[141.494168,38.260577]]],[[[141.027895,38.265449],[141.032331,38.265549],[141.033246,38.266616],[141.027895,38.265449]]],[[[141.474724,38.281249],[141.457101,38.268192],[141.501417,38.24617],[141.475221,38.280415],[141.474724,38.281249]]],[[[138.434103,38.287649],[138.432899,38.287342],[138.434051,38.28675],[138.434103,38.287649]]],[[[138.435185,38.290356],[138.434612,38.29012],[138.435278,38.289605],[138.435185,38.290356]]],[[[141.435261,38.289225],[141.435867,38.289651],[141.43521,38.289766],[141.435261,38.289225]]],[[[138.437169,38.291321],[138.436039,38.290585],[138.436738,38.289779],[138.437169,38.291321]]],[[[138.431486,38.293375],[138.431051,38.292913],[138.431709,38.292885],[138.431486,38.293375]]],[[[141.425128,38.294143],[141.426436,38.294971],[141.425315,38.29518],[141.425128,38.294143]]],[[[141.4768,38.301047],[141.476489,38.301698],[141.475963,38.302956],[141.4768,38.301047]]],[[[138.440498,38.305373],[138.439796,38.305145],[138.440573,38.304671],[138.440498,38.305373]]],[[[138.445439,38.307096],[138.444554,38.307392],[138.444942,38.306948],[138.445439,38.307096]]],[[[138.45387,38.309716],[138.453355,38.31038],[138.453232,38.310895],[138.45387,38.309716]]],[[[141.425128,38.294143],[141.424284,38.294574],[141.423972,38.295961],[141.425128,38.294143]]],[[[141.577705,38.305941],[141.547838,38.302529],[141.558012,38.281955],[141.585949,38.27705],[141.578406,38.305383],[141.577705,38.305941]]],[[[141.055397,38.314419],[141.054863,38.314882],[141.052214,38.314858],[141.055397,38.314419]]],[[[141.162528,38.315128],[141.162131,38.314409],[141.163488,38.313632],[141.162528,38.315128]]],[[[141.448317,38.315217],[141.447986,38.31572],[141.446846,38.314199],[141.448317,38.315217]]],[[[141.187213,38.315318],[141.186728,38.3168],[141.186188,38.31696],[141.187213,38.315318]]],[[[141.177186,38.320261],[141.177091,38.319483],[141.177718,38.319365],[141.177186,38.320261]]],[[[141.156684,38.317661],[141.157557,38.317071],[141.158942,38.317112],[141.156684,38.317661]],[[141.156684,38.317661],[141.157183,38.31862],[141.157521,38.318181],[141.156684,38.317661]]],[[[141.154097,38.318812],[141.154022,38.320701],[141.153056,38.321552],[141.154097,38.318812]]],[[[141.119761,38.319505],[141.119373,38.320155],[141.120244,38.320261],[141.119761,38.319505]]],[[[141.177326,38.321542],[141.179537,38.320887],[141.178205,38.32185],[141.177326,38.321542]]],[[[141.138907,38.32305],[141.137881,38.321582],[141.139359,38.32162],[141.138907,38.32305]]],[[[141.070816,38.323194],[141.070901,38.322622],[141.071516,38.322429],[141.070816,38.323194]]],[[[141.123639,38.324662],[141.123071,38.325259],[141.12311,38.324631],[141.123639,38.324662]]],[[[141.107105,38.327462],[141.108575,38.326111],[141.10921,38.326542],[141.107105,38.327462]]],[[[141.07452,38.327043],[141.074965,38.32794],[141.073293,38.326891],[141.07452,38.327043]]],[[[141.467611,38.326994],[141.466917,38.327954],[141.466704,38.326185],[141.467611,38.326994]]],[[[138.49682,38.226555],[138.521475,38.325311],[138.461236,38.323884],[138.437524,38.262345],[138.324413,38.198634],[138.24233,38.087433],[138.227244,37.979328],[138.254877,37.964688],[138.298036,38.007166],[138.343691,37.965454],[138.284625,37.919459],[138.269209,37.847838],[138.205198,37.828582],[138.21624,37.809786],[138.359515,37.830417],[138.500128,37.920364],[138.574601,38.062954],[138.563177,38.088066],[138.481417,38.062315],[138.436535,38.082125],[138.4959,38.227047],[138.49682,38.226555]],[[138.374867,38.226014],[138.37536,38.22642],[138.37564,38.225701],[138.374867,38.226014]],[[138.314236,38.17814],[138.315418,38.178364],[138.314782,38.177536],[138.314236,38.17814]],[[138.240396,38.08324],[138.24115,38.083916],[138.242558,38.083073],[138.240396,38.08324]],[[138.251538,37.80389],[138.251016,37.80422],[138.251728,37.805116],[138.251538,37.80389]]],[[[141.084256,38.331478],[141.084508,38.332142],[141.083836,38.332687],[141.084256,38.331478]]],[[[141.110522,38.335114],[141.111318,38.333932],[141.111347,38.33499],[141.110522,38.335114]]],[[[141.105717,38.336066],[141.104198,38.336094],[141.104042,38.33541],[141.105717,38.336066]]],[[[138.484856,38.33195],[138.485029,38.333395],[138.483702,38.334104],[138.484856,38.33195]]],[[[141.092693,38.336349],[141.092452,38.337088],[141.091611,38.336632],[141.092693,38.336349]]],[[[141.051705,38.33604],[141.05143,38.337195],[141.051042,38.336633],[141.051705,38.33604]]],[[[141.091611,38.336632],[141.107105,38.327462],[141.090911,38.335461],[141.091611,38.336632]]],[[[141.168709,38.336385],[141.169409,38.336676],[141.170053,38.337967],[141.168709,38.336385]]],[[[141.051705,38.33604],[141.051672,38.33487],[141.053024,38.335634],[141.051705,38.33604]]],[[[138.489183,38.338048],[138.488451,38.338057],[138.488528,38.337311],[138.489183,38.338048]]],[[[141.089398,38.337701],[141.091111,38.337879],[141.090741,38.338274],[141.089398,38.337701]]],[[[141.048561,38.340499],[141.047562,38.340718],[141.047854,38.339855],[141.048561,38.340499]]],[[[141.044265,38.341248],[141.043467,38.341564],[141.04498,38.343013],[141.044265,38.341248]]],[[[141.104649,38.34015],[141.105061,38.341511],[141.106469,38.342043],[141.104649,38.34015]]],[[[141.115192,38.343447],[141.114075,38.342306],[141.11234,38.342925],[141.115192,38.343447]]],[[[141.103541,38.343346],[141.103095,38.343705],[141.102818,38.342966],[141.103541,38.343346]]],[[[141.126851,38.343573],[141.125085,38.341406],[141.122634,38.341648],[141.126851,38.343573]]],[[[141.106615,38.343909],[141.105598,38.344114],[141.106421,38.343336],[141.106615,38.343909]]],[[[141.126851,38.343573],[141.125982,38.344495],[141.125945,38.343948],[141.126851,38.343573]]],[[[141.05365,38.344743],[141.052771,38.344834],[141.05186,38.344045],[141.05365,38.344743]]],[[[141.110522,38.335114],[141.111266,38.336267],[141.112635,38.336244],[141.110522,38.335114]]],[[[141.063179,38.345502],[141.062444,38.345093],[141.063127,38.344972],[141.063179,38.345502]]],[[[141.05365,38.344743],[141.054614,38.346185],[141.053285,38.345382],[141.05365,38.344743]]],[[[141.136557,38.345943],[141.135728,38.346904],[141.13579,38.344842],[141.136557,38.345943]]],[[[141.172127,38.346368],[141.171698,38.347028],[141.171925,38.34562],[141.172127,38.346368]]],[[[141.061607,38.347129],[141.060352,38.347059],[141.060669,38.346403],[141.061607,38.347129]]],[[[141.112235,38.347148],[141.1111,38.34673],[141.109744,38.346847],[141.112235,38.347148]]],[[[141.128238,38.343732],[141.129451,38.343481],[141.131238,38.345042],[141.128238,38.343732]]],[[[141.167641,38.348885],[141.16828,38.348683],[141.169104,38.347842],[141.167641,38.348885]]],[[[141.167641,38.348885],[141.167436,38.350423],[141.166982,38.34892],[141.167641,38.348885]]],[[[141.11143,38.351087],[141.11164,38.351651],[141.110597,38.351042],[141.11143,38.351087]]],[[[141.115904,38.350183],[141.117109,38.351698],[141.116328,38.351551],[141.115904,38.350183]]],[[[141.170825,38.35074],[141.170415,38.351308],[141.16932,38.351759],[141.170825,38.35074]]],[[[141.122272,38.348741],[141.120507,38.348815],[141.120797,38.350826],[141.122272,38.348741]]],[[[141.115904,38.350183],[141.114953,38.350532],[141.114537,38.351914],[141.115904,38.350183]]],[[[141.123783,38.354224],[141.122438,38.352929],[141.121197,38.353941],[141.123783,38.354224]]],[[[141.127094,38.354315],[141.126551,38.353846],[141.126711,38.352825],[141.127094,38.354315]]],[[[141.117781,38.353864],[141.118188,38.355704],[141.117525,38.355183],[141.117781,38.353864]]],[[[141.161292,38.352511],[141.167313,38.354098],[141.163888,38.353906],[141.161292,38.352511]]],[[[141.067498,38.355801],[141.066302,38.355937],[141.066826,38.355503],[141.067498,38.355801]]],[[[141.136363,38.356338],[141.135694,38.356133],[141.13614,38.355873],[141.136363,38.356338]]],[[[141.127094,38.354315],[141.126665,38.357102],[141.126335,38.355282],[141.127094,38.354315]]],[[[141.161292,38.352511],[141.132695,38.334057],[141.176277,38.319852],[141.163683,38.352437],[141.161292,38.352511]]],[[[141.527194,38.356432],[141.526565,38.356895],[141.527466,38.358298],[141.527194,38.356432]]],[[[141.531044,38.35839],[141.530017,38.359587],[141.529135,38.359151],[141.531044,38.35839]]],[[[141.132162,38.361552],[141.131829,38.362142],[141.131187,38.361941],[141.132162,38.361552]]],[[[141.071943,38.363015],[141.07108,38.363662],[141.070933,38.362932],[141.071943,38.363015]]],[[[141.071943,38.363015],[141.073196,38.363291],[141.072968,38.364074],[141.071943,38.363015]]],[[[141.076221,38.364514],[141.075038,38.364282],[141.074924,38.363585],[141.076221,38.364514]]],[[[141.089447,38.364615],[141.088718,38.364506],[141.089749,38.363958],[141.089447,38.364615]]],[[[141.080516,38.364031],[141.079767,38.364922],[141.079605,38.364019],[141.080516,38.364031]]],[[[141.426222,38.364667],[141.426197,38.365517],[141.422486,38.364209],[141.426222,38.364667]]],[[[141.081415,38.366629],[141.080499,38.36612],[141.081142,38.366031],[141.081415,38.366629]]],[[[141.070436,38.367834],[141.070035,38.368562],[141.069806,38.367793],[141.070436,38.367834]]],[[[141.11043,38.369057],[141.109406,38.367882],[141.109754,38.36721],[141.11043,38.369057]]],[[[141.076055,38.370301],[141.074926,38.370007],[141.076881,38.369857],[141.076055,38.370301]]],[[[141.101257,38.373125],[141.100322,38.371989],[141.100595,38.371464],[141.101257,38.373125]]],[[[141.124267,38.374577],[141.123623,38.374632],[141.125026,38.373583],[141.124267,38.374577]]],[[[141.11793,38.374747],[141.117484,38.373751],[141.118464,38.373443],[141.11793,38.374747]]],[[[141.080155,38.376383],[141.077318,38.377154],[141.075778,38.376956],[141.080155,38.376383]]],[[[141.371041,38.380045],[141.369925,38.379581],[141.370725,38.379286],[141.371041,38.380045]]],[[[141.420662,38.380814],[141.419574,38.380267],[141.417394,38.37688],[141.420662,38.380814]]],[[[141.379004,38.381722],[141.377133,38.383352],[141.375947,38.381204],[141.379004,38.381722]]],[[[141.601705,38.384234],[141.601586,38.384959],[141.600087,38.383927],[141.601705,38.384234]]],[[[141.606333,38.392005],[141.603745,38.390645],[141.603514,38.389668],[141.606333,38.392005]]],[[[141.588786,38.400272],[141.587762,38.399492],[141.588584,38.399462],[141.588786,38.400272]]],[[[141.594112,38.400416],[141.594052,38.401005],[141.593301,38.40046],[141.594112,38.400416]]],[[[141.597976,38.400138],[141.599238,38.399634],[141.599218,38.400887],[141.597976,38.400138]]],[[[141.598854,38.401281],[141.599522,38.401533],[141.599033,38.401901],[141.598854,38.401281]]],[[[141.483246,38.401429],[141.482156,38.402099],[141.481202,38.401781],[141.483246,38.401429]]],[[[141.597976,38.400138],[141.596733,38.399784],[141.596593,38.400734],[141.597976,38.400138]]],[[[139.462561,38.402506],[139.462387,38.403073],[139.461897,38.402794],[139.462561,38.402506]]],[[[141.549565,38.40352],[141.548982,38.40224],[141.549521,38.402295],[141.549565,38.40352]]],[[[141.549565,38.40352],[141.549216,38.404615],[141.548721,38.403995],[141.549565,38.40352]]],[[[141.582222,38.401444],[141.582266,38.402646],[141.583598,38.403164],[141.582222,38.401444]]],[[[141.553653,38.403403],[141.553961,38.403955],[141.553943,38.405117],[141.553653,38.403403]]],[[[141.472363,38.407922],[141.472603,38.405772],[141.473018,38.406761],[141.472363,38.407922]]],[[[141.506443,38.408804],[141.507542,38.409615],[141.506308,38.409767],[141.506443,38.408804]]],[[[141.593164,38.424374],[141.592374,38.422885],[141.591537,38.422302],[141.593164,38.424374]]],[[[141.486746,38.437314],[141.486283,38.437556],[141.486507,38.436717],[141.486746,38.437314]]],[[[141.521739,38.439497],[141.52034,38.439753],[141.5204,38.439102],[141.521739,38.439497]]],[[[141.541333,38.443871],[141.540754,38.443559],[141.540976,38.443066],[141.541333,38.443871]]],[[[141.461626,38.44388],[141.461296,38.44321],[141.462016,38.44264],[141.461626,38.44388]]],[[[139.482337,38.445602],[139.482164,38.444837],[139.483137,38.444498],[139.482337,38.445602]]],[[[139.222204,38.448343],[139.22107,38.448587],[139.220612,38.447688],[139.222204,38.448343]]],[[[141.515206,38.4584],[141.515097,38.459631],[141.512058,38.458321],[141.515206,38.4584]]],[[[139.224422,38.461909],[139.224027,38.462338],[139.223447,38.461758],[139.224422,38.461909]]],[[[141.526318,38.462746],[141.525954,38.46345],[141.525795,38.462438],[141.526318,38.462746]]],[[[141.526755,38.464381],[141.526479,38.464883],[141.526008,38.465278],[141.526755,38.464381]]],[[[141.521739,38.439497],[141.522534,38.43998],[141.522595,38.439039],[141.521739,38.439497]]],[[[139.254484,38.464142],[139.256368,38.465001],[139.257168,38.467882],[139.254484,38.464142]]],[[[139.507598,38.483003],[139.507112,38.483362],[139.505976,38.481713],[139.507598,38.483003]]],[[[139.254484,38.464142],[139.254671,38.490992],[139.214099,38.440093],[139.253934,38.461422],[139.254484,38.464142]]],[[[141.515015,38.504996],[141.514559,38.506966],[141.514749,38.504495],[141.515015,38.504996]]],[[[141.550236,38.524954],[141.549542,38.524605],[141.55009,38.524089],[141.550236,38.524954]]],[[[141.515522,38.548616],[141.514825,38.548839],[141.514344,38.548649],[141.515522,38.548616]]],[[[141.533025,38.55221],[141.532216,38.55142],[141.533406,38.551235],[141.533025,38.55221]]],[[[139.547873,38.552988],[139.546933,38.553034],[139.547569,38.551752],[139.547873,38.552988]]],[[[139.543313,38.555541],[139.544204,38.55406],[139.545005,38.553673],[139.543313,38.555541]]],[[[141.511858,38.54987],[141.512242,38.55029],[141.513593,38.551955],[141.511858,38.54987]]],[[[141.493171,38.55681],[141.49374,38.557585],[141.494095,38.559214],[141.493171,38.55681]]],[[[141.515553,38.560508],[141.515082,38.560274],[141.515815,38.559226],[141.515553,38.560508]]],[[[139.541892,38.560841],[139.541282,38.560487],[139.543534,38.560265],[139.541892,38.560841]]],[[[141.51659,38.561826],[141.516887,38.562319],[141.516788,38.563073],[141.51659,38.561826]]],[[[141.476402,38.560387],[141.47742,38.560753],[141.478183,38.561392],[141.476402,38.560387]]],[[[141.478495,38.564235],[141.477957,38.564592],[141.477555,38.563621],[141.478495,38.564235]]],[[[139.55366,38.574996],[139.552657,38.574836],[139.553735,38.57426],[139.55366,38.574996]]],[[[141.496953,38.58941],[141.49682,38.589916],[141.496326,38.589489],[141.496953,38.58941]]],[[[139.564524,38.591542],[139.563084,38.592169],[139.562354,38.591249],[139.564524,38.591542]]],[[[141.509144,38.600177],[141.508244,38.598888],[141.50864,38.598536],[141.509144,38.600177]]],[[[141.523832,38.608726],[141.523234,38.608753],[141.523447,38.60805],[141.523832,38.608726]]],[[[139.574223,38.609491],[139.574152,38.611362],[139.573664,38.609905],[139.574223,38.609491]]],[[[141.536022,38.617645],[141.53552,38.617882],[141.535499,38.617342],[141.536022,38.617645]]],[[[139.58029,38.618469],[139.579858,38.618056],[139.580364,38.617803],[139.58029,38.618469]]],[[[141.530349,38.638609],[141.529597,38.638795],[141.529666,38.638015],[141.530349,38.638609]]],[[[139.592411,38.639789],[139.591895,38.641013],[139.59083,38.637666],[139.592411,38.639789]]],[[[139.59621,38.646221],[139.595417,38.646939],[139.595041,38.645919],[139.59621,38.646221]]],[[[141.489637,38.650756],[141.490684,38.65112],[141.490245,38.652612],[141.489637,38.650756]]],[[[141.463552,38.66706],[141.462751,38.667548],[141.463439,38.667807],[141.463552,38.66706]]],[[[141.512028,38.674937],[141.511475,38.6751],[141.512048,38.675648],[141.512028,38.674937]]],[[[139.643169,38.692441],[139.64437,38.692515],[139.644678,38.693293],[139.643169,38.692441]]],[[[141.539268,38.693885],[141.538748,38.694247],[141.538299,38.693796],[141.539268,38.693885]]],[[[141.521476,38.699866],[141.521415,38.698927],[141.522084,38.69941],[141.521476,38.699866]]],[[[141.556318,38.699893],[141.557219,38.701217],[141.554271,38.698784],[141.556318,38.699893]]],[[[141.544307,38.710508],[141.545237,38.709747],[141.546312,38.710107],[141.544307,38.710508]]],[[[139.683697,38.724375],[139.684215,38.725003],[139.68261,38.726203],[139.683697,38.724375]]],[[[141.548891,38.742066],[141.547466,38.742],[141.547634,38.741103],[141.548891,38.742066]]],[[[141.533244,38.749059],[141.533307,38.749768],[141.532842,38.749455],[141.533244,38.749059]]],[[[141.521436,38.764954],[141.520831,38.765148],[141.520821,38.76456],[141.521436,38.764954]]],[[[139.729267,38.764574],[139.728405,38.766526],[139.728168,38.765948],[139.729267,38.764574]]],[[[141.626551,38.827701],[141.625906,38.82774],[141.626183,38.827206],[141.626551,38.827701]]],[[[141.625952,38.833582],[141.625987,38.83252],[141.626936,38.831767],[141.625952,38.833582]]],[[[141.590565,38.838982],[141.590825,38.837945],[141.591815,38.836707],[141.590565,38.838982]]],[[[141.637581,38.839314],[141.636939,38.838842],[141.638585,38.838449],[141.637581,38.839314]]],[[[141.645192,38.841105],[141.645362,38.841646],[141.644676,38.841796],[141.645192,38.841105]]],[[[141.643315,38.8413],[141.644134,38.843016],[141.643536,38.843209],[141.643315,38.8413]]],[[[141.638953,38.85193],[141.637972,38.85172],[141.637803,38.851003],[141.638953,38.85193]]],[[[141.672918,38.85732],[141.672446,38.857061],[141.673134,38.856627],[141.672918,38.85732]]],[[[141.641146,38.861568],[141.641009,38.862499],[141.640365,38.862153],[141.641146,38.861568]]],[[[141.650681,38.869193],[141.650019,38.869471],[141.65023,38.868855],[141.650681,38.869193]]],[[[141.670234,38.8698],[141.671282,38.869481],[141.670802,38.870074],[141.670234,38.8698]]],[[[141.637581,38.839314],[141.624303,38.885407],[141.604705,38.860404],[141.636412,38.839133],[141.637581,38.839314]]],[[[141.650642,38.915454],[141.65251,38.915548],[141.651679,38.916077],[141.650642,38.915454]]],[[[141.719172,38.934614],[141.717366,38.934528],[141.717917,38.934259],[141.719172,38.934614]]],[[[141.717986,38.935532],[141.717427,38.936165],[141.716631,38.936454],[141.717986,38.935532]]],[[[141.710365,38.939055],[141.708203,38.938152],[141.709516,38.937846],[141.710365,38.939055]]],[[[141.710365,38.939055],[141.709783,38.939786],[141.710704,38.939907],[141.710365,38.939055]]],[[[141.646081,38.94185],[141.646443,38.940639],[141.64689,38.940377],[141.646081,38.94185]]],[[[141.646253,38.943362],[141.645805,38.943822],[141.64658,38.944017],[141.646253,38.943362]]],[[[141.726767,38.951363],[141.727987,38.950834],[141.727655,38.95141],[141.726767,38.951363]]],[[[141.690034,38.950403],[141.690255,38.951548],[141.689787,38.950906],[141.690034,38.950403]]],[[[141.642585,38.959314],[141.642737,38.958604],[141.643647,38.958418],[141.642585,38.959314]]],[[[141.743252,38.986232],[141.743194,38.987176],[141.742088,38.985601],[141.743252,38.986232]]],[[[141.743615,38.995548],[141.744413,38.995106],[141.744454,38.995742],[141.743615,38.995548]]],[[[141.656098,39.005248],[141.656037,39.00444],[141.656617,39.004023],[141.656098,39.005248]]],[[[141.811442,39.024752],[141.810969,39.024385],[141.811053,39.023843],[141.811442,39.024752]]],[[[141.737442,39.032104],[141.736846,39.031918],[141.73662,39.03104],[141.737442,39.032104]]],[[[141.851795,39.035155],[141.850472,39.034742],[141.850094,39.034106],[141.851795,39.035155]]],[[[141.728055,39.038265],[141.726842,39.037914],[141.727026,39.035286],[141.728055,39.038265]]],[[[141.734925,39.040409],[141.734827,39.041132],[141.733049,39.040171],[141.734925,39.040409]]],[[[141.795372,39.041919],[141.7954,39.04093],[141.796544,39.040481],[141.795372,39.041919]]],[[[141.734023,39.047452],[141.734902,39.048193],[141.732887,39.047321],[141.734023,39.047452]]],[[[141.817443,39.049969],[141.818193,39.050206],[141.818622,39.052094],[141.817443,39.049969]]],[[[141.853569,39.058864],[141.854345,39.058637],[141.854143,39.059238],[141.853569,39.058864]]],[[[139.870121,39.070485],[139.867893,39.068081],[139.870034,39.069764],[139.870121,39.070485]]],[[[139.870121,39.070485],[139.864769,39.071309],[139.863741,39.070841],[139.870121,39.070485]]],[[[141.832773,39.075324],[141.833303,39.075451],[141.833094,39.07592],[141.832773,39.075324]]],[[[141.882948,39.084922],[141.882503,39.084076],[141.883003,39.083874],[141.882948,39.084922]]],[[[141.819359,39.087706],[141.819176,39.088224],[141.818473,39.087566],[141.819359,39.087706]]],[[[141.908533,39.111105],[141.909293,39.111255],[141.908616,39.111855],[141.908533,39.111105]]],[[[141.899592,39.120124],[141.899601,39.120879],[141.898717,39.12028],[141.899592,39.120124]]],[[[141.84191,39.143153],[141.842116,39.143896],[141.840971,39.145097],[141.84191,39.143153]]],[[[141.897235,39.160198],[141.897319,39.159687],[141.897953,39.160023],[141.897235,39.160198]]],[[[141.897235,39.160198],[141.897548,39.160876],[141.896472,39.160351],[141.897235,39.160198]]],[[[141.897831,39.161317],[141.897085,39.161745],[141.896605,39.160995],[141.897831,39.161317]]],[[[139.524889,39.180852],[139.523854,39.180987],[139.52376,39.180317],[139.524889,39.180852]]],[[[139.52597,39.181807],[139.52534,39.180573],[139.526194,39.181046],[139.52597,39.181807]]],[[[139.525109,39.181856],[139.525037,39.182504],[139.524252,39.1816],[139.525109,39.181856]]],[[[139.52597,39.181807],[139.526565,39.18197],[139.526332,39.182768],[139.52597,39.181807]]],[[[139.524051,39.184882],[139.523684,39.184527],[139.524407,39.184274],[139.524051,39.184882]]],[[[139.524051,39.184882],[139.523756,39.185641],[139.523435,39.185205],[139.524051,39.184882]]],[[[141.923876,39.18524],[141.923295,39.186371],[141.922887,39.185496],[141.923876,39.18524]]],[[[139.547313,39.185748],[139.548209,39.184715],[139.548102,39.186496],[139.547313,39.185748]]],[[[141.923876,39.18524],[141.92555,39.185701],[141.925209,39.186411],[141.923876,39.18524]]],[[[141.886855,39.186243],[141.886833,39.186828],[141.88612,39.186132],[141.886855,39.186243]]],[[[139.550565,39.187433],[139.550115,39.186679],[139.550293,39.184827],[139.550565,39.187433]]],[[[139.522834,39.186629],[139.522328,39.18749],[139.521862,39.186624],[139.522834,39.186629]]],[[[139.551612,39.190072],[139.551018,39.189725],[139.550531,39.188006],[139.551612,39.190072]]],[[[139.555985,39.192884],[139.555288,39.193332],[139.554689,39.192678],[139.555985,39.192884]]],[[[139.565083,39.195459],[139.564216,39.195034],[139.56572,39.194901],[139.565083,39.195459]]],[[[139.538757,39.197646],[139.5379,39.197577],[139.53836,39.19729],[139.538757,39.197646]]],[[[139.540786,39.198616],[139.539936,39.198126],[139.540634,39.197966],[139.540786,39.198616]]],[[[139.560412,39.202087],[139.560399,39.203771],[139.55966,39.202816],[139.560412,39.202087]]],[[[139.560412,39.202087],[139.540878,39.183107],[139.563203,39.200642],[139.560412,39.202087]],[[139.56218,39.195109],[139.560479,39.195821],[139.561359,39.196258],[139.56218,39.195109]]],[[[141.928466,39.213773],[141.92803,39.214412],[141.927867,39.213719],[141.928466,39.213773]]],[[[141.934977,39.221819],[141.934397,39.221456],[141.934459,39.220722],[141.934977,39.221819]]],[[[141.956177,39.222467],[141.955466,39.222631],[141.955,39.222305],[141.956177,39.222467]]],[[[141.957476,39.22264],[141.956591,39.222823],[141.956177,39.222467],[141.957476,39.22264]]],[[[141.957476,39.22264],[141.958395,39.222644],[141.958192,39.223124],[141.957476,39.22264]]],[[[141.958878,39.224188],[141.958326,39.224384],[141.957889,39.224012],[141.958878,39.224188]]],[[[141.921926,39.238817],[141.924162,39.239955],[141.920554,39.239672],[141.921926,39.238817]]],[[[141.953554,39.24336],[141.953658,39.243891],[141.952974,39.243686],[141.953554,39.24336]]],[[[141.958246,39.244223],[141.958818,39.243363],[141.959041,39.244092],[141.958246,39.244223]]],[[[141.969424,39.2451],[141.968403,39.245604],[141.968425,39.244496],[141.969424,39.2451]]],[[[139.911589,39.245208],[139.911124,39.246176],[139.9111,39.245628],[139.911589,39.245208]]],[[[141.928347,39.246266],[141.928727,39.246745],[141.927362,39.246469],[141.928347,39.246266]]],[[[141.937827,39.249724],[141.937033,39.249753],[141.937303,39.248838],[141.937827,39.249724]]],[[[141.91452,39.249271],[141.914404,39.249991],[141.913957,39.249344],[141.91452,39.249271]]],[[[141.964505,39.25329],[141.963978,39.252758],[141.964522,39.252387],[141.964505,39.25329]]],[[[139.909326,39.255759],[139.908762,39.255742],[139.907623,39.254319],[139.909326,39.255759]]],[[[139.961159,39.293942],[139.95939,39.295022],[139.958866,39.294907],[139.961159,39.293942]]],[[[141.894652,39.303703],[141.891972,39.304376],[141.893491,39.303692],[141.894652,39.303703]]],[[[141.988102,39.308096],[141.988543,39.308827],[141.987362,39.307986],[141.988102,39.308096]]],[[[141.98188,39.309088],[141.981086,39.308567],[141.980027,39.307417],[141.98188,39.309088]]],[[[141.991309,39.309486],[141.990319,39.309342],[141.989961,39.308678],[141.991309,39.309486]]],[[[141.957034,39.313864],[141.957391,39.31321],[141.957744,39.313777],[141.957034,39.313864]]],[[[141.94773,39.315004],[141.946262,39.314978],[141.946482,39.314386],[141.94773,39.315004]]],[[[141.906597,39.327306],[141.905266,39.328701],[141.905361,39.327447],[141.906597,39.327306]]],[[[141.969416,39.373702],[141.969095,39.374407],[141.96826,39.372481],[141.969416,39.373702]]],[[[141.969692,39.381894],[141.969127,39.38125],[141.968798,39.38072],[141.969692,39.381894]]],[[[140.012933,39.395041],[140.010639,39.395329],[140.010327,39.394307],[140.012933,39.395041]]],[[[141.99915,39.40322],[141.999903,39.403623],[141.999381,39.404172],[141.99915,39.40322]]],[[[141.979829,39.409011],[141.978853,39.41021],[141.978036,39.410007],[141.979829,39.409011]]],[[[142.012108,39.414313],[142.011384,39.414905],[142.01067,39.414281],[142.012108,39.414313]]],[[[141.983283,39.416093],[141.982894,39.418088],[141.981903,39.418462],[141.983283,39.416093]]],[[[142.039083,39.419865],[142.036789,39.419782],[142.036787,39.418375],[142.039083,39.419865]]],[[[141.974171,39.423795],[141.975409,39.423438],[141.975559,39.424663],[141.974171,39.423795]]],[[[142.039213,39.443548],[142.039891,39.443557],[142.039335,39.44411],[142.039213,39.443548]]],[[[142.039335,39.44411],[142.040063,39.444056],[142.039988,39.444589],[142.039335,39.44411]]],[[[142.004109,39.445822],[142.003794,39.446445],[142.003034,39.446205],[142.004109,39.445822]]],[[[142.043526,39.447315],[142.043174,39.447767],[142.042969,39.447284],[142.043526,39.447315]]],[[[142.047162,39.450027],[142.048176,39.449154],[142.048943,39.449629],[142.047162,39.450027]]],[[[141.962615,39.451959],[141.963939,39.451641],[141.963646,39.452261],[141.962615,39.451959]]],[[[141.974885,39.457934],[141.974073,39.457318],[141.974908,39.457305],[141.974885,39.457934]]],[[[141.976157,39.46175],[141.975405,39.463308],[141.975039,39.463935],[141.976157,39.46175]]],[[[141.959741,39.461171],[141.957991,39.464708],[141.958873,39.461728],[141.959741,39.461171]]],[[[142.05816,39.465348],[142.057995,39.46463],[142.058877,39.464586],[142.05816,39.465348]]],[[[141.954457,39.472086],[141.955491,39.471918],[141.955471,39.471003],[141.954457,39.472086]]],[[[141.97775,39.480396],[141.974053,39.48034],[141.973104,39.479835],[141.97775,39.480396]]],[[[142.011742,39.487557],[142.011208,39.487193],[142.011927,39.486961],[142.011742,39.487557]]],[[[142.009778,39.490282],[142.010534,39.489852],[142.011222,39.489675],[142.009778,39.490282]]],[[[140.043437,39.506133],[140.042593,39.506212],[140.044268,39.504777],[140.043437,39.506133]]],[[[142.031537,39.514832],[142.030819,39.514682],[142.031551,39.514121],[142.031537,39.514832]]],[[[140.048392,39.542384],[140.047837,39.542458],[140.047624,39.54088],[140.048392,39.542384]]],[[[140.047234,39.543292],[140.045679,39.543128],[140.047952,39.542977],[140.047234,39.543292]]],[[[142.07132,39.555412],[142.069816,39.555437],[142.070289,39.554889],[142.07132,39.555412]]],[[[142.031664,39.57582],[142.032382,39.576376],[142.03023,39.576567],[142.031664,39.57582]]],[[[142.03023,39.576567],[142.029041,39.576587],[142.030393,39.575842],[142.03023,39.576567]]],[[[141.96461,39.594814],[141.963799,39.595012],[141.963101,39.594184],[141.96461,39.594814]]],[[[141.976068,39.609102],[141.975249,39.61065],[141.97457,39.609701],[141.976068,39.609102]]],[[[142.026208,39.622218],[142.025424,39.622205],[142.02566,39.621652],[142.026208,39.622218]]],[[[142.02898,39.633838],[142.028542,39.633294],[142.029067,39.633063],[142.02898,39.633838]]],[[[141.981814,39.64649],[141.982046,39.645792],[141.982405,39.646256],[141.981814,39.64649]]],[[[142.028589,39.645673],[142.028389,39.646516],[142.028037,39.646078],[142.028589,39.645673]]],[[[142.028589,39.645673],[142.029329,39.64572],[142.029525,39.646215],[142.028589,39.645673]]],[[[141.980428,39.65328],[141.97949,39.652755],[141.981744,39.651783],[141.980428,39.65328]]],[[[141.988427,39.671609],[141.987512,39.672069],[141.986486,39.671544],[141.988427,39.671609]]],[[[141.980469,39.671257],[141.98098,39.672473],[141.978594,39.6703],[141.980469,39.671257]]],[[[141.987783,39.686503],[141.988304,39.686741],[141.988198,39.687624],[141.987783,39.686503]]],[[[141.976117,39.697786],[141.974749,39.69752],[141.975391,39.697068],[141.976117,39.697786]]],[[[141.987918,39.712642],[141.9889,39.712765],[141.988965,39.713338],[141.987918,39.712642]]],[[[141.987918,39.712642],[141.987589,39.713224],[141.987679,39.713893],[141.987918,39.712642]]],[[[142.00043,39.753237],[142.000315,39.754009],[141.999159,39.753256],[142.00043,39.753237]]],[[[140.047237,39.757102],[140.038676,39.759593],[140.039717,39.758759],[140.047237,39.757102]]],[[[140.036648,39.771333],[140.02855,39.769824],[140.027743,39.769124],[140.036648,39.771333]]],[[[140.010549,39.775964],[140.009061,39.778256],[140.010464,39.775367],[140.010549,39.775964]]],[[[140.036452,39.790958],[140.03403,39.791044],[140.034181,39.790549],[140.036452,39.790958]]],[[[141.991238,39.827139],[141.990531,39.826646],[141.991136,39.826218],[141.991238,39.827139]]],[[[141.981387,39.835822],[141.980822,39.836132],[141.981062,39.835366],[141.981387,39.835822]]],[[[141.976287,39.849078],[141.9773,39.848336],[141.977357,39.848931],[141.976287,39.849078]]],[[[139.773575,39.859164],[139.772031,39.859679],[139.772,39.858988],[139.773575,39.859164]]],[[[139.788186,39.861364],[139.788758,39.862345],[139.787313,39.861295],[139.788186,39.861364]]],[[[139.779682,39.863565],[139.781177,39.86454],[139.780293,39.864403],[139.779682,39.863565]]],[[[139.850566,39.876734],[139.848762,39.878494],[139.847844,39.877947],[139.850566,39.876734]]],[[[139.894639,39.901938],[139.894316,39.901238],[139.89497,39.901395],[139.894639,39.901938]]],[[[139.720237,39.908702],[139.719745,39.907536],[139.720474,39.9077],[139.720237,39.908702]]],[[[141.943736,39.917762],[141.943675,39.917074],[141.944398,39.916481],[141.943736,39.917762]]],[[[141.96058,39.944551],[141.960468,39.943795],[141.961398,39.943434],[141.96058,39.944551]]],[[[141.962149,39.944418],[141.961982,39.944902],[141.961564,39.944117],[141.962149,39.944418]]],[[[139.701467,39.947171],[139.700624,39.946394],[139.701491,39.946468],[139.701467,39.947171]]],[[[141.960455,39.946591],[141.961289,39.946512],[141.961875,39.947269],[141.960455,39.946591]]],[[[139.701467,39.947171],[139.700296,39.947828],[139.699577,39.946677],[139.701467,39.947171]]],[[[139.699497,39.948095],[139.6985,39.948247],[139.69878,39.947498],[139.699497,39.948095]]],[[[141.962171,39.950843],[141.961549,39.950744],[141.961344,39.950229],[141.962171,39.950843]]],[[[139.697865,39.9598],[139.696952,39.960121],[139.696756,39.959419],[139.697865,39.9598]]],[[[139.700232,39.962124],[139.699065,39.961389],[139.699641,39.961281],[139.700232,39.962124]]],[[[139.700292,39.973288],[139.699929,39.972899],[139.700122,39.972418],[139.700292,39.973288]]],[[[141.955689,39.975259],[141.956292,39.975343],[141.956086,39.975815],[141.955689,39.975259]]],[[[139.753723,39.977013],[139.753243,39.97785],[139.75233,39.978012],[139.753723,39.977013]]],[[[139.693378,39.994196],[139.692429,39.995106],[139.692211,39.994178],[139.693378,39.994196]]],[[[141.945394,39.994942],[141.946207,39.995045],[141.945869,39.995775],[141.945394,39.994942]]],[[[139.696249,40.001404],[139.695482,40.001497],[139.695147,40.000853],[139.696249,40.001404]]],[[[139.7002,40.006699],[139.700872,40.007098],[139.700446,40.007441],[139.7002,40.006699]]],[[[141.935997,40.008442],[141.93666,40.008868],[141.936068,40.009538],[141.935997,40.008442]]],[[[141.905527,40.011705],[141.906369,40.010577],[141.907183,40.010557],[141.905527,40.011705]]],[[[139.699549,40.015248],[139.699692,40.016075],[139.698173,40.016289],[139.699549,40.015248]]],[[[139.912265,40.031174],[139.910306,40.030287],[139.911359,40.030212],[139.912265,40.031174]]],[[[141.88827,40.03354],[141.889396,40.033946],[141.886701,40.034467],[141.88827,40.03354]]],[[[141.870014,40.053386],[141.86982,40.054113],[141.869331,40.053255],[141.870014,40.053386]]],[[[141.859619,40.053442],[141.862355,40.053878],[141.860428,40.054161],[141.859619,40.053442]]],[[[141.83656,40.116496],[141.833534,40.113319],[141.835776,40.115293],[141.83656,40.116496]]],[[[141.857105,40.132105],[141.855338,40.13245],[141.855758,40.131728],[141.857105,40.132105]]],[[[141.848652,40.169887],[141.853133,40.16898],[141.852825,40.169841],[141.848652,40.169887]]],[[[139.988443,40.200331],[139.978086,40.202367],[139.979154,40.201655],[139.988443,40.200331]]],[[[139.970533,40.199995],[139.976915,40.207223],[139.96807,40.197796],[139.970533,40.199995]]],[[[139.987242,40.214172],[139.983412,40.211745],[139.983391,40.211101],[139.987242,40.214172]]],[[[141.833621,40.219252],[141.833546,40.218646],[141.834109,40.217286],[141.833621,40.219252]]],[[[141.832693,40.224026],[141.833802,40.223103],[141.833618,40.223811],[141.832693,40.224026]]],[[[141.824442,40.250656],[141.825498,40.250269],[141.825082,40.250882],[141.824442,40.250656]]],[[[141.809912,40.277168],[141.811072,40.277092],[141.810944,40.277625],[141.809912,40.277168]]],[[[141.80705,40.282141],[141.807842,40.282403],[141.807315,40.282818],[141.80705,40.282141]]],[[[141.797554,40.292294],[141.798443,40.292165],[141.798347,40.292813],[141.797554,40.292294]]],[[[141.76583,40.351804],[141.767369,40.350227],[141.766736,40.349302],[141.76583,40.351804]]],[[[140.011604,40.366784],[140.011367,40.367682],[140.010254,40.366433],[140.011604,40.366784]]],[[[140.001547,40.374187],[140.003591,40.374164],[140.002528,40.37453],[140.001547,40.374187]]],[[[140.001547,40.374187],[140.000817,40.375812],[140.000696,40.374784],[140.001547,40.374187]]],[[[139.99917,40.378262],[140.000023,40.376909],[140.000994,40.376971],[139.99917,40.378262]]],[[[141.729401,40.393497],[141.728818,40.39374],[141.728895,40.39318],[141.729401,40.393497]]],[[[139.97243,40.40021],[139.973646,40.398563],[139.972962,40.400031],[139.97243,40.40021]]],[[[139.959775,40.407202],[139.958217,40.407631],[139.958381,40.407106],[139.959775,40.407202]]],[[[141.723104,40.406889],[141.722135,40.408534],[141.721821,40.406822],[141.723104,40.406889]]],[[[139.946681,40.413124],[139.946122,40.413107],[139.946335,40.41238],[139.946681,40.413124]]],[[[139.939312,40.435578],[139.9389,40.436151],[139.938441,40.435551],[139.939312,40.435578]]],[[[141.669943,40.45684],[141.669636,40.457642],[141.669117,40.457285],[141.669943,40.45684]]],[[[141.662054,40.462638],[141.663229,40.463017],[141.663203,40.463666],[141.662054,40.462638]]],[[[141.632732,40.495684],[141.63017,40.497321],[141.63123,40.495605],[141.632732,40.495684]]],[[[141.618976,40.504162],[141.621156,40.505134],[141.622002,40.505572],[141.618976,40.504162]]],[[[141.616209,40.505567],[141.615227,40.50608],[141.615598,40.50544],[141.616209,40.505567]]],[[[139.946374,40.514783],[139.946042,40.515233],[139.945519,40.515057],[139.946374,40.514783]]],[[[141.540378,40.527476],[141.541069,40.528388],[141.540216,40.528338],[141.540378,40.527476]]],[[[141.541931,40.527517],[141.541965,40.528335],[141.541069,40.528388],[141.541931,40.527517]]],[[[141.528045,40.531305],[141.534501,40.53083],[141.534474,40.531545],[141.528045,40.531305]]],[[[141.548148,40.539379],[141.549176,40.538848],[141.550315,40.538834],[141.548148,40.539379]]],[[[141.506544,40.541682],[141.506024,40.54143],[141.506143,40.540921],[141.506544,40.541682]]],[[[141.56476,40.541085],[141.565138,40.541986],[141.564225,40.541918],[141.56476,40.541085]]],[[[141.571658,40.543677],[141.571038,40.543636],[141.571415,40.542921],[141.571658,40.543677]]],[[[141.528768,40.539998],[141.52888,40.541127],[141.529042,40.542723],[141.528768,40.539998]]],[[[139.941142,40.550297],[139.938807,40.550922],[139.939464,40.550246],[139.941142,40.550297]]],[[[139.939582,40.553517],[139.938127,40.552271],[139.938318,40.551704],[139.939582,40.553517]]],[[[139.929098,40.556434],[139.928397,40.555978],[139.929184,40.555653],[139.929098,40.556434]]],[[[139.927386,40.561456],[139.926766,40.56141],[139.926855,40.560622],[139.927386,40.561456]]],[[[139.899807,40.582269],[139.898947,40.581706],[139.900043,40.581639],[139.899807,40.582269]]],[[[139.914374,40.586017],[139.913817,40.585087],[139.914382,40.585337],[139.914374,40.586017]]],[[[139.910724,40.586143],[139.910052,40.585254],[139.910861,40.584662],[139.910724,40.586143]]],[[[139.922819,40.648102],[139.919317,40.645653],[139.919864,40.645623],[139.922819,40.648102]]],[[[139.926891,40.651524],[139.926432,40.652087],[139.926346,40.651511],[139.926891,40.651524]]],[[[139.935479,40.658488],[139.935043,40.657565],[139.935723,40.658004],[139.935479,40.658488]]],[[[139.935479,40.658488],[139.935412,40.659428],[139.935043,40.658972],[139.935479,40.658488]]],[[[141.435569,40.680031],[141.437295,40.680079],[141.437049,40.680985],[141.435569,40.680031]]],[[[139.993929,40.735126],[139.993206,40.735438],[139.992675,40.735127],[139.993929,40.735126]]],[[[139.984494,40.736762],[139.98422,40.737286],[139.984028,40.736199],[139.984494,40.736762]]],[[[139.997765,40.743034],[139.997897,40.74364],[139.995762,40.744611],[139.997765,40.743034]]],[[[139.999574,40.745784],[139.998434,40.746299],[139.997329,40.746576],[139.999574,40.745784]]],[[[140.000637,40.74497],[140.001223,40.746074],[140.00146,40.747497],[140.000637,40.74497]]],[[[140.092046,40.753315],[140.093102,40.751775],[140.095413,40.750462],[140.092046,40.753315]]],[[[140.090284,40.754936],[140.091502,40.753945],[140.092964,40.753838],[140.090284,40.754936]]],[[[140.027332,40.755053],[140.026825,40.755137],[140.027077,40.754253],[140.027332,40.755053]]],[[[140.027332,40.755053],[140.028363,40.756373],[140.027836,40.756435],[140.027332,40.755053]]],[[[140.032522,40.758668],[140.031586,40.759416],[140.031607,40.758469],[140.032522,40.758668]]],[[[140.031126,40.75865],[140.030304,40.760215],[140.02969,40.75923],[140.031126,40.75865]]],[[[140.033221,40.761572],[140.032925,40.760835],[140.033421,40.760486],[140.033221,40.761572]]],[[[140.035843,40.763677],[140.035353,40.763109],[140.035768,40.762788],[140.035843,40.763677]]],[[[140.035843,40.763677],[140.036804,40.764084],[140.035696,40.764369],[140.035843,40.763677]]],[[[140.215935,40.780724],[140.210346,40.783582],[140.215316,40.780647],[140.215935,40.780724]]],[[[140.717299,40.847367],[140.720495,40.848472],[140.7192,40.848423],[140.717299,40.847367]]],[[[140.70209,40.854838],[140.701587,40.855111],[140.703766,40.851669],[140.70209,40.854838]]],[[[141.091313,40.880223],[141.095479,40.879645],[141.092274,40.880518],[141.091313,40.880223]]],[[[140.851767,40.895229],[140.850528,40.89692],[140.848326,40.897571],[140.851767,40.895229]]],[[[140.852714,40.908457],[140.852754,40.909956],[140.851502,40.909235],[140.852714,40.908457]]],[[[141.385628,40.930873],[141.388613,40.928268],[141.390505,40.928337],[141.385628,40.930873]]],[[[140.666817,40.931925],[140.667537,40.932098],[140.667835,40.932999],[140.666817,40.931925]]],[[[140.667053,40.934142],[140.667126,40.933625],[140.668846,40.933045],[140.667053,40.934142]]],[[[140.858,40.933329],[140.855277,40.935141],[140.853596,40.933269],[140.858,40.933329]]],[[[140.868711,40.942472],[140.868557,40.943213],[140.867916,40.943413],[140.868711,40.942472]]],[[[141.389658,40.968202],[141.391206,40.965955],[141.393091,40.964955],[141.389658,40.968202]]],[[[140.311883,40.975174],[140.313236,40.976701],[140.31098,40.974956],[140.311883,40.975174]]],[[[140.952558,40.982642],[140.953688,40.983294],[140.954155,40.98456],[140.952558,40.982642]]],[[[140.876618,41.011176],[140.877366,41.012075],[140.87566,41.013141],[140.876618,41.011176]]],[[[140.645328,41.047751],[140.646441,41.047398],[140.646382,41.048216],[140.645328,41.047751]]],[[[141.396509,41.090628],[141.397089,41.090589],[141.396978,41.091469],[141.396509,41.090628]]],[[[141.396978,41.091469],[141.397304,41.091071],[141.397767,41.091917],[141.396978,41.091469]]],[[[141.396926,41.103122],[141.396349,41.102843],[141.39723,41.102548],[141.396926,41.103122]]],[[[140.298805,41.112345],[140.297879,41.112187],[140.297762,41.111211],[140.298805,41.112345]]],[[[140.272875,41.120089],[140.271765,41.119893],[140.275368,41.11819],[140.272875,41.120089]]],[[[140.81529,41.120368],[140.815155,41.121064],[140.81411,41.119619],[140.81529,41.120368]]],[[[140.301248,41.131803],[140.302185,41.1325],[140.30137,41.132696],[140.301248,41.131803]]],[[[140.298959,41.132395],[140.299928,41.133071],[140.299112,41.133278],[140.298959,41.132395]]],[[[140.251468,41.134459],[140.251031,41.135443],[140.250042,41.134846],[140.251468,41.134459]]],[[[140.275347,41.140043],[140.274752,41.1397],[140.275362,41.139522],[140.275347,41.140043]]],[[[140.277706,41.141045],[140.277036,41.140522],[140.27804,41.140437],[140.277706,41.141045]]],[[[140.642419,41.160787],[140.642098,41.15868],[140.642675,41.158471],[140.642419,41.160787]]],[[[141.39853,41.186853],[141.399769,41.182584],[141.400363,41.182725],[141.39853,41.186853]]],[[[140.962954,41.188213],[140.961468,41.188389],[140.962096,41.187873],[140.962954,41.188213]]],[[[140.962954,41.188213],[140.963302,41.188869],[140.962573,41.189235],[140.962954,41.188213]]],[[[140.622191,41.197362],[140.619441,41.197419],[140.618898,41.1967],[140.622191,41.197362]]],[[[141.258339,41.201523],[141.257171,41.201128],[141.259817,41.201015],[141.258339,41.201523]]],[[[141.404995,41.20665],[141.404282,41.206332],[141.404276,41.205037],[141.404995,41.20665]]],[[[141.404261,41.225371],[141.404521,41.224138],[141.404014,41.223876],[141.404261,41.225371]]],[[[140.331613,41.235772],[140.331196,41.236065],[140.331367,41.235045],[140.331613,41.235772]]],[[[140.392577,41.237852],[140.393518,41.237473],[140.393791,41.239003],[140.392577,41.237852]]],[[[141.141098,41.252661],[141.143495,41.251608],[141.142253,41.2527],[141.141098,41.252661]]],[[[139.786733,41.361163],[139.786489,41.362548],[139.785994,41.363026],[139.786733,41.361163]]],[[[139.816362,41.363144],[139.81678,41.363974],[139.815812,41.363206],[139.816362,41.363144]]],[[[139.806604,41.365476],[139.803697,41.365706],[139.801574,41.365071],[139.806604,41.365476]]],[[[141.226143,41.370536],[141.227381,41.369569],[141.22862,41.369258],[141.226143,41.370536]]],[[[141.228972,41.371415],[141.228329,41.371585],[141.228058,41.371026],[141.228972,41.371415]]],[[[141.226957,41.372053],[141.223232,41.372489],[141.223913,41.371501],[141.226957,41.372053]]],[[[141.413547,41.393245],[141.411035,41.392308],[141.413306,41.392717],[141.413547,41.393245]]],[[[141.453809,41.396328],[141.454477,41.395133],[141.454748,41.397598],[141.453809,41.396328]]],[[[141.171142,41.410511],[141.17147,41.410089],[141.1767,41.408749],[141.171142,41.410511]]],[[[140.169006,41.414142],[140.171227,41.410639],[140.170205,41.413295],[140.169006,41.414142]]],[[[141.435852,41.414326],[141.429075,41.410746],[141.431591,41.411769],[141.435852,41.414326]]],[[[141.435852,41.414326],[141.437117,41.414116],[141.436452,41.414971],[141.435852,41.414326]]],[[[140.089432,41.420083],[140.088462,41.419556],[140.088475,41.417841],[140.089432,41.420083]]],[[[140.862954,41.434546],[140.862469,41.435346],[140.861207,41.435748],[140.862954,41.434546]]],[[[140.859528,41.435126],[140.860643,41.435964],[140.86055,41.436729],[140.859528,41.435126]]],[[[141.130579,41.440571],[141.130664,41.441862],[141.130098,41.442089],[141.130579,41.440571]]],[[[140.8661,41.445798],[140.865134,41.445889],[140.86555,41.445093],[140.8661,41.445798]]],[[[141.094405,41.469165],[141.093119,41.468727],[141.094507,41.46861],[141.094405,41.469165]]],[[[140.028154,41.471351],[140.027671,41.470962],[140.027919,41.470418],[140.028154,41.471351]]],[[[140.257549,41.473356],[140.258259,41.473809],[140.258748,41.475013],[140.257549,41.473356]]],[[[140.023909,41.476193],[140.023753,41.475632],[140.024292,41.475624],[140.023909,41.476193]]],[[[140.258734,41.476098],[140.261559,41.477963],[140.259402,41.477039],[140.258734,41.476098]]],[[[140.259373,41.480071],[140.259184,41.478525],[140.259823,41.477901],[140.259373,41.480071]]],[[[140.013106,41.489758],[140.012292,41.489489],[140.012849,41.489279],[140.013106,41.489758]]],[[[140.999712,41.488433],[141.001953,41.487826],[140.998202,41.490019],[140.999712,41.488433]]],[[[140.015537,41.489647],[140.015284,41.490297],[140.013568,41.490108],[140.015537,41.489647]]],[[[140.907056,41.502429],[140.90661,41.502851],[140.906072,41.501605],[140.907056,41.502429]]],[[[140.900694,41.511989],[140.898919,41.514552],[140.900631,41.511256],[140.900694,41.511989]]],[[[140.373109,41.515922],[140.373091,41.515116],[140.374026,41.515585],[140.373109,41.515922]]],[[[140.959899,41.516018],[140.960745,41.515884],[140.960301,41.516736],[140.959899,41.516018]]],[[[139.348728,41.524641],[139.34085,41.494936],[139.383067,41.507622],[139.354349,41.522862],[139.348728,41.524641]]],[[[140.905122,41.534596],[140.904761,41.53591],[140.904536,41.531472],[140.905122,41.534596]]],[[[139.989425,41.543586],[139.988954,41.543237],[139.989722,41.543162],[139.989425,41.543586]]],[[[140.921284,41.542022],[140.92037,41.544479],[140.919685,41.543808],[140.921284,41.542022]]],[[[140.921284,41.542022],[140.835215,41.415792],[140.764189,41.145646],[140.811313,41.127577],[140.97998,41.199078],[141.055316,41.18248],[141.187849,41.279429],[141.279052,41.158467],[141.211725,40.95211],[141.113063,40.870554],[141.064245,40.913336],[140.972379,40.934381],[140.984431,40.959545],[140.948709,40.992355],[140.878837,41.009853],[140.837817,40.953392],[140.871415,40.944617],[140.859616,40.888013],[140.795013,40.835929],[140.734978,40.829817],[140.677492,40.887608],[140.63252,41.191437],[140.549536,41.229545],[140.461488,41.183205],[140.338934,41.259902],[140.321591,41.147831],[140.248672,41.133765],[140.319245,41.093069],[140.324112,41.055719],[140.257914,40.810812],[140.122748,40.74258],[140.056596,40.769378],[140.000092,40.745362],[139.928751,40.642544],[139.860074,40.614076],[139.869134,40.583983],[139.927186,40.576719],[139.93631,40.428204],[140.024934,40.35372],[140.000708,40.220176],[140.025567,40.216745],[139.994196,40.213629],[139.959945,40.0989],[139.872739,39.988771],[139.800817,39.956624],[139.693459,39.995764],[139.755411,39.85686],[139.861249,39.866332],[139.862769,39.897442],[139.950375,39.889817],[140.021132,39.827892],[140.059253,39.720663],[140.024449,39.415487],[139.974329,39.30423],[139.911122,39.265692],[139.835873,38.955993],[139.74643,38.775186],[139.625086,38.685465],[139.539752,38.558085],[139.456926,38.397001],[139.449787,38.235983],[139.409034,38.149763],[139.227357,37.998962],[139.243437,37.970652],[139.214968,37.993226],[139.069784,37.953309],[138.841843,37.816649],[138.748402,37.606023],[138.617387,37.484131],[138.543787,37.36848],[138.436463,37.324721],[138.233436,37.174981],[138.095638,37.172655],[137.912194,37.060783],[137.435528,36.930949],[137.393076,36.807618],[137.301067,36.755667],[137.111287,36.761989],[136.991109,36.853721],[137.056626,36.967914],[137.057707,37.108831],[136.984177,37.04811],[136.916402,37.091337],[136.858832,37.077156],[136.86862,37.112645],[136.892882,37.110751],[136.900771,37.137059],[136.873219,37.145729],[136.92846,37.202467],[136.906303,37.217936],[136.924305,37.233827],[136.966789,37.23406],[136.946028,37.216317],[137.010783,37.183215],[137.151976,37.30701],[137.233989,37.294756],[137.267694,37.336703],[137.238279,37.376047],[137.250816,37.424471],[137.36047,37.450616],[137.346226,37.515521],[137.263514,37.531207],[136.925937,37.395305],[136.868472,37.4071],[136.756388,37.364878],[136.669535,37.150098],[136.72743,37.13515],[136.722769,37.053881],[136.770205,36.995771],[136.724284,36.789859],[136.412512,36.41586],[136.213343,36.273561],[136.122957,36.249642],[136.127652,36.190088],[135.960576,35.990377],[135.993988,35.88787],[136.100134,35.778586],[136.072627,35.661107],[136.025467,35.680532],[136.044503,35.705348],[136.016626,35.76396],[135.954133,35.722085],[135.974264,35.624713],[135.867617,35.608141],[135.814541,35.642536],[135.855623,35.600354],[135.839657,35.563131],[135.801356,35.57132],[135.833389,35.535603],[135.798727,35.52493],[135.714644,35.569865],[135.688621,35.546241],[135.717938,35.519754],[135.765038,35.533995],[135.717524,35.483828],[135.581012,35.490053],[135.626911,35.48872],[135.630953,35.522179],[135.669468,35.524373],[135.660937,35.547617],[135.536454,35.488882],[135.507169,35.506242],[135.516311,35.551305],[135.50204,35.524106],[135.468751,35.530332],[135.486566,35.558155],[135.451182,35.568716],[135.462474,35.60379],[135.426787,35.566513],[135.342479,35.551852],[135.3435,35.504098],[135.395096,35.516871],[135.398221,35.478885],[135.347444,35.494459],[135.316713,35.451155],[135.331818,35.516018],[135.241325,35.538607],[135.274663,35.560005],[135.256256,35.598306],[135.187371,35.547405],[135.308851,35.693577],[135.223416,35.779258],[135.085122,35.739461],[134.923159,35.646329],[134.840651,35.642441],[134.763742,35.674776],[134.6163,35.639275],[134.538784,35.670394],[134.196103,35.532712],[134.033756,35.518485],[134.007784,35.537906],[133.780826,35.50059],[133.568688,35.530532],[133.44712,35.494768],[133.402042,35.452786],[133.307565,35.471613],[133.251518,35.514261],[133.272052,35.552217],[133.244124,35.550309],[133.326178,35.568715],[133.141805,35.560723],[133.090365,35.604143],[133.098206,35.580103],[133.0477,35.578039],[133.028187,35.538429],[132.968014,35.543474],[132.97137,35.515973],[132.865345,35.513256],[132.728993,35.470815],[132.753408,35.447565],[132.628912,35.435154],[132.674875,35.386903],[132.628521,35.287873],[132.417641,35.190704],[132.311284,35.058333],[132.11246,34.953143],[132.056667,34.872854],[132.006647,34.86675],[131.946152,34.792396],[131.864773,34.755506],[131.843839,34.707952],[131.669318,34.676767],[131.650431,34.640887],[131.603825,34.66206],[131.603045,34.623003],[131.556772,34.615515],[131.539707,34.563912],[131.455388,34.525503],[131.461877,34.48585],[131.396903,34.460152],[131.412537,34.425155],[131.337188,34.418304],[131.306346,34.382826],[131.225357,34.393288],[131.21293,34.371229],[131.199513,34.397617],[131.163419,34.371997],[131.131899,34.417852],[131.019877,34.411001],[130.972364,34.442312],[130.934451,34.392436],[131.016027,34.405204],[131.035918,34.37133],[130.927877,34.341323],[130.900821,34.362841],[130.866861,34.287829],[130.921473,34.239735],[130.933539,34.189077],[130.860388,34.110812],[130.91211,34.059008],[130.915229,33.938812],[130.996636,33.989619],[131.036848,34.057082],[131.133434,33.990464],[131.170076,33.99686],[131.178446,33.931408],[131.227712,33.96432],[131.215326,33.93672],[131.239005,33.951434],[131.232551,33.927082],[131.268429,33.922888],[131.355865,33.966497],[131.385171,34.05122],[131.417042,34.021346],[131.395144,33.985859],[131.423921,34.015443],[131.440678,33.982726],[131.479709,34.011845],[131.47203,34.036953],[131.540165,33.997513],[131.599424,34.038609],[131.609875,34.020792],[131.75319,34.070792],[131.747209,34.04577],[131.796913,34.059142],[131.781095,34.027511],[131.827489,34.029442],[131.778106,33.973874],[131.864171,34.007051],[131.962182,33.945616],[131.965474,33.918359],[132.056984,33.920323],[132.139769,33.831598],[132.158151,33.860012],[132.118781,33.953098],[132.189763,33.965875],[132.220516,34.041859],[132.200136,34.120368],[132.249928,34.129989],[132.247489,34.215012],[132.221107,34.234677],[132.347017,34.356534],[132.443567,34.340532],[132.522484,34.362832],[132.491478,34.338699],[132.514572,34.256946],[132.558529,34.238226],[132.537812,34.194027],[132.59562,34.23114],[132.640912,34.201774],[132.760581,34.240463],[132.754241,34.282338],[132.788586,34.278125],[132.796806,34.311772],[132.846767,34.291776],[132.950347,34.340279],[133.040262,34.331616],[133.078901,34.345341],[133.084876,34.395649],[133.234056,34.411561],[133.251209,34.441426],[133.273942,34.417287],[133.246878,34.389499],[133.367077,34.368777],[133.386782,34.420576],[133.440526,34.436256],[133.409522,34.479884],[133.442713,34.445163],[133.444109,34.486451],[133.456324,34.454538],[133.49013,34.460149],[133.473753,34.441341],[133.527182,34.453465],[133.48679,34.514192],[133.540247,34.46144],[133.705334,34.523063],[133.70403,34.477827],[133.741132,34.470092],[133.718959,34.496403],[133.739617,34.525178],[133.785159,34.436083],[133.822435,34.429726],[133.807544,34.457692],[133.836472,34.474575],[133.934785,34.450898],[133.959474,34.522715],[134.003425,34.511483],[134.001175,34.545524],[134.047202,34.576595],[133.946052,34.598991],[134.120206,34.588742],[134.245009,34.698466],[134.197467,34.707748],[134.214204,34.716215],[134.186017,34.743154],[134.243772,34.715278],[134.357717,34.751026],[134.408527,34.726343],[134.433021,34.766181],[134.464328,34.764158],[134.46548,34.807369],[134.474257,34.75521],[134.527543,34.782924],[134.569939,34.757971],[134.655722,34.788491],[134.650353,34.770586],[134.746259,34.768819],[134.826625,34.706397],[134.8437,34.721386],[135.046101,34.624793],[135.183311,34.649489],[135.190146,34.68552],[135.335612,34.726657],[135.371231,34.680772],[135.401086,34.699013],[135.376181,34.676569],[135.417768,34.688052],[135.414314,34.651667],[135.453574,34.629225],[135.425549,34.593345],[135.466404,34.584615],[135.420817,34.569679],[135.402096,34.599962],[135.410466,34.560822],[135.443711,34.551131],[135.390089,34.505483],[135.378296,34.531922],[135.353444,34.450844],[135.22288,34.34728],[135.07001,34.298205],[135.061439,34.263434],[135.123216,34.241776],[135.100391,34.235613],[135.139529,34.225409],[135.140221,34.187925],[135.179975,34.186913],[135.184214,34.148298],[135.209596,34.149473],[135.126073,34.136766],[135.146044,34.110826],[135.115632,34.119895],[135.078535,34.073486],[135.171524,34.027693],[135.067681,33.976874],[135.117349,33.960865],[135.064665,33.927136],[135.084,33.910364],[135.057257,33.881542],[135.140038,33.885694],[135.234813,33.78151],[135.400157,33.720753],[135.377819,33.682749],[135.335676,33.695259],[135.329551,33.670638],[135.391385,33.64301],[135.391013,33.591144],[135.44611,33.54888],[135.766056,33.482015],[135.762545,33.433019],[135.798103,33.445513],[135.799037,33.499681],[135.959596,33.581975],[135.926085,33.605134],[135.953742,33.62191],[135.93756,33.643626],[135.98606,33.655057],[135.971792,33.672593],[136.088858,33.87285],[136.150243,33.89917],[136.149915,33.931103],[136.179816,33.912815],[136.199179,33.920202],[136.182099,33.93962],[136.231207,33.945888],[136.221688,33.974462],[136.191723,33.971086],[136.213721,34.001064],[136.251555,33.985189],[136.239753,33.968084],[136.272151,33.972556],[136.272882,34.004815],[136.242058,34.014837],[136.281615,34.022424],[136.200952,34.07533],[136.268029,34.129052],[136.248678,34.095112],[136.298108,34.086835],[136.315496,34.115596],[136.28401,34.118081],[136.277904,34.161235],[136.335128,34.181672],[136.321789,34.195987],[136.452399,34.219568],[136.439898,34.247396],[136.466154,34.257084],[136.464257,34.231146],[136.508143,34.229171],[136.48471,34.239557],[136.500772,34.259339],[136.519229,34.240302],[136.505952,34.279103],[136.541147,34.278447],[136.548227,34.249865],[136.549249,34.282921],[136.590773,34.29461],[136.57125,34.275531],[136.605107,34.258485],[136.677296,34.315608],[136.636879,34.308813],[136.672803,34.32425],[136.661779,34.345705],[136.691152,34.345412],[136.683388,34.323558],[136.691824,34.347828],[136.726552,34.343411],[136.689566,34.283636],[136.764998,34.291256],[136.762384,34.315935],[136.79876,34.290079],[136.805561,34.327932],[136.805604,34.308301],[136.847809,34.314349],[136.826872,34.300963],[136.866895,34.286743],[136.830082,34.275418],[136.859357,34.265442],[136.768996,34.279249],[136.765177,34.259714],[136.847688,34.246446],[136.90014,34.275795],[136.877771,34.335258],[136.909309,34.365095],[136.866797,34.342692],[136.864299,34.364485],[136.812392,34.367563],[136.912827,34.375776],[136.924862,34.444164],[136.875799,34.428741],[136.87709,34.474608],[136.832806,34.505914],[136.81613,34.48441],[136.640499,34.592302],[136.527204,34.610955],[136.557658,34.671384],[136.521577,34.689536],[136.531299,34.746752],[136.66687,34.937001],[136.633839,34.948908],[136.650386,34.991352],[136.749503,35.036519],[136.793867,35.014441],[136.780747,35.033511],[136.830083,35.05025],[136.827991,35.082642],[136.85548,35.056588],[136.868537,35.088207],[136.8966,35.084984],[136.852006,35.0164],[136.869789,35.008361],[136.820133,34.966437],[136.822116,34.883582],[136.866539,34.839131],[136.840322,34.764601],[136.860201,34.737793],[136.976689,34.701812],[136.914502,34.773064],[136.927703,34.864947],[136.964193,34.876521],[136.981036,34.95685],[136.956744,34.83329],[137.025525,34.777657],[137.168394,34.787623],[137.175069,34.76482],[137.216072,34.823186],[137.288701,34.812928],[137.33104,34.780512],[137.320314,34.732834],[137.351756,34.727464],[137.308343,34.724985],[137.322974,34.694379],[137.287017,34.67956],[137.284827,34.730947],[137.260678,34.695835],[137.119293,34.634318],[137.069949,34.661924],[137.017649,34.578356],[137.571424,34.680207],[137.798635,34.64634],[137.99765,34.661799],[138.226358,34.594989],[138.195396,34.664648],[138.337652,34.828369],[138.324396,34.872591],[138.355821,34.913735],[138.516339,34.98452],[138.533139,35.014591],[138.504269,35.015374],[138.503735,34.985677],[138.493995,35.031436],[138.558231,35.1024],[138.685596,35.144967],[138.772178,35.127175],[138.907318,35.04849],[138.891374,35.017018],[138.787209,35.030149],[138.762175,34.972035],[138.789789,34.908096],[138.756625,34.885513],[138.776885,34.760277],[138.739245,34.69002],[138.843303,34.601053],[138.948249,34.67381],[138.987237,34.658144],[138.973273,34.690071],[138.99883,34.744322],[139.04827,34.768161],[139.083221,34.85397],[139.140763,34.890883],[139.146912,34.954923],[139.093717,34.977973],[139.100481,35.044915],[139.069381,35.05404],[139.116151,35.146365],[139.161807,35.141582],[139.135969,35.182568],[139.147773,35.240778],[139.330043,35.312119],[139.539512,35.309385],[139.626946,35.216735],[139.599063,35.195944],[139.630125,35.163592],[139.607744,35.142801],[139.678442,35.139922],[139.656248,35.184528],[139.724999,35.211948],[139.716922,35.246147],[139.747161,35.253455],[139.631142,35.299909],[139.661225,35.32226],[139.622576,35.331187],[139.656953,35.341935],[139.629348,35.413182],[139.669555,35.402877],[139.690614,35.439224],[139.632938,35.464499],[139.748771,35.506844],[139.751727,35.533283],[139.790621,35.507794],[139.778785,35.536999],[139.802636,35.520764],[139.826028,35.54157],[139.749784,35.566626],[139.767211,35.658121],[139.798619,35.621762],[139.809175,35.645682],[139.897611,35.616623],[139.939507,35.640489],[139.931582,35.674543],[139.984505,35.690901],[139.987461,35.654468],[140.117669,35.596557],[140.08611,35.56945],[140.126914,35.569413],[140.091025,35.564479],[140.115489,35.550601],[140.096044,35.535478],[140.061659,35.544189],[140.022741,35.467551],[139.996689,35.476169],[139.990375,35.452072],[139.982026,35.474792],[139.974461,35.448472],[139.903142,35.431305],[139.917986,35.381687],[139.8979,35.358373],[139.845898,35.375474],[139.859429,35.348563],[139.837467,35.359065],[139.819772,35.316487],[139.783905,35.312837],[139.846907,35.290842],[139.868755,35.242544],[139.815658,35.172359],[139.842482,35.086277],[139.810296,35.037275],[139.858383,35.000483],[139.752847,34.966964],[139.836927,34.902957],[139.888268,34.899571],[139.941905,34.917472],[139.980248,35.010059],[140.098703,35.074357],[140.119583,35.114874],[140.311819,35.134644],[140.384363,35.187493],[140.415061,35.305639],[140.39192,35.354407],[140.405656,35.449017],[140.525625,35.60212],[140.693124,35.699998],[140.830557,35.713612],[140.865876,35.6925],[140.867672,35.738159],[140.810954,35.776117],[140.706525,35.92516],[140.677284,35.912238],[140.686877,35.881009],[140.652367,35.926615],[140.69391,35.928815],[140.700891,35.962545],[140.667755,35.976477],[140.594565,36.117628],[140.558392,36.285478],[140.625155,36.368658],[140.611372,36.484482],[140.716617,36.661687],[140.748452,36.784364],[140.805567,36.830779],[140.793073,36.881639],[140.924972,36.93532],[140.982827,36.995652],[141.045159,37.483594],[141.011098,37.740247],[140.923096,37.9154],[140.933981,38.110812],[141.027895,38.265449],[140.998918,38.273109],[141.087829,38.295612],[141.07673,38.31936],[141.024658,38.320111],[141.082806,38.380608],[141.158642,38.353547],[141.266603,38.419387],[141.286793,38.399542],[141.36237,38.412339],[141.372929,38.383211],[141.429792,38.399667],[141.458835,38.373057],[141.415788,38.346043],[141.461422,38.352048],[141.474115,38.32934],[141.449471,38.315253],[141.525106,38.272926],[141.534518,38.3394],[141.481317,38.37547],[141.539005,38.400917],[141.50194,38.415998],[141.468756,38.394913],[141.447388,38.443893],[141.512675,38.450004],[141.476303,38.463914],[141.497273,38.495356],[141.469455,38.521141],[141.537553,38.490576],[141.532502,38.549019],[141.493028,38.533285],[141.458568,38.578465],[141.524434,38.609452],[141.52909,38.636927],[141.44315,38.643336],[141.444493,38.673531],[141.494682,38.674009],[141.525736,38.717176],[141.561977,38.691364],[141.56551,38.739694],[141.512803,38.767464],[141.60386,38.828543],[141.575007,38.906178],[141.607393,38.879694],[141.6383,38.902308],[141.674636,38.858174],[141.627701,39.002799],[141.68138,38.998246],[141.668002,38.976293],[141.705326,38.93871],[141.728424,38.952274],[141.696439,38.969928],[141.711804,38.997072],[141.743974,38.989656],[141.709543,39.024256],[141.722774,39.066346],[141.733448,39.021591],[141.796213,39.04328],[141.847522,39.026199],[141.81452,39.058301],[141.875877,39.064885],[141.821784,39.076476],[141.812785,39.11318],[141.880802,39.08393],[141.920887,39.104493],[141.835497,39.144632],[141.922259,39.17795],[141.866824,39.20635],[141.947788,39.216929],[141.971301,39.247668],[141.890305,39.247443],[141.888578,39.273663],[141.929606,39.270469],[141.891013,39.308304],[141.970421,39.313141],[141.996977,39.350696],[141.896934,39.336357],[141.957436,39.355993],[141.966511,39.377854],[141.937884,39.384272],[141.974267,39.426332],[142.044629,39.426025],[142.051366,39.484509],[141.980052,39.438679],[141.954457,39.472086],[142.011074,39.476681],[142.072481,39.547962],[142.027378,39.575065],[142.024489,39.656136],[141.948073,39.587664],[141.982257,39.648721],[141.971909,39.731795],[142.004603,39.775817],[141.939732,39.919604],[141.956086,39.983722],[141.828748,40.086248],[141.837756,40.125767],[141.876655,40.143791],[141.794029,40.190721],[141.833621,40.219252],[141.816391,40.271325],[141.682687,40.451727],[141.576218,40.542992],[141.534563,40.527182],[141.484085,40.560497],[141.428124,40.695251],[141.375707,40.935139],[141.391093,41.179388],[141.465212,41.42945],[141.387846,41.375743],[141.274607,41.353678],[141.192671,41.38706],[141.112656,41.462945],[141.001757,41.485812],[140.920231,41.540699],[140.921284,41.542022]],[[140.856883,41.433163],[140.85556,41.432061],[140.854968,41.433034],[140.856883,41.433163]],[[140.805974,41.327864],[140.806895,41.328327],[140.807195,41.327323],[140.805974,41.327864]],[[140.734574,40.833146],[140.733911,40.832453],[140.734167,40.831931],[140.734574,40.833146]],[[140.727455,40.83727],[140.726691,40.836277],[140.726685,40.837084],[140.727455,40.83727]],[[140.521471,41.214842],[140.522864,41.215497],[140.522089,41.214377],[140.521471,41.214842]],[[140.362139,41.250729],[140.361718,41.250025],[140.36052,41.250963],[140.362139,41.250729]],[[140.336026,41.238294],[140.337156,41.238454],[140.336726,41.23792],[140.336026,41.238294]],[[139.896875,39.201533],[139.896776,39.202599],[139.895712,39.202781],[139.896875,39.201533]],[[139.732907,38.763317],[139.73382,38.764599],[139.734498,38.762767],[139.732907,38.763317]],[[139.724152,38.760601],[139.724851,38.76075],[139.72388,38.759528],[139.724152,38.760601]],[[139.707955,38.74424],[139.70762,38.74383],[139.706846,38.743884],[139.707955,38.74424]],[[137.842242,37.042555],[137.844196,37.043438],[137.844405,37.042874],[137.842242,37.042555]],[[137.426451,36.924867],[137.427444,36.924826],[137.427972,36.925767],[137.426451,36.924867]],[[137.415476,36.892264],[137.416927,36.892113],[137.417476,36.893543],[137.415476,36.892264]],[[137.092223,37.261749],[137.090623,37.26139],[137.090301,37.262068],[137.092223,37.261749]],[[137.261829,37.324411],[137.26116,37.325072],[137.262194,37.324889],[137.261829,37.324411]],[[137.092246,37.472046],[137.09341,37.471884],[137.09217,37.47103],[137.092246,37.472046]],[[136.703329,37.232675],[136.703461,37.233825],[136.704293,37.232847],[136.703329,37.232675]],[[136.742994,37.016146],[136.742749,37.017055],[136.743467,37.017107],[136.742994,37.016146]],[[135.635173,35.48038],[135.636032,35.479549],[135.634009,35.480278],[135.635173,35.48038]],[[135.177929,35.761256],[135.178094,35.760405],[135.177334,35.760189],[135.177929,35.761256]],[[135.06528,35.712549],[135.066169,35.711995],[135.065476,35.711698],[135.06528,35.712549]],[[134.971724,35.676617],[134.972782,35.676359],[134.972179,35.675774],[134.971724,35.676617]],[[134.442495,35.628215],[134.444484,35.628344],[134.444153,35.627596],[134.442495,35.628215]],[[134.018812,35.523132],[134.017821,35.521643],[134.017204,35.522426],[134.018812,35.523132]],[[133.93819,35.516787],[133.939755,35.516594],[133.938768,35.514886],[133.93819,35.516787]],[[133.253915,35.553126],[133.25266,35.553083],[133.252896,35.55401],[133.253915,35.553126]],[[133.29742,35.558025],[133.297591,35.558918],[133.298475,35.558149],[133.29742,35.558025]],[[133.066767,35.577866],[133.067508,35.576315],[133.066841,35.575893],[133.066767,35.577866]],[[132.984403,35.54522],[132.984891,35.544466],[132.983983,35.544342],[132.984403,35.54522]],[[132.61489,35.281606],[132.615961,35.281588],[132.615168,35.280733],[132.61489,35.281606]],[[132.527646,35.244688],[132.52757,35.245597],[132.528674,35.244803],[132.527646,35.244688]],[[132.020381,34.869941],[132.018969,34.867505],[132.017286,34.867548],[132.020381,34.869941]],[[131.437289,34.471366],[131.437366,34.470565],[131.436416,34.471127],[131.437289,34.471366]],[[130.92628,34.345414],[130.924594,34.345278],[130.925567,34.346049],[130.92628,34.345414]],[[130.887493,34.272493],[130.889551,34.272585],[130.888912,34.271453],[130.887493,34.272493]],[[130.908328,34.248277],[130.908651,34.249305],[130.909715,34.248448],[130.908328,34.248277]],[[131.167719,33.964038],[131.169727,33.963576],[131.167711,33.963202],[131.167719,33.964038]],[[131.262243,33.924738],[131.263136,33.926784],[131.264562,33.925675],[131.262243,33.924738]],[[131.602486,34.035337],[131.604098,34.034729],[131.603141,34.034379],[131.602486,34.035337]],[[131.743486,34.070531],[131.742211,34.070195],[131.74173,34.071951],[131.743486,34.070531]],[[132.12803,33.899523],[132.126949,33.8986],[132.126792,33.899497],[132.12803,33.899523]],[[132.176079,33.96174],[132.17544,33.962106],[132.175988,33.962267],[132.176079,33.96174]],[[132.218182,34.042903],[132.215919,34.043884],[132.217905,34.044064],[132.218182,34.042903]],[[132.231747,34.184952],[132.232434,34.184179],[132.231916,34.183782],[132.231747,34.184952]],[[132.267055,34.277832],[132.264165,34.278067],[132.265696,34.279249],[132.267055,34.277832]],[[132.284273,34.290069],[132.282052,34.290175],[132.2826,34.290654],[132.284273,34.290069]],[[132.381788,34.361116],[132.380524,34.361573],[132.381312,34.362044],[132.381788,34.361116]],[[132.542636,34.211049],[132.542789,34.21179],[132.543274,34.211193],[132.542636,34.211049]],[[132.568552,34.199373],[132.567944,34.19898],[132.568089,34.199588],[132.568552,34.199373]],[[132.875675,34.314534],[132.874157,34.314694],[132.875196,34.315631],[132.875675,34.314534]],[[133.386782,34.420576],[133.385448,34.420464],[133.386558,34.422581],[133.386782,34.420576]],[[133.413828,34.435731],[133.413962,34.436401],[133.414705,34.436043],[133.413828,34.435731]],[[133.559026,34.467056],[133.557368,34.467194],[133.559415,34.46811],[133.559026,34.467056]],[[133.641215,34.504384],[133.641591,34.505172],[133.642271,34.505169],[133.641215,34.504384]],[[133.847229,34.469628],[133.846102,34.470518],[133.847067,34.47069],[133.847229,34.469628]],[[134.171771,34.650472],[134.171956,34.649439],[134.171282,34.649552],[134.171771,34.650472]],[[134.234701,34.719752],[134.233699,34.719762],[134.234157,34.721088],[134.234701,34.719752]],[[134.460723,34.76757],[134.460565,34.766676],[134.459752,34.767107],[134.460723,34.76757]],[[134.46548,34.807369],[134.465165,34.808881],[134.465829,34.809058],[134.46548,34.807369]],[[134.701371,34.776193],[134.699437,34.776113],[134.700246,34.77775],[134.701371,34.776193]],[[134.857755,34.711827],[134.857087,34.712444],[134.858353,34.713779],[134.857755,34.711827]],[[135.335612,34.726657],[135.335751,34.727257],[135.33747,34.727109],[135.335612,34.726657]],[[135.190691,34.158179],[135.189075,34.158557],[135.189668,34.159172],[135.190691,34.158179]],[[135.091918,34.068006],[135.090814,34.068361],[135.09139,34.068808],[135.091918,34.068006]],[[135.170333,34.030597],[135.171187,34.030676],[135.170922,34.029785],[135.170333,34.030597]],[[135.086958,33.957548],[135.084376,33.957228],[135.084292,33.957966],[135.086958,33.957548]],[[135.352806,33.731535],[135.353166,33.73228],[135.353831,33.731766],[135.352806,33.731535]],[[135.487736,33.549489],[135.486751,33.549587],[135.486816,33.550561],[135.487736,33.549489]],[[135.593347,33.506141],[135.593399,33.506937],[135.594162,33.506217],[135.593347,33.506141]],[[135.78572,33.475443],[135.784528,33.474968],[135.784228,33.47406],[135.78572,33.475443]],[[135.836104,33.51342],[135.834589,33.513698],[135.83476,33.514238],[135.836104,33.51342]],[[135.948547,33.590559],[135.949585,33.590233],[135.949315,33.589622],[135.948547,33.590559]],[[135.949164,33.629024],[135.949161,33.630315],[135.950812,33.629995],[135.949164,33.629024]],[[135.97589,33.661331],[135.974626,33.661285],[135.975214,33.662307],[135.97589,33.661331]],[[136.020785,33.736551],[136.020065,33.737175],[136.020675,33.738302],[136.020785,33.736551]],[[136.21909,33.967749],[136.21755,33.965239],[136.216509,33.965372],[136.21909,33.967749]],[[136.221216,34.064117],[136.222816,34.063442],[136.221451,34.062987],[136.221216,34.064117]],[[136.539162,34.278296],[136.538711,34.278879],[136.539676,34.27875],[136.539162,34.278296]],[[136.780981,34.299103],[136.780365,34.300188],[136.781092,34.300883],[136.780981,34.299103]],[[136.808773,34.327853],[136.811191,34.327963],[136.810767,34.326461],[136.808773,34.327853]],[[136.859658,34.271155],[136.862693,34.271446],[136.862697,34.270513],[136.859658,34.271155]],[[136.836235,34.355202],[136.837507,34.355752],[136.837199,34.354966],[136.836235,34.355202]],[[136.865545,34.46153],[136.865943,34.45985],[136.864238,34.460745],[136.865545,34.46153]],[[136.833402,34.501759],[136.833311,34.500994],[136.832344,34.500971],[136.833402,34.501759]],[[136.540458,34.608755],[136.540859,34.606983],[136.539559,34.608349],[136.540458,34.608755]],[[136.684985,35.006881],[136.683586,35.008752],[136.684707,35.008222],[136.684985,35.006881]],[[136.822518,34.904624],[136.823601,34.905233],[136.823536,34.903615],[136.822518,34.904624]],[[136.823536,34.903615],[136.824637,34.904419],[136.82435,34.903185],[136.823536,34.903615]],[[136.843897,34.871411],[136.844276,34.872401],[136.845407,34.871551],[136.843897,34.871411]],[[136.869181,34.734051],[136.869906,34.734661],[136.870294,34.734258],[136.869181,34.734051]],[[136.972609,34.698705],[136.970681,34.697995],[136.970735,34.699451],[136.972609,34.698705]],[[137.136406,34.787958],[137.13513,34.787994],[137.134955,34.788722],[137.136406,34.787958]],[[137.13513,34.787994],[137.134336,34.78793],[137.134433,34.788709],[137.13513,34.787994]],[[137.177276,34.778401],[137.178292,34.778511],[137.177607,34.777464],[137.177276,34.778401]],[[137.103338,34.638563],[137.102005,34.638195],[137.102267,34.639504],[137.103338,34.638563]],[[138.267791,34.754585],[138.265836,34.753461],[138.265165,34.754198],[138.267791,34.754585]],[[138.328284,34.817573],[138.327643,34.817609],[138.32768,34.818217],[138.328284,34.817573]],[[138.49745,34.9927],[138.4966,34.992147],[138.495975,34.992833],[138.49745,34.9927]],[[138.774468,34.849488],[138.775406,34.849907],[138.775039,34.849439],[138.774468,34.849488]],[[138.768966,34.773574],[138.769199,34.774766],[138.76829,34.775683],[138.768966,34.773574]],[[138.76829,34.775683],[138.766763,34.776798],[138.767521,34.777287],[138.76829,34.775683]],[[138.755515,34.734332],[138.756436,34.73472],[138.756571,34.734067],[138.755515,34.734332]],[[138.913628,34.637089],[138.912601,34.637076],[138.912707,34.638489],[138.913628,34.637089]],[[139.10006,34.973898],[139.099794,34.972823],[139.099079,34.973135],[139.10006,34.973898]],[[139.567872,35.285141],[139.568663,35.284299],[139.567764,35.284142],[139.567872,35.285141]],[[139.619146,35.163415],[139.619728,35.162708],[139.619197,35.162427],[139.619146,35.163415]],[[139.681292,35.424868],[139.680732,35.425184],[139.679928,35.425556],[139.681292,35.424868]],[[139.919915,35.439165],[139.921765,35.439852],[139.921944,35.439251],[139.919915,35.439165]],[[139.901466,35.402726],[139.902165,35.402919],[139.901767,35.402178],[139.901466,35.402726]],[[139.8818,34.902985],[139.880999,34.903423],[139.88274,34.903357],[139.8818,34.902985]],[[139.94233,34.923609],[139.940859,34.923923],[139.941845,34.925032],[139.94233,34.923609]],[[139.954239,34.932177],[139.954015,34.930916],[139.953286,34.931019],[139.954239,34.932177]],[[139.961195,34.93864],[139.960103,34.938159],[139.959775,34.938889],[139.961195,34.93864]],[[140.083081,35.068816],[140.08234,35.069392],[140.083059,35.069559],[140.083081,35.068816]],[[140.108081,35.093095],[140.108181,35.091761],[140.106506,35.090932],[140.108081,35.093095]],[[140.220318,35.116006],[140.219245,35.116233],[140.220063,35.116611],[140.220318,35.116006]],[[140.278895,35.13321],[140.278634,35.134499],[140.279232,35.134517],[140.278895,35.13321]],[[140.331949,35.1549],[140.33098,35.154846],[140.329972,35.155554],[140.331949,35.1549]],[[140.33098,35.154846],[140.329641,35.153219],[140.328832,35.153635],[140.33098,35.154846]],[[140.845843,35.699416],[140.846698,35.69883],[140.846024,35.698706],[140.845843,35.699416]],[[140.701687,35.923688],[140.700771,35.923051],[140.700561,35.923645],[140.701687,35.923688]],[[140.613492,36.48553],[140.613547,36.484516],[140.612483,36.484747],[140.613492,36.48553]],[[141.069527,38.321042],[141.069576,38.320436],[141.068332,38.320894],[141.069527,38.321042]],[[141.042107,38.348651],[141.041547,38.34957],[141.042099,38.349644],[141.042107,38.348651]],[[141.503951,38.601341],[141.501862,38.601238],[141.500861,38.602771],[141.503951,38.601341]],[[141.528722,38.757062],[141.527742,38.756802],[141.526911,38.75713],[141.528722,38.757062]],[[141.596698,38.892787],[141.596128,38.893567],[141.597384,38.893824],[141.596698,38.892787]],[[141.690356,38.955967],[141.689916,38.956885],[141.691249,38.957002],[141.690356,38.955967]],[[141.714095,39.021996],[141.713735,39.021373],[141.712738,39.022141],[141.714095,39.021996]],[[141.944817,39.374787],[141.944048,39.375427],[141.9449,39.375664],[141.944817,39.374787]],[[141.9436,39.376636],[141.943732,39.376127],[141.942859,39.375708],[141.9436,39.376636]],[[142.052991,39.532142],[142.051612,39.532504],[142.052947,39.533111],[142.052991,39.532142]],[[142.069828,39.547928],[142.069736,39.546528],[142.068967,39.546208],[142.069828,39.547928]],[[141.394728,41.100761],[141.393982,41.100165],[141.393881,41.101043],[141.394728,41.100761]],[[132.33827,34.354147],[132.339123,34.354571],[132.339161,34.353756],[132.33827,34.354147]],[[131.172064,33.969375],[131.173003,33.970054],[131.173279,33.969372],[131.172064,33.969375]],[[133.829595,34.475727],[133.830333,34.475814],[133.829099,34.475151],[133.829595,34.475727]],[[135.182746,34.677998],[135.18317,34.677236],[135.182077,34.676818],[135.182746,34.677998]],[[136.649823,34.290248],[136.65011,34.292434],[136.65338,34.29216],[136.649823,34.290248]],[[139.901323,35.415379],[139.899928,35.415534],[139.899956,35.416564],[139.901323,35.415379]]],[[[139.985791,41.551109],[139.985796,41.552963],[139.985406,41.55219],[139.985791,41.551109]]],[[[140.913234,41.55571],[140.911806,41.55581],[140.911265,41.555529],[140.913234,41.55571]]],[[[139.984918,41.558571],[139.983937,41.557226],[139.984108,41.55597],[139.984918,41.558571]]],[[[139.982941,41.561992],[139.982739,41.561222],[139.983323,41.560959],[139.982941,41.561992]]],[[[139.982823,41.578385],[139.982247,41.57815],[139.982476,41.577637],[139.982823,41.578385]]],[[[139.981503,41.584413],[139.980582,41.583552],[139.981466,41.583334],[139.981503,41.584413]]],[[[140.429161,41.585693],[140.430576,41.585818],[140.430582,41.586475],[140.429161,41.585693]]],[[[140.957316,41.711569],[140.952663,41.713246],[140.956768,41.71135],[140.957316,41.711569]]],[[[140.954345,41.713796],[140.953742,41.713198],[140.954276,41.712964],[140.954345,41.713796]]],[[[141.030979,41.715957],[141.030955,41.717268],[141.029454,41.716624],[141.030979,41.715957]]],[[[141.079311,41.742838],[141.077443,41.742288],[141.078337,41.742207],[141.079311,41.742838]]],[[[140.906622,41.744413],[140.909358,41.742207],[140.910752,41.741893],[140.906622,41.744413]]],[[[140.874673,41.752404],[140.87107,41.7521],[140.874076,41.75186],[140.874673,41.752404]]],[[[140.608291,41.756521],[140.607804,41.756676],[140.607776,41.755182],[140.608291,41.756521]]],[[[140.608208,41.758615],[140.60753,41.759472],[140.608226,41.757656],[140.608208,41.758615]]],[[[140.607032,41.759793],[140.606516,41.75953],[140.606982,41.759203],[140.607032,41.759793]]],[[[140.711618,41.770712],[140.713033,41.76976],[140.714929,41.769504],[140.711618,41.770712]]],[[[141.17025,41.821356],[141.168752,41.823318],[141.169402,41.821717],[141.17025,41.821356]]],[[[140.12638,41.873841],[140.127267,41.874312],[140.124067,41.873723],[140.12638,41.873841]]],[[[143.245171,41.936234],[143.246443,41.935588],[143.245501,41.936948],[143.245171,41.936234]]],[[[140.918633,41.967427],[140.919086,41.967962],[140.918342,41.969419],[140.918633,41.967427]]],[[[140.10364,42.007717],[140.10276,42.007825],[140.102673,42.008383],[140.10364,42.007717]]],[[[139.452475,42.014673],[139.451151,42.015051],[139.45167,42.013953],[139.452475,42.014673]]],[[[139.449472,42.015242],[139.449007,42.014598],[139.449393,42.014148],[139.449472,42.015242]]],[[[139.449472,42.015242],[139.450267,42.015336],[139.450041,42.016596],[139.449472,42.015242]]],[[[143.143775,42.016664],[143.143075,42.017029],[143.142812,42.016033],[143.143775,42.016664]]],[[[140.823559,42.035655],[140.825652,42.034001],[140.826749,42.034273],[140.823559,42.035655]]],[[[143.101745,42.045567],[143.100597,42.045482],[143.100468,42.044745],[143.101745,42.045567]]],[[[140.083453,42.046043],[140.081164,42.044908],[140.082468,42.045004],[140.083453,42.046043]]],[[[139.416599,42.067865],[139.415638,42.068327],[139.416106,42.067608],[139.416599,42.067865]]],[[[139.417359,42.069763],[139.41695,42.069045],[139.417228,42.068526],[139.417359,42.069763]]],[[[139.412774,42.110761],[139.412138,42.11159],[139.411219,42.111238],[139.412774,42.110761]]],[[[140.592019,42.112554],[140.591202,42.111472],[140.59152,42.11083],[140.592019,42.112554]]],[[[139.410812,42.114222],[139.410729,42.113519],[139.412287,42.113516],[139.410812,42.114222]]],[[[143.31863,42.121986],[143.319586,42.120603],[143.320758,42.120871],[143.31863,42.121986]]],[[[142.911246,42.12685],[142.911154,42.125414],[142.915103,42.125387],[142.911246,42.12685]]],[[[139.982168,42.127251],[139.981699,42.126976],[139.984815,42.125054],[139.982168,42.127251]]],[[[139.977668,42.12708],[139.975987,42.127566],[139.975977,42.127002],[139.977668,42.12708]]],[[[140.684572,42.127055],[140.685796,42.127115],[140.685441,42.128191],[140.684572,42.127055]]],[[[142.902064,42.128195],[142.903704,42.127877],[142.90279,42.128708],[142.902064,42.128195]]],[[[142.902064,42.128195],[142.901533,42.12889],[142.9009,42.128971],[142.902064,42.128195]]],[[[139.966607,42.12878],[139.965774,42.129279],[139.965842,42.128713],[139.966607,42.12878]]],[[[139.926519,42.131798],[139.925891,42.131434],[139.925886,42.130846],[139.926519,42.131798]]],[[[139.917365,42.136935],[139.917324,42.138128],[139.916313,42.136496],[139.917365,42.136935]]],[[[139.913758,42.14751],[139.913282,42.147745],[139.912621,42.146464],[139.913758,42.14751]]],[[[139.413294,42.149849],[139.412789,42.148938],[139.413696,42.148807],[139.413294,42.149849]]],[[[139.906698,42.158465],[139.906203,42.158623],[139.906177,42.157926],[139.906698,42.158465]]],[[[139.907831,42.158991],[139.906703,42.159082],[139.906698,42.158465],[139.907831,42.158991]]],[[[139.899931,42.171418],[139.899284,42.170913],[139.899892,42.170853],[139.899931,42.171418]]],[[[140.430175,42.19216],[140.430938,42.191756],[140.430709,42.19235],[140.430175,42.19216]]],[[[140.434059,42.190847],[140.434916,42.190803],[140.434328,42.193343],[140.434059,42.190847]]],[[[139.832119,42.219327],[139.833333,42.219946],[139.827932,42.219224],[139.832119,42.219327]]],[[[139.449283,42.221931],[139.448624,42.221492],[139.449686,42.221348],[139.449283,42.221931]]],[[[142.613824,42.224809],[142.613868,42.224246],[142.614776,42.223953],[142.613824,42.224809]]],[[[139.812538,42.226092],[139.81218,42.227245],[139.811491,42.227669],[139.812538,42.226092]]],[[[139.548438,42.240382],[139.546755,42.240611],[139.545299,42.240209],[139.548438,42.240382]]],[[[142.5509,42.245811],[142.550985,42.246442],[142.550319,42.245741],[142.5509,42.245811]]],[[[139.537511,42.234075],[139.435525,42.2161],[139.403854,42.176914],[139.420783,42.071738],[139.451384,42.05237],[139.504948,42.097821],[139.517086,42.176354],[139.560547,42.226849],[139.558995,42.25236],[139.542967,42.236882],[139.537511,42.234075]],[[139.537511,42.234075],[139.538331,42.234074],[139.537806,42.233659],[139.537511,42.234075]]],[[[140.289089,42.252369],[140.290268,42.256811],[140.289739,42.256607],[140.289089,42.252369]]],[[[140.970304,42.305484],[140.97034,42.306266],[140.969781,42.305443],[140.970304,42.305484]]],[[[142.408154,42.306297],[142.408183,42.306956],[142.407518,42.306031],[142.408154,42.306297]]],[[[140.967897,42.307317],[140.965307,42.30834],[140.967287,42.306262],[140.967897,42.307317]]],[[[142.412078,42.308439],[142.412106,42.307778],[142.412633,42.307514],[142.412078,42.308439]]],[[[140.962377,42.310061],[140.96065,42.310683],[140.960352,42.309915],[140.962377,42.310061]]],[[[142.402607,42.311257],[142.40206,42.310796],[142.402924,42.310645],[142.402607,42.311257]]],[[[141.011538,42.317786],[141.011408,42.317116],[141.012329,42.317597],[141.011538,42.317786]]],[[[140.946279,42.318744],[140.945505,42.318421],[140.94598,42.318145],[140.946279,42.318744]]],[[[140.98492,42.328319],[140.984086,42.329662],[140.982175,42.33012],[140.98492,42.328319]]],[[[140.928533,42.345016],[140.928261,42.345963],[140.928134,42.344638],[140.928533,42.345016]]],[[[140.927644,42.34825],[140.926429,42.34777],[140.926913,42.346777],[140.927644,42.34825]]],[[[140.950081,42.349761],[140.949461,42.34996],[140.949702,42.349346],[140.950081,42.349761]]],[[[140.951112,42.356244],[140.950462,42.356384],[140.950751,42.355791],[140.951112,42.356244]]],[[[139.815401,42.381501],[139.814629,42.381307],[139.814707,42.380272],[139.815401,42.381501]]],[[[140.331322,42.439326],[140.329952,42.439092],[140.330113,42.437918],[140.331322,42.439326]]],[[[139.84131,42.439854],[139.840424,42.439549],[139.840878,42.439226],[139.84131,42.439854]]],[[[139.841667,42.44655],[139.841357,42.446123],[139.84182,42.445911],[139.841667,42.44655]]],[[[139.846104,42.448877],[139.84559,42.450264],[139.845423,42.449469],[139.846104,42.448877]]],[[[141.185911,42.450607],[141.183908,42.44996],[141.185641,42.448518],[141.185911,42.450607]]],[[[139.844187,42.453804],[139.841762,42.451417],[139.844184,42.45309],[139.844187,42.453804]]],[[[139.847838,42.458145],[139.847445,42.458654],[139.84701,42.457954],[139.847838,42.458145]]],[[[139.848842,42.459323],[139.848274,42.459002],[139.84895,42.458769],[139.848842,42.459323]]],[[[139.851494,42.46284],[139.851185,42.463391],[139.850674,42.462716],[139.851494,42.46284]]],[[[140.858849,42.465634],[140.857471,42.464561],[140.85802,42.46302],[140.858849,42.465634]]],[[[140.857038,42.465206],[140.855488,42.465963],[140.854861,42.463667],[140.857038,42.465206]]],[[[143.434228,42.47601],[143.433649,42.475566],[143.433986,42.474069],[143.434228,42.47601]]],[[[139.846084,42.48102],[139.84583,42.481871],[139.845441,42.480956],[139.846084,42.48102]]],[[[139.843117,42.482166],[139.842831,42.481742],[139.844504,42.479897],[139.843117,42.482166]]],[[[139.845272,42.503575],[139.844505,42.503236],[139.844225,42.502472],[139.845272,42.503575]]],[[[139.842662,42.512456],[139.842554,42.513391],[139.841513,42.512449],[139.842662,42.512456]]],[[[141.312159,42.514656],[141.310099,42.516562],[141.30924,42.516059],[141.312159,42.514656]]],[[[140.777069,42.517028],[140.776651,42.518215],[140.774628,42.517052],[140.777069,42.517028]]],[[[141.31687,42.518695],[141.317717,42.517839],[141.319505,42.517022],[141.31687,42.518695]]],[[[140.776144,42.527368],[140.773525,42.52974],[140.772764,42.530244],[140.776144,42.527368]]],[[[141.941385,42.544982],[141.937361,42.547561],[141.935037,42.547433],[141.941385,42.544982]]],[[[140.750401,42.555006],[140.749918,42.554754],[140.75072,42.554279],[140.750401,42.555006]]],[[[140.582751,42.566022],[140.582402,42.565347],[140.58313,42.565505],[140.582751,42.566022]]],[[[140.608376,42.574348],[140.607744,42.573986],[140.608753,42.573972],[140.608376,42.574348]]],[[[141.624321,42.619708],[141.623059,42.618905],[141.62179,42.616702],[141.624321,42.619708]]],[[[141.621027,42.626917],[141.623057,42.626998],[141.623368,42.627615],[141.621027,42.626917]]],[[[141.619787,42.628302],[141.619228,42.628288],[141.619162,42.627513],[141.619787,42.628302]]],[[[141.621027,42.626917],[141.62112,42.628071],[141.62282,42.628167],[141.621027,42.626917]]],[[[139.87356,42.667183],[139.873195,42.666826],[139.873626,42.666322],[139.87356,42.667183]]],[[[139.909827,42.682079],[139.909522,42.682585],[139.909016,42.681942],[139.909827,42.682079]]],[[[139.998209,42.689331],[140.003086,42.688575],[139.999398,42.689638],[139.998209,42.689331]]],[[[140.021195,42.691971],[140.020692,42.69227],[140.019799,42.692298],[140.021195,42.691971]]],[[[140.064461,42.716509],[140.063585,42.716641],[140.064149,42.715834],[140.064461,42.716509]]],[[[140.082214,42.731838],[140.081515,42.732324],[140.079555,42.7305],[140.082214,42.731838]]],[[[140.086752,42.732948],[140.085587,42.73305],[140.085797,42.732443],[140.086752,42.732948]]],[[[140.088173,42.734617],[140.088394,42.733967],[140.088874,42.734547],[140.088173,42.734617]]],[[[140.088173,42.734617],[140.089744,42.735734],[140.089874,42.7365],[140.088173,42.734617]]],[[[140.094984,42.737501],[140.09477,42.738036],[140.09432,42.737299],[140.094984,42.737501]]],[[[140.102847,42.738481],[140.10223,42.73819],[140.103061,42.738014],[140.102847,42.738481]]],[[[140.111031,42.74008],[140.111429,42.740607],[140.110892,42.740618],[140.111031,42.74008]]],[[[140.113574,42.746079],[140.113982,42.747328],[140.112732,42.747337],[140.113574,42.746079]]],[[[140.117549,42.746959],[140.117228,42.747612],[140.117152,42.746627],[140.117549,42.746959]]],[[[140.205838,42.81033],[140.205127,42.810561],[140.205563,42.809897],[140.205838,42.81033]]],[[[140.304551,42.826919],[140.303726,42.826046],[140.304077,42.825399],[140.304551,42.826919]]],[[[140.18734,42.824963],[140.186146,42.827746],[140.185651,42.826116],[140.18734,42.824963]]],[[[140.307471,42.829182],[140.306918,42.831044],[140.306827,42.829829],[140.307471,42.829182]]],[[[140.307904,42.832856],[140.307499,42.833385],[140.308163,42.830887],[140.307904,42.832856]]],[[[140.328935,42.848233],[140.328182,42.847771],[140.328726,42.847562],[140.328935,42.848233]]],[[[144.44847,42.944411],[144.445774,42.944275],[144.447241,42.943836],[144.44847,42.944411]]],[[[144.447057,42.945906],[144.445137,42.945656],[144.446262,42.945427],[144.447057,42.945906]]],[[[144.871315,42.949385],[144.873134,42.949629],[144.873515,42.950739],[144.871315,42.949385]]],[[[144.880654,42.974657],[144.880131,42.975575],[144.879125,42.97629],[144.880654,42.974657]]],[[[140.514979,42.985915],[140.511881,42.986973],[140.511394,42.98612],[140.514979,42.985915]]],[[[140.510651,42.992675],[140.506619,42.989458],[140.509095,42.990714],[140.510651,42.992675]]],[[[140.510651,42.992675],[140.50964,42.996838],[140.50912,42.996865],[140.510651,42.992675]]],[[[140.507227,42.997388],[140.508207,43.000233],[140.5061,42.996577],[140.507227,42.997388]]],[[[145.062579,43.028813],[145.061931,43.029053],[145.06127,43.028709],[145.062579,43.028813]]],[[[145.054771,43.034914],[145.054876,43.033913],[145.055294,43.034494],[145.054771,43.034914]]],[[[144.783695,43.052038],[144.783266,43.052443],[144.781112,43.051613],[144.783695,43.052038]]],[[[145.113998,43.049511],[145.114534,43.049973],[145.114131,43.050362],[145.113998,43.049511]]],[[[145.124177,43.063507],[145.122599,43.064099],[145.121158,43.063226],[145.124177,43.063507]]],[[[145.128205,43.074743],[145.127406,43.07499],[145.127993,43.074218],[145.128205,43.074743]]],[[[145.175242,43.07638],[145.174081,43.076522],[145.175697,43.075903],[145.175242,43.07638]]],[[[145.114075,43.078632],[145.113091,43.075176],[145.11353,43.074669],[145.114075,43.078632]]],[[[145.133333,43.084388],[145.123979,43.083988],[145.128404,43.08389],[145.133333,43.084388]]],[[[140.458775,43.099158],[140.456887,43.098753],[140.45813,43.098487],[140.458775,43.099158]]],[[[140.451443,43.107343],[140.45073,43.107786],[140.450564,43.107284],[140.451443,43.107343]]],[[[140.449509,43.1119],[140.448564,43.112412],[140.447666,43.111787],[140.449509,43.1119]]],[[[140.446005,43.116607],[140.445415,43.116567],[140.444909,43.11589],[140.446005,43.116607]]],[[[140.443443,43.119748],[140.442837,43.122195],[140.442421,43.121506],[140.443443,43.119748]]],[[[140.425719,43.136548],[140.425827,43.135913],[140.426334,43.13562],[140.425719,43.136548]]],[[[140.42288,43.143438],[140.424366,43.140541],[140.424619,43.14107],[140.42288,43.143438]]],[[[141.123464,43.156588],[141.124706,43.156849],[141.124221,43.157134],[141.123464,43.156588]]],[[[145.517756,43.184889],[145.517129,43.183459],[145.517561,43.182543],[145.517756,43.184889]]],[[[140.791094,43.197933],[140.792309,43.19783],[140.792144,43.198362],[140.791094,43.197933]]],[[[140.345372,43.197186],[140.344691,43.197585],[140.344839,43.198939],[140.345372,43.197186]]],[[[145.533885,43.201414],[145.533531,43.201011],[145.533608,43.199375],[145.533885,43.201414]]],[[[141.262443,43.200224],[141.272348,43.206888],[141.25627,43.197156],[141.262443,43.200224]]],[[[141.01638,43.216852],[141.01664,43.214153],[141.01728,43.21337],[141.01638,43.216852]]],[[[140.326351,43.217632],[140.326125,43.218417],[140.325469,43.217168],[140.326351,43.217632]]],[[[141.01638,43.216852],[141.017632,43.218516],[141.016368,43.218369],[141.01638,43.216852]]],[[[140.918928,43.219911],[140.918143,43.219574],[140.918132,43.218383],[140.918928,43.219911]]],[[[141.304824,43.218581],[141.303935,43.219318],[141.3005,43.219935],[141.304824,43.218581]]],[[[145.598363,43.219455],[145.598997,43.220346],[145.598352,43.220816],[145.598363,43.219455]]],[[[141.28945,43.228723],[141.288949,43.228847],[141.287311,43.22357],[141.28945,43.228723]]],[[[145.611402,43.228968],[145.610773,43.229327],[145.607992,43.230612],[145.611402,43.228968]]],[[[140.328222,43.241601],[140.327642,43.241979],[140.326707,43.24117],[140.328222,43.241601]]],[[[141.011653,43.242327],[141.010839,43.242606],[141.010032,43.241815],[141.011653,43.242327]]],[[[140.641624,43.27793],[140.641305,43.274846],[140.642057,43.276962],[140.641624,43.27793]]],[[[140.34221,43.283982],[140.341848,43.284629],[140.341425,43.283886],[140.34221,43.283982]]],[[[145.667267,43.295499],[145.666717,43.295348],[145.66689,43.294575],[145.667267,43.295499]]],[[[145.673814,43.298299],[145.672353,43.299463],[145.671237,43.299819],[145.673814,43.298299]]],[[[145.674485,43.303229],[145.674966,43.304076],[145.672569,43.303761],[145.674485,43.303229]]],[[[140.603193,43.307743],[140.602601,43.308106],[140.600476,43.30801],[140.603193,43.307743]]],[[[140.355704,43.310622],[140.355328,43.311108],[140.354597,43.310461],[140.355704,43.310622]]],[[[140.379583,43.330126],[140.37958,43.330731],[140.377457,43.331942],[140.379583,43.330126]]],[[[145.774595,43.332724],[145.774786,43.333431],[145.773534,43.332714],[145.774595,43.332724]]],[[[145.748149,43.335954],[145.74756,43.334056],[145.748793,43.333083],[145.748149,43.335954]]],[[[140.342264,43.336481],[140.342414,43.335634],[140.343608,43.3353],[140.342264,43.336481]]],[[[145.775599,43.335678],[145.775197,43.336623],[145.773632,43.335321],[145.775599,43.335678]]],[[[140.550134,43.337172],[140.549394,43.336891],[140.549056,43.336271],[140.550134,43.337172]]],[[[145.754515,43.336769],[145.756082,43.336273],[145.756727,43.335394],[145.754515,43.336769]]],[[[145.777754,43.33755],[145.777022,43.337945],[145.776457,43.337366],[145.777754,43.33755]]],[[[146.013661,43.339739],[146.013005,43.339385],[146.01405,43.339381],[146.013661,43.339739]]],[[[140.543664,43.339217],[140.543635,43.339884],[140.543096,43.338843],[140.543664,43.339217]]],[[[145.762135,43.340733],[145.759829,43.340006],[145.758311,43.338712],[145.762135,43.340733]]],[[[146.014057,43.341134],[146.01355,43.340947],[146.01418,43.340475],[146.014057,43.341134]]],[[[145.585383,43.341442],[145.582115,43.339991],[145.583374,43.340023],[145.585383,43.341442]]],[[[145.576744,43.341161],[145.578689,43.345463],[145.575937,43.343083],[145.576744,43.341161]]],[[[140.531395,43.348545],[140.532114,43.348444],[140.531853,43.348901],[140.531395,43.348545]]],[[[140.527863,43.358428],[140.528847,43.358669],[140.528121,43.359078],[140.527863,43.358428]]],[[[146.012314,43.3686],[146.013194,43.368133],[146.013045,43.368735],[146.012314,43.3686]]],[[[140.475588,43.373286],[140.474737,43.375],[140.473906,43.374701],[140.475588,43.373286]]],[[[140.481844,43.375766],[140.48112,43.376244],[140.479935,43.376104],[140.481844,43.375766]]],[[[140.478989,43.376086],[140.478463,43.376853],[140.478495,43.375621],[140.478989,43.376086]]],[[[146.012314,43.3686],[145.986134,43.369044],[146.012117,43.367486],[146.012314,43.3686]]],[[[146.02315,43.379963],[146.023307,43.381009],[146.022205,43.380735],[146.02315,43.379963]]],[[[146.022111,43.382258],[146.022379,43.381379],[146.023016,43.381632],[146.022111,43.382258]]],[[[146.021169,43.382265],[146.020462,43.382568],[146.02071,43.382012],[146.021169,43.382265]]],[[[146.022111,43.382258],[146.021581,43.382858],[146.021169,43.382265],[146.022111,43.382258]]],[[[145.893731,43.383168],[145.894206,43.384813],[145.891956,43.385804],[145.893731,43.383168]]],[[[145.875904,43.390245],[145.87535,43.39013],[145.876196,43.389759],[145.875904,43.390245]]],[[[141.4306,43.397851],[141.42839,43.398422],[141.428745,43.397796],[141.4306,43.397851]]],[[[141.428139,43.400457],[141.427585,43.398202],[141.428558,43.399094],[141.428139,43.400457]]],[[[146.158387,43.407934],[146.157599,43.408088],[146.157148,43.407609],[146.158387,43.407934]]],[[[146.160236,43.409853],[146.159306,43.409889],[146.159985,43.409004],[146.160236,43.409853]]],[[[146.156933,43.410229],[146.15492,43.410475],[146.154718,43.411506],[146.156933,43.410229]]],[[[146.081179,43.412453],[146.082086,43.411805],[146.082748,43.412615],[146.081179,43.412453]]],[[[146.085046,43.413515],[146.084116,43.412906],[146.084735,43.412371],[146.085046,43.413515]]],[[[146.080691,43.413561],[146.079406,43.413703],[146.080131,43.412572],[146.080691,43.413561]]],[[[146.165426,43.414332],[146.164605,43.413644],[146.165285,43.413148],[146.165426,43.414332]]],[[[146.076042,43.415435],[146.075517,43.414891],[146.076034,43.414606],[146.076042,43.415435]]],[[[146.066487,43.414978],[146.06641,43.415628],[146.065688,43.414727],[146.066487,43.414978]]],[[[146.093013,43.418745],[146.092411,43.418921],[146.09186,43.418423],[146.093013,43.418745]]],[[[146.093013,43.418745],[146.095463,43.418669],[146.095643,43.419257],[146.093013,43.418745]]],[[[146.097756,43.419486],[146.097628,43.420561],[146.095977,43.419909],[146.097756,43.419486]]],[[[146.166853,43.421576],[146.167855,43.421669],[146.168459,43.42238],[146.166853,43.421576]]],[[[146.17073,43.423634],[146.170721,43.42431],[146.169815,43.423477],[146.17073,43.423634]]],[[[146.175034,43.424679],[146.174568,43.425454],[146.173974,43.424498],[146.175034,43.424679]]],[[[146.176146,43.427609],[146.174398,43.426968],[146.173891,43.427514],[146.176146,43.427609]]],[[[146.177907,43.428635],[146.177552,43.427831],[146.178328,43.428252],[146.177907,43.428635]]],[[[146.099106,43.429093],[146.098401,43.429291],[146.098029,43.428683],[146.099106,43.429093]]],[[[146.179743,43.428857],[146.181129,43.429208],[146.180468,43.429555],[146.179743,43.428857]]],[[[146.179743,43.428857],[146.178708,43.42968],[146.176474,43.428687],[146.179743,43.428857]]],[[[146.109146,43.438739],[146.108467,43.439033],[146.108066,43.438689],[146.109146,43.438739]]],[[[146.080691,43.413561],[146.098647,43.448119],[146.024534,43.408269],[146.080377,43.414195],[146.080691,43.413561]]],[[[145.941666,43.457173],[145.941952,43.457716],[145.941331,43.45763],[145.941666,43.457173]]],[[[145.941666,43.457173],[145.862901,43.456718],[145.896803,43.446334],[145.898766,43.416762],[145.955531,43.425021],[145.942798,43.4571],[145.941666,43.457173]]],[[[145.889027,43.459962],[145.891302,43.461464],[145.889218,43.462027],[145.889027,43.459962]]],[[[146.162501,43.472888],[146.16187,43.473163],[146.161328,43.472963],[146.162501,43.472888]]],[[[146.162501,43.472888],[146.16322,43.47281],[146.162976,43.473453],[146.162501,43.472888]]],[[[146.163591,43.47448],[146.164787,43.4748],[146.164226,43.475332],[146.163591,43.47448]]],[[[146.163591,43.47448],[146.204201,43.533709],[146.134989,43.548904],[146.058538,43.522065],[146.11577,43.458207],[146.158756,43.473685],[146.163591,43.47448]]],[[[145.273879,43.560473],[145.272655,43.560246],[145.277509,43.559963],[145.273879,43.560473]]],[[[145.277897,43.563094],[145.277282,43.563013],[145.276445,43.56185],[145.277897,43.563094]]],[[[146.401708,43.565436],[146.400428,43.564569],[146.401334,43.56347],[146.401708,43.565436]]],[[[146.401708,43.565436],[146.404371,43.565095],[146.403942,43.566304],[146.401708,43.565436]]],[[[146.401844,43.567351],[146.400544,43.567604],[146.399769,43.566691],[146.401844,43.567351]]],[[[145.329184,43.568238],[145.322899,43.567203],[145.324206,43.567717],[145.329184,43.568238]]],[[[145.325746,43.56907],[145.324932,43.569392],[145.323733,43.568134],[145.325746,43.56907]]],[[[146.403176,43.567851],[146.402189,43.568735],[146.402978,43.569544],[146.403176,43.567851]]],[[[146.403176,43.567851],[146.405203,43.567108],[146.405466,43.567756],[146.403176,43.567851]]],[[[145.329184,43.568238],[145.330855,43.570362],[145.327831,43.570516],[145.329184,43.568238]]],[[[146.405063,43.570871],[146.404096,43.570707],[146.405426,43.570272],[146.405063,43.570871]]],[[[146.439226,43.571265],[146.438615,43.570997],[146.439113,43.57029],[146.439226,43.571265]]],[[[146.436258,43.573239],[146.435189,43.574036],[146.434209,43.573803],[146.436258,43.573239]]],[[[145.242072,43.570352],[145.249566,43.573585],[145.254037,43.575417],[145.242072,43.570352]]],[[[146.431229,43.57586],[146.429512,43.576591],[146.428857,43.576287],[146.431229,43.57586]]],[[[146.431604,43.577707],[146.430741,43.577141],[146.431307,43.576972],[146.431604,43.577707]]],[[[145.323058,43.57826],[145.321152,43.576729],[145.320272,43.576966],[145.323058,43.57826]]],[[[146.430107,43.578612],[146.429422,43.578155],[146.43016,43.57793],[146.430107,43.578612]]],[[[145.323058,43.57826],[145.325052,43.579301],[145.323732,43.578911],[145.323058,43.57826]]],[[[145.317229,43.584417],[145.315137,43.585195],[145.316206,43.584405],[145.317229,43.584417]]],[[[145.317229,43.584417],[145.318965,43.584115],[145.317904,43.584612],[145.317229,43.584417]]],[[[145.326984,43.585166],[145.326883,43.585727],[145.323848,43.584125],[145.326984,43.585166]]],[[[145.307872,43.595456],[145.309519,43.596993],[145.305013,43.594785],[145.307872,43.595456]]],[[[146.432209,43.600956],[146.431154,43.599819],[146.433245,43.599808],[146.432209,43.600956]]],[[[146.321578,43.648054],[146.320018,43.647843],[146.320943,43.64752],[146.321578,43.648054]]],[[[146.318635,43.646249],[146.270069,43.62678],[146.35696,43.617649],[146.320815,43.644509],[146.318635,43.646249]]],[[[145.133372,43.664161],[145.13548,43.664787],[145.135908,43.664042],[145.133372,43.664161]]],[[[145.135128,43.66734],[145.136445,43.666317],[145.138386,43.66591],[145.135128,43.66734]]],[[[146.647369,43.702338],[146.646252,43.701731],[146.648186,43.701687],[146.647369,43.702338]]],[[[146.639563,43.703524],[146.6395,43.704115],[146.638602,43.704077],[146.639563,43.703524]]],[[[146.639494,43.706653],[146.639635,43.707458],[146.639013,43.707173],[146.639494,43.706653]]],[[[146.671425,43.70797],[146.670464,43.707657],[146.670603,43.707109],[146.671425,43.70797]]],[[[146.678862,43.709026],[146.677656,43.708413],[146.678483,43.708253],[146.678862,43.709026]]],[[[146.678892,43.71346],[146.67745,43.713353],[146.677535,43.712533],[146.678892,43.71346]]],[[[146.685697,43.718719],[146.685227,43.718219],[146.685746,43.718007],[146.685697,43.718719]]],[[[145.436772,43.717854],[145.438295,43.716798],[145.444442,43.71754],[145.436772,43.717854]]],[[[146.690109,43.727182],[146.690398,43.726588],[146.690793,43.727196],[146.690109,43.727182]]],[[[146.624334,43.727011],[146.624346,43.728009],[146.623317,43.726978],[146.624334,43.727011]]],[[[146.706423,43.72971],[146.705919,43.729956],[146.705465,43.729329],[146.706423,43.72971]]],[[[146.714042,43.732703],[146.713823,43.731885],[146.714459,43.73162],[146.714042,43.732703]]],[[[146.690109,43.727182],[146.691843,43.728153],[146.693284,43.727721],[146.690109,43.727182]]],[[[146.607586,43.735954],[146.607223,43.735476],[146.607778,43.735443],[146.607586,43.735954]]],[[[146.714042,43.732703],[146.715364,43.733621],[146.714365,43.734892],[146.714042,43.732703]]],[[[146.594726,43.736831],[146.593249,43.736202],[146.593874,43.735562],[146.594726,43.736831]]],[[[146.593428,43.737122],[146.590878,43.737518],[146.591076,43.736449],[146.593428,43.737122]]],[[[146.735176,43.74097],[146.733041,43.740341],[146.734076,43.739768],[146.735176,43.74097]]],[[[146.732956,43.7448],[146.733243,43.744087],[146.734923,43.744767],[146.732956,43.7448]]],[[[146.797124,43.747192],[146.795346,43.746167],[146.796393,43.746005],[146.797124,43.747192]]],[[[146.803116,43.750176],[146.803715,43.749813],[146.803774,43.7508],[146.803116,43.750176]]],[[[146.786166,43.756825],[146.785648,43.757282],[146.785251,43.756277],[146.786166,43.756825]]],[[[146.803116,43.750176],[146.80323,43.750977],[146.802331,43.750863],[146.803116,43.750176]]],[[[146.796762,43.771847],[146.795617,43.772269],[146.795437,43.771471],[146.796762,43.771847]]],[[[141.367309,43.776524],[141.365567,43.777169],[141.36632,43.776084],[141.367309,43.776524]]],[[[146.809733,43.778882],[146.809157,43.778251],[146.809749,43.778082],[146.809733,43.778882]]],[[[146.801978,43.779834],[146.802582,43.779458],[146.80327,43.779757],[146.801978,43.779834]]],[[[146.80743,43.7805],[146.806784,43.779272],[146.80732,43.778967],[146.80743,43.7805]]],[[[146.834397,43.78092],[146.834126,43.781378],[146.83379,43.780407],[146.834397,43.78092]]],[[[146.844431,43.789566],[146.843547,43.786404],[146.845451,43.786268],[146.844431,43.789566]]],[[[146.850458,43.793125],[146.849172,43.793146],[146.848374,43.79219],[146.850458,43.793125]]],[[[146.852124,43.793188],[146.851527,43.793356],[146.851717,43.792855],[146.852124,43.793188]]],[[[146.843519,43.79976],[146.841787,43.800306],[146.842128,43.801065],[146.843519,43.79976]]],[[[146.846913,43.805058],[146.845925,43.805125],[146.845968,43.804535],[146.846913,43.805058]]],[[[146.886433,43.80611],[146.884013,43.806038],[146.885816,43.805161],[146.886433,43.80611]]],[[[146.858846,43.806516],[146.857346,43.806214],[146.857838,43.806052],[146.858846,43.806516]]],[[[146.882027,43.809161],[146.881629,43.808592],[146.882147,43.808525],[146.882027,43.809161]]],[[[146.886377,43.809473],[146.885626,43.80957],[146.885648,43.808041],[146.886377,43.809473]]],[[[146.868491,43.810377],[146.866594,43.808509],[146.867193,43.808016],[146.868491,43.810377]]],[[[146.872012,43.810701],[146.871476,43.810425],[146.872119,43.810184],[146.872012,43.810701]]],[[[146.878095,43.810903],[146.87782,43.811445],[146.876864,43.811292],[146.878095,43.810903]]],[[[146.878095,43.810903],[146.878785,43.810086],[146.880262,43.810226],[146.878095,43.810903]]],[[[146.913774,43.816943],[146.91297,43.816696],[146.913851,43.816406],[146.913774,43.816943]]],[[[146.912696,43.819089],[146.911711,43.820381],[146.910653,43.817989],[146.912696,43.819089]]],[[[146.915183,43.821866],[146.91396,43.820972],[146.915511,43.820759],[146.915183,43.821866]]],[[[146.912971,43.843337],[146.911785,43.843112],[146.912251,43.842454],[146.912971,43.843337]]],[[[141.536817,43.852769],[141.536362,43.85376],[141.535655,43.854049],[141.536817,43.852769]]],[[[145.600509,43.870619],[145.598368,43.871366],[145.599926,43.870302],[145.600509,43.870619]]],[[[146.865859,43.875846],[146.865089,43.875633],[146.865673,43.875294],[146.865859,43.875846]]],[[[146.868491,43.810377],[146.905971,43.811205],[146.914691,43.847273],[146.824771,43.890369],[146.822921,43.866846],[146.775446,43.876523],[146.721684,43.845965],[146.748108,43.815618],[146.609881,43.820285],[146.585772,43.806684],[146.607603,43.767464],[146.585649,43.74424],[146.625094,43.755984],[146.642247,43.701572],[146.86622,43.810945],[146.868491,43.810377]]],[[[141.602043,43.892103],[141.601192,43.89308],[141.600694,43.893433],[141.602043,43.892103]]],[[[145.710837,43.909135],[145.710853,43.909676],[145.709428,43.908601],[145.710837,43.909135]]],[[[145.71229,43.910363],[145.710531,43.910264],[145.712393,43.909825],[145.71229,43.910363]]],[[[145.714218,43.910741],[145.713219,43.910076],[145.714518,43.90953],[145.714218,43.910741]]],[[[145.722099,43.91313],[145.720598,43.913055],[145.721556,43.911928],[145.722099,43.91313]]],[[[145.723532,43.912847],[145.724293,43.912776],[145.724293,43.9133],[145.723532,43.912847]]],[[[145.723532,43.912847],[145.722928,43.913483],[145.722099,43.91313],[145.723532,43.912847]]],[[[145.727349,43.91638],[145.726537,43.915646],[145.727939,43.915703],[145.727349,43.91638]]],[[[145.728905,43.916288],[145.730666,43.915717],[145.729936,43.916333],[145.728905,43.916288]]],[[[145.732245,43.918558],[145.733154,43.918334],[145.733485,43.918798],[145.732245,43.918558]]],[[[145.733485,43.918798],[145.735945,43.918422],[145.73687,43.919628],[145.733485,43.918798]]],[[[145.743721,43.921827],[145.742173,43.92071],[145.74177,43.921323],[145.743721,43.921827]]],[[[145.749935,43.923688],[145.749323,43.92425],[145.742443,43.921779],[145.749935,43.923688]]],[[[145.749935,43.923688],[145.751342,43.924261],[145.753859,43.923839],[145.749935,43.923688]]],[[[145.757233,43.927551],[145.756678,43.927173],[145.757953,43.926908],[145.757233,43.927551]]],[[[145.811168,43.993221],[145.809892,43.993721],[145.807256,43.992959],[145.811168,43.993221]]],[[[145.807572,43.996038],[145.806528,43.995786],[145.807435,43.995184],[145.807572,43.996038]]],[[[141.649937,43.998751],[141.649403,43.999538],[141.649807,43.99468],[141.649937,43.998751]]],[[[145.652611,44.004442],[145.651013,44.005365],[145.650095,44.00455],[145.652611,44.004442]]],[[[144.29464,44.007292],[144.294947,44.008262],[144.291988,44.006038],[144.29464,44.007292]]],[[[144.291209,44.02564],[144.292112,44.024576],[144.294561,44.024412],[144.291209,44.02564]]],[[[144.284434,44.026967],[144.284357,44.02787],[144.282712,44.027496],[144.284434,44.026967]]],[[[145.742001,44.058564],[145.741213,44.058845],[145.740771,44.058171],[145.742001,44.058564]]],[[[145.744988,44.072134],[145.744397,44.072717],[145.743729,44.071985],[145.744988,44.072134]]],[[[145.902721,44.106333],[145.903171,44.105552],[145.904976,44.105515],[145.902721,44.106333]]],[[[145.904998,44.11124],[145.902775,44.111771],[145.902323,44.111502],[145.904998,44.11124]]],[[[145.906556,44.113336],[145.906161,44.11299],[145.907337,44.112866],[145.906556,44.113336]]],[[[145.90476,44.115994],[145.90399,44.115188],[145.904866,44.115176],[145.90476,44.115994]]],[[[141.655655,44.155919],[141.655057,44.156342],[141.655412,44.156913],[141.655655,44.155919]]],[[[146.05075,44.180617],[146.048721,44.181415],[146.047745,44.180898],[146.05075,44.180617]]],[[[146.047031,44.185297],[146.048921,44.185502],[146.048139,44.18645],[146.047031,44.185297]]],[[[141.654875,44.225733],[141.653981,44.225617],[141.653515,44.224849],[141.654875,44.225733]]],[[[145.224237,44.2418],[145.223646,44.242274],[145.223239,44.241742],[145.224237,44.2418]]],[[[145.367287,44.257925],[145.367884,44.257702],[145.36777,44.2582],[145.367287,44.257925]]],[[[145.367287,44.257925],[145.367256,44.258572],[145.36662,44.258049],[145.367287,44.257925]]],[[[145.367425,44.261148],[145.366749,44.261136],[145.367993,44.260616],[145.367425,44.261148]]],[[[146.25796,44.266455],[146.257131,44.266882],[146.256562,44.267086],[146.25796,44.266455]]],[[[145.267491,44.284579],[145.267655,44.285444],[145.26679,44.284472],[145.267491,44.284579]]],[[[145.2802,44.29272],[145.27953,44.293113],[145.27974,44.291954],[145.2802,44.29272]]],[[[141.652046,44.315034],[141.651942,44.315716],[141.650952,44.315491],[141.652046,44.315034]]],[[[145.352996,44.31662],[145.352358,44.316154],[145.352931,44.316063],[145.352996,44.31662]]],[[[141.657399,44.318036],[141.6561,44.318432],[141.65511,44.31772],[141.657399,44.318036]]],[[[145.316557,44.335403],[145.317881,44.3359],[145.317358,44.336144],[145.316557,44.335403]]],[[[143.380751,44.337405],[143.381278,44.337869],[143.381798,44.340999],[143.380751,44.337405]]],[[[146.007983,44.382945],[146.006776,44.383664],[146.006244,44.383529],[146.007983,44.382945]]],[[[146.033489,44.402505],[146.032346,44.401951],[146.032607,44.401457],[146.033489,44.402505]]],[[[146.034149,44.403235],[146.034967,44.404136],[146.034028,44.403935],[146.034149,44.403235]]],[[[141.293996,44.422751],[141.293504,44.422421],[141.294069,44.422109],[141.293996,44.422751]]],[[[146.413712,44.423076],[146.412678,44.423186],[146.414,44.422269],[146.413712,44.423076]]],[[[141.32913,44.440816],[141.329742,44.439859],[141.331254,44.439454],[141.32913,44.440816]]],[[[141.327316,44.44172],[141.291792,44.419527],[141.326686,44.439818],[141.327316,44.44172]]],[[[146.984621,44.44315],[146.983984,44.443642],[146.983172,44.443105],[146.984621,44.44315]]],[[[146.984619,44.444613],[146.984005,44.444519],[146.984799,44.443895],[146.984619,44.444613]]],[[[141.427163,44.446174],[141.38052,44.433508],[141.427492,44.443774],[141.427163,44.446174]]],[[[146.584958,44.460865],[146.582972,44.459541],[146.582734,44.458333],[146.584958,44.460865]]],[[[146.193319,44.497609],[146.192873,44.497958],[146.192776,44.497426],[146.193319,44.497609]]],[[[146.173229,44.508383],[146.171697,44.50859],[146.174948,44.507469],[146.173229,44.508383]]],[[[146.047031,44.185297],[146.110235,44.262438],[146.296147,44.27567],[146.431501,44.375913],[146.49208,44.354501],[146.57742,44.454942],[146.33772,44.417425],[146.171104,44.517264],[146.129301,44.507916],[146.007244,44.382063],[145.987985,44.318887],[145.744145,44.104488],[145.74245,44.052224],[145.399338,43.832635],[145.434187,43.719298],[145.550324,43.731002],[145.546639,43.654371],[145.589875,43.868312],[145.649434,43.908466],[145.781106,43.931945],[145.817645,44.021395],[145.878124,44.020943],[145.867193,44.063694],[145.921305,44.135513],[146.046619,44.184046],[146.047031,44.185297]]],[[[147.184565,44.568619],[147.183668,44.568871],[147.184655,44.567971],[147.184565,44.568619]]],[[[147.210897,44.569075],[147.210245,44.569097],[147.209659,44.56926],[147.210897,44.569075]]],[[[147.218737,44.577314],[147.218048,44.577457],[147.21737,44.576999],[147.218737,44.577314]]],[[[147.221596,44.58113],[147.222414,44.579723],[147.222557,44.58094],[147.221596,44.58113]]],[[[147.238182,44.593494],[147.237321,44.592847],[147.238329,44.592518],[147.238182,44.593494]]],[[[142.946342,44.60546],[142.945568,44.60476],[142.946278,44.603804],[142.946342,44.60546]]],[[[142.946647,44.606363],[142.94747,44.60537],[142.948447,44.605852],[142.946647,44.606363]]],[[[147.269669,44.606971],[147.268652,44.607492],[147.266847,44.608397],[147.269669,44.606971]]],[[[146.977981,44.650195],[146.97794,44.651306],[146.979858,44.652389],[146.977981,44.650195]]],[[[146.988309,44.655198],[146.987872,44.655632],[146.987457,44.654081],[146.988309,44.655198]]],[[[142.878686,44.65981],[142.88151,44.659344],[142.880481,44.659917],[142.878686,44.65981]]],[[[147.293894,44.6601],[147.292401,44.660974],[147.292289,44.65979],[147.293894,44.6601]]],[[[147.302239,44.665811],[147.302126,44.665104],[147.303428,44.664541],[147.302239,44.665811]]],[[[147.30462,44.666731],[147.303913,44.668022],[147.302076,44.667401],[147.30462,44.666731]]],[[[147.308396,44.678379],[147.307627,44.678132],[147.309184,44.678056],[147.308396,44.678379]]],[[[147.328186,44.697564],[147.326796,44.69763],[147.328351,44.696919],[147.328186,44.697564]]],[[[147.32916,44.698318],[147.328158,44.698371],[147.328835,44.697682],[147.32916,44.698318]]],[[[142.8323,44.700619],[142.831833,44.701336],[142.830789,44.701214],[142.8323,44.700619]]],[[[147.364384,44.717993],[147.36221,44.718892],[147.36374,44.717817],[147.364384,44.717993]]],[[[147.356103,44.719658],[147.355224,44.71965],[147.356047,44.718958],[147.356103,44.719658]]],[[[147.378411,44.732569],[147.37828,44.733516],[147.377621,44.732477],[147.378411,44.732569]]],[[[147.397415,44.747604],[147.398599,44.74602],[147.398325,44.747168],[147.397415,44.747604]]],[[[147.399121,44.749599],[147.398298,44.749153],[147.398682,44.748732],[147.399121,44.749599]]],[[[147.402957,44.750628],[147.401217,44.751165],[147.401622,44.750601],[147.402957,44.750628]]],[[[147.411329,44.755952],[147.410101,44.755908],[147.410038,44.755243],[147.411329,44.755952]]],[[[147.43499,44.76233],[147.434253,44.762459],[147.434938,44.761631],[147.43499,44.76233]]],[[[142.592567,44.928746],[142.590551,44.92776],[142.590674,44.928495],[142.592567,44.928746]]],[[[142.58656,44.956478],[142.586279,44.957101],[142.58441,44.956024],[142.58656,44.956478]]],[[[147.444708,44.962134],[147.444112,44.962002],[147.444773,44.96152],[147.444708,44.962134]]],[[[142.576357,44.964618],[142.575915,44.964217],[142.576746,44.964104],[142.576357,44.964618]]],[[[147.950991,44.994983],[147.951207,44.99449],[147.951767,44.994374],[147.950991,44.994983]]],[[[147.505912,44.99591],[147.505649,44.996376],[147.503965,44.99676],[147.505912,44.99591]]],[[[142.540883,44.997122],[142.540283,44.996742],[142.540781,44.996595],[142.540883,44.997122]]],[[[147.98519,45.004375],[147.984595,45.00405],[147.985314,45.003697],[147.98519,45.004375]]],[[[148.006873,45.029239],[148.005111,45.028318],[148.00692,45.028489],[148.006873,45.029239]]],[[[142.518355,45.038808],[142.519964,45.039978],[142.518391,45.039629],[142.518355,45.038808]]],[[[147.520499,45.112718],[147.519824,45.113143],[147.519933,45.112094],[147.520499,45.112718]]],[[[141.205799,45.112861],[141.204118,45.11345],[141.204372,45.112771],[141.205799,45.112861]]],[[[141.208009,45.1135],[141.207088,45.113168],[141.207564,45.112793],[141.208009,45.1135]]],[[[148.136342,45.122235],[148.135842,45.122513],[148.135839,45.121631],[148.136342,45.122235]]],[[[142.394305,45.134469],[142.395046,45.134875],[142.393842,45.135273],[142.394305,45.134469]]],[[[141.313966,45.135328],[141.312754,45.135638],[141.311899,45.135037],[141.313966,45.135328]]],[[[141.129186,45.189587],[141.130169,45.189761],[141.129549,45.190026],[141.129186,45.189587]]],[[[141.1383,45.205002],[141.137564,45.20535],[141.137831,45.20435],[141.1383,45.205002]]],[[[148.330887,45.218834],[148.329898,45.218498],[148.330789,45.218114],[148.330887,45.218834]]],[[[148.336125,45.218878],[148.334917,45.218724],[148.335359,45.218247],[148.336125,45.218878]]],[[[148.336832,45.222368],[148.337245,45.221607],[148.338011,45.222238],[148.336832,45.222368]]],[[[141.235148,45.24222],[141.23331,45.242521],[141.233806,45.242124],[141.235148,45.24222]]],[[[141.17616,45.244151],[141.175954,45.24491],[141.17516,45.244526],[141.17616,45.244151]]],[[[148.49641,45.250674],[148.495249,45.25057],[148.495934,45.250327],[148.49641,45.250674]]],[[[148.492757,45.253346],[148.493098,45.252433],[148.4935,45.252912],[148.492757,45.253346]]],[[[148.469716,45.254388],[148.468427,45.254322],[148.469042,45.253761],[148.469716,45.254388]]],[[[148.494334,45.254145],[148.493527,45.25478],[148.493156,45.253971],[148.494334,45.254145]]],[[[148.492757,45.253346],[148.49291,45.2549],[148.491352,45.254713],[148.492757,45.253346]]],[[[141.209618,45.254955],[141.209406,45.255776],[141.207885,45.254913],[141.209618,45.254955]]],[[[148.495681,45.257572],[148.495173,45.257389],[148.496572,45.256747],[148.495681,45.257572]]],[[[141.208009,45.1135],[141.280118,45.106906],[141.330418,45.150529],[141.302977,45.215113],[141.19915,45.259729],[141.126831,45.186175],[141.206457,45.113768],[141.208009,45.1135]],[[141.186643,45.252379],[141.188395,45.251295],[141.187526,45.250663],[141.186643,45.252379]],[[141.1383,45.205002],[141.139095,45.205271],[141.139392,45.204596],[141.1383,45.205002]]],[[[141.015133,45.281286],[141.015233,45.28034],[141.015811,45.280196],[141.015133,45.281286]]],[[[141.05,45.294682],[141.054277,45.296569],[141.047708,45.294173],[141.05,45.294682]]],[[[148.344195,45.300814],[148.342448,45.30073],[148.344442,45.300343],[148.344195,45.300814]]],[[[148.560848,45.303899],[148.560388,45.304179],[148.558313,45.303727],[148.560848,45.303899]]],[[[148.564252,45.309463],[148.56353,45.310154],[148.563704,45.30943],[148.564252,45.309463]]],[[[141.608265,45.310436],[141.610889,45.311571],[141.609627,45.312384],[141.608265,45.310436]]],[[[148.599211,45.319569],[148.598129,45.320213],[148.598562,45.319436],[148.599211,45.319569]]],[[[148.659696,45.333188],[148.659204,45.332996],[148.659786,45.332611],[148.659696,45.333188]]],[[[148.704007,45.333621],[148.70284,45.33362],[148.702128,45.332982],[148.704007,45.333621]]],[[[148.728898,45.333877],[148.72731,45.333866],[148.726699,45.333168],[148.728898,45.333877]]],[[[148.414075,45.334383],[148.413292,45.334305],[148.414262,45.333878],[148.414075,45.334383]]],[[[148.720679,45.334606],[148.720517,45.3341],[148.721151,45.333716],[148.720679,45.334606]]],[[[148.715304,45.335167],[148.713674,45.334639],[148.715811,45.334276],[148.715304,45.335167]]],[[[148.737238,45.336546],[148.736643,45.336018],[148.737607,45.335909],[148.737238,45.336546]]],[[[147.850133,45.369733],[147.850184,45.369214],[147.851112,45.369174],[147.850133,45.369733]]],[[[140.98282,45.38038],[140.982274,45.380465],[140.982736,45.379713],[140.98282,45.38038]]],[[[142.095688,45.378928],[142.095924,45.379716],[142.095055,45.381609],[142.095688,45.378928]]],[[[141.637861,45.390328],[141.637303,45.389624],[141.637854,45.389634],[141.637861,45.390328]]],[[[140.983775,45.411134],[140.982245,45.410591],[140.983761,45.410285],[140.983775,45.411134]]],[[[147.962758,45.41247],[147.963464,45.411905],[147.96348,45.412713],[147.962758,45.41247]]],[[[148.479752,45.413325],[148.478962,45.413266],[148.479378,45.412945],[148.479752,45.413325]]],[[[141.063522,45.419163],[141.063437,45.417068],[141.064156,45.415835],[141.063522,45.419163]]],[[[140.991773,45.419756],[140.989069,45.418782],[140.990345,45.418629],[140.991773,45.419756]]],[[[142.038697,45.422507],[142.038776,45.424169],[142.038208,45.423604],[142.038697,45.422507]]],[[[142.033768,45.426282],[142.036635,45.423481],[142.036225,45.424564],[142.033768,45.426282]]],[[[140.966288,45.439654],[140.965294,45.439697],[140.964084,45.439073],[140.966288,45.439654]]],[[[140.976592,45.455218],[140.977085,45.455464],[140.977146,45.456152],[140.976592,45.455218]]],[[[140.976592,45.455218],[141.014633,45.284079],[141.043554,45.274107],[141.067395,45.423975],[141.033896,45.460808],[141.012686,45.433039],[140.975904,45.454765],[140.976592,45.455218]]],[[[140.962611,45.473767],[140.962041,45.474388],[140.961054,45.474391],[140.962611,45.473767]]],[[[140.964871,45.479737],[140.964428,45.48012],[140.963563,45.480256],[140.964871,45.479737]]],[[[148.571288,45.484762],[148.570495,45.484452],[148.571148,45.484045],[148.571288,45.484762]]],[[[148.888837,45.484908],[148.889599,45.48448],[148.890309,45.485002],[148.888837,45.484908]]],[[[148.578332,45.49216],[148.577172,45.49147],[148.57857,45.491413],[148.578332,45.49216]]],[[[148.610236,45.500987],[148.609302,45.500686],[148.610833,45.500166],[148.610236,45.500987]]],[[[141.923107,45.517656],[141.924947,45.518634],[141.923591,45.518288],[141.923107,45.517656]]],[[[141.949698,45.519378],[141.946871,45.518699],[141.948153,45.518651],[141.949698,45.519378]]],[[[141.949698,45.519378],[141.892459,45.510725],[141.864631,45.440641],[141.797874,45.407058],[141.68103,45.403019],[141.643153,45.448968],[141.654909,45.351447],[141.570645,45.23088],[141.7548,44.835771],[141.789888,44.605063],[141.747059,44.432801],[141.647357,44.316074],[141.647076,43.94399],[141.631039,43.955367],[141.560724,43.858976],[141.387526,43.806702],[141.328753,43.724997],[141.385632,43.591322],[141.357721,43.517979],[141.429036,43.415361],[141.423499,43.328237],[141.289411,43.208524],[141.294095,43.185465],[141.276126,43.200685],[141.161128,43.143949],[141.013651,43.190071],[141.009826,43.239977],[140.790377,43.194832],[140.774908,43.226871],[140.642791,43.264415],[140.630412,43.29797],[140.496321,43.372846],[140.461617,43.372188],[140.429517,43.329587],[140.345917,43.333612],[140.324545,43.220944],[140.529121,43.028346],[140.520607,42.990768],[140.390124,42.922844],[140.304463,42.828703],[140.304997,42.777853],[140.246303,42.767969],[140.185348,42.825168],[140.144266,42.754555],[140.047821,42.695067],[139.898728,42.679902],[139.823165,42.613055],[139.852904,42.464614],[139.771556,42.32934],[139.778387,42.252256],[139.878461,42.209924],[139.921503,42.132642],[140.023777,42.114415],[140.132755,41.975106],[140.120886,41.819598],[140.069348,41.803213],[139.982267,41.607073],[140.027289,41.462425],[140.074842,41.424486],[140.144599,41.428461],[140.199234,41.397897],[140.258133,41.480161],[140.408591,41.516716],[140.43968,41.553392],[140.441664,41.680823],[140.601401,41.742114],[140.644149,41.818159],[140.715828,41.806687],[140.702654,41.740234],[140.786282,41.773787],[140.966938,41.710039],[141.052796,41.725986],[141.110326,41.785418],[141.186604,41.80223],[141.110969,41.873881],[140.961186,41.915242],[140.758825,42.117055],[140.712137,42.137781],[140.549021,42.113403],[140.394114,42.220403],[140.28808,42.251867],[140.276214,42.31343],[140.315353,42.418959],[140.475541,42.588937],[140.582751,42.566022],[140.708626,42.582586],[140.770727,42.540157],[140.780005,42.499232],[140.874049,42.458009],[140.917058,42.369165],[141.00755,42.348274],[140.981091,42.323777],[140.930356,42.335364],[141.001904,42.300673],[141.123838,42.418771],[141.339779,42.537083],[141.695406,42.657396],[141.630112,42.623495],[141.818139,42.61297],[141.905107,42.576708],[142.027342,42.485068],[142.194286,42.447766],[142.276026,42.376179],[142.484536,42.26992],[142.814691,42.141608],[142.96132,42.119853],[143.13426,42.027838],[143.249361,41.924434],[143.256437,41.998049],[143.312134,42.053879],[143.335999,42.186943],[143.308102,42.243731],[143.319791,42.295927],[143.395046,42.425188],[143.578246,42.624837],[143.917486,42.873721],[144.078889,42.952901],[144.271732,43.003761],[144.362615,42.994542],[144.36264,42.970497],[144.450242,42.943435],[144.781362,42.93397],[144.721921,42.979738],[144.798001,43.058346],[144.854317,43.048734],[144.832301,43.014222],[144.877161,42.985627],[144.973689,42.981261],[145.098561,43.07706],[145.172648,43.076034],[145.115534,43.084278],[145.112808,43.119419],[145.146556,43.14503],[145.415853,43.186885],[145.519959,43.164825],[145.50947,43.188157],[145.556725,43.219258],[145.567922,43.283039],[145.754515,43.336769],[145.817485,43.385291],[145.650546,43.391672],[145.492838,43.266578],[145.396878,43.29102],[145.296786,43.372792],[145.195212,43.600834],[145.202296,43.624009],[145.268378,43.609443],[145.241416,43.591381],[145.331758,43.592184],[145.339331,43.568145],[145.289268,43.550176],[145.343942,43.557276],[145.343513,43.583962],[145.139735,43.649072],[145.069069,43.747956],[145.061118,43.806055],[145.096449,43.895598],[145.367256,44.258572],[145.344432,44.339833],[145.191933,44.195345],[145.01525,44.100129],[144.795289,43.931393],[144.603783,43.91763],[144.345038,43.961563],[144.255011,44.038419],[144.243257,44.113548],[143.928865,44.147023],[143.524994,44.264366],[142.989761,44.560611],[142.657559,44.84263],[142.504371,45.060071],[142.168837,45.34405],[142.042024,45.408908],[141.949952,45.52038],[141.949698,45.519378]],[[141.382287,43.603273],[141.383013,43.603613],[141.383161,43.602888],[141.382287,43.603273]],[[141.291856,43.193671],[141.292856,43.194528],[141.293856,43.193303],[141.291856,43.193671]],[[140.356166,43.313511],[140.356979,43.313849],[140.356851,43.313322],[140.356166,43.313511]],[[140.404083,43.155741],[140.404043,43.156878],[140.405052,43.156007],[140.404083,43.155741]],[[141.052327,41.728669],[141.052133,41.727429],[141.051223,41.72821],[141.052327,41.728669]],[[145.11691,43.078828],[145.115569,43.078811],[145.11591,43.07957],[145.11691,43.078828]],[[145.116308,43.076962],[145.117711,43.07691],[145.117356,43.07616],[145.116308,43.076962]],[[142.485307,45.061221],[142.484715,45.06052],[142.483536,45.061071],[142.485307,45.061221]]],[[[141.919999,45.525978],[141.919386,45.526377],[141.918913,45.5257],[141.919999,45.525978]]],[[[148.657194,45.542746],[148.656149,45.542691],[148.657381,45.541918],[148.657194,45.542746]]],[[[148.888837,45.484908],[148.887519,45.520604],[148.838257,45.550688],[148.654155,45.53855],[148.48628,45.420634],[148.418101,45.327215],[148.166376,45.258588],[148.02948,45.270953],[147.964769,45.420184],[147.903752,45.429876],[147.848901,45.365772],[147.869768,45.224157],[147.73481,45.1937],[147.692879,45.141836],[147.697524,45.103778],[147.650744,45.078635],[147.496288,45.112869],[147.532643,45.088938],[147.517246,44.997393],[147.26558,44.868072],[147.242269,44.808127],[147.101744,44.817896],[147.125765,44.770446],[147.194601,44.761311],[147.185938,44.697152],[147.096501,44.638556],[147.006432,44.659254],[147.033547,44.616366],[146.99302,44.575435],[146.948083,44.631447],[146.930789,44.590364],[146.95232,44.549784],[146.865251,44.476323],[146.865355,44.442801],[146.954589,44.426348],[147.07434,44.555723],[147.207125,44.56863],[147.334991,44.714207],[147.596894,44.853303],[147.651585,44.919115],[147.610972,44.942866],[147.656501,44.99528],[147.726249,45.002811],[147.785517,44.947568],[147.904427,44.960978],[148.099645,45.11265],[148.301726,45.214874],[148.494384,45.256177],[148.638986,45.335334],[148.841824,45.336212],[148.876564,45.394357],[148.826812,45.44912],[148.888557,45.484275],[148.888837,45.484908]]],[[[148.752575,45.555829],[148.753475,45.555956],[148.752202,45.557239],[148.752575,45.555829]]]]},"properties":{"name":"Japan","name_ja":"日本","source":"geoboundaries_gbOpen_jpn_adm0","source_url":"https://github.com/wmgeolab/geoBoundaries/raw/9469f09/releaseData/gbOpen/JPN/ADM0/geoBoundaries-JPN-ADM0.geojson","metadata_url":"https://www.geoboundaries.org/api/current/gbOpen/JPN/ADM0/"}}]}
