{"type":"FeatureCollection","features":[{"type":"Feature","id":"CONTINUITY_01","geometry":{"type":"MultiLineString","coordinates":[[[144.1047,43.83774],[144.10381,43.83845],[144.10333,43.83882],[144.10309,43.83903],[144.10272,43.8394],[144.10223,43.83997],[144.102,43.84025],[144.10191,43.84037],[144.10153,43.84106],[144.10085,43.84233],[144.10069,43.8426],[144.10013,43.84371],[144.10005,43.84389],[144.09997,43.84406],[144.09914,43.84587],[144.09854,43.84716],[144.098,43.84837],[144.0975,43.84949],[144.0972,43.85017],[144.09702,43.85056],[144.09689,43.85078],[144.09678,43.85095],[144.09664,43.85114],[144.09648,43.85132],[144.09628,43.85152],[144.09606,43.85172],[144.09584,43.85189],[144.09561,43.85206],[144.09545,43.85215],[144.09527,43.85225],[144.09508,43.85234],[144.09489,43.85242],[144.0947,43.85248],[144.09454,43.85254],[144.09435,43.85259],[144.09222,43.8531],[144.09018,43.8536],[144.08841,43.85404],[144.08723,43.85432],[144.08641,43.85452],[144.08573,43.85464],[144.0852,43.8547],[144.08514,43.85471],[144.08487,43.85473],[144.08431,43.85474],[144.08338,43.85472],[144.083,43.8547],[144.08263,43.85465],[144.08232,43.85459],[144.08198,43.85452],[144.08164,43.85444],[144.08123,43.85433],[144.08086,43.85422],[144.08057,43.85411],[144.08034,43.85402],[144.07975,43.85377],[144.07866,43.85327],[144.07775,43.85284],[144.07664,43.85233],[144.07556,43.85184],[144.07499,43.85157],[144.0746,43.8514],[144.07399,43.85111],[144.07298,43.85065],[144.07237,43.85036],[144.07188,43.85013],[144.07141,43.84995],[144.07108,43.84983],[144.0707,43.84973],[144.07028,43.84965],[144.06996,43.8496],[144.06961,43.84957],[144.06934,43.84956],[144.0691,43.84956],[144.06883,43.84958],[144.06855,43.84962],[144.06833,43.84966],[144.06812,43.84971],[144.06792,43.84977],[144.06774,43.84983],[144.06752,43.84991],[144.06734,43.84998],[144.06712,43.85008],[144.06694,43.85016],[144.06677,43.85025],[144.0666,43.85036],[144.06638,43.85051],[144.06621,43.85063],[144.06602,43.85077],[144.0653,43.85146],[144.0652,43.85155],[144.06418,43.85248],[144.06382,43.8528],[144.0635,43.85307],[144.06326,43.85322],[144.06301,43.85335],[144.06275,43.85347],[144.06247,43.85358],[144.06216,43.85367],[144.06178,43.85376],[144.06145,43.8538],[144.06117,43.85383],[144.06089,43.85384],[144.06056,43.85383],[144.06025,43.8538],[144.05999,43.85376],[144.05984,43.85373],[144.05963,43.85368],[144.05945,43.85362],[144.05926,43.85356],[144.05905,43.85347],[144.05853,43.85323],[144.05757,43.85278],[144.05691,43.85251],[144.05626,43.85227],[144.05578,43.85213],[144.05566,43.8521],[144.05508,43.85195],[144.05441,43.85183],[144.05413,43.85178],[144.05388,43.85176],[144.0536,43.85176],[144.05334,43.85176],[144.0531,43.85178],[144.0529,43.85179],[144.0527,43.85182],[144.05248,43.85187],[144.05223,43.85193],[144.052,43.85198],[144.0518,43.85205],[144.05159,43.85214],[144.05134,43.85226],[144.05115,43.85238],[144.05098,43.85248],[144.05076,43.85264],[144.05059,43.85278],[144.05043,43.85293],[144.0503,43.85308],[144.05017,43.85325],[144.04987,43.85365],[144.04959,43.854],[144.04944,43.85416],[144.04931,43.85429],[144.04915,43.85443],[144.04892,43.85459],[144.04863,43.85476],[144.04826,43.85497],[144.04803,43.85511],[144.04778,43.85529],[144.04757,43.85547],[144.04735,43.85568],[144.04724,43.8558],[144.04712,43.85595],[144.04702,43.85609],[144.04701,43.85611],[144.04688,43.85635],[144.04678,43.85658],[144.04671,43.85679],[144.04667,43.85696],[144.04663,43.85718],[144.0466,43.85756],[144.04657,43.85774],[144.04652,43.85793],[144.04644,43.85814],[144.04636,43.85833],[144.04625,43.8585],[144.04613,43.85868],[144.04598,43.85885],[144.04582,43.85901],[144.04561,43.85917],[144.04541,43.85933],[144.04521,43.85945],[144.04499,43.85957],[144.04474,43.85968],[144.04456,43.85976],[144.04434,43.85984],[144.04405,43.85992],[144.04382,43.85997],[144.04339,43.8601],[144.04309,43.86019],[144.04291,43.86026],[144.04273,43.86034],[144.04252,43.86043],[144.04234,43.86054],[144.04219,43.86063],[144.04204,43.86074],[144.04185,43.86089],[144.04131,43.86136],[144.04023,43.86225],[144.04005,43.8624],[144.03966,43.86273],[144.0393,43.86301],[144.03897,43.86322],[144.0387,43.86336],[144.03832,43.86353],[144.03777,43.86374],[144.03725,43.86391],[144.03682,43.86404],[144.03651,43.86412],[144.03615,43.86418],[144.03587,43.86422],[144.03562,43.86424],[144.03522,43.86427],[144.0347,43.8643],[144.03447,43.86433],[144.03426,43.86436],[144.03396,43.86443],[144.03371,43.86449],[144.03353,43.86454],[144.0333,43.86463],[144.03288,43.86478],[144.03104,43.86548],[144.03003,43.86587],[144.02968,43.86602],[144.02943,43.86613],[144.02925,43.86622],[144.02908,43.86632],[144.02891,43.86643],[144.02889,43.86644],[144.02875,43.86653],[144.02854,43.86668],[144.02832,43.86685],[144.02812,43.867],[144.02792,43.86717],[144.02777,43.86731],[144.02763,43.86745],[144.02748,43.86763],[144.02687,43.86831],[144.02629,43.86898],[144.02586,43.86947],[144.02539,43.86995],[144.02488,43.87045],[144.02435,43.87091],[144.0237,43.87143],[144.02296,43.87198],[144.02243,43.87235],[144.02199,43.87264],[144.02165,43.87283],[144.02109,43.87309],[144.02053,43.8733],[144.02007,43.87346],[144.02001,43.87349],[144.0196,43.8736],[144.01926,43.87368],[144.01884,43.87377],[144.01849,43.87382],[144.01815,43.87387],[144.01785,43.8739],[144.01581,43.87405],[144.01347,43.87423],[144.01272,43.87428],[144.0123,43.87432],[144.01179,43.87439],[144.01106,43.87453],[144.01054,43.87463],[144.01025,43.87472],[144.00992,43.87482],[144.00938,43.87502],[144.00924,43.87508],[144.00892,43.87523],[144.00853,43.87541],[144.00816,43.87562],[144.00774,43.87588],[144.00746,43.87607],[144.00719,43.87627],[144.00682,43.87658],[144.00625,43.87703],[144.00566,43.87749],[144.00526,43.87782],[144.00488,43.87812],[144.00446,43.8785],[144.00414,43.87875],[144.0039,43.8789],[144.00367,43.87904],[144.00347,43.87915],[144.00325,43.87925],[144.00306,43.87934],[144.00281,43.87944],[144.0026,43.87951],[144.00216,43.87967],[144.00035,43.88027]],[[144.16999,43.91561],[144.16826,43.91483],[144.16789,43.91466],[144.16758,43.91451],[144.16732,43.91438],[144.1671,43.91426],[144.16686,43.91411],[144.16585,43.91353],[144.16521,43.91314],[144.16154,43.91089],[144.16126,43.91072],[144.1599,43.90991],[144.15872,43.90921],[144.15853,43.90908],[144.15835,43.90896],[144.15819,43.90885],[144.15802,43.90871],[144.15785,43.90855],[144.15771,43.9084],[144.15759,43.90825],[144.15749,43.90811],[144.15738,43.90794],[144.15729,43.90779],[144.15719,43.90762],[144.15711,43.90746],[144.15706,43.90732],[144.15701,43.90718],[144.15696,43.90702],[144.15692,43.90686],[144.1569,43.90668],[144.15688,43.90651],[144.15688,43.90632],[144.15689,43.90612],[144.15689,43.90599],[144.15692,43.90583],[144.15695,43.90569],[144.15701,43.90553],[144.15706,43.90538],[144.15713,43.90523],[144.15721,43.90509],[144.15812,43.90345],[144.15817,43.90335],[144.1583,43.90313],[144.15841,43.90293],[144.15855,43.90263],[144.15866,43.90239],[144.15883,43.90198],[144.15894,43.90173],[144.15904,43.90144],[144.15915,43.90114],[144.15923,43.90088],[144.15936,43.90046],[144.15944,43.90021],[144.15951,43.89994],[144.15957,43.89968],[144.15964,43.89935],[144.1597,43.8991],[144.15975,43.89885],[144.15979,43.8986],[144.15986,43.89812],[144.15988,43.89789],[144.1599,43.89762],[144.1599,43.89739],[144.15989,43.89715],[144.15988,43.89696],[144.15985,43.89674],[144.15982,43.89653],[144.15979,43.89634],[144.15974,43.89612],[144.15969,43.89591],[144.15964,43.89576],[144.15958,43.89559],[144.1595,43.89532],[144.15929,43.89469],[144.1589,43.89355],[144.15859,43.89269],[144.1585,43.89239],[144.15842,43.8921],[144.15838,43.89194],[144.15835,43.89179],[144.15834,43.89167],[144.15831,43.89093],[144.15831,43.88941],[144.15831,43.88922],[144.1583,43.88901],[144.15828,43.88883],[144.15825,43.88864],[144.15822,43.88846],[144.15819,43.8883],[144.15814,43.88814],[144.1581,43.88801],[144.15803,43.88785],[144.15791,43.88759],[144.1576,43.88696],[144.15734,43.88647],[144.15726,43.88633],[144.15705,43.88597],[144.15698,43.88584],[144.15689,43.8857],[144.1568,43.88556],[144.15671,43.88544],[144.1566,43.8853],[144.15646,43.88513],[144.15634,43.88499],[144.15621,43.88486],[144.15606,43.88473],[144.15589,43.88459],[144.15572,43.88446],[144.15555,43.88434],[144.15536,43.88421],[144.1552,43.88411],[144.15508,43.88403],[144.15495,43.88395],[144.15482,43.88387],[144.15468,43.8838],[144.15359,43.88317],[144.151,43.88165],[144.14864,43.88024]],[[142.52522,43.87574],[142.52548,43.87638]],[[142.65461,43.89647],[142.64907,43.89806],[142.64833,43.89827],[142.64693,43.89864],[142.64609,43.89876],[142.64535,43.89882],[142.64498,43.89883],[142.6446,43.89882],[142.64389,43.89875],[142.6382,43.89803],[142.63708,43.89788],[142.63601,43.89774],[142.63212,43.89725],[142.62947,43.89692],[142.62115,43.89593],[142.6203,43.89583],[142.61893,43.89571],[142.61826,43.89571],[142.61731,43.89574],[142.61667,43.8958],[142.61568,43.89593],[142.61473,43.89607],[142.61061,43.89685],[142.61024,43.89692],[142.6081,43.8973],[142.60699,43.89752],[142.60612,43.89768],[142.60497,43.89789],[142.60304,43.89826],[142.59944,43.89893],[142.59494,43.89977],[142.59293,43.90012],[142.59209,43.90025],[142.59133,43.90034],[142.59052,43.90039],[142.59004,43.90036],[142.58951,43.90027],[142.58858,43.90008],[142.58857,43.90007],[142.5872,43.89978],[142.58264,43.89877]],[[143.89497,43.8021],[143.89514,43.80227],[143.89565,43.80281],[143.89744,43.80469]],[[143.9421,43.85109],[143.94264,43.85164]],[[143.53298,43.96019],[143.53276,43.95952]],[[143.53568,43.99369],[143.53589,43.99296]],[[142.4658,43.78169],[142.4655,43.78153],[142.46456,43.78114],[142.46414,43.78099],[142.46403,43.78095],[142.46303,43.78061],[142.46247,43.78047],[142.46136,43.78024],[142.46055,43.78008],[142.45812,43.77964],[142.45714,43.77946],[142.45341,43.77879],[142.45197,43.77853],[142.44939,43.77805],[142.44643,43.77751],[142.44338,43.77695],[142.4426,43.77681]],[[142.76754,43.84783],[142.76801,43.84745]],[[142.71618,43.8437],[142.71421,43.84366],[142.71228,43.84357],[142.71124,43.84348],[142.71063,43.84338],[142.70979,43.84321],[142.70711,43.84261],[142.70663,43.84252],[142.70596,43.84243],[142.7053,43.84238],[142.70468,43.84237],[142.70432,43.84241],[142.70398,43.84246],[142.70365,43.84255],[142.70332,43.84267],[142.70295,43.84284],[142.70273,43.84296],[142.70256,43.84305],[142.70204,43.84338],[142.70167,43.84364],[142.70122,43.84398],[142.70075,43.84448],[142.6994,43.84593],[142.69754,43.84794],[142.69637,43.84924],[142.69413,43.85171]],[[143.809,43.80542],[143.8068,43.80529],[143.80354,43.80507],[143.80219,43.80498],[143.80165,43.80494],[143.80127,43.80491],[143.79969,43.80472],[143.79935,43.80466],[143.79901,43.80459],[143.7982,43.80442],[143.79538,43.80382],[143.79308,43.80335],[143.7914,43.80299],[143.79086,43.80287],[143.78785,43.80221],[143.78596,43.80179],[143.78488,43.80155],[143.78343,43.80125],[143.78104,43.80073],[143.78069,43.80065],[143.77878,43.80024],[143.77654,43.79974],[143.77431,43.79927],[143.77219,43.79879],[143.77095,43.79852],[143.76999,43.79831],[143.76938,43.79817],[143.76814,43.79789],[143.76782,43.79781],[143.76653,43.79753],[143.76406,43.79699],[143.76209,43.79653],[143.76181,43.79648],[143.76024,43.79629],[143.75732,43.796]],[[142.40905,43.78039],[142.40818,43.78071]],[[142.51695,43.82496],[142.51711,43.82611]],[[143.91723,43.8253],[143.91726,43.82534],[143.92131,43.82957],[143.92356,43.83189],[143.92487,43.83321],[143.92739,43.83578],[143.92759,43.83599],[143.92807,43.83647],[143.92824,43.83665],[143.92854,43.83696],[143.92877,43.83722],[143.92899,43.83744],[143.93,43.83848],[143.93106,43.8396],[143.93205,43.84064],[143.93254,43.84112]],[[143.5202,44.05957],[143.52116,44.06099]],[[142.52157,43.85714],[142.52166,43.85781]],[[142.38506,43.78075],[142.38445,43.77968]],[[142.69413,43.85171],[142.69363,43.85226]],[[143.53276,43.95952],[143.531,43.95423],[143.53094,43.95408],[143.53092,43.95402],[143.53087,43.95394],[143.5308,43.95384],[143.53071,43.95372],[143.53062,43.9536],[143.53051,43.95347],[143.53041,43.95336],[143.53031,43.95327],[143.53015,43.95315],[143.53001,43.95305],[143.52993,43.953],[143.52983,43.95294],[143.52968,43.95286],[143.52944,43.95274],[143.52921,43.95264],[143.52899,43.95255],[143.5288,43.95249],[143.52844,43.95239],[143.52802,43.95229],[143.52749,43.95216],[143.5271,43.95205],[143.52687,43.95198],[143.52679,43.95196],[143.52656,43.95187],[143.52615,43.95172],[143.52585,43.95159],[143.5257,43.95151],[143.52543,43.95135],[143.52525,43.95124],[143.5251,43.95113],[143.52494,43.95101],[143.52467,43.95078],[143.5245,43.95064],[143.52438,43.95054],[143.52428,43.95044],[143.52416,43.9503],[143.52407,43.95019],[143.52391,43.95],[143.52376,43.94978],[143.5237,43.94968],[143.52363,43.94956],[143.52115,43.94454],[143.52017,43.94256],[143.52003,43.94224],[143.51993,43.94199],[143.51986,43.94183],[143.5198,43.94168],[143.51977,43.94156],[143.51973,43.94143],[143.51968,43.94114],[143.51965,43.94076],[143.51964,43.94054],[143.51965,43.94035],[143.51983,43.93875],[143.51984,43.93861],[143.51987,43.93848],[143.51991,43.93833],[143.51996,43.93818],[143.52,43.93806],[143.52006,43.93794],[143.52015,43.93779],[143.52025,43.93765],[143.52032,43.93756],[143.52042,43.93744],[143.52052,43.93734],[143.52065,43.93723],[143.52082,43.93708],[143.52099,43.93697],[143.52112,43.93688],[143.52129,43.93679],[143.52195,43.93647],[143.5223,43.93633],[143.5231,43.93596],[143.52335,43.93583],[143.52351,43.93573],[143.52362,43.93564],[143.52372,43.93557],[143.52385,43.93546],[143.52395,43.93535],[143.52408,43.93519],[143.52417,43.93509],[143.52424,43.935],[143.52432,43.93485],[143.52437,43.93474],[143.52442,43.93462],[143.52445,43.93449],[143.52448,43.93436],[143.5245,43.93425],[143.52452,43.93401],[143.52452,43.93387],[143.52451,43.93379],[143.5245,43.93368],[143.52443,43.93339],[143.52436,43.93295],[143.52434,43.93278],[143.52433,43.93254],[143.52434,43.93217],[143.52435,43.93197],[143.52439,43.93178],[143.52443,43.93157],[143.52448,43.93139],[143.52453,43.93126],[143.52457,43.93115],[143.52464,43.93101],[143.5248,43.93073],[143.52496,43.93051],[143.52508,43.93036],[143.52521,43.93021],[143.52538,43.93004],[143.52567,43.92981],[143.52586,43.92966],[143.52599,43.92958],[143.52612,43.92949],[143.52626,43.92942],[143.5263,43.92939],[143.52641,43.92934],[143.52661,43.92926],[143.52687,43.92916],[143.5271,43.92907],[143.52737,43.92898],[143.52766,43.92889],[143.53027,43.92827],[143.5307,43.92814],[143.53104,43.92803],[143.53133,43.92792],[143.53157,43.9278],[143.53179,43.92768],[143.53203,43.92754],[143.53222,43.92742],[143.53244,43.92726],[143.53263,43.9271],[143.53277,43.92696],[143.53292,43.9268],[143.53304,43.92666],[143.53312,43.92655],[143.53321,43.92643],[143.53364,43.92562],[143.53441,43.92413]],[[143.60382,43.78539],[143.60433,43.78548],[143.60513,43.78562],[143.60589,43.78575],[143.60664,43.78588],[143.60741,43.78602],[143.60797,43.78612],[143.60821,43.78617],[143.60919,43.78636],[143.61015,43.78653],[143.61083,43.78666],[143.61153,43.78678],[143.61245,43.78695],[143.61325,43.78709],[143.61346,43.78712],[143.61373,43.78715],[143.614,43.78716],[143.61423,43.78715],[143.61447,43.78713],[143.615,43.78705],[143.61602,43.78685],[143.61782,43.78644],[143.61842,43.78631],[143.61878,43.78625],[143.61958,43.78604],[143.62033,43.78585]],[[143.89744,43.80469],[143.89883,43.80615]],[[143.62033,43.78585],[143.62108,43.78562],[143.62247,43.78523]],[[143.84208,43.80318],[143.84108,43.80312]],[[143.2365,43.91966],[143.23625,43.91947],[143.23575,43.91908],[143.23552,43.91891],[143.23485,43.91843],[143.2344,43.91808],[143.23392,43.91767],[143.23321,43.91709],[143.23222,43.91626],[143.23158,43.91573],[143.23127,43.91546],[143.23083,43.91511],[143.22983,43.91431],[143.22896,43.9136],[143.22846,43.91319],[143.22839,43.91313],[143.2279,43.91271],[143.22729,43.91219],[143.22669,43.91171],[143.22606,43.91118],[143.22542,43.91064],[143.22489,43.9102],[143.22421,43.90963],[143.2237,43.9092],[143.22339,43.90894],[143.22303,43.90868],[143.2228,43.90851],[143.22257,43.90837],[143.22239,43.90826],[143.22212,43.90811],[143.22141,43.90775],[143.22109,43.90759],[143.22056,43.90731],[143.22021,43.90712],[143.22001,43.90701],[143.21976,43.90689],[143.21938,43.90667],[143.21896,43.90644],[143.21861,43.90625],[143.21824,43.90607],[143.21791,43.90588],[143.21765,43.90573],[143.21738,43.90556],[143.21724,43.90546],[143.2168,43.90511],[143.21642,43.90481],[143.21579,43.90428],[143.21522,43.9038],[143.21458,43.90326],[143.21422,43.90295],[143.21384,43.90263],[143.21365,43.90247],[143.21315,43.90205],[143.21213,43.9012],[143.21119,43.9004],[143.21071,43.89999],[143.21023,43.89956],[143.21019,43.89953],[143.20989,43.89926],[143.20929,43.89875],[143.2088,43.89838],[143.2083,43.89798],[143.20756,43.8974],[143.20698,43.89693],[143.20644,43.89649],[143.20585,43.896],[143.20538,43.89562],[143.2049,43.89522],[143.20443,43.89484],[143.20422,43.89465],[143.204,43.8944],[143.20378,43.89416],[143.20361,43.89393],[143.20345,43.89368],[143.20335,43.8935],[143.20317,43.8932],[143.20294,43.8928],[143.20277,43.89252],[143.20262,43.89228],[143.20236,43.89191],[143.20211,43.89156],[143.20193,43.89136],[143.20174,43.89119],[143.20157,43.89105],[143.20133,43.89089],[143.20106,43.89072],[143.20086,43.89062],[143.20063,43.89053],[143.20039,43.89044],[143.20015,43.89037],[143.19986,43.89028],[143.19957,43.89021],[143.1991,43.89013],[143.19878,43.89007],[143.19757,43.8898],[143.19694,43.88969],[143.19568,43.88943],[143.19458,43.8892],[143.19364,43.88902],[143.19305,43.8889],[143.19268,43.88883],[143.19225,43.88875],[143.19175,43.88864],[143.19138,43.88856],[143.19051,43.88839],[143.18988,43.88825],[143.18947,43.88817],[143.18893,43.88807],[143.18835,43.88795],[143.188,43.88788],[143.18747,43.88777],[143.18725,43.88772],[143.18688,43.88764],[143.18635,43.88753],[143.18589,43.88743],[143.18556,43.88735],[143.18533,43.88729],[143.18513,43.88723],[143.18493,43.88716],[143.18464,43.88706],[143.18445,43.88697],[143.18423,43.88687],[143.18405,43.88678],[143.18374,43.88659],[143.18354,43.88645],[143.18316,43.88617],[143.18242,43.88565],[143.18177,43.8852]],[[142.76754,43.84783],[142.76605,43.8492]],[[143.18002,43.88387],[143.17959,43.88352],[143.17891,43.88302],[143.17871,43.88287],[143.17852,43.88274],[143.17835,43.88264],[143.17805,43.88248],[143.17775,43.88234],[143.17754,43.88224],[143.17719,43.88211],[143.17673,43.88194],[143.17613,43.88173],[143.17566,43.88157],[143.17533,43.88146],[143.17439,43.88113],[143.17307,43.88066],[143.17227,43.88038],[143.17149,43.88012],[143.17043,43.87974],[143.16967,43.87947],[143.16901,43.87925],[143.1686,43.87911],[143.16815,43.87895],[143.16783,43.87884],[143.16735,43.87865],[143.16704,43.87856],[143.16675,43.87848],[143.16659,43.87842],[143.16609,43.87828],[143.16583,43.87823],[143.16559,43.87819],[143.16527,43.87814],[143.16373,43.87801],[143.16202,43.87788],[143.16044,43.87778],[143.15848,43.87763],[143.1569,43.87751],[143.15664,43.87749],[143.15539,43.87738],[143.15331,43.8772],[143.15184,43.87709],[143.15003,43.87695],[143.14828,43.87682],[143.14681,43.8767],[143.14561,43.87661]],[[142.71706,43.84372],[142.71618,43.8437]],[[142.52548,43.87638],[142.528,43.88279],[142.52812,43.8831],[142.52967,43.88709],[142.53019,43.88832],[142.53051,43.88908],[142.53062,43.88937],[142.53079,43.88988],[142.53145,43.89155],[142.53208,43.89314],[142.5323,43.89357],[142.53244,43.89382],[142.53262,43.89405],[142.53284,43.89432],[142.53303,43.89448],[142.53319,43.8946],[142.5334,43.89473],[142.53361,43.89485],[142.53384,43.89496],[142.53413,43.89508],[142.53443,43.8952],[142.53479,43.89531],[142.5352,43.89542],[142.53559,43.89551],[142.53565,43.89552],[142.53596,43.89558],[142.53642,43.89565],[142.53841,43.89591],[142.54057,43.89616],[142.5422,43.89636],[142.54265,43.8964],[142.54309,43.89643],[142.54366,43.89637],[142.54459,43.89625],[142.54498,43.89616],[142.54534,43.896],[142.54618,43.89529],[142.54727,43.89432],[142.54751,43.89415],[142.54776,43.89405],[142.54818,43.89393],[142.5488,43.8938],[142.54924,43.89375],[142.5501,43.89381],[142.55049,43.89386],[142.55172,43.89401],[142.55335,43.89426],[142.55573,43.89466],[142.55665,43.89487],[142.55718,43.89506],[142.55763,43.8953],[142.55801,43.89556],[142.55828,43.89578],[142.55911,43.89652],[142.5599,43.89718],[142.56021,43.89734],[142.56027,43.89736],[142.56048,43.89744],[142.56102,43.89757],[142.56157,43.89763],[142.5619,43.89764],[142.56238,43.89762],[142.5628,43.89757],[142.56395,43.89738],[142.56596,43.89695],[142.56959,43.89615],[142.57033,43.89609],[142.57073,43.89611],[142.57107,43.89614],[142.5716,43.89624],[142.57238,43.8964],[142.57299,43.89654],[142.58175,43.89856]],[[143.23706,43.92015],[143.2365,43.91966]],[[143.53441,43.92413],[143.53486,43.92326]],[[143.93254,43.84112],[143.93308,43.84169]],[[143.53486,43.92326],[143.53635,43.92043],[143.53703,43.91909],[143.53711,43.91893],[143.53747,43.91826],[143.53803,43.91723],[143.53865,43.9161],[143.53918,43.91508],[143.5396,43.9142],[143.53984,43.91368],[143.53994,43.91345],[143.53999,43.91328],[143.54004,43.91309],[143.54008,43.91288],[143.54012,43.91257],[143.54013,43.91234],[143.54013,43.91201],[143.5401,43.91162],[143.54007,43.91148],[143.54002,43.91125],[143.53998,43.91111],[143.53994,43.911],[143.53988,43.91084],[143.53977,43.91056],[143.53969,43.91042],[143.53969,43.91041],[143.53959,43.91024],[143.53934,43.90987],[143.53892,43.90926],[143.53878,43.90903],[143.5386,43.90873],[143.53849,43.90852],[143.53838,43.90824],[143.53832,43.90804],[143.53825,43.90777],[143.53819,43.90744],[143.53799,43.9064],[143.53785,43.90578],[143.53775,43.90526],[143.5377,43.9049],[143.53767,43.90462],[143.53765,43.90419],[143.53764,43.90396],[143.53768,43.90334],[143.53771,43.90294],[143.53781,43.90237],[143.53787,43.90208],[143.53793,43.9018],[143.53796,43.90172],[143.53803,43.90147],[143.53812,43.9012],[143.53836,43.90059],[143.53904,43.89899],[143.54002,43.89663],[143.54049,43.89554],[143.54108,43.89415],[143.54149,43.89318],[143.54151,43.89311],[143.54179,43.89247],[143.54215,43.89155],[143.5426,43.89047],[143.54306,43.88936],[143.54359,43.88809],[143.54397,43.88718],[143.54426,43.88655],[143.54452,43.88597],[143.54463,43.88575],[143.54472,43.88559],[143.54485,43.8854],[143.54517,43.88499],[143.54537,43.88476],[143.54583,43.88426],[143.54647,43.88353],[143.54693,43.88302],[143.54712,43.88279],[143.5472,43.88269],[143.54729,43.88257],[143.54745,43.88233],[143.54765,43.88199],[143.54778,43.88173],[143.54785,43.88157],[143.54793,43.88137],[143.54798,43.88121],[143.54802,43.88106],[143.54805,43.88092],[143.54809,43.88071],[143.54811,43.88056],[143.54812,43.88037],[143.54813,43.88007],[143.54811,43.87973],[143.5481,43.8796],[143.54807,43.87941],[143.54786,43.87828],[143.54767,43.87731],[143.54753,43.87649],[143.54752,43.87641],[143.54745,43.87594],[143.54743,43.87526],[143.54744,43.87505],[143.54747,43.87452],[143.5475,43.87396],[143.54748,43.87342],[143.54743,43.87297],[143.54739,43.87274],[143.54735,43.87253],[143.5472,43.87201],[143.54692,43.87106],[143.54682,43.87068],[143.54679,43.87056],[143.54678,43.87048],[143.54677,43.87037],[143.54677,43.87019],[143.54681,43.86988],[143.54686,43.86967],[143.54697,43.86933],[143.54704,43.86911],[143.54717,43.86881],[143.54747,43.86828],[143.54788,43.86763],[143.54793,43.86755],[143.54825,43.86707],[143.54839,43.8668],[143.54846,43.86667],[143.54851,43.86654],[143.54855,43.8664],[143.54857,43.86628],[143.54857,43.86618],[143.54857,43.86609],[143.54853,43.86543],[143.54852,43.86504],[143.54854,43.86436],[143.54857,43.86366],[143.54855,43.8634],[143.54852,43.86324],[143.54846,43.86303],[143.54838,43.86284],[143.54831,43.8627],[143.54823,43.86255],[143.54788,43.86208],[143.54764,43.86169],[143.5475,43.86141],[143.54744,43.86123],[143.5474,43.86112],[143.54736,43.86093],[143.54726,43.86033],[143.54715,43.85987],[143.54698,43.85933],[143.54693,43.85915],[143.54691,43.85902],[143.54691,43.85898],[143.54691,43.85887],[143.54689,43.85784],[143.54682,43.85715],[143.54674,43.85664],[143.54665,43.85621],[143.54658,43.85596],[143.54643,43.85556],[143.54607,43.85478],[143.54587,43.85431],[143.5458,43.85406],[143.54576,43.85382],[143.54565,43.85283],[143.54559,43.85238],[143.54554,43.85198],[143.54552,43.8518],[143.54552,43.85166],[143.54553,43.85152],[143.54556,43.85136],[143.54559,43.85123],[143.54565,43.85106],[143.54574,43.85084],[143.54587,43.85052],[143.54601,43.85016],[143.54606,43.85004],[143.54614,43.84975],[143.54618,43.84958],[143.5462,43.84947],[143.54621,43.84924],[143.54624,43.84862],[143.54622,43.84825],[143.54621,43.84808],[143.54617,43.84789],[143.54614,43.84776],[143.54608,43.84761],[143.54603,43.84747],[143.54597,43.84738],[143.54591,43.8473],[143.54586,43.84722],[143.54578,43.84713],[143.54541,43.84672],[143.54518,43.84646],[143.54487,43.84611],[143.54471,43.84593],[143.54462,43.8458],[143.54455,43.84568],[143.54446,43.84547],[143.54439,43.8453],[143.5443,43.84509],[143.54405,43.84424],[143.5439,43.84367],[143.54387,43.84354],[143.54385,43.84337],[143.54384,43.84313],[143.54385,43.84286],[143.54388,43.84272],[143.54389,43.84264],[143.54392,43.84251],[143.54395,43.8424],[143.54399,43.84226],[143.54407,43.84205],[143.54417,43.84179],[143.54422,43.84167],[143.54435,43.8414],[143.54453,43.84109],[143.5448,43.84066],[143.54506,43.84028],[143.54535,43.83993],[143.54565,43.83959],[143.54606,43.83921],[143.5461,43.83917],[143.54645,43.83886],[143.54677,43.83858],[143.54697,43.83845],[143.54757,43.838],[143.54763,43.83794],[143.54774,43.83781],[143.54779,43.83774],[143.54781,43.83768],[143.54784,43.83758],[143.54784,43.83725],[143.54783,43.83652],[143.54778,43.83601],[143.54778,43.83585],[143.54779,43.83577],[143.54781,43.83566],[143.54785,43.83555],[143.54804,43.83511],[143.54818,43.83487],[143.54837,43.83458],[143.54855,43.83436],[143.54866,43.83422],[143.54883,43.83407],[143.54895,43.83397],[143.54911,43.83386],[143.54939,43.83369],[143.54973,43.83351]],[[142.48633,43.80135],[142.48572,43.80085],[142.48425,43.79967],[142.48402,43.79944],[142.48382,43.79925],[142.48364,43.79902],[142.48338,43.79858],[142.48281,43.79746],[142.48245,43.7968],[142.48239,43.79672],[142.48231,43.7966],[142.4821,43.79634],[142.48151,43.79574],[142.48034,43.79459],[142.47902,43.79328],[142.47806,43.79235],[142.47725,43.79153],[142.47579,43.79],[142.47547,43.78969],[142.47468,43.78892],[142.47438,43.78863],[142.47423,43.78847],[142.47299,43.78725],[142.47265,43.78695],[142.47221,43.78664],[142.47092,43.78546],[142.47069,43.78524],[142.46988,43.78452],[142.46928,43.78399],[142.46799,43.78302],[142.46702,43.78236],[142.46648,43.78207]],[[143.80993,43.80547],[143.809,43.80542]],[[142.65635,43.89598],[142.65461,43.89647]],[[142.48745,43.80229],[142.48733,43.80218],[142.48633,43.80135]],[[143.60291,43.78524],[143.60382,43.78539]],[[143.62247,43.78523],[143.62369,43.78493],[143.62463,43.78469],[143.62518,43.78454],[143.62574,43.78442],[143.62617,43.78434],[143.62649,43.78429],[143.62676,43.78428],[143.62708,43.78428],[143.62738,43.7843],[143.62778,43.78434],[143.62811,43.78439],[143.62846,43.78446],[143.62881,43.78456],[143.62918,43.78469],[143.62942,43.78476],[143.62971,43.78489],[143.63032,43.78522],[143.63198,43.78616],[143.63257,43.7865],[143.63315,43.78682],[143.63363,43.78703],[143.63396,43.78715],[143.63423,43.78722],[143.63461,43.78729],[143.63579,43.78753],[143.63712,43.7878],[143.63717,43.78781],[143.6383,43.78802],[143.63906,43.78812],[143.63954,43.78815],[143.64009,43.78816],[143.64099,43.78814],[143.64399,43.7881],[143.64695,43.78805],[143.64816,43.78804],[143.64997,43.78803],[143.65281,43.788],[143.6542,43.788],[143.65488,43.78802],[143.65842,43.78825],[143.65923,43.78829],[143.66255,43.78848],[143.66687,43.78869],[143.67029,43.7889],[143.67094,43.78894],[143.67492,43.78914],[143.67887,43.78937],[143.67993,43.78942],[143.68263,43.78957],[143.68613,43.78978],[143.68977,43.79],[143.69098,43.79007],[143.69193,43.79012],[143.69522,43.79034],[143.69779,43.79049],[143.69957,43.7906],[143.70156,43.79075],[143.70203,43.79079],[143.70362,43.79091],[143.70704,43.79123],[143.71201,43.79169],[143.71305,43.79179],[143.71445,43.79192],[143.71672,43.79214],[143.72004,43.79244],[143.72406,43.79283],[143.72524,43.79294],[143.72842,43.79327],[143.732,43.79361],[143.73506,43.7939],[143.73712,43.7941],[143.74131,43.79449],[143.745,43.79484],[143.74607,43.79494],[143.74725,43.79506],[143.74856,43.79518],[143.75067,43.79538],[143.754,43.79571],[143.75548,43.79583]],[[142.52166,43.85781],[142.52169,43.858],[142.52226,43.86211],[142.52282,43.86622],[142.52293,43.86696],[142.52356,43.87136],[142.52379,43.87219],[142.52522,43.87574]],[[144.21891,43.96492],[144.21881,43.9662],[144.21875,43.96699],[144.21871,43.96749],[144.21868,43.96795],[144.21869,43.96823],[144.2187,43.96845],[144.21873,43.96869],[144.21877,43.96895],[144.21884,43.96918],[144.21891,43.96935],[144.21901,43.96955],[144.2191,43.96971],[144.2193,43.97],[144.21966,43.97058],[144.22013,43.97137],[144.22037,43.97174],[144.22047,43.97192],[144.22053,43.97208],[144.22058,43.97223],[144.2206,43.97241],[144.22062,43.97261],[144.22061,43.97277],[144.2206,43.97295],[144.22056,43.97312],[144.22049,43.97333],[144.22039,43.97355],[144.22038,43.97358],[144.22033,43.97368],[144.22022,43.97383],[144.22009,43.97402],[144.21996,43.97417],[144.21978,43.97435],[144.2196,43.97449],[144.21936,43.97468],[144.21879,43.97506],[144.21823,43.97541],[144.21803,43.97554],[144.21784,43.97567],[144.21763,43.97586],[144.21736,43.97611],[144.21715,43.97633],[144.21696,43.97659],[144.2168,43.97683],[144.21669,43.97704],[144.21662,43.97724],[144.21659,43.97744],[144.2166,43.97758],[144.21668,43.97807],[144.21682,43.97877],[144.21701,43.97963],[144.21708,43.97996],[144.21711,43.98008],[144.21716,43.9802],[144.21721,43.98033],[144.21732,43.98051],[144.21742,43.98066],[144.21753,43.9808],[144.21777,43.98106],[144.21789,43.98118],[144.21828,43.98155],[144.21891,43.98214],[144.21991,43.98302],[144.22014,43.98324],[144.22031,43.98341],[144.22042,43.98355],[144.22057,43.98375],[144.22068,43.98394],[144.22076,43.98411],[144.22084,43.9844],[144.22089,43.9846],[144.22091,43.98489],[144.22091,43.98511],[144.22091,43.98525],[144.22089,43.9854],[144.22084,43.98557],[144.22076,43.98578],[144.22066,43.986],[144.22053,43.9862],[144.2204,43.9864],[144.22034,43.9865],[144.22029,43.98661],[144.2201,43.9871],[144.21966,43.98816],[144.21933,43.989],[144.21929,43.98912],[144.21917,43.98946],[144.21912,43.98959],[144.21909,43.98972],[144.21908,43.98986],[144.21908,43.99002],[144.2191,43.99024],[144.21917,43.99048],[144.21925,43.99067],[144.21933,43.99081],[144.21944,43.991],[144.2196,43.99121],[144.21974,43.99137],[144.21993,43.99154],[144.22015,43.99172],[144.22037,43.99187],[144.22069,43.99204],[144.22106,43.99221],[144.22133,43.99231],[144.22161,43.9924],[144.22187,43.9925],[144.2221,43.99259],[144.22231,43.99269],[144.22253,43.99281],[144.22275,43.99296],[144.22299,43.99312],[144.22318,43.99329],[144.22335,43.99347],[144.22349,43.99364],[144.22361,43.99384],[144.22372,43.99406],[144.22381,43.99433],[144.22394,43.99473],[144.224,43.99497],[144.2241,43.99542],[144.22413,43.99575],[144.22418,43.99624],[144.22418,43.99632],[144.22418,43.99654],[144.22416,43.99678],[144.22411,43.99705],[144.224,43.99741],[144.22387,43.99778],[144.22381,43.99794],[144.22377,43.99812],[144.2237,43.99834],[144.22366,43.99861],[144.22363,43.99888],[144.22364,43.99906],[144.22364,43.99922],[144.22366,43.99936],[144.22368,43.9995],[144.22373,43.9997],[144.22376,43.99982],[144.22382,43.99997],[144.22389,44.00013],[144.22397,44.0003],[144.22406,44.00046],[144.22417,44.00061],[144.22429,44.00078],[144.22444,44.00094],[144.22458,44.00108],[144.22492,44.0014],[144.22528,44.00172],[144.22563,44.00204],[144.22574,44.00214],[144.22587,44.00224],[144.22611,44.00243],[144.22649,44.0027],[144.22686,44.00293],[144.22717,44.00309],[144.22735,44.00317],[144.22755,44.00323],[144.22776,44.00328],[144.22833,44.00341],[144.22919,44.00358],[144.22941,44.00363],[144.22963,44.00369],[144.2298,44.00375],[144.23005,44.00383],[144.23021,44.00392],[144.23047,44.00406],[144.23068,44.00419],[144.23085,44.00431],[144.23099,44.00443],[144.23116,44.00459],[144.23129,44.00474],[144.23135,44.00483],[144.23145,44.00503],[144.23162,44.00546],[144.23177,44.00589],[144.23184,44.00618],[144.23194,44.00665],[144.23202,44.00708],[144.23207,44.00743],[144.2321,44.00785],[144.23213,44.00832],[144.23211,44.00875],[144.23211,44.00879],[144.23206,44.00936],[144.232,44.00988],[144.23197,44.01022],[144.23195,44.01043],[144.23195,44.01062],[144.23197,44.01079],[144.23199,44.01095],[144.23205,44.01114],[144.23213,44.01131],[144.23224,44.01153],[144.23237,44.01174],[144.2325,44.01193],[144.23265,44.01208],[144.2328,44.01222],[144.23294,44.01234],[144.23317,44.0125],[144.23337,44.01262],[144.23363,44.01274],[144.23404,44.01289],[144.23429,44.01297],[144.23455,44.01303],[144.23494,44.01311],[144.23582,44.01325],[144.23644,44.01336],[144.23712,44.01351],[144.23758,44.01363],[144.23785,44.01372],[144.23828,44.01389],[144.23884,44.01417],[144.23955,44.01455],[144.24008,44.01485],[144.24095,44.01531],[144.24202,44.01583],[144.24232,44.01597],[144.2433,44.01639],[144.24455,44.0169],[144.24602,44.01751],[144.24625,44.0176],[144.2469,44.01794],[144.24735,44.01815],[144.24768,44.0183],[144.24796,44.01843],[144.24843,44.01862],[144.24876,44.01876],[144.24904,44.01886],[144.24928,44.01895],[144.24941,44.019],[144.24955,44.01904],[144.24966,44.01907],[144.24986,44.01913],[144.25007,44.01917],[144.25096,44.01937],[144.25138,44.01945],[144.25296,44.01973]],[[142.76801,43.84745],[142.77003,43.84582],[142.77127,43.84486],[142.77152,43.84469],[142.77184,43.84454],[142.77214,43.84443],[142.77242,43.84436],[142.77273,43.84431],[142.77309,43.84427],[142.77385,43.84423],[142.77418,43.84423],[142.77468,43.84425],[142.7752,43.84429],[142.77548,43.84432],[142.77586,43.84437],[142.77618,43.84443],[142.77756,43.84471],[142.7797,43.84513],[142.77996,43.84519],[142.7804,43.84532],[142.78082,43.84546],[142.78109,43.84558],[142.7813,43.84566],[142.78169,43.84585],[142.78376,43.847],[142.78437,43.84735],[142.7847,43.84754],[142.78503,43.84768],[142.78541,43.8478],[142.78584,43.84792],[142.78631,43.84803],[142.78668,43.84808],[142.78697,43.84812],[142.78749,43.84814],[142.78761,43.84813],[142.78777,43.84812],[142.7881,43.84808],[142.7884,43.84804],[142.78881,43.84797],[142.78911,43.8479],[142.7895,43.84779],[142.78973,43.84771],[142.79022,43.84755],[142.7911,43.84721],[142.79143,43.8471],[142.79167,43.84703],[142.79205,43.84693],[142.79268,43.84681],[142.79298,43.84677],[142.79328,43.84674],[142.79354,43.84673],[142.79382,43.84674],[142.79411,43.84676],[142.79438,43.84678],[142.79578,43.84701],[142.79873,43.84746],[142.80048,43.84774],[142.81134,43.84945],[142.81136,43.84945],[142.81206,43.84961],[142.81235,43.8497],[142.81275,43.84986],[142.813,43.85001],[142.81324,43.85018],[142.81351,43.85041],[142.81377,43.8507],[142.81396,43.85098],[142.81424,43.85147],[142.81466,43.85223],[142.81506,43.85298],[142.81534,43.85336],[142.81564,43.85375],[142.81602,43.85412],[142.81643,43.85446],[142.81672,43.85467],[142.81705,43.85487],[142.81729,43.85498],[142.81754,43.85508],[142.81826,43.85534],[142.82345,43.85716],[142.82546,43.85787],[142.82657,43.85826],[142.83643,43.8618],[142.83671,43.8619],[142.83726,43.86209],[142.83754,43.86217],[142.8379,43.86224],[142.83855,43.86235],[142.83898,43.86241],[142.843,43.86282],[142.84341,43.86283],[142.84375,43.8628],[142.84405,43.86276],[142.84438,43.86271],[142.84495,43.86261],[142.8455,43.86248],[142.846,43.86233],[142.84626,43.86229],[142.84653,43.86224],[142.84683,43.86221],[142.84746,43.8622],[142.85069,43.86225],[142.85156,43.8623],[142.852,43.86229],[142.85474,43.86226],[142.85593,43.86225],[142.85707,43.86228],[142.85784,43.86234],[142.85822,43.86235],[142.85851,43.86236],[142.85909,43.86236],[142.85978,43.86236],[142.86013,43.86235],[142.86044,43.86233],[142.86938,43.86194],[142.86958,43.86194],[142.87114,43.86196],[142.87137,43.86198],[142.87182,43.86203],[142.87227,43.86207],[142.87324,43.86221],[142.87367,43.86228],[142.87415,43.86238],[142.87482,43.86256],[142.87572,43.86286],[142.87646,43.86311],[142.87715,43.86335],[142.87755,43.86347],[142.87812,43.86362],[142.87865,43.86376],[142.87906,43.86385],[142.87945,43.86392],[142.88039,43.86406],[142.8818,43.86424],[142.88219,43.86429],[142.88321,43.86447],[142.88389,43.86459],[142.8844,43.86472],[142.8847,43.86481],[142.885,43.86492],[142.88525,43.86504],[142.88563,43.86521],[142.88596,43.86538],[142.88654,43.86571],[142.8876,43.86632],[142.88899,43.86714],[142.88958,43.86744],[142.88986,43.86755],[142.89009,43.86763],[142.89045,43.86771],[142.89075,43.86776],[142.89106,43.86777],[142.89139,43.86779],[142.89174,43.86778],[142.89237,43.86774],[142.89586,43.86749],[142.89829,43.86733],[142.89861,43.86732],[142.89912,43.86729],[142.89957,43.86729],[142.90015,43.86728],[142.90056,43.8673],[142.90132,43.86732],[142.90195,43.86734]],[[142.58175,43.89856],[142.58264,43.89877]],[[143.84208,43.80318],[143.84357,43.80325],[143.84548,43.80335],[143.84894,43.80354],[143.85251,43.80371],[143.85314,43.80375],[143.85469,43.80383],[143.85611,43.80393],[143.85647,43.80394],[143.85824,43.80403],[143.85936,43.8041],[143.86012,43.80409],[143.86088,43.80405],[143.86205,43.80392],[143.86336,43.80379],[143.86388,43.80371],[143.86552,43.80355],[143.86789,43.80331],[143.86909,43.80318],[143.87106,43.80299],[143.87708,43.80236],[143.88173,43.80185],[143.88839,43.80114],[143.89111,43.80089],[143.8918,43.80085],[143.8924,43.80085],[143.89273,43.80089],[143.89293,43.80093],[143.89311,43.80099],[143.89334,43.80108],[143.89364,43.80123],[143.89393,43.80137],[143.89421,43.80154],[143.89463,43.80183],[143.89497,43.8021]],[[142.44037,43.7764],[142.43965,43.77627],[142.43353,43.77517],[142.43259,43.775],[142.43216,43.77493],[142.43057,43.77466],[142.42903,43.77446],[142.42844,43.77443],[142.42766,43.77443],[142.42711,43.77447],[142.42617,43.77458],[142.42499,43.77483],[142.42462,43.77494],[142.42312,43.77546],[142.42148,43.77603],[142.42097,43.77621],[142.41938,43.77677],[142.41923,43.77682],[142.41729,43.7775],[142.41604,43.77794],[142.41144,43.77955],[142.40977,43.78013],[142.40905,43.78039]],[[143.42182,44.00863],[143.42037,44.00888]],[[142.69363,43.85226],[142.6876,43.85889],[142.68411,43.86273],[142.68098,43.86612],[142.68045,43.86671],[142.67569,43.87197],[142.67559,43.87207],[142.67358,43.87431],[142.67321,43.87483],[142.67287,43.87535],[142.67264,43.87581],[142.67245,43.8762],[142.67235,43.87662],[142.67231,43.87715],[142.67231,43.87744],[142.67237,43.87802],[142.67267,43.87998],[142.67269,43.88018],[142.67272,43.88058],[142.6727,43.88093],[142.67263,43.8812],[142.6725,43.8815],[142.67243,43.88163],[142.67231,43.88181],[142.67205,43.88218],[142.67184,43.88242],[142.67158,43.88267],[142.67121,43.88296],[142.67085,43.88319],[142.67078,43.88322],[142.67044,43.8834],[142.66992,43.88361],[142.66929,43.88388],[142.66891,43.88407],[142.66856,43.88426],[142.66829,43.88449],[142.66809,43.8847],[142.66409,43.89015],[142.6615,43.89368],[142.66107,43.89415],[142.66086,43.89437],[142.66056,43.89458],[142.66024,43.89477],[142.65994,43.89492],[142.65962,43.89504],[142.65918,43.89518],[142.65635,43.89598]],[[143.33642,44.0068],[143.33738,44.00755],[143.33876,44.00864],[143.33912,44.00892],[143.34077,44.01023],[143.34203,44.01122],[143.34296,44.01198],[143.34315,44.01212],[143.34337,44.01227],[143.34418,44.01276],[143.34577,44.01368],[143.34722,44.01451],[143.34743,44.01463],[143.34954,44.01586],[143.35089,44.01667],[143.35202,44.01734],[143.35331,44.01809],[143.35375,44.01835],[143.35455,44.0187],[143.35523,44.01893],[143.3565,44.01936],[143.35719,44.01961],[143.35885,44.02018],[143.35992,44.02054],[143.36023,44.02064],[143.36075,44.02077],[143.36124,44.02086],[143.36159,44.0209],[143.36199,44.02094],[143.36285,44.02098],[143.36439,44.02096],[143.36527,44.02091],[143.36705,44.02075],[143.3686,44.02065],[143.37091,44.02072],[143.37109,44.02072],[143.37202,44.0207],[143.37307,44.0207],[143.37351,44.0207],[143.3738,44.02069],[143.37425,44.02066],[143.37463,44.02062],[143.37504,44.02055],[143.37552,44.02047],[143.37627,44.02027],[143.37682,44.0201],[143.37704,44.02],[143.37731,44.01988],[143.37769,44.01968],[143.37807,44.01946],[143.37872,44.01904],[143.37982,44.01834],[143.38102,44.01755],[143.38118,44.01744],[143.38257,44.01653],[143.38345,44.01595],[143.38435,44.01536],[143.38532,44.01473],[143.38726,44.01347],[143.38865,44.01257],[143.38897,44.01239],[143.38932,44.01221],[143.38959,44.01209],[143.38976,44.01202],[143.39001,44.01192],[143.39056,44.01174],[143.39098,44.01163],[143.3914,44.01155],[143.39196,44.01147],[143.39244,44.01144],[143.39396,44.01135],[143.39665,44.01121],[143.39864,44.0111],[143.40016,44.01103],[143.40071,44.01099],[143.40223,44.0109],[143.40273,44.01086],[143.40304,44.01081],[143.40346,44.01073],[143.40423,44.01053],[143.40493,44.01032],[143.40709,44.00966],[143.40814,44.00935],[143.40853,44.00925],[143.40895,44.00915],[143.40936,44.00909],[143.40969,44.00903],[143.41006,44.009],[143.41051,44.00898],[143.41096,44.00897],[143.41134,44.00898],[143.41142,44.00899],[143.41187,44.00904],[143.41239,44.0091],[143.41379,44.00937],[143.41473,44.00953],[143.41506,44.00959],[143.41535,44.00961],[143.41571,44.00961],[143.41625,44.00958],[143.41669,44.00952],[143.41715,44.00945],[143.41832,44.00924],[143.41961,44.00901],[143.42037,44.00888]],[[143.42182,44.00863],[143.42421,44.00818],[143.42541,44.00796],[143.42589,44.00789],[143.42626,44.00785],[143.42659,44.00781],[143.42698,44.00778],[143.42725,44.0078],[143.42754,44.00784],[143.42781,44.0079],[143.42817,44.00799],[143.42852,44.00812],[143.42907,44.00836],[143.43016,44.00898],[143.43116,44.00958],[143.43198,44.01006],[143.43348,44.01094],[143.43464,44.01161],[143.43494,44.01179],[143.43516,44.01189],[143.43541,44.01201],[143.43563,44.01211],[143.43582,44.01217],[143.43613,44.01226],[143.43643,44.01232],[143.43672,44.01236],[143.43711,44.01239],[143.43749,44.01238],[143.43771,44.01236],[143.438,44.01233],[143.43843,44.01225],[143.43912,44.01211],[143.43945,44.01206],[143.43978,44.012],[143.44018,44.01196],[143.44058,44.01195],[143.44091,44.01195],[143.44123,44.01198],[143.44157,44.01205],[143.44182,44.01213],[143.4421,44.01221],[143.44239,44.01235],[143.44273,44.01257],[143.44311,44.01285],[143.44352,44.01322],[143.44374,44.01346],[143.44388,44.01366],[143.44399,44.01386],[143.44412,44.01414],[143.44419,44.01437],[143.44422,44.01454],[143.44427,44.0148],[143.44429,44.015],[143.44431,44.01535],[143.44432,44.01564],[143.44436,44.01593],[143.44442,44.01619],[143.44447,44.01638],[143.44448,44.0164],[143.44455,44.01658],[143.44464,44.01675],[143.44475,44.01691],[143.44487,44.01707],[143.44503,44.01723],[143.44521,44.01738],[143.44538,44.01752],[143.44558,44.01766],[143.44576,44.01775],[143.44607,44.01788],[143.44633,44.01799],[143.44675,44.01812],[143.44744,44.01829],[143.44834,44.01843],[143.44986,44.01871],[143.45027,44.01882],[143.45069,44.01894],[143.45103,44.01906],[143.45153,44.01925],[143.45258,44.01976],[143.45295,44.01999],[143.45363,44.02036],[143.45448,44.02081],[143.45562,44.0214],[143.45626,44.02174],[143.45702,44.02214],[143.458,44.02266],[143.45918,44.02332],[143.46013,44.02386],[143.46091,44.02427],[143.46143,44.02453],[143.46211,44.02483],[143.46242,44.02496],[143.4627,44.02504],[143.46302,44.0251],[143.46307,44.02511],[143.46377,44.0252],[143.46465,44.0253],[143.46566,44.0254],[143.46674,44.02552],[143.46748,44.02557],[143.46788,44.02558],[143.46829,44.02554],[143.46884,44.02548],[143.46938,44.02538],[143.46985,44.02526],[143.47029,44.02513],[143.47081,44.02496],[143.4713,44.02477],[143.47176,44.02456],[143.47213,44.02438],[143.47248,44.02415],[143.47295,44.02377],[143.47331,44.02348],[143.47332,44.02346],[143.47366,44.02317],[143.47391,44.02299],[143.47412,44.0229],[143.47435,44.02283],[143.47472,44.02276],[143.47558,44.02261],[143.47638,44.02252],[143.47684,44.02249],[143.4771,44.0225],[143.47745,44.02255],[143.47781,44.02262],[143.47809,44.0227],[143.47837,44.0228],[143.47861,44.0229],[143.47887,44.02304],[143.47912,44.02319],[143.47947,44.02345],[143.47971,44.0237],[143.48005,44.02409],[143.4805,44.02468],[143.48106,44.02539],[143.48172,44.02629],[143.48179,44.02638],[143.48267,44.02763],[143.48331,44.0285],[143.48375,44.02905],[143.48428,44.02961],[143.48494,44.03035],[143.48604,44.03157],[143.48679,44.03244],[143.48768,44.03342],[143.48803,44.03382],[143.48847,44.03433],[143.48981,44.03585],[143.4905,44.03664],[143.49148,44.03777],[143.49285,44.03928],[143.49448,44.04115],[143.49456,44.04124],[143.49578,44.04264],[143.49608,44.04297],[143.49685,44.04384],[143.49717,44.04418],[143.49747,44.04451],[143.4978,44.04486],[143.49812,44.04514],[143.4986,44.04558],[143.49954,44.04643],[143.50063,44.04742],[143.50138,44.0481],[143.5019,44.04857],[143.50298,44.04952],[143.5033,44.0498],[143.50411,44.05053],[143.50465,44.05101],[143.50484,44.05117],[143.50506,44.05134],[143.50537,44.05157],[143.50567,44.0518],[143.50586,44.05193],[143.50612,44.05209],[143.50647,44.0523],[143.50685,44.0525],[143.50715,44.05264],[143.50746,44.05278],[143.50771,44.05288],[143.50807,44.05301],[143.50849,44.05316],[143.50899,44.05331],[143.50954,44.05348],[143.51018,44.05367],[143.51209,44.05424],[143.51259,44.05439],[143.51404,44.05482],[143.51524,44.05518],[143.51652,44.05557],[143.51675,44.05565],[143.51695,44.05574],[143.51716,44.05585],[143.51743,44.05601],[143.51766,44.05617],[143.51788,44.05635],[143.51809,44.05655],[143.51835,44.05683],[143.51854,44.05708]],[[142.90195,43.86734],[142.9035,43.8674],[142.90544,43.86751],[142.90659,43.86757],[142.90729,43.86763],[142.90775,43.8677],[142.90813,43.86776]],[[143.53589,43.99296],[143.5366,43.99046],[143.53668,43.99013],[143.53682,43.9895],[143.53686,43.98929],[143.5369,43.98903],[143.53694,43.98867],[143.53697,43.98801],[143.53697,43.98782],[143.53697,43.98755],[143.53695,43.98739],[143.53692,43.98714],[143.53691,43.98707],[143.53688,43.98692],[143.5368,43.98664],[143.5367,43.98632],[143.53658,43.986],[143.53356,43.97848],[143.5314,43.97309],[143.53129,43.97278],[143.53125,43.97266],[143.53123,43.97255],[143.53122,43.97241],[143.53122,43.97226],[143.53123,43.97207],[143.53125,43.97196],[143.53129,43.97181],[143.53135,43.97162],[143.53141,43.97148],[143.53147,43.97135],[143.53159,43.97116],[143.53169,43.97101],[143.53178,43.9709],[143.53187,43.97081],[143.53198,43.97071],[143.5321,43.97061],[143.53222,43.97051],[143.53239,43.97038],[143.53255,43.97028],[143.53271,43.97018],[143.53303,43.97],[143.53322,43.96989],[143.53334,43.9698],[143.53369,43.96955],[143.53382,43.96944],[143.53396,43.96931],[143.53418,43.96908],[143.53426,43.96899],[143.5343,43.96893],[143.53433,43.96889],[143.5344,43.96878],[143.53447,43.96864],[143.53455,43.96846],[143.53463,43.96827],[143.53469,43.96809],[143.53474,43.96794],[143.53479,43.96774],[143.53482,43.96757],[143.53487,43.96734],[143.5349,43.96699],[143.53491,43.96669],[143.5349,43.96646],[143.53488,43.96621],[143.53486,43.96603],[143.53483,43.96587],[143.53479,43.96569],[143.53474,43.9655],[143.5346,43.96506],[143.53298,43.96019]],[[142.71706,43.84372],[142.72306,43.84383],[142.72374,43.84386],[142.72434,43.84391],[142.72494,43.84398],[142.72539,43.84408],[142.72582,43.8442],[142.7262,43.8443],[142.72669,43.84451],[142.72715,43.84476],[142.72751,43.84502],[142.72769,43.84519],[142.72782,43.84531],[142.72802,43.84551],[142.72821,43.84574],[142.72857,43.84617],[142.72936,43.84708],[142.7298,43.8476],[142.73005,43.84785],[142.73023,43.84801],[142.7305,43.84822],[142.7308,43.8484],[142.73111,43.84858],[142.73143,43.84873],[142.73173,43.84886],[142.73203,43.84898],[142.73274,43.84918],[142.73917,43.85077],[142.7416,43.85137],[142.74236,43.85154],[142.74308,43.85167],[142.74389,43.8518],[142.74615,43.85208],[142.75715,43.85314],[142.7585,43.85328],[142.75886,43.85329],[142.75912,43.85329],[142.75944,43.85327],[142.75974,43.85323],[142.76003,43.85316],[142.76038,43.85307],[142.76088,43.85292],[142.76116,43.85281],[142.76159,43.85263],[142.76185,43.85247],[142.76217,43.85229],[142.76246,43.85208],[142.7626,43.85196],[142.76321,43.85149],[142.76374,43.85111],[142.76492,43.85014]],[[143.57161,43.80312],[143.57225,43.80254],[143.57309,43.80179],[143.57355,43.80134],[143.57373,43.80113],[143.57383,43.80095],[143.57389,43.8008],[143.57395,43.80063],[143.57401,43.80032],[143.57405,43.80001],[143.57406,43.79971],[143.57404,43.79948],[143.57399,43.7993],[143.57379,43.79893],[143.57273,43.79732],[143.57251,43.79692],[143.57237,43.79666],[143.57226,43.79631],[143.57222,43.7961],[143.57221,43.79586],[143.57223,43.79563],[143.57239,43.79513],[143.5725,43.79491],[143.57273,43.79454],[143.57282,43.79443],[143.57293,43.79429],[143.57326,43.79397],[143.57389,43.79335],[143.57416,43.7931],[143.57471,43.79273],[143.57512,43.79247],[143.57625,43.79197],[143.57822,43.79119],[143.58207,43.78972],[143.58249,43.78957],[143.58479,43.78874],[143.5876,43.78782],[143.58803,43.78773],[143.5884,43.78768],[143.58967,43.78757],[143.59,43.78754],[143.5903,43.7875],[143.59083,43.7874],[143.59123,43.78731],[143.59164,43.78715],[143.59209,43.78695],[143.59242,43.78675],[143.59267,43.78659],[143.59294,43.78641],[143.59329,43.78612],[143.59367,43.78578],[143.59389,43.78561],[143.59414,43.78543],[143.59449,43.78522],[143.5948,43.78505],[143.59518,43.78489],[143.59544,43.78479],[143.59584,43.78466],[143.59616,43.78458],[143.59642,43.78452],[143.59674,43.78447],[143.59706,43.78443],[143.59745,43.7844],[143.59769,43.7844],[143.59789,43.78441],[143.59805,43.78441],[143.59821,43.78444],[143.59849,43.78447],[143.59889,43.78455],[143.59969,43.78468],[143.60047,43.78482],[143.60207,43.78509],[143.60291,43.78524]],[[144.219,43.96265],[144.21905,43.96192],[144.21909,43.96137],[144.21909,43.96123],[144.21909,43.96108],[144.21907,43.96081],[144.21903,43.96066],[144.21893,43.96035],[144.21885,43.96016],[144.21872,43.95991],[144.21862,43.95975],[144.21851,43.95957],[144.21837,43.95938],[144.2179,43.95886],[144.21764,43.95855],[144.21735,43.95822],[144.21701,43.95788],[144.21688,43.95775],[144.21677,43.95766],[144.21659,43.95752],[144.21639,43.95737],[144.21625,43.95729],[144.21613,43.95723],[144.21593,43.95713],[144.21577,43.95706],[144.21562,43.95699],[144.21547,43.95693],[144.21498,43.95676],[144.21467,43.95666],[144.2144,43.95658],[144.21354,43.95637],[144.21303,43.95625],[144.21227,43.9561],[144.21195,43.95604],[144.21168,43.95602],[144.21142,43.95601],[144.21123,43.95603],[144.21074,43.95612],[144.21058,43.95616],[144.21023,43.95625],[144.21011,43.95627],[144.20994,43.95631],[144.20969,43.9564],[144.20945,43.95653],[144.20921,43.95666],[144.20855,43.95702],[144.20823,43.95717],[144.20796,43.95728],[144.20765,43.95738],[144.20743,43.95744],[144.20719,43.95749],[144.20688,43.95753],[144.20655,43.95755],[144.20597,43.95755],[144.20526,43.95752],[144.20443,43.95746],[144.20374,43.9574],[144.20335,43.95736],[144.20301,43.9573],[144.20265,43.95723],[144.20242,43.95719],[144.20221,43.95714],[144.20168,43.95701],[144.20147,43.95696],[144.20125,43.95692],[144.20108,43.95687],[144.20069,43.95675],[144.19957,43.95641],[144.19871,43.95614],[144.19813,43.95595],[144.19779,43.95584],[144.19658,43.95552],[144.19506,43.95512],[144.19448,43.95498],[144.1939,43.95481],[144.19345,43.95467],[144.19301,43.95451],[144.19268,43.95437],[144.19229,43.9542],[144.19197,43.95403],[144.19171,43.95386],[144.19142,43.95366],[144.19093,43.95333],[144.1901,43.95272],[144.18922,43.95207],[144.18862,43.95163],[144.18859,43.95161],[144.18807,43.95123],[144.18771,43.95094],[144.18731,43.95062],[144.18699,43.95033],[144.18674,43.95008],[144.18658,43.94991],[144.18644,43.94972],[144.18622,43.9494],[144.18592,43.94896],[144.18576,43.94872],[144.18566,43.94853],[144.18557,43.94832],[144.18534,43.94769],[144.18525,43.9474],[144.18514,43.94706],[144.18504,43.94669],[144.18477,43.94569],[144.18462,43.94508],[144.18444,43.94439],[144.18426,43.94371],[144.18423,43.94362],[144.18414,43.94328],[144.18398,43.94279],[144.18388,43.94255],[144.18379,43.94236],[144.18366,43.94213],[144.18349,43.94186],[144.18325,43.94151],[144.18282,43.94095],[144.18262,43.94069],[144.18218,43.94012],[144.18182,43.93965],[144.18138,43.93906],[144.18098,43.93851],[144.18067,43.9381],[144.18053,43.9379],[144.1804,43.93769],[144.18027,43.93744],[144.18018,43.93724],[144.18013,43.93704],[144.18009,43.93684],[144.18006,43.93666],[144.18003,43.93642],[144.18003,43.93618],[144.18005,43.936],[144.18008,43.93586],[144.18016,43.93561],[144.18021,43.93547],[144.18051,43.93462],[144.18101,43.93328],[144.18148,43.932],[144.18188,43.93089],[144.18237,43.92957],[144.18263,43.92886],[144.18281,43.9283],[144.18288,43.92808],[144.18299,43.92762],[144.18307,43.92722],[144.1831,43.92696],[144.18311,43.92679],[144.18312,43.92658],[144.1831,43.92614],[144.18306,43.92588],[144.18295,43.92546],[144.18289,43.92524],[144.18281,43.92502],[144.18271,43.92479],[144.18254,43.92445],[144.18238,43.92415],[144.1822,43.92382],[144.18182,43.92314],[144.18148,43.92252],[144.18125,43.92212],[144.18109,43.92184],[144.18092,43.92158],[144.18073,43.92133],[144.1805,43.92104],[144.18031,43.92083],[144.18018,43.92068],[144.18,43.92051],[144.17961,43.92018],[144.17927,43.91991],[144.17905,43.91975],[144.17882,43.9196],[144.17868,43.9195],[144.17843,43.91935],[144.17801,43.91911],[144.17761,43.91893],[144.17717,43.91874],[144.17264,43.91677],[144.17229,43.91662],[144.17162,43.91632]],[[143.27673,43.94484],[143.27802,43.94542],[143.27982,43.94626],[143.28097,43.94682],[143.28217,43.94739],[143.28333,43.94791],[143.285,43.94865],[143.28542,43.94884],[143.28593,43.94904],[143.28642,43.9492],[143.28663,43.94928],[143.28742,43.94954],[143.28916,43.95011],[143.29042,43.95051],[143.29204,43.95103],[143.29239,43.95112],[143.29266,43.95118],[143.29298,43.95125],[143.29329,43.95128],[143.29369,43.9513],[143.29403,43.95134],[143.29435,43.9514],[143.29469,43.95147],[143.295,43.95155],[143.29521,43.95164],[143.2953,43.95167],[143.29556,43.9518],[143.29582,43.95195],[143.29604,43.95214],[143.29631,43.95241],[143.29657,43.95272],[143.29676,43.95301],[143.29691,43.95325],[143.29694,43.95332],[143.29696,43.9534],[143.29697,43.95352],[143.29695,43.95423],[143.29697,43.95571],[143.29691,43.95794],[143.29691,43.95871],[143.2969,43.95912],[143.29684,43.96008],[143.29681,43.96058],[143.29679,43.96104],[143.29678,43.96136],[143.29679,43.96166],[143.29683,43.96191],[143.29688,43.96216],[143.29697,43.96244],[143.29733,43.96321],[143.29741,43.96339],[143.29756,43.96374],[143.29771,43.96415],[143.29779,43.96448],[143.29781,43.96478],[143.29778,43.96508],[143.29772,43.96535],[143.29762,43.96563],[143.29747,43.96591],[143.29727,43.96624],[143.29711,43.96657],[143.29693,43.96699],[143.29681,43.96729],[143.29676,43.9675],[143.29676,43.9677],[143.29677,43.96788],[143.29681,43.96805],[143.29689,43.96827],[143.29698,43.96846],[143.29711,43.9687],[143.2974,43.96911],[143.29802,43.96989],[143.29862,43.97062],[143.29889,43.9709],[143.29915,43.97113],[143.29937,43.97128],[143.29964,43.97145],[143.29966,43.97146],[143.30002,43.97166],[143.30019,43.97176],[143.30044,43.97191],[143.30063,43.97204],[143.30082,43.97219],[143.30099,43.97234],[143.30113,43.97248],[143.30127,43.97264],[143.30139,43.97283],[143.30148,43.97302],[143.30156,43.97321],[143.3016,43.97342],[143.30164,43.97368],[143.30165,43.97401],[143.30161,43.97527],[143.30161,43.97553],[143.30164,43.97579],[143.30168,43.97609],[143.30174,43.97636],[143.30181,43.97662],[143.30189,43.97684],[143.30196,43.97701],[143.30205,43.97717],[143.30228,43.97752],[143.30249,43.97779],[143.30274,43.97806],[143.30317,43.97846],[143.3036,43.97884],[143.30401,43.9792],[143.30404,43.97923],[143.30432,43.97948],[143.30464,43.97979],[143.30519,43.98033],[143.3077,43.98277],[143.30825,43.98325],[143.30875,43.98367],[143.3092,43.98402],[143.30966,43.98435],[143.31016,43.98468],[143.31068,43.98499],[143.31116,43.98525],[143.31177,43.98557],[143.31212,43.98574],[143.31555,43.98744],[143.31642,43.98788],[143.31685,43.98807],[143.31724,43.9882],[143.31765,43.98829],[143.31816,43.98836],[143.31908,43.98844],[143.32,43.98854],[143.32069,43.98863],[143.32114,43.98873],[143.32153,43.98884],[143.32178,43.98893],[143.32185,43.98895],[143.32197,43.98901],[143.32214,43.9891],[143.32233,43.98925],[143.3225,43.98942],[143.32285,43.98977],[143.32348,43.99048],[143.3244,43.99151],[143.32639,43.99369],[143.32663,43.99396],[143.32676,43.99414],[143.32685,43.99433],[143.32689,43.99453],[143.3269,43.9948],[143.32692,43.99523],[143.32696,43.99606],[143.32699,43.99657],[143.32707,43.99795],[143.32708,43.99816],[143.32709,43.99834],[143.32714,43.99857],[143.32719,43.99878],[143.32727,43.99903],[143.32739,43.99928],[143.3275,43.9995],[143.32767,43.99976],[143.32785,43.99998],[143.32809,44.00024],[143.32833,44.00047],[143.32909,44.00107],[143.32933,44.00125],[143.32954,44.00142],[143.33082,44.00241],[143.33235,44.00359],[143.33367,44.00461],[143.3352,44.00584]],[[142.76605,43.8492],[142.76492,43.85014]],[[143.94264,43.85164],[143.9432,43.85223],[143.94349,43.85253],[143.94372,43.85276],[143.94381,43.85285],[143.94395,43.85299],[143.94437,43.85343],[143.94455,43.85362],[143.94481,43.85385],[143.94502,43.85403],[143.94535,43.85429],[143.94563,43.85449],[143.94591,43.85467],[143.94621,43.85484],[143.94646,43.85497],[143.94679,43.85508],[143.94716,43.85519],[143.94743,43.85525],[143.94758,43.85527],[143.94799,43.85531],[143.9487,43.85535],[143.94926,43.85535],[143.94974,43.85533],[143.94988,43.85531],[143.95037,43.85523],[143.9506,43.85517],[143.95145,43.85492],[143.95258,43.85458],[143.95284,43.85451],[143.95339,43.85434],[143.95412,43.85412],[143.95495,43.85387],[143.95582,43.85364],[143.95618,43.85355],[143.95688,43.85342],[143.95728,43.85336],[143.95799,43.85329],[143.9582,43.85329],[143.95866,43.85329],[143.9588,43.85329],[143.95905,43.85331],[143.95939,43.85335],[143.9597,43.85339],[143.95996,43.85344],[143.96022,43.85352],[143.96046,43.85361],[143.96075,43.85374],[143.96095,43.85383],[143.96126,43.854],[143.96178,43.85434],[143.96219,43.85463],[143.96314,43.85533],[143.96368,43.85577],[143.96424,43.85627],[143.96449,43.85649],[143.96476,43.85677],[143.9652,43.85724],[143.96547,43.85754],[143.96593,43.85807],[143.96609,43.85828],[143.96625,43.85849],[143.96639,43.8587],[143.96657,43.85902],[143.96669,43.8592],[143.96683,43.85945],[143.96688,43.85958],[143.96691,43.85974],[143.96693,43.85989],[143.96695,43.86006],[143.96698,43.8605],[143.96705,43.8614],[143.9671,43.8622],[143.96711,43.86227],[143.96712,43.86249],[143.96715,43.86315],[143.96714,43.86343],[143.96711,43.86428],[143.96703,43.86497],[143.96698,43.86535],[143.96691,43.86569],[143.96685,43.86601],[143.96683,43.86617],[143.96682,43.86644],[143.96683,43.86665],[143.96686,43.86684],[143.96691,43.867],[143.96699,43.8672],[143.96727,43.86781],[143.96736,43.86805],[143.96739,43.86815],[143.96741,43.86832],[143.96744,43.86936],[143.96747,43.87039],[143.96747,43.8712],[143.96747,43.87123],[143.96744,43.87165],[143.96735,43.87234],[143.96735,43.87281],[143.96735,43.8731],[143.96738,43.87333],[143.96744,43.8736],[143.96766,43.87417],[143.96785,43.8746],[143.96825,43.87562],[143.9686,43.87651],[143.96871,43.87681],[143.96885,43.8771],[143.96897,43.87733],[143.96925,43.87773],[143.9694,43.87791],[143.96954,43.87805],[143.96965,43.87816],[143.96984,43.87831],[143.97015,43.87852],[143.97058,43.87877],[143.97077,43.87887],[143.97093,43.87894],[143.97112,43.879],[143.97135,43.87906],[143.97176,43.87913],[143.97222,43.87914],[143.97269,43.87912],[143.9731,43.87908],[143.97415,43.87894],[143.97484,43.87884],[143.97582,43.87871],[143.97732,43.87851],[143.97823,43.87842],[143.97893,43.87838],[143.97986,43.87833],[143.98114,43.87834],[143.98188,43.87835],[143.98243,43.87838],[143.98276,43.87842],[143.98317,43.87848],[143.98378,43.87861],[143.98413,43.87869],[143.98532,43.87901],[143.98574,43.87915],[143.98596,43.87922],[143.98673,43.87947],[143.9871,43.87961],[143.98741,43.87973],[143.988,43.88001],[143.9887,43.88034],[143.98956,43.88074],[143.99089,43.88129],[143.99221,43.88169],[143.99283,43.88182],[143.99326,43.88188],[143.99378,43.88192],[143.99462,43.88191],[143.99509,43.88187],[143.99523,43.88186],[143.99605,43.88174],[143.99637,43.88166],[143.99678,43.88155],[143.99709,43.88146],[143.99764,43.88125],[143.99906,43.88073]],[[143.93308,43.84169],[143.93387,43.8425],[143.93487,43.84356],[143.93528,43.84398],[143.93604,43.84476],[143.93706,43.84582],[143.93835,43.84717],[143.93884,43.84766],[143.93979,43.84867],[143.94017,43.84908],[143.94139,43.85033],[143.94167,43.85064],[143.9421,43.85109]],[[143.18177,43.8852],[143.18066,43.88434],[143.18002,43.88387]],[[142.51711,43.82611],[142.51716,43.82642],[142.51721,43.82678],[142.51732,43.8276],[142.51749,43.82869],[142.51766,43.82979],[142.51783,43.83099],[142.51798,43.83214],[142.51808,43.83268],[142.51846,43.83573],[142.51865,43.83696],[142.51898,43.83923],[142.51955,43.84311],[142.52028,43.84819],[142.52157,43.85714]],[[142.46648,43.78207],[142.46633,43.78199],[142.46605,43.78182],[142.4658,43.78169]],[[144.17162,43.91632],[144.16999,43.91561]],[[142.48745,43.80229],[142.48937,43.80388],[142.48993,43.80435],[142.49018,43.80456],[142.49195,43.80605],[142.49317,43.80703],[142.49392,43.8076],[142.49447,43.80797],[142.49549,43.80866],[142.49617,43.80906],[142.49652,43.8093],[142.49831,43.81033],[142.50068,43.81169],[142.5022,43.81258],[142.50228,43.81263],[142.50424,43.81377],[142.50617,43.81487],[142.50739,43.81559],[142.50919,43.81662],[142.51111,43.81772],[142.51131,43.81784],[142.51286,43.81875],[142.51356,43.81921],[142.51375,43.81931],[142.51414,43.81951],[142.51437,43.81968],[142.51481,43.81994],[142.51506,43.82013],[142.5153,43.82032],[142.51554,43.82056],[142.51574,43.82077],[142.51595,43.82103],[142.51611,43.82131],[142.51628,43.82157],[142.51639,43.82184],[142.51654,43.82234],[142.51664,43.82297],[142.51682,43.82413],[142.51695,43.82496]],[[143.57075,43.80392],[143.57161,43.80312]],[[143.14561,43.87661],[143.14305,43.87643]],[[143.89883,43.80615],[143.89954,43.80691],[143.90017,43.80757],[143.90069,43.80812],[143.90146,43.80893],[143.90275,43.81027],[143.90297,43.8105],[143.90585,43.81351],[143.90689,43.81459],[143.90979,43.81761],[143.91105,43.81893],[143.91256,43.82048],[143.91664,43.8247],[143.91668,43.82474]],[[143.75732,43.796],[143.75548,43.79583]],[[142.90195,43.86734],[142.90273,43.86756],[142.90331,43.86765],[142.90735,43.86781],[142.90813,43.86776]],[[144.00035,43.88027],[143.99906,43.88073]],[[143.54931,43.83951],[143.54874,43.83891],[143.54861,43.83876],[143.54847,43.83857],[143.54834,43.83834],[143.54822,43.83811],[143.54812,43.83788],[143.54798,43.83744],[143.54797,43.83628],[143.54801,43.83607],[143.54803,43.83595],[143.54806,43.83585],[143.5481,43.83577],[143.5482,43.83552],[143.54836,43.83526],[143.54848,43.83507],[143.54864,43.83487],[143.54877,43.83472],[143.54892,43.83458],[143.54913,43.83441],[143.54939,43.83422],[143.54964,43.83406],[143.54993,43.83389],[143.55016,43.83378],[143.55087,43.83341],[143.55125,43.83321],[143.55139,43.83313],[143.55176,43.83293],[143.55201,43.83277],[143.5523,43.83259],[143.55255,43.83241],[143.55279,43.83223],[143.55298,43.83207],[143.55317,43.83191],[143.55344,43.83164],[143.55368,43.83139],[143.554,43.83104],[143.55446,43.83048],[143.55485,43.82997],[143.55512,43.82961],[143.55523,43.82951],[143.55536,43.82937],[143.55565,43.82914],[143.55642,43.82856],[143.55669,43.82837],[143.55687,43.82823],[143.557,43.82811],[143.55708,43.82803],[143.55723,43.82785],[143.5574,43.82761],[143.55753,43.82741],[143.55768,43.82714],[143.5578,43.82688],[143.55801,43.82627],[143.55807,43.8261],[143.55817,43.82586],[143.55828,43.82566],[143.55846,43.82538],[143.55895,43.82479],[143.55902,43.82469],[143.55909,43.82456],[143.55916,43.82444],[143.55923,43.8243],[143.55931,43.82406],[143.55935,43.8238],[143.55947,43.82315],[143.5595,43.82296],[143.55957,43.82276],[143.55967,43.82248],[143.55976,43.82233],[143.55993,43.82207],[143.56008,43.8219],[143.56031,43.8217],[143.56053,43.82151],[143.56076,43.82135],[143.56094,43.82123],[143.56111,43.82115],[143.56131,43.82105],[143.5616,43.82095],[143.5626,43.82067],[143.56331,43.82049],[143.56413,43.8202],[143.56427,43.82014],[143.56444,43.82006],[143.56457,43.81998],[143.56465,43.81993],[143.56472,43.81988],[143.56488,43.81975],[143.56502,43.81961],[143.56514,43.81948],[143.56532,43.81925],[143.56575,43.81869],[143.5665,43.81771],[143.56742,43.81656],[143.56845,43.81525],[143.56862,43.815],[143.56873,43.81479],[143.56882,43.8146],[143.56889,43.81436],[143.56894,43.81413],[143.56896,43.81397],[143.56895,43.81382],[143.56893,43.81365],[143.56886,43.8134],[143.56871,43.81297],[143.56825,43.81203],[143.5682,43.81192],[143.56809,43.8117],[143.56798,43.81147],[143.5679,43.8112],[143.56785,43.81095],[143.56781,43.81064],[143.56775,43.80999],[143.56769,43.80847],[143.56768,43.8081],[143.56769,43.80769],[143.56773,43.80742],[143.56781,43.80708],[143.56788,43.80683],[143.56797,43.80665],[143.56813,43.8064],[143.56855,43.80597],[143.56966,43.80496],[143.57075,43.80392]],[[144.10656,43.83625],[144.10547,43.83712],[144.1047,43.83774]],[[143.14305,43.87643],[143.14223,43.87636],[143.14126,43.87627],[143.14036,43.87618],[143.13973,43.87612],[143.13928,43.87606],[143.13899,43.87602],[143.13874,43.87597],[143.1384,43.87588],[143.13778,43.87566],[143.13695,43.87532],[143.13658,43.87517],[143.13628,43.87507],[143.13595,43.87497],[143.13579,43.87493],[143.1356,43.87488],[143.13543,43.87485],[143.13526,43.87483],[143.13505,43.87481],[143.13439,43.87473],[143.13393,43.87471],[143.13352,43.87473],[143.13315,43.87477],[143.13274,43.87484],[143.13224,43.87494],[143.13192,43.87502],[143.13154,43.87513],[143.13125,43.87521],[143.13072,43.87536],[143.1287,43.87594],[143.12748,43.87628],[143.12726,43.87634],[143.12713,43.87638],[143.12623,43.87664],[143.12529,43.87689],[143.12447,43.87711],[143.12419,43.87719],[143.1239,43.87727],[143.12365,43.87735],[143.12333,43.87747],[143.12306,43.87758],[143.12245,43.87785],[143.12127,43.87835],[143.12112,43.87839],[143.12093,43.87845],[143.12037,43.87859],[143.11962,43.87874],[143.11894,43.87884],[143.11778,43.87897],[143.11739,43.879],[143.11694,43.87902],[143.11635,43.879],[143.11588,43.87898],[143.11545,43.87895],[143.11465,43.8789],[143.1138,43.87887],[143.11335,43.87889],[143.11295,43.87893],[143.11238,43.87903],[143.11175,43.87916],[143.11122,43.87922],[143.11071,43.87926],[143.11021,43.87926],[143.10981,43.87925],[143.1086,43.87916],[143.10598,43.87894],[143.10481,43.87885],[143.10369,43.87877],[143.10198,43.87862],[143.09991,43.87846],[143.09867,43.87836],[143.09805,43.87831],[143.09748,43.87827],[143.09712,43.87822],[143.09656,43.87811],[143.09618,43.87798],[143.09576,43.87778],[143.09545,43.8776],[143.09519,43.87742],[143.09466,43.87703],[143.0943,43.87682],[143.09398,43.87667],[143.09357,43.8765],[143.09099,43.87559],[143.08938,43.87503],[143.08874,43.87482],[143.08841,43.87475],[143.08797,43.87465],[143.0878,43.87461],[143.08727,43.87452],[143.08661,43.87445],[143.08591,43.87438],[143.08324,43.8742],[143.0811,43.87406],[143.08078,43.87402],[143.08044,43.87399],[143.07935,43.87388],[143.07817,43.87376],[143.07739,43.87364],[143.07702,43.87356],[143.0765,43.87343],[143.07616,43.87332],[143.07508,43.87286],[143.07435,43.87253],[143.07387,43.87231],[143.0731,43.87192],[143.07262,43.87168],[143.07231,43.87153],[143.0716,43.87118],[143.07128,43.87103],[143.07097,43.87091],[143.07066,43.8708],[143.07035,43.8707],[143.06878,43.87024],[143.06852,43.87017],[143.068,43.87003],[143.06785,43.87],[143.06769,43.86998],[143.06747,43.86996],[143.06674,43.86992],[143.0656,43.86987],[143.06534,43.86984],[143.06501,43.86978],[143.06467,43.86971],[143.06434,43.86961],[143.06406,43.8695],[143.06375,43.86934],[143.06307,43.86898],[143.06258,43.86877],[143.06207,43.8686],[143.06172,43.86853],[143.06133,43.86848],[143.06094,43.86847],[143.06027,43.86853],[143.05975,43.86863],[143.05935,43.86875],[143.05879,43.86898],[143.05833,43.86922],[143.05782,43.86964],[143.05768,43.86979],[143.05757,43.86991],[143.05717,43.87048],[143.05682,43.87099],[143.05668,43.87119],[143.05657,43.8714],[143.05623,43.87208],[143.05612,43.87231],[143.05576,43.87285],[143.05553,43.87309],[143.05541,43.87318],[143.05485,43.87358],[143.05448,43.87385],[143.05418,43.8741],[143.05399,43.87433],[143.0538,43.87461],[143.0535,43.87514],[143.05322,43.87558],[143.05301,43.87585],[143.05243,43.87657],[143.0524,43.8766],[143.05196,43.8771],[143.05175,43.87741],[143.05168,43.87756],[143.05154,43.87799],[143.05149,43.87825],[143.05145,43.87844],[143.05138,43.87906],[143.05102,43.88152],[143.05095,43.88182],[143.05086,43.88212],[143.05073,43.88242],[143.05057,43.8827],[143.05036,43.88301],[143.05,43.88348],[143.0497,43.88383],[143.04931,43.88418],[143.0491,43.88434],[143.04886,43.88447],[143.04846,43.88465],[143.04813,43.88477],[143.04736,43.88505],[143.04631,43.88537],[143.04549,43.88554],[143.04523,43.88559],[143.04511,43.8856],[143.04501,43.88561],[143.04411,43.88573],[143.03889,43.8863],[143.03403,43.88683],[143.03392,43.88684],[143.02984,43.8873],[143.02682,43.88763],[143.02401,43.88793],[143.02304,43.88804],[143.02243,43.88812],[143.02068,43.8883],[143.01879,43.88851],[143.01809,43.88858],[143.01694,43.8887],[143.014,43.88902],[143.01136,43.88931],[143.00996,43.88945],[143.00831,43.88964],[143.0071,43.88977],[143.00692,43.88979],[143.0056,43.88994],[143.00449,43.89006],[143.00364,43.89016],[143.0032,43.89021],[143.00192,43.89035],[143.00126,43.89042],[143.00061,43.8905],[142.99978,43.89059],[142.99874,43.89071],[142.99807,43.89079],[142.9973,43.89086],[142.99683,43.89087],[142.99658,43.89086],[142.99647,43.89085],[142.99638,43.89084],[142.99631,43.89082],[142.99622,43.8908],[142.99612,43.89077],[142.99543,43.89064],[142.99524,43.89059],[142.99499,43.89051],[142.99481,43.89044],[142.99446,43.8903],[142.99428,43.89021],[142.99383,43.89001],[142.99365,43.88992],[142.99335,43.88976],[142.993,43.88952],[142.99259,43.88914],[142.99176,43.88837],[142.99133,43.88802],[142.99107,43.88782],[142.9908,43.88765],[142.99046,43.88745],[142.99015,43.8873],[142.98969,43.8871],[142.98917,43.88691],[142.989,43.88684],[142.98866,43.88672],[142.98831,43.88662],[142.98794,43.88656],[142.9876,43.88652],[142.98715,43.88649],[142.98651,43.88651],[142.98594,43.88659],[142.98537,43.88667],[142.98503,43.88672],[142.9846,43.88674],[142.98388,43.8867],[142.98311,43.88664],[142.98294,43.88662],[142.98264,43.88661],[142.98224,43.88662],[142.98191,43.88664],[142.98167,43.88667],[142.98128,43.88673],[142.98081,43.88687],[142.98046,43.88701],[142.98011,43.88719],[142.97975,43.88739],[142.97931,43.88767],[142.97915,43.88777],[142.97883,43.88795],[142.97848,43.8881],[142.97826,43.88819],[142.97801,43.88826],[142.97711,43.88851],[142.97689,43.88856],[142.97658,43.88863],[142.97609,43.88873],[142.9756,43.88879],[142.97512,43.88883],[142.9744,43.88883],[142.97398,43.88883],[142.97252,43.88883],[142.97165,43.88883],[142.9712,43.88881],[142.97077,43.88875],[142.97041,43.88865],[142.97002,43.88851],[142.96933,43.88821],[142.96859,43.88788],[142.96809,43.88771],[142.96774,43.88764],[142.96714,43.88752],[142.96671,43.88744],[142.96638,43.88737],[142.96598,43.88728],[142.9653,43.88707],[142.96474,43.88686],[142.96429,43.8867],[142.96389,43.88652],[142.96277,43.88598],[142.9608,43.88498],[142.96044,43.88481],[142.96006,43.88465],[142.95986,43.88458],[142.95956,43.88452],[142.95925,43.88449],[142.95886,43.88448],[142.95785,43.88451],[142.95725,43.88453],[142.95675,43.88452],[142.95633,43.88449],[142.95597,43.88444],[142.95579,43.88439],[142.9553,43.88422],[142.95474,43.884],[142.95446,43.88385],[142.95405,43.88364],[142.95379,43.88354],[142.95333,43.88339],[142.95292,43.88328],[142.9521,43.88314],[142.95,43.88279],[142.94855,43.88258],[142.94803,43.8825],[142.94764,43.88244],[142.94713,43.88232],[142.94683,43.88225],[142.94654,43.88215],[142.94605,43.88197],[142.94552,43.88174],[142.94518,43.8816],[142.94444,43.88126],[142.94383,43.88099],[142.94334,43.88074],[142.94315,43.88065],[142.94296,43.88054],[142.94279,43.88041],[142.94258,43.88021],[142.94251,43.88014],[142.942,43.8796],[142.94181,43.87937],[142.94164,43.87918],[142.94141,43.87894],[142.94111,43.8787],[142.94078,43.87844],[142.94052,43.87828],[142.94024,43.87811],[142.93978,43.87787],[142.93882,43.87743],[142.93799,43.8771],[142.93737,43.87681],[142.93706,43.87668],[142.93677,43.87658],[142.93644,43.8765],[142.93564,43.87634],[142.93459,43.87615],[142.93427,43.87608],[142.93395,43.87601],[142.93365,43.8759],[142.93337,43.8758],[142.9332,43.87571],[142.93316,43.87569],[142.93299,43.87561],[142.93269,43.8754],[142.93246,43.87523],[142.93218,43.875],[142.93191,43.87471],[142.93165,43.87448],[142.93134,43.8742],[142.93109,43.87402],[142.93074,43.87381],[142.93037,43.87363],[142.93002,43.87352],[142.92967,43.87343],[142.92931,43.87338],[142.92875,43.87335],[142.92804,43.87333],[142.927,43.87327],[142.92658,43.87326],[142.92628,43.87323],[142.926,43.87318],[142.92577,43.87314],[142.92544,43.87304],[142.92508,43.87292],[142.92486,43.87281],[142.92461,43.87264],[142.92436,43.87248],[142.92405,43.87232],[142.92374,43.87219],[142.92354,43.87213],[142.92348,43.87211],[142.92327,43.87205],[142.92293,43.87198],[142.92252,43.87192],[142.92191,43.87186],[142.92168,43.87184],[142.92119,43.87182],[142.92057,43.8718],[142.92006,43.87179],[142.91956,43.87176],[142.919,43.8717],[142.91831,43.8716],[142.91809,43.87156],[142.91756,43.87146],[142.91699,43.87131],[142.9163,43.87108],[142.91576,43.87089],[142.9146,43.87054],[142.91408,43.87036],[142.91366,43.87021],[142.91304,43.86996],[142.9125,43.86971],[142.91188,43.86938],[142.91132,43.86904],[142.91086,43.86877],[142.91012,43.8684],[142.90964,43.86816],[142.90937,43.86804],[142.90907,43.86795],[142.90859,43.86785],[142.90813,43.86776]],[[142.38709,43.78406],[142.38667,43.78349],[142.38577,43.78198],[142.38506,43.78075]],[[144.14864,43.88024],[144.14794,43.87981]],[[143.51854,44.05708],[143.51838,44.05677],[143.51829,44.05656],[143.51822,44.05634],[143.51818,44.05615],[143.51813,44.05593],[143.5181,44.0557],[143.51809,44.05542],[143.5181,44.05513],[143.51814,44.05452],[143.51819,44.054],[143.51821,44.05385],[143.51824,44.05369],[143.51831,44.05344],[143.51839,44.05321],[143.51887,44.05206],[143.51912,44.05149],[143.51935,44.05103],[143.51954,44.05065],[143.51971,44.0503],[143.52004,44.04962],[143.52035,44.04892],[143.52086,44.04765],[143.52094,44.04739],[143.52101,44.04712],[143.52107,44.04684],[143.5211,44.04663],[143.52111,44.04637],[143.52111,44.04608],[143.52106,44.04576],[143.52099,44.04537],[143.52091,44.04504],[143.52082,44.04479],[143.52069,44.0445],[143.52052,44.04417],[143.52037,44.04395],[143.52017,44.04367],[143.52,44.04348],[143.51976,44.04323],[143.51952,44.04303],[143.51915,44.04276],[143.5185,44.0423],[143.51839,44.04222],[143.51791,44.04188],[143.51672,44.04104],[143.51553,44.04023],[143.51535,44.04009],[143.51517,44.03994],[143.51498,44.03976],[143.51476,44.03953],[143.51451,44.03925],[143.51437,44.03905],[143.51417,44.03875],[143.51408,44.03859],[143.51402,44.03847],[143.51393,44.03827],[143.51384,44.03806],[143.51376,44.03785],[143.51372,44.0377],[143.51368,44.0375],[143.51364,44.0373],[143.51361,44.03703],[143.51359,44.03673],[143.51358,44.03641],[143.51359,44.03618],[143.51361,44.03598],[143.51364,44.03581],[143.51367,44.03561],[143.51372,44.03543],[143.51379,44.03523],[143.51388,44.03501],[143.51399,44.03475],[143.51415,44.03448],[143.51443,44.03398],[143.51497,44.03308],[143.51546,44.03225],[143.51598,44.03141],[143.51714,44.02948],[143.51737,44.02911],[143.51839,44.02741],[143.52008,44.02456],[143.52057,44.02377],[143.522,44.02138],[143.5223,44.0209],[143.52373,44.01854],[143.52398,44.01812],[143.52405,44.01801],[143.52456,44.01716],[143.52651,44.01389],[143.52848,44.01065],[143.52892,44.00991],[143.52972,44.00861],[143.53096,44.00655],[143.53224,44.00442],[143.53271,44.00364],[143.53281,44.00344],[143.53292,44.0032],[143.53304,44.00289],[143.53322,44.00242],[143.5333,44.00218],[143.53345,44.00172],[143.53363,44.00102],[143.53568,43.99369]],[[142.40818,43.78071],[142.40692,43.78116],[142.40536,43.78172],[142.40276,43.78265],[142.39971,43.78376],[142.39861,43.78417],[142.39678,43.78481],[142.39641,43.78494],[142.39398,43.78578],[142.39366,43.78585],[142.39301,43.78596],[142.39231,43.78598],[142.39146,43.78594],[142.39066,43.78581],[142.38994,43.78565],[142.38952,43.78552],[142.38919,43.78541],[142.38866,43.78516],[142.38813,43.78485],[142.38781,43.78461],[142.38762,43.78447],[142.38735,43.78426],[142.38709,43.78406]],[[144.21891,43.96492],[144.219,43.96265]],[[143.51854,44.05708],[143.51916,44.05801],[143.5202,44.05957]],[[142.4426,43.77681],[142.44037,43.7764]],[[144.14794,43.87981],[144.14754,43.87956],[144.14733,43.87944],[144.14715,43.87934],[144.14616,43.8788],[144.14579,43.8786],[144.14559,43.87848],[144.14543,43.87838],[144.14528,43.87828],[144.14502,43.87809],[144.1448,43.87792],[144.14461,43.87777],[144.14443,43.87761],[144.14428,43.87747],[144.14404,43.87722],[144.14377,43.87697],[144.14362,43.87682],[144.14351,43.8767],[144.14343,43.87659],[144.14333,43.87644],[144.14247,43.87519],[144.14019,43.87178],[144.14002,43.87151],[144.13998,43.87144],[144.13993,43.87135],[144.13984,43.87119],[144.13978,43.87106],[144.13972,43.87092],[144.13968,43.87079],[144.13965,43.87065],[144.13963,43.87047],[144.13963,43.8703],[144.13963,43.87011],[144.13964,43.86995],[144.13967,43.86976],[144.13973,43.86933],[144.13976,43.86912],[144.13977,43.86894],[144.13978,43.86874],[144.13978,43.86804],[144.13978,43.86778],[144.13978,43.86774],[144.13976,43.86757],[144.13974,43.86736],[144.13969,43.8671],[144.13962,43.86685],[144.13956,43.86661],[144.13948,43.8664],[144.13937,43.86615],[144.13925,43.8659],[144.13915,43.86569],[144.13904,43.86551],[144.13891,43.86531],[144.13878,43.86512],[144.13862,43.86492],[144.13846,43.86473],[144.1383,43.86456],[144.13816,43.86442],[144.13797,43.86424],[144.13775,43.86405],[144.13755,43.86389],[144.13731,43.86371],[144.13707,43.86354],[144.13666,43.86324],[144.13644,43.86308],[144.13621,43.8629],[144.13595,43.86268],[144.13578,43.86253],[144.13564,43.86239],[144.13551,43.86227],[144.13535,43.86207],[144.13525,43.86194],[144.13518,43.86183],[144.13512,43.86173],[144.13508,43.86164],[144.13504,43.86152],[144.13496,43.8613],[144.13453,43.86013],[144.13407,43.85889],[144.13364,43.85761],[144.13357,43.85742],[144.13352,43.85724],[144.13347,43.85705],[144.13343,43.85683],[144.13341,43.85661],[144.1334,43.85638],[144.13339,43.85617],[144.1334,43.85598],[144.13342,43.85583],[144.13345,43.85566],[144.13354,43.85535],[144.13378,43.85433],[144.13382,43.85416],[144.13385,43.85401],[144.13386,43.85382],[144.13386,43.85358],[144.13384,43.85337],[144.13381,43.85319],[144.13378,43.85304],[144.13375,43.85293],[144.1337,43.85283],[144.13361,43.85266],[144.13349,43.85244],[144.13339,43.85227],[144.13323,43.85203],[144.1329,43.85153],[144.13285,43.85145],[144.13274,43.85129],[144.13258,43.85103],[144.13247,43.85084],[144.1323,43.85055],[144.13214,43.85026],[144.13201,43.84999],[144.13191,43.84978],[144.13179,43.84951],[144.13168,43.84922],[144.1316,43.84899],[144.13153,43.84879],[144.13147,43.84857],[144.13138,43.84816],[144.13093,43.84625],[144.13084,43.84592],[144.13073,43.84563],[144.13061,43.84537],[144.13049,43.84514],[144.13035,43.84491],[144.13021,43.8447],[144.13007,43.8445],[144.1299,43.8443],[144.12971,43.84407],[144.12955,43.8439],[144.12938,43.84373],[144.12916,43.84353],[144.1288,43.84321],[144.12879,43.8432],[144.12552,43.84057],[144.12193,43.83759],[144.12104,43.83678],[144.1206,43.83644],[144.12013,43.83605],[144.11981,43.83578],[144.11934,43.8354],[144.11844,43.8347],[144.11786,43.83425],[144.11703,43.83357],[144.11691,43.83347],[144.11678,43.83338],[144.1166,43.83327],[144.11654,43.83324],[144.11624,43.83308],[144.11594,43.83294],[144.11569,43.83283],[144.11548,43.83276],[144.11511,43.83266],[144.1149,43.83261],[144.11469,43.83256],[144.11444,43.83252],[144.11415,43.83249],[144.11382,43.83246],[144.11303,43.83245],[144.11273,43.83248],[144.11247,43.83251],[144.11225,43.83255],[144.11194,43.83262],[144.11162,43.8327],[144.11141,43.83277],[144.11103,43.83292],[144.11067,43.83308],[144.11042,43.83321],[144.11015,43.83339],[144.10991,43.83356],[144.10888,43.83438],[144.10742,43.83554],[144.10712,43.83578],[144.10656,43.83625]],[[143.3352,44.00584],[143.33642,44.0068]],[[143.91668,43.82474],[143.91723,43.8253]],[[142.76492,43.85014],[142.76504,43.84992],[142.76519,43.84967],[142.76539,43.84945],[142.76554,43.84932],[142.76726,43.84778],[142.76745,43.84769],[142.76774,43.84757],[142.76801,43.84745]],[[144.25296,44.01973],[144.2554,44.0201]],[[143.54812,43.83788],[143.54793,43.83749],[143.5479,43.83709],[143.54788,43.83675],[143.54778,43.83601]],[[143.27673,43.94484],[143.27558,43.94431]],[[143.27558,43.94431],[143.27488,43.944],[143.27406,43.94361],[143.27323,43.94313],[143.27233,43.94264],[143.27049,43.94169],[143.26956,43.94122],[143.26873,43.94076],[143.2683,43.94051],[143.268,43.94032],[143.26772,43.9401],[143.2676,43.93999],[143.26749,43.93989],[143.2673,43.93965],[143.26712,43.9394],[143.26695,43.9391],[143.26683,43.93887],[143.26658,43.93839],[143.26643,43.93814],[143.26626,43.93793],[143.26603,43.93768],[143.26588,43.93755],[143.26567,43.9374],[143.26538,43.93724],[143.26503,43.93708],[143.26471,43.93697],[143.26434,43.93687],[143.26383,43.93676],[143.26296,43.9366],[143.2622,43.93647],[143.26177,43.93638],[143.26152,43.93632],[143.26123,43.93622],[143.26103,43.93614],[143.26087,43.93605],[143.26067,43.93594],[143.26047,43.93581],[143.26015,43.93559],[143.25963,43.93519],[143.25943,43.93503],[143.25921,43.93487],[143.25913,43.93481],[143.25897,43.93472],[143.25877,43.93461],[143.25842,43.93446],[143.25802,43.93431],[143.25764,43.93419],[143.25725,43.93408],[143.25679,43.93397],[143.25592,43.93378],[143.25509,43.9336],[143.25433,43.93344],[143.25393,43.93334],[143.25343,43.93323],[143.25306,43.93313],[143.25262,43.93301],[143.25231,43.9329],[143.25202,43.93277],[143.25174,43.93264],[143.25109,43.93231],[143.2461,43.92976],[143.24577,43.92959],[143.24505,43.92926],[143.24453,43.92899],[143.2442,43.92879],[143.24392,43.92862],[143.24355,43.92835],[143.24333,43.92815],[143.2431,43.92794],[143.24284,43.92764],[143.24251,43.92725],[143.24228,43.92694],[143.24215,43.92674],[143.24199,43.92649],[143.24156,43.92573],[143.24101,43.92474],[143.24053,43.92391],[143.24042,43.92371],[143.24024,43.92338],[143.24008,43.92311],[143.23996,43.92293],[143.23977,43.92263],[143.23962,43.92243],[143.23917,43.92197],[143.23892,43.92171],[143.23868,43.9215],[143.23828,43.92115],[143.23778,43.92074],[143.23706,43.92015]],[[143.84108,43.80312],[143.83904,43.80303],[143.83713,43.80295],[143.83564,43.80294],[143.83431,43.80309],[143.8333,43.80325],[143.8327,43.80334],[143.83033,43.80378],[143.82825,43.80417],[143.82627,43.80454],[143.82407,43.80497],[143.82376,43.80503],[143.8225,43.80528],[143.8218,43.8054],[143.82097,43.80556],[143.82078,43.80559],[143.8201,43.8057],[143.81974,43.80575],[143.81949,43.80578],[143.81926,43.8058],[143.81858,43.80583],[143.81793,43.80586],[143.81684,43.80587],[143.81598,43.80584],[143.81569,43.80582],[143.81537,43.8058],[143.81298,43.80566],[143.81161,43.80557],[143.80993,43.80547]]]},"properties":{"index":1,"operator_id":"jr_hokkaido","operator_name":"北海道旅客鉄道","line_name":"石北線","component_count":3,"track_centerline_count":88,"color":"#E63946","bbox":[142.38445,43.77443,144.2554,44.06099],"label":"1. 北海道旅客鉄道 / 石北線"}},{"type":"Feature","id":"CONTINUITY_02","geometry":{"type":"MultiLineString","coordinates":[[[138.18992,36.64416],[138.18778,36.64276]],[[138.33915,37.23357],[138.33877,37.23325],[138.33828,37.23284],[138.33761,37.23229],[138.33725,37.23198],[138.33699,37.23176],[138.3367,37.23152],[138.33621,37.23109],[138.33573,37.23069],[138.33556,37.23054],[138.33529,37.2303],[138.33478,37.22988],[138.33457,37.2297],[138.33434,37.2295],[138.33406,37.22927],[138.33382,37.22907],[138.33354,37.22883],[138.33338,37.2287],[138.33289,37.22829],[138.33245,37.22792],[138.33194,37.2275],[138.33175,37.22734],[138.33142,37.22708],[138.33123,37.22694],[138.33083,37.22666],[138.33048,37.22641],[138.33011,37.22616],[138.3297,37.22587],[138.32929,37.22559],[138.32896,37.22535],[138.32854,37.22505],[138.32817,37.22482],[138.32766,37.22451],[138.32718,37.22422],[138.32665,37.2239],[138.32617,37.22361],[138.32562,37.22327],[138.32514,37.22298]],[[139.06037,37.69285],[139.06102,37.69444]],[[138.97066,37.62757],[138.96904,37.62717],[138.96872,37.6271],[138.9684,37.62702],[138.9673,37.62676],[138.96725,37.62675],[138.96675,37.62663],[138.96641,37.62655],[138.96558,37.62634],[138.96535,37.62629],[138.96442,37.62605],[138.96403,37.62592],[138.96358,37.62573],[138.96341,37.62564],[138.96327,37.62557],[138.96313,37.62548],[138.96303,37.62542],[138.96252,37.62508],[138.96213,37.62477],[138.96191,37.62449],[138.96173,37.62417],[138.96159,37.62381],[138.96143,37.62325],[138.96112,37.6221]],[[138.36106,37.25188],[138.36057,37.25148],[138.36016,37.25114],[138.35971,37.25077],[138.35923,37.25037],[138.35872,37.24995],[138.35826,37.24955],[138.35786,37.24922],[138.3578,37.24917],[138.35729,37.24875],[138.35684,37.24837],[138.35634,37.24795],[138.35589,37.24757],[138.35539,37.24716],[138.35489,37.24674],[138.35443,37.24635],[138.35399,37.24598],[138.35348,37.24556],[138.35304,37.24519],[138.35254,37.24477],[138.35207,37.24439],[138.35157,37.24397],[138.35111,37.24359],[138.35063,37.24318],[138.35016,37.24279],[138.35012,37.24276],[138.34967,37.24238],[138.3492,37.24199],[138.3487,37.24158],[138.34838,37.2413],[138.34825,37.24119],[138.34774,37.24076],[138.3473,37.24039],[138.34679,37.23996],[138.34634,37.23959],[138.34583,37.23917],[138.34538,37.23879],[138.34489,37.23838],[138.34443,37.23799],[138.34393,37.23757],[138.34347,37.23718],[138.34298,37.23677],[138.34251,37.23638],[138.34237,37.23626],[138.34201,37.23597],[138.34155,37.2356],[138.34105,37.23518],[138.34065,37.23484]],[[138.90411,37.53908],[138.90325,37.53792]],[[138.86285,37.46995],[138.86199,37.4677]],[[138.92802,37.57222],[138.92787,37.57203],[138.92716,37.57107],[138.9257,37.56911],[138.9243,37.56725],[138.92281,37.56519],[138.92217,37.5643],[138.92137,37.56318],[138.91995,37.56117],[138.91851,37.55916],[138.91767,37.55799],[138.91707,37.55716],[138.91563,37.55515],[138.91416,37.55314],[138.91271,37.55113],[138.91205,37.55022],[138.91125,37.54913],[138.90977,37.54711],[138.90838,37.5452],[138.90689,37.54318],[138.90658,37.54275],[138.90638,37.54247]],[[139.1212,37.80168],[139.12121,37.80204],[139.1212,37.80363],[139.12119,37.80387],[139.12119,37.80463]],[[138.85473,37.44968],[138.85322,37.44585]],[[138.84868,36.29835],[138.84832,36.29835],[138.84636,36.29833],[138.84521,36.29829],[138.84437,36.29827],[138.84355,36.29818],[138.84241,36.298],[138.84073,36.2977],[138.83977,36.29754],[138.83849,36.29732],[138.83836,36.29729],[138.83744,36.29714],[138.8356,36.29683],[138.83425,36.29661],[138.83414,36.29659],[138.83355,36.29649],[138.83258,36.29634],[138.8321,36.29627],[138.83166,36.29625],[138.8313,36.29626],[138.83081,36.2963],[138.83015,36.29639],[138.82947,36.29649],[138.82845,36.29664],[138.82732,36.29681],[138.82701,36.29686],[138.82574,36.29705],[138.82459,36.29723],[138.82351,36.29739],[138.82267,36.29752],[138.82193,36.29763],[138.82128,36.29775],[138.82082,36.29785],[138.82032,36.298],[138.81985,36.29815],[138.81954,36.29825],[138.81903,36.29844],[138.81854,36.29865],[138.81812,36.29885],[138.81757,36.29913],[138.81692,36.29942],[138.81684,36.29946],[138.81633,36.29972],[138.81537,36.30016],[138.81475,36.30048],[138.81374,36.30097],[138.81285,36.30141],[138.81048,36.30284],[138.80968,36.30331],[138.80909,36.30367],[138.80801,36.30428],[138.80786,36.30435],[138.80765,36.30446],[138.80763,36.30447],[138.80739,36.30458],[138.80704,36.30472],[138.80649,36.30492],[138.80508,36.30544],[138.80415,36.30577],[138.8034,36.30605],[138.80171,36.30673],[138.80136,36.3069],[138.80104,36.30705],[138.80083,36.30715],[138.80062,36.30726],[138.80007,36.3076],[138.79938,36.30804],[138.79863,36.30852],[138.79805,36.3089]],[[139.08592,37.90449],[139.08612,37.90418],[139.08657,37.90355]],[[138.48552,37.34587],[138.48542,37.34584],[138.48458,37.34545],[138.48447,37.34539],[138.484,37.34517],[138.48348,37.34493],[138.48115,37.34383],[138.48012,37.34333],[138.47994,37.34325],[138.47921,37.3429],[138.47858,37.34254],[138.47819,37.3423],[138.47802,37.34217],[138.47754,37.34175],[138.47715,37.34144],[138.47677,37.34114],[138.47626,37.34081],[138.47533,37.34023],[138.47312,37.33887],[138.47284,37.3387],[138.46969,37.33676],[138.46928,37.3365],[138.46908,37.3364],[138.46906,37.33635],[138.46897,37.33629],[138.46872,37.33621],[138.46825,37.33603]],[[139.04815,37.65791],[139.04776,37.65743],[139.04727,37.65693],[139.04691,37.65665],[139.04655,37.65642],[139.04605,37.65614],[139.04558,37.65594],[139.04509,37.65577],[139.04286,37.65498],[139.04187,37.65464],[139.04114,37.65431],[139.04059,37.65405],[139.04024,37.65386],[139.03979,37.65358],[139.03963,37.65347],[139.03943,37.65333],[139.03838,37.65247],[139.03823,37.65234],[139.03315,37.64825],[139.03127,37.64672],[139.03051,37.64612],[139.03043,37.64605],[139.03016,37.64585],[139.02987,37.6457],[139.02859,37.64514],[139.02523,37.64372],[139.02458,37.64344],[139.01537,37.63959]],[[138.83528,37.41594],[138.83546,37.41616],[138.83572,37.4165],[138.83591,37.41674],[138.83615,37.41704],[138.83625,37.41717],[138.8373,37.41846],[138.83763,37.41889]],[[139.08217,37.9073],[139.08259,37.90683],[139.08284,37.90659],[139.08346,37.9061],[139.084,37.90562],[139.08579,37.90418],[139.08657,37.90355]],[[138.46623,37.33557],[138.46567,37.33555],[138.465,37.33552],[138.4647,37.3355],[138.46456,37.33549],[138.46411,37.33547],[138.46385,37.33545],[138.4636,37.33542],[138.46337,37.33538],[138.46322,37.33535],[138.46317,37.33532],[138.46307,37.3353],[138.46284,37.33522],[138.46261,37.33513],[138.46246,37.33508],[138.46236,37.33503],[138.46225,37.33496],[138.46212,37.3349],[138.46203,37.33483],[138.46171,37.3346],[138.46163,37.33453],[138.46141,37.33434],[138.46119,37.33414],[138.46048,37.33354],[138.46022,37.33331],[138.45999,37.3331],[138.45993,37.33305],[138.45985,37.33297],[138.45968,37.33283],[138.45946,37.33263],[138.4591,37.33231],[138.45893,37.33216],[138.45877,37.33204],[138.45834,37.33166],[138.45828,37.33161],[138.45819,37.33153],[138.45804,37.3314],[138.45789,37.33127],[138.45767,37.33107],[138.45744,37.33088],[138.4571,37.33058],[138.45661,37.33012],[138.45639,37.32994],[138.45628,37.32984],[138.45619,37.32977],[138.456,37.32959],[138.45586,37.32948],[138.45543,37.32909],[138.45536,37.32903],[138.45522,37.32892],[138.45503,37.3287],[138.45484,37.32857],[138.45456,37.32833],[138.45395,37.32778],[138.45355,37.32743],[138.45324,37.32718],[138.45291,37.32687],[138.45247,37.32649],[138.45223,37.3263],[138.45172,37.32586],[138.45153,37.3257],[138.4514,37.3256],[138.45137,37.32557],[138.45127,37.32548],[138.45116,37.32538],[138.45108,37.32529],[138.45098,37.3252],[138.45093,37.32516],[138.45071,37.32496],[138.45054,37.32481],[138.4502,37.32449],[138.44995,37.32426],[138.44981,37.32414],[138.44936,37.32371],[138.44902,37.3235],[138.44879,37.32337],[138.44868,37.32332],[138.44844,37.32321],[138.44824,37.32313],[138.44769,37.32296],[138.44745,37.32291],[138.44715,37.32285],[138.44683,37.32278],[138.44659,37.32274],[138.44647,37.32273],[138.44609,37.32272],[138.44505,37.32281],[138.44455,37.32285],[138.44432,37.32286],[138.44382,37.32288],[138.44336,37.32291],[138.44273,37.32294],[138.44111,37.32305],[138.44074,37.32306],[138.44052,37.32307],[138.44022,37.32309],[138.43979,37.3231],[138.43953,37.3231],[138.43936,37.3231],[138.4392,37.32307],[138.43898,37.32302],[138.43884,37.32297],[138.43869,37.3229],[138.43843,37.32277],[138.43806,37.32257],[138.43794,37.3225],[138.4377,37.32236],[138.43731,37.32211],[138.43707,37.32192],[138.43682,37.32172],[138.43668,37.32161],[138.43645,37.32135],[138.43589,37.32077],[138.43529,37.32014],[138.43481,37.31965],[138.43452,37.31934],[138.43415,37.31901],[138.43384,37.31875],[138.43329,37.3183],[138.43235,37.31754]],[[138.82054,37.39757],[138.82078,37.39789],[138.82101,37.39817],[138.82124,37.39845],[138.82206,37.39948],[138.82339,37.40115]],[[138.30925,37.21289],[138.30986,37.21326],[138.31048,37.21364],[138.3111,37.21403],[138.31172,37.21442],[138.31234,37.21481],[138.31296,37.2152],[138.3135,37.21553],[138.31405,37.21589],[138.3146,37.21624],[138.31625,37.2173],[138.31681,37.21765]],[[138.85067,36.29839],[138.8515,36.29841],[138.85196,36.29842],[138.85273,36.29844],[138.8552,36.29849],[138.85601,36.29852],[138.85642,36.29856],[138.85719,36.29869],[138.85816,36.29897],[138.8587,36.29916],[138.85941,36.29941],[138.86131,36.30011],[138.86215,36.30041],[138.86254,36.30056],[138.86321,36.3008],[138.86392,36.30107],[138.8642,36.30117],[138.86599,36.3018],[138.86688,36.30213],[138.86755,36.30241],[138.86862,36.30292],[138.86906,36.30316],[138.86965,36.30351],[138.87087,36.30432],[138.87144,36.30469],[138.87183,36.30497],[138.87264,36.30554],[138.87463,36.30691],[138.87635,36.30814],[138.87739,36.30886],[138.87801,36.30928],[138.87958,36.31036],[138.88191,36.31192],[138.8838,36.31315],[138.88585,36.31452],[138.88659,36.31499],[138.88694,36.3152],[138.88849,36.31622],[138.89073,36.31765],[138.89283,36.31899],[138.89391,36.3197],[138.89529,36.32057],[138.89563,36.32079],[138.89739,36.32193],[138.89866,36.32276],[138.90037,36.32387],[138.90183,36.32495],[138.90296,36.32582],[138.90373,36.32641],[138.90374,36.32642],[138.90463,36.3271],[138.90578,36.32797],[138.90693,36.32885],[138.90789,36.32958],[138.90865,36.33016],[138.90922,36.33059],[138.90965,36.33089],[138.91017,36.33119],[138.91056,36.33135],[138.91111,36.33152],[138.91143,36.33157],[138.91184,36.33163],[138.91243,36.33165],[138.91339,36.33163]],[[138.97848,36.33885],[138.98001,36.3392],[138.98065,36.33934],[138.98112,36.33945],[138.98148,36.33954],[138.9819,36.33963],[138.98261,36.33979],[138.98335,36.33997],[138.98363,36.34003],[138.98389,36.34009],[138.98412,36.34012],[138.98445,36.34014],[138.98481,36.34014],[138.98544,36.34015],[138.986,36.34014]],[[139.07402,37.71817],[139.07512,37.71988]],[[138.14495,36.59454],[138.1438,36.59163],[138.14325,36.59021],[138.14283,36.58908],[138.14226,36.58765],[138.14177,36.58643],[138.14074,36.58387],[138.1403,36.58277],[138.1398,36.58144],[138.13936,36.58034],[138.13861,36.5784]],[[138.3623,37.25288],[138.36106,37.25188]],[[138.94222,37.59202],[138.94184,37.59149],[138.94009,37.58907],[138.93809,37.58633],[138.93715,37.585],[138.93571,37.58304],[138.93467,37.58158],[138.93428,37.58104],[138.93286,37.57906],[138.93144,37.57707],[138.93105,37.57653],[138.93002,37.57506],[138.9291,37.57379]],[[139.04976,37.65978],[139.04815,37.65791]],[[139.12122,37.79892],[139.1212,37.80168]],[[138.85067,36.29839],[138.84868,36.29835]],[[138.82441,37.40238],[138.82461,37.40261],[138.82626,37.40469],[138.82648,37.40497],[138.82716,37.40582],[138.82843,37.4074],[138.82923,37.40839],[138.82971,37.40898],[138.83098,37.41057],[138.83226,37.41215],[138.83275,37.4128],[138.83377,37.41408],[138.83405,37.41443],[138.83484,37.4154],[138.83528,37.41594]],[[138.66227,37.3574],[138.66018,37.35732]],[[139.11145,37.83348],[139.11132,37.83406],[139.1111,37.83511],[139.11086,37.8363],[139.11066,37.83729],[139.11047,37.8383],[139.11043,37.83874],[139.11042,37.83895],[139.11042,37.83907],[139.11061,37.84106],[139.11069,37.84187],[139.11075,37.84244],[139.11087,37.84378],[139.1109,37.84416],[139.11112,37.84662],[139.11143,37.85025],[139.11154,37.85143],[139.11175,37.85365],[139.11207,37.8571],[139.11216,37.8583],[139.11233,37.86046],[139.11258,37.86341],[139.11276,37.86587],[139.11287,37.86725],[139.11287,37.86729],[139.11285,37.86783],[139.1128,37.86822],[139.11272,37.86861],[139.11263,37.8689],[139.11252,37.86927],[139.11238,37.86963],[139.11208,37.8702],[139.1113,37.87162],[139.10957,37.87479],[139.10944,37.87501],[139.10905,37.87569]],[[138.2436,37.17106],[138.24461,37.17165],[138.24569,37.1723],[138.24603,37.1725],[138.24619,37.17259],[138.24635,37.17267],[138.24655,37.17275],[138.24673,37.17282]],[[138.81286,37.39488],[138.8142,37.39491],[138.81475,37.39494],[138.81507,37.39496],[138.8153,37.39498],[138.81532,37.39499],[138.81548,37.39501],[138.81635,37.39514],[138.8166,37.3952],[138.81705,37.39533],[138.81723,37.39539],[138.8175,37.39548],[138.81752,37.39549],[138.81798,37.39569],[138.81831,37.39584],[138.81859,37.39602],[138.81925,37.39656],[138.81975,37.39693],[138.81981,37.39698],[138.82054,37.39757]],[[138.30433,37.2097],[138.30559,37.2105]],[[138.73647,36.33604],[138.7365,36.33613]],[[138.43235,37.31754],[138.43234,37.31754],[138.43058,37.31618],[138.43057,37.31617]],[[139.09614,37.89581],[139.09481,37.89692]],[[138.61173,37.34147],[138.6126,37.34078]],[[138.91339,36.33163],[138.91558,36.33168]],[[139.00117,36.33889],[139.00053,36.33907],[139.00024,36.33916],[138.99905,36.3395],[138.99881,36.33957],[138.99852,36.33966],[138.99823,36.33973],[138.99802,36.33976],[138.99779,36.33979],[138.99728,36.33985],[138.99682,36.33985],[138.99609,36.33987],[138.99354,36.33993],[138.99283,36.33996],[138.99159,36.33999],[138.9904,36.34003],[138.98934,36.34005],[138.98909,36.34005],[138.98773,36.34009],[138.98734,36.34009],[138.98676,36.34011],[138.98656,36.34012],[138.9862,36.34013],[138.986,36.34014]],[[138.24673,37.17282],[138.24686,37.17292],[138.24721,37.17314],[138.24743,37.17326],[138.24758,37.17335],[138.2477,37.1734],[138.24788,37.17348],[138.24816,37.17357],[138.24844,37.17365],[138.24867,37.17372],[138.24894,37.17378],[138.24943,37.17387],[138.24965,37.1739],[138.24977,37.17391],[138.25,37.17393],[138.2504,37.17395],[138.2506,37.17396]],[[138.75678,37.38716],[138.75689,37.38734],[138.757,37.3876],[138.75736,37.3882],[138.75746,37.38835],[138.75768,37.38865],[138.75789,37.3889],[138.75823,37.38926],[138.75878,37.38977],[138.759,37.38995],[138.75928,37.39017],[138.75962,37.3904],[138.75997,37.39064],[138.76106,37.39125],[138.76298,37.39228],[138.76389,37.39277],[138.76671,37.39425],[138.76949,37.39573],[138.77071,37.39638],[138.77225,37.39721],[138.77256,37.39738],[138.77264,37.39743],[138.77285,37.39754],[138.77318,37.39767],[138.77364,37.39781],[138.77412,37.39792],[138.77456,37.39799],[138.7751,37.39802],[138.77559,37.39801],[138.7759,37.39799],[138.77696,37.39789],[138.77789,37.3978],[138.77817,37.39778],[138.77894,37.39769],[138.78071,37.39754],[138.78202,37.3974]],[[138.78698,36.31585],[138.78628,36.31631]],[[138.34065,37.23484],[138.33915,37.23357]],[[138.66018,37.35732],[138.65736,37.35715],[138.6563,37.35708],[138.65599,37.35703],[138.65569,37.35698],[138.65551,37.35695],[138.65501,37.35684],[138.65457,37.3567],[138.65409,37.35652],[138.6536,37.35629],[138.65287,37.35581],[138.65265,37.35565],[138.64963,37.35343],[138.6483,37.35251],[138.64717,37.35168],[138.64524,37.35028],[138.64474,37.3499],[138.64441,37.34963],[138.64419,37.34944],[138.64394,37.34916],[138.6437,37.34887],[138.64349,37.34855],[138.64335,37.34824],[138.64316,37.34774],[138.64292,37.34689],[138.64287,37.34669],[138.64253,37.34539],[138.64235,37.34481],[138.64223,37.34448],[138.64202,37.34409],[138.64171,37.34362],[138.64138,37.3432],[138.64051,37.34223],[138.63951,37.34109],[138.63842,37.33988],[138.63757,37.33892]],[[138.18778,36.64276],[138.18602,36.64164],[138.18422,36.64051],[138.18361,36.64012],[138.18304,36.63975],[138.18239,36.63937],[138.1816,36.63904],[138.18097,36.63885],[138.18057,36.63872],[138.17998,36.63859],[138.17952,36.63851],[138.17836,36.63832],[138.1765,36.63797],[138.17575,36.63778],[138.17476,36.63741],[138.17386,36.63703],[138.17325,36.63674],[138.17136,36.63565],[138.17111,36.6355],[138.16868,36.63405],[138.16753,36.63338],[138.1661,36.63261],[138.16529,36.63215],[138.16392,36.63141],[138.16226,36.63051]],[[139.06102,37.69444],[139.06213,37.69714],[139.06301,37.6993],[139.06427,37.70235],[139.06437,37.70259],[139.06492,37.70389],[139.06527,37.70458],[139.0655,37.70498],[139.06596,37.70565],[139.06861,37.70975],[139.06921,37.71069],[139.06927,37.71078],[139.06934,37.71089],[139.07121,37.71381],[139.07325,37.71698],[139.07402,37.71817]],[[138.55804,37.36378],[138.55891,37.36389],[138.55964,37.364],[138.56112,37.36419],[138.56151,37.36424],[138.56166,37.36426]],[[138.96064,37.62036],[138.96039,37.61958],[138.95979,37.61751],[138.95945,37.61642],[138.9593,37.61593],[138.95928,37.61586],[138.95917,37.61561],[138.95896,37.61532],[138.95821,37.61431],[138.95761,37.61348],[138.95701,37.61265],[138.95644,37.61184],[138.95533,37.61029],[138.95425,37.60879],[138.95378,37.60812],[138.95317,37.60728],[138.95172,37.60527],[138.95012,37.60302],[138.94866,37.60099],[138.94819,37.60034],[138.94802,37.6001],[138.94738,37.59921],[138.94618,37.59754],[138.94603,37.59731],[138.94559,37.59671],[138.94547,37.59654],[138.94536,37.59638],[138.94503,37.59592],[138.94368,37.59404]],[[139.09353,37.89795],[139.09036,37.90051],[139.08724,37.90302],[139.08657,37.90355]],[[138.90554,37.54122],[138.90411,37.53908]],[[138.26759,37.18335],[138.2678,37.18359],[138.26912,37.18514]],[[139.11479,37.7735],[139.11508,37.77395],[139.1152,37.77412],[139.11564,37.77477],[139.11605,37.77539],[139.11627,37.77572],[139.11664,37.77624],[139.11748,37.77752],[139.11749,37.77753],[139.11856,37.77914],[139.11931,37.78026],[139.12013,37.7815],[139.12046,37.78199],[139.12086,37.78259],[139.12099,37.78279],[139.12112,37.78305],[139.12123,37.7834],[139.12128,37.78366],[139.12131,37.78442],[139.12131,37.78579],[139.1213,37.78657],[139.1213,37.78761],[139.12128,37.78892],[139.12128,37.78983],[139.12126,37.79052],[139.12126,37.79189],[139.12126,37.79263],[139.12126,37.7933],[139.12125,37.79481],[139.12124,37.79508],[139.12124,37.79608],[139.12125,37.79643]],[[138.78529,37.39707],[138.78625,37.39698],[138.78727,37.39688],[138.78909,37.3967],[138.79181,37.39644],[138.79449,37.39621],[138.79714,37.39596],[138.79797,37.39589],[138.79828,37.39586],[138.79879,37.39581],[138.79996,37.39569],[138.80055,37.39563],[138.80099,37.39559],[138.80102,37.39559],[138.80282,37.39543],[138.80399,37.39531],[138.80522,37.39519],[138.80553,37.39516],[138.80563,37.39515],[138.80684,37.39507],[138.80708,37.39506],[138.80742,37.39504],[138.80773,37.39502],[138.80838,37.39502],[138.80847,37.39502],[138.8091,37.395],[138.81123,37.39493],[138.81183,37.3949],[138.81286,37.39488]],[[138.96112,37.6221],[138.96064,37.62036]],[[138.68461,37.36598],[138.6836,37.36686]],[[138.95626,36.33765],[138.95615,36.33764],[138.9544,36.33762],[138.95226,36.33759],[138.9508,36.33759],[138.94812,36.33759],[138.94642,36.33766],[138.94429,36.33779],[138.94333,36.33785],[138.94117,36.33799],[138.9399,36.33808],[138.9388,36.33813],[138.93811,36.33811],[138.93777,36.33807],[138.93742,36.338],[138.93716,36.33793],[138.93689,36.33782],[138.93636,36.33751],[138.93594,36.33726],[138.93551,36.33695],[138.93518,36.33666],[138.93498,36.33647],[138.9343,36.33561],[138.93418,36.33547],[138.93292,36.33391],[138.93261,36.33354],[138.93236,36.33325],[138.93201,36.33297],[138.9315,36.33266],[138.93118,36.33252],[138.93074,36.33235],[138.92995,36.33217],[138.92952,36.3321],[138.92901,36.33205],[138.92822,36.33203],[138.92726,36.332],[138.92545,36.33195],[138.92374,36.33191],[138.92267,36.33188],[138.92198,36.33186],[138.92043,36.33183],[138.92003,36.33181],[138.91854,36.33179],[138.9167,36.33174],[138.91558,36.33168]],[[139.11181,37.83168],[139.11145,37.83348]],[[139.01249,36.32059],[139.01243,36.32143],[139.01224,36.32339],[139.01219,36.32395]],[[139.01214,36.32452],[139.01222,36.32468],[139.01228,36.32492],[139.0123,36.32519],[139.0123,36.3252],[139.01238,36.3256],[139.01256,36.32614],[139.01258,36.32635],[139.01251,36.32704],[139.01233,36.32835],[139.01199,36.33129],[139.01187,36.33218],[139.01163,36.33408],[139.01161,36.33415],[139.01158,36.33421],[139.01139,36.33454],[139.01115,36.3349],[139.01105,36.33504],[139.01086,36.33524],[139.01056,36.33549],[139.01048,36.33556],[139.01023,36.33573],[139.00995,36.33591],[139.00969,36.33606],[139.00939,36.33621],[139.00879,36.33648],[139.0077,36.33678],[139.00683,36.33706],[139.00658,36.33715],[139.00592,36.33736],[139.0055,36.33749],[139.00481,36.33771],[139.00421,36.33791],[139.0036,36.33811]],[[138.46825,37.33603],[138.46769,37.33583],[138.46732,37.33572],[138.46707,37.33565],[138.46689,37.33561],[138.46667,37.33558],[138.46624,37.33557],[138.46623,37.33557]],[[138.84468,37.42755],[138.84494,37.42812],[138.8461,37.43069],[138.84702,37.4328],[138.84715,37.4331],[138.84797,37.43496],[138.84823,37.4355],[138.84846,37.43602],[138.84931,37.4379],[138.84993,37.43924],[138.85016,37.43975],[138.85032,37.44002],[138.85056,37.44035],[138.85096,37.44086],[138.85147,37.4414]],[[138.56166,37.36426],[138.56467,37.36464],[138.56509,37.36466],[138.56563,37.36466],[138.56599,37.36463],[138.56614,37.36462],[138.56681,37.36452],[138.56726,37.36441],[138.56878,37.36388],[138.57279,37.36235],[138.57614,37.36108],[138.57681,37.36083],[138.58079,37.35929],[138.58618,37.35726]],[[138.26912,37.18514],[138.26921,37.18525],[138.26959,37.18567],[138.27,37.18616],[138.27036,37.18658],[138.27077,37.18705],[138.27114,37.18748],[138.27155,37.18796],[138.27191,37.18839],[138.27232,37.18886],[138.27269,37.1893],[138.27289,37.18951],[138.27313,37.18973],[138.27338,37.18993],[138.27362,37.19011],[138.27416,37.19047],[138.2745,37.1907],[138.27482,37.1909],[138.27498,37.191],[138.27524,37.19117],[138.27574,37.1915],[138.27631,37.19186],[138.27682,37.19219],[138.27738,37.19255],[138.27791,37.19288],[138.27848,37.19324],[138.27901,37.19358],[138.27955,37.19393],[138.28007,37.19426],[138.28065,37.19463],[138.28125,37.195],[138.28174,37.19533],[138.28225,37.19566],[138.28284,37.19603],[138.28336,37.19636],[138.2837,37.19657],[138.28392,37.19672],[138.28442,37.19704],[138.28503,37.19741],[138.28554,37.19773],[138.28612,37.19809],[138.28662,37.19841],[138.2872,37.19877],[138.28773,37.19911],[138.28829,37.19947],[138.28883,37.1998],[138.28939,37.20016],[138.28993,37.20051],[138.29048,37.20086],[138.29101,37.2012],[138.2915,37.20153],[138.29208,37.2019],[138.29243,37.20212],[138.29303,37.2025],[138.29391,37.20306],[138.29487,37.20367],[138.2958,37.20426],[138.29626,37.20457],[138.29716,37.20513],[138.2977,37.20547],[138.29857,37.20602],[138.29946,37.20659],[138.29989,37.20686],[138.30052,37.20727],[138.30095,37.20754],[138.30116,37.20767],[138.30138,37.20781],[138.30182,37.2081],[138.30224,37.20836],[138.30272,37.20866],[138.30325,37.20901],[138.30372,37.20931],[138.30433,37.2097]],[[138.48695,37.34651],[138.48706,37.34656],[138.48744,37.34672],[138.48753,37.34677],[138.48785,37.34688],[138.48818,37.347],[138.48832,37.34707],[138.48954,37.34738],[138.49212,37.3483],[138.49467,37.34929],[138.49484,37.34938],[138.49513,37.34955],[138.49683,37.35052],[138.49733,37.35082],[138.49757,37.35096],[138.49791,37.35113],[138.49822,37.35129],[138.49872,37.35145],[138.49937,37.35157],[138.5007,37.35185],[138.50315,37.3523],[138.50418,37.35253],[138.50557,37.3529],[138.50574,37.35298],[138.50604,37.35309],[138.5072,37.35373],[138.50841,37.35443],[138.50902,37.35475],[138.50935,37.35489],[138.5097,37.35501],[138.51003,37.35511],[138.51057,37.35522],[138.51076,37.35524],[138.51119,37.3553],[138.51159,37.35534],[138.51221,37.35535],[138.51538,37.35555],[138.51546,37.35555],[138.51616,37.35564],[138.51632,37.35566]],[[138.97283,37.62809],[138.97066,37.62757]],[[138.5548,37.36333],[138.55804,37.36378]],[[138.7365,36.33613],[138.7393,36.33581]],[[139.10905,37.87569],[139.10824,37.87718],[139.10743,37.87868]],[[138.81286,37.39488],[138.81337,37.39485],[138.81438,37.39483],[138.8149,37.39481],[138.81529,37.3948],[138.81559,37.3948],[138.81621,37.39479],[138.81678,37.39485],[138.81695,37.3949],[138.8173,37.39498],[138.81744,37.39502],[138.81775,37.39513],[138.81785,37.39516],[138.81817,37.3953],[138.81845,37.39545],[138.81869,37.39558],[138.81895,37.39576],[138.81923,37.396],[138.81955,37.39629],[138.81999,37.39686],[138.82054,37.39757]],[[139.05944,37.91178],[139.05978,37.91186],[139.06091,37.91215],[139.06239,37.91252],[139.06245,37.91253],[139.06251,37.91254]],[[138.2436,37.17106],[138.24239,37.17035],[138.24128,37.1697],[138.24087,37.16945]],[[138.88065,37.50401],[138.88004,37.503],[138.87979,37.50252],[138.87963,37.50226],[138.87946,37.50197],[138.87943,37.50192],[138.87867,37.50065],[138.8779,37.49939],[138.87691,37.49775],[138.87589,37.49603],[138.87497,37.49444],[138.8746,37.49381],[138.87422,37.49318],[138.87384,37.49258],[138.87333,37.49171],[138.8721,37.48972],[138.87179,37.48921],[138.87092,37.48774],[138.86986,37.48598],[138.86956,37.48546],[138.86929,37.48495],[138.86912,37.48463],[138.86888,37.48404],[138.86858,37.48327],[138.86808,37.48205],[138.86782,37.48139],[138.86727,37.48002],[138.86701,37.47941],[138.86677,37.4788],[138.86642,37.478],[138.86604,37.47717],[138.86558,37.47611],[138.86501,37.47479],[138.86418,37.47288],[138.86366,37.47176],[138.86285,37.46995]],[[138.88178,37.50587],[138.88285,37.50765],[138.884,37.5096],[138.88517,37.51154],[138.88546,37.51197],[138.88565,37.51225],[138.88639,37.51335],[138.88668,37.51381],[138.88684,37.51405],[138.8871,37.5145],[138.88733,37.51488],[138.88769,37.5155],[138.88813,37.51644],[138.88844,37.51708],[138.88868,37.51749],[138.88932,37.5186],[138.88983,37.51946],[138.89128,37.52143],[138.89235,37.5229],[138.89271,37.5234],[138.89416,37.52539],[138.8956,37.52738],[138.89705,37.52938],[138.89798,37.53066],[138.89846,37.53133],[138.89892,37.53195],[138.89918,37.53232],[138.89992,37.53332],[138.90137,37.53532],[138.90282,37.53732],[138.90325,37.53792]],[[138.78628,36.31631],[138.7854,36.31687],[138.7841,36.31769],[138.78337,36.31816],[138.78285,36.3185],[138.78191,36.31909],[138.78057,36.31995],[138.78029,36.32011],[138.78004,36.32022],[138.77986,36.32027],[138.7796,36.32032],[138.77889,36.32041],[138.77786,36.32053],[138.77711,36.32062],[138.77604,36.32075],[138.77565,36.32079],[138.77517,36.32084],[138.77452,36.3209],[138.7735,36.32107],[138.77304,36.32118],[138.77265,36.32131],[138.77262,36.32132],[138.77192,36.32157],[138.77167,36.32167],[138.77106,36.32191],[138.77079,36.32202],[138.77043,36.32223],[138.77019,36.32239],[138.7697,36.32279],[138.7692,36.32319],[138.76851,36.32373],[138.76814,36.32403],[138.76784,36.32424],[138.76762,36.32436],[138.76742,36.32445],[138.7669,36.32463],[138.76519,36.32515],[138.76431,36.32541],[138.76316,36.32574],[138.76276,36.32586],[138.76252,36.32592],[138.76221,36.32598],[138.76182,36.32601],[138.7615,36.32602],[138.76075,36.32605],[138.76012,36.32608],[138.75974,36.32612],[138.75942,36.32616],[138.75907,36.32626],[138.75867,36.32641],[138.7582,36.32663],[138.75775,36.32691],[138.75742,36.32712],[138.75683,36.32751],[138.75619,36.32792],[138.75539,36.32844],[138.75426,36.32916],[138.75355,36.32963],[138.7533,36.32979],[138.7532,36.32986],[138.75275,36.33019],[138.75234,36.33049],[138.75202,36.33073],[138.75173,36.33105],[138.75139,36.33142],[138.75112,36.33174],[138.75068,36.33216],[138.75022,36.33251],[138.74965,36.33287],[138.74903,36.33323],[138.74849,36.33351],[138.74808,36.33369],[138.74771,36.33379],[138.74724,36.33388],[138.74684,36.33394],[138.74623,36.33398],[138.74561,36.33405],[138.74527,36.3341],[138.74499,36.33415],[138.74475,36.3342],[138.74446,36.33427],[138.74401,36.3344],[138.74343,36.33459],[138.74277,36.33482],[138.74247,36.33493],[138.74175,36.33514],[138.7412,36.33531],[138.7408,36.33543],[138.7405,36.33553],[138.74008,36.33565],[138.7393,36.33581]],[[138.38539,37.27707],[138.38488,37.27639],[138.3847,37.27614],[138.38446,37.27582],[138.38434,37.27566],[138.38427,37.27557],[138.38379,37.27491],[138.38347,37.27449],[138.38285,37.27368],[138.38243,37.27312],[138.38197,37.27251],[138.38144,37.2718],[138.38121,37.27148],[138.38083,37.27097],[138.38,37.26987],[138.37979,37.26958],[138.37963,37.26937],[138.3796,37.26933],[138.37922,37.26882],[138.37871,37.26813],[138.37862,37.26802],[138.37821,37.26747],[138.37788,37.26703],[138.37736,37.26633],[138.37669,37.26545],[138.37631,37.26496],[138.37609,37.26468],[138.37591,37.26443],[138.37579,37.2643],[138.37541,37.26399],[138.37464,37.26338],[138.37383,37.26267],[138.37335,37.26226],[138.37282,37.26181],[138.37224,37.26131],[138.37184,37.26095],[138.3702,37.25954],[138.36969,37.2591],[138.36746,37.25718],[138.36618,37.25608],[138.36482,37.25492],[138.36319,37.25353],[138.36253,37.25302],[138.3623,37.25288]],[[138.84078,37.423],[138.84038,37.42247],[138.83984,37.42177],[138.83946,37.42127]],[[138.13765,36.57581],[138.13796,36.57666],[138.13861,36.5784]],[[138.75591,37.3852],[138.75655,37.38665],[138.75678,37.38716]],[[138.95872,36.33767],[138.95977,36.3377],[138.96176,36.33775],[138.9624,36.33777],[138.96414,36.3378],[138.96546,36.33783],[138.96696,36.33788],[138.9698,36.33793],[138.97067,36.33795],[138.97304,36.338],[138.97387,36.33802],[138.97452,36.33806],[138.97482,36.33809],[138.9753,36.33816],[138.97594,36.33829],[138.97689,36.33849],[138.97719,36.33854],[138.97776,36.33867],[138.97848,36.33885]],[[139.10743,37.87868],[139.10685,37.87974],[139.10633,37.88068],[139.10573,37.88177],[139.10548,37.88221],[139.10485,37.88336],[139.10471,37.88363],[139.10367,37.88552],[139.10249,37.88766],[139.10131,37.88981],[139.10045,37.89144],[139.10018,37.89186],[139.09996,37.89224],[139.09966,37.89264],[139.09929,37.89311],[139.09901,37.89341],[139.09881,37.89362],[139.0986,37.89383],[139.09819,37.89418],[139.09614,37.89581]],[[138.85322,37.44585],[138.85301,37.44529],[138.85256,37.44417],[138.85228,37.44344],[138.8518,37.44225],[138.85152,37.44157],[138.85147,37.4414]],[[138.14521,36.59522],[138.14495,36.59454]],[[138.90554,37.54122],[138.90638,37.54247]],[[139.12122,37.79892],[139.12123,37.79682],[139.12124,37.79663],[139.12125,37.79643]],[[139.09481,37.89692],[139.09353,37.89795]],[[138.95872,36.33767],[138.95626,36.33765]],[[139.0036,36.33811],[139.0032,36.33823],[139.00117,36.33889]],[[138.32514,37.22298],[138.32449,37.22258]],[[139.09472,37.74787],[139.09551,37.7489],[139.09626,37.74989]],[[138.9291,37.57379],[138.92802,37.57222]],[[139.06251,37.91254],[139.06404,37.91282],[139.06475,37.91297],[139.06662,37.9134],[139.06779,37.91368],[139.06906,37.91398],[139.07124,37.91448],[139.0717,37.9146],[139.07187,37.91465],[139.07204,37.91469],[139.07246,37.91479],[139.07295,37.91489],[139.07349,37.91498],[139.07376,37.915],[139.07431,37.91502],[139.07456,37.915],[139.07488,37.91497],[139.07538,37.91488],[139.07571,37.91481],[139.07621,37.91464],[139.07671,37.91445],[139.07712,37.91423],[139.07741,37.91399],[139.07765,37.91377],[139.07804,37.91337],[139.07812,37.91325],[139.07831,37.91293],[139.07851,37.91262],[139.07888,37.91211],[139.07958,37.91108],[139.081,37.90895],[139.08166,37.908]],[[138.43057,37.31617],[138.43024,37.31591],[138.42986,37.31561],[138.4295,37.31533],[138.42903,37.31495],[138.42881,37.31478],[138.42845,37.3145],[138.42793,37.3141],[138.42765,37.31388],[138.42714,37.31348],[138.42667,37.31311],[138.42666,37.3131],[138.42645,37.31293],[138.42606,37.31264],[138.42576,37.31241],[138.42523,37.31203],[138.4248,37.31171],[138.42451,37.3115],[138.42427,37.31132],[138.4239,37.311],[138.42313,37.31031],[138.42265,37.30988],[138.42172,37.30904],[138.421,37.30839],[138.42022,37.30767],[138.41965,37.30715],[138.41916,37.30671],[138.41901,37.30658],[138.41872,37.30632],[138.41863,37.30624],[138.41839,37.30602],[138.41826,37.3059],[138.41779,37.30547],[138.41731,37.30504],[138.41701,37.30477],[138.41681,37.30457],[138.41637,37.30419],[138.41589,37.30376],[138.41544,37.30336],[138.41494,37.3029],[138.41487,37.30283],[138.41447,37.30248],[138.41395,37.302],[138.41363,37.30172],[138.41356,37.30166],[138.41332,37.30142],[138.41261,37.30077],[138.41184,37.30006],[138.41112,37.29939],[138.4109,37.29919],[138.4107,37.29902],[138.41015,37.2985],[138.4099,37.29829],[138.40967,37.29813],[138.40934,37.29791],[138.4091,37.29776],[138.40862,37.29749],[138.40809,37.29718],[138.40781,37.29703],[138.4077,37.29697],[138.4075,37.29687],[138.40741,37.29682],[138.40722,37.29668],[138.40698,37.29648],[138.40657,37.29614],[138.40609,37.2957],[138.40558,37.29525],[138.40483,37.2946],[138.40414,37.29399],[138.40378,37.29368],[138.40354,37.29346],[138.40329,37.29324],[138.40285,37.29279],[138.40202,37.29194],[138.40128,37.29122],[138.40095,37.2909],[138.40035,37.2904],[138.40034,37.2904],[138.40026,37.29032],[138.40008,37.29018],[138.39937,37.28958],[138.39835,37.28874],[138.39744,37.28798],[138.39647,37.28718],[138.39549,37.28638],[138.39448,37.28554],[138.39395,37.2851],[138.39254,37.28392],[138.39156,37.28312],[138.39082,37.28249],[138.38993,37.28178],[138.38955,37.28146],[138.38913,37.28109],[138.38861,37.28066],[138.38804,37.28019],[138.38769,37.27991],[138.38746,37.2797],[138.38739,37.27963],[138.38701,37.27918],[138.38645,37.27849]],[[138.51839,37.35604],[138.5189,37.35615],[138.51969,37.35637],[138.52051,37.35667],[138.52095,37.35691],[138.52175,37.35751],[138.52192,37.35763],[138.52233,37.35801],[138.52271,37.35838],[138.52304,37.3587],[138.52351,37.35907],[138.5239,37.35934],[138.52428,37.35954],[138.52489,37.35979],[138.52577,37.36007],[138.52625,37.36018],[138.52712,37.36032],[138.52825,37.36046],[138.52881,37.36049],[138.5298,37.36055],[138.53058,37.36065],[138.53112,37.36076],[138.53173,37.361],[138.53212,37.3612],[138.53297,37.36172],[138.53346,37.36194],[138.53407,37.36215],[138.53478,37.36235],[138.53534,37.36247],[138.53594,37.36259],[138.53666,37.36266],[138.53693,37.36266],[138.53722,37.36264],[138.53763,37.3626],[138.53808,37.36252],[138.53846,37.36244],[138.54072,37.3618],[138.54199,37.36145],[138.54243,37.36136],[138.54279,37.36135],[138.54477,37.36137],[138.54719,37.36141],[138.54764,37.36143],[138.54806,37.36153],[138.54887,37.36181],[138.54955,37.36208],[138.5502,37.36232],[138.55086,37.36256],[138.55178,37.36278],[138.55262,37.36296],[138.55357,37.36312],[138.55369,37.36314],[138.5548,37.36333]],[[138.16138,36.63003],[138.16074,36.62969],[138.16023,36.6294],[138.15926,36.62888],[138.15791,36.62813],[138.15672,36.62749],[138.15578,36.62694],[138.15519,36.62657],[138.1547,36.62617],[138.15423,36.62572],[138.15404,36.62548],[138.15387,36.62519],[138.15369,36.62482],[138.15357,36.62454],[138.15342,36.62411],[138.15324,36.6235],[138.15302,36.62276],[138.15251,36.62104],[138.15204,36.6194],[138.15176,36.61848],[138.1512,36.61629],[138.15089,36.61498]],[[138.63757,37.33892],[138.63642,37.33767]],[[138.97668,37.629],[138.97283,37.62809]],[[138.58731,37.35684],[138.59086,37.35549],[138.59504,37.35389],[138.59559,37.35368],[138.59688,37.35319],[138.59753,37.35292],[138.5979,37.35275],[138.59828,37.35251],[138.5992,37.35175],[138.60276,37.34885],[138.60394,37.34788],[138.60626,37.34596],[138.6106,37.34238],[138.61173,37.34147]],[[138.38645,37.27849],[138.38539,37.27707]],[[138.73098,37.35563],[138.73157,37.3559],[138.73313,37.35667],[138.7338,37.35705],[138.73546,37.35807],[138.73586,37.35831],[138.73652,37.3586],[138.73712,37.3588],[138.73752,37.35891],[138.73795,37.35899],[138.73836,37.35904],[138.73905,37.35907],[138.73989,37.35905],[138.74143,37.35902],[138.74219,37.35908],[138.7426,37.35915],[138.74294,37.35925],[138.7433,37.35941],[138.74361,37.35958],[138.74446,37.36008],[138.74588,37.36102],[138.74681,37.36168],[138.74711,37.36185],[138.74751,37.3621],[138.74802,37.36248],[138.74836,37.36272],[138.74864,37.36298],[138.74897,37.36331],[138.7492,37.36364],[138.74939,37.36395],[138.7495,37.36416],[138.74961,37.36447],[138.74975,37.36502],[138.74979,37.36539],[138.74977,37.36575],[138.74956,37.3667],[138.7495,37.36695],[138.7495,37.36697],[138.74941,37.36726],[138.74913,37.36852],[138.74908,37.36869],[138.74904,37.36892],[138.74905,37.36953],[138.74911,37.37006],[138.74917,37.37027],[138.74925,37.37056],[138.74934,37.37075],[138.74948,37.37101],[138.74994,37.37166],[138.7502,37.37195],[138.75066,37.37246],[138.75114,37.37308],[138.75133,37.37333],[138.75143,37.37349],[138.75164,37.37382],[138.75178,37.37408],[138.75202,37.37472],[138.75208,37.37487],[138.75214,37.3751],[138.7522,37.3754],[138.75228,37.37582],[138.75236,37.37623],[138.7525,37.37662],[138.75288,37.37769],[138.75349,37.37919],[138.75409,37.3807],[138.7547,37.3822],[138.75528,37.38367],[138.75591,37.3852]],[[138.79726,36.30941],[138.79639,36.30996],[138.79562,36.31043],[138.79547,36.31052],[138.79521,36.31069],[138.79449,36.31114],[138.79201,36.31269],[138.79108,36.31328],[138.78858,36.31485],[138.78765,36.31544],[138.78698,36.31585]],[[139.07512,37.71988],[139.07599,37.72121],[139.07684,37.72253],[139.07714,37.723],[139.07733,37.7233],[139.07758,37.72372],[139.07764,37.72381],[139.07824,37.72498],[139.07957,37.72757],[139.08064,37.72971],[139.08144,37.73121],[139.08167,37.7316],[139.08196,37.73199],[139.082,37.73204],[139.08242,37.73255],[139.08261,37.73278],[139.08366,37.73401],[139.08664,37.73752],[139.08851,37.73977],[139.08888,37.74021],[139.08991,37.74142],[139.09064,37.74237],[139.09193,37.74413],[139.09406,37.747],[139.09472,37.74787]],[[139.11776,37.81222],[139.11695,37.81398]],[[139.08166,37.908],[139.08197,37.90758],[139.08217,37.9073]],[[138.30925,37.21289],[138.30979,37.21333],[138.31036,37.21377],[138.31063,37.21397]],[[138.82339,37.40115],[138.82441,37.40238]],[[138.94368,37.59404],[138.94222,37.59202]],[[138.15051,36.6132],[138.15035,36.61239],[138.14986,36.60995],[138.14965,36.60894],[138.14956,36.60851],[138.14945,36.60807],[138.14893,36.6056],[138.14877,36.60489],[138.14858,36.60402],[138.14853,36.60382],[138.14852,36.60377],[138.14781,36.60186],[138.14697,36.59967],[138.14635,36.59809],[138.14586,36.59686],[138.14521,36.59522]],[[138.24673,37.17282],[138.24686,37.17286],[138.24748,37.17304],[138.24833,37.17329],[138.249,37.17349],[138.24975,37.17371],[138.25028,37.17387],[138.2506,37.17396]],[[138.90325,37.53792],[138.90344,37.53834],[138.90423,37.53978],[138.90475,37.54059],[138.90496,37.54084],[138.90552,37.54161],[138.90596,37.5421],[138.90625,37.54238],[138.90638,37.54247]],[[138.51632,37.35566],[138.51839,37.35604]],[[139.12119,37.80463],[139.12109,37.80493],[139.12097,37.8052],[139.12044,37.80631],[139.11995,37.80738],[139.11934,37.80872],[139.11881,37.80988],[139.1182,37.81125],[139.11776,37.81222]],[[138.58618,37.35726],[138.58731,37.35684]],[[138.15089,36.61498],[138.15051,36.6132]],[[138.2506,37.17396],[138.25092,37.17405],[138.25161,37.17426],[138.25229,37.17445],[138.2529,37.17463],[138.2536,37.17483],[138.25418,37.175],[138.25531,37.17532],[138.25546,37.17536],[138.25552,37.17538],[138.25571,37.17543],[138.25611,37.17554],[138.25673,37.17572],[138.2574,37.1759],[138.25802,37.17608],[138.25869,37.17626],[138.25929,37.17644],[138.25997,37.17663],[138.26058,37.17681],[138.26124,37.17701],[138.26181,37.17721],[138.26214,37.17734],[138.26245,37.17748],[138.26299,37.17776],[138.26326,37.17796],[138.2635,37.17817],[138.2639,37.1786],[138.26436,37.17919],[138.26444,37.1793],[138.26466,37.17959],[138.26478,37.17976],[138.26498,37.18001],[138.26504,37.1801],[138.26532,37.18046],[138.2657,37.18096],[138.26604,37.18141],[138.26641,37.18188],[138.26676,37.18233],[138.26714,37.1828],[138.26759,37.18335]],[[139.01219,36.32395],[139.01214,36.32452]],[[138.84468,37.42755],[138.84523,37.42821],[138.84535,37.42835],[138.8459,37.42914],[138.84633,37.42983],[138.84689,37.43071],[138.8474,37.43157],[138.84824,37.43293],[138.84969,37.43533],[138.84993,37.43578],[138.85012,37.43617],[138.85069,37.4377],[138.85081,37.43805],[138.85103,37.43866],[138.85114,37.43903],[138.85123,37.43947],[138.85131,37.43988],[138.85139,37.4405],[138.8514,37.44066],[138.85147,37.4414]],[[138.31063,37.21397],[138.31149,37.21465],[138.31203,37.21506],[138.31258,37.21547],[138.3131,37.21587],[138.31366,37.21625],[138.31394,37.21642],[138.31425,37.21659],[138.31488,37.21689],[138.31552,37.21717],[138.31618,37.2174],[138.31681,37.21765]],[[138.30559,37.2105],[138.30619,37.21089],[138.30681,37.21129],[138.30742,37.2117],[138.30803,37.21209],[138.30831,37.21227],[138.30854,37.21242],[138.30864,37.21248],[138.3087,37.21252],[138.30891,37.21266],[138.30909,37.21278],[138.30925,37.21289]],[[138.97848,36.33885],[138.97937,36.33893],[138.98012,36.33901],[138.98066,36.33909],[138.98101,36.33914],[138.98126,36.3392],[138.98177,36.33932],[138.98222,36.33942],[138.98358,36.33974],[138.98412,36.33985],[138.98472,36.33997],[138.98511,36.34004],[138.98548,36.34007],[138.986,36.34014]],[[139.11412,37.7725],[139.11479,37.7735]],[[139.09626,37.74989],[139.09752,37.75154],[139.09862,37.75298],[139.09893,37.75335],[139.0995,37.75416],[139.10014,37.75503],[139.10149,37.75695],[139.10153,37.75701],[139.10191,37.75753],[139.10308,37.75913],[139.10461,37.76126],[139.10631,37.76364],[139.10718,37.76484],[139.10751,37.7653],[139.10816,37.76622],[139.10845,37.76659],[139.10863,37.76676],[139.10913,37.76726],[139.11037,37.76846],[139.1116,37.76965],[139.11269,37.7707],[139.11331,37.77135],[139.11366,37.77176],[139.11412,37.7725]],[[138.6836,37.36686],[138.68315,37.36719],[138.68277,37.36741],[138.68243,37.36758],[138.68191,37.36781],[138.68078,37.36819],[138.6805,37.36829],[138.67962,37.36859],[138.67902,37.36878],[138.67871,37.36885],[138.67844,37.36888],[138.67779,37.36889],[138.67754,37.36889],[138.67703,37.36888],[138.67623,37.36881],[138.67556,37.36871],[138.67498,37.36855],[138.67421,37.36824],[138.67392,37.3681],[138.67354,37.36788],[138.67331,37.36772],[138.67313,37.36756],[138.673,37.36743],[138.67283,37.36717],[138.67246,37.36653],[138.67218,37.36606],[138.67163,37.36513],[138.67068,37.36355],[138.67022,37.36278],[138.66959,37.36171],[138.66897,37.36065],[138.66863,37.36018],[138.6682,37.35962],[138.66789,37.35933],[138.66732,37.35889],[138.66685,37.35861],[138.66654,37.35844],[138.66649,37.35841],[138.66629,37.35831],[138.66602,37.35818],[138.66556,37.358],[138.66486,37.35781],[138.66427,37.35768],[138.664,37.35762],[138.66383,37.35758],[138.66377,37.35757],[138.66338,37.35749],[138.66287,37.35743],[138.66227,37.3574]],[[139.01537,37.63959],[139.014,37.63902]],[[139.08166,37.908],[139.08206,37.90765],[139.08228,37.90741],[139.0829,37.90683],[139.0835,37.90632],[139.0842,37.90577],[139.08504,37.90513],[139.08592,37.90449]],[[138.84078,37.423],[138.84132,37.42361],[138.84254,37.42506],[138.84334,37.42601],[138.84458,37.42743],[138.84468,37.42755]],[[138.78202,37.3974],[138.78355,37.39724],[138.78378,37.39722],[138.78432,37.39716],[138.78529,37.39707]],[[138.73098,37.35563],[138.7289,37.35467]],[[138.63642,37.33767],[138.63566,37.3368],[138.6353,37.33635],[138.63398,37.33507],[138.63355,37.33475],[138.63324,37.33456],[138.63279,37.33436],[138.63219,37.33422],[138.63144,37.3341],[138.63071,37.33406],[138.63014,37.33409],[138.62934,37.33417],[138.62622,37.33455],[138.62564,37.33462],[138.62486,37.33472],[138.62182,37.33511],[138.6204,37.33534],[138.62015,37.33542],[138.61923,37.33583],[138.61897,37.33599],[138.61865,37.33618],[138.61843,37.3363],[138.61819,37.33635],[138.61702,37.33718],[138.61568,37.3382],[138.61364,37.3399],[138.6126,37.34078]],[[139.014,37.63902],[139.00921,37.63703],[139.00739,37.63631],[139.00705,37.63618],[139.00602,37.63592],[138.99677,37.63375],[138.99448,37.6332],[138.993,37.63284],[138.98896,37.6319],[138.98591,37.63117],[138.98383,37.63069],[138.98294,37.63048],[138.97968,37.62969],[138.97668,37.629]],[[139.11695,37.81398],[139.11685,37.81419],[139.11636,37.81527],[139.11598,37.81611],[139.11549,37.81719],[139.11504,37.81818],[139.1145,37.81936],[139.11426,37.81992],[139.11414,37.82024],[139.11376,37.82203],[139.11361,37.82278],[139.11343,37.82368],[139.11304,37.82563],[139.11263,37.82762],[139.11227,37.82938],[139.11181,37.83168]],[[138.88178,37.50587],[138.88065,37.50401]],[[138.16226,36.63051],[138.16138,36.63003]],[[139.04976,37.65978],[139.05086,37.66106],[139.05147,37.66176],[139.05419,37.66489],[139.05495,37.66579],[139.05523,37.6662],[139.0555,37.66663],[139.05568,37.66698],[139.05579,37.6673],[139.05585,37.66761],[139.05587,37.6679],[139.05586,37.66825],[139.0558,37.66851],[139.05566,37.66892],[139.05528,37.66964],[139.05527,37.66966],[139.05516,37.66986],[139.05494,37.67042],[139.0548,37.67088],[139.05474,37.6712],[139.05471,37.67154],[139.05475,37.67187],[139.05478,37.67222],[139.05483,37.67235],[139.05487,37.67247],[139.05504,37.67282],[139.0556,37.67371],[139.05674,37.67552],[139.05697,37.67588],[139.05811,37.67767],[139.05849,37.67829],[139.05859,37.67855],[139.05867,37.67883],[139.05871,37.67909],[139.05873,37.67939],[139.05872,37.67976],[139.05851,37.68202],[139.05832,37.68416],[139.05826,37.68477],[139.05804,37.68709],[139.05806,37.68737],[139.05839,37.6882],[139.05921,37.69007],[139.06037,37.69285]],[[138.48695,37.34651],[138.48552,37.34587]],[[138.83946,37.42127],[138.83825,37.41968],[138.8378,37.41911],[138.83771,37.419],[138.83763,37.41889]],[[138.7289,37.35467],[138.72672,37.35369],[138.72617,37.35343],[138.72533,37.35304],[138.72501,37.35289],[138.72458,37.35269],[138.7241,37.35253],[138.72306,37.35224],[138.72284,37.3522],[138.72231,37.35208],[138.72186,37.35199],[138.72169,37.35195],[138.72071,37.35175],[138.71975,37.35151],[138.71948,37.35146],[138.71931,37.35143],[138.71895,37.3514],[138.71831,37.35137],[138.71692,37.35142],[138.71579,37.35148],[138.71504,37.35153],[138.71433,37.35161],[138.71257,37.35188],[138.71096,37.35211],[138.71048,37.3522],[138.7086,37.35274],[138.70762,37.35308],[138.70701,37.3533],[138.70615,37.35364],[138.70451,37.35432],[138.70093,37.35592],[138.69969,37.35647],[138.69801,37.35723],[138.69647,37.35796],[138.69504,37.35869],[138.69366,37.35946],[138.69213,37.36041],[138.69179,37.3606],[138.69011,37.36176],[138.68851,37.36285],[138.68793,37.36325],[138.68752,37.36353],[138.6869,37.36402],[138.6857,37.36506],[138.68461,37.36598]],[[138.32449,37.22258],[138.32392,37.2222],[138.32339,37.22186],[138.32282,37.22149],[138.32245,37.22126],[138.32199,37.22097],[138.32155,37.22069],[138.32114,37.22044],[138.32049,37.22002],[138.31997,37.21969],[138.31947,37.21937],[138.31899,37.21905],[138.31845,37.2187],[138.31792,37.21836],[138.31736,37.21801],[138.31681,37.21765]],[[138.86199,37.4677],[138.86148,37.46689],[138.86147,37.46686],[138.86092,37.46541],[138.86072,37.46497],[138.85967,37.46227],[138.85846,37.45915],[138.85811,37.45828],[138.8581,37.45827],[138.85694,37.45532],[138.85568,37.45207],[138.85473,37.44968]],[[138.79805,36.3089],[138.79726,36.30941]]]},"properties":{"index":2,"operator_id":"jr_east","operator_name":"東日本旅客鉄道","line_name":"信越線","component_count":3,"track_centerline_count":140,"color":"#F97316","bbox":[138.13765,36.29625,139.12131,37.91502],"label":"2. 東日本旅客鉄道 / 信越線"}},{"type":"Feature","id":"CONTINUITY_03","geometry":{"type":"MultiLineString","coordinates":[[[130.08148,33.50189],[130.07937,33.5014]],[[129.98086,33.39401],[129.98168,33.39251]],[[130.01684,33.44105],[130.01581,33.44093]],[[129.97901,33.33789],[129.9784,33.3374]],[[130.2473,33.57107],[130.24549,33.57038]],[[129.97633,33.30701],[129.97602,33.3066],[129.97577,33.30624],[129.97518,33.30533],[129.97479,33.30476],[129.9743,33.30405],[129.97372,33.30309],[129.97342,33.30262],[129.97302,33.30192],[129.97278,33.30144],[129.97253,33.30099],[129.97238,33.30061],[129.97223,33.30025],[129.97215,33.30006],[129.97196,33.29961],[129.97182,33.29923],[129.97177,33.2991],[129.97153,33.29816],[129.97128,33.29704],[129.97105,33.29594]],[[130.2129467,33.5605605],[130.2119971,33.5602569],[130.2108221,33.5598598],[130.21044,33.55974],[130.20959,33.55945],[130.20836,33.55903],[130.20674,33.55848],[130.20568,33.55813],[130.20512,33.55796],[130.20445,33.55778],[130.20368,33.55763],[130.20166,33.55734],[130.1999,33.5571]],[[130.18536,33.54983],[130.18484,33.54947],[130.18438,33.54913],[130.18389,33.5488],[130.18338,33.54852],[130.18247,33.54807],[130.18083,33.54725],[130.17964,33.54665],[130.17886,33.54623],[130.17839,33.54591],[130.17793,33.54547],[130.17731,33.54452]],[[130.13905,33.51475],[130.13813,33.51394],[130.1377,33.51361],[130.13714,33.51325],[130.13689,33.51312],[130.13656,33.51297],[130.13615,33.51286],[130.13586,33.51278],[130.13537,33.51272],[130.1346,33.51263],[130.13416,33.5126],[130.13336,33.51258],[130.13238,33.51257],[130.13199,33.51253],[130.13155,33.51245],[130.1308,33.51227],[130.13041,33.51212],[130.13013,33.51197],[130.12975,33.51165],[130.12841,33.51057],[130.12784,33.51013],[130.12737,33.50984],[130.12674,33.50964],[130.12635,33.50956],[130.12544,33.50935],[130.12505,33.50925],[130.12478,33.50915],[130.12448,33.50902],[130.1242,33.5089],[130.1227,33.50833],[130.12261,33.50832],[130.1221,33.50825],[130.12173,33.50818],[130.12163,33.50818],[130.12103,33.50795],[130.1203,33.50769],[130.11982,33.50754],[130.11958,33.50749],[130.11951,33.50748],[130.11906,33.50744],[130.1184,33.50745],[130.1178,33.50744],[130.1172,33.50741],[130.11665,33.50736],[130.1162,33.5073],[130.11568,33.50722],[130.11516,33.50716],[130.11464,33.50713],[130.11412,33.50716],[130.11381,33.50722],[130.11361,33.50726],[130.11326,33.50738],[130.11285,33.5076],[130.11244,33.5079],[130.11184,33.50838],[130.11139,33.50867],[130.11106,33.50881],[130.11095,33.50882],[130.11069,33.5089],[130.11045,33.50894],[130.11023,33.50896],[130.11003,33.50895],[130.10941,33.5089],[130.10758,33.50868],[130.10618,33.50876]],[[129.97238,33.31907],[129.9724,33.31977]],[[129.9673,33.44632],[129.96866,33.44593],[129.96917,33.44579],[129.96966,33.44565]],[[130.18626,33.55051],[130.18536,33.54983]],[[129.98113,33.43695],[129.98125,33.43692],[129.98581,33.43582],[129.98651,33.43571],[129.98659,33.43571],[129.98708,33.43569],[129.98762,33.43573],[129.98819,33.43587],[129.99018,33.43661],[129.99479,33.43861],[129.99545,33.43891],[129.99663,33.43934]],[[129.99035,33.34713],[129.99026,33.34674],[129.99022,33.34664],[129.99017,33.34654],[129.99012,33.34647],[129.99004,33.34638],[129.98994,33.34627],[129.98982,33.34616],[129.98957,33.34595],[129.98934,33.34578],[129.98909,33.34563],[129.98852,33.34531],[129.98826,33.34518],[129.98795,33.345],[129.98743,33.3447],[129.98725,33.34461],[129.98687,33.34443],[129.98632,33.34421],[129.98568,33.34399],[129.98441,33.34357],[129.98379,33.34343],[129.9835,33.34339],[129.9832,33.34334],[129.98231,33.34313],[129.98214,33.34309],[129.98197,33.34302],[129.98162,33.34284],[129.9814,33.34269],[129.98119,33.3425],[129.98098,33.3423],[129.9807,33.34187],[129.98047,33.34144],[129.98037,33.3412],[129.9803,33.34096],[129.98015,33.33982],[129.98008,33.33955],[129.97999,33.33931],[129.9799,33.33912],[129.9798,33.3389],[129.97949,33.33839],[129.97939,33.33823],[129.97901,33.33789]],[[129.96966,33.44565],[129.97145,33.44514],[129.9719,33.445],[129.97219,33.44488],[129.97228,33.44485],[129.97268,33.44459],[129.97318,33.44413],[129.97349,33.44366],[129.97537,33.43957],[129.97563,33.43911],[129.97605,33.43862],[129.97628,33.4384],[129.97649,33.43825],[129.97677,33.43809],[129.9776,33.43769],[129.97797,33.43757],[129.97832,33.43747]],[[129.99753,33.43963],[129.99761,33.43965],[129.99771,33.4397],[129.99856,33.43994],[129.99918,33.44008],[129.99957,33.44013],[130.00004,33.44011],[130.00028,33.44008],[130.00058,33.44004],[130.00408,33.43907],[130.00449,33.439],[130.00491,33.43898],[130.00571,33.43903],[130.00762,33.43928],[130.00906,33.43946],[130.01025,33.43973],[130.01103,33.43993],[130.01125,33.43999],[130.0123,33.44033],[130.01386,33.44069],[130.01471,33.44082],[130.01581,33.44093]],[[129.99984,33.35553],[130.00046,33.35591]],[[130.19845,33.55693],[130.1974,33.55681],[130.19614,33.55665],[130.19476,33.55648],[130.19437,33.55643],[130.19421,33.55641],[130.19346,33.55621],[130.19303,33.55605],[130.19248,33.55578],[130.1919,33.5554],[130.19148,33.55506],[130.19056,33.55402],[130.19024,33.55363],[130.18972,33.55309],[130.18881,33.5524],[130.18831,33.55202],[130.18697,33.55104],[130.18626,33.55051]],[[130.2591,33.57807],[130.25783,33.57793]],[[129.97238,33.31907],[129.97244,33.31851],[129.97248,33.31823],[129.97264,33.31784],[129.97288,33.31739],[129.97325,33.31696],[129.9735,33.31673],[129.97371,33.3166],[129.97402,33.31644],[129.97449,33.31629],[129.97518,33.31609],[129.97588,33.3159],[129.97653,33.31575],[129.97715,33.31561],[129.97774,33.31543],[129.97821,33.31527],[129.97872,33.31502],[129.97906,33.31475],[129.97935,33.31447],[129.97958,33.31417],[129.97972,33.31393],[129.9798,33.31372],[129.97987,33.31342],[129.9799,33.3131],[129.97989,33.31271],[129.97986,33.3121],[129.97979,33.31168],[129.97959,33.31111],[129.9793,33.31052],[129.97911,33.31029],[129.97857,33.30964],[129.97796,33.30895],[129.97747,33.30837],[129.977,33.30779]],[[129.99663,33.43934],[129.99753,33.43963]],[[130.32417,33.58363],[130.31917,33.5839],[130.31741,33.58399],[130.31652,33.58404],[130.31399,33.58417],[130.31385,33.58418],[130.31253,33.58423],[130.31204,33.58422],[130.31168,33.58417],[130.31128,33.58405],[130.31077,33.58385],[130.31037,33.58365],[130.31002,33.58339],[130.30924,33.58274],[130.30838,33.58204]],[[130.14056,33.51611],[130.13905,33.51475]],[[130.04735,33.484],[130.04618,33.48312],[130.04605,33.48301],[130.04567,33.48273],[130.04483,33.48209],[130.0445,33.48177],[130.04433,33.48146],[130.04391,33.48036],[130.04366,33.47987],[130.043,33.47896],[130.04277,33.47856],[130.04266,33.47823],[130.04261,33.47782],[130.04265,33.4772],[130.04278,33.47656],[130.04279,33.47605],[130.04264,33.47502],[130.04243,33.47417],[130.04234,33.47376],[130.04224,33.47349],[130.04157,33.47244],[130.04141,33.4722],[130.04128,33.47141],[130.04104,33.47049],[130.04092,33.47026],[130.04027,33.46947],[130.04009,33.46925],[130.03933,33.46843],[130.03808,33.46726],[130.0376,33.46671],[130.03724,33.4662],[130.03705,33.46574],[130.03686,33.46487],[130.03686,33.46458],[130.0372,33.46259],[130.03737,33.46208],[130.03766,33.46144],[130.03774,33.4613],[130.03792,33.46109],[130.03825,33.46083],[130.03932,33.46009],[130.03951,33.45992],[130.03976,33.45954],[130.04019,33.45883],[130.04043,33.45857],[130.04131,33.45779],[130.0417,33.4574],[130.04204,33.45694],[130.04239,33.45629],[130.04266,33.45567],[130.04329,33.45429],[130.04437,33.45194],[130.04472,33.45108],[130.04478,33.45075],[130.04476,33.45021],[130.04466,33.4498],[130.04446,33.44941],[130.04406,33.44889],[130.04367,33.44852],[130.04331,33.44828],[130.04286,33.44809],[130.04231,33.44792],[130.0419,33.44781],[130.03991,33.44734],[130.03792,33.44702]],[[129.9784,33.3374],[129.97831,33.33733],[129.97812,33.33723],[129.97781,33.33714],[129.97735,33.33705],[129.97672,33.33699],[129.97599,33.33697],[129.97514,33.33698],[129.97425,33.33702],[129.97367,33.33698],[129.97313,33.33688],[129.97257,33.33664],[129.97228,33.33645],[129.97198,33.3362],[129.97181,33.33605],[129.97162,33.33583],[129.97135,33.3355],[129.97122,33.33532],[129.97118,33.33517],[129.97111,33.33494],[129.97099,33.33432],[129.97096,33.3337],[129.97098,33.33342],[129.97104,33.33319],[129.97121,33.33277],[129.97133,33.33253],[129.97156,33.33225],[129.9722,33.33169],[129.97221,33.33169],[129.97264,33.33135],[129.97377,33.33044],[129.97444,33.32988],[129.97468,33.32964],[129.97488,33.3294],[129.97499,33.32919],[129.97511,33.3289],[129.97529,33.32816],[129.97543,33.32749],[129.97549,33.32685],[129.9755,33.32651],[129.97547,33.32616],[129.97541,33.32592],[129.97528,33.32571],[129.9751,33.32547],[129.97416,33.3245],[129.97372,33.32406],[129.97337,33.3237],[129.97294,33.32325],[129.9728,33.32308],[129.97264,33.32277],[129.97243,33.32241],[129.97237,33.3222],[129.97237,33.32155],[129.97238,33.32053],[129.9724,33.31977]],[[130.03792,33.44702],[130.0367,33.44676]],[[130.30838,33.58204],[130.30798,33.5817],[130.30765,33.58143]],[[130.0367,33.44676],[130.03645,33.44668],[130.03615,33.44653],[130.03487,33.44585],[130.03428,33.44542],[130.03347,33.44471],[130.03255,33.44382],[130.03175,33.44327],[130.03119,33.44298],[130.03058,33.44281],[130.02984,33.44271],[130.02795,33.44247],[130.02235,33.44174],[130.02003,33.44145],[130.01889,33.4413],[130.01684,33.44105]],[[129.97633,33.30701],[129.977,33.30779]],[[130.07937,33.5014],[130.07834,33.50113],[130.07751,33.501],[130.07697,33.50092],[130.07654,33.50092],[130.07604,33.50098],[130.07545,33.50115],[130.07476,33.50141],[130.07392,33.5017],[130.07342,33.50182],[130.07265,33.50188],[130.07166,33.50185],[130.07077,33.50178],[130.07004,33.50164],[130.06957,33.50152],[130.06935,33.50142],[130.06874,33.50114],[130.0669,33.50012],[130.06676,33.50004],[130.06611,33.49961],[130.06552,33.49908],[130.06498,33.49872],[130.06397,33.49814],[130.06329,33.49771],[130.06267,33.49736],[130.06212,33.49714],[130.06145,33.49696],[130.06005,33.4967],[130.05944,33.49654],[130.05908,33.49641],[130.05846,33.49615],[130.05743,33.49584],[130.05645,33.49567],[130.05554,33.49544],[130.05419,33.49502],[130.05324,33.49461],[130.05273,33.49433],[130.05244,33.49407],[130.05209,33.49358],[130.05173,33.49288],[130.0514,33.49201],[130.05075,33.49036],[130.05054,33.48967],[130.05046,33.48921],[130.05042,33.48841],[130.05047,33.48795],[130.0505,33.48748],[130.05047,33.48702],[130.0504,33.48681],[130.05036,33.48666],[130.05012,33.48629],[130.04969,33.48579],[130.04849,33.48481]],[[129.95624,33.27175],[129.95566,33.27166],[129.95536,33.27162],[129.95413,33.27142],[129.95387,33.27139],[129.95301,33.27145],[129.95141,33.27154],[129.95085,33.27158],[129.95043,33.27157],[129.95,33.27152],[129.94965,33.27148],[129.94929,33.27134],[129.94827,33.27091],[129.94655,33.27019],[129.94549,33.26975],[129.94517,33.26963],[129.94435,33.2693],[129.9432,33.26886],[129.94201,33.26847],[129.94103,33.26814],[129.94,33.26781],[129.93909,33.2675],[129.93835,33.26725],[129.93809,33.26715],[129.93716,33.26678],[129.93659,33.2665],[129.93601,33.26609],[129.93533,33.26561]],[[129.93473,33.26523],[129.93449,33.26506],[129.93419,33.26487],[129.93395,33.26474],[129.93301,33.26425],[129.93219,33.26386],[129.93195,33.26378],[129.93168,33.26368],[129.93145,33.26363],[129.93129,33.26359],[129.93098,33.26352],[129.93075,33.26348],[129.9299,33.26339],[129.92951,33.26333],[129.92921,33.26325],[129.92879,33.26312],[129.92844,33.26294],[129.92795,33.26267],[129.9276,33.26246],[129.92721,33.26229],[129.92691,33.26217],[129.92655,33.26209],[129.9262,33.26207],[129.92558,33.26207],[129.92491,33.26207],[129.92437,33.26209],[129.92399,33.26206],[129.92374,33.26204],[129.92307,33.26193],[129.92276,33.26183],[129.92205,33.26148],[129.92161,33.26121],[129.92109,33.26099],[129.92055,33.2608],[129.9203,33.26072],[129.91977,33.26063],[129.91914,33.26057],[129.91824,33.26055],[129.91798,33.26058],[129.91692,33.26076],[129.91542,33.26099],[129.91385,33.26128],[129.91343,33.26135],[129.91323,33.26137],[129.91263,33.26147],[129.91203,33.26155],[129.91139,33.26167],[129.91047,33.26179],[129.90986,33.26189],[129.90945,33.26195],[129.9091,33.26205],[129.90886,33.26214],[129.90809,33.26255],[129.90693,33.26322],[129.90635,33.26353],[129.90603,33.2637],[129.90576,33.26379],[129.90532,33.26391],[129.90489,33.26393],[129.90456,33.26395],[129.90407,33.26394],[129.9036,33.26395],[129.90334,33.26398],[129.90311,33.26405],[129.90283,33.26419],[129.90231,33.2645],[129.90171,33.26484],[129.90124,33.26511],[129.90097,33.26521],[129.90066,33.26531],[129.90018,33.26554],[129.89966,33.26584],[129.89933,33.26611],[129.89906,33.26639],[129.89857,33.26681],[129.89811,33.26721],[129.89742,33.26777],[129.89711,33.26804],[129.89669,33.26828],[129.8962,33.2685],[129.89577,33.26869],[129.89501,33.26905],[129.89441,33.26932],[129.89402,33.26947],[129.89295,33.26991]],[[130.16875,33.53453],[130.16788,33.53408]],[[130.30765,33.58143],[130.30586,33.57994],[130.30433,33.57868],[130.30421,33.5786],[130.30374,33.5783],[130.30327,33.5781],[130.30277,33.57795],[130.3023,33.57787],[130.3019,33.57783],[130.30149,33.57784],[130.30103,33.57788],[130.30054,33.57796],[130.29999,33.57807],[130.29916,33.57827],[130.29773,33.57868],[130.29537,33.57929],[130.29483,33.57939],[130.29442,33.57945],[130.29379,33.57949],[130.29365,33.57951],[130.29343,33.57955],[130.29331,33.57956],[130.29268,33.57974],[130.29172,33.58008],[130.28981,33.58076],[130.28909,33.58097],[130.28862,33.58104],[130.28793,33.58108],[130.28724,33.58106],[130.28657,33.58102],[130.28624,33.58097],[130.286,33.58091],[130.28447,33.58051],[130.28316,33.58018],[130.28278,33.58009],[130.28198,33.57988],[130.28126,33.57974],[130.28052,33.57964],[130.27969,33.57953],[130.27884,33.57947],[130.27727,33.5794],[130.27508,33.57932]],[[130.27508,33.57932],[130.27327,33.57923]],[[129.97094,33.29535],[129.97065,33.29394],[129.97057,33.29354],[129.97042,33.29283],[129.97036,33.29253],[129.97029,33.29223],[129.97023,33.29156],[129.97018,33.29114],[129.97008,33.29037],[129.97005,33.28937],[129.97002,33.2883],[129.97002,33.28827],[129.97001,33.28774],[129.96997,33.28704],[129.96991,33.2866],[129.96978,33.28611],[129.96968,33.28582],[129.9692,33.28474],[129.96869,33.28361],[129.9683,33.28268],[129.96809,33.28226],[129.96799,33.28209],[129.96769,33.28176],[129.96737,33.28151],[129.96704,33.28127],[129.96664,33.28102],[129.96651,33.28095],[129.96554,33.28059],[129.96501,33.28041],[129.96461,33.28027],[129.96389,33.27997],[129.96333,33.27958],[129.96306,33.27936],[129.96282,33.27909],[129.96278,33.27901],[129.96254,33.27861],[129.96228,33.27804],[129.9621,33.27743],[129.96179,33.27633],[129.96164,33.2757],[129.96146,33.27514],[129.96128,33.27481],[129.9607,33.27405],[129.96043,33.27371],[129.96017,33.27345],[129.95984,33.27315],[129.95941,33.27284],[129.95906,33.27262],[129.95875,33.27247],[129.9581,33.27222],[129.95781,33.27211],[129.95709,33.27192]],[[129.98018,33.43718],[129.98113,33.43695]],[[129.99055,33.34785],[129.99035,33.34713]],[[130.32596,33.58353],[130.32417,33.58363]],[[130.25783,33.57793],[130.25747,33.57789],[130.25685,33.57776],[130.25637,33.57763],[130.25562,33.57738],[130.25512,33.57719],[130.25497,33.57712],[130.25454,33.57693],[130.25343,33.57632],[130.25254,33.57579],[130.2522,33.57559],[130.25173,33.57526],[130.25147,33.57502],[130.25114,33.57464],[130.25083,33.57419],[130.25018,33.57297],[130.24994,33.57261],[130.24966,33.57234],[130.24931,33.5721],[130.24883,33.57183],[130.24768,33.57126],[130.2473,33.57107]],[[130.00046,33.35591],[130.00235,33.35692],[130.00299,33.3573],[130.00348,33.35767],[130.00404,33.35816],[130.00426,33.35843],[130.00453,33.35894],[130.00471,33.35943],[130.00481,33.36035],[130.00488,33.36064],[130.00507,33.36121],[130.00536,33.36191],[130.00549,33.36234],[130.00551,33.36252],[130.00551,33.36272],[130.00547,33.36295],[130.00537,33.36332],[130.00508,33.36379],[130.0048,33.36414],[130.00445,33.36441],[130.00394,33.36476]],[[130.10499,33.50886],[130.10446,33.50888],[130.10336,33.50895],[130.10245,33.50894],[130.10174,33.50886],[130.10095,33.50871],[130.10026,33.50851],[130.09945,33.50814],[130.09834,33.50758],[130.09693,33.50688],[130.09592,33.50639],[130.09481,33.50585],[130.09235,33.50492],[130.09114,33.50447],[130.09021,33.50414],[130.08854,33.50371],[130.08731,33.50341],[130.08681,33.50329],[130.08635,33.50316],[130.08511,33.50279],[130.08378,33.50244],[130.08336,33.50234],[130.08306,33.50227],[130.08148,33.50189]],[[130.17624,33.54312],[130.17533,33.54193],[130.17495,33.54138],[130.17464,33.54097],[130.17395,33.54004],[130.17319,33.53901],[130.17271,33.53837],[130.17233,33.53783],[130.17154,33.53677],[130.17138,33.53657],[130.17115,33.53627],[130.17067,33.53576],[130.17029,33.53546],[130.16992,33.53521],[130.16927,33.53486],[130.16903,33.53471],[130.16875,33.53453]],[[129.99055,33.34785],[129.99101,33.35003],[129.99118,33.35046],[129.99138,33.35101],[129.99155,33.35128],[129.99172,33.35149],[129.99211,33.35179],[129.9926,33.35212],[129.99279,33.35223],[129.99303,33.35234],[129.99336,33.35247],[129.99359,33.35256],[129.99427,33.3528],[129.99503,33.35303],[129.99561,33.35315],[129.99623,33.35328],[129.99682,33.35342],[129.9972,33.35352],[129.99747,33.35361],[129.99771,33.35371],[129.99781,33.35379],[129.9982,33.35403],[129.99863,33.35449],[129.99911,33.35498],[129.99953,33.35534],[129.99984,33.35553]],[[130.16788,33.53408],[130.16671,33.53343],[130.16638,33.53324],[130.16582,33.53293],[130.16561,33.53281],[130.16474,33.53233],[130.16249,33.5311],[130.16099,33.53027],[130.15908,33.52918],[130.15729,33.5282],[130.15706,33.52808],[130.15558,33.52726],[130.15374,33.52625],[130.15232,33.52545],[130.15043,33.5244],[130.14999,33.52416],[130.14923,33.52375],[130.14887,33.5235],[130.14801,33.52289],[130.14733,33.52233],[130.14619,33.52126],[130.14469,33.51985],[130.14375,33.51901],[130.14357,33.51883],[130.14258,33.51793],[130.14154,33.517],[130.14072,33.51625],[130.14056,33.51611]],[[129.89213,33.27018],[129.89295,33.26991]],[[130.17731,33.54452],[130.17624,33.54312]],[[130.10618,33.50876],[130.10499,33.50886]],[[130.00394,33.36476],[130.00336,33.36525],[130.00243,33.3661],[130.00066,33.36774],[129.99983,33.36862],[129.99771,33.37097],[129.99695,33.37183],[129.99643,33.3724],[129.99616,33.37272],[129.99559,33.37337],[129.99477,33.37431],[129.99208,33.37726],[129.99166,33.37772],[129.99138,33.37799],[129.99114,33.37818],[129.99092,33.37832],[129.99069,33.37844],[129.99034,33.37863],[129.98924,33.37909],[129.98876,33.37929],[129.98853,33.37939],[129.98836,33.37949],[129.98823,33.37959],[129.9881,33.37972],[129.98797,33.37986],[129.98612,33.38247],[129.98599,33.38264],[129.98564,33.38305],[129.98532,33.38341],[129.984,33.38468],[129.98388,33.3848],[129.98379,33.38493],[129.98378,33.38495],[129.9837,33.38507],[129.98364,33.3852],[129.98357,33.38536],[129.98353,33.38551],[129.98349,33.38566],[129.98348,33.3858],[129.98346,33.38608],[129.98346,33.38642],[129.98349,33.3868],[129.98355,33.38739],[129.98358,33.38788],[129.98357,33.38806],[129.98353,33.38843],[129.98348,33.3887],[129.98341,33.38901],[129.98322,33.38946],[129.98299,33.38997],[129.9827,33.39057],[129.98168,33.39251]],[[130.1999,33.5571],[130.19845,33.55693]],[[129.89213,33.27018],[129.89183,33.27025],[129.89142,33.2703],[129.8911,33.2703],[129.89081,33.27027],[129.89056,33.2702],[129.89014,33.27005],[129.88894,33.26951],[129.88839,33.26924],[129.8877,33.26897],[129.88748,33.26887],[129.88677,33.26857],[129.88623,33.26837],[129.88568,33.26822],[129.88517,33.26816],[129.88468,33.26817],[129.88447,33.26822],[129.88394,33.26833],[129.88362,33.26844],[129.88324,33.26859],[129.88299,33.26871],[129.88274,33.26886],[129.88251,33.26904],[129.88228,33.26924],[129.88185,33.26969],[129.88161,33.27],[129.8813,33.27048],[129.88091,33.27094],[129.88071,33.27113],[129.88043,33.27129],[129.88005,33.27149],[129.87973,33.27157],[129.87944,33.27164],[129.87897,33.27171],[129.87852,33.27176],[129.87839,33.27177],[129.87733,33.27183]],[[130.22714,33.56394],[130.22555,33.56358]],[[129.97094,33.29535],[129.97105,33.29594]],[[130.22555,33.56358],[130.22492,33.56344],[130.22359,33.56315],[130.22237,33.56288],[130.22135,33.56265],[130.22102,33.56258],[130.22095,33.56256],[130.21845,33.56199],[130.21718,33.5617],[130.21588,33.56138],[130.2142295,33.5609867]],[[130.04849,33.48481],[130.04735,33.484]],[[130.24549,33.57038],[130.24494,33.57017],[130.24376,33.56972],[130.24257,33.56927],[130.24134,33.56879],[130.24001,33.56826],[130.2391,33.56789],[130.23872,33.56774],[130.23742,33.56723],[130.23613,33.5667],[130.23485,33.56617],[130.23356,33.56563],[130.23263,33.56524],[130.23225,33.56514],[130.2318,33.56502],[130.23097,33.56482],[130.2297,33.56453],[130.22843,33.56423],[130.22714,33.56394]],[[129.93473,33.26523],[129.93533,33.26561]],[[130.2142295,33.5609867],[130.2136172,33.5607942],[130.2129467,33.5605605]],[[129.8753,33.27199],[129.87733,33.27183]],[[130.27327,33.57923],[130.26995,33.57902],[130.26859,33.57893],[130.26735,33.57885],[130.26581,33.57872],[130.26496,33.57865],[130.26225,33.57839],[130.2591,33.57807]],[[129.95624,33.27175],[129.95709,33.27192]],[[129.97832,33.43747],[129.97927,33.43731],[129.98018,33.43718]]]},"properties":{"index":3,"operator_id":"jr_kyushu","operator_name":"九州旅客鉄道","line_name":"筑肥線","component_count":2,"track_centerline_count":62,"color":"#EAB308","bbox":[129.8753,33.26055,130.32596,33.58423],"label":"3. 九州旅客鉄道 / 筑肥線"}},{"type":"Feature","id":"CONTINUITY_04","geometry":{"type":"MultiLineString","coordinates":[[[130.72936,32.07475],[130.72886,32.0743]],[[130.6452,32.41062],[130.64485,32.41112],[130.64483,32.41113],[130.64461,32.41148],[130.64434,32.41186],[130.64382,32.41272],[130.64359,32.41308],[130.6435,32.41325],[130.64347,32.41332],[130.64336,32.41352],[130.64321,32.41394],[130.64318,32.41413],[130.64318,32.41445],[130.64325,32.41488],[130.64328,32.41506],[130.6434,32.41544],[130.64353,32.41574],[130.64366,32.41596],[130.6438,32.41612],[130.6442,32.41645],[130.64443,32.41659],[130.64462,32.4167],[130.64483,32.41677],[130.64491,32.4168],[130.64562,32.41705],[130.64588,32.41718],[130.64592,32.41719],[130.64645,32.4175],[130.64672,32.41771],[130.64704,32.41801],[130.64724,32.41826],[130.64736,32.4184],[130.64744,32.41853],[130.6475,32.41865],[130.64763,32.41912],[130.64777,32.41972],[130.64783,32.42007],[130.64788,32.42069],[130.6479,32.42093],[130.64788,32.42153],[130.64783,32.4221],[130.64782,32.42222],[130.64774,32.42282],[130.64773,32.42288],[130.64772,32.42311],[130.64771,32.42338],[130.64772,32.42411],[130.64776,32.42451],[130.64781,32.42481],[130.648,32.42541],[130.64815,32.42585],[130.64828,32.42617],[130.64852,32.42654],[130.64881,32.42691],[130.64898,32.4271],[130.64932,32.42739],[130.64964,32.42768],[130.64988,32.42788],[130.65018,32.42807],[130.6504,32.4282],[130.6507,32.42832],[130.65163,32.42859],[130.65198,32.42874],[130.65254,32.42903],[130.65297,32.42924],[130.65335,32.42941],[130.65376,32.42956],[130.65384,32.42958],[130.65439,32.42977],[130.65449,32.42981],[130.65471,32.42992],[130.65501,32.43008],[130.65526,32.43031],[130.65549,32.43054],[130.65566,32.43073],[130.65582,32.43091],[130.65611,32.43135],[130.65629,32.43166],[130.65645,32.43201],[130.65665,32.43248],[130.65691,32.43305],[130.65714,32.43349],[130.65739,32.43392],[130.65764,32.43434],[130.6578,32.43463],[130.65785,32.43477]],[[130.78574,32.16417],[130.78601,32.16431],[130.78603,32.16433],[130.78627,32.16445],[130.78681,32.16469],[130.7872,32.16481],[130.78727,32.16483]],[[130.7278,32.0712],[130.72773,32.07083],[130.72761,32.07047],[130.72748,32.07006],[130.72718,32.06923],[130.72692,32.06854],[130.72677,32.06811],[130.72664,32.06771],[130.7266,32.06746],[130.72653,32.06712],[130.72652,32.06694],[130.72653,32.0668],[130.72654,32.06656],[130.72661,32.0662],[130.72665,32.06604],[130.72678,32.06576],[130.72687,32.06561],[130.72703,32.06541],[130.72718,32.06523],[130.72747,32.06492],[130.72773,32.06471],[130.72794,32.06458],[130.72813,32.06447],[130.7283,32.06439],[130.7286,32.06431],[130.72896,32.06422],[130.72926,32.06415],[130.73004,32.064],[130.7312,32.06384],[130.73177,32.06373],[130.73211,32.06364],[130.73252,32.0635],[130.73295,32.06334],[130.73346,32.06309],[130.73378,32.06291],[130.73427,32.06259],[130.73443,32.06248],[130.73466,32.06229],[130.73479,32.06218],[130.7349,32.06205],[130.73506,32.06182],[130.73527,32.06153],[130.73536,32.06137],[130.73552,32.06097],[130.73565,32.06039],[130.73575,32.05998],[130.73578,32.05973],[130.73607,32.05816],[130.73622,32.0573],[130.7363,32.05687],[130.73646,32.056],[130.73648,32.05584],[130.73649,32.05521],[130.73648,32.05479],[130.73636,32.05406],[130.7363,32.05367],[130.73617,32.053],[130.73592,32.0517],[130.73559,32.05009],[130.73535,32.04883],[130.73524,32.04829],[130.73516,32.04788],[130.73489,32.04655],[130.73482,32.04617],[130.73477,32.04594],[130.73472,32.04573],[130.73447,32.04451],[130.73431,32.04362],[130.73414,32.04274],[130.7341,32.04253],[130.73399,32.0416],[130.73387,32.04045],[130.73376,32.0389],[130.73372,32.03829],[130.73366,32.03733],[130.73361,32.03677],[130.73359,32.03661],[130.73354,32.03623],[130.73348,32.036],[130.73341,32.0358],[130.7333,32.0356],[130.73321,32.03545],[130.73311,32.03532],[130.73295,32.03515],[130.73281,32.035],[130.73214,32.0344],[130.73183,32.03413],[130.73145,32.03372],[130.73136,32.03359],[130.73117,32.03329],[130.73108,32.03311],[130.73099,32.03289],[130.73093,32.03268],[130.73091,32.03242],[130.73092,32.03223],[130.73126,32.02994],[130.73131,32.02974],[130.73153,32.02824],[130.7318,32.02649],[130.73204,32.02498],[130.7321,32.02457],[130.73216,32.0242],[130.73221,32.02397],[130.73227,32.02366],[130.73233,32.02344],[130.7324,32.02324],[130.73248,32.02301],[130.73261,32.02276],[130.73273,32.02254],[130.73287,32.02235],[130.73302,32.02215],[130.73336,32.0218],[130.7343,32.02087],[130.73516,32.02],[130.73557,32.01958],[130.7357,32.01944],[130.73588,32.01922],[130.73604,32.01897],[130.73614,32.01878],[130.73622,32.0186],[130.73646,32.01796],[130.73688,32.01686],[130.73719,32.01608]],[[130.73329,31.81362],[130.73338,31.81355],[130.73351,31.81347],[130.73368,31.81338],[130.73395,31.81324],[130.73422,31.81309],[130.73481,31.81275],[130.735,31.81262],[130.73511,31.81254],[130.73541,31.81231],[130.73558,31.81215],[130.73578,31.81191],[130.73594,31.81165],[130.73602,31.81146],[130.73611,31.81117],[130.73626,31.81064],[130.73645,31.80992],[130.73659,31.80936],[130.73689,31.80827],[130.73702,31.80774],[130.73712,31.80743],[130.73721,31.80717],[130.73735,31.80692],[130.73752,31.8067],[130.7377,31.8065],[130.73795,31.80628],[130.73821,31.80611],[130.73853,31.80595],[130.73899,31.80578],[130.73974,31.80553],[130.74002,31.80545],[130.74025,31.80538],[130.74053,31.80526],[130.74077,31.80514],[130.74102,31.80499],[130.74133,31.80479],[130.74159,31.80457],[130.74174,31.80443],[130.74199,31.80422],[130.7422,31.80403],[130.74237,31.80383],[130.74256,31.80352],[130.74273,31.8032],[130.74282,31.80301],[130.74289,31.80274],[130.74308,31.80214],[130.74325,31.80161],[130.74332,31.80139],[130.74349,31.80101],[130.74366,31.80072],[130.74384,31.80044],[130.74404,31.80022],[130.74448,31.79982],[130.745,31.79934],[130.74521,31.79915],[130.74537,31.79896],[130.74551,31.79875],[130.74563,31.79853],[130.74572,31.79821],[130.74576,31.79789],[130.74579,31.79767],[130.74577,31.79737],[130.74576,31.79726],[130.74572,31.79708],[130.74567,31.79691],[130.74557,31.79669],[130.74539,31.7964]],[[130.73436,31.86909],[130.73431,31.86844],[130.73435,31.86793],[130.73447,31.86713]],[[130.65318,32.25033],[130.65181,32.2501]],[[130.74999,31.76323],[130.74949,31.76382]],[[130.60806,32.30549],[130.60805,32.30548],[130.60765,32.30514],[130.60746,32.30499],[130.60563,32.30347],[130.60514,32.30305],[130.60432,32.30237],[130.60403,32.30212],[130.60377,32.30188],[130.60344,32.30152],[130.60316,32.30111],[130.60295,32.30078],[130.60273,32.30044],[130.60255,32.30021],[130.60224,32.2999],[130.6021,32.29977],[130.60208,32.29975],[130.60206,32.29974],[130.60191,32.29962],[130.60185,32.29957],[130.60123,32.29915],[130.60113,32.29908],[130.60064,32.2987],[130.60055,32.29863],[130.60034,32.29844],[130.60015,32.29826],[130.59983,32.29805],[130.59928,32.29767],[130.59886,32.29739],[130.59848,32.29712],[130.59844,32.2971],[130.59828,32.29696],[130.59817,32.29684],[130.5981,32.29672],[130.59804,32.2966],[130.59796,32.2964],[130.59785,32.29592],[130.5978,32.29551],[130.5978,32.29486],[130.59784,32.29463],[130.59787,32.29438],[130.59791,32.29418],[130.598,32.29398],[130.59815,32.2937],[130.59835,32.29346],[130.59871,32.29309],[130.59911,32.29276],[130.59944,32.29253],[130.59971,32.29237],[130.6002,32.29208],[130.6008,32.29175],[130.60121,32.29155],[130.60126,32.29152],[130.60161,32.29134],[130.60191,32.29115],[130.60204,32.29106],[130.60233,32.29085],[130.60289,32.29042],[130.60311,32.29021],[130.60326,32.28997],[130.60346,32.28968],[130.60361,32.28938],[130.60369,32.28917],[130.60369,32.28915],[130.60371,32.28909],[130.60372,32.2888],[130.60373,32.28879],[130.60373,32.28807],[130.60375,32.28788],[130.60383,32.28712],[130.60385,32.28707],[130.60393,32.28661],[130.60397,32.28606],[130.60398,32.28566],[130.60396,32.28555],[130.60388,32.28529],[130.60379,32.28506],[130.60367,32.28476],[130.6036,32.28463],[130.60348,32.28446],[130.60325,32.28416],[130.60303,32.28392],[130.6026,32.28341],[130.60235,32.28307],[130.60223,32.2829],[130.60222,32.28288],[130.6021,32.28254],[130.60198,32.28201],[130.60195,32.28161],[130.60195,32.28121],[130.60201,32.28084],[130.60214,32.28041],[130.6023,32.27997],[130.60231,32.27995],[130.60235,32.27988],[130.60236,32.27987],[130.60239,32.27979],[130.60251,32.27957],[130.60266,32.27929],[130.60273,32.27916],[130.60274,32.27914],[130.60326,32.27815],[130.60365,32.27745],[130.60458,32.27568],[130.60563,32.27372],[130.60629,32.27244],[130.60645,32.27212],[130.60648,32.27201],[130.6065,32.27196],[130.60654,32.27184],[130.60661,32.27166],[130.60667,32.27152],[130.60688,32.27104],[130.60691,32.27096],[130.60715,32.2703],[130.60733,32.26979],[130.60733,32.26978],[130.60735,32.26972],[130.60747,32.2694],[130.60777,32.26873],[130.60797,32.26834],[130.60799,32.26829]],[[130.65785,32.43477],[130.65806,32.43548]],[[130.64931,32.42738],[130.64932,32.42739]],[[130.65318,32.25033],[130.65326,32.25034],[130.654,32.25047],[130.65469,32.25058],[130.65497,32.2506],[130.65527,32.25059],[130.65543,32.25058],[130.65563,32.25053],[130.65586,32.25046],[130.65651,32.25019],[130.65674,32.25008],[130.65695,32.24996],[130.65704,32.24991],[130.65727,32.24975],[130.65747,32.2496],[130.65772,32.24941],[130.65799,32.24918],[130.65812,32.24903],[130.65825,32.24887],[130.65831,32.2487],[130.65841,32.24838],[130.65845,32.24804],[130.65845,32.24757],[130.65834,32.24714],[130.6582,32.24671],[130.65796,32.24623],[130.65787,32.24607],[130.65784,32.24604],[130.65725,32.24514],[130.65708,32.24489],[130.65698,32.24474],[130.65688,32.24455],[130.65687,32.24453],[130.65669,32.24402],[130.65646,32.24325],[130.65641,32.24304],[130.65639,32.24292],[130.65638,32.2427],[130.6564,32.24253],[130.65645,32.24235],[130.65659,32.24204],[130.65678,32.24175],[130.65696,32.2416],[130.6573,32.24134],[130.65764,32.24115],[130.65785,32.24105],[130.65787,32.24105],[130.65813,32.24099],[130.65878,32.24091],[130.65914,32.24087],[130.65948,32.24082],[130.65962,32.24082],[130.65982,32.24082],[130.66006,32.24085],[130.66024,32.24091],[130.66029,32.24092],[130.66078,32.24109],[130.66117,32.24124],[130.66149,32.24141],[130.66162,32.24148],[130.66177,32.2416],[130.66178,32.24161],[130.66197,32.24174],[130.66229,32.24201],[130.66265,32.24227],[130.66348,32.24284],[130.66378,32.24303],[130.6641,32.2432],[130.66444,32.24332],[130.66479,32.2434],[130.66502,32.24344],[130.66536,32.24346],[130.66573,32.24347],[130.66616,32.24348],[130.66662,32.24352],[130.66704,32.24356],[130.66707,32.24357]],[[130.61957,32.34958],[130.6189,32.34919]],[[130.6189,32.34919],[130.6186,32.34901],[130.61855,32.34898],[130.61842,32.3489],[130.61832,32.34884],[130.61762,32.3484],[130.61751,32.34835],[130.61732,32.3483],[130.61698,32.34823],[130.61657,32.34817],[130.61644,32.34816],[130.61618,32.34814],[130.61607,32.34814],[130.61589,32.34814],[130.61532,32.34819],[130.61446,32.34827],[130.61377,32.34832],[130.61273,32.34843],[130.61249,32.34844],[130.61226,32.34845],[130.61171,32.34848],[130.61142,32.34849],[130.61129,32.34848],[130.61115,32.34847],[130.61079,32.34843],[130.61062,32.34841],[130.61036,32.34837],[130.60959,32.34822],[130.60935,32.34815],[130.60897,32.34804],[130.60884,32.34799],[130.60875,32.34795],[130.60865,32.3479],[130.60852,32.34782],[130.60828,32.34767],[130.60815,32.34757],[130.6081,32.34753],[130.60781,32.34722],[130.60701,32.34625],[130.60675,32.34596],[130.6061,32.34523],[130.60581,32.34492],[130.60557,32.34467],[130.60556,32.34466],[130.60545,32.34456],[130.60535,32.34447],[130.60525,32.3444],[130.60517,32.34434],[130.60496,32.34419],[130.6046,32.344],[130.6042,32.3438],[130.60397,32.34367],[130.60388,32.34361],[130.60379,32.34354],[130.60371,32.34348],[130.60362,32.34341],[130.60354,32.34333],[130.60338,32.34317],[130.60327,32.34304],[130.60317,32.34291],[130.60313,32.34285],[130.60309,32.34278],[130.60306,32.3427],[130.60299,32.34252],[130.60284,32.34216],[130.6028,32.34208],[130.60273,32.34195],[130.60235,32.34131],[130.60229,32.34118],[130.60224,32.34104],[130.60219,32.34091],[130.60215,32.34079],[130.6021,32.34063],[130.60206,32.34049],[130.60199,32.34019],[130.60189,32.33974],[130.60174,32.33899],[130.60173,32.33884],[130.60172,32.33854],[130.60172,32.33675],[130.60172,32.33643],[130.60174,32.33619],[130.60177,32.33541],[130.60176,32.33528],[130.60172,32.335],[130.60166,32.33445],[130.60162,32.33376],[130.60157,32.33302],[130.6015,32.33265],[130.6014,32.33232],[130.6013,32.33212],[130.60106,32.33173],[130.60093,32.33156],[130.60076,32.33134],[130.60057,32.33115]],[[130.76834,32.21842],[130.76869,32.21835],[130.76919,32.21825],[130.7695,32.21819],[130.76977,32.21814],[130.76991,32.2181],[130.77015,32.218],[130.77048,32.21781],[130.77073,32.21763],[130.7709,32.21748],[130.77112,32.21731],[130.77123,32.2172],[130.77131,32.2171],[130.77136,32.21702],[130.77145,32.21684],[130.77156,32.21655],[130.77171,32.21607],[130.77184,32.21566],[130.7719,32.21548],[130.77194,32.21536],[130.77204,32.21504],[130.77218,32.21461],[130.7723,32.21422],[130.77237,32.21402],[130.77252,32.21353],[130.77268,32.21308],[130.77274,32.21282],[130.77283,32.21238],[130.77285,32.21225],[130.77286,32.21209],[130.77287,32.21197],[130.77286,32.21185],[130.77283,32.21167],[130.77279,32.21145],[130.7727,32.2111],[130.77248,32.21037],[130.77238,32.21003],[130.77229,32.20976],[130.77225,32.20962],[130.77202,32.20877],[130.77199,32.20866],[130.77195,32.20851],[130.77187,32.20816],[130.77183,32.2079],[130.77182,32.20752],[130.7719,32.20681],[130.77203,32.20601],[130.77207,32.20572],[130.77214,32.20532],[130.77219,32.20506],[130.7723,32.20436],[130.77237,32.20401],[130.77239,32.20387],[130.77254,32.20335],[130.77269,32.203],[130.7729,32.20261],[130.77316,32.20223],[130.7736,32.20167],[130.77371,32.20153],[130.77402,32.20113],[130.77434,32.20067],[130.77477,32.2001],[130.77524,32.19954],[130.77549,32.19921],[130.77577,32.19884],[130.77618,32.19838],[130.77632,32.19819],[130.77646,32.198],[130.77669,32.19768],[130.77679,32.19751],[130.77693,32.19724],[130.77706,32.19696],[130.77717,32.19665],[130.77724,32.1964],[130.7773,32.19604],[130.77731,32.19588],[130.77736,32.19527],[130.77738,32.19471],[130.77736,32.19416],[130.77733,32.19355],[130.77731,32.19347],[130.77729,32.19336],[130.77724,32.19315],[130.77715,32.19297],[130.77696,32.19267],[130.77673,32.19241],[130.77658,32.19227],[130.7765,32.19219],[130.77618,32.19193],[130.77578,32.19165],[130.77537,32.19136],[130.77504,32.1911],[130.77479,32.19084],[130.77455,32.19053],[130.77445,32.19037],[130.77438,32.19021],[130.77433,32.19009],[130.77429,32.18984],[130.77428,32.18943],[130.77431,32.18885],[130.77435,32.18839],[130.77438,32.1881],[130.7744,32.18791],[130.77447,32.18719],[130.77449,32.18663],[130.7745,32.18609],[130.77447,32.18562],[130.77442,32.18535],[130.77442,32.18533],[130.7743,32.18477],[130.7742,32.1843],[130.77416,32.18406],[130.77414,32.18377],[130.77407,32.18339],[130.77402,32.18314],[130.77395,32.18277],[130.77389,32.1825],[130.7738,32.18221],[130.77366,32.18187],[130.7735,32.18158],[130.77345,32.1815],[130.7734,32.18145],[130.77324,32.18125],[130.77275,32.18084],[130.77258,32.18072],[130.7723,32.18053],[130.7717,32.18016],[130.77154,32.18006],[130.77113,32.17984],[130.77085,32.17966],[130.77065,32.17952],[130.77059,32.17948],[130.77037,32.1793],[130.77001,32.17899],[130.76966,32.17863],[130.76956,32.17853],[130.76933,32.17828],[130.76912,32.178],[130.76908,32.17793],[130.76896,32.17768],[130.7688,32.1773],[130.7687,32.17703],[130.76866,32.17689],[130.76861,32.17668],[130.76854,32.17627],[130.76847,32.1757],[130.7684,32.17536],[130.76832,32.17508],[130.76811,32.17459],[130.76797,32.17433],[130.7678,32.17409],[130.76765,32.1739],[130.76761,32.17386],[130.76696,32.17322],[130.76584,32.17226],[130.76499,32.17148],[130.76471,32.17117],[130.76458,32.17099],[130.76452,32.17088],[130.7644,32.17064],[130.76425,32.17022],[130.76421,32.1701],[130.76419,32.16998],[130.76418,32.16984],[130.76419,32.16977],[130.76428,32.16942],[130.76442,32.16899],[130.76466,32.16832],[130.76482,32.16793],[130.76532,32.16695],[130.76546,32.16666],[130.76567,32.16628],[130.76608,32.16571],[130.76621,32.16554],[130.7663,32.16543],[130.76647,32.16526],[130.76669,32.1651],[130.76704,32.16491],[130.76736,32.16478],[130.76766,32.16469],[130.76787,32.16465],[130.76812,32.16462],[130.76834,32.16461],[130.76869,32.16461],[130.76877,32.16461],[130.76906,32.16465],[130.7695,32.16475],[130.77,32.1649],[130.7702,32.16498],[130.77026,32.165],[130.77045,32.16508],[130.77059,32.16512],[130.77066,32.16516],[130.7715,32.16546],[130.77221,32.1657],[130.77255,32.16582],[130.7728,32.1659],[130.77306,32.16596],[130.77317,32.16597],[130.77333,32.16599],[130.77368,32.16601],[130.77397,32.16601],[130.77457,32.16598],[130.77481,32.16596],[130.77502,32.16593],[130.77519,32.16589],[130.77535,32.16583],[130.77559,32.16568],[130.776,32.16537],[130.7767,32.16479],[130.77674,32.16477],[130.77741,32.16421],[130.77792,32.16374],[130.7785,32.16328],[130.77905,32.16292],[130.77952,32.16264],[130.77964,32.16258],[130.78,32.16241],[130.7804,32.16228],[130.7807,32.1622],[130.78119,32.16214],[130.78149,32.16216],[130.78209,32.16223],[130.78272,32.16236],[130.78282,32.16239],[130.78302,32.16244],[130.78343,32.16259],[130.78378,32.16277],[130.7841,32.163],[130.78574,32.16417]],[[130.72619,32.06956],[130.7267,32.06991],[130.72696,32.07012],[130.72725,32.0704],[130.72749,32.07068],[130.72764,32.07091],[130.7278,32.0712]],[[130.74104,31.7445],[130.73938,31.74303]],[[130.66785,32.24372],[130.66707,32.24357]],[[130.72394,31.82686],[130.7242,31.82684],[130.72464,31.82682],[130.72512,31.8268],[130.72534,31.82679],[130.72571,31.82676],[130.72613,31.8267],[130.72636,31.82665],[130.72653,31.82661],[130.72676,31.82653],[130.72713,31.8264],[130.72735,31.82628],[130.72762,31.8261],[130.72778,31.82595],[130.72798,31.82573],[130.72817,31.82547],[130.72839,31.82517],[130.72883,31.82452],[130.7292,31.82397],[130.72943,31.82361],[130.72964,31.8233],[130.72976,31.82315],[130.72994,31.82299],[130.73014,31.82286],[130.73033,31.82273],[130.73063,31.82255],[130.73086,31.82241],[130.73111,31.82229],[130.73134,31.82216],[130.73177,31.8219],[130.7321,31.82169],[130.73267,31.8213],[130.73297,31.82109],[130.73311,31.82095],[130.73321,31.82084],[130.73336,31.82056],[130.73343,31.82034],[130.7335,31.82007],[130.73353,31.81987],[130.73354,31.81972],[130.73353,31.81955],[130.73349,31.81937],[130.73338,31.81897],[130.73331,31.81871],[130.73321,31.81841],[130.73313,31.81818],[130.73306,31.81798],[130.73295,31.81775],[130.73274,31.81729],[130.73263,31.81703],[130.7325,31.81676],[130.73241,31.8165],[130.73235,31.81626],[130.73232,31.81611],[130.73229,31.81586],[130.73232,31.81555],[130.73239,31.81519],[130.73244,31.81494],[130.73251,31.81466],[130.73261,31.81441],[130.73267,31.81428],[130.73276,31.81417]],[[130.73799,32.01245],[130.73828,32.01128]],[[130.78054,32.16214],[130.7807,32.1622],[130.7817,32.16258],[130.78254,32.1629],[130.7834,32.16321],[130.78354,32.16328],[130.78454,32.16364],[130.78504,32.16386]],[[130.64561,32.41008],[130.6459,32.40971],[130.64625,32.40923],[130.64629,32.40919],[130.64638,32.40907],[130.64641,32.40905],[130.64657,32.40883],[130.64706,32.40828],[130.64773,32.4076],[130.6483,32.40708],[130.64834,32.40706],[130.64874,32.40669],[130.64912,32.40632],[130.64933,32.40611],[130.64959,32.40583],[130.65005,32.4053],[130.65029,32.40498],[130.65045,32.40475],[130.6507,32.40434],[130.65076,32.40425],[130.65077,32.40421],[130.65092,32.4039],[130.65098,32.40374],[130.65117,32.4033],[130.65149,32.40256],[130.65182,32.40181],[130.65196,32.40149],[130.65205,32.40127],[130.65211,32.40096],[130.65214,32.40068],[130.65215,32.4006],[130.65217,32.40041],[130.65218,32.40036],[130.6522,32.40018],[130.65224,32.4],[130.65232,32.39979],[130.65246,32.39949],[130.6527,32.39915],[130.65291,32.39877],[130.65297,32.39848],[130.65303,32.39796],[130.65303,32.3977],[130.65305,32.39751],[130.65306,32.39723],[130.65308,32.397],[130.65308,32.39679],[130.65312,32.39631],[130.65312,32.39605],[130.65311,32.39593],[130.65309,32.39562],[130.65306,32.39534],[130.65294,32.39485],[130.65282,32.39441],[130.65267,32.39407],[130.6526,32.39388],[130.65259,32.39364],[130.65261,32.39354],[130.6528,32.39295],[130.65282,32.39293],[130.65289,32.39276],[130.65305,32.39252],[130.65336,32.39216],[130.65375,32.3918],[130.65395,32.39163],[130.65433,32.39128]],[[130.60866,32.30599],[130.60806,32.30549]],[[130.79036,32.16497],[130.78981,32.16513],[130.78952,32.16519],[130.7892,32.16521],[130.78892,32.16521],[130.78867,32.16518],[130.78834,32.1651]],[[130.61957,32.34958],[130.61996,32.34981],[130.6202,32.34995],[130.62032,32.35001],[130.62058,32.35014],[130.62094,32.3503],[130.62123,32.35042],[130.62269,32.35099],[130.62294,32.3511],[130.62328,32.35124],[130.62352,32.35134],[130.62391,32.35149],[130.62446,32.35172],[130.62487,32.35189],[130.62528,32.35208],[130.62545,32.35214],[130.62573,32.35224],[130.62587,32.35228],[130.62652,32.3525],[130.62675,32.35258],[130.62785,32.35297],[130.62838,32.35316],[130.6288,32.35327],[130.62947,32.3534],[130.63006,32.35355],[130.63062,32.3537],[130.63078,32.35374],[130.6316,32.35396],[130.63191,32.35405],[130.63229,32.35417],[130.63283,32.35436],[130.633,32.35441],[130.63338,32.35456],[130.63393,32.35478],[130.63401,32.35483],[130.63405,32.35484],[130.63413,32.35487],[130.63451,32.35507],[130.63485,32.35521],[130.635,32.35527],[130.63514,32.35535],[130.63543,32.35553],[130.63591,32.35582],[130.63607,32.3559],[130.63637,32.35606],[130.6367,32.35622],[130.63705,32.3564],[130.63712,32.35644],[130.63753,32.35669],[130.63779,32.35687],[130.63803,32.35705],[130.63812,32.35711],[130.63851,32.35746],[130.63876,32.35776],[130.63897,32.35801],[130.63929,32.35848],[130.63968,32.35899],[130.64009,32.35961],[130.64035,32.36],[130.64055,32.36035],[130.64073,32.36069],[130.64087,32.36102],[130.64131,32.36224],[130.64135,32.36242],[130.6414,32.36262],[130.64151,32.36314],[130.64153,32.36347],[130.64158,32.36389],[130.64159,32.36465],[130.64161,32.36498],[130.64164,32.3654],[130.6417,32.36591],[130.64178,32.36645],[130.6419,32.36696],[130.64197,32.36735],[130.64205,32.36779],[130.64218,32.36827],[130.64226,32.36847],[130.64231,32.36858],[130.64252,32.36888],[130.64332,32.3696],[130.64336,32.36965],[130.64367,32.3699],[130.64399,32.37014],[130.64423,32.37034],[130.64475,32.3708],[130.64499,32.371],[130.64547,32.37129],[130.64573,32.37142]],[[130.60799,32.26829],[130.60834,32.26763]],[[130.65806,32.43548],[130.65814,32.43583],[130.65818,32.43606],[130.65825,32.43668],[130.65835,32.43727],[130.65843,32.43764],[130.6585,32.43788],[130.65857,32.43806],[130.65865,32.43822],[130.65877,32.43843],[130.65899,32.43873],[130.65941,32.43912],[130.65996,32.43951],[130.66048,32.43988],[130.66073,32.44011],[130.66085,32.44027],[130.66094,32.44042],[130.66121,32.44099],[130.66135,32.44134],[130.66163,32.44205],[130.6617,32.4423],[130.66173,32.44249],[130.66175,32.44274],[130.66174,32.44276],[130.66168,32.44309],[130.6616,32.44346],[130.6615,32.44383],[130.66136,32.44421],[130.66118,32.44453],[130.66097,32.44473],[130.66072,32.44493],[130.66015,32.44533],[130.65967,32.44554],[130.65966,32.44554],[130.6593,32.4457],[130.65905,32.4458],[130.6587,32.44594],[130.65831,32.44615],[130.65791,32.44634],[130.6575,32.44652],[130.6571,32.44665],[130.65659,32.44681],[130.65621,32.44698],[130.65597,32.4471],[130.65578,32.44724],[130.65557,32.44743],[130.65529,32.44771],[130.6546,32.44844],[130.65435,32.44874],[130.65414,32.44904],[130.65378,32.44961],[130.6536,32.4499],[130.65346,32.45017],[130.6533,32.45054],[130.65314,32.45099],[130.65306,32.45135],[130.65305,32.45177],[130.65307,32.45194],[130.65312,32.45216],[130.65326,32.45258],[130.65342,32.45294],[130.65355,32.45314],[130.65379,32.45329],[130.65427,32.45354],[130.65437,32.45359],[130.6545,32.45364],[130.65477,32.45373],[130.65506,32.45382],[130.6554,32.45389],[130.6562,32.45402],[130.65674,32.45408],[130.65714,32.45412],[130.65767,32.4542],[130.65806,32.45424],[130.6583,32.45429],[130.65887,32.45444],[130.65932,32.45462],[130.65975,32.45481],[130.66023,32.45512],[130.66079,32.45553],[130.66154,32.45613],[130.66206,32.4566],[130.66221,32.45674],[130.6624,32.45695],[130.66257,32.4572],[130.66282,32.45766],[130.66307,32.45835],[130.66308,32.45878],[130.66304,32.45921],[130.66297,32.45947],[130.66294,32.45956],[130.66294,32.45958],[130.66264,32.46025],[130.66257,32.46039],[130.66232,32.46061],[130.66196,32.46087],[130.66151,32.46111],[130.66104,32.46133],[130.66058,32.46152],[130.6591,32.46206],[130.6585,32.46217],[130.65814,32.46222],[130.65731,32.46235],[130.65623,32.46246],[130.65554,32.46248],[130.65415,32.46256],[130.65348,32.4626],[130.65284,32.46263],[130.65253,32.46266],[130.65202,32.46275],[130.65148,32.46291],[130.65126,32.46301],[130.65061,32.46332],[130.65017,32.46358],[130.64986,32.46377],[130.64956,32.46399],[130.64884,32.46455],[130.64832,32.46502],[130.64785,32.46553],[130.64767,32.46574],[130.64735,32.46615],[130.6472,32.46634],[130.64643,32.46732],[130.64627,32.46754],[130.64599,32.46791]],[[130.63255,32.49537],[130.63252,32.49543],[130.6319,32.49646],[130.6317,32.4968],[130.6313,32.49748],[130.63092,32.4981],[130.63068,32.49848],[130.63052,32.49869],[130.6299,32.49941],[130.62946,32.49986],[130.62925,32.50003],[130.62899,32.5002],[130.62852,32.50051],[130.62786,32.50088],[130.62741,32.50112],[130.62679,32.50147],[130.62558,32.50214],[130.62517,32.50235],[130.62322,32.5034],[130.62303,32.5035],[130.62281,32.50362],[130.62268,32.50369],[130.62254,32.50375]],[[130.61983,32.50508],[130.61986,32.50506],[130.62254,32.50375]],[[130.73447,31.86713],[130.73466,31.86659],[130.73488,31.8661],[130.73514,31.86558],[130.73522,31.86538],[130.73532,31.86508],[130.73535,31.86485],[130.73537,31.86457],[130.73539,31.86404],[130.73537,31.86382],[130.73522,31.86334],[130.73501,31.8628],[130.73471,31.86205],[130.73446,31.86136],[130.73424,31.86086],[130.73398,31.86036],[130.73353,31.85954],[130.73318,31.85879],[130.73242,31.85707],[130.73236,31.85692],[130.73228,31.85672],[130.73224,31.85663],[130.73184,31.85565],[130.73168,31.85531],[130.73144,31.85491],[130.73107,31.8544],[130.73086,31.85419],[130.73065,31.85402],[130.7268,31.85018],[130.72633,31.84975],[130.72579,31.84925],[130.7257,31.84917],[130.72509,31.84863],[130.7247,31.84826],[130.72428,31.84784],[130.72396,31.84747],[130.72353,31.84695],[130.72335,31.84669],[130.72263,31.84568],[130.72232,31.84525],[130.72176,31.84433],[130.72113,31.84332],[130.72014,31.84197],[130.72001,31.8418],[130.71962,31.84126],[130.71937,31.84082],[130.71908,31.84019],[130.71896,31.83979],[130.71879,31.83927],[130.71855,31.83818],[130.71842,31.83763],[130.71824,31.83709],[130.71812,31.8368],[130.71804,31.83654],[130.71798,31.83633],[130.71789,31.83615],[130.71741,31.83513],[130.71695,31.83417],[130.71655,31.83327],[130.71618,31.83249],[130.71579,31.83163],[130.71531,31.83059],[130.71528,31.83048],[130.71525,31.83031],[130.71524,31.83008],[130.71527,31.82984],[130.71532,31.82964],[130.71535,31.82951],[130.71538,31.8294],[130.71544,31.82927],[130.7155,31.82916],[130.71564,31.82892],[130.71576,31.82876],[130.71604,31.82844],[130.71615,31.82829],[130.71638,31.82798],[130.71658,31.82778],[130.71688,31.82755],[130.71711,31.82739],[130.71733,31.82727],[130.71756,31.82716],[130.71775,31.8271],[130.718,31.82705],[130.71832,31.82703],[130.71895,31.82699],[130.71982,31.82699],[130.72019,31.82699],[130.72055,31.82695],[130.72095,31.82693],[130.72102,31.82693],[130.72126,31.82693],[130.72186,31.82693]],[[130.65433,32.39128],[130.65491,32.39082]],[[130.74379,31.747],[130.74447,31.74769],[130.74497,31.74813],[130.74524,31.74834],[130.74653,31.74941],[130.74709,31.74997],[130.74743,31.7503],[130.74754,31.75045],[130.7477,31.75073],[130.74778,31.75091],[130.74784,31.75102],[130.74793,31.75123],[130.74812,31.75178],[130.74834,31.75247],[130.74866,31.75347],[130.74883,31.75398],[130.74902,31.75457],[130.74907,31.7547],[130.74932,31.75541],[130.74962,31.75624],[130.74991,31.75703],[130.75018,31.75766],[130.7503,31.75806],[130.75049,31.75854],[130.75066,31.75902],[130.75083,31.75948],[130.75093,31.75976],[130.75106,31.76008],[130.75115,31.76041],[130.75117,31.76073],[130.75117,31.7609],[130.75115,31.76122],[130.7511,31.76145],[130.75097,31.76182],[130.75078,31.76221],[130.75067,31.76239],[130.75041,31.76275],[130.74999,31.76323]],[[130.64645,32.37171],[130.64667,32.3718],[130.64707,32.37196],[130.648,32.37234],[130.649,32.3727],[130.64957,32.37291],[130.64975,32.37297],[130.6498,32.37299],[130.64995,32.37305],[130.65045,32.37323],[130.65068,32.37332],[130.65087,32.37342],[130.65107,32.37355],[130.65132,32.37375],[130.65151,32.37389],[130.65163,32.37398],[130.65181,32.37411],[130.65191,32.37423],[130.65202,32.37443],[130.65216,32.3747],[130.65224,32.37487],[130.65227,32.37495],[130.65229,32.37505],[130.65236,32.37548],[130.65238,32.37592],[130.65236,32.37602],[130.65231,32.37618],[130.65214,32.3765],[130.65185,32.37699],[130.65163,32.37732],[130.65161,32.37734],[130.6516,32.37736],[130.65139,32.37766],[130.65095,32.37837],[130.65072,32.37884],[130.65064,32.37905],[130.65054,32.37964],[130.65054,32.37972],[130.65054,32.38],[130.65066,32.38041],[130.65072,32.38061],[130.65078,32.38077],[130.65086,32.38094],[130.65096,32.38114],[130.65122,32.38182],[130.65144,32.38227],[130.65163,32.38258],[130.65183,32.38288],[130.652,32.3831],[130.65224,32.38338],[130.6525,32.38364],[130.65268,32.38381],[130.65301,32.38405],[130.65339,32.38429],[130.65372,32.38446],[130.65406,32.38459],[130.65418,32.38462],[130.65442,32.38471],[130.65505,32.38497],[130.65527,32.38506],[130.65583,32.38537],[130.65611,32.38557],[130.65625,32.38571],[130.65647,32.38598],[130.65666,32.38631],[130.65678,32.38671],[130.65684,32.38699],[130.65686,32.3871],[130.65685,32.3872],[130.65682,32.38736],[130.65664,32.38798],[130.65637,32.38854],[130.65615,32.38903],[130.65611,32.38907],[130.65595,32.38942],[130.65568,32.38998],[130.65568,32.39],[130.6556,32.39017],[130.65557,32.39025],[130.65549,32.39034],[130.65527,32.39054],[130.65491,32.39082]],[[130.73276,31.81417],[130.73329,31.81362]],[[130.64599,32.46791],[130.64554,32.46845]],[[130.76969,32.10377],[130.76952,32.1031],[130.76933,32.10243],[130.76911,32.1018],[130.76907,32.10175],[130.76905,32.10167],[130.76886,32.10132],[130.76885,32.1013],[130.76882,32.10127],[130.76876,32.10115],[130.76864,32.10094],[130.76848,32.10069],[130.76845,32.10065],[130.76804,32.10012],[130.76779,32.09981],[130.76752,32.09946],[130.76748,32.09942],[130.76722,32.09909],[130.76685,32.0986],[130.76665,32.09836],[130.7666,32.0983],[130.76655,32.09818],[130.76652,32.09799],[130.76647,32.0977],[130.76643,32.09705],[130.76635,32.09546],[130.76629,32.09289],[130.76623,32.09063],[130.76621,32.0899],[130.76612,32.08678],[130.76611,32.08596],[130.76608,32.08518],[130.76602,32.08473],[130.76589,32.08429],[130.76573,32.08388],[130.76553,32.08345],[130.76519,32.0828],[130.76498,32.08247],[130.76476,32.08213],[130.76444,32.08176],[130.76429,32.08158],[130.76421,32.0815],[130.76405,32.08137],[130.76363,32.08111],[130.76318,32.08088],[130.76286,32.08074],[130.76256,32.08061],[130.76236,32.08054],[130.76197,32.08046],[130.76164,32.0804],[130.76138,32.08039],[130.75672,32.08051],[130.75515,32.08056],[130.75411,32.08055],[130.7536,32.08053],[130.75307,32.08043],[130.75274,32.08035],[130.7525,32.08026],[130.75222,32.08012],[130.7518,32.07985],[130.74991,32.07836],[130.74954,32.07806],[130.74769,32.07654],[130.74729,32.07622],[130.7468,32.07586],[130.74646,32.0756],[130.74602,32.07528],[130.74554,32.07495],[130.74515,32.07467],[130.74469,32.07437],[130.74444,32.0742],[130.74416,32.07405],[130.744,32.07396],[130.74389,32.07391],[130.74369,32.07386],[130.74353,32.07382],[130.74334,32.07378],[130.74313,32.07378],[130.74265,32.07381],[130.74243,32.07384],[130.74224,32.07388],[130.74094,32.07424],[130.7397,32.07458],[130.73835,32.07498],[130.73712,32.07533],[130.73605,32.07563],[130.73537,32.07582],[130.73483,32.07598],[130.73476,32.076],[130.73431,32.07614],[130.73398,32.07622],[130.73366,32.07628],[130.73341,32.07633],[130.73323,32.07635],[130.73291,32.07638],[130.73274,32.07638],[130.73238,32.07636],[130.73216,32.07635],[130.73187,32.07631],[130.73168,32.07629],[130.73156,32.07627],[130.73129,32.07619],[130.73101,32.0761],[130.73068,32.07596],[130.73043,32.07583],[130.73006,32.07559],[130.72977,32.0754],[130.72951,32.0752],[130.72926,32.07499],[130.72897,32.07473],[130.72877,32.07455],[130.72857,32.07432],[130.7284,32.07411],[130.72826,32.07391],[130.72815,32.07374],[130.72809,32.07361],[130.72803,32.07339],[130.72799,32.07307],[130.72797,32.07293],[130.72794,32.07238]],[[130.72886,32.0743],[130.72871,32.07413],[130.72852,32.07392],[130.72836,32.07368],[130.72824,32.07345],[130.72813,32.07317],[130.72806,32.07293],[130.72794,32.07238]],[[130.73719,32.01608],[130.73777,32.01339],[130.73799,32.01245]],[[130.75281,32.21564],[130.75482,32.21664]],[[130.72615,32.22838],[130.72613,32.22839],[130.72535,32.22851]],[[130.64645,32.37171],[130.64573,32.37142]],[[130.72388,31.89024],[130.72451,31.88983]],[[130.75482,32.21664],[130.75497,32.21671],[130.75552,32.21697],[130.75566,32.21704],[130.75606,32.21724],[130.75661,32.21751],[130.75733,32.21786],[130.75748,32.21792],[130.75764,32.218],[130.75776,32.21806],[130.75819,32.21824],[130.75837,32.21831],[130.75853,32.21836],[130.75904,32.21848],[130.75927,32.21851],[130.75972,32.21857],[130.75987,32.21858],[130.75998,32.21858],[130.76009,32.21859],[130.76071,32.2186],[130.76081,32.2186],[130.76243,32.21858],[130.76346,32.21857],[130.7652,32.21854],[130.76546,32.21853],[130.76588,32.21852],[130.76618,32.21852],[130.76679,32.21849],[130.76781,32.21846],[130.76834,32.21842]],[[130.60004,32.33053],[130.60057,32.33115]],[[130.78834,32.1651],[130.78727,32.16483]],[[130.76969,32.10377],[130.76995,32.10477]],[[130.6452,32.41062],[130.64561,32.41008]],[[130.72535,32.22851],[130.7248,32.22862],[130.72456,32.22866],[130.72224,32.22918],[130.72153,32.22934],[130.72108,32.22941],[130.72074,32.22945],[130.72032,32.22948],[130.71994,32.22949],[130.71926,32.22949],[130.71873,32.22949],[130.71809,32.22946],[130.71735,32.22944],[130.71562,32.22941],[130.7151,32.22941],[130.71454,32.22943],[130.71386,32.22948],[130.71379,32.22948],[130.71334,32.22952],[130.71314,32.22953],[130.71193,32.22963],[130.71168,32.22965],[130.71148,32.22968],[130.7108,32.22984],[130.70808,32.23042],[130.70805,32.23043],[130.70758,32.23048],[130.70731,32.23053],[130.70642,32.23082],[130.70626,32.23088],[130.70598,32.23097],[130.70547,32.23116],[130.70547,32.23117],[130.70498,32.23134],[130.70454,32.2315],[130.70382,32.23177],[130.70376,32.23178],[130.70313,32.23201],[130.7018,32.2325],[130.7016,32.23257],[130.70147,32.23261],[130.70146,32.23262],[130.70054,32.23296],[130.70037,32.23303],[130.70035,32.23303],[130.70032,32.23305],[130.70017,32.23313],[130.69987,32.23331],[130.69949,32.23356],[130.69927,32.23371],[130.69869,32.2341],[130.69824,32.23439],[130.69784,32.23464],[130.69783,32.23465],[130.6974,32.23494],[130.69577,32.23601],[130.69535,32.23631],[130.69531,32.23634]],[[130.72186,31.82693],[130.72394,31.82686]],[[130.74379,31.747],[130.7421,31.74547],[130.74104,31.7445]],[[130.60004,32.33053],[130.59986,32.3303],[130.59967,32.32997],[130.59953,32.32969],[130.59941,32.32942],[130.59941,32.32939],[130.59937,32.32891],[130.59937,32.32888],[130.59936,32.32876],[130.59935,32.32838],[130.59942,32.32805],[130.59945,32.32795],[130.59959,32.32768],[130.59972,32.32749],[130.59982,32.32733],[130.59989,32.32715],[130.59992,32.32703],[130.6,32.32681],[130.60008,32.32646],[130.6001,32.32644],[130.60014,32.32622],[130.60024,32.32587],[130.60036,32.3256],[130.60065,32.32508],[130.60104,32.32459],[130.60138,32.32423],[130.60159,32.32398],[130.60225,32.32314],[130.60255,32.32272],[130.60332,32.32158],[130.60345,32.32141],[130.60367,32.32106],[130.60385,32.32077],[130.604,32.32054],[130.6041,32.32038],[130.60442,32.31995],[130.60487,32.31943],[130.60509,32.31914],[130.60518,32.319],[130.60528,32.31886],[130.60532,32.31878],[130.60536,32.31875],[130.6056,32.31847],[130.60602,32.31807],[130.60631,32.31778],[130.60634,32.31774],[130.60636,32.31772],[130.60655,32.31745],[130.60662,32.31731],[130.60666,32.31723],[130.60668,32.31718],[130.60677,32.31695],[130.60686,32.31674],[130.60696,32.31656],[130.60716,32.31624],[130.60735,32.316],[130.60753,32.31581],[130.60801,32.3154],[130.60896,32.31468],[130.60902,32.31464],[130.60934,32.31439],[130.60958,32.31416],[130.60997,32.31369],[130.61017,32.31346],[130.61022,32.3134],[130.61052,32.31307],[130.61074,32.31282],[130.61084,32.31267],[130.61097,32.31249],[130.61151,32.31153],[130.61153,32.3115],[130.61159,32.31127],[130.61159,32.31086],[130.61153,32.31029],[130.61148,32.31008],[130.61148,32.31005],[130.61136,32.30974],[130.61096,32.30895],[130.6108,32.30865],[130.61067,32.30843],[130.61041,32.30798],[130.61015,32.30758],[130.60982,32.30716],[130.60951,32.30685],[130.60951,32.30684],[130.60911,32.3064],[130.60869,32.30601],[130.60866,32.30599]],[[130.75281,32.21564],[130.75142,32.21498],[130.75088,32.21472],[130.75047,32.21454],[130.74972,32.2142],[130.74958,32.21413],[130.74858,32.21368],[130.74823,32.21354],[130.74803,32.21349],[130.74794,32.21347],[130.74783,32.21346],[130.74768,32.21345],[130.74736,32.21341],[130.74683,32.21341],[130.74655,32.21345],[130.74649,32.21346],[130.74618,32.21353],[130.74576,32.21367],[130.74537,32.21382],[130.74519,32.21391],[130.74499,32.21402],[130.74497,32.21403],[130.74453,32.2143],[130.74428,32.21448],[130.74419,32.21455],[130.74416,32.21458],[130.74411,32.21462],[130.74406,32.21467],[130.74316,32.21546],[130.74311,32.21549],[130.74273,32.21584],[130.7423,32.21622],[130.74224,32.21629],[130.74057,32.21777],[130.73996,32.21833],[130.73957,32.21868],[130.73949,32.21875],[130.73786,32.22021],[130.73756,32.22048],[130.73754,32.22051],[130.73752,32.22052],[130.73651,32.22142],[130.73599,32.2219],[130.73522,32.22259],[130.73513,32.22268],[130.7346,32.22315],[130.73219,32.22533],[130.73186,32.22563],[130.7315,32.22594],[130.73127,32.22615],[130.73044,32.2269],[130.73041,32.22692],[130.73014,32.22714],[130.72999,32.22725],[130.72972,32.22739],[130.72969,32.2274],[130.72956,32.22746],[130.72939,32.22751],[130.72935,32.22754],[130.72877,32.22773],[130.72869,32.22775],[130.7285,32.22783],[130.72822,32.22792],[130.72799,32.22798],[130.72752,32.22809],[130.72711,32.22819],[130.72687,32.22825],[130.7268,32.22827],[130.72615,32.22838]],[[130.69437,32.23702],[130.69434,32.23704],[130.69364,32.23754],[130.69315,32.23787],[130.69294,32.23801],[130.6929,32.23804],[130.69233,32.23847],[130.69203,32.23863],[130.69196,32.23866],[130.69179,32.2387],[130.69162,32.23873],[130.69113,32.23879],[130.69046,32.23889],[130.69011,32.23899],[130.68985,32.23908],[130.68964,32.23918],[130.68952,32.23925],[130.6895,32.23926],[130.68932,32.23939],[130.68922,32.23949],[130.68909,32.23962],[130.68885,32.23986],[130.68809,32.24059],[130.68792,32.2407],[130.68783,32.24075],[130.68773,32.24079],[130.68723,32.24095],[130.68596,32.24126],[130.68539,32.24141],[130.68529,32.24144],[130.68516,32.24147],[130.6851,32.24149],[130.68498,32.24152],[130.68477,32.24159],[130.68458,32.24168],[130.68433,32.24182],[130.68415,32.24195],[130.68375,32.24238],[130.68368,32.24247],[130.68311,32.24305],[130.68289,32.24324],[130.68259,32.24342],[130.68215,32.24362],[130.68179,32.24373],[130.68153,32.24379],[130.68136,32.24381],[130.68103,32.24388],[130.68098,32.24389],[130.68058,32.24394],[130.68014,32.24397],[130.67941,32.24395],[130.67892,32.24395],[130.67855,32.24396],[130.67814,32.244],[130.67775,32.24401],[130.67723,32.24403],[130.67692,32.24403],[130.67644,32.24406],[130.67608,32.24407],[130.6757,32.24408],[130.67545,32.24407],[130.67515,32.24403],[130.67474,32.24396],[130.67434,32.24387],[130.67384,32.24378],[130.67365,32.24374],[130.67337,32.24367],[130.67313,32.24362],[130.67299,32.24361],[130.6726,32.24361],[130.67235,32.24362],[130.67194,32.24367],[130.67102,32.2438],[130.67074,32.24383],[130.67057,32.24385],[130.67029,32.24385],[130.67,32.24385],[130.6698,32.24385],[130.66961,32.24385],[130.66957,32.24385],[130.66922,32.24384],[130.66866,32.2438],[130.66823,32.24376],[130.66785,32.24372]],[[130.72451,31.88983],[130.72479,31.88961],[130.72498,31.88946],[130.7251,31.88936],[130.72541,31.88908],[130.72683,31.88781],[130.72847,31.88641],[130.72889,31.88597],[130.72909,31.88572],[130.72925,31.88547],[130.72935,31.88521],[130.72938,31.885],[130.72939,31.8847],[130.72939,31.88455],[130.72937,31.88422],[130.72929,31.88386],[130.72913,31.88325],[130.72894,31.88246],[130.72889,31.88216],[130.7289,31.882],[130.72894,31.88164],[130.72911,31.88119],[130.72941,31.88075],[130.72979,31.88027],[130.73018,31.87984],[130.73075,31.87915],[130.73094,31.87891],[130.73195,31.87757],[130.73246,31.87701],[130.73283,31.87672],[130.73305,31.87658],[130.73358,31.87629],[130.73458,31.87587],[130.73476,31.87579],[130.73504,31.87566],[130.73527,31.87553],[130.73587,31.87509],[130.7362,31.87477],[130.73636,31.87456],[130.7365,31.87421],[130.73653,31.87414],[130.73666,31.87366],[130.73669,31.87336],[130.73666,31.87277],[130.73659,31.87249],[130.73646,31.8722],[130.73623,31.87187],[130.73614,31.87173],[130.73605,31.87163],[130.73562,31.87114],[130.73522,31.87068],[130.73489,31.87023],[130.73486,31.87019],[130.73483,31.87014],[130.73464,31.86973],[130.73436,31.86909]],[[130.74539,31.7964],[130.74496,31.79577]],[[130.78504,32.16386],[130.78574,32.16417]],[[130.7278,32.0712],[130.72787,32.07155],[130.7279,32.07192],[130.7279,32.07209],[130.72794,32.07238]],[[130.76995,32.10477],[130.77017,32.10571],[130.77059,32.10741],[130.77071,32.10775],[130.77076,32.10796],[130.77083,32.10818],[130.77095,32.10846],[130.77112,32.10876],[130.77179,32.10973],[130.77197,32.11008],[130.77214,32.11061],[130.7723,32.11125],[130.77236,32.11153],[130.77238,32.11168],[130.77243,32.11188],[130.77245,32.11215],[130.77247,32.11235],[130.77245,32.11299],[130.77242,32.1133],[130.77239,32.11344],[130.77238,32.11348],[130.77234,32.11367],[130.77225,32.11408],[130.77219,32.11434],[130.77212,32.11479],[130.77208,32.11532],[130.77208,32.11543],[130.77207,32.11565],[130.77203,32.116],[130.772,32.11614],[130.77197,32.11623],[130.77192,32.11646],[130.77175,32.11683],[130.77147,32.11741],[130.77106,32.11819],[130.77098,32.11842],[130.77094,32.11851],[130.77092,32.11873],[130.77089,32.11921],[130.77082,32.12008],[130.77077,32.1203],[130.77062,32.12065],[130.77047,32.12092],[130.7701,32.12162],[130.76996,32.12192],[130.76991,32.12214],[130.76989,32.12223],[130.7699,32.12275],[130.76996,32.12308],[130.77002,32.12324],[130.77026,32.12365],[130.77043,32.12389],[130.77053,32.12399],[130.77085,32.12431],[130.77121,32.12467],[130.77175,32.12539],[130.77198,32.12574],[130.7721,32.12591],[130.77213,32.12596],[130.77255,32.12659],[130.77304,32.12731],[130.77368,32.12825],[130.7737,32.1283],[130.77392,32.12864],[130.77396,32.1287],[130.77404,32.12882],[130.77432,32.12927],[130.77445,32.1295],[130.77457,32.1298],[130.77478,32.13037],[130.77491,32.13076],[130.77516,32.13164],[130.77529,32.13198],[130.77537,32.13216],[130.77579,32.13289],[130.77627,32.13371],[130.7764,32.13402],[130.77644,32.13424],[130.77648,32.13444],[130.7765,32.13466],[130.77652,32.13495],[130.77654,32.13524],[130.77653,32.13544],[130.77651,32.13568],[130.77643,32.13645],[130.77643,32.13693],[130.77651,32.13734],[130.77661,32.13769],[130.77668,32.1379],[130.7768,32.13823],[130.77686,32.13848],[130.77685,32.13891],[130.77682,32.13922],[130.7768,32.13932],[130.77669,32.13965],[130.77649,32.14013],[130.77639,32.14039],[130.77629,32.14071],[130.77625,32.14095],[130.77625,32.14106],[130.77623,32.14109],[130.77623,32.14154],[130.77629,32.14184],[130.77636,32.14211],[130.77642,32.14249],[130.77643,32.14265],[130.77643,32.14324],[130.77637,32.14365],[130.77627,32.14397],[130.77613,32.14427],[130.77596,32.1445],[130.77592,32.14456],[130.77583,32.14465],[130.77543,32.14499],[130.77498,32.14529],[130.77497,32.1453],[130.77461,32.14551],[130.77451,32.14555],[130.77438,32.14562],[130.77408,32.14577],[130.77369,32.14596],[130.77346,32.14609],[130.77323,32.1463],[130.77305,32.14657],[130.77291,32.14684],[130.77283,32.14708],[130.7728,32.1473],[130.77277,32.14756],[130.77275,32.14776],[130.77278,32.14803],[130.77284,32.14834],[130.77286,32.14844],[130.77294,32.14872],[130.77306,32.14903],[130.77318,32.14926],[130.77329,32.14942],[130.77341,32.14957],[130.77382,32.14995],[130.77406,32.15011],[130.77433,32.15027],[130.77454,32.15037],[130.77488,32.15051],[130.7753,32.15062],[130.77544,32.15065],[130.77569,32.15067],[130.77637,32.15067],[130.77757,32.15058],[130.77798,32.15057],[130.77828,32.15058],[130.77858,32.15062],[130.77881,32.15068],[130.77885,32.15068],[130.77933,32.15086],[130.77963,32.15105],[130.77988,32.15123],[130.78008,32.15139],[130.78026,32.15158],[130.78059,32.15192],[130.78079,32.15219],[130.78102,32.15261],[130.78109,32.1528],[130.78118,32.15302],[130.78123,32.15333],[130.78125,32.15371],[130.78125,32.1538],[130.78123,32.15404],[130.78117,32.15433],[130.78113,32.15448],[130.78101,32.15477],[130.78091,32.15492],[130.78044,32.15544],[130.78028,32.15562],[130.7798,32.15615],[130.77969,32.15627],[130.77922,32.15681],[130.7788,32.15727],[130.7786,32.15755],[130.77846,32.15784],[130.77843,32.15796],[130.77838,32.15819],[130.77834,32.15846],[130.77834,32.15884],[130.77835,32.15913],[130.77844,32.15982],[130.7785,32.16014],[130.77862,32.16048],[130.77884,32.16095],[130.77888,32.16103],[130.77889,32.16106],[130.7789,32.16107],[130.77944,32.16216],[130.77951,32.16231],[130.77964,32.16258],[130.77979,32.16287],[130.78,32.16337],[130.78006,32.16355],[130.78015,32.16391],[130.78016,32.16407],[130.78013,32.1643],[130.78011,32.16439],[130.77993,32.16512],[130.77983,32.16565],[130.77981,32.16597],[130.77982,32.16621],[130.77987,32.16645],[130.77999,32.16676],[130.78021,32.16717],[130.78039,32.16744],[130.78059,32.16763],[130.78074,32.16775],[130.78105,32.16797],[130.78143,32.1682],[130.78175,32.16834],[130.7821,32.16847],[130.78241,32.16855],[130.78257,32.16857],[130.7828,32.16859],[130.78303,32.1686],[130.78346,32.16859],[130.78373,32.16856],[130.78408,32.16847],[130.78444,32.16835],[130.7847,32.16822],[130.78479,32.16817],[130.785,32.16804],[130.78523,32.16786],[130.78541,32.16769],[130.78558,32.16748],[130.78577,32.16719],[130.78596,32.16684],[130.78608,32.1666],[130.78619,32.16633],[130.78625,32.16612],[130.78626,32.16602],[130.78626,32.16577],[130.78623,32.16558],[130.7862,32.16549],[130.78607,32.16516],[130.78586,32.1648],[130.78565,32.1645],[130.78534,32.16414],[130.78504,32.16386]],[[130.69531,32.23634],[130.69437,32.23702]],[[130.64554,32.46845],[130.64553,32.46847],[130.64484,32.46937],[130.6442,32.47009],[130.64404,32.47029],[130.64342,32.4711],[130.64287,32.47184],[130.64268,32.4721],[130.64258,32.47223],[130.64244,32.47237],[130.64216,32.4726],[130.64178,32.47282],[130.64159,32.47291],[130.64125,32.47303],[130.64082,32.47317],[130.64031,32.47338],[130.6397,32.47373],[130.63931,32.47395],[130.63907,32.47404],[130.63894,32.47408],[130.63883,32.47412],[130.6384,32.47421],[130.63822,32.47423],[130.63781,32.47426],[130.6369,32.47431],[130.63631,32.4744],[130.6361,32.47445],[130.63549,32.47462],[130.63511,32.47475],[130.6345,32.475],[130.63418,32.47515],[130.63394,32.47529],[130.63373,32.47542],[130.63343,32.47565],[130.63329,32.47578],[130.63321,32.47586],[130.63305,32.47605],[130.63284,32.47639],[130.63274,32.47662],[130.63258,32.4771],[130.63247,32.47749],[130.6322,32.47846],[130.63212,32.47887],[130.63206,32.47919],[130.63195,32.48017],[130.63193,32.48187],[130.63196,32.48253],[130.632,32.48289],[130.63217,32.4842],[130.63222,32.4846],[130.63214,32.48544],[130.63214,32.48547],[130.63217,32.486],[130.63223,32.48635],[130.63225,32.48652],[130.63232,32.48706],[130.6324,32.48724],[130.6325,32.4875],[130.63258,32.48782],[130.63261,32.48804],[130.63263,32.48874],[130.63265,32.489],[130.63266,32.48908],[130.63268,32.48937],[130.63281,32.49075],[130.63276,32.49269],[130.63273,32.49422],[130.63272,32.49448],[130.63258,32.49502],[130.63255,32.49537]],[[130.72256,31.95004],[130.72414,31.95098]],[[130.60834,32.26763],[130.60835,32.26761],[130.60862,32.26709],[130.60878,32.26684],[130.60894,32.26661],[130.60923,32.26619],[130.60939,32.26599],[130.60945,32.2659],[130.60963,32.2657],[130.6099,32.26543],[130.61022,32.26517],[130.61035,32.26508],[130.61056,32.26498],[130.61079,32.26489],[130.61091,32.26485],[130.61093,32.26483],[130.61103,32.2648],[130.61146,32.26472],[130.61174,32.2647],[130.61195,32.26469],[130.61217,32.26471],[130.61237,32.26474],[130.61262,32.26478],[130.61297,32.26486],[130.61307,32.26488],[130.61348,32.265],[130.61488,32.26541],[130.61513,32.26547],[130.61544,32.26552],[130.61568,32.26554],[130.61616,32.26554],[130.61656,32.26552],[130.61757,32.26548],[130.61776,32.26547],[130.61847,32.26539],[130.61893,32.2653],[130.61927,32.2652],[130.61948,32.26513],[130.61958,32.2651],[130.61991,32.26497],[130.62028,32.26478],[130.62043,32.2647],[130.62087,32.26447],[130.62189,32.26396],[130.62239,32.2637],[130.62269,32.26354],[130.62277,32.26349],[130.62321,32.26318],[130.62365,32.26283],[130.62369,32.26279],[130.62388,32.2626],[130.6239,32.26258],[130.62439,32.26199],[130.6244,32.26197],[130.62441,32.26196],[130.62515,32.26098],[130.62534,32.26074],[130.62536,32.26071],[130.626,32.26007],[130.62602,32.26005],[130.62708,32.25918],[130.62713,32.25914],[130.62722,32.25908],[130.62731,32.25902],[130.62749,32.25891],[130.62807,32.25862],[130.62864,32.25839],[130.62892,32.2583],[130.62917,32.25825],[130.6296,32.2582],[130.63071,32.25812],[130.63142,32.25809],[130.63193,32.25807],[130.63219,32.25805],[130.63245,32.25801],[130.63267,32.25795],[130.63293,32.25785],[130.6332,32.25775],[130.63349,32.25761],[130.63377,32.25745],[130.634,32.25729],[130.63445,32.25698],[130.63463,32.25685],[130.63476,32.25678],[130.63495,32.25667],[130.6352,32.25653],[130.63554,32.25635],[130.6361,32.25607],[130.63632,32.25596],[130.63659,32.25588],[130.63695,32.25576],[130.63716,32.25568],[130.63758,32.25546],[130.63809,32.25515],[130.6384,32.25494],[130.63902,32.25446],[130.6393,32.25429],[130.63961,32.2541],[130.64007,32.25386],[130.64062,32.25358],[130.64077,32.2535],[130.64095,32.25342],[130.64132,32.25323],[130.64147,32.25317],[130.6416,32.25312],[130.64182,32.25307],[130.64202,32.25303],[130.64223,32.25301],[130.64244,32.25301],[130.64286,32.25304],[130.64334,32.25306],[130.644,32.25307],[130.64429,32.25306],[130.6445,32.25305],[130.64463,32.25303],[130.64488,32.25297],[130.64509,32.2529],[130.64546,32.25278],[130.64581,32.25265],[130.646,32.25255],[130.64622,32.25244],[130.64648,32.25221],[130.64692,32.25177],[130.64727,32.25143],[130.64774,32.25103],[130.64782,32.25098],[130.64802,32.25085],[130.64819,32.25075],[130.64833,32.25068],[130.64842,32.25063],[130.64856,32.25056],[130.64872,32.25049],[130.64902,32.25034],[130.64919,32.25026],[130.64928,32.25023],[130.64937,32.2502],[130.64957,32.25012],[130.64981,32.25004],[130.64999,32.25],[130.65022,32.24998],[130.65053,32.24997],[130.65086,32.24998],[130.65115,32.25001],[130.65177,32.25009],[130.65181,32.2501]],[[130.70249,31.90679],[130.70336,31.90565]],[[130.74496,31.79577],[130.74466,31.79533],[130.74442,31.79496],[130.74421,31.79465],[130.74408,31.79441],[130.74401,31.79418],[130.74399,31.79399],[130.744,31.7937],[130.74401,31.7935],[130.74402,31.79346],[130.74406,31.79307],[130.7441,31.79287],[130.74417,31.79269],[130.74437,31.79236],[130.74485,31.79156],[130.74508,31.79115],[130.74536,31.79066],[130.7455,31.79037],[130.7459,31.78969],[130.74609,31.78934],[130.74629,31.78908],[130.7465,31.78878],[130.74669,31.78857],[130.74706,31.78821],[130.74747,31.78787],[130.7477,31.78766],[130.74936,31.78633],[130.75035,31.7855],[130.75066,31.78526],[130.75086,31.78507],[130.75099,31.78494],[130.75133,31.78454],[130.75137,31.78448],[130.75157,31.78412],[130.75171,31.78382],[130.75179,31.78359],[130.75186,31.78333],[130.7519,31.78302],[130.75193,31.78278],[130.75193,31.78255],[130.7519,31.78228],[130.75184,31.7821],[130.75176,31.78193],[130.75169,31.78181],[130.75149,31.78157],[130.75133,31.7814],[130.75122,31.78132],[130.75097,31.78116],[130.7507,31.78101],[130.75042,31.78088],[130.74993,31.7807],[130.74953,31.78058],[130.74892,31.78039],[130.7486,31.7803],[130.74822,31.78017],[130.74805,31.78009],[130.74788,31.78],[130.7477,31.77986],[130.74754,31.77975],[130.74728,31.77956],[130.74713,31.77946],[130.74698,31.77935],[130.74689,31.77924],[130.74648,31.77886],[130.74635,31.77873],[130.74594,31.77847],[130.74586,31.77845],[130.74571,31.77839],[130.74528,31.77824],[130.7451,31.77819],[130.74487,31.77814],[130.74471,31.77812],[130.74446,31.77808],[130.74413,31.77806],[130.74377,31.77797],[130.74359,31.77791],[130.74333,31.77781],[130.74311,31.77769],[130.74282,31.77757],[130.74242,31.77739],[130.74226,31.7773],[130.742,31.77718],[130.74187,31.77712],[130.74176,31.77705],[130.74152,31.77685],[130.74136,31.77665],[130.74125,31.77641],[130.74118,31.77614],[130.74115,31.7758],[130.74118,31.7755],[130.74129,31.77507],[130.74154,31.77436],[130.74172,31.77398],[130.74181,31.77382],[130.74198,31.77347],[130.74217,31.77324],[130.74238,31.77299],[130.74255,31.77282],[130.74296,31.7725],[130.74338,31.7722],[130.74409,31.77169],[130.74448,31.77141],[130.74471,31.77123],[130.7449,31.77106],[130.74508,31.77085],[130.74526,31.77059],[130.74536,31.77039],[130.74542,31.77029],[130.74547,31.77017],[130.74555,31.76999],[130.74584,31.76929],[130.74619,31.76846],[130.74646,31.76781],[130.74659,31.76756],[130.74676,31.76725],[130.74699,31.76695],[130.74726,31.76659],[130.7475,31.76629],[130.7477,31.76603],[130.74805,31.76561],[130.74857,31.76494],[130.7489,31.76452],[130.74922,31.76414],[130.74949,31.76382]],[[130.70249,31.90679],[130.7016,31.90795],[130.70036,31.90957],[130.70001,31.91015],[130.69982,31.91054],[130.69973,31.91084],[130.69968,31.9114],[130.69945,31.91355],[130.69934,31.91459],[130.69931,31.91473],[130.69926,31.91487],[130.69919,31.91498],[130.69898,31.9153],[130.6983,31.91597],[130.69788,31.91629],[130.69753,31.9165],[130.69654,31.91717],[130.69618,31.91747],[130.69589,31.9178],[130.69568,31.91808],[130.69554,31.91833],[130.69542,31.91863],[130.69535,31.91888],[130.69528,31.91924],[130.69529,31.91957],[130.69531,31.9198],[130.69537,31.92012],[130.69548,31.92033],[130.6956,31.92054],[130.69561,31.92055],[130.69593,31.92098],[130.69634,31.92135],[130.69673,31.9216],[130.69733,31.92191],[130.69788,31.92226],[130.69807,31.92244],[130.69848,31.92293],[130.69863,31.92321],[130.69876,31.92359],[130.69882,31.92383],[130.69893,31.92474],[130.69899,31.92509],[130.69903,31.92521],[130.69919,31.92542],[130.69947,31.92583],[130.69976,31.92636],[130.69986,31.92663],[130.70012,31.92718],[130.70018,31.92743],[130.70023,31.9278],[130.70021,31.92822],[130.7,31.92918],[130.69976,31.93033],[130.69973,31.93058],[130.69975,31.93085],[130.69982,31.93104],[130.70016,31.93164],[130.70118,31.93322],[130.70146,31.93361],[130.7027,31.93467],[130.70305,31.93497],[130.70526,31.93684],[130.7055,31.93705],[130.70578,31.93728],[130.70596,31.93743],[130.7064,31.93765],[130.70732,31.938],[130.70829,31.93833],[130.70886,31.93855],[130.7094,31.93891],[130.70965,31.93914],[130.71003,31.93959],[130.71019,31.93988],[130.71033,31.94023],[130.71054,31.94106],[130.7108,31.94209],[130.7111,31.94316],[130.71145,31.94442],[130.71163,31.94487],[130.71178,31.94511],[130.71205,31.94541],[130.71245,31.94571],[130.71276,31.94589],[130.71319,31.94606],[130.71649,31.94694],[130.71746,31.94721],[130.71779,31.94735],[130.71812,31.94754],[130.71855,31.94778],[130.72256,31.95004]],[[130.70336,31.90565],[130.70457,31.90408],[130.70482,31.90377],[130.70517,31.90338],[130.70558,31.90301],[130.70589,31.90281],[130.70633,31.90261],[130.70655,31.90254],[130.707,31.90243],[130.70846,31.90206],[130.70942,31.90179],[130.71047,31.90145],[130.71103,31.90127],[130.71114,31.90123],[130.71179,31.90088],[130.712,31.90072],[130.71222,31.90053],[130.71235,31.90039],[130.71242,31.90031],[130.71253,31.90017],[130.71271,31.89984],[130.71291,31.8993],[130.71322,31.89812],[130.71353,31.89685],[130.71364,31.89652],[130.71384,31.89586],[130.71405,31.89541],[130.71412,31.89533],[130.71435,31.89507],[130.71483,31.89468],[130.71521,31.89444],[130.71578,31.89423],[130.71606,31.89415],[130.71631,31.89411],[130.71637,31.89411],[130.71699,31.89405],[130.71808,31.89402],[130.71841,31.89402],[130.71854,31.894],[130.7189,31.89393],[130.71902,31.89389],[130.71939,31.89372],[130.71973,31.89353],[130.72033,31.89317],[130.72051,31.89304],[130.72073,31.8928],[130.72095,31.89246],[130.72135,31.89194],[130.72161,31.89168],[130.72184,31.89149],[130.7223,31.89121],[130.72238,31.89117],[130.72275,31.89101],[130.72295,31.8909],[130.72388,31.89024]],[[130.72989,32.07516],[130.72958,32.07493],[130.72936,32.07475]],[[130.72414,31.95098],[130.7257,31.95207],[130.72638,31.95261],[130.72671,31.95296],[130.7269,31.95327],[130.72717,31.95408],[130.72719,31.95418],[130.72734,31.95491],[130.72736,31.95511],[130.72733,31.95539],[130.72722,31.95583],[130.72696,31.95639],[130.72648,31.95726],[130.72607,31.95796],[130.72571,31.95892],[130.72557,31.95946],[130.72551,31.96003],[130.72555,31.96056],[130.72567,31.96107],[130.72587,31.96164],[130.72604,31.96194],[130.72679,31.96291],[130.72684,31.96299],[130.72881,31.96555],[130.72972,31.96683],[130.73025,31.9676],[130.73078,31.9694],[130.73116,31.97085],[130.73129,31.97113],[130.7316,31.97169],[130.73281,31.97339],[130.73356,31.97417],[130.73374,31.97436],[130.73398,31.97453],[130.73418,31.9747],[130.73455,31.9749],[130.73545,31.97539],[130.73574,31.97552],[130.73594,31.97562],[130.73617,31.97579],[130.73658,31.97624],[130.73673,31.97645],[130.73687,31.97673],[130.73849,31.97985],[130.739,31.98089],[130.73938,31.98166],[130.74003,31.98296],[130.74024,31.98353],[130.74038,31.98424],[130.74056,31.98515],[130.74126,31.98902],[130.74128,31.98932],[130.74126,31.98951],[130.74116,31.98979],[130.74069,31.99063],[130.73954,31.9927],[130.73943,31.99289],[130.7382,31.99506],[130.73815,31.99517],[130.73806,31.99536],[130.73793,31.99576],[130.73789,31.99604],[130.73788,31.99626],[130.73792,31.99672],[130.73794,31.9969],[130.73836,31.99987],[130.7384,32.00014],[130.73878,32.00253],[130.73893,32.00345],[130.73912,32.00499],[130.73918,32.00552],[130.7392,32.00567],[130.73922,32.00603],[130.73921,32.00674],[130.73915,32.00735],[130.73912,32.00752],[130.73896,32.00836],[130.73888,32.00878],[130.73876,32.00927],[130.73848,32.01043],[130.73828,32.01128]]]},"properties":{"index":4,"operator_id":"jr_kyushu","operator_name":"九州旅客鉄道","line_name":"肥薩線","component_count":2,"track_centerline_count":68,"color":"#22C55E","bbox":[130.5978,31.74303,130.79036,32.50508],"label":"4. 九州旅客鉄道 / 肥薩線"}},{"type":"Feature","id":"CONTINUITY_05","geometry":{"type":"MultiLineString","coordinates":[[[130.33764,31.6736],[130.33597,31.67424]],[[130.88477,33.88605],[130.88531,33.88582],[130.88567,33.88567],[130.8873,33.88496],[130.88808,33.88472],[130.88828,33.88469],[130.88843,33.88466],[130.88862,33.88463],[130.88889,33.88461]],[[130.82187,33.89787],[130.81996,33.89696]],[[130.53969,31.57754],[130.54039,31.5783],[130.5407,31.57874],[130.54093,31.57918],[130.54096,31.57925],[130.54121,31.58006],[130.54138,31.58069],[130.54165,31.58213],[130.54181,31.58288]],[[130.54997,32.92604],[130.54743,32.92591]],[[130.56512,31.60276],[130.56477,31.60251],[130.56451,31.60232],[130.56413,31.60209],[130.56339,31.60172]],[[130.44459,33.03042],[130.44467,33.03054],[130.44553,33.03177],[130.44611,33.0326],[130.44681,33.0336],[130.44854,33.03612],[130.45046,33.03885],[130.4515,33.04048],[130.45182,33.04097],[130.45277,33.0424],[130.45333,33.04324],[130.45485,33.04553],[130.45577,33.04692],[130.45597,33.04721],[130.45682,33.04849],[130.45914,33.05205],[130.46054,33.05435]],[[130.30248,31.69035],[130.30227,31.69054],[130.30205,31.69074],[130.30131,31.69142],[130.30083,31.69186],[130.2999,31.6927],[130.29858,31.69392],[130.29845,31.69401],[130.29819,31.69416],[130.29753,31.69453],[130.29722,31.69471],[130.29493,31.69593],[130.29465,31.69608],[130.29426,31.69629],[130.29298,31.69697],[130.29148,31.69777],[130.29079,31.69814],[130.28986,31.69864],[130.28897,31.69912],[130.28881,31.6992],[130.28808,31.69958],[130.28694,31.70019],[130.28644,31.70049],[130.28616,31.7007],[130.28602,31.70084],[130.28581,31.70111],[130.2857,31.70127],[130.28466,31.70279],[130.28448,31.70307],[130.284223,31.70347]],[[130.449917,33.712764],[130.448968,33.711287]],[[130.60463,33.8186],[130.6046,33.8187],[130.60452,33.819],[130.6045,33.82054],[130.60447,33.82156],[130.60455,33.82189],[130.6048,33.82248],[130.60493,33.82271],[130.60514,33.82309],[130.60608,33.82459],[130.60645,33.82509],[130.60693,33.82567],[130.60779,33.82656],[130.60873,33.82756]],[[130.87531,33.88846],[130.87281,33.88898]],[[130.44914,33.55259],[130.44824,33.55393]],[[130.44137,33.67342],[130.44172,33.67291],[130.44209,33.67234],[130.44249,33.67167],[130.44274,33.67111],[130.44293,33.67051],[130.44305,33.66995],[130.44388,33.66682],[130.4441,33.666],[130.44431,33.66501],[130.44438,33.66448],[130.44438,33.66415],[130.44436,33.66387],[130.44433,33.66329],[130.44413,33.66125]],[[130.67227,33.84639],[130.67218,33.84637],[130.672,33.84633],[130.67075,33.84601],[130.66846,33.84542],[130.66792,33.84529],[130.66725,33.84512],[130.66704,33.84506],[130.66601,33.8448],[130.66192,33.84375],[130.66165,33.84368],[130.66111,33.84354],[130.66018,33.8433],[130.65949,33.84312],[130.65929,33.84307],[130.65853,33.84286],[130.65818,33.8428],[130.65767,33.84276],[130.65691,33.84275],[130.65637,33.84282],[130.65607,33.84287],[130.65533,33.84308],[130.6548,33.84329],[130.6542,33.84361],[130.65229,33.84472],[130.65217,33.84479],[130.65199,33.84489],[130.65176,33.84503],[130.65139,33.84526],[130.65095,33.84552],[130.64908,33.84663],[130.64848,33.84691],[130.64811,33.84707],[130.64741,33.84727],[130.64668,33.84739],[130.64618,33.84742],[130.64558,33.84742],[130.64503,33.84738],[130.64408,33.84723],[130.64366,33.84713],[130.64337,33.84704],[130.64309,33.84692],[130.64268,33.84676],[130.63875,33.84516],[130.63844,33.84498],[130.63808,33.84473],[130.63771,33.84442],[130.63743,33.84412],[130.63723,33.84385],[130.63689,33.8433],[130.63659,33.84283],[130.63635,33.84247],[130.63626,33.84236],[130.63578,33.84188],[130.63573,33.84183],[130.63545,33.84162],[130.63468,33.84121],[130.63405,33.84098],[130.63357,33.84091],[130.63275,33.84084],[130.62864,33.84052],[130.62833,33.8405],[130.62817,33.8405],[130.62775,33.84046],[130.62508,33.84027]],[[130.87531,33.88846],[130.87741,33.88805],[130.8786,33.88782],[130.88159,33.88733]],[[130.46043,33.09844],[130.45977,33.10067]],[[130.45715,33.7208],[130.45659,33.72041],[130.4543,33.71886],[130.45394,33.71858],[130.45377,33.71841],[130.45311,33.71773],[130.45256,33.71692],[130.45249,33.71683],[130.45137,33.71507],[130.449917,33.712764]],[[130.42679,33.6191],[130.42691,33.61964],[130.42692,33.61969],[130.42744,33.62204],[130.42749,33.62246],[130.42751,33.62285],[130.42748,33.62357],[130.42725,33.62619],[130.42705,33.62842],[130.42703,33.62865],[130.42686,33.63078],[130.42667,33.63317],[130.42645,33.63546],[130.42645,33.63587],[130.4265,33.63629],[130.42665,33.63681],[130.4271,33.63755],[130.42836,33.63958],[130.42854,33.63979],[130.42869,33.63995],[130.42907,33.64035],[130.42935,33.6406],[130.42976,33.64091],[130.43132,33.6419],[130.43218,33.64245],[130.43351,33.64317],[130.436,33.64444],[130.43704,33.64525],[130.43832,33.64663],[130.44011,33.64871]],[[130.51678,33.37023],[130.5163,33.36982],[130.51552,33.36924],[130.5131,33.36764],[130.51292,33.36752],[130.51278,33.36743],[130.51256,33.36729],[130.50919,33.36508],[130.50887,33.36488],[130.50664,33.36345],[130.50641,33.36331],[130.50602,33.36305],[130.50578,33.36289],[130.50485,33.36229],[130.50446,33.36204],[130.50298,33.36108],[130.50278,33.36095],[130.49828,33.35802],[130.49789,33.35777],[130.49767,33.35763],[130.49706,33.35719],[130.49693,33.35707],[130.49681,33.35695],[130.49663,33.35676],[130.49648,33.35657],[130.49638,33.35643],[130.49629,33.35629],[130.49621,33.35614],[130.49613,33.35598],[130.49607,33.35582],[130.49601,33.35566],[130.49596,33.3555],[130.49592,33.35533],[130.49589,33.35516],[130.49587,33.35499],[130.49589,33.35361],[130.49606,33.35104],[130.49608,33.35053]],[[130.67499,33.84711],[130.67227,33.84639]],[[130.74285,33.86828],[130.74413,33.86809]],[[130.42052,33.58899],[130.42064,33.58847],[130.42062,33.58781],[130.4206,33.58738],[130.42058,33.58662],[130.42056,33.58608],[130.42052,33.5844]],[[130.53941,33.45335],[130.53947,33.45269],[130.53944,33.45208],[130.53939,33.45153],[130.53925,33.45083],[130.53907,33.45015]],[[130.80504,33.87055],[130.80393,33.86997],[130.80374,33.86988],[130.80286,33.86949],[130.80225,33.86926],[130.8019,33.86915],[130.80139,33.86906],[130.80099,33.86902],[130.80075,33.869],[130.79968,33.86901],[130.79943,33.86901],[130.79655,33.86918]],[[130.68189,32.88034],[130.6799,32.8798]],[[130.52873,33.40313],[130.5287,33.40298],[130.52869,33.40294],[130.52863,33.40265],[130.52853,33.40217]],[[130.95968,33.94318],[130.95916,33.94272],[130.95838,33.94219],[130.95825,33.9421],[130.95732,33.94157],[130.95501,33.94055],[130.95234,33.93941],[130.94972,33.93837],[130.94952,33.9383],[130.94927,33.93821],[130.9487,33.938],[130.94797,33.93752],[130.94741,33.93691],[130.94731,33.93674],[130.94364,33.93049],[130.94337,33.92954],[130.94328,33.92843],[130.94328,33.92838],[130.94341,33.92611],[130.94328,33.92528],[130.94299,33.92443],[130.94037,33.91993],[130.93956,33.91842],[130.93923,33.91757]],[[130.53219,33.42229],[130.53222,33.42213],[130.53232,33.42137],[130.53237,33.42049],[130.53237,33.42013]],[[130.69488,32.83114],[130.69481,32.83197],[130.694788,32.832791],[130.694818,32.833625],[130.694833,32.834297],[130.694842,32.834654],[130.694872,32.835021],[130.69492,32.83529],[130.695009,32.835662],[130.69515,32.83606],[130.69527,32.83631],[130.69539,32.83656],[130.695482,32.836705],[130.695738,32.837051],[130.69607,32.83743],[130.69637,32.83771],[130.69718,32.83832],[130.69802,32.83892],[130.69834,32.83921],[130.69874,32.83967],[130.69906,32.84013],[130.699297,32.840522],[130.69955,32.84118],[130.70013,32.84269],[130.70029,32.84316],[130.70091,32.84469],[130.70108,32.84511],[130.70145,32.84585],[130.70151,32.84597],[130.70232,32.84755],[130.70252,32.84807],[130.70268,32.84867],[130.702765,32.849411],[130.70276,32.85],[130.70266,32.85071],[130.70253,32.85111],[130.70227,32.85169],[130.70194,32.85232],[130.70161,32.85282],[130.70047,32.85422]],[[130.45671,32.93473],[130.45448,32.93556]],[[130.46092,31.59337],[130.46141,31.5932],[130.4622,31.59296],[130.46266,31.59281],[130.46366,31.59253],[130.46409,31.5924],[130.4645,31.5923],[130.46518,31.59221],[130.46612,31.59212],[130.46699,31.59205],[130.46745,31.59204],[130.46807,31.59202],[130.46903,31.59209],[130.47051,31.59228],[130.47108,31.59237],[130.47209,31.59258],[130.47329,31.59264],[130.47407,31.59264],[130.47546,31.59258],[130.47582,31.59255],[130.47636,31.59248],[130.4772,31.59236],[130.47743,31.59233],[130.47853,31.59205],[130.47908,31.59187],[130.47974,31.59165],[130.47981,31.59162],[130.48002,31.59154],[130.48073,31.59126],[130.48125,31.59103],[130.48152,31.59088],[130.48177,31.59072]],[[130.44824,33.55393],[130.44757,33.55491],[130.44721,33.55538],[130.44662,33.55605],[130.44576,33.55697],[130.44495,33.55779],[130.44325,33.55951],[130.44321,33.55955],[130.44213,33.56062],[130.44154,33.56121],[130.44091,33.56179],[130.44049,33.56216],[130.44002,33.56253],[130.43965,33.56278],[130.43842,33.56358],[130.43746,33.5642],[130.43635,33.56496],[130.43536,33.56562],[130.43521,33.56573],[130.43473,33.5661],[130.43322,33.56724],[130.43263,33.56775]],[[130.52989,33.79515],[130.52779,33.79383]],[[130.44391,33.65822],[130.4438,33.65735],[130.44376,33.65709],[130.44371,33.6568],[130.44358,33.65612],[130.44343,33.65566],[130.44323,33.65529],[130.443,33.65488],[130.44267,33.65415],[130.44214,33.65205],[130.44175,33.65092],[130.44125,33.65011]],[[130.45942,33.54288],[130.45776,33.5442],[130.45677,33.54496],[130.45575,33.54583],[130.45554,33.54601],[130.45361,33.54758],[130.45298,33.54807],[130.45249,33.54844],[130.45211,33.5487],[130.45196,33.54884],[130.45154,33.54925],[130.45123,33.54955],[130.45101,33.54982],[130.4502,33.55101],[130.44914,33.55259]],[[130.59159,33.80836],[130.58903,33.80799]],[[130.81296,33.87954],[130.81276,33.87883]],[[130.88497,33.88641],[130.8854,33.88623],[130.88576,33.88609],[130.88754,33.88534],[130.88811,33.88514],[130.88858,33.88498],[130.88981,33.88468],[130.89005,33.88463],[130.8903,33.88457]],[[130.46127,33.05547],[130.46286,33.0579],[130.46307,33.05819],[130.4638,33.05935],[130.4642,33.05995],[130.46574,33.06237],[130.46643,33.06343],[130.46713,33.06484],[130.46736,33.06555],[130.46742,33.06602],[130.46742,33.0661],[130.46745,33.06665],[130.4674,33.06732],[130.46725,33.06858],[130.46667,33.07347],[130.46646,33.07508]],[[130.57121,33.80814],[130.56797,33.80832]],[[130.93852,33.91546],[130.93828,33.91467],[130.93819,33.9144],[130.9378,33.91315],[130.93697,33.91086],[130.93626,33.9094],[130.9354,33.90793],[130.93475,33.90694],[130.93456,33.90668],[130.9337,33.90544]],[[130.53003,33.48223],[130.52948,33.48279],[130.52766,33.4848],[130.52632,33.48628],[130.52599,33.48664],[130.52587,33.48677],[130.524,33.48884],[130.52213,33.4909],[130.52148,33.49162],[130.51977,33.49355]],[[130.47687,33.75005],[130.47583,33.74806]],[[130.79655,33.86918],[130.79483,33.8693],[130.79406,33.86932]],[[130.67087,32.56337],[130.66983,32.56231]],[[130.51224,33.77476],[130.50917,33.77295]],[[130.43263,33.56775],[130.43068,33.56953]],[[130.283781,31.704148],[130.28276,31.70568],[130.2825,31.70605],[130.28081,31.70867],[130.28063,31.70893],[130.27851,31.71215],[130.27781,31.71322],[130.27668,31.71493],[130.27594,31.71606],[130.27524,31.71711],[130.27493,31.71756],[130.27465,31.71813],[130.27442,31.71869],[130.27427,31.71915],[130.27417,31.71954],[130.27412,31.71988],[130.27409,31.7201],[130.27409,31.72046],[130.27412,31.7208],[130.27416,31.72107],[130.2742,31.72123]],[[130.5334,33.43339],[130.53341,33.43324],[130.53346,33.43221],[130.53346,33.43129],[130.53303,33.43009],[130.53249,33.42861],[130.53157,33.42614],[130.5315,33.42587],[130.53144,33.4255],[130.53143,33.4251],[130.53147,33.4247],[130.53153,33.42447],[130.53159,33.42424],[130.53161,33.42417],[130.53207,33.42272],[130.53219,33.42229]],[[130.93923,33.91757],[130.93852,33.91546]],[[130.58609,32.91338],[130.58588,32.9134],[130.58497,32.91356],[130.58483,32.9136],[130.5847,32.91362],[130.58438,32.91368],[130.58367,32.9138],[130.58288,32.91395],[130.58259,32.91401],[130.58238,32.91406],[130.58228,32.91408],[130.58219,32.91411],[130.58212,32.91413],[130.5819,32.9142],[130.58176,32.91424],[130.58148,32.91435],[130.58104,32.91453],[130.58098,32.91456],[130.57995,32.91505],[130.57983,32.9151],[130.57894,32.91553],[130.57845,32.91576],[130.57839,32.91579],[130.5782,32.91588],[130.57812,32.91592],[130.57764,32.91615],[130.57759,32.91617],[130.57734,32.9163],[130.5771,32.91641],[130.57682,32.91654],[130.57643,32.91673],[130.57569,32.91709],[130.57526,32.91729],[130.57495,32.91745],[130.57475,32.91756],[130.57451,32.91772],[130.57417,32.91799],[130.5739,32.91826],[130.57386,32.91828],[130.57379,32.91835],[130.57357,32.91859],[130.5732,32.91902],[130.57315,32.91907],[130.57301,32.91927],[130.57243,32.92003],[130.57217,32.92045],[130.57192,32.92083],[130.57176,32.92106],[130.57158,32.92129],[130.5713,32.92156],[130.57092,32.92187],[130.57048,32.92221],[130.57014,32.92246],[130.56997,32.92257],[130.56969,32.92273],[130.5695,32.92281],[130.56925,32.92292],[130.56902,32.923],[130.56862,32.92313],[130.56526,32.92389],[130.56171,32.92461],[130.56164,32.92462],[130.56144,32.92466],[130.56049,32.92484],[130.56029,32.92488],[130.56013,32.92491],[130.56011,32.92491],[130.56002,32.92493],[130.55992,32.92495],[130.55984,32.92496],[130.5598,32.92497],[130.55943,32.92504],[130.55891,32.92514],[130.5579,32.92533],[130.55662,32.92559],[130.55434,32.92601],[130.5539,32.92606],[130.55375,32.92608],[130.55272,32.92616],[130.55185,32.92612],[130.55171,32.92611],[130.54997,32.92604]],[[130.53907,33.45015],[130.53882,33.44919],[130.53878,33.44906],[130.53855,33.44834],[130.53817,33.44754],[130.53775,33.4469],[130.53702,33.44593],[130.53621,33.44489],[130.53596,33.44442],[130.53589,33.44421],[130.5355,33.44311],[130.53529,33.44263],[130.53436,33.441],[130.53383,33.43998],[130.53365,33.43958],[130.53349,33.43918],[130.53339,33.43888],[130.53327,33.43822],[130.53323,33.43718],[130.53329,33.43573],[130.53332,33.43484]],[[130.698898,32.816901],[130.698658,32.816304],[130.698265,32.815203],[130.698078,32.814753],[130.697756,32.813939],[130.69731,32.81283],[130.696832,32.8117],[130.696013,32.809652],[130.695404,32.808208],[130.694984,32.807166],[130.694884,32.806793],[130.694777,32.806467],[130.694711,32.806168],[130.694632,32.805725],[130.694572,32.805325],[130.694518,32.804666],[130.69446,32.803183],[130.6944,32.802015],[130.694349,32.800275],[130.694362,32.80005],[130.694329,32.799763],[130.69407,32.79861],[130.693796,32.797704],[130.69343,32.79624],[130.693183,32.795431],[130.693063,32.795155],[130.69295,32.794941],[130.692806,32.794719],[130.692613,32.794494],[130.692393,32.794224],[130.691091,32.793027],[130.690878,32.792779],[130.690645,32.792436],[130.690505,32.792228],[130.690118,32.79158],[130.68964,32.79076]],[[130.93349,33.90554],[130.93239,33.90433],[130.93134,33.90317]],[[130.4206,33.591],[130.42085,33.59158],[130.42087,33.59182],[130.42088,33.59218],[130.42094,33.59342],[130.42098,33.59441]],[[130.52052,33.37563],[130.51982,33.3741],[130.51919,33.37292]],[[130.43488,32.99574],[130.43499,32.99656],[130.43584,33.00335],[130.43588,33.00357],[130.43606,33.00508],[130.43612,33.00563],[130.43616,33.00609],[130.43635,33.00758],[130.43639,33.0078],[130.43659,33.00846],[130.43713,33.01017],[130.43733,33.01076],[130.43753,33.01142],[130.43758,33.01161],[130.43784,33.01244],[130.43802,33.01303],[130.43836,33.01409],[130.43842,33.01461],[130.4384,33.01523],[130.43837,33.01566],[130.43827,33.01633],[130.43823,33.01652],[130.43811,33.01726],[130.43804,33.01802],[130.438,33.01883],[130.43802,33.01942],[130.43808,33.02005],[130.43825,33.02073],[130.43843,33.02131],[130.43872,33.022],[130.43899,33.02254],[130.44004,33.02416],[130.44067,33.02507],[130.44098,33.0255],[130.44135,33.02599],[130.4431,33.02836]],[[130.52523,33.38533],[130.52448,33.38373]],[[130.81276,33.87883],[130.81275,33.87876],[130.8127,33.87861],[130.8126,33.87839],[130.81241,33.87806],[130.81225,33.87782],[130.81217,33.87771],[130.81186,33.87727],[130.81152,33.87687],[130.81126,33.87661],[130.81118,33.87652],[130.811,33.87633],[130.81099,33.87632],[130.81051,33.87572],[130.81001,33.8751],[130.80941,33.87436],[130.80877,33.87358],[130.80843,33.8732],[130.80794,33.87265],[130.80764,33.87233],[130.80746,33.87218],[130.80733,33.87206],[130.80711,33.87187]],[[130.69499,32.83047],[130.695128,32.830004],[130.695205,32.829831],[130.695286,32.829647],[130.69544,32.829392],[130.695633,32.829014],[130.695851,32.828632],[130.696236,32.827953],[130.696922,32.826766],[130.697643,32.82547],[130.698722,32.82361],[130.699263,32.822595],[130.699485,32.822156],[130.699617,32.821871],[130.699691,32.821604],[130.699759,32.82135],[130.699784,32.821159],[130.699793,32.82062],[130.699767,32.819593],[130.699751,32.819364],[130.699705,32.819136],[130.699662,32.818906],[130.699588,32.818636],[130.699454,32.818285],[130.699245,32.817807]],[[130.46054,33.05435],[130.46127,33.05547]],[[130.83879,33.90064],[130.83477,33.90122],[130.83341,33.90141],[130.83235,33.90156],[130.8319,33.9016],[130.83127,33.9016],[130.83067,33.90155],[130.83011,33.90144],[130.82961,33.90132],[130.82924,33.90119],[130.82805,33.90072],[130.82632,33.9],[130.82324,33.89855],[130.82286,33.89837],[130.82187,33.89787]],[[130.52779,33.79383],[130.52759,33.79368],[130.52734,33.7935],[130.52712,33.79331],[130.52694,33.79316],[130.52644,33.79267],[130.52607,33.79229],[130.52576,33.79189],[130.52546,33.79145],[130.52498,33.79061],[130.52468,33.79002],[130.52447,33.78961],[130.52436,33.78927],[130.52429,33.78874],[130.5242,33.78772],[130.5242,33.78731],[130.52426,33.78626],[130.52429,33.7855],[130.52431,33.78493],[130.52432,33.78462],[130.52434,33.78381],[130.52435,33.78341],[130.5244,33.78188],[130.52443,33.78115],[130.52443,33.78025],[130.5244,33.77997],[130.52437,33.77969],[130.52427,33.77933],[130.52413,33.77896],[130.52397,33.77865],[130.52374,33.77831],[130.52345,33.77799],[130.52338,33.7779],[130.52336,33.77789],[130.52288,33.7775],[130.52253,33.77728],[130.52219,33.7771],[130.52172,33.77691],[130.52133,33.77678],[130.52108,33.77672],[130.52056,33.77664],[130.51992,33.77658],[130.51939,33.77657],[130.51929,33.77657],[130.51847,33.77664],[130.51797,33.77671],[130.51745,33.77677],[130.51699,33.77679],[130.51674,33.77677],[130.51606,33.77669],[130.51555,33.77657],[130.51519,33.77645],[130.5148,33.7763],[130.51451,33.77614],[130.51224,33.77476]],[[130.43964,31.60511],[130.43805,31.60565]],[[130.49781,33.21097],[130.49794,33.2118],[130.498092,33.212488],[130.498145,33.212745],[130.49843,33.214514],[130.49868,33.21593],[130.498953,33.217568],[130.499086,33.218292],[130.499215,33.219026],[130.499444,33.220372],[130.499799,33.222516],[130.499916,33.223196],[130.500055,33.224056],[130.500222,33.22505],[130.500297,33.225447],[130.500356,33.225852],[130.500409,33.226387],[130.500425,33.226801],[130.50043,33.22713],[130.500455,33.227578],[130.500482,33.228416],[130.50049,33.22921],[130.50055,33.2309],[130.5006,33.2326],[130.50062,33.23327],[130.50067,33.234738],[130.50067,33.23511],[130.50069,33.23601],[130.50076,33.23814],[130.50084,33.24058],[130.50084,33.24071],[130.50086,33.24101],[130.50085,33.2412],[130.50086,33.24121],[130.50086,33.24136],[130.50088,33.24182],[130.50092,33.24344],[130.50096,33.24487],[130.50097,33.24502],[130.50097,33.24514],[130.50099,33.24559]],[[130.44125,33.65011],[130.44011,33.64871]],[[130.47075,33.13225],[130.47168,33.13448]],[[130.45448,32.93556],[130.45389,32.93575],[130.45331,32.93589],[130.45289,32.93596],[130.45253,32.93597],[130.45251,32.93597],[130.45189,32.93592],[130.45158,32.93589],[130.45077,32.93575],[130.45062,32.93573],[130.4503,32.93568],[130.44949,32.93557],[130.44925,32.93554],[130.44791,32.93543],[130.44752,32.93541],[130.44653,32.93539],[130.44596,32.93542],[130.44545,32.93546],[130.44533,32.93549],[130.44506,32.93554],[130.44473,32.93561],[130.44424,32.93575],[130.44352,32.93603],[130.44307,32.93626],[130.44246,32.93664],[130.44197,32.93702],[130.44169,32.93726],[130.44112,32.93789],[130.44075,32.93839],[130.4403,32.93918],[130.44002,32.93974],[130.43978,32.94045],[130.43922,32.94232],[130.43889,32.94342],[130.43789,32.9467],[130.43772,32.94725],[130.43637,32.95179],[130.43537,32.95505],[130.43508,32.95601],[130.43351,32.96115],[130.43335,32.9618],[130.43328,32.96207],[130.43315,32.96485]],[[130.42679,33.6191],[130.42631,33.61695]],[[130.75136,33.86693],[130.75086,33.86696],[130.74948,33.8671],[130.74845,33.86722],[130.74764,33.86734],[130.7447,33.86779],[130.74407,33.86789]],[[130.76097,33.86656],[130.76188,33.86676],[130.76209,33.86679],[130.7625,33.86681],[130.76389,33.86689],[130.76701,33.86717],[130.76814,33.86726],[130.76841,33.86727],[130.76993,33.86716],[130.77032,33.86712]],[[130.53969,31.57754],[130.53924,31.57718],[130.5387,31.57678],[130.53838,31.57662],[130.53736,31.5762],[130.53697,31.57609],[130.53657,31.576],[130.53648,31.57598],[130.53623,31.57594],[130.53598,31.57593],[130.53567,31.57591],[130.53429,31.57595],[130.53403,31.57595],[130.53142,31.57603],[130.53118,31.57604],[130.5305,31.57607],[130.53035,31.57607],[130.52966,31.57611],[130.52649,31.57627],[130.52555,31.57631],[130.52382,31.57641],[130.52257,31.57648],[130.52238,31.5765],[130.52207,31.57658],[130.52098,31.5769],[130.51963,31.57725],[130.51952,31.57729],[130.51942,31.57731],[130.51936,31.57733],[130.51852,31.57755],[130.51811,31.57762],[130.51793,31.57763],[130.51771,31.57761],[130.51749,31.57755],[130.51729,31.5775],[130.51714,31.57747],[130.51583,31.57719],[130.51361,31.57673],[130.51175,31.5764],[130.50957,31.57598],[130.5087,31.57587],[130.50814,31.57583],[130.50739,31.57587],[130.50659,31.57594],[130.50607,31.576],[130.50577,31.57608],[130.50536,31.57622],[130.5045,31.57652]],[[130.491724,33.177068],[130.49168,33.17784],[130.49168,33.17862],[130.491688,33.17875]],[[130.64501,32.53176],[130.64389,32.53031],[130.6419,32.52783],[130.64151,32.52734],[130.64138,32.52718],[130.64137,32.52717],[130.63849,32.52354],[130.63722,32.52195],[130.63492,32.51903]],[[130.58903,33.80799],[130.58814,33.80789],[130.58779,33.80785],[130.58714,33.8078],[130.58648,33.80775],[130.58587,33.80773],[130.58545,33.80773],[130.584,33.80775],[130.58228,33.80774],[130.582,33.80774],[130.58127,33.80774],[130.57875,33.80779],[130.57735,33.80786],[130.57447,33.80796],[130.57271,33.80806],[130.57121,33.80814]],[[130.46129,33.54146],[130.45942,33.54288]],[[130.53237,33.42013],[130.53236,33.41998],[130.53212,33.41938],[130.53207,33.41908],[130.532,33.41874],[130.5317,33.41712],[130.53124,33.41492],[130.53117,33.41455],[130.53077,33.41262],[130.53049,33.41132],[130.53044,33.41107],[130.53006,33.4093],[130.52873,33.40313]],[[130.68767,32.78786],[130.68651,32.78592],[130.6864,32.78572],[130.68628,32.78548],[130.68617,32.78523],[130.685863,32.784366]],[[130.63372,32.51754],[130.63386,32.51771],[130.63492,32.51903]],[[130.54221,31.58511],[130.54216,31.58486],[130.54181,31.58288]],[[130.44413,33.66125],[130.44391,33.65822]],[[130.39475,31.6305],[130.39443,31.63066],[130.39429,31.63073],[130.39377,31.63108],[130.3935,31.63126],[130.39299,31.6316],[130.39253,31.6319],[130.3913,31.63272],[130.39036,31.63321],[130.38976,31.63348],[130.38933,31.63362],[130.38899,31.63371],[130.38859,31.6338],[130.38675,31.63398],[130.38549,31.63412],[130.38427,31.63427],[130.38323,31.63443],[130.38207,31.63463],[130.38087,31.6348],[130.3805,31.63489],[130.37997,31.63506],[130.3796,31.6352],[130.37929,31.63535],[130.37881,31.6356],[130.37819,31.63594],[130.37766,31.63623],[130.37734,31.6364],[130.37588,31.63725],[130.37544,31.63751],[130.37385,31.63843],[130.37358,31.63855],[130.37274,31.63892],[130.372,31.63927],[130.37109,31.63968],[130.37056,31.63993],[130.37014,31.64018],[130.36956,31.64056],[130.36954,31.64058],[130.36843,31.64137],[130.36714,31.64234],[130.3664,31.643],[130.36606,31.64333],[130.36566,31.64373],[130.36551,31.64391],[130.36543,31.64401],[130.36474,31.645],[130.36377,31.64641],[130.36286,31.64772],[130.36268,31.64801],[130.36255,31.64816],[130.36243,31.64828],[130.36229,31.6484],[130.36203,31.64854],[130.3617,31.64869],[130.36064,31.64921],[130.35939,31.64982],[130.35835,31.65031],[130.35827,31.65035],[130.35807,31.65044],[130.35744,31.65075],[130.35686,31.65097],[130.35607,31.65126],[130.35452,31.65173],[130.35157,31.65252],[130.3511,31.65265],[130.35096,31.65271],[130.35075,31.65286],[130.34899,31.65417],[130.3486,31.65447]],[[130.672903,32.714071],[130.67277,32.713332]],[[130.44094,33.67404],[130.44137,33.67342]],[[130.81996,33.89696],[130.81941,33.89668],[130.81873,33.89629],[130.81838,33.89607],[130.81782,33.89561],[130.81766,33.89546],[130.81739,33.89518],[130.81721,33.89499],[130.81693,33.89464],[130.81677,33.8944],[130.81666,33.89423],[130.81626,33.89343],[130.81604,33.89293],[130.81573,33.8921],[130.81554,33.8916],[130.81538,33.89115],[130.81499,33.88854],[130.81494,33.88747],[130.81494,33.88741],[130.81479,33.88648],[130.81463,33.88567],[130.81452,33.88531],[130.81435,33.88477],[130.81424,33.88438],[130.81405,33.88374],[130.81384,33.88306],[130.81371,33.88264],[130.81338,33.88139],[130.81315,33.88035],[130.81296,33.87954]],[[130.66915,32.694865],[130.668991,32.693832]],[[130.30801,31.76538],[130.30813,31.76686]],[[130.43311,32.96681],[130.43303,32.96759],[130.433,32.96821],[130.43292,32.97027],[130.43283,32.97292],[130.4328,32.97356],[130.43277,32.97403],[130.43271,32.97546],[130.4327,32.97656],[130.4327,32.97806],[130.43283,32.97928],[130.43317,32.98234],[130.43319,32.98256],[130.43353,32.98505],[130.43367,32.98601],[130.43401,32.98876],[130.43435,32.99152],[130.43437,32.99166],[130.43457,32.99331]],[[130.30335,31.68951],[130.30248,31.69035]],[[130.699245,32.817807],[130.698898,32.816901]],[[130.4661,33.73126],[130.46551,33.73035],[130.46525,33.72994],[130.465,33.72952],[130.46449,33.72872],[130.46401,33.72795],[130.46355,33.72724],[130.46301,33.72639],[130.46218,33.7251],[130.46175,33.72443],[130.46132,33.72385],[130.46102,33.72355],[130.46089,33.72342],[130.46039,33.723],[130.46013,33.72284],[130.459,33.72206],[130.45752,33.72105]],[[130.49608,33.35053],[130.49612,33.34901]],[[130.45961,31.59398],[130.45903,31.59416],[130.45861,31.59422],[130.45806,31.59428]],[[130.59159,33.80836],[130.59327,33.80859],[130.59465,33.80847],[130.59496,33.80842],[130.59536,33.80831],[130.59616,33.80823],[130.59673,33.80821],[130.59722,33.80825],[130.59812,33.80849],[130.59882,33.80873],[130.59922,33.80892],[130.59979,33.80921],[130.60039,33.80953],[130.60114,33.80999],[130.60165,33.81035],[130.60179,33.81048],[130.6022,33.81086],[130.60262,33.81135],[130.60295,33.81183],[130.60313,33.81212],[130.6034,33.81262],[130.60368,33.81316],[130.60379,33.8134],[130.60394,33.81372],[130.60479,33.8154],[130.60488,33.81565],[130.60496,33.81596],[130.60502,33.81629],[130.60501,33.81661],[130.60498,33.81702],[130.60491,33.81746],[130.60463,33.8186]],[[130.668353,32.691233],[130.668234,32.690527],[130.668161,32.690156],[130.667936,32.689061],[130.667782,32.688181],[130.667583,32.687153],[130.667267,32.685675],[130.666966,32.684113],[130.666766,32.683068],[130.666442,32.681489],[130.666044,32.679459],[130.665809,32.678253],[130.665503,32.67672],[130.665371,32.67594],[130.665304,32.675473],[130.665284,32.675186],[130.665285,32.67485],[130.665292,32.674619],[130.665312,32.67449],[130.665338,32.674327],[130.665378,32.674113],[130.665438,32.673876],[130.665525,32.673603],[130.66565,32.67329],[130.66655,32.67125],[130.66692,32.67036],[130.6671,32.67005],[130.66735,32.66955],[130.66827,32.66759],[130.66935,32.66535],[130.67015,32.66362],[130.67047,32.66295],[130.67079,32.66224],[130.67141,32.66091],[130.67164,32.66043],[130.67196,32.6597],[130.67213,32.65925],[130.67222,32.65885],[130.67226,32.65854],[130.67225,32.65816],[130.67218,32.6575],[130.67212,32.65715],[130.67199,32.65666],[130.67166,32.65573],[130.67087,32.65358]],[[130.2742,31.72123],[130.27431,31.72158],[130.2744,31.72181],[130.27454,31.72211],[130.27472,31.72245]],[[130.44134,33.69938],[130.44105,33.69903],[130.43982,33.69761]],[[130.84153,33.90028],[130.83879,33.90064]],[[130.75136,33.86693],[130.75252,33.86675],[130.75442,33.8665],[130.75573,33.86633],[130.75601,33.86631],[130.75692,33.8663],[130.75941,33.86645],[130.76054,33.86654],[130.76097,33.86656]],[[130.56339,31.60172],[130.56272,31.6015],[130.5627,31.60149],[130.562,31.60133],[130.56182,31.6013],[130.5615,31.60125],[130.56111,31.6012],[130.56055,31.60118],[130.56053,31.60118],[130.5602,31.6012],[130.55978,31.60126],[130.55918,31.60134],[130.55798,31.60157],[130.55774,31.60161],[130.55742,31.60165],[130.55687,31.60165],[130.55658,31.60163],[130.55609,31.60151],[130.55597,31.60145],[130.5559,31.60142],[130.5557,31.60133],[130.55475,31.6009],[130.55449,31.60077],[130.5539,31.6005],[130.55385,31.60048],[130.5529,31.60004],[130.55203,31.5996],[130.55117,31.5992],[130.54992,31.59859],[130.54839,31.59786],[130.54743,31.5974],[130.54656,31.59696],[130.54626,31.5968],[130.54602,31.59665],[130.54589,31.59656],[130.54557,31.5963],[130.54518,31.59589],[130.54495,31.59559],[130.54466,31.59521],[130.54451,31.59492],[130.5443,31.5945],[130.54414,31.59399],[130.54404,31.59358],[130.54398,31.5933],[130.54391,31.59293],[130.5439,31.59286],[130.54387,31.59273],[130.54382,31.5925],[130.5438,31.59238],[130.54363,31.59158],[130.5436,31.59142],[130.54336,31.59021],[130.54331,31.58997],[130.54307,31.58886],[130.54302,31.58861],[130.54294,31.58822],[130.54272,31.58725],[130.54254,31.58667],[130.54221,31.58511]],[[130.46092,31.59337],[130.46238,31.59265],[130.46359,31.59206],[130.4647,31.59152],[130.46526,31.59125],[130.4658,31.59102],[130.46653,31.59074],[130.46701,31.59059],[130.46757,31.59046],[130.46783,31.59041],[130.46802,31.59041],[130.46829,31.59042],[130.4685,31.59046],[130.46877,31.59057],[130.46949,31.59097],[130.47017,31.59144],[130.47058,31.59172],[130.47098,31.59193],[130.47154,31.59215],[130.4719,31.59224],[130.47228,31.59228],[130.47301,31.59228],[130.47329,31.59225],[130.47359,31.59219],[130.47381,31.59211],[130.47428,31.59194],[130.47455,31.59175],[130.47483,31.59155],[130.47532,31.59125],[130.47562,31.5911],[130.47571,31.59106],[130.47591,31.59097],[130.47647,31.59075],[130.47674,31.59067],[130.47726,31.59057],[130.47756,31.59054],[130.47795,31.5905],[130.47856,31.59052],[130.47927,31.59065],[130.47954,31.59072],[130.47991,31.5908],[130.48053,31.59086],[130.48093,31.59084],[130.48136,31.59079],[130.48177,31.59072]],[[130.43457,32.99331],[130.43488,32.99574]],[[130.6831272,32.7628678],[130.683058,32.762502],[130.6829851,32.7621524]],[[130.42052,33.5844],[130.4204,33.58568],[130.42037,33.58622],[130.42036,33.58662],[130.42032,33.58739],[130.42031,33.58758],[130.42031,33.58771],[130.4203,33.58821],[130.42052,33.58899]],[[130.64637,32.53347],[130.64501,32.53176]],[[130.46872,33.53522],[130.46648,33.53708],[130.46587,33.53761],[130.46375,33.53943],[130.46217,33.54076],[130.46129,33.54146]],[[130.62547,32.91686],[130.62489,32.91719],[130.62401,32.91767],[130.62312,32.91804],[130.62267,32.91819],[130.62219,32.91833],[130.62164,32.91843],[130.62126,32.91845],[130.62087,32.91848],[130.62058,32.91844],[130.62032,32.91838],[130.61941,32.91815],[130.61758,32.91764],[130.6152,32.917],[130.61477,32.91688],[130.61436,32.91677],[130.61375,32.91664],[130.61296,32.91657],[130.61245,32.91659],[130.61212,32.91661],[130.61203,32.91661],[130.61087,32.91673],[130.60822,32.91703],[130.60786,32.91708],[130.60619,32.91729],[130.60585,32.9173],[130.6049,32.91733],[130.60447,32.91729],[130.60376,32.91715],[130.60334,32.91704],[130.60257,32.91671],[130.60172,32.91618],[130.60124,32.91585],[130.60058,32.91535],[130.59952,32.91458],[130.59895,32.91418],[130.59844,32.91387],[130.59825,32.91378],[130.59797,32.91366],[130.59778,32.91358],[130.5972,32.91337],[130.59661,32.91321],[130.5961,32.91312],[130.59407,32.91281],[130.59301,32.91266],[130.59237,32.91259],[130.5917,32.91256],[130.59111,32.91257],[130.58996,32.91274],[130.58923,32.91286],[130.58891,32.91291],[130.58762,32.91312],[130.5876,32.91313],[130.58746,32.91315]],[[130.71251,33.86424],[130.7124,33.86422],[130.71218,33.86417],[130.71147,33.86393],[130.71083,33.8636],[130.71037,33.86326]],[[130.69426,32.60048],[130.69442,32.5999],[130.69483,32.59846],[130.69493,32.59788],[130.69499,32.59743],[130.69501,32.5972],[130.69502,32.59677],[130.69503,32.59647],[130.69502,32.59606],[130.695,32.59567],[130.69496,32.5954],[130.69489,32.59511],[130.69478,32.59477],[130.69473,32.59464],[130.69349,32.59267],[130.69313,32.59208],[130.69263,32.59127],[130.6913,32.5891],[130.69053,32.58782],[130.68981,32.58673],[130.68948,32.58621],[130.68674,32.58203],[130.6816,32.57416],[130.68154,32.57407],[130.68001,32.57172],[130.6788,32.56987],[130.6782,32.5689],[130.67775,32.56834],[130.6775,32.56808],[130.67722,32.56783],[130.6764,32.56729],[130.67597,32.56706],[130.67591,32.56702],[130.6754,32.56674],[130.67503,32.56653],[130.67441,32.56619],[130.6742,32.56607],[130.67304,32.56541],[130.67274,32.56519],[130.67264,32.5651],[130.67224,32.56472],[130.67088,32.56337],[130.67087,32.56337]],[[130.30693,31.79201],[130.30722,31.79314]],[[130.48616,33.76322],[130.48589,33.76306],[130.48551,33.76287],[130.48448,33.76231],[130.48427,33.76218],[130.48401,33.76201],[130.48384,33.7619],[130.48319,33.76141],[130.48316,33.76139],[130.48269,33.76097],[130.48231,33.76058],[130.48215,33.76037],[130.48206,33.76025],[130.482,33.76016],[130.48196,33.76008],[130.48188,33.75994],[130.48146,33.75911],[130.48136,33.75891],[130.4813,33.75879],[130.48004,33.75627],[130.47971,33.75563],[130.47937,33.75498],[130.47921,33.75466],[130.4788,33.75391],[130.47863,33.75357],[130.47846,33.75328],[130.47788,33.7521],[130.47759,33.75149],[130.47745,33.75119],[130.47687,33.75005]],[[130.62244,33.83987],[130.62217,33.83978],[130.62181,33.83965],[130.62144,33.83949],[130.62112,33.83932],[130.62053,33.83898],[130.62027,33.8388],[130.61964,33.83836],[130.6175,33.8366],[130.61726,33.83643],[130.61684,33.83612],[130.6162,33.83563],[130.61559,33.83513],[130.61534,33.83489],[130.61529,33.83483],[130.61422,33.83367],[130.61325,33.8326],[130.60873,33.82756]],[[130.45961,31.59398],[130.46092,31.59337]],[[130.58746,32.91315],[130.58609,32.91338]],[[130.53113,33.48099],[130.53128,33.48078],[130.53143,33.4806],[130.53173,33.48024],[130.53274,33.47886],[130.53538,33.47494],[130.53624,33.47367],[130.5369,33.47266],[130.53769,33.47145],[130.53802,33.47084],[130.53813,33.47054],[130.53815,33.47044],[130.5382,33.46979],[130.53823,33.46931],[130.53829,33.4682],[130.53832,33.46708],[130.53832,33.46686],[130.53833,33.46669],[130.53834,33.46595],[130.53833,33.46565],[130.53834,33.46533],[130.53837,33.46482],[130.53839,33.46369],[130.5384,33.46323],[130.5384,33.46304],[130.53841,33.46256],[130.53843,33.46142],[130.53845,33.46079],[130.53846,33.45955],[130.53846,33.45901],[130.53854,33.45751],[130.53856,33.4571],[130.53859,33.4569],[130.53869,33.45632],[130.53884,33.45582],[130.53899,33.45524]],[[130.67962,32.74248],[130.679532,32.74152],[130.679485,32.740739],[130.679475,32.739314],[130.679374,32.73563],[130.679351,32.735348],[130.67932,32.735131],[130.679245,32.734776],[130.679176,32.734542],[130.679075,32.73428],[130.67893,32.733899],[130.678834,32.733701],[130.678669,32.733386],[130.678493,32.733071],[130.678118,32.732465],[130.677719,32.73179],[130.677407,32.731246],[130.676933,32.730449],[130.676579,32.729824],[130.676265,32.729329],[130.676052,32.728897],[130.675882,32.728524],[130.675807,32.728313],[130.675623,32.727501],[130.67525,32.72558],[130.674974,32.724292],[130.674716,32.723117],[130.674546,32.721933],[130.674335,32.72066],[130.674145,32.719679],[130.673964,32.718751],[130.673835,32.718113],[130.673766,32.717762],[130.673308,32.71607],[130.673116,32.715188],[130.672903,32.714071]],[[130.29471,31.75101],[130.2963,31.75196],[130.29656,31.7521],[130.29696,31.75219],[130.29784,31.75239],[130.29935,31.75272],[130.29962,31.7528],[130.29978,31.75286],[130.30075,31.75333]],[[130.71436,33.86379],[130.71398,33.86359],[130.71367,33.86342],[130.71338,33.86325],[130.71308,33.863],[130.71273,33.86262],[130.71251,33.86235],[130.71249,33.86232],[130.71235,33.86214],[130.71227,33.86202],[130.71222,33.86194],[130.71197,33.86151]],[[130.50581,33.50363],[130.50519,33.50397],[130.50454,33.50432],[130.50404,33.50466],[130.50338,33.50512],[130.50288,33.50551],[130.50282,33.50558],[130.50274,33.50565],[130.50266,33.50573],[130.50214,33.50621],[130.50137,33.50699],[130.50115,33.50722],[130.49918,33.5093],[130.49766,33.51089],[130.49668,33.51196],[130.49563,33.51311],[130.49307,33.51583],[130.49221,33.51662],[130.49165,33.51709],[130.49152,33.51716],[130.49142,33.51722],[130.49109,33.51744]],[[130.45806,31.59428],[130.45768,31.59433],[130.45705,31.59442],[130.45662,31.59449],[130.45626,31.59458],[130.45571,31.59471],[130.45536,31.59483],[130.4549,31.59503],[130.45454,31.59523],[130.45419,31.59545],[130.45374,31.5957],[130.45318,31.59613],[130.45232,31.59676],[130.45202,31.59698],[130.45155,31.59728],[130.451,31.59753],[130.4505,31.59781],[130.45021,31.598],[130.44988,31.59822],[130.44945,31.59863],[130.44923,31.59889],[130.44904,31.59916],[130.44872,31.59963],[130.44858,31.5999],[130.44852,31.60002],[130.4484,31.60028],[130.44811,31.60066],[130.44788,31.60091],[130.44763,31.60113],[130.44724,31.60143],[130.44692,31.60161],[130.44617,31.60208],[130.44488,31.6029],[130.44397,31.60348],[130.44372,31.60361],[130.44355,31.60371],[130.44331,31.60381],[130.44286,31.60398],[130.44163,31.60442],[130.43964,31.60511]],[[130.53899,33.45524],[130.53923,33.4542],[130.53941,33.45335]],[[130.43805,31.60565],[130.43713,31.60599],[130.43625,31.6063],[130.43522,31.60665],[130.43362,31.60722],[130.43141,31.608],[130.43037,31.60837],[130.4293,31.60874],[130.42741,31.60944]],[[130.45752,33.72105],[130.45715,33.7208]],[[130.50099,33.24559],[130.50102,33.24619],[130.50102,33.24643],[130.50104,33.24685]],[[130.50338,32.92154],[130.50497,32.92135],[130.50566,32.9213],[130.50628,32.92131],[130.50697,32.92133],[130.508,32.92142],[130.50828,32.92144],[130.50958,32.92155],[130.5102,32.92164],[130.51089,32.9217],[130.51149,32.92176],[130.5122,32.92183],[130.51279,32.9219],[130.5135,32.92202],[130.5141,32.92212],[130.51478,32.9222],[130.5154,32.92227],[130.51577,32.92228],[130.51611,32.92228],[130.51639,32.92228],[130.51644,32.92228],[130.51671,32.92224],[130.51738,32.92212],[130.51801,32.922],[130.51868,32.92191],[130.51896,32.92188],[130.51897,32.92188],[130.51933,32.92188],[130.51964,32.9219],[130.52001,32.92196],[130.52061,32.92207],[130.52154,32.92226],[130.52253,32.92247],[130.52333,32.92267],[130.5244,32.92292],[130.52566,32.92323],[130.52693,32.92353],[130.5282,32.92383],[130.52946,32.92415],[130.52965,32.9242],[130.53073,32.92445],[130.53199,32.92474],[130.53295,32.92495],[130.53335,32.92502],[130.53395,32.92513],[130.53528,32.92529],[130.53589,32.92534],[130.53659,32.9254],[130.53819,32.92549],[130.53921,32.92554],[130.54055,32.92561],[130.54085,32.92562],[130.54217,32.9257],[130.54385,32.92577],[130.54388,32.92577],[130.54611,32.92586],[130.54666,32.92588],[130.54709,32.9259],[130.54743,32.92591]],[[130.30075,31.75333],[130.3009,31.75347],[130.30154,31.75403],[130.30164,31.75413],[130.30179,31.75424],[130.3031,31.75553],[130.30454,31.75692],[130.30547,31.75784],[130.30609,31.75851],[130.30625,31.75869],[130.30662,31.75908],[130.30676,31.75924],[130.30698,31.75955],[130.30708,31.75971],[130.30721,31.7599],[130.30728,31.76002],[130.30744,31.76041],[130.30749,31.76062],[130.30752,31.76072],[130.30761,31.76126],[130.30764,31.76149],[130.30765,31.76167],[130.30767,31.76184],[130.3078,31.76321],[130.30786,31.76386],[130.30801,31.76538]],[[130.46634,33.07598],[130.46619,33.0769],[130.46607,33.07749],[130.46583,33.0784],[130.46464,33.08241],[130.46455,33.0827],[130.46449,33.08291],[130.46332,33.08668],[130.46285,33.08892],[130.46276,33.08939],[130.46238,33.09147],[130.46236,33.09155],[130.46232,33.09181],[130.46227,33.09197],[130.46213,33.09243],[130.4621,33.09252],[130.46197,33.09295],[130.46164,33.09409],[130.46115,33.09593],[130.46043,33.09844]],[[130.9337,33.90544],[130.93287,33.90439],[130.93173,33.90294]],[[130.74285,33.86828],[130.73844,33.86896],[130.73736,33.86911],[130.7367,33.86914],[130.73597,33.86914],[130.7356,33.8691],[130.73495,33.86906],[130.73433,33.86897],[130.73391,33.8689],[130.73388,33.86889],[130.73352,33.8688],[130.73304,33.86866],[130.73203,33.86827],[130.73126,33.86787],[130.73067,33.86743],[130.72991,33.86688],[130.7269,33.86464],[130.72666,33.8645],[130.72621,33.86425],[130.72603,33.86417],[130.72581,33.86409],[130.72555,33.86401],[130.72533,33.86394],[130.7249,33.86387],[130.72461,33.86383],[130.72441,33.86382],[130.72401,33.8638],[130.72323,33.86385],[130.72271,33.86388],[130.72198,33.86391],[130.72118,33.86395],[130.71615,33.86417],[130.71447,33.86425],[130.71359,33.86428],[130.7133,33.86429],[130.71308,33.86429],[130.71251,33.86424]],[[130.88497,33.88641],[130.8832,33.88703],[130.88159,33.88733]],[[130.503463,33.302522],[130.503459,33.301017],[130.503464,33.296864],[130.50347,33.295199],[130.50346,33.28961],[130.50345,33.28777],[130.50345,33.28757],[130.50345,33.28658],[130.50345,33.28635],[130.50345,33.28615],[130.50344,33.28561],[130.50336,33.28475],[130.50289,33.2821],[130.50275,33.28124],[130.50273,33.2809],[130.50269,33.27996],[130.50271,33.27953],[130.5027,33.27858],[130.5027,33.27787]],[[130.52448,33.38373],[130.52306,33.38075],[130.52116,33.37692],[130.52052,33.37563]],[[130.68767,32.78786],[130.68866,32.78931],[130.68964,32.79076]],[[130.49747,33.20871],[130.49767,33.21011],[130.49781,33.21097]],[[130.96133,33.94493],[130.95968,33.94318]],[[130.74407,33.86789],[130.7428,33.86809]],[[130.63372,32.51754],[130.63274,32.51644],[130.63242,32.51612],[130.63234,32.51604],[130.63166,32.51541],[130.63098,32.51488],[130.63059,32.5146],[130.6299,32.51415],[130.62919,32.5138],[130.62857,32.51349],[130.62792,32.51325],[130.62744,32.51309],[130.62602,32.51269],[130.62268,32.51212],[130.61976,32.51157],[130.61946,32.51148],[130.6193,32.51143],[130.61898,32.5113],[130.61858,32.5111],[130.61832,32.51094],[130.6182,32.51086],[130.61781,32.51049],[130.6178,32.51048],[130.61741,32.51007],[130.6174,32.51006],[130.6173,32.50994],[130.61717,32.50977],[130.61701,32.50947],[130.61691,32.50921],[130.61685,32.50889],[130.61683,32.50849],[130.61684,32.50788],[130.61688,32.50762],[130.61694,32.50744],[130.6171,32.50713],[130.61727,32.50687],[130.61757,32.50652],[130.61789,32.50619],[130.61814,32.50597],[130.61844,32.50578],[130.61862,32.50567],[130.61878,32.5056],[130.61944,32.50527],[130.61983,32.50508]],[[130.43068,33.56953],[130.42949,33.57074],[130.42882,33.57143],[130.4286,33.57168],[130.42784,33.57246],[130.42685,33.57351],[130.42668,33.57371],[130.42619,33.57425],[130.42574,33.57475],[130.42489,33.57571],[130.42413,33.57656],[130.42246,33.57844],[130.4221,33.57889],[130.4216,33.5796],[130.42145,33.57987],[130.42136,33.58004],[130.42111,33.58053],[130.42092,33.58101],[130.4208,33.58137],[130.4207,33.58178],[130.42061,33.58219],[130.42055,33.58257],[130.42051,33.58292],[130.42051,33.58304],[130.42051,33.58386],[130.42052,33.5844]],[[130.49252,31.58605],[130.49275,31.58603],[130.49356,31.58585],[130.49423,31.58571],[130.49459,31.58564],[130.49489,31.58557],[130.49507,31.5855],[130.49546,31.58534],[130.49585,31.58509],[130.49626,31.58482],[130.49661,31.58455],[130.49692,31.58429],[130.49733,31.58394],[130.49759,31.58364],[130.49773,31.58345],[130.49794,31.5832],[130.49816,31.58292],[130.49841,31.58255],[130.49867,31.58216],[130.49898,31.58165],[130.49943,31.58086],[130.49978,31.58028],[130.50022,31.57963],[130.50093,31.57877],[130.50136,31.57831],[130.50189,31.57781],[130.50228,31.57754]],[[130.47939,33.52571],[130.47874,33.52639],[130.47732,33.5279],[130.47645,33.52872],[130.47555,33.52948],[130.47539,33.52962],[130.47321,33.53145],[130.47117,33.53316],[130.47004,33.53411]],[[130.43315,32.96485],[130.43311,32.96681]],[[130.695,33.85222],[130.69222,33.85151],[130.69193,33.85144],[130.68896,33.85069],[130.68875,33.85063],[130.68819,33.85049],[130.68791,33.85042],[130.68547,33.8498],[130.68307,33.84919],[130.68125,33.84873],[130.68117,33.84871],[130.68055,33.84855],[130.67706,33.84764],[130.67679,33.84757],[130.67613,33.8474],[130.67499,33.84711]],[[130.47004,33.53411],[130.46872,33.53522]],[[130.501653,33.319546],[130.501829,33.318732],[130.501973,33.317698],[130.502011,33.317455],[130.50207,33.316932],[130.502123,33.316625],[130.502199,33.315954],[130.502256,33.31537],[130.50239,33.314551],[130.502622,33.313381],[130.502871,33.31234],[130.50307,33.31139],[130.503304,33.310156],[130.503352,33.309742],[130.50338,33.309181],[130.503374,33.308491],[130.503388,33.307906],[130.503409,33.307031],[130.50349,33.30324],[130.503463,33.302522]],[[130.69392,32.60208],[130.69426,32.60048]],[[130.29471,31.75101],[130.29543,31.75133],[130.29565,31.75141],[130.29673,31.75166],[130.29884,31.7522],[130.29924,31.75233],[130.2994,31.75239],[130.29973,31.75256],[130.30019,31.75283],[130.30028,31.75288],[130.30043,31.753],[130.30075,31.75333]],[[130.45977,33.10067],[130.45912,33.10304],[130.45908,33.10327],[130.45907,33.10354],[130.45908,33.1038],[130.4591,33.10406],[130.45913,33.10433],[130.45919,33.10459],[130.45926,33.10484],[130.45934,33.10509],[130.45944,33.10532],[130.46001,33.10672],[130.46112,33.10935],[130.46297,33.11387],[130.46327,33.11458],[130.46349,33.11512],[130.46447,33.11744],[130.46468,33.11793],[130.46523,33.11922],[130.46565,33.12014],[130.466,33.12093],[130.46717,33.12371],[130.47075,33.13225]],[[130.67277,32.713332],[130.672532,32.712124],[130.672219,32.710545],[130.672011,32.70952],[130.671778,32.708289],[130.671439,32.706597],[130.671262,32.70568],[130.671082,32.704799],[130.670896,32.703835],[130.670657,32.702693],[130.670475,32.70179],[130.670243,32.700568],[130.670147,32.700113],[130.670118,32.699907],[130.669969,32.69915],[130.669768,32.698165],[130.669542,32.697012],[130.669345,32.696157],[130.66915,32.694865]],[[130.51977,33.49355],[130.51808,33.49536]],[[130.65332,32.89902],[130.65387,32.89754],[130.65429,32.89632],[130.6544,32.89605],[130.65467,32.89544],[130.65493,32.89503],[130.65515,32.89469],[130.65603,32.89364],[130.65889,32.89021],[130.65897,32.89012]],[[130.71499,33.8639],[130.71475,33.8639],[130.71458,33.86386],[130.71436,33.86379]],[[130.74413,33.86809],[130.74484,33.86798],[130.74764,33.86755],[130.74888,33.86735],[130.7509,33.867],[130.75136,33.86693]],[[130.34718,31.65552],[130.34625,31.65621],[130.34612,31.6563],[130.3454,31.65683],[130.3446,31.6574],[130.34389,31.65791],[130.34356,31.6582],[130.34334,31.65844],[130.34316,31.65863],[130.34287,31.65896],[130.34273,31.65918],[130.3424,31.65986],[130.34229,31.66013],[130.34223,31.66031],[130.34219,31.66045],[130.34222,31.66067],[130.3423,31.66097],[130.34237,31.66122],[130.34242,31.66136],[130.34269,31.66222],[130.34282,31.66278],[130.34288,31.66302],[130.34315,31.66442],[130.34334,31.66551],[130.34345,31.66606],[130.34361,31.66679],[130.34366,31.66718],[130.34366,31.66732],[130.34367,31.66765],[130.3436,31.6681],[130.34353,31.66839],[130.34344,31.66872],[130.34325,31.66911],[130.34296,31.66964],[130.3427,31.67014],[130.34248,31.67045],[130.34226,31.67078],[130.34211,31.67101],[130.34181,31.67148],[130.34162,31.67169],[130.34142,31.67189],[130.34123,31.67206],[130.34079,31.6723],[130.34048,31.67245],[130.33986,31.67271],[130.33974,31.67276],[130.33764,31.6736]],[[130.41476,31.61464],[130.41515,31.61458],[130.41588,31.61439],[130.41657,31.61415],[130.4171,31.61392],[130.41767,31.61365],[130.4179,31.61354],[130.41821,31.61345],[130.41852,31.61337],[130.41886,31.61331],[130.41967,31.61328],[130.41999,31.61327],[130.42102,31.61325],[130.42196,31.61311],[130.42231,31.61301],[130.42292,31.6128],[130.42319,31.6127],[130.42405,31.61242],[130.42442,31.61224],[130.42478,31.61204],[130.42519,31.61173],[130.42554,31.61134],[130.42559,31.61128],[130.42594,31.61082],[130.42605,31.61065],[130.42632,31.61032],[130.42661,31.61002],[130.42698,31.60974],[130.42741,31.60944]],[[130.30813,31.76686],[130.30819,31.76775],[130.30821,31.76831],[130.3082,31.76856],[130.30819,31.76879],[130.30812,31.76915],[130.30803,31.76942],[130.30797,31.76963],[130.30785,31.76994],[130.30763,31.77038],[130.30745,31.77068],[130.30733,31.77086],[130.30726,31.77096],[130.30677,31.77151],[130.30638,31.772],[130.30618,31.77225],[130.30605,31.77245],[130.3059,31.7727],[130.3058,31.77294],[130.30571,31.7732],[130.30565,31.77347],[130.30562,31.77373],[130.3056,31.77404],[130.30561,31.77422],[130.30561,31.77442],[130.30563,31.77473],[130.30562,31.77491],[130.30561,31.77508],[130.30559,31.77522],[130.30557,31.77534],[130.30553,31.77549],[130.30544,31.77575],[130.30524,31.77613],[130.3048,31.77695],[130.30438,31.77772],[130.30417,31.77817],[130.30406,31.77841],[130.304,31.77861],[130.30396,31.7788],[130.30391,31.77905],[130.30386,31.77936],[130.30383,31.77966],[130.30382,31.77991],[130.30381,31.78011],[130.30382,31.78024],[130.30384,31.78046],[130.30387,31.78067],[130.3039,31.78086],[130.30396,31.78108],[130.30404,31.78133],[130.30412,31.78156],[130.30422,31.7818],[130.30436,31.78208],[130.30452,31.7824],[130.30478,31.78284],[130.30505,31.78331],[130.30544,31.78411],[130.30554,31.78432],[130.3057,31.78468],[130.30583,31.785],[130.30592,31.78526],[130.30599,31.78552],[130.30605,31.78581],[130.30626,31.78725],[130.30632,31.78768],[130.30645,31.78855],[130.30648,31.78881],[130.30659,31.78979],[130.3067,31.79071],[130.30673,31.79095],[130.30676,31.79123],[130.30677,31.79131],[130.3068,31.79143],[130.30693,31.79201]],[[130.42468,33.6107],[130.42481,33.61111],[130.42482,33.61116],[130.42511,33.61208],[130.42528,33.61266],[130.42561,33.61395],[130.42603,33.61575],[130.42631,33.61695]],[[130.41476,31.61464],[130.41591,31.61412],[130.41772,31.61337],[130.41945,31.61263],[130.41972,31.61252],[130.41998,31.61242],[130.42024,31.61231],[130.4248,31.61041],[130.42591,31.60999],[130.42627,31.60986],[130.42674,31.60968],[130.42741,31.60944]],[[130.49612,33.34901],[130.49618,33.34765],[130.496201,33.347298],[130.496263,33.346151],[130.49639,33.34284],[130.49639,33.34265],[130.4966,33.33839],[130.49661,33.33818],[130.49666,33.33665],[130.496743,33.335088],[130.496789,33.333517],[130.496843,33.332573],[130.496877,33.331564],[130.49692,33.331161],[130.49697,33.33086],[130.497012,33.330632],[130.497076,33.330416],[130.4972,33.330052],[130.497329,33.329739],[130.497546,33.329308],[130.498234,33.328166],[130.498474,33.327787],[130.499322,33.326376],[130.499764,33.325641],[130.499976,33.325235],[130.500139,33.324872],[130.500302,33.324446],[130.500461,33.323971],[130.500646,33.32347],[130.50083,33.322894],[130.500946,33.322519],[130.501091,33.321911]],[[130.53332,33.43484],[130.5334,33.43339]],[[130.87281,33.88898],[130.87262,33.88902],[130.87154,33.88925],[130.8708,33.88942],[130.87001,33.88966],[130.86926,33.88995],[130.86825,33.89038],[130.86719,33.89088],[130.86596,33.89152],[130.86335,33.89292],[130.86255,33.89334],[130.86217,33.89354],[130.8607,33.8943],[130.85973,33.89473],[130.85914,33.89495],[130.8586,33.89516],[130.85795,33.89545],[130.85722,33.89581],[130.85673,33.89609],[130.85562,33.89679],[130.85444,33.89756],[130.85379,33.89797],[130.85353,33.89812],[130.8529,33.89851],[130.8526,33.89864],[130.85221,33.89877],[130.85186,33.89888],[130.85147,33.89894],[130.84903,33.89927],[130.84894,33.89928],[130.84877,33.8993],[130.84804,33.8994],[130.84691,33.89954],[130.84484,33.89983],[130.84459,33.89987],[130.84153,33.90028]],[[130.501091,33.321911],[130.501653,33.319546]],[[130.93134,33.90317],[130.93087,33.90269],[130.93016,33.90221],[130.92923,33.90165],[130.92597,33.89975],[130.92484,33.89897],[130.92443,33.89857],[130.92005,33.89425],[130.91914,33.89339],[130.91875,33.89307],[130.91811,33.89272],[130.9177,33.89255],[130.917,33.89236],[130.91671,33.89233],[130.91645,33.8923],[130.91565,33.89235],[130.91519,33.89237],[130.91246,33.89259],[130.91159,33.89263],[130.91058,33.89261],[130.90949,33.89249],[130.90847,33.89229],[130.90551,33.8916],[130.90517,33.89147],[130.90492,33.89138],[130.90444,33.8912],[130.90387,33.89094],[130.90176,33.8899],[130.90151,33.88977],[130.89964,33.88884],[130.89903,33.8885],[130.89842,33.88813],[130.89771,33.88762],[130.89718,33.88714],[130.89583,33.88585],[130.8953,33.88536],[130.89498,33.88515],[130.89439,33.88489],[130.89357,33.88471],[130.89236,33.88458],[130.89156,33.88454],[130.8908,33.88457],[130.8903,33.88457]],[[130.67011,32.65148],[130.66982,32.6508],[130.66974,32.6505],[130.66968,32.65018],[130.66968,32.64944],[130.66976,32.64813],[130.66972,32.64777],[130.66984,32.64737],[130.66997,32.64704],[130.6702,32.64667],[130.67036,32.64647],[130.67048,32.64632],[130.67052,32.64629],[130.67066,32.64616],[130.67108,32.64585],[130.6713,32.64569],[130.67189,32.64533],[130.67297,32.64467],[130.67367,32.64425],[130.67397,32.64405],[130.67423,32.64382],[130.6744,32.64363],[130.67454,32.64342],[130.67456,32.64338],[130.675,32.64259],[130.67546,32.64175],[130.67558,32.64153],[130.67735,32.63829],[130.67792,32.63726],[130.67816,32.6368],[130.67858,32.63605],[130.67907,32.63515],[130.68059,32.63236],[130.68134,32.63098],[130.68231,32.62925],[130.68358,32.62691],[130.68454,32.62514],[130.68491,32.62444],[130.68697,32.62062],[130.68804,32.61866],[130.68964,32.61569],[130.68965,32.61568],[130.69017,32.61473],[130.69078,32.61359],[130.69087,32.61344],[130.69111,32.61302],[130.69124,32.61273],[130.6914,32.61241],[130.69166,32.61177],[130.69174,32.61152],[130.69179,32.61137],[130.69197,32.6107],[130.69205,32.61035],[130.69223,32.60963],[130.69227,32.60944],[130.69234,32.60919],[130.69265,32.60789],[130.69274,32.60756],[130.69304,32.60631],[130.69335,32.6048],[130.69387,32.60231],[130.69392,32.60208]],[[130.65308,32.89965],[130.65283,32.90008],[130.6524,32.90074],[130.65204,32.90124],[130.65163,32.90164],[130.65105,32.90212],[130.65024,32.90272],[130.64994,32.9029],[130.64937,32.90322],[130.6487,32.90366],[130.64824,32.90399],[130.64785,32.90442],[130.64756,32.90482],[130.64728,32.9053],[130.64708,32.90583],[130.6465,32.90755],[130.64645,32.90772],[130.6462,32.9082],[130.64587,32.90865],[130.64572,32.90881],[130.64553,32.90901],[130.64346,32.91113],[130.64053,32.9141],[130.63973,32.91485],[130.63921,32.91519],[130.63919,32.91521],[130.63852,32.91551],[130.63748,32.91586],[130.63675,32.91598],[130.63611,32.91603],[130.6356,32.91599],[130.63469,32.91581],[130.63365,32.9155],[130.63294,32.91532],[130.63237,32.91524],[130.63175,32.91519],[130.6311,32.91519],[130.63076,32.9152],[130.63007,32.9152],[130.6292,32.91525],[130.6286,32.91535],[130.62801,32.91553],[130.62722,32.91587]],[[130.52853,33.40217],[130.52831,33.40113],[130.52827,33.40093],[130.52809,33.40012],[130.52756,33.39761],[130.52748,33.39721],[130.52743,33.39696],[130.52739,33.39653],[130.52736,33.39591],[130.52737,33.39572],[130.5274,33.39547],[130.52744,33.3952],[130.52763,33.39424],[130.52791,33.3927],[130.52805,33.39178],[130.52805,33.39164],[130.52805,33.39151],[130.52804,33.39137],[130.52803,33.39124],[130.52801,33.39111],[130.52798,33.39098],[130.52795,33.39085],[130.5279,33.3907],[130.52784,33.39054],[130.52772,33.39026],[130.52751,33.3898],[130.52699,33.38879],[130.52523,33.38533]],[[130.47583,33.74806],[130.47564,33.74779],[130.47535,33.74739],[130.4747,33.7467],[130.47372,33.74567],[130.47278,33.74466],[130.47213,33.74396],[130.47164,33.74337],[130.47143,33.74306],[130.47127,33.74275],[130.47088,33.74204],[130.47058,33.74135],[130.47009,33.74008],[130.47001,33.73985],[130.46966,33.73888],[130.46894,33.73681],[130.46878,33.73635],[130.46834,33.73513],[130.46819,33.73481],[130.46768,33.73386]],[[130.49252,31.58605],[130.49313,31.58591],[130.49383,31.58567],[130.49404,31.5856],[130.4943,31.58547],[130.49458,31.5853],[130.49477,31.58512],[130.49503,31.58482],[130.49515,31.58465],[130.49519,31.58458],[130.49536,31.58427],[130.49545,31.58405],[130.4956,31.5836],[130.49577,31.58302],[130.4959,31.58242],[130.49593,31.58221],[130.49616,31.58165],[130.4964,31.58123],[130.49657,31.58104],[130.49702,31.58051],[130.49744,31.58003],[130.49767,31.57975],[130.49773,31.57969],[130.49796,31.5794],[130.49854,31.57871],[130.49882,31.57839],[130.49916,31.57813],[130.49965,31.57783],[130.5001,31.57764],[130.50065,31.57747],[130.50181,31.57731],[130.50228,31.57723],[130.50292,31.57711],[130.50327,31.57701],[130.50358,31.57691]],[[130.5027,33.27787],[130.50269,33.27583]],[[130.448968,33.711287],[130.44798,33.70975],[130.44746,33.70892],[130.4461,33.70674],[130.44585,33.70636],[130.44482,33.70469],[130.44434,33.70387],[130.44322,33.70202],[130.4428,33.70138],[130.44246,33.70087],[130.44229,33.70063],[130.44188,33.70006],[130.44178,33.69991],[130.44134,33.69938]],[[130.48943,33.51807],[130.48866,33.51827],[130.48734,33.51862],[130.48675,33.51878],[130.48618,33.51903],[130.48582,33.5192],[130.48537,33.51948],[130.48496,33.51982],[130.48453,33.52024],[130.48204,33.52288],[130.48075,33.52422]],[[130.70047,32.85422],[130.69985,32.85494]],[[130.33597,31.67424],[130.33506,31.67459],[130.33277,31.67548],[130.33029,31.67645],[130.32996,31.67659],[130.32845,31.67717],[130.32654,31.67791],[130.32535,31.67837],[130.32511,31.67844],[130.3248,31.67849],[130.32443,31.67851],[130.32311,31.67849],[130.32286,31.67849],[130.32252,31.67849],[130.32168,31.67856],[130.32098,31.67868],[130.32026,31.67887],[130.31773,31.67955],[130.31645,31.6799],[130.31634,31.67993],[130.3153,31.68027],[130.31381,31.68072],[130.31329,31.68089],[130.31229,31.68123],[130.31124,31.68156],[130.31066,31.6818],[130.31011,31.68204],[130.30962,31.68236],[130.30936,31.68256],[130.30915,31.68274],[130.30899,31.68291],[130.30893,31.68297],[130.3084,31.68361],[130.30716,31.68512],[130.30601,31.68652],[130.30537,31.68726],[130.30449,31.68828],[130.30335,31.68951]],[[130.56797,33.80832],[130.56706,33.80837],[130.56497,33.80849],[130.56363,33.80855],[130.56324,33.80857],[130.56204,33.80857],[130.56157,33.80854],[130.56089,33.8084],[130.56021,33.80822],[130.55978,33.80807],[130.55973,33.80805],[130.55949,33.80795],[130.55791,33.8073],[130.55752,33.80714],[130.55685,33.80687],[130.55546,33.80629],[130.55466,33.80595],[130.55418,33.80575],[130.55388,33.80562],[130.55333,33.80539],[130.55305,33.80527],[130.55136,33.80456],[130.54995,33.80398],[130.54953,33.80379],[130.54924,33.80367],[130.54885,33.80351],[130.54842,33.80332],[130.54747,33.80291],[130.54711,33.80276],[130.54586,33.80224],[130.54559,33.80213],[130.54529,33.802],[130.5447,33.80176],[130.54397,33.80144],[130.54375,33.80134],[130.54235,33.80077],[130.54161,33.80047],[130.54129,33.80032],[130.54077,33.80011],[130.53955,33.79948],[130.53949,33.79945],[130.53792,33.79864],[130.53644,33.79787],[130.53624,33.79776],[130.536,33.79762],[130.53564,33.79741],[130.53536,33.79728],[130.53512,33.79717],[130.53477,33.79703],[130.53433,33.79689],[130.53331,33.79658],[130.53165,33.79604],[130.53112,33.79582],[130.5304,33.79546],[130.52989,33.79515]],[[130.42098,33.59441],[130.42081,33.59344],[130.42059,33.59221],[130.42054,33.59188],[130.42046,33.59144],[130.4206,33.591]],[[130.4233,33.60601],[130.42309,33.60537],[130.42273,33.60457],[130.42256,33.60428],[130.42242,33.60399],[130.42221,33.60348],[130.42209,33.60308],[130.42192,33.60257],[130.42163,33.60147],[130.4215,33.60094],[130.42146,33.60073],[130.42133,33.59976],[130.42125,33.59842],[130.42118,33.59725],[130.42112,33.59638],[130.42111,33.59616],[130.42104,33.59524],[130.42103,33.59507],[130.421,33.59469],[130.42099,33.59458],[130.42098,33.59441]],[[130.42411,33.60839],[130.4233,33.60601]],[[130.8903,33.88457],[130.89037,33.88455],[130.89104,33.88443],[130.89114,33.88442],[130.89237,33.88437],[130.89423,33.88458]],[[130.69757,33.85295],[130.695,33.85222]],[[130.53113,33.48099],[130.53003,33.48223]],[[130.49747,33.20871],[130.49741,33.20837],[130.497272,33.207648],[130.497112,33.206956],[130.497012,33.206238],[130.496898,33.20557],[130.496744,33.20458],[130.49657,33.203477],[130.496354,33.2023],[130.49622,33.201472],[130.495927,33.199861],[130.495718,33.198579],[130.495495,33.197296],[130.495288,33.196064],[130.495094,33.194919],[130.494882,33.193693],[130.494708,33.192595],[130.494537,33.191546],[130.494369,33.190563],[130.494235,33.189707],[130.493825,33.187585],[130.493363,33.185932],[130.492789,33.183918],[130.492608,33.183265],[130.492235,33.18191],[130.492028,33.181195],[130.49185,33.180504],[130.491747,33.180088],[130.49168,33.179649],[130.491665,33.179224],[130.491688,33.17875]],[[130.65897,32.89012],[130.65921,32.88964],[130.65939,32.88905],[130.65947,32.88843],[130.65942,32.88784],[130.65922,32.88731],[130.65897,32.88668],[130.65877,32.88589],[130.65862,32.88512],[130.65854,32.88377],[130.65854,32.8832],[130.65864,32.88264],[130.65871,32.88233],[130.659,32.88167],[130.65918,32.88134],[130.65936,32.88103],[130.65984,32.88047],[130.6603,32.87999],[130.66099,32.87945],[130.66149,32.87912],[130.66219,32.87877],[130.66305,32.87857],[130.66414,32.87838],[130.66631,32.87812],[130.66874,32.87782],[130.67083,32.87757],[130.67118,32.87757],[130.67149,32.87758],[130.67187,32.87764],[130.67203,32.87767],[130.67235,32.87772],[130.67293,32.87785],[130.67454,32.87832]],[[130.39687,31.62982],[130.39475,31.6305]],[[130.5076,33.50267],[130.50753,33.50271],[130.50645,33.5033],[130.50627,33.5034],[130.50581,33.50363]],[[130.31247,31.81275],[130.31193,31.81451]],[[130.6799,32.8798],[130.67623,32.87877],[130.67454,32.87832]],[[130.50148,32.92176],[130.50044,32.9219],[130.49885,32.9221],[130.49768,32.92224],[130.4975,32.92225],[130.49718,32.9223],[130.49694,32.92233],[130.49646,32.92242],[130.49617,32.9225],[130.49588,32.92258],[130.49526,32.92277],[130.49382,32.92321],[130.49356,32.92329],[130.49349,32.92331],[130.49331,32.92336],[130.49021,32.92427],[130.49005,32.92432],[130.48982,32.92439],[130.48923,32.92457],[130.48654,32.92537],[130.48272,32.9265],[130.48256,32.92655],[130.48149,32.92686],[130.48092,32.92705],[130.48028,32.9273],[130.47998,32.92744],[130.47972,32.92756],[130.47635,32.9294],[130.47528,32.92995],[130.47469,32.93027],[130.47411,32.93059],[130.47379,32.9307],[130.47348,32.93078],[130.47293,32.9309],[130.47261,32.93095],[130.47153,32.93108],[130.46986,32.93129],[130.46824,32.93152],[130.46732,32.93163],[130.46656,32.93175],[130.46624,32.93182],[130.46597,32.93188],[130.46542,32.93206],[130.46514,32.93214],[130.46247,32.93295],[130.4618,32.93316],[130.45671,32.93473]],[[130.4431,33.02836],[130.44459,33.03042]],[[130.79406,33.86932],[130.79266,33.86929],[130.79135,33.86924],[130.78895,33.86907],[130.78858,33.86902],[130.78736,33.86876],[130.78687,33.86866],[130.78643,33.86857],[130.78579,33.86847],[130.78512,33.86842],[130.78423,33.8684],[130.78348,33.86841],[130.78267,33.86846],[130.78189,33.86854],[130.78168,33.86855],[130.78076,33.86858],[130.7803,33.86858],[130.77926,33.86854],[130.77835,33.86844],[130.77795,33.86838],[130.77745,33.86829],[130.77718,33.86824],[130.77677,33.86815],[130.77545,33.86783],[130.77519,33.86777],[130.77309,33.86736],[130.77226,33.86723],[130.77164,33.86716],[130.77032,33.86712]],[[130.39687,31.62982],[130.39822,31.62937],[130.39843,31.6293],[130.39934,31.62899],[130.39946,31.62894],[130.39956,31.62888],[130.39998,31.62858],[130.4002,31.62836],[130.40028,31.62828],[130.40041,31.62809],[130.40057,31.62772],[130.40112,31.6257],[130.40132,31.62482],[130.40145,31.62422],[130.40185,31.62247],[130.40213,31.62128],[130.40219,31.62113],[130.40225,31.62098],[130.40238,31.62081],[130.4026,31.62053],[130.40278,31.62035],[130.4031,31.62006],[130.40357,31.61961],[130.40408,31.61914],[130.40454,31.61883],[130.40533,31.61839],[130.40576,31.61821],[130.40663,31.61786],[130.40694,31.61774],[130.40815,31.61726],[130.40968,31.61667],[130.40987,31.61659],[130.41023,31.61645],[130.4105,31.61633],[130.4125,31.61556],[130.41367,31.6151],[130.41476,31.61464]],[[130.67982,32.74456],[130.67962,32.74248]],[[130.71037,33.86326],[130.71006,33.86299],[130.70983,33.86275],[130.7097,33.86259],[130.70955,33.86235],[130.70947,33.86218],[130.7093,33.86176],[130.70908,33.86129],[130.70882,33.86067],[130.70846,33.86019],[130.70807,33.8598],[130.70757,33.85948],[130.70736,33.85935],[130.70629,33.8587],[130.70583,33.85842],[130.7054,33.85814],[130.70462,33.85757],[130.70445,33.85743],[130.70404,33.85711],[130.70245,33.85589],[130.70178,33.85534],[130.70133,33.85496],[130.7007,33.85453],[130.70017,33.85414],[130.69973,33.85386],[130.69947,33.85373],[130.69936,33.85367],[130.69914,33.85355],[130.69902,33.85349],[130.69816,33.85313],[130.69783,33.85303],[130.69757,33.85295]],[[130.284223,31.70347],[130.283781,31.704148]],[[130.4206,33.591],[130.42052,33.58899]],[[130.88889,33.88461],[130.88918,33.88459],[130.89014,33.88457],[130.8903,33.88457]],[[130.42411,33.60839],[130.42432,33.6091],[130.42437,33.60958],[130.42447,33.60999],[130.42452,33.61021],[130.42468,33.6107]],[[130.43982,33.69761],[130.43957,33.69731],[130.43737,33.69473],[130.43665,33.69384],[130.43554,33.69252],[130.43516,33.69198],[130.43494,33.6916],[130.43474,33.69111],[130.4346,33.69052],[130.4346,33.69025],[130.43466,33.68932],[130.43481,33.68771],[130.43493,33.68606],[130.43499,33.6855],[130.43506,33.68497],[130.43535,33.68371],[130.43542,33.6834],[130.43572,33.6824],[130.43583,33.68205],[130.43605,33.68158],[130.4362,33.6813],[130.43686,33.68022],[130.43724,33.67964],[130.43911,33.67673],[130.43968,33.67589],[130.43993,33.67555],[130.44008,33.67531],[130.44094,33.67404]],[[130.50269,33.27583],[130.502729,33.274302],[130.502766,33.271193],[130.502753,33.269895],[130.502758,33.265125],[130.502759,33.264068],[130.502738,33.263486],[130.502704,33.262772],[130.50267,33.2624],[130.50247,33.26089],[130.50242,33.26051],[130.502154,33.258515],[130.502112,33.258079],[130.50194,33.25687],[130.50148,33.25356],[130.50145,33.25333],[130.50142,33.25314],[130.50139,33.253],[130.50136,33.25276],[130.501287,33.252259],[130.501248,33.251978],[130.501214,33.251697],[130.50116,33.25078],[130.50115,33.25049],[130.50111,33.24948],[130.50106,33.24771],[130.50104,33.24685]],[[130.47168,33.13448],[130.47261,33.13664],[130.47319,33.13799],[130.47349,33.13861],[130.47425,33.14001],[130.47431,33.14011],[130.4763,33.1436],[130.47845,33.14737],[130.47898,33.14829],[130.48048,33.15088],[130.48071,33.15124],[130.481,33.15166],[130.48245,33.15335],[130.48464,33.15601]],[[130.27472,31.72245],[130.27513,31.72316],[130.27553,31.72373],[130.27558,31.72382],[130.27613,31.72477],[130.27662,31.72572],[130.2771,31.72658],[130.27717,31.7267],[130.27725,31.72683],[130.27764,31.7275],[130.27776,31.72771],[130.27789,31.72792],[130.27827,31.72863],[130.27841,31.72891],[130.27844,31.72897],[130.27853,31.72918],[130.27868,31.72954],[130.27879,31.7299],[130.27888,31.73028],[130.27894,31.73055],[130.27904,31.73098],[130.27919,31.73148],[130.27924,31.73163],[130.2793,31.73179],[130.2794,31.73198],[130.27987,31.73277],[130.28027,31.73346],[130.28059,31.734],[130.2807,31.73417],[130.28079,31.73436],[130.28085,31.73454],[130.28088,31.73476],[130.28093,31.73516],[130.28097,31.73561],[130.28102,31.73622],[130.28111,31.73787],[130.28113,31.73804],[130.28116,31.73819],[130.28124,31.73845],[130.2814,31.73892],[130.28149,31.73915],[130.28164,31.73951],[130.28195,31.74017],[130.28215,31.7406],[130.28235,31.74107],[130.28252,31.74148],[130.28265,31.74177],[130.28292,31.74232],[130.28309,31.74266],[130.28321,31.74289],[130.2833,31.74299],[130.28334,31.74304],[130.28346,31.74316],[130.2837,31.74337],[130.28402,31.74363],[130.28442,31.74391],[130.28489,31.74422],[130.28526,31.74446],[130.28561,31.74466],[130.28583,31.74477],[130.28666,31.7451],[130.28733,31.74531],[130.28756,31.74542],[130.28779,31.74554],[130.28804,31.74573],[130.28823,31.7459],[130.28845,31.7461],[130.28954,31.74729],[130.29029,31.74814],[130.2909,31.74863],[130.29114,31.74882],[130.29376,31.75042],[130.29471,31.75101]],[[130.66983,32.56231],[130.66892,32.5614],[130.66834,32.56084],[130.66569,32.55756],[130.6648,32.55643],[130.66276,32.55391],[130.66011,32.55062],[130.65952,32.54987],[130.65925,32.54955],[130.65856,32.54868],[130.65771,32.54762],[130.6567,32.54636],[130.65657,32.5462],[130.65607,32.54558],[130.65605,32.54555],[130.65589,32.54536],[130.65585,32.5453],[130.65453,32.54365],[130.65362,32.54249],[130.65338,32.54223],[130.65322,32.54202],[130.65212,32.54062],[130.65072,32.53889],[130.64952,32.53738],[130.64849,32.53613],[130.64847,32.5361],[130.64833,32.53593],[130.64829,32.53588],[130.64789,32.53538],[130.64637,32.53347]],[[130.6829851,32.7621524],[130.68287,32.7616],[130.68278,32.76095],[130.682485,32.759438],[130.682253,32.758172],[130.681988,32.756559],[130.681793,32.755366],[130.681447,32.753762],[130.681311,32.753093],[130.681158,32.752282],[130.680928,32.751051],[130.68061,32.749421],[130.68033,32.747623],[130.68012,32.74655],[130.67995,32.74547],[130.67982,32.74456]],[[130.60463,33.8186],[130.60466,33.81883],[130.60472,33.81946],[130.60473,33.81992],[130.6049,33.82035],[130.60504,33.82067],[130.60522,33.82097],[130.60554,33.82177],[130.60597,33.82272],[130.60608,33.82291],[130.60682,33.82432],[130.60804,33.82652],[130.60873,33.82756]],[[130.49109,33.51744],[130.49034,33.51779],[130.48995,33.51793],[130.48943,33.51807]],[[130.46646,33.07508],[130.46634,33.07598]],[[130.668991,32.693832],[130.668774,32.692844],[130.668353,32.691233]],[[130.62722,32.91587],[130.62547,32.91686]],[[130.61983,32.50508],[130.61986,32.50506],[130.62254,32.50375]],[[130.51808,33.49536],[130.51703,33.49648],[130.5167,33.49683],[130.51649,33.49706],[130.51599,33.4976],[130.51591,33.49769],[130.51576,33.49786],[130.51535,33.49822],[130.51508,33.49843],[130.51458,33.49878],[130.51378,33.49922],[130.51318,33.49955],[130.51266,33.49985],[130.51251,33.49993],[130.51205,33.50019],[130.51124,33.50064],[130.51037,33.50113],[130.51009,33.50128],[130.50956,33.50159],[130.50828,33.5023],[130.5076,33.50267]],[[130.50338,32.92154],[130.50148,32.92176]],[[130.46768,33.73386],[130.4661,33.73126]],[[130.69488,32.83114],[130.69499,32.83047]],[[130.76503,33.86682],[130.76097,33.86656]],[[130.685863,32.784366],[130.685803,32.783995],[130.68577,32.783612],[130.685796,32.783353],[130.68583,32.783032],[130.685963,32.782306],[130.68609,32.78149],[130.6862,32.78098],[130.68626,32.78069],[130.68628,32.78047],[130.68629,32.78045],[130.6863,32.78022],[130.68632,32.78005],[130.686326,32.779654],[130.6863,32.779226],[130.686213,32.77846],[130.6861,32.77768],[130.68608,32.77756],[130.68596,32.777],[130.68585,32.77645],[130.68573,32.7759],[130.68556,32.77505],[130.68548,32.77465],[130.68534,32.77389],[130.68512,32.77274],[130.684835,32.771378],[130.684612,32.770108],[130.68383,32.76637],[130.68378,32.76616],[130.68368,32.76579],[130.6831272,32.7628678]],[[130.48075,33.52422],[130.47939,33.52571]],[[130.5045,31.57652],[130.50358,31.57691],[130.50228,31.57754]],[[130.65897,32.89012],[130.65972,32.88921],[130.66028,32.88852],[130.66105,32.88757],[130.66693,32.88063],[130.66737,32.88017],[130.668,32.87962],[130.66825,32.87943],[130.66874,32.87911],[130.66926,32.87883],[130.66974,32.87861],[130.67036,32.87837],[130.67086,32.87824],[130.67122,32.87818],[130.67193,32.87811],[130.67272,32.87811],[130.67358,32.87817],[130.67454,32.87832]],[[130.48464,33.15601],[130.48625,33.15796]],[[130.93173,33.90294],[130.93087,33.90186],[130.93032,33.90129],[130.92785,33.89905],[130.92699,33.89837],[130.9255,33.89758],[130.92436,33.89691],[130.92367,33.89635],[130.92354,33.89622],[130.92086,33.89366],[130.92035,33.89318],[130.91981,33.8928],[130.91924,33.89251],[130.9187,33.89233],[130.91803,33.8922],[130.91731,33.8921],[130.91678,33.8921],[130.91657,33.8921],[130.91627,33.89211],[130.91268,33.89223],[130.91153,33.89227],[130.91066,33.89223],[130.90723,33.89178],[130.90633,33.89161],[130.90554,33.89141],[130.90532,33.89133],[130.90505,33.89122],[130.90453,33.89102],[130.90381,33.8907],[130.90226,33.8899],[130.90191,33.8895],[130.90079,33.88816],[130.90019,33.88757],[130.89968,33.88718],[130.89844,33.88641],[130.89725,33.88581],[130.89625,33.88535],[130.89508,33.88485],[130.89456,33.88469],[130.89423,33.88458]],[[130.69985,32.85494],[130.69894,32.85599],[130.69862,32.85636],[130.6985,32.85659],[130.6982,32.85716],[130.69791,32.85794],[130.69763,32.85866],[130.69719,32.85934],[130.69672,32.8599],[130.69655,32.86005],[130.69611,32.86045],[130.69548,32.8609],[130.69499,32.86115],[130.69251,32.86248],[130.69216,32.86272],[130.69139,32.86332],[130.69085,32.86395],[130.69033,32.86475],[130.69005,32.86541],[130.68998,32.86566],[130.68989,32.86613],[130.68989,32.86665],[130.68989,32.8667],[130.68998,32.86749],[130.69011,32.86813],[130.69026,32.86866],[130.69036,32.86886],[130.69062,32.86924],[130.6915,32.87055],[130.69171,32.87097],[130.692,32.87174],[130.69216,32.87241],[130.69222,32.87311],[130.69217,32.87385],[130.69207,32.87437],[130.69186,32.8749],[130.6917,32.8753],[130.69095,32.87722],[130.69077,32.87767],[130.69056,32.8782],[130.69025,32.87864],[130.68966,32.87923],[130.68921,32.87959],[130.6888,32.87986],[130.6883,32.8801],[130.68784,32.88025],[130.68709,32.88045],[130.68655,32.88054],[130.6857,32.88058],[130.68461,32.88058],[130.68328,32.88054],[130.68225,32.88042],[130.68189,32.88034]],[[130.7428,33.86809],[130.73844,33.86876],[130.7373,33.8689],[130.73658,33.86895],[130.73582,33.86892],[130.73524,33.86885],[130.73476,33.86882],[130.73427,33.86875],[130.73378,33.86866],[130.73367,33.86863],[130.7331,33.86845],[130.73204,33.868],[130.73137,33.86766],[130.7271,33.86453],[130.7267,33.86425],[130.72598,33.86389],[130.72542,33.86373],[130.72478,33.8636],[130.72425,33.86357],[130.72304,33.86356],[130.72281,33.86357],[130.721,33.86363],[130.71967,33.8637],[130.71549,33.86387],[130.71516,33.86389],[130.71499,33.8639]],[[130.48826,33.76429],[130.48616,33.76322]],[[130.65332,32.89902],[130.65308,32.89965]],[[130.67087,32.65358],[130.67011,32.65148]],[[130.48625,33.15796],[130.48773,33.15986],[130.48873,33.16115],[130.4891,33.1616],[130.49081,33.16371],[130.49115,33.16415],[130.49141,33.1646],[130.49153,33.16482],[130.49163,33.16505],[130.49173,33.16529],[130.49181,33.16554],[130.49188,33.16577],[130.49193,33.16602],[130.49198,33.16627],[130.49202,33.16651],[130.49205,33.16676],[130.49207,33.16702],[130.49208,33.16727],[130.49199,33.17],[130.49199,33.17017],[130.49199,33.17034],[130.49196,33.17136],[130.49194,33.17242],[130.49192,33.17299],[130.4919,33.17327],[130.49188,33.17387],[130.49184,33.17472],[130.49177,33.175778],[130.49174,33.17678],[130.491724,33.177068]],[[130.48177,31.59072],[130.48221,31.59056],[130.48252,31.59041],[130.48306,31.59009],[130.48384,31.58964],[130.48446,31.58928],[130.48554,31.58865],[130.48735,31.5876],[130.48783,31.58733],[130.48895,31.58682],[130.48932,31.58672],[130.49008,31.58647],[130.49041,31.58638],[130.49068,31.58633],[130.49109,31.58628],[130.49167,31.58622],[130.49216,31.58613],[130.49252,31.58605]],[[130.62508,33.84027],[130.62406,33.84019],[130.62343,33.84011],[130.62265,33.83992],[130.62244,33.83987]],[[130.51919,33.37292],[130.51893,33.37252],[130.51861,33.3721],[130.51828,33.37174],[130.51779,33.3712],[130.51678,33.37023]],[[130.50917,33.77295],[130.50788,33.77217],[130.50591,33.77088],[130.50571,33.77077],[130.50548,33.77065],[130.50515,33.77047],[130.50435,33.77021],[130.50371,33.77005],[130.50281,33.7699],[130.50252,33.76987],[130.50236,33.76987],[130.50174,33.7699],[130.50094,33.76993],[130.50048,33.76994],[130.49969,33.76993],[130.49898,33.7699],[130.49813,33.76976],[130.49766,33.76966],[130.49712,33.76953],[130.49646,33.76937],[130.49571,33.76912],[130.49481,33.76874],[130.49429,33.76848],[130.49368,33.76812],[130.49298,33.76759],[130.49221,33.76687],[130.49182,33.76654],[130.49153,33.76632],[130.4909,33.7659],[130.49068,33.76576],[130.49032,33.76554],[130.49005,33.76534],[130.48961,33.76506],[130.48919,33.76481],[130.48899,33.7647],[130.48826,33.76429]],[[130.80711,33.87187],[130.80652,33.87145],[130.80608,33.87116],[130.80504,33.87055]],[[130.76809,33.86701],[130.76503,33.86682]],[[130.3486,31.65447],[130.34718,31.65552]],[[130.76809,33.86701],[130.76995,33.86711],[130.77032,33.86712]],[[130.30722,31.79314],[130.3073,31.79344],[130.30734,31.79359],[130.30745,31.79396],[130.30767,31.79477],[130.30786,31.79544],[130.308,31.79596],[130.30816,31.7965],[130.30824,31.79704],[130.30827,31.79728],[130.30829,31.79757],[130.30828,31.79778],[130.3082,31.79855],[130.30818,31.7988],[130.30804,31.80071],[130.3079,31.80195],[130.30782,31.80284],[130.30781,31.80317],[130.30783,31.80346],[130.3079,31.80383],[130.30794,31.80401],[130.30804,31.80428],[130.30815,31.8045],[130.30827,31.80471],[130.30857,31.8051],[130.30885,31.80537],[130.309,31.80552],[130.30912,31.80562],[130.30929,31.80576],[130.30945,31.80589],[130.3096,31.80598],[130.30982,31.80609],[130.31,31.80618],[130.3103,31.80629],[130.31049,31.80636],[130.31136,31.80664],[130.31166,31.80676],[130.31184,31.80684],[130.31203,31.80695],[130.31223,31.80707],[130.31239,31.8072],[130.31251,31.80731],[130.31272,31.80753],[130.31291,31.80778],[130.31302,31.80797],[130.31314,31.8082],[130.31322,31.80845],[130.31325,31.80868],[130.31328,31.80898],[130.31329,31.8092],[130.31326,31.80939],[130.31311,31.81017],[130.31304,31.81049],[130.31286,31.81125],[130.3128,31.81153],[130.31267,31.8121],[130.31247,31.81275]]]},"properties":{"index":5,"operator_id":"jr_kyushu","operator_name":"九州旅客鉄道","line_name":"鹿児島線","component_count":2,"track_centerline_count":233,"color":"#14B8A6","bbox":[130.27409,31.57583,130.96133,33.94493],"label":"5. 九州旅客鉄道 / 鹿児島線"}},{"type":"Feature","id":"CONTINUITY_06","geometry":{"type":"MultiLineString","coordinates":[[[143.06989,42.91635],[143.06955,42.91573]],[[142.26255,43.47423],[142.26095,43.47471]],[[144.14909,42.98352],[144.15093,42.98366]],[[144.35166,43.00135],[144.35525,43.00035],[144.35856,42.99938],[144.35905,42.99918],[144.36083,42.99841],[144.36312,42.99742],[144.36542,42.99659],[144.36804,42.99569],[144.36878,42.99539],[144.36978,42.99494],[144.37105,42.99432],[144.37164,42.99398],[144.37213,42.99373],[144.3725,42.99356],[144.37288,42.99341],[144.3735,42.99317],[144.37439,42.99287],[144.37648,42.99226],[144.37861,42.99162],[144.38045,42.99107]],[[144.41524,42.99469],[144.41563,42.99463],[144.41652,42.99454],[144.41738,42.99445],[144.41824,42.99437],[144.41922,42.99419],[144.42022,42.99385],[144.4212,42.99348],[144.42221,42.99311],[144.42319,42.99273],[144.42419,42.99235],[144.42526,42.99192]],[[144.29536,43.00941],[144.29417,43.00935]],[[144.70336,43.0185],[144.70434,43.01849]],[[143.20113,42.91854],[143.20103,42.91858],[143.19988,42.91919],[143.19891,42.9197],[143.19802,42.92022],[143.19756,42.92049],[143.19735,42.92061],[143.19601,42.92123],[143.19567,42.92139],[143.19508,42.92167],[143.19283,42.9227],[143.19034,42.92384],[143.18745,42.92516],[143.18636,42.92566],[143.18463,42.92647],[143.18286,42.9273],[143.18039,42.92843],[143.17967,42.92877],[143.17876,42.92915],[143.17818,42.92937],[143.17761,42.92953],[143.17713,42.92962],[143.17678,42.92966],[143.17652,42.92968],[143.17649,42.92968],[143.17625,42.92968],[143.17576,42.92965],[143.17496,42.92959],[143.17374,42.92952],[143.17259,42.92944],[143.1712,42.92934],[143.17069,42.92931],[143.16953,42.92923],[143.16828,42.92914],[143.16699,42.92905],[143.16547,42.92895]],[[142.21193,43.48787],[142.21022,43.4892]],[[144.61322,43.0331],[144.61167,43.03278]],[[145.57457,43.29526],[145.57341,43.29519],[145.57131,43.2951],[145.56959,43.295],[145.56748,43.29489],[145.5664,43.29483],[145.56546,43.29477],[145.56359,43.29464],[145.56302,43.29461],[145.56238,43.29458],[145.56173,43.29453],[145.56143,43.29448],[145.56064,43.29428],[145.55968,43.29401],[145.5593,43.29386],[145.55895,43.29372],[145.55848,43.29347],[145.55795,43.29311],[145.55764,43.29284],[145.55661,43.29179],[145.55657,43.29174],[145.5555,43.29054],[145.55437,43.28932],[145.55315,43.28798],[145.55217,43.28684],[145.55123,43.28582],[145.55045,43.28498],[145.55013,43.28463],[145.54999,43.28448],[145.54929,43.28373],[145.54823,43.28256],[145.54733,43.28158],[145.54643,43.28063],[145.54503,43.27909],[145.54415,43.27816],[145.54333,43.27728],[145.54316,43.2771],[145.54272,43.27651],[145.54223,43.27575],[145.54205,43.27533],[145.54176,43.27436],[145.54159,43.27336],[145.54155,43.27255],[145.54153,43.27188],[145.54184,43.26858]],[[141.9045,43.56252],[141.90483,43.56292],[141.90518,43.56328],[141.90564,43.56366],[141.90621,43.56399],[141.90693,43.56427],[141.90759,43.56445],[141.9081,43.56454],[141.90861,43.56458],[141.9093,43.56458],[141.90974,43.56453],[141.91007,43.56449],[141.91117,43.56429],[141.91269,43.56394],[141.91318,43.56383],[141.91383,43.56373],[141.91431,43.56369],[141.91491,43.56368],[141.91578,43.56373],[141.91718,43.56386],[141.91989,43.56404],[141.92218,43.56418],[141.92359,43.56428],[141.92594,43.56443],[141.929,43.56464],[141.93089,43.56477],[141.93235,43.56486],[141.93463,43.56503],[141.93576,43.56511],[141.93604,43.56513],[141.93636,43.56516],[141.93689,43.56522],[141.93785,43.56536],[141.93909,43.56557],[141.94037,43.56578],[141.94205,43.56604],[141.94494,43.56649],[141.94645,43.56672],[141.94747,43.56689],[141.9487,43.5671],[141.95104,43.56747],[141.95302,43.5678],[141.9539,43.56794],[141.95533,43.56818],[141.95703,43.56844],[141.95857,43.56868],[141.96046,43.56899],[141.96073,43.56903],[141.9612,43.56911],[141.96258,43.56934],[141.96376,43.5695],[141.96448,43.56962],[141.96512,43.56974],[141.96618,43.57],[141.96741,43.57033],[141.96863,43.57068],[141.96912,43.57083],[141.97006,43.57109],[141.97092,43.57133],[141.972,43.57163],[141.97348,43.57202],[141.97476,43.57236],[141.97571,43.57263],[141.97708,43.573],[141.97854,43.57341]],[[142.35057,43.37426],[142.35023,43.37342],[142.34893,43.37024],[142.34885,43.36991],[142.34886,43.36952],[142.34892,43.36918],[142.34904,43.36882],[142.34919,43.36853],[142.34947,43.36822],[142.34974,43.36798],[142.35024,43.36762],[142.35297,43.36617],[142.3534,43.36593],[142.3546,43.36529],[142.35487,43.36512],[142.35553,43.36466],[142.35584,43.36441],[142.3561,43.36416],[142.35641,43.36381],[142.35652,43.36366],[142.35668,43.36344],[142.3594,43.35907],[142.36047,43.35735],[142.36148,43.35569],[142.36157,43.35558],[142.36184,43.35528],[142.36207,43.35503],[142.36253,43.35463],[142.36276,43.35444],[142.36295,43.35431],[142.36323,43.35415],[142.36354,43.35401],[142.36394,43.35386],[142.36432,43.35374],[142.36454,43.35368],[142.36472,43.35363],[142.36493,43.35358],[142.36521,43.35356],[142.36564,43.35355],[142.36655,43.35357],[142.36692,43.35358],[142.36748,43.35361],[142.36784,43.35365],[142.37121,43.35397],[142.37149,43.354],[142.37465,43.35429],[142.375,43.35432],[142.37514,43.35433],[142.37624,43.3544],[142.37659,43.3544],[142.38016,43.3542],[142.38029,43.35419],[142.38104,43.35415],[142.38449,43.35397],[142.38595,43.35388],[142.38611,43.35386],[142.38644,43.3538],[142.38675,43.35372],[142.38703,43.35362],[142.38734,43.35349],[142.38782,43.35323],[142.3887,43.3526]],[[145.32235,43.20443],[145.32108,43.20401],[145.31903,43.20333],[145.31831,43.20311],[145.31753,43.20289],[145.31686,43.20276],[145.31623,43.20272],[145.3155,43.20274],[145.31478,43.20278],[145.31416,43.20285],[145.31367,43.20293],[145.31319,43.20302],[145.31276,43.20314],[145.31229,43.2033],[145.31161,43.20356],[145.31056,43.20397],[145.31019,43.20412],[145.30817,43.20492],[145.30694,43.2054],[145.30601,43.20579],[145.3053,43.20606],[145.30479,43.20621],[145.30441,43.20629],[145.30407,43.20633],[145.30361,43.20639],[145.30317,43.2064],[145.30272,43.20636],[145.30236,43.20632],[145.30183,43.20626],[145.30116,43.20615],[145.30062,43.20611],[145.30015,43.20609],[145.29999,43.20609],[145.29938,43.20612],[145.29878,43.20622],[145.29819,43.20636],[145.29771,43.20654],[145.2974,43.20671],[145.29711,43.20691],[145.29671,43.2072],[145.29574,43.20784],[145.29415,43.20891],[145.2937,43.20922],[145.29333,43.20941],[145.29291,43.20955],[145.29243,43.20969],[145.29182,43.20981],[145.29116,43.20991],[145.29057,43.20997],[145.2905,43.20997],[145.28899,43.21011],[145.28798,43.2102],[145.28703,43.21029],[145.28675,43.21032],[145.28663,43.21035],[145.28637,43.21046],[145.28573,43.21074],[145.28509,43.211],[145.28461,43.21123],[145.28415,43.21147],[145.28374,43.21174],[145.28333,43.21203],[145.28175,43.21322],[145.28092,43.21383],[145.27999,43.21451],[145.27841,43.21566],[145.27693,43.21675],[145.27607,43.21737],[145.27527,43.21796],[145.27481,43.21834],[145.27448,43.21869],[145.27427,43.21897],[145.27412,43.21923],[145.27402,43.21954],[145.27392,43.21989],[145.27384,43.22045],[145.27383,43.22055],[145.27367,43.22183],[145.27353,43.22258],[145.27336,43.22314],[145.27312,43.22366],[145.27286,43.22415],[145.27262,43.2245],[145.2724,43.22481],[145.27216,43.22508],[145.27184,43.22537],[145.27151,43.22563],[145.27111,43.22591],[145.27071,43.22614],[145.27038,43.22631],[145.26932,43.22678],[145.26798,43.22734],[145.26764,43.22748],[145.26702,43.22774],[145.26472,43.22869],[145.26345,43.2292],[145.26344,43.2292],[145.26254,43.22956],[145.262,43.22975],[145.26168,43.22983],[145.26136,43.2299],[145.26103,43.22994],[145.26028,43.23001],[145.25941,43.23005],[145.25841,43.23005],[145.25821,43.23003],[145.25754,43.22984],[145.25527,43.22913],[145.25293,43.22839]],[[145.25293,43.22839],[145.25179,43.22805]],[[144.27479,43.0091],[144.273,43.0091]],[[143.20308,42.9176],[143.20113,42.91854]],[[145.54184,43.26858],[145.54194,43.26751]],[[144.41044,42.99519],[144.41231,42.99501]],[[143.45231,42.92388],[143.45193,42.9247],[143.45165,42.92531],[143.45115,42.92644],[143.45109,42.92657],[143.45026,42.92847],[143.44944,42.93031],[143.44906,42.93118],[143.44893,42.93147],[143.44871,42.93196],[143.44849,42.93241]],[[143.65138,42.80972],[143.65159,42.81114]],[[143.44849,42.93241],[143.4482,42.93274],[143.44775,42.93317],[143.44738,42.93346],[143.44696,42.93373],[143.44656,42.93395],[143.44593,42.93422],[143.44545,42.93439],[143.4451,42.9345],[143.44481,42.93457],[143.44442,42.93465],[143.44416,42.93468],[143.44363,42.93474],[143.44301,42.93478],[143.44237,42.93477],[143.442,42.93475],[143.44172,42.93471],[143.44144,42.93466],[143.4409,42.93452],[143.44066,42.93444],[143.44038,42.93434],[143.43952,42.93401],[143.43656,42.93286],[143.43623,42.93274],[143.43584,42.93262],[143.43567,42.93257],[143.43515,42.93244],[143.43462,42.93234],[143.43418,42.93228],[143.43366,42.93225],[143.43301,42.93227],[143.43254,42.93229],[143.43214,42.93235],[143.43178,42.93241],[143.43137,42.93251],[143.43077,42.93269],[143.42878,42.93335],[143.42722,42.93384],[143.4253,42.93445]],[[144.35166,43.00135],[144.34995,43.00185]],[[145.58195,43.32667],[145.58413,43.32692]],[[145.59743,43.32327],[145.59769,43.32279],[145.59774,43.32264],[145.59775,43.32259],[145.59777,43.32251],[145.59779,43.32232],[145.59789,43.32043],[145.59796,43.31933],[145.59798,43.31895],[145.598,43.3187],[145.59801,43.31845],[145.59799,43.31828],[145.59792,43.31794],[145.59754,43.31675],[145.59716,43.31557],[145.59681,43.31435],[145.5966,43.31372],[145.59639,43.31312],[145.59614,43.31223],[145.59579,43.31112],[145.59541,43.30995],[145.5951,43.30898],[145.59495,43.30851],[145.59462,43.30739],[145.59445,43.30694],[145.59434,43.30657],[145.59422,43.3062],[145.5941,43.30584],[145.59397,43.30548],[145.59385,43.30526],[145.59372,43.30505],[145.5937,43.30503],[145.5935,43.3048],[145.59311,43.30437],[145.59271,43.30406],[145.5914,43.30296],[145.59003,43.30188],[145.58865,43.3008],[145.58718,43.2996],[145.58594,43.29861],[145.58532,43.2981],[145.58447,43.29744],[145.58412,43.29713],[145.58377,43.29689],[145.58341,43.29665],[145.5831,43.2965],[145.58269,43.29631],[145.58232,43.29616],[145.58188,43.29602],[145.58156,43.29592],[145.58116,43.2958],[145.58059,43.29564],[145.58028,43.29559],[145.57992,43.29553],[145.57965,43.29551],[145.57824,43.29546],[145.57611,43.29536]],[[144.42606,42.99162],[144.4273,42.99114],[144.42906,42.99047],[144.43001,42.99012],[144.43097,42.98979],[144.43151,42.9896],[144.43211,42.98946],[144.43305,42.98937],[144.43365,42.98937],[144.43393,42.9894],[144.4341,42.98941],[144.43457,42.98948],[144.43491,42.98957],[144.43608,42.99004],[144.43783,42.99082],[144.43871,42.99123],[144.43949,42.99159],[144.44037,42.992],[144.44129,42.99241],[144.44193,42.99271],[144.44319,42.99328],[144.44426,42.99387],[144.44506,42.99428],[144.44543,42.99448],[144.44597,42.99465],[144.44627,42.99475],[144.44666,42.99481],[144.44703,42.99483],[144.44747,42.9948],[144.44797,42.99476],[144.44828,42.99471],[144.44901,42.99455],[144.4497,42.99426],[144.45004,42.994],[144.45029,42.99381],[144.45032,42.99377],[144.45074,42.99332],[144.45106,42.9929],[144.45128,42.99254],[144.45162,42.99195],[144.45228,42.99078],[144.45251,42.99043],[144.45286,42.99009],[144.45325,42.98982],[144.45392,42.98946],[144.45446,42.98927],[144.45507,42.98916],[144.45593,42.98914],[144.45647,42.98918],[144.45687,42.98927],[144.45739,42.98946],[144.45779,42.98964],[144.45819,42.98988],[144.4584,42.99005],[144.45861,42.99024],[144.45878,42.99042],[144.45894,42.99065],[144.45901,42.99077],[144.45948,42.99192],[144.45982,42.99257],[144.46,42.99285],[144.46015,42.99302],[144.46027,42.99313],[144.46045,42.99326],[144.46114,42.9936],[144.46141,42.9937],[144.463,42.99414],[144.46415,42.99445],[144.46449,42.99453],[144.46487,42.99462],[144.4652,42.99469],[144.46568,42.99473],[144.46671,42.99466],[144.46773,42.99454],[144.46871,42.99441]],[[141.89991,43.55354],[141.90166,43.55689]],[[143.04983,42.90998],[143.04639,42.90974]],[[142.9063,42.95767],[142.90605,42.95778],[142.90561,42.95795],[142.90526,42.9581],[142.90512,42.95816],[142.90498,42.95822],[142.90486,42.95827],[142.90133,42.95974],[142.89539,42.96217],[142.89497,42.96235],[142.89452,42.96253],[142.89339,42.96299],[142.89289,42.96321],[142.89255,42.96339],[142.89218,42.96361],[142.89185,42.96383],[142.89165,42.964],[142.88961,42.96604],[142.8893,42.96634],[142.88806,42.96758],[142.88781,42.96789],[142.88756,42.96824],[142.88724,42.9688],[142.88694,42.9696],[142.8868,42.96996],[142.88662,42.97041],[142.8856,42.97324],[142.88554,42.97352],[142.88552,42.97375],[142.88552,42.97396],[142.88557,42.97423],[142.88564,42.9744],[142.88576,42.97467],[142.8859,42.97491],[142.88611,42.97521],[142.88634,42.97545],[142.88661,42.97567],[142.88721,42.97604],[142.88754,42.97618],[142.88773,42.97628],[142.88822,42.9765],[142.88868,42.97673],[142.88891,42.97684],[142.88936,42.97707],[142.89005,42.97746],[142.89045,42.97776],[142.89099,42.97833],[142.89123,42.97865],[142.89132,42.97878],[142.89135,42.97897],[142.89139,42.97915],[142.89138,42.97937],[142.89101,42.98316],[142.89085,42.98497],[142.89075,42.98612],[142.89073,42.98635],[142.89053,42.98844],[142.89047,42.98904],[142.89025,42.9913],[142.89004,42.99367],[142.88982,42.99596],[142.88968,42.99727],[142.88959,42.99803],[142.88945,42.99931],[142.88929,43.00027],[142.88922,43.00067],[142.88919,43.00079],[142.88913,43.0009],[142.88882,43.00123],[142.88852,43.00149],[142.88723,43.0025],[142.88295,43.00578],[142.88255,43.00608],[142.88207,43.00645],[142.88183,43.00673],[142.88166,43.00695],[142.88152,43.00715],[142.88138,43.0075],[142.88112,43.00824],[142.87997,43.01214]],[[145.54272,43.22828],[145.543,43.22786],[145.54311,43.22767],[145.54319,43.22751],[145.54329,43.22729],[145.54339,43.22701],[145.54344,43.22676],[145.54347,43.22656],[145.54346,43.22622],[145.5434,43.22591],[145.54325,43.22537],[145.54213,43.22199],[145.54172,43.22071],[145.54146,43.21999],[145.5413,43.21972],[145.54105,43.21933],[145.54083,43.21905],[145.54075,43.21895],[145.54041,43.21865],[145.53995,43.21828],[145.53928,43.21786],[145.53693,43.21647],[145.53319,43.21424],[145.53205,43.21358],[145.53189,43.21349],[145.52989,43.2123],[145.52917,43.21187],[145.52869,43.21157],[145.52831,43.2113],[145.528,43.21107],[145.52748,43.21065],[145.52695,43.21017],[145.52638,43.20955],[145.5259,43.20895],[145.52545,43.20825],[145.52474,43.20702],[145.52448,43.20658],[145.5231,43.20424],[145.52207,43.20255],[145.51984,43.19894]],[[144.07606,42.95624],[144.07575,42.95625],[144.07536,42.95627],[144.07397,42.95639],[144.07281,42.95649],[144.072,42.95655],[144.07146,42.95654],[144.07054,42.95653],[144.0699,42.95647],[144.06861,42.95635],[144.06705,42.95617],[144.06533,42.956],[144.06526,42.956],[144.06492,42.95598],[144.06453,42.95596],[144.06425,42.95595],[144.06391,42.95596],[144.06342,42.956],[144.06183,42.9561],[144.0609,42.9561],[144.06028,42.95609],[144.05992,42.95606],[144.05968,42.95603],[144.05937,42.95597],[144.05903,42.95589],[144.05874,42.95581],[144.05827,42.95566],[144.05759,42.95541],[144.05661,42.95496],[144.05475,42.95411],[144.05384,42.95367],[144.05354,42.95354],[144.05199,42.9528],[144.05154,42.95259],[144.05131,42.95251],[144.05106,42.95243],[144.05079,42.95237],[144.05051,42.9523],[144.05026,42.95226],[144.04979,42.95218],[144.04886,42.9521],[144.04748,42.952],[144.04723,42.95198],[144.04532,42.95182],[144.0432,42.95163],[144.04252,42.9516],[144.04197,42.9516],[144.04159,42.95163],[144.04101,42.95171],[144.04071,42.95178],[144.04041,42.95187],[144.03969,42.9521],[144.03725,42.95288],[144.03674,42.95304],[144.0355,42.95345],[144.0337,42.954],[144.03236,42.95443],[144.03023,42.9551],[144.02829,42.95572],[144.02641,42.95632],[144.02619,42.95639],[144.0252,42.95667],[144.02366,42.95698],[144.02313,42.95705],[144.02259,42.95711],[144.02218,42.95713],[144.02175,42.95712],[144.02139,42.9571],[144.02108,42.95706],[144.02073,42.95701],[144.02043,42.95695],[144.02008,42.95685],[144.01981,42.95675],[144.01947,42.9566],[144.01913,42.95644],[144.01871,42.95622],[144.01827,42.95594],[144.01779,42.95563],[144.0165,42.95468],[144.01643,42.95463],[144.01533,42.95386],[144.01473,42.95342],[144.01395,42.95282],[144.0126,42.95178],[144.01133,42.95077],[144.01071,42.95027],[144.01043,42.95002],[144.01019,42.94979],[144.00992,42.94952],[144.00967,42.94927],[144.00925,42.94876],[144.00877,42.94816]],[[143.29707,42.90404],[143.29796,42.9039]],[[145.54224,43.22886],[145.54272,43.22828]],[[144.29417,43.00935],[144.29384,43.00933],[144.29186,43.00919],[144.29104,43.00913],[144.29047,43.0091],[144.28994,43.00909],[144.28688,43.00911],[144.28587,43.00911],[144.28114,43.00909],[144.27757,43.0091],[144.27479,43.0091]],[[143.93161,42.88885],[143.93333,42.88918]],[[143.4253,42.93445],[143.42338,42.93508]],[[144.13033,42.97669],[144.1314,42.97791],[144.1326,42.97928],[144.13383,42.98069],[144.13429,42.98116],[144.13455,42.98136],[144.13542,42.98194],[144.137,42.98287],[144.13859,42.98385],[144.13868,42.98391],[144.13925,42.98426],[144.13965,42.98446],[144.14011,42.98464],[144.14039,42.98472],[144.14068,42.98479],[144.14091,42.98482],[144.14111,42.98486],[144.14141,42.98488],[144.14167,42.98487],[144.14196,42.98485],[144.14227,42.98481],[144.14257,42.98475],[144.14292,42.98463],[144.14372,42.98433],[144.1447,42.98393],[144.14544,42.98364],[144.14569,42.98356],[144.14595,42.98349],[144.14612,42.98345],[144.14632,42.98342],[144.1465,42.9834],[144.14675,42.98338],[144.14703,42.98338],[144.14909,42.98352]],[[143.16361,42.92885],[143.16304,42.92881],[143.16265,42.92878],[143.16237,42.92875],[143.16205,42.9287],[143.16175,42.92863],[143.16157,42.9286],[143.16125,42.92851],[143.16061,42.92835],[143.15987,42.92819],[143.15923,42.92809],[143.15882,42.92802],[143.15869,42.928],[143.15845,42.92793],[143.15792,42.92775],[143.15659,42.92734],[143.15454,42.92681],[143.15302,42.92642],[143.15127,42.926],[143.15012,42.9257],[143.14958,42.9256],[143.14881,42.92552],[143.14747,42.92544],[143.14423,42.9252],[143.14198,42.92503],[143.1412,42.92498],[143.13858,42.92479],[143.13753,42.92472],[143.13202,42.92432],[143.13021,42.9242],[143.12967,42.92416],[143.12754,42.92401]],[[143.5383,42.81767],[143.5363,42.81851],[143.53573,42.81878],[143.53544,42.81894],[143.53524,42.81912],[143.53494,42.81942],[143.53415,42.82024],[143.53329,42.82113],[143.53302,42.82143],[143.53283,42.82162],[143.53216,42.82232],[143.53151,42.823],[143.53025,42.82431],[143.52835,42.82629],[143.52768,42.82699],[143.52715,42.82747],[143.52636,42.8282],[143.52515,42.8293],[143.52487,42.82955],[143.52474,42.82965],[143.52449,42.82986],[143.5241,42.83017],[143.52357,42.83051],[143.52304,42.83082],[143.52247,42.83113],[143.52166,42.83156],[143.52055,42.83224],[143.51966,42.83283],[143.51901,42.83335],[143.51853,42.83378],[143.51814,42.83421],[143.51776,42.83469],[143.51726,42.83537],[143.51694,42.83588],[143.51667,42.83628],[143.51627,42.83684],[143.51592,42.83742],[143.5157,42.83787],[143.51554,42.83833],[143.51537,42.83902],[143.51524,42.83944],[143.5151,42.8398],[143.51493,42.84009],[143.51469,42.84036],[143.51448,42.84057],[143.5142,42.84075],[143.51382,42.84098],[143.5132,42.84134],[143.51251,42.84175],[143.51221,42.84191],[143.51182,42.84214],[143.5111,42.8426],[143.51086,42.84279],[143.51067,42.84297],[143.51024,42.84343],[143.50971,42.844],[143.50936,42.84439],[143.50908,42.8448],[143.50876,42.84525],[143.50855,42.84556],[143.50837,42.84577],[143.50814,42.846],[143.50794,42.84617],[143.50769,42.84638],[143.50744,42.84659],[143.50724,42.84678],[143.50707,42.84699],[143.50691,42.84722],[143.50673,42.84756],[143.50661,42.84783],[143.50644,42.84821],[143.50609,42.84894],[143.50587,42.84945],[143.50574,42.84967],[143.50559,42.84994],[143.50538,42.85017],[143.50514,42.85043],[143.50478,42.85074],[143.50435,42.85111],[143.50363,42.85172],[143.50322,42.8521],[143.50304,42.8523],[143.50276,42.85269],[143.50244,42.85316],[143.50194,42.85406],[143.50103,42.85551]],[[143.86404,42.85243],[143.86553,42.8532],[143.86646,42.85388],[143.86743,42.85472],[143.86783,42.85529],[143.86834,42.85638],[143.86893,42.85748],[143.86984,42.85901],[143.87031,42.85958],[143.87045,42.85975],[143.87111,42.8605],[143.87216,42.86149],[143.87227,42.86159],[143.87309,42.86234],[143.87338,42.86258],[143.87386,42.86292],[143.87429,42.86317],[143.87489,42.86346],[143.87553,42.86375],[143.87601,42.86391],[143.87637,42.86406],[143.87654,42.86412],[143.87673,42.86416],[143.87696,42.86421],[143.87714,42.86425],[143.8774,42.86429],[143.87761,42.86431],[143.87788,42.86433],[143.87858,42.86431],[143.87994,42.86428],[143.8801,42.86428],[143.88033,42.86426],[143.88054,42.86424],[143.88074,42.86423],[143.88087,42.86424],[143.88117,42.86428],[143.88205,42.86444],[143.88588,42.86509],[143.88775,42.8654],[143.88798,42.86544],[143.88822,42.86548],[143.88851,42.86549],[143.8889,42.86549],[143.88928,42.86547],[143.88957,42.86544],[143.88984,42.86541],[143.89007,42.86539],[143.89033,42.86533],[143.89069,42.86523],[143.89128,42.86506],[143.8917,42.86497],[143.89196,42.86491],[143.89223,42.86489],[143.89242,42.86487],[143.89265,42.86487],[143.89293,42.86489],[143.89327,42.86491],[143.89404,42.865],[143.89436,42.86505],[143.89618,42.86534],[143.89765,42.86561],[143.89841,42.86575],[143.89986,42.86609],[143.90023,42.86619],[143.90045,42.86624],[143.90067,42.86633],[143.90086,42.8664],[143.9011,42.86652],[143.90143,42.86669],[143.90157,42.8668],[143.90183,42.86699],[143.90226,42.8674],[143.90273,42.86782],[143.90392,42.8689]],[[145.02863,43.12967],[145.02751,43.12872]],[[142.35089,43.37503],[142.35057,43.37426]],[[144.07774,42.9561],[144.07824,42.95605],[144.07895,42.956],[144.07933,42.95597],[144.0797,42.95593],[144.08016,42.95587],[144.08071,42.95579],[144.08097,42.95574],[144.08132,42.95567],[144.08193,42.9555],[144.08249,42.95535],[144.08328,42.95513],[144.08372,42.95497],[144.084,42.95487],[144.08435,42.95472],[144.08487,42.95449],[144.0856,42.95418],[144.08598,42.95405],[144.08643,42.95392],[144.08692,42.95381],[144.08808,42.95352],[144.08847,42.95341],[144.08875,42.95336],[144.08896,42.95334],[144.08917,42.95334],[144.08948,42.95335],[144.08988,42.9534],[144.09008,42.95345],[144.09026,42.95351],[144.09047,42.95359],[144.09067,42.95368],[144.09108,42.95392],[144.09155,42.95422],[144.0921,42.95464],[144.09246,42.95493],[144.09326,42.95564],[144.09371,42.95602],[144.09396,42.9562],[144.09414,42.95631],[144.09434,42.95641],[144.09469,42.95656],[144.09495,42.95667],[144.09525,42.95677],[144.09685,42.95719],[144.09846,42.9576],[144.10007,42.958],[144.10115,42.95828],[144.1017,42.95842],[144.10334,42.95884],[144.10498,42.95927],[144.10543,42.9594],[144.10592,42.95957],[144.10641,42.95976],[144.10682,42.95993],[144.1085,42.96071],[144.11119,42.96199],[144.11185,42.96231],[144.11208,42.96244],[144.1124,42.96269],[144.11275,42.96301],[144.11301,42.9633],[144.11412,42.96447],[144.11472,42.9651],[144.11521,42.96557],[144.11562,42.96594],[144.11596,42.96622],[144.11612,42.96634],[144.11631,42.96648],[144.11664,42.96668],[144.11769,42.9673],[144.11922,42.96825],[144.12025,42.96886],[144.12108,42.96935],[144.12128,42.96947],[144.12545,42.97194],[144.126,42.97228],[144.12662,42.9727],[144.12687,42.97291],[144.12711,42.97314],[144.12731,42.97333],[144.12772,42.97374],[144.1293,42.97556]],[[143.5392,42.81729],[143.5383,42.81767]],[[144.1293,42.97556],[144.13033,42.97669]],[[144.42526,42.99192],[144.42606,42.99162]],[[144.46871,42.99441],[144.47062,42.99417]],[[144.47062,42.99417],[144.47158,42.99403],[144.47251,42.99389],[144.47296,42.99382],[144.47363,42.99376],[144.47435,42.99387],[144.47468,42.99396],[144.47512,42.99408],[144.47552,42.99427],[144.47592,42.99449],[144.47597,42.99452],[144.4763,42.99479],[144.47681,42.99536],[144.47736,42.99595],[144.47795,42.99648],[144.47843,42.99679],[144.47868,42.99692],[144.47899,42.99707],[144.47934,42.99717],[144.48073,42.9973],[144.48271,42.99737],[144.48492,42.99742],[144.48532,42.99743],[144.4908,42.99757],[144.49184,42.99762],[144.49248,42.99776],[144.49322,42.99805],[144.49404,42.99839],[144.49449,42.99857],[144.49492,42.9987],[144.49604,42.99905],[144.49693,42.99932],[144.49722,42.99941],[144.49759,42.99953],[144.49989,43.00032],[144.50085,43.00068],[144.50108,43.00077],[144.50121,43.00084],[144.50148,43.00104],[144.50169,43.0012],[144.50191,43.00145],[144.50214,43.00174],[144.5025,43.00223],[144.50273,43.00256],[144.50289,43.00278],[144.50317,43.00308],[144.50359,43.0034],[144.50385,43.00356],[144.50422,43.00369],[144.50437,43.00374],[144.50451,43.00378],[144.50485,43.00387],[144.50571,43.004],[144.50589,43.00402],[144.50646,43.00405],[144.5071,43.00407],[144.50758,43.00403],[144.50792,43.00398],[144.50841,43.00385],[144.50876,43.00372],[144.50929,43.00351],[144.50953,43.0034],[144.51059,43.00284],[144.51122,43.00256],[144.51143,43.00249],[144.51154,43.00247],[144.51159,43.00246],[144.51171,43.00244],[144.51187,43.00241],[144.51212,43.00237],[144.51231,43.00235],[144.51263,43.00235],[144.51299,43.00237],[144.51325,43.00239],[144.51356,43.00244],[144.51382,43.00249],[144.51409,43.00256],[144.51447,43.00265],[144.5147,43.0027],[144.51492,43.00274],[144.51514,43.00277],[144.51552,43.00279],[144.51599,43.00276],[144.51653,43.0027],[144.51678,43.00264],[144.51716,43.00256],[144.5173,43.00251],[144.51745,43.00245],[144.51768,43.00231],[144.51797,43.00216],[144.51838,43.00196],[144.51902,43.00165],[144.5201,43.00111],[144.52025,43.00106],[144.52047,43.00099],[144.52065,43.00096],[144.52087,43.00094],[144.52108,43.00095],[144.5213,43.00097],[144.52142,43.00099],[144.52167,43.00104],[144.52194,43.00111],[144.52215,43.00118],[144.52229,43.00123],[144.52259,43.00139],[144.52282,43.00154],[144.52299,43.0017],[144.52314,43.00187],[144.52326,43.00207],[144.52335,43.00229],[144.52341,43.00242],[144.52345,43.00256],[144.52333,43.00395],[144.52332,43.00418],[144.5233,43.0052],[144.52331,43.00545],[144.52333,43.0056],[144.52338,43.00578],[144.52351,43.00609],[144.52365,43.00629],[144.52384,43.00652],[144.52429,43.00693],[144.52451,43.00711],[144.52492,43.00737],[144.52552,43.00768],[144.52625,43.00803],[144.527,43.00831],[144.52754,43.00844],[144.52806,43.00852],[144.52834,43.00851],[144.52937,43.00845],[144.5305,43.00828],[144.53189,43.008],[144.53303,43.00777],[144.53336,43.00771],[144.53364,43.00767],[144.53383,43.00764],[144.53424,43.00763],[144.53475,43.00763],[144.53496,43.00764],[144.53517,43.00768],[144.53547,43.00776],[144.53613,43.008],[144.53636,43.00813],[144.53657,43.00826],[144.5369,43.00853],[144.53753,43.0093],[144.53883,43.01115],[144.54035,43.01325],[144.54041,43.01333],[144.54085,43.01387],[144.54101,43.01405],[144.54125,43.01423],[144.54157,43.01444],[144.54175,43.01452],[144.54236,43.01478],[144.54323,43.01504],[144.54419,43.0153],[144.54467,43.0154],[144.54505,43.01548],[144.54536,43.01552],[144.54574,43.01552],[144.54632,43.01544],[144.54678,43.01534],[144.54735,43.01513],[144.54775,43.01493],[144.548,43.01479],[144.54825,43.01461],[144.54857,43.01431],[144.54924,43.01358],[144.54936,43.01347],[144.54953,43.01335],[144.54957,43.01332],[144.54972,43.01322],[144.54988,43.01312],[144.55005,43.01304],[144.55035,43.01292],[144.55068,43.01281],[144.55103,43.01273],[144.55138,43.01267],[144.5518,43.01263],[144.55236,43.01261],[144.55327,43.01263],[144.55472,43.01268],[144.55483,43.01267],[144.555,43.01267],[144.55513,43.01265],[144.55545,43.01257],[144.5557,43.0125],[144.55648,43.0122],[144.55727,43.01188],[144.55751,43.01181],[144.5578,43.01175],[144.55804,43.0117],[144.55856,43.01164],[144.55882,43.01162],[144.55941,43.01164],[144.55959,43.01166],[144.55993,43.01174],[144.56036,43.01187],[144.56105,43.01212],[144.56136,43.01226],[144.56152,43.01238],[144.5617,43.01255],[144.56196,43.01286],[144.56215,43.01315],[144.56243,43.01365],[144.56276,43.01417],[144.56319,43.0148],[144.56356,43.01533],[144.5641,43.01603],[144.56485,43.01694],[144.56533,43.01742],[144.56558,43.01763],[144.56595,43.01788],[144.56636,43.01811],[144.56714,43.01851],[144.56803,43.01896],[144.56825,43.01907],[144.5696,43.01974],[144.57056,43.02019],[144.57076,43.02027],[144.5711,43.02039],[144.57137,43.02046],[144.57202,43.02061],[144.5726,43.02069],[144.57291,43.02073],[144.57327,43.02074],[144.57372,43.02068],[144.57409,43.02065],[144.57427,43.02063],[144.57469,43.02059],[144.57541,43.02052],[144.57611,43.02052],[144.57625,43.02052],[144.5766,43.02057],[144.57727,43.02069],[144.57748,43.02074],[144.57769,43.02081],[144.57837,43.02116],[144.57902,43.0215],[144.57918,43.02158],[144.5796,43.02173],[144.57982,43.02181],[144.58052,43.02199],[144.58093,43.02206],[144.58169,43.02214],[144.58236,43.02221],[144.58257,43.02223],[144.58282,43.02221],[144.5831,43.02218],[144.58342,43.02213],[144.58376,43.02206],[144.58405,43.02197],[144.58451,43.02179],[144.58519,43.02145],[144.58573,43.02113],[144.58581,43.02109],[144.58625,43.02084],[144.58656,43.0207],[144.58689,43.0206],[144.58726,43.02051],[144.58785,43.02046],[144.58844,43.02046],[144.5888,43.02048],[144.58943,43.02057],[144.59003,43.02072],[144.59075,43.02098],[144.59132,43.02127],[144.59167,43.0215],[144.59204,43.02179],[144.59236,43.02211],[144.59258,43.0224],[144.59278,43.02274],[144.59294,43.02309],[144.59347,43.02419],[144.5936,43.02439],[144.59374,43.02454],[144.59387,43.02466],[144.59396,43.02471],[144.59426,43.02489],[144.5948,43.02514],[144.5952,43.02527],[144.5956,43.02537],[144.596,43.02542],[144.59652,43.02545],[144.59801,43.02539],[144.5986,43.02537],[144.59901,43.02537],[144.59953,43.02538],[144.60023,43.02541],[144.60087,43.02549],[144.60118,43.02553],[144.60228,43.02588],[144.60295,43.02619],[144.6032,43.02632],[144.60341,43.02642],[144.60381,43.02668],[144.60434,43.02707],[144.60482,43.02747],[144.60511,43.02775],[144.60534,43.02809],[144.60558,43.02853],[144.60577,43.02897],[144.60584,43.02913],[144.60615,43.02989],[144.60623,43.03008],[144.60631,43.03028],[144.6065,43.03069],[144.60658,43.03079],[144.60711,43.0313],[144.60758,43.03162],[144.60786,43.03179],[144.60826,43.03197],[144.6088,43.03216],[144.60917,43.03226],[144.6097,43.03237],[144.6112,43.03268],[144.61167,43.03278]],[[145.59703,43.32384],[145.59743,43.32327]],[[143.90458,42.86949],[143.90693,42.87161],[143.90761,42.87222],[143.90773,42.87233],[143.90786,42.87246],[143.90799,42.87256],[143.90819,42.8727],[143.90843,42.87284],[143.90866,42.87296],[143.9089,42.87307],[143.9093,42.87323],[143.90998,42.87347],[143.91038,42.8736],[143.91084,42.87373],[143.91118,42.87381],[143.91154,42.87387],[143.912,42.87393],[143.91222,42.87396],[143.91246,42.87398],[143.9129,42.874],[143.91331,42.87402],[143.91463,42.87402],[143.91504,42.87404],[143.91541,42.87406],[143.91586,42.87411],[143.9163,42.87418],[143.91662,42.87425],[143.91698,42.87432],[143.91733,42.87442],[143.91769,42.87454],[143.91835,42.87477],[143.91903,42.87507],[143.91954,42.87533],[143.91986,42.8755],[143.92052,42.87592],[143.92081,42.87611],[143.92091,42.87619],[143.92106,42.87631],[143.92116,42.87641],[143.92128,42.87653],[143.9214,42.87669],[143.92148,42.87677],[143.92153,42.87684],[143.92163,42.87698],[143.92182,42.87728],[143.92185,42.87733],[143.92189,42.87738],[143.92196,42.87747],[143.92203,42.87756],[143.92212,42.87766],[143.92219,42.87774],[143.92231,42.87786],[143.92243,42.87797],[143.92259,42.87809],[143.92298,42.87837],[143.92309,42.87845],[143.92322,42.87853],[143.92334,42.87861],[143.92368,42.87878],[143.92475,42.87938],[143.92497,42.87952],[143.92517,42.87965],[143.92541,42.87986],[143.92546,42.87991],[143.92553,42.87998],[143.92556,42.88004],[143.92561,42.88012],[143.92564,42.88019],[143.92568,42.88027],[143.92572,42.88037],[143.92574,42.88045],[143.92576,42.88054],[143.92577,42.88064],[143.92578,42.88078],[143.92578,42.8809],[143.92577,42.88103],[143.92574,42.88114],[143.9257,42.88124],[143.92564,42.88136],[143.92557,42.88146],[143.92545,42.88164],[143.92495,42.88233],[143.92453,42.88286],[143.9244,42.88304],[143.92436,42.88314],[143.92431,42.88325],[143.92428,42.88337],[143.92427,42.88353],[143.92425,42.88362],[143.92424,42.88369],[143.92424,42.88375],[143.92424,42.8838],[143.92424,42.88386],[143.92426,42.88397],[143.92428,42.88408],[143.92431,42.88417],[143.92434,42.88426],[143.9244,42.88435],[143.92453,42.88457],[143.92554,42.88617],[143.92575,42.88651],[143.92631,42.88738],[143.92635,42.88744],[143.92638,42.88748],[143.92643,42.88753],[143.92652,42.88761],[143.92662,42.88768],[143.92682,42.88783],[143.92693,42.8879],[143.92703,42.88794],[143.92709,42.88797],[143.92719,42.88801],[143.92727,42.88803],[143.92741,42.88806],[143.92773,42.88813],[143.93161,42.88885]],[[142.12408,43.54125],[142.12122,43.54111],[142.1189,43.54101],[142.11879,43.541],[142.11622,43.5409],[142.11512,43.54083],[142.11447,43.54076],[142.1141,43.54071],[142.11338,43.54057],[142.11261,43.54037],[142.11206,43.5402],[142.11175,43.5401],[142.11147,43.53999],[142.11109,43.53984],[142.10939,43.53905],[142.10843,43.5386],[142.10798,43.53838],[142.10607,43.53755],[142.10553,43.53735],[142.10394,43.5368],[142.10323,43.53659],[142.10247,43.53639],[142.10108,43.53608],[142.10027,43.53593],[142.09969,43.53584],[142.09909,43.53577],[142.09805,43.53567],[142.09759,43.53566],[142.09647,43.53569],[142.09623,43.53572],[142.0958,43.53582],[142.09517,43.53601],[142.09293,43.5367],[142.0926,43.5368],[142.0923,43.53686],[142.09185,43.53692],[142.09148,43.53693],[142.09087,43.53693],[142.08887,43.53683],[142.08725,43.53676],[142.08691,43.53677],[142.08654,43.53677],[142.08328,43.53701]],[[143.12517,42.92386],[143.12117,42.92358],[143.11974,42.92348],[143.11517,42.92314],[143.11351,42.92301],[143.11187,42.9229],[143.11025,42.92277],[143.11013,42.92277],[143.10975,42.92274],[143.10862,42.92266],[143.10702,42.92254],[143.10545,42.92242],[143.10388,42.9223],[143.10231,42.92221],[143.10084,42.9221],[143.09938,42.922],[143.09871,42.92194],[143.09796,42.92187],[143.09656,42.92178],[143.09517,42.92168],[143.0938,42.92157],[143.0924,42.92148],[143.09093,42.92137],[143.08935,42.92128],[143.08771,42.92115],[143.08767,42.92115],[143.08613,42.92101],[143.08458,42.92095],[143.08308,42.92082],[143.08162,42.9207],[143.08007,42.92058],[143.0785,42.92045],[143.07695,42.92035],[143.07664,42.92032],[143.07464,42.92017],[143.07404,42.9201],[143.07386,42.92006],[143.07357,42.91999],[143.07319,42.91987],[143.07266,42.91965],[143.07238,42.91952],[143.07206,42.91933],[143.07185,42.91919],[143.0715,42.91888],[143.07128,42.91864],[143.07105,42.91838],[143.07088,42.91813],[143.07023,42.91699],[143.06989,42.91635]],[[145.42295,43.21833],[145.42111,43.21808],[145.41858,43.21774],[145.41695,43.2175],[145.41587,43.21736],[145.41543,43.21728],[145.41515,43.21726],[145.41487,43.21724],[145.41453,43.21724],[145.41444,43.21724],[145.41405,43.21724],[145.41372,43.21727],[145.41341,43.21731],[145.41318,43.21735],[145.41293,43.21741],[145.41215,43.2176],[145.41114,43.21787],[145.41055,43.21801],[145.41019,43.21808],[145.4098,43.21815],[145.40909,43.21825],[145.4087,43.21829],[145.4084,43.2183],[145.40808,43.21831],[145.40774,43.2183],[145.40738,43.21828],[145.40704,43.21826],[145.40605,43.21813],[145.40517,43.21802],[145.40366,43.21782],[145.40305,43.21774],[145.40138,43.21749],[145.39276,43.21621],[145.39274,43.21621],[145.38185,43.21461],[145.37159,43.2131],[145.37095,43.21298],[145.36978,43.21269],[145.36875,43.21243],[145.36839,43.21234],[145.36806,43.21221],[145.36529,43.21124],[145.36474,43.21105],[145.36233,43.21021],[145.35869,43.2089],[145.35594,43.20795],[145.35512,43.20765],[145.35467,43.20748],[145.35377,43.20716],[145.35296,43.20691],[145.35206,43.20672],[145.35121,43.20659],[145.35077,43.20655],[145.35029,43.20656],[145.34953,43.20661],[145.34812,43.20676],[145.34706,43.20691],[145.3447,43.20725],[145.34434,43.2073],[145.34269,43.20754],[145.34084,43.20782],[145.33904,43.20809],[145.33801,43.20824],[145.3373,43.20831],[145.33656,43.20836],[145.33547,43.20836],[145.3349,43.20835],[145.33437,43.20829],[145.33392,43.2082],[145.3335,43.2081],[145.33341,43.20807],[145.33304,43.20796],[145.33012,43.20701],[145.32622,43.20572],[145.32314,43.20469]],[[144.84252,43.05622],[144.84445,43.05616],[144.84512,43.05613],[144.84568,43.05615],[144.84595,43.05618],[144.84621,43.05622],[144.84641,43.05626],[144.84672,43.05636],[144.84708,43.0565],[144.84725,43.05658],[144.84744,43.05667],[144.84765,43.05681],[144.84787,43.05696],[144.84807,43.05713],[144.84825,43.0573],[144.84842,43.0575],[144.84855,43.0577],[144.84867,43.05792],[144.84872,43.05803],[144.84878,43.05818],[144.84883,43.05832],[144.84887,43.05849],[144.84905,43.05907],[144.84923,43.0595],[144.84934,43.05974],[144.84946,43.05995],[144.84988,43.06067],[144.85007,43.06098],[144.8503,43.06133],[144.85065,43.06189],[144.85103,43.06249],[144.85132,43.06296],[144.85155,43.06331],[144.85172,43.06359],[144.85181,43.06374],[144.85191,43.06394],[144.85197,43.06411],[144.85204,43.06429],[144.85206,43.06442],[144.85209,43.06459],[144.8521,43.06472],[144.8521,43.06488],[144.85208,43.06514],[144.85206,43.06534],[144.85202,43.06549],[144.85199,43.06561],[144.8519,43.06583],[144.85178,43.06606],[144.85163,43.06629],[144.8514,43.06658],[144.85125,43.06678],[144.85094,43.06714],[144.85039,43.06768],[144.85022,43.06789],[144.85008,43.06809],[144.84998,43.06832],[144.84988,43.06862],[144.84981,43.06888],[144.84979,43.06912],[144.84977,43.06925],[144.8498,43.06967],[144.84982,43.06981],[144.84987,43.06998],[144.84996,43.07025],[144.85007,43.07051],[144.85034,43.07105],[144.85054,43.07151],[144.85058,43.07163],[144.85062,43.07176],[144.85066,43.07191],[144.85068,43.07206],[144.85067,43.07249],[144.85066,43.07323],[144.85066,43.07383],[144.85069,43.07408],[144.85074,43.07428],[144.85078,43.07442],[144.85082,43.07455],[144.85088,43.07468],[144.85099,43.07488],[144.85107,43.07498],[144.85124,43.0752],[144.85145,43.07545],[144.85174,43.07578],[144.85193,43.07596],[144.85222,43.07622],[144.85262,43.07659],[144.85283,43.07683],[144.85291,43.07694],[144.853,43.07706],[144.85309,43.07721],[144.85316,43.07734],[144.85319,43.0774],[144.85322,43.07748],[144.85327,43.07763],[144.85332,43.07776],[144.85336,43.07791],[144.85341,43.07815],[144.85344,43.07837],[144.85355,43.07912],[144.85366,43.08008],[144.8537,43.08047],[144.854,43.08327],[144.85407,43.08394],[144.85412,43.08453],[144.85418,43.08497],[144.85426,43.08535],[144.85433,43.08559],[144.85443,43.0859],[144.8546,43.08644],[144.85479,43.08686],[144.85526,43.0877],[144.85584,43.08856],[144.85668,43.08963],[144.85723,43.09033],[144.85814,43.0915],[144.85887,43.09251],[144.85951,43.09327],[144.85991,43.09368],[144.85994,43.09372],[144.8605,43.09424],[144.86102,43.09466],[144.8614,43.09496],[144.86232,43.09551],[144.86274,43.09574],[144.86312,43.09595],[144.86426,43.09661],[144.86552,43.09733],[144.86654,43.09781],[144.86728,43.0981],[144.86795,43.09832],[144.86881,43.09852],[144.8694,43.0986],[144.86992,43.09866],[144.87053,43.09869],[144.871,43.09869],[144.87146,43.0987],[144.87202,43.09867],[144.87402,43.09855],[144.87619,43.09842],[144.87679,43.09838],[144.87904,43.09825],[144.88102,43.09812],[144.88367,43.09797],[144.88416,43.09794],[144.88487,43.09792],[144.88555,43.09792],[144.88712,43.09792],[144.8878,43.09798],[144.88927,43.09819],[144.89136,43.09845],[144.89259,43.09862],[144.89348,43.09874],[144.89534,43.09898],[144.89702,43.09921],[144.89857,43.09942],[144.90011,43.09963],[144.9019,43.09988],[144.90353,43.10008],[144.90366,43.10009],[144.90589,43.10038],[144.90709,43.10054],[144.90816,43.10072],[144.90912,43.10092],[144.90967,43.10107],[144.91028,43.10124],[144.91188,43.10182],[144.91303,43.10222],[144.91358,43.10239],[144.91412,43.10254],[144.91477,43.10273],[144.91529,43.10285],[144.91599,43.10298],[144.91662,43.10305],[144.91763,43.10313],[144.91968,43.10325],[144.92155,43.10334],[144.92333,43.10344],[144.9251,43.10355],[144.92597,43.1036],[144.9272,43.10367],[144.92941,43.10377],[144.93144,43.10388],[144.93243,43.10393],[144.93257,43.10394],[144.9332,43.10399],[144.93376,43.10401],[144.9344,43.10402],[144.93491,43.10402],[144.93528,43.10403],[144.93567,43.104],[144.93628,43.10395],[144.93796,43.10368],[144.93932,43.10345],[144.94024,43.10329],[144.94081,43.10319],[144.94156,43.10314],[144.94223,43.10315],[144.94289,43.10319],[144.94354,43.10327],[144.94431,43.10337],[144.94632,43.10363],[144.94763,43.10379],[144.9485,43.10393],[144.9489,43.10401],[144.94927,43.10409],[144.9497,43.1042],[144.95012,43.10434],[144.95042,43.10445],[144.9507,43.10457],[144.95098,43.1047],[144.95133,43.10489],[144.95208,43.10534],[144.95359,43.10633],[144.95366,43.10638],[144.95426,43.10672],[144.9546,43.10691],[144.9549,43.10705],[144.95519,43.10714],[144.95578,43.10734],[144.95624,43.10748],[144.95663,43.10757],[144.95698,43.10763],[144.95786,43.10779],[144.95912,43.10801],[144.96015,43.10821],[144.96142,43.10843],[144.96233,43.10858],[144.96347,43.10879],[144.96419,43.10894],[144.96457,43.10901],[144.96509,43.10915],[144.96562,43.10936],[144.96614,43.10961],[144.96683,43.11004],[144.96737,43.11045],[144.96748,43.11054],[144.96819,43.11112],[144.96904,43.11182],[144.96958,43.11219],[144.97011,43.11253],[144.97057,43.11275],[144.97121,43.11302],[144.97241,43.11348],[144.97353,43.11388],[144.97426,43.11412],[144.97503,43.11435],[144.97572,43.11451],[144.97621,43.11461],[144.9767,43.11469],[144.97704,43.11473],[144.97729,43.11475],[144.9778,43.11479],[144.97838,43.11482],[144.97914,43.11488],[144.98023,43.11492],[144.98064,43.11497],[144.98102,43.11506],[144.98153,43.1152],[144.98204,43.11541],[144.9824,43.1156],[144.9829,43.11591],[144.9833,43.11619],[144.98361,43.11645],[144.98391,43.11677],[144.98417,43.11711],[144.98448,43.11755],[144.98477,43.11791],[144.98509,43.11825],[144.98528,43.11843],[144.98547,43.11857],[144.9859,43.11884],[144.98605,43.11892],[144.98647,43.11915],[144.98715,43.11945],[144.98767,43.11962],[144.98811,43.11975],[144.9886,43.11984],[144.98897,43.11988],[144.98944,43.11993],[144.9898,43.11995],[144.99128,43.11997],[144.99177,43.12004],[144.99225,43.12017],[144.99296,43.12041],[144.99341,43.12059],[144.9938,43.1208],[144.99411,43.12099],[144.99447,43.12126],[144.99481,43.12155],[144.99548,43.12204],[144.9956,43.12211],[144.99573,43.12217],[144.99584,43.12221],[144.99599,43.12225],[144.99617,43.12231],[144.99642,43.12237],[144.99677,43.12246],[144.99711,43.12251],[144.99741,43.12256],[144.99813,43.12259],[144.9986,43.12254],[144.99923,43.12243],[145.00022,43.12218],[145.00207,43.12168],[145.00357,43.12126],[145.00487,43.1209],[145.00563,43.12066],[145.00582,43.12059],[145.00603,43.12048],[145.00692,43.11995],[145.00737,43.11969],[145.00768,43.11951],[145.00796,43.1194],[145.00826,43.11929],[145.00866,43.11917],[145.00928,43.11904],[145.00979,43.11898],[145.01043,43.11897],[145.01095,43.11901],[145.01225,43.1192],[145.01392,43.11944],[145.01399,43.11945],[145.01531,43.11968],[145.01567,43.11976],[145.01595,43.11983],[145.01668,43.1201],[145.01706,43.12026],[145.01742,43.12043],[145.01773,43.12059],[145.01807,43.12079],[145.01856,43.12108],[145.0189,43.12133],[145.01927,43.12163],[145.02032,43.12255],[145.02256,43.12446],[145.02395,43.12566],[145.02497,43.12653],[145.02657,43.12791],[145.02751,43.12872]],[[145.25179,43.22805],[145.25024,43.22762],[145.2481,43.227],[145.24648,43.22653],[145.24596,43.22637],[145.24397,43.22577],[145.24289,43.22542],[145.24207,43.22508],[145.24151,43.22481],[145.24116,43.22461],[145.24065,43.22428],[145.24007,43.22387],[145.23881,43.22289],[145.23727,43.22169],[145.23443,43.21946],[145.23306,43.21836],[145.23161,43.21721],[145.23086,43.21661],[145.22904,43.21516],[145.22743,43.21391],[145.22293,43.21035],[145.2229,43.21033],[145.21974,43.20786],[145.21831,43.20675],[145.21735,43.20601],[145.21698,43.20566],[145.21662,43.20533],[145.21626,43.2049],[145.21609,43.20466],[145.21592,43.20434],[145.21561,43.20374],[145.21482,43.20168],[145.21439,43.20053],[145.21395,43.1994],[145.2137,43.19873],[145.21352,43.19824],[145.21305,43.1972],[145.21284,43.19681],[145.2126,43.1965],[145.21221,43.19612],[145.21166,43.19567],[145.21113,43.19532],[145.21051,43.19502],[145.21012,43.19484],[145.20953,43.19466],[145.20896,43.19455],[145.20696,43.19424],[145.20558,43.19408],[145.20536,43.19404],[145.20496,43.19398],[145.20453,43.19392],[145.2031,43.19379],[145.20246,43.1938],[145.20156,43.19388],[145.20116,43.19393],[145.2005,43.19406],[145.20009,43.19416],[145.19958,43.19432],[145.19922,43.19445],[145.19762,43.1951],[145.19491,43.19617]],[[143.16547,42.92895],[143.16361,42.92885]],[[143.60876,42.77797],[143.60783,42.77852]],[[142.83304,43.08091],[142.83227,43.08275]],[[143.50065,42.85609],[143.4998,42.85742],[143.49894,42.85881],[143.49838,42.85967],[143.49823,42.85988],[143.49785,42.86036],[143.49704,42.86138],[143.49658,42.86202],[143.49613,42.86287],[143.49556,42.86371],[143.49518,42.86409],[143.49438,42.86467],[143.49409,42.86492],[143.49351,42.8656],[143.49159,42.86787],[143.49,42.86972],[143.4896,42.87012],[143.48929,42.87042],[143.48871,42.87092],[143.48757,42.87172],[143.48648,42.87247],[143.4863,42.87262],[143.48605,42.87291],[143.48592,42.87316],[143.48555,42.87423],[143.4851,42.87546],[143.48485,42.87594],[143.48464,42.87623],[143.48453,42.87638],[143.48431,42.87659],[143.48411,42.87675],[143.48393,42.87685],[143.48365,42.87699],[143.4831,42.87719],[143.48195,42.87755],[143.48098,42.87785],[143.4805,42.87801],[143.48011,42.87817],[143.47971,42.87839],[143.4792,42.87874],[143.47823,42.87942],[143.47645,42.88066],[143.47482,42.88181],[143.47453,42.88201],[143.47281,42.88324],[143.47103,42.88446],[143.47034,42.88501],[143.46995,42.88542],[143.46949,42.88597],[143.469,42.8868],[143.46812,42.88827],[143.4679,42.88865],[143.46733,42.88963],[143.46598,42.8919],[143.46518,42.8933],[143.46493,42.89393],[143.46457,42.89498],[143.46442,42.89527],[143.46402,42.8958],[143.4634,42.89659],[143.46324,42.89679],[143.46248,42.89776],[143.4619,42.89854],[143.46178,42.89873],[143.46165,42.89898],[143.46146,42.89964],[143.46132,42.90015],[143.46096,42.90147],[143.46052,42.90321],[143.46048,42.90342],[143.46045,42.90461],[143.46043,42.90532],[143.46042,42.90554],[143.46033,42.90665],[143.46027,42.90701],[143.46013,42.90753],[143.45995,42.90795],[143.4596,42.9086],[143.45888,42.90958],[143.45855,42.91007],[143.45817,42.91064],[143.45776,42.91161],[143.45756,42.9121],[143.45729,42.91267],[143.45685,42.91368],[143.45615,42.91524],[143.45581,42.91606],[143.45526,42.91729],[143.45463,42.91872],[143.45441,42.9192],[143.45423,42.91958],[143.45393,42.92026]],[[145.32314,43.20469],[145.32235,43.20443]],[[143.50103,42.85551],[143.50065,42.85609]],[[144.61322,43.0331],[144.6147,43.03341],[144.61575,43.03362],[144.61753,43.03398],[144.62103,43.03472],[144.62515,43.0356],[144.6255,43.03567],[144.62903,43.03641],[144.63503,43.03761],[144.63558,43.0377],[144.63592,43.03773],[144.63684,43.03782],[144.63731,43.03786],[144.63773,43.03786],[144.63829,43.03783],[144.63878,43.03774],[144.63918,43.03764],[144.63953,43.03754],[144.63989,43.03739],[144.64019,43.03722],[144.64046,43.03704],[144.64073,43.03682],[144.64092,43.03663],[144.64106,43.03646],[144.64116,43.03627],[144.64143,43.03564],[144.64171,43.03494],[144.64184,43.03467],[144.64194,43.03451],[144.6423,43.03405],[144.64236,43.03399],[144.64255,43.03379],[144.64273,43.03366],[144.64289,43.03354],[144.64319,43.03337],[144.64337,43.03328],[144.64351,43.03323],[144.64385,43.03313],[144.64402,43.03308],[144.64422,43.03304],[144.64463,43.03299],[144.64492,43.03297],[144.64544,43.03297],[144.64601,43.03303],[144.64641,43.03311],[144.64684,43.03324],[144.64715,43.03334],[144.64747,43.03348],[144.65195,43.03603],[144.65213,43.03614],[144.65269,43.03644],[144.65317,43.03672],[144.65325,43.03677],[144.65334,43.03682],[144.65347,43.03687],[144.65361,43.03694],[144.65373,43.03699],[144.65392,43.03706],[144.65408,43.03711],[144.65421,43.03716],[144.65462,43.03725],[144.65487,43.0373],[144.65523,43.03736],[144.65552,43.03738],[144.65581,43.0374],[144.65619,43.03741],[144.65638,43.0374],[144.65658,43.03738],[144.65697,43.03733],[144.65743,43.03726],[144.65753,43.03724],[144.65785,43.03715],[144.65811,43.03707],[144.65842,43.03696],[144.65887,43.03678],[144.659,43.03672],[144.65936,43.03654],[144.66052,43.03599],[144.66081,43.03588],[144.66101,43.03581],[144.66118,43.03576],[144.66159,43.03565],[144.66175,43.03562],[144.66189,43.0356],[144.66212,43.03557],[144.66234,43.03556],[144.66274,43.03555],[144.66299,43.03555],[144.66312,43.03556],[144.66336,43.03559],[144.66355,43.03561],[144.66386,43.03568],[144.66434,43.0358],[144.66481,43.03597],[144.66529,43.03621],[144.66557,43.03635],[144.66599,43.03656],[144.66641,43.03676],[144.66657,43.03682],[144.66677,43.0369],[144.66709,43.03699],[144.66738,43.03706],[144.6675,43.0371],[144.66767,43.03712],[144.66783,43.03715],[144.66991,43.03747],[144.67111,43.03763],[144.67144,43.03768],[144.6718,43.03777],[144.67422,43.03868],[144.67469,43.03882],[144.67531,43.03898],[144.67547,43.03902],[144.67623,43.03909],[144.67721,43.03907],[144.67783,43.03897],[144.67839,43.03882],[144.67925,43.03848],[144.67985,43.03814],[144.68035,43.03776],[144.68057,43.03752],[144.68117,43.03684],[144.68767,43.02954],[144.68785,43.02931],[144.69419,43.02218],[144.69575,43.02042],[144.69617,43.01995],[144.69673,43.01951],[144.69745,43.0191],[144.69835,43.01876],[144.6991,43.01859],[144.69942,43.01854],[144.70021,43.01849],[144.70336,43.0185]],[[144.273,43.0091],[144.27245,43.0091],[144.27167,43.00908],[144.27083,43.00901],[144.26995,43.00889],[144.26707,43.0084],[144.26389,43.00778],[144.26202,43.00742],[144.26147,43.00731],[144.26122,43.00726],[144.26096,43.00718],[144.25946,43.00665],[144.25769,43.00602],[144.25571,43.00532],[144.25175,43.00392],[144.24942,43.0031],[144.24789,43.00267],[144.24747,43.00255],[144.24726,43.00248],[144.24707,43.00244],[144.24666,43.00237],[144.24606,43.0023],[144.2434,43.00192],[144.24092,43.00157],[144.23515,43.00072],[144.23388,43.00053],[144.23219,43.0003],[144.23083,43.00009],[144.22987,42.99991],[144.22845,42.99967],[144.22722,42.99944],[144.22701,42.99939],[144.22604,42.9992],[144.22264,42.99851],[144.21807,42.99759],[144.21625,42.99723],[144.21553,42.99708],[144.21173,42.99632],[144.20859,42.99569],[144.20549,42.99506],[144.19639,42.99323],[144.19473,42.99288],[144.19372,42.99267],[144.19219,42.9923],[144.19013,42.99176],[144.18415,42.99021],[144.18069,42.98931],[144.17655,42.98822],[144.17361,42.98743],[144.17098,42.98673],[144.16896,42.98626],[144.16617,42.98575],[144.16301,42.98515],[144.1629,42.98513],[144.15951,42.98447],[144.15835,42.9843],[144.15726,42.98414],[144.15616,42.98402],[144.15423,42.98388],[144.15291,42.9838],[144.15093,42.98366]],[[142.05006,43.55421],[142.04726,43.55555]],[[145.19409,43.19651],[145.19248,43.19718],[145.19178,43.19746],[145.19024,43.19808],[145.1888,43.19864],[145.1879,43.1989],[145.18704,43.19905],[145.18621,43.19912],[145.18547,43.19913],[145.18424,43.19906],[145.18112,43.19885],[145.17008,43.19809],[145.16925,43.19803],[145.16838,43.19791],[145.16766,43.19779],[145.16695,43.19763],[145.16602,43.19736],[145.16532,43.19709],[145.16472,43.1968],[145.16423,43.19654],[145.16376,43.19622],[145.16183,43.19488],[145.16055,43.19397],[145.15889,43.19279],[145.15589,43.19063],[145.15284,43.18845],[145.15223,43.18801],[145.1498,43.18628],[145.14863,43.18546],[145.14771,43.18471],[145.14714,43.1841],[145.14681,43.18361],[145.1466,43.18318],[145.14642,43.18265],[145.14636,43.1823],[145.14635,43.18198],[145.1464,43.18145],[145.14648,43.18092],[145.14658,43.18029],[145.14656,43.17984],[145.1465,43.17948],[145.14637,43.17904],[145.14617,43.17865],[145.14595,43.17829],[145.14571,43.17801],[145.14547,43.17781],[145.14483,43.17734],[145.14394,43.17681],[145.14305,43.17629],[145.14113,43.17517],[145.13989,43.17443],[145.1378,43.17319],[145.13301,43.17035],[145.13194,43.16976],[145.13137,43.16945],[145.13084,43.16923],[145.13063,43.16914],[145.13022,43.16903],[145.12994,43.16897],[145.12882,43.16884],[145.12771,43.16882],[145.12701,43.16884],[145.12621,43.16893],[145.12575,43.16903],[145.12525,43.16923],[145.12498,43.16934],[145.12429,43.16965],[145.12359,43.16991],[145.12282,43.17013],[145.12187,43.17033],[145.12097,43.17042],[145.12058,43.17046],[145.11961,43.17048],[145.11889,43.17044],[145.11773,43.17026],[145.11578,43.16987],[145.11408,43.16953],[145.11256,43.16923],[145.11094,43.16891],[145.1096,43.16864],[145.1086,43.16845],[145.10798,43.1683],[145.1072,43.16802],[145.10682,43.16785],[145.10642,43.16763],[145.10614,43.16745],[145.1059,43.16727],[145.1057,43.16711],[145.10545,43.16682],[145.1052,43.16647],[145.10492,43.16605],[145.10474,43.16577],[145.10386,43.16433],[145.10314,43.16316],[145.10254,43.1622],[145.09994,43.15799]],[[143.90392,42.8689],[143.90458,42.86949]],[[143.25523,42.91325],[143.25718,42.91218]],[[141.98229,43.57445],[141.97854,43.57341]],[[145.19491,43.19617],[145.19409,43.19651]],[[144.83996,43.05631],[144.83911,43.05634],[144.83862,43.05636],[144.83806,43.05638],[144.8377,43.05639],[144.8367,43.05647],[144.83583,43.05658],[144.83531,43.05667],[144.83412,43.05698],[144.83283,43.05733],[144.83151,43.05769],[144.83062,43.05793],[144.82935,43.05827],[144.82809,43.05862],[144.82743,43.0588],[144.8268,43.05897],[144.82607,43.05917],[144.82499,43.05941],[144.82437,43.0595],[144.82337,43.05961],[144.82217,43.05969],[144.82016,43.05976],[144.819,43.05978],[144.81649,43.05984],[144.81547,43.05987],[144.81322,43.05994],[144.81207,43.05995],[144.8109,43.05992],[144.80974,43.05985],[144.80869,43.05976],[144.80634,43.05954],[144.80544,43.05945],[144.80417,43.05933],[144.80284,43.05919],[144.8017,43.05905],[144.80054,43.05891],[144.7992,43.05873],[144.79743,43.0584],[144.79455,43.05783],[144.79103,43.05712],[144.78905,43.05675],[144.78823,43.05665],[144.78753,43.05667],[144.78665,43.05673],[144.78623,43.05677],[144.78546,43.05693],[144.78373,43.05733]],[[142.04726,43.55555],[142.04639,43.55595],[142.04402,43.55701],[142.04363,43.55718],[142.0434,43.55726],[142.04306,43.55736],[142.04215,43.5576],[142.04124,43.5578],[142.04093,43.55787],[142.03946,43.55823],[142.03871,43.55843],[142.03812,43.55861],[142.03764,43.55878],[142.03642,43.55926],[142.03589,43.55952],[142.03565,43.55967],[142.03489,43.56022],[142.03348,43.56129],[142.03198,43.56243],[142.03176,43.5626],[142.02951,43.56432],[142.02851,43.56507],[142.02766,43.56572],[142.02622,43.56684],[142.02544,43.56743],[142.02526,43.56762],[142.0251,43.56781],[142.02436,43.56891],[142.02361,43.57005],[142.02283,43.57123],[142.02266,43.57146],[142.02247,43.57166],[142.0221,43.57197],[142.02168,43.57225],[142.02132,43.57244],[142.02098,43.57258],[142.02043,43.57278],[142.01989,43.57291],[142.01926,43.573],[142.01735,43.57326],[142.01606,43.57345],[142.01574,43.57349],[142.0153,43.57356],[142.01143,43.5741],[142.00964,43.57435],[142.00934,43.57439],[142.00837,43.57452],[142.00599,43.57487],[142.00572,43.57491],[142.0034,43.57525],[142.00164,43.5755],[141.9991,43.57584],[141.99646,43.57627],[141.99623,43.5763],[141.99611,43.57632],[141.99588,43.57635],[141.9952,43.57643],[141.99469,43.57647],[141.99419,43.57646],[141.9936,43.57641],[141.99299,43.57638],[141.99232,43.57632],[141.99071,43.57619],[141.98901,43.57607],[141.98824,43.57601],[141.98785,43.57594],[141.98734,43.57584],[141.98671,43.57566],[141.98649,43.57559],[141.98635,43.57556],[141.9861,43.57548],[141.98587,43.57542],[141.98522,43.57525],[141.98387,43.57488],[141.98229,43.57445]],[[142.39072,43.3486],[142.3887,43.3526]],[[145.09953,43.15734],[145.09894,43.15638],[145.09822,43.15524],[145.09766,43.15437],[145.0975,43.15414],[145.09726,43.1539],[145.09716,43.15381],[145.09689,43.15357],[145.0966,43.15336],[145.09599,43.15299],[145.09559,43.1528],[145.09521,43.15267],[145.09495,43.15261],[145.09415,43.15242],[145.09235,43.152],[145.09078,43.15163],[145.08731,43.15084],[145.08689,43.15074],[145.08368,43.15],[145.08158,43.14951],[145.07925,43.14898],[145.0778,43.14864],[145.07631,43.1483],[145.07622,43.14828],[145.07482,43.14796],[145.07351,43.14764],[145.07229,43.14737],[145.07148,43.14723],[145.07111,43.14717],[145.07,43.14704],[145.06624,43.14662],[145.06538,43.14652],[145.06305,43.14627],[145.05967,43.14588],[145.05623,43.14551],[145.05439,43.14531],[145.05428,43.1453],[145.05248,43.1451],[145.05104,43.14494],[145.04957,43.14475],[145.04823,43.14448],[145.0475,43.14428],[145.04642,43.14393],[145.04589,43.14371],[145.04529,43.14343],[145.04494,43.14326],[145.04459,43.14307],[145.04424,43.14288],[145.04396,43.14269],[145.04369,43.1425],[145.04298,43.14195],[145.04207,43.1412],[145.04085,43.14017],[145.03835,43.13804],[145.03624,43.13623],[145.0359,43.13593],[145.03349,43.13386],[145.03104,43.13176],[145.02863,43.12967]],[[143.25718,42.91218],[143.25953,42.91086],[143.25959,42.91082],[143.26045,42.91034],[143.2611,42.91002],[143.26164,42.90975],[143.2621,42.90957],[143.26243,42.90944],[143.26273,42.90934],[143.26297,42.90927],[143.26326,42.9092],[143.26382,42.9091],[143.26465,42.90897],[143.27003,42.90815],[143.27106,42.90799],[143.27309,42.90767],[143.27364,42.90759],[143.27545,42.90733],[143.27753,42.907],[143.28399,42.90602],[143.29489,42.90437],[143.29518,42.90433],[143.29707,42.90404]],[[143.29796,42.9039],[143.2996,42.90365],[143.2997,42.90364],[143.30337,42.90306],[143.3043,42.90287],[143.30512,42.90265],[143.30561,42.90249],[143.30833,42.90149],[143.30905,42.90127],[143.30977,42.90113],[143.31017,42.90108],[143.31042,42.90105],[143.31113,42.90103],[143.3129,42.90103],[143.31365,42.90104],[143.31439,42.90108],[143.31488,42.90113],[143.31527,42.90122],[143.31661,42.90167],[143.31768,42.90198],[143.31824,42.9021],[143.3188,42.90214],[143.3201,42.90212],[143.32103,42.90207],[143.32501,42.90185],[143.32599,42.9018],[143.32849,42.90185],[143.3307,42.90189],[143.3319,42.9019],[143.3321,42.90188],[143.33246,42.90186],[143.3332,42.90174],[143.33409,42.90148],[143.33461,42.90128],[143.33578,42.90074],[143.33762,42.90002],[143.33978,42.89919],[143.34223,42.89832],[143.34297,42.89808],[143.3436,42.89787],[143.34391,42.89778],[143.34456,42.89764],[143.34513,42.89756],[143.34569,42.89752],[143.34619,42.89751],[143.34689,42.89757],[143.34729,42.89763],[143.34801,42.8978],[143.34868,42.89803],[143.34927,42.89829],[143.34978,42.89858],[143.35024,42.89888],[143.35057,42.89915],[143.35079,42.89937],[143.35155,42.90013],[143.35764,42.90617],[143.35858,42.90709]],[[143.45393,42.92026],[143.45231,42.92388]],[[143.86404,42.85243],[143.8633,42.85203]],[[144.00877,42.94816],[144.00835,42.94755]],[[144.34995,43.00185],[144.34846,43.00223],[144.3483,43.00229],[144.34783,43.00244],[144.3474,43.00255],[144.34328,43.00368],[144.33862,43.00491],[144.33772,43.00515],[144.33747,43.00521],[144.33674,43.00537],[144.336,43.00549],[144.33537,43.00553],[144.32947,43.00591],[144.32672,43.00609],[144.32375,43.00629],[144.32219,43.00639],[144.3214,43.00648],[144.32074,43.00664],[144.32006,43.00686],[144.31938,43.00714],[144.31861,43.00751],[144.31638,43.00869],[144.31607,43.00887],[144.31501,43.00944],[144.31417,43.00984],[144.31316,43.01025],[144.31222,43.01056],[144.31129,43.01084],[144.31088,43.01092],[144.31053,43.01098],[144.31018,43.011],[144.30929,43.01098],[144.30877,43.01093],[144.30825,43.01086],[144.30782,43.01079],[144.3073,43.0107],[144.30634,43.01053],[144.30453,43.0102],[144.30324,43.00998],[144.30266,43.00989],[144.30229,43.00984],[144.29933,43.00965],[144.29536,43.00941]],[[142.08328,43.53701],[142.08098,43.5372]],[[145.42429,43.21851],[145.42295,43.21833]],[[143.93333,42.88918],[143.93346,42.88921],[143.93704,42.88987],[143.94113,42.89066],[143.94426,42.89125],[143.94478,42.89134],[143.94626,42.89163],[143.94761,42.89188],[143.94766,42.89189],[143.94904,42.89215],[143.94933,42.8922],[143.94957,42.89228],[143.94993,42.89239],[143.95016,42.89246],[143.95047,42.89258],[143.95074,42.8927],[143.95103,42.89285],[143.95177,42.89327],[143.9533,42.8941],[143.95637,42.89575],[143.95721,42.89622],[143.95763,42.89645],[143.95784,42.89655],[143.95829,42.89685],[143.95888,42.8972],[143.95928,42.89744],[143.95955,42.89756],[143.96023,42.8979],[143.96086,42.89826],[143.96149,42.8987],[143.96164,42.8988],[143.96174,42.89886],[143.96335,42.89964],[143.96536,42.90063],[143.96642,42.9012],[143.9675,42.90179],[143.96806,42.90209],[143.97048,42.90336],[143.9719,42.9041],[143.97358,42.90499],[143.97501,42.90573],[143.97572,42.90611],[143.97629,42.9064],[143.97646,42.90649],[143.97656,42.90654],[143.97666,42.90661],[143.97672,42.90665],[143.97681,42.90672],[143.97712,42.90693],[143.97734,42.90707],[143.97751,42.90718],[143.97769,42.90728],[143.98189,42.90936],[143.98506,42.91095],[143.98568,42.91126],[143.98581,42.91132],[143.98601,42.91148],[143.98615,42.9116],[143.98631,42.91176],[143.98646,42.91192],[143.98658,42.91206],[143.9867,42.91222],[143.98681,42.91242],[143.987,42.91306],[143.98788,42.91637],[143.98826,42.91829],[143.98839,42.91922],[143.98863,42.92107],[143.98889,42.92325],[143.98907,42.92462],[143.98909,42.9248],[143.98912,42.92494],[143.98917,42.92512],[143.98926,42.92533],[143.98942,42.9256],[143.98985,42.92626],[143.9906,42.92743],[143.99077,42.92771],[143.99081,42.92778],[143.99111,42.92824],[143.9917,42.92916],[143.99226,42.93005],[143.99285,42.93097],[143.99376,42.93241],[143.99433,42.93329],[143.99495,42.93427],[143.99559,42.93527],[143.99592,42.93578],[143.99595,42.93583],[143.99609,42.93604],[143.99619,42.93619],[143.99633,42.93636],[143.99666,42.9368],[143.99694,42.93715],[143.99729,42.93754],[143.99771,42.93797],[143.99898,42.93909],[143.99944,42.9395],[143.99971,42.9398],[143.99993,42.94005],[144.00033,42.94066],[144.00128,42.9421],[144.00148,42.94235],[144.00182,42.94276],[144.00205,42.94302],[144.00225,42.94321],[144.00244,42.94338],[144.00255,42.94347],[144.00292,42.94375],[144.00352,42.94409],[144.00398,42.9443],[144.00577,42.94521],[144.00615,42.94541],[144.00664,42.94568],[144.00695,42.9459],[144.00719,42.9461],[144.00744,42.94637],[144.00778,42.94682],[144.00835,42.94755]],[[143.60783,42.77852],[143.60649,42.77928],[143.6054,42.7799],[143.60315,42.78119],[143.60098,42.78243],[143.60054,42.78268],[143.59966,42.78318],[143.59782,42.78422],[143.59603,42.78525],[143.59436,42.78621],[143.59342,42.78675],[143.59295,42.78702],[143.59238,42.78734],[143.59198,42.78761],[143.59023,42.78884],[143.58871,42.78992],[143.58744,42.79084],[143.58646,42.79154],[143.58553,42.79222],[143.58531,42.79237],[143.58483,42.7927],[143.58422,42.79307],[143.58261,42.79397],[143.58094,42.79491],[143.57946,42.79573],[143.57792,42.79659],[143.57641,42.79741],[143.57622,42.79752],[143.57526,42.79806],[143.57319,42.79923],[143.57115,42.80038],[143.56938,42.80138],[143.56757,42.80238],[143.56709,42.80264],[143.56619,42.80314],[143.5644,42.80414],[143.5627,42.80511],[143.56083,42.80615],[143.55961,42.80683],[143.55808,42.80769],[143.55797,42.80776],[143.557,42.80829],[143.5557,42.80902],[143.55427,42.80981],[143.55251,42.81079],[143.55119,42.81154],[143.54956,42.81244],[143.54882,42.81286],[143.54846,42.81306],[143.54749,42.81361],[143.54684,42.81397],[143.54613,42.81435],[143.54525,42.81474],[143.54284,42.81575],[143.5392,42.81729]],[[142.90702,42.95738],[142.9063,42.95767]],[[141.90166,43.55689],[141.90183,43.55722],[141.90242,43.55829],[141.90281,43.55905],[141.90295,43.55934],[141.90348,43.56041],[141.90409,43.56171],[141.9045,43.56252]],[[145.54194,43.26751],[145.54234,43.26318],[145.54249,43.26155],[145.54293,43.25693],[145.54332,43.25256],[145.54339,43.25193],[145.5434,43.25178],[145.54348,43.25086],[145.54346,43.25032],[145.54339,43.24994],[145.54332,43.24973],[145.54324,43.24953],[145.54312,43.24928],[145.54287,43.24888],[145.54262,43.24861],[145.5424,43.24841],[145.5421,43.24817],[145.54174,43.24796],[145.54143,43.24779],[145.54107,43.24765],[145.54084,43.24758],[145.54062,43.24753],[145.54039,43.24748],[145.54018,43.24742],[145.53993,43.24733],[145.5397,43.24725],[145.53924,43.24704],[145.53902,43.24694],[145.53879,43.24682],[145.53852,43.24666],[145.53836,43.24655],[145.53817,43.24639],[145.53802,43.24623],[145.5379,43.24612],[145.53777,43.24597],[145.53764,43.2458],[145.53755,43.24566],[145.53746,43.24548],[145.53741,43.24534],[145.53737,43.24524],[145.53731,43.24507],[145.53726,43.24486],[145.53721,43.24462],[145.53719,43.24429],[145.53724,43.24385],[145.53765,43.24156],[145.53769,43.24131],[145.53773,43.24081],[145.53772,43.24064],[145.53769,43.24051],[145.53765,43.24028],[145.53755,43.23998],[145.5371,43.23861],[145.5369,43.23801],[145.53667,43.23739],[145.5366,43.2371],[145.53657,43.23692],[145.53655,43.23674],[145.53656,43.23649],[145.53656,43.23642],[145.53658,43.23619],[145.53663,43.23597],[145.53669,43.23568],[145.53678,43.23542],[145.53693,43.23514],[145.5371,43.23489],[145.53775,43.23413],[145.53839,43.23336],[145.53934,43.23226],[145.53982,43.2317],[145.54038,43.23105],[145.54161,43.22959],[145.54224,43.22886]],[[145.51984,43.19894],[145.51908,43.19771]],[[142.21022,43.4892],[142.20969,43.4896],[142.20937,43.48985],[142.20902,43.49017],[142.20864,43.49056],[142.20843,43.4908],[142.20807,43.49127],[142.20768,43.49183],[142.20736,43.49232],[142.20697,43.49296],[142.20655,43.49372],[142.20624,43.49435],[142.20599,43.49488],[142.20577,43.49555],[142.20547,43.49658],[142.20523,43.49739],[142.20501,43.49821],[142.20485,43.49896],[142.20477,43.49926],[142.20464,43.49964],[142.20447,43.5001],[142.20428,43.5005],[142.20411,43.50081],[142.20388,43.50113],[142.20346,43.50159],[142.20306,43.50199],[142.20261,43.5023],[142.2024,43.50242],[142.20081,43.50321],[142.19922,43.50386],[142.19784,43.50442],[142.19675,43.50485],[142.19565,43.50529],[142.19486,43.50561],[142.19406,43.50601],[142.19389,43.50613],[142.19368,43.50633],[142.19348,43.50653],[142.19329,43.50673],[142.19312,43.50694],[142.19272,43.5076],[142.19007,43.51195],[142.18974,43.51245],[142.18942,43.51284],[142.18912,43.51313],[142.18773,43.51416],[142.18574,43.51559]],[[142.08098,43.5372],[142.07972,43.53731],[142.07955,43.53734],[142.07935,43.5374],[142.07932,43.5374],[142.07642,43.53835],[142.07544,43.5386],[142.07386,43.53888],[142.07232,43.53915],[142.07182,43.53927],[142.07152,43.53937],[142.07122,43.53949],[142.07095,43.53964],[142.07028,43.54001],[142.06965,43.54035],[142.06929,43.54054],[142.0691,43.54061],[142.06869,43.54074],[142.0679,43.54093],[142.06651,43.54127],[142.06624,43.54136],[142.06597,43.5415],[142.06593,43.54153],[142.06575,43.54164],[142.06558,43.54179],[142.06522,43.54218],[142.06413,43.54325],[142.0607,43.54662],[142.05887,43.54842],[142.05869,43.54859],[142.05849,43.54879],[142.05682,43.5504],[142.05603,43.55116],[142.05579,43.55134],[142.05558,43.55147],[142.05456,43.55197],[142.05322,43.55264],[142.05006,43.55421]],[[142.87948,43.01389],[142.87922,43.01483],[142.87832,43.01808],[142.87667,43.0236],[142.87557,43.02716],[142.87537,43.02762],[142.87512,43.02803],[142.87488,43.02835],[142.87456,43.02869],[142.87425,43.02894],[142.87118,43.03101],[142.87101,43.03112],[142.86878,43.03265],[142.86856,43.03278],[142.8682,43.033],[142.86648,43.03414],[142.86578,43.03459],[142.86532,43.03494],[142.86506,43.03519],[142.86476,43.03553],[142.86456,43.03583],[142.86432,43.03626],[142.86373,43.03731],[142.86341,43.03782],[142.86334,43.0379],[142.86319,43.0381],[142.86294,43.03833],[142.86273,43.03851],[142.86239,43.03875],[142.86199,43.03899],[142.86137,43.03928],[142.86129,43.03932],[142.86066,43.03959],[142.86041,43.0397],[142.8601,43.03984],[142.85942,43.04011],[142.85895,43.04027],[142.85849,43.04041],[142.85796,43.04052],[142.85747,43.04058],[142.8564,43.04067],[142.85551,43.04076],[142.8553,43.04078],[142.85405,43.04089],[142.85351,43.04094],[142.8532,43.04097],[142.85271,43.04102],[142.85189,43.04114],[142.85149,43.04124],[142.85131,43.04129],[142.85088,43.04145],[142.8506,43.04157],[142.85014,43.04183],[142.84979,43.04205],[142.84948,43.04228],[142.8491,43.0426],[142.84884,43.04289],[142.84866,43.04319],[142.84844,43.04359],[142.84782,43.04512],[142.84632,43.04874],[142.8463,43.04879],[142.84288,43.05708],[142.84277,43.05734],[142.84179,43.05972],[142.83923,43.06589],[142.83875,43.06703],[142.8369,43.07156],[142.83575,43.07431],[142.8357,43.07443],[142.83551,43.07491],[142.83445,43.07748],[142.83432,43.07779],[142.83334,43.08019]],[[144.70434,43.01849],[144.7123,43.01851],[144.71559,43.01852],[144.71627,43.01861],[144.71681,43.0187],[144.71756,43.01892],[144.71844,43.01926],[144.71892,43.01949],[144.71938,43.01977],[144.71991,43.02014],[144.72037,43.02055],[144.72067,43.02094],[144.72087,43.02127],[144.72102,43.02158],[144.72124,43.02224],[144.72403,43.03097],[144.72409,43.03115],[144.72571,43.03619],[144.72697,43.04011],[144.72716,43.04059],[144.72739,43.04105],[144.72768,43.04146],[144.72797,43.04182],[144.72821,43.04205],[144.72853,43.0423],[144.72901,43.04262],[144.72938,43.04281],[144.73106,43.04352],[144.73279,43.04424],[144.7334,43.04454],[144.73386,43.04483],[144.73409,43.045],[144.73436,43.04524],[144.73464,43.04555],[144.73674,43.04911],[144.73684,43.04927],[144.73696,43.04942],[144.73714,43.04961],[144.73733,43.04979],[144.73789,43.05024],[144.74265,43.05412],[144.74387,43.05509],[144.74424,43.05533],[144.74456,43.05554],[144.74513,43.05588],[144.7457,43.05617],[144.74601,43.05633],[144.74694,43.0568],[144.7478,43.05714],[144.7518,43.05881],[144.75215,43.05896],[144.75285,43.05923],[144.75582,43.06044],[144.75624,43.06056],[144.75664,43.06064],[144.75726,43.06073],[144.75774,43.06078],[144.75849,43.06079],[144.75946,43.06072],[144.76043,43.06056],[144.76268,43.06016],[144.76637,43.0595],[144.77044,43.05876],[144.77101,43.05867],[144.77221,43.0585],[144.77288,43.05842],[144.77341,43.05838],[144.77453,43.05838],[144.77564,43.05844],[144.77637,43.05849],[144.77774,43.05856],[144.77842,43.05853],[144.77908,43.05843],[144.78018,43.05816],[144.7812,43.05792],[144.78172,43.0578]],[[144.78373,43.05733],[144.78172,43.0578]],[[144.41231,42.99501],[144.41241,42.99499],[144.41348,42.99488],[144.41455,42.99477],[144.41524,42.99469]],[[143.04639,42.90974],[143.0393,42.90924],[143.03885,42.90922],[143.03521,42.90895],[143.03461,42.9089],[143.03424,42.90885],[143.03386,42.90879],[143.032,42.90832],[143.02836,42.90736],[143.02817,42.9073],[143.02397,42.90614],[143.02272,42.90583],[143.02229,42.90576],[143.02175,42.90573],[143.02105,42.90571],[143.02033,42.90575],[143.01964,42.90586],[143.0189,42.90607],[143.01828,42.90629],[143.01777,42.9065],[143.01676,42.90694],[143.01616,42.90722],[143.0157,42.90743],[143.01292,42.90882],[143.01226,42.90916],[143.0117,42.90947],[143.01117,42.90972],[143.0107,42.90992],[143.0102,42.91011],[143.00639,42.91142],[142.99618,42.91492],[142.99491,42.91538],[142.99313,42.91598],[142.99178,42.91645],[142.99152,42.91654],[142.99092,42.91677],[142.99056,42.91694],[142.99028,42.91709],[142.98985,42.91735],[142.98934,42.91768],[142.98877,42.9181],[142.98839,42.91846],[142.98819,42.91868],[142.98791,42.91901],[142.98778,42.91918],[142.98573,42.92183],[142.98499,42.92278],[142.98439,42.92356],[142.98278,42.92568],[142.9822,42.92643],[142.98143,42.92713],[142.98096,42.92744],[142.98041,42.92772],[142.97887,42.92826],[142.97728,42.92879],[142.97484,42.92959],[142.97407,42.92986],[142.97197,42.93098],[142.97085,42.93157],[142.97073,42.93162],[142.97059,42.93168],[142.9696,42.93192],[142.96391,42.93333],[142.959,42.93457],[142.95893,42.93459],[142.95794,42.93483],[142.95771,42.93489],[142.9575,42.93494],[142.95589,42.93533],[142.95153,42.93641],[142.94643,42.93764],[142.94528,42.93793],[142.94253,42.9386],[142.94151,42.93894],[142.94093,42.93918],[142.93913,42.94031],[142.93695,42.94168],[142.93608,42.94223]],[[143.12754,42.92401],[143.12517,42.92386]],[[142.18574,43.51559],[142.18275,43.51772]],[[144.07774,42.9561],[144.07606,42.95624]],[[142.39214,43.3458],[142.39072,43.3486]],[[142.93539,42.94267],[142.93395,42.94358],[142.93108,42.94537],[142.92887,42.94676],[142.92855,42.94696],[142.92725,42.94778],[142.92478,42.94933],[142.92231,42.95086],[142.92122,42.95151],[142.92066,42.9518],[142.91813,42.95286],[142.91744,42.95315],[142.91418,42.95448],[142.91209,42.95532],[142.91099,42.95576],[142.90702,42.95738]],[[143.06955,42.91573],[143.0688,42.91435],[143.06808,42.91303],[143.06772,42.9126],[143.06741,42.91232],[143.06709,42.91203],[143.06693,42.9119],[143.06648,42.9116],[143.06575,42.9112],[143.0653,42.91101],[143.06487,42.91086],[143.06443,42.91075],[143.06408,42.91068],[143.06359,42.9106],[143.06319,42.91056],[143.06295,42.91055],[143.06254,42.91054],[143.06218,42.91055],[143.06113,42.91058],[143.06003,42.9106],[143.0595,42.91061],[143.0589,42.91061],[143.05839,42.91059],[143.05783,42.91057],[143.05724,42.91052],[143.05473,42.91033],[143.05426,42.9103],[143.04983,42.90998]],[[142.26255,43.47423],[142.26467,43.4736],[142.26569,43.4733],[142.26661,43.47294],[142.26712,43.47268],[142.26789,43.47216],[142.26843,43.47169],[142.26875,43.47133],[142.26904,43.4709],[142.26913,43.47074],[142.26923,43.47054],[142.26933,43.47033],[142.26947,43.46981],[142.2714,43.46111],[142.27182,43.45909],[142.27208,43.45815],[142.27233,43.45749],[142.27281,43.45648],[142.27337,43.45513],[142.27376,43.45409],[142.2739,43.45364],[142.27397,43.4532],[142.27402,43.45268],[142.27401,43.45227],[142.2739,43.45191],[142.27354,43.45133],[142.27341,43.45099],[142.27331,43.45066],[142.27324,43.45025],[142.27325,43.44982],[142.27331,43.44938],[142.27348,43.44895],[142.2736,43.44873],[142.27427,43.44805],[142.27497,43.4474],[142.27542,43.44688],[142.27585,43.44626],[142.27652,43.44509],[142.27684,43.44453],[142.27695,43.44422],[142.27749,43.44241],[142.27768,43.44189],[142.27819,43.4408],[142.27839,43.44041],[142.27875,43.43995],[142.27937,43.43933],[142.27971,43.43903],[142.28017,43.4387],[142.28077,43.4383],[142.28251,43.43733],[142.28433,43.43634],[142.28599,43.43548],[142.28954,43.43365],[142.29156,43.43262],[142.29393,43.43142],[142.29598,43.43032],[142.29891,43.42882],[142.30204,43.42719],[142.30406,43.42609],[142.30532,43.42528],[142.30625,43.4244],[142.30796,43.42238],[142.31074,43.4191],[142.31687,43.41195],[142.32378,43.40363],[142.32381,43.40359],[142.32405,43.40332],[142.32409,43.40328],[142.33677,43.38804],[142.33713,43.38759],[142.33819,43.38643],[142.33888,43.38567],[142.3397,43.38487],[142.34041,43.38422],[142.34135,43.38347],[142.34209,43.3829],[142.34243,43.38268],[142.34272,43.38249],[142.34305,43.38232],[142.34319,43.38224],[142.34333,43.38219],[142.34376,43.38203],[142.34451,43.38174],[142.34511,43.38151],[142.34628,43.38107],[142.34717,43.38073],[142.34978,43.37977],[142.35007,43.37964],[142.35026,43.37953],[142.3506,43.37928],[142.35083,43.37908],[142.35095,43.37896],[142.35108,43.37883],[142.3511,43.37881],[142.35122,43.37867],[142.35146,43.37831],[142.35154,43.37814],[142.35165,43.37786],[142.35169,43.37761],[142.35169,43.37732],[142.3516,43.37689],[142.35089,43.37503]],[[142.93608,42.94223],[142.93539,42.94267]],[[145.09994,43.15799],[145.09953,43.15734]],[[142.83304,43.08091],[142.83334,43.08019]],[[143.20308,42.9176],[143.20321,42.91756],[143.20584,42.91653],[143.20755,42.91586],[143.21039,42.91467],[143.21131,42.9143],[143.21247,42.91394],[143.21324,42.91375],[143.21346,42.91369],[143.21753,42.91285],[143.2212,42.91209],[143.22228,42.91187],[143.22437,42.91146],[143.22753,42.9108],[143.22805,42.91069],[143.2294,42.91041],[143.23025,42.91027],[143.23107,42.91021],[143.23187,42.91023],[143.2326,42.91035],[143.23332,42.91057],[143.23483,42.91119],[143.23715,42.91215],[143.23961,42.9132],[143.24029,42.91349],[143.24302,42.91465],[143.24375,42.91495],[143.24435,42.91515],[143.24516,42.91535],[143.24555,42.91541],[143.24593,42.91546],[143.24616,42.91548],[143.24672,42.91556],[143.24726,42.91561],[143.2481,42.91561],[143.24873,42.91559],[143.24947,42.91554],[143.25015,42.91545],[143.2507,42.91535],[143.25139,42.91513],[143.25239,42.91472],[143.25355,42.91416],[143.25523,42.91325]],[[142.87997,43.01214],[142.87948,43.01389]],[[144.38045,42.99107],[144.38362,42.99007]],[[143.81515,42.80925],[143.81374,42.80979]],[[143.65159,42.81114],[143.65169,42.81193],[143.65187,42.81325],[143.65202,42.81423],[143.6521,42.81456],[143.65217,42.81485],[143.65223,42.81503],[143.65228,42.81519],[143.65233,42.81531],[143.65239,42.81545],[143.65248,42.81562],[143.65517,42.8204],[143.65549,42.82096],[143.65919,42.82748],[143.66087,42.83044],[143.6614,42.83137],[143.6615,42.83156],[143.66246,42.83383],[143.66276,42.83455],[143.66289,42.83484],[143.66296,42.83508],[143.663,42.83527],[143.66301,42.83541],[143.66302,42.83564],[143.66301,42.83588],[143.66297,42.83609],[143.66291,42.83626],[143.66261,42.83694],[143.66245,42.83736],[143.66237,42.83766],[143.66236,42.83796],[143.66239,42.83828],[143.6625,42.83862],[143.66264,42.83887],[143.66285,42.83909],[143.66312,42.83934],[143.66344,42.83955],[143.6642,42.83997],[143.66576,42.84084],[143.66746,42.84184],[143.66789,42.84208],[143.66822,42.84224],[143.66849,42.84233],[143.6686,42.84237],[143.66904,42.84249],[143.66943,42.84255],[143.67001,42.84263],[143.67194,42.84291],[143.67415,42.84324],[143.67498,42.84334],[143.67548,42.84338],[143.67602,42.84335],[143.67653,42.84328],[143.67688,42.84322],[143.67742,42.84306],[143.67811,42.84282],[143.67867,42.8426],[143.67921,42.84239],[143.68099,42.84169],[143.68332,42.84077],[143.68458,42.84027],[143.6849,42.84013],[143.68515,42.83998],[143.68553,42.83969],[143.68587,42.83935],[143.68613,42.83894],[143.68661,42.83808],[143.6869,42.83767],[143.68715,42.83738],[143.6876,42.83701],[143.68807,42.83663],[143.689,42.83588],[143.68933,42.83563],[143.6895,42.83548],[143.68969,42.83529],[143.68988,42.83506],[143.69087,42.83381],[143.6929,42.83126],[143.69321,42.83087],[143.69335,42.83071],[143.69348,42.83058],[143.69361,42.83049],[143.6938,42.83035],[143.69403,42.83021],[143.69436,42.83005],[143.69469,42.82991],[143.69504,42.8298],[143.69531,42.82972],[143.69563,42.82965],[143.69631,42.82953],[143.69677,42.82945],[143.69875,42.82912],[143.69892,42.82909],[143.70028,42.82903],[143.70058,42.82901],[143.70088,42.82898],[143.70111,42.82893],[143.70133,42.82885],[143.70173,42.8287],[143.70303,42.82822],[143.70599,42.82713],[143.70691,42.82675],[143.70726,42.82659],[143.70753,42.82645],[143.7078,42.82627],[143.70794,42.82617],[143.70817,42.82599],[143.70838,42.82581],[143.70867,42.82559],[143.7089,42.8254],[143.70917,42.8252],[143.70937,42.82506],[143.70955,42.82496],[143.70977,42.82484],[143.70997,42.82474],[143.71024,42.82464],[143.71053,42.82454],[143.71075,42.82447],[143.71101,42.82439],[143.71137,42.82431],[143.71177,42.82424],[143.71225,42.82416],[143.7127,42.82411],[143.71305,42.82409],[143.71337,42.82409],[143.71367,42.82412],[143.71392,42.82415],[143.71418,42.8242],[143.71453,42.82429],[143.71495,42.82442],[143.71531,42.82454],[143.7157,42.82469],[143.71638,42.82502],[143.71707,42.82539],[143.71733,42.82555],[143.71752,42.82569],[143.71789,42.826],[143.71808,42.82615],[143.7184,42.82642],[143.71858,42.82655],[143.71886,42.82672],[143.71909,42.82687],[143.71932,42.82701],[143.71956,42.82716],[143.71993,42.82736],[143.72202,42.82861],[143.72332,42.82939],[143.72432,42.83001],[143.72518,42.83052],[143.726,42.831],[143.72618,42.8311],[143.72637,42.83118],[143.72657,42.83125],[143.72678,42.83132],[143.7268,42.83133],[143.72697,42.83139],[143.72716,42.83143],[143.72741,42.83146],[143.72766,42.83148],[143.72802,42.8315],[143.72849,42.83152],[143.72897,42.83149],[143.7294,42.83145],[143.72978,42.83142],[143.73012,42.83139],[143.73088,42.83132],[143.73425,42.83102],[143.73533,42.83092],[143.73551,42.83091],[143.73571,42.83091],[143.736,42.83092],[143.73626,42.83094],[143.73661,42.83099],[143.7373,42.83111],[143.73787,42.83124],[143.73818,42.83132],[143.74035,42.83192],[143.74195,42.83237],[143.7423,42.83247],[143.74251,42.83251],[143.74274,42.83257],[143.74298,42.8326],[143.74319,42.83262],[143.74341,42.83264],[143.74362,42.83265],[143.74396,42.83264],[143.74412,42.83265],[143.74455,42.83265],[143.74568,42.83265],[143.74583,42.83265],[143.74597,42.83263],[143.74612,42.83261],[143.74628,42.83258],[143.7465,42.83254],[143.74672,42.8325],[143.74742,42.83233],[143.74784,42.83224],[143.74824,42.83216],[143.74925,42.83197]],[[142.18275,43.51772],[142.18057,43.51929],[142.17375,43.52425],[142.17022,43.52683],[142.16764,43.52869],[142.16746,43.52882],[142.16695,43.52919],[142.16497,43.5306],[142.1646,43.53083],[142.1631,43.53159],[142.16078,43.53275],[142.16039,43.53288],[142.16,43.53298],[142.15957,43.53307],[142.1589,43.5331],[142.158,43.53307],[142.15583,43.53291],[142.15523,43.53287],[142.15456,43.53291],[142.15257,43.53311],[142.15003,43.53338],[142.14942,43.53348],[142.14917,43.53353],[142.14861,43.53366],[142.14822,43.53377],[142.14803,43.53383],[142.1477,43.53393],[142.14688,43.53422],[142.14612,43.53456],[142.14506,43.53507],[142.14439,43.53544],[142.14349,43.53597],[142.14128,43.5372],[142.14038,43.53773],[142.13883,43.53861],[142.13724,43.53949],[142.13658,43.53981],[142.13589,43.54009],[142.13515,43.54039],[142.13438,43.54064],[142.13346,43.54092],[142.13246,43.54114],[142.13159,43.54127],[142.13058,43.54139],[142.12982,43.54144],[142.12923,43.54145],[142.12647,43.54134]],[[143.81374,42.80979],[143.81328,42.80999],[143.81105,42.81077],[143.81033,42.81107],[143.80985,42.81129],[143.8095,42.81149],[143.80915,42.81172],[143.80891,42.81189],[143.80853,42.81222],[143.80839,42.81238],[143.80827,42.81255],[143.80806,42.81292],[143.80792,42.81312],[143.80681,42.81462],[143.80599,42.81564],[143.80587,42.81579],[143.80529,42.81652],[143.80491,42.81696],[143.80345,42.81824],[143.80231,42.81929],[143.80195,42.81964],[143.8018,42.81989],[143.80164,42.8202],[143.80155,42.82048],[143.80148,42.82077],[143.80147,42.82093],[143.80144,42.8211],[143.80129,42.82156],[143.80103,42.82228],[143.80094,42.82247],[143.80083,42.82269],[143.80062,42.82302],[143.80045,42.82324],[143.80038,42.82335],[143.80015,42.82363],[143.79995,42.82384],[143.79977,42.82399],[143.79954,42.82416],[143.79931,42.82429],[143.79912,42.82438],[143.79894,42.82445],[143.7987,42.82452],[143.79829,42.82462],[143.79795,42.82468],[143.79765,42.82472],[143.79739,42.82474],[143.79699,42.82476],[143.79659,42.82474],[143.79502,42.82465],[143.79447,42.82458],[143.79385,42.82453],[143.79286,42.82449],[143.79208,42.82452],[143.79165,42.82456],[143.79122,42.82464],[143.79083,42.82476],[143.79043,42.82493],[143.79019,42.82501],[143.78964,42.82521],[143.78748,42.82601],[143.78712,42.82617],[143.78666,42.82636],[143.7861,42.82665],[143.78499,42.82738],[143.78386,42.82826],[143.78209,42.82957],[143.78144,42.82998],[143.78075,42.83033],[143.78038,42.83049],[143.77984,42.83066],[143.77969,42.83069],[143.77915,42.83073],[143.77882,42.83072],[143.77833,42.83074],[143.77775,42.83079],[143.7771,42.83084],[143.77662,42.83091],[143.77597,42.83105],[143.77546,42.83121],[143.775,42.83146],[143.77464,42.83169],[143.77426,42.83204],[143.77342,42.83272],[143.77301,42.833],[143.77277,42.83316],[143.77241,42.83333],[143.77205,42.83341],[143.77165,42.83344],[143.77096,42.83345],[143.77042,42.83344],[143.77003,42.8334],[143.76974,42.83334],[143.76959,42.83331],[143.76935,42.83324],[143.76863,42.83311],[143.76776,42.83312],[143.76703,42.83313],[143.76595,42.83315],[143.76345,42.83313],[143.76291,42.83309],[143.76235,42.83302],[143.76109,42.83282],[143.76007,42.8327],[143.7591,42.83249],[143.75879,42.83243],[143.75481,42.83163],[143.75382,42.83147],[143.75254,42.83141],[143.75195,42.83146],[143.7504,42.83175]],[[145.58413,43.32692],[145.58616,43.3272],[145.58762,43.32738],[145.58792,43.32742],[145.58813,43.32744],[145.5895,43.32763],[145.59013,43.3277],[145.59112,43.3277],[145.59173,43.32765],[145.59221,43.32757],[145.59254,43.32747],[145.59301,43.32729],[145.59341,43.3271],[145.59397,43.32676],[145.59428,43.32649],[145.59523,43.32557],[145.59642,43.3244],[145.59703,43.32384]],[[143.7504,42.83175],[143.74925,42.83197]],[[143.8633,42.85203],[143.86195,42.8513],[143.86136,42.85107],[143.86059,42.85094],[143.85989,42.85091],[143.85967,42.85091],[143.85924,42.85089],[143.85841,42.85087],[143.85804,42.85086],[143.85768,42.85082],[143.85729,42.85074],[143.85692,42.85063],[143.85657,42.85052],[143.85623,42.85038],[143.85456,42.84958],[143.85269,42.84867],[143.8507,42.84769],[143.84806,42.84641],[143.84317,42.84404],[143.84157,42.84326],[143.84127,42.84311],[143.84087,42.84286],[143.84055,42.84264],[143.84028,42.8424],[143.84007,42.8422],[143.83987,42.84195],[143.8397,42.8417],[143.8396,42.84146],[143.83953,42.84121],[143.83948,42.84086],[143.83947,42.84061],[143.83949,42.84037],[143.83957,42.83997],[143.83969,42.8396],[143.83999,42.83882],[143.84004,42.83859],[143.84006,42.83831],[143.83986,42.83651],[143.8397,42.83589],[143.83961,42.83533],[143.83961,42.83486],[143.83966,42.8335],[143.83971,42.83245],[143.8398,42.83179],[143.83994,42.83135],[143.83998,42.83121],[143.84018,42.83073],[143.84062,42.82986],[143.84086,42.82921],[143.84096,42.82884],[143.84097,42.82831],[143.84084,42.82775],[143.84058,42.82721],[143.8402,42.82678],[143.83982,42.82609],[143.83968,42.8257],[143.83925,42.82408],[143.83884,42.82278],[143.8387,42.82234],[143.83864,42.82214],[143.83857,42.82198],[143.83852,42.8219],[143.83839,42.82171],[143.83825,42.82153],[143.83809,42.82137],[143.83795,42.82124],[143.83759,42.82097],[143.83531,42.81915],[143.83281,42.81715],[143.82873,42.81389],[143.82517,42.81103],[143.82491,42.81083],[143.82363,42.8098],[143.82231,42.80887],[143.82186,42.8087],[143.82152,42.80858],[143.82112,42.80846],[143.82062,42.80833],[143.82021,42.80824],[143.81993,42.8082],[143.81953,42.80817],[143.81918,42.80818],[143.81886,42.80821],[143.81843,42.80828],[143.81774,42.80841],[143.81714,42.80855],[143.81648,42.80877],[143.81515,42.80925]],[[142.12647,43.54134],[142.12408,43.54125]],[[144.38362,42.99007],[144.38508,42.98968],[144.38657,42.98927],[144.387,42.98915],[144.38802,42.98886],[144.38868,42.98867],[144.39016,42.98826],[144.39055,42.98815],[144.39085,42.98809],[144.39113,42.98805],[144.39142,42.98805],[144.39231,42.98813],[144.39252,42.98816],[144.39333,42.98827],[144.39544,42.98857],[144.39757,42.98887],[144.39805,42.98894],[144.39879,42.98911],[144.39909,42.9892],[144.39962,42.98943],[144.3998,42.98954],[144.40012,42.98976],[144.40054,42.99016],[144.40092,42.99058],[144.40118,42.99093],[144.40151,42.99149],[144.40169,42.99183],[144.40199,42.99241],[144.40234,42.99307],[144.40264,42.99357],[144.40278,42.99377],[144.40306,42.9941],[144.40351,42.99451],[144.40381,42.99473],[144.40419,42.99494],[144.40459,42.99513],[144.40495,42.99526],[144.40542,42.9954],[144.40592,42.9955],[144.40639,42.99554],[144.40708,42.99552],[144.4079,42.99546],[144.40889,42.99535],[144.41044,42.99519]],[[145.57611,43.29536],[145.57457,43.29526]],[[143.60876,42.77797],[143.61127,42.77652],[143.61179,42.77622],[143.61222,42.77601],[143.61269,42.77581],[143.61307,42.77567],[143.61343,42.77556],[143.61382,42.77549],[143.61425,42.77543],[143.61469,42.7754],[143.61517,42.77542],[143.61564,42.77546],[143.61616,42.77555],[143.61679,42.77571],[143.61781,42.77593],[143.61883,42.77617],[143.61953,42.77634],[143.62113,42.77671],[143.62582,42.77782],[143.62658,42.778],[143.63028,42.77887],[143.63293,42.7795],[143.63722,42.78051],[143.63729,42.78053],[143.63827,42.78075],[143.6386,42.78082],[143.63885,42.78089],[143.63914,42.78097],[143.63939,42.78106],[143.63966,42.78117],[143.63988,42.78127],[143.64012,42.7814],[143.64029,42.7815],[143.64049,42.78163],[143.64073,42.7818],[143.6409,42.78195],[143.64108,42.78213],[143.64128,42.78233],[143.64141,42.78246],[143.64499,42.7865],[143.64724,42.78904],[143.64789,42.78975],[143.64811,42.79003],[143.64828,42.79025],[143.64841,42.79045],[143.64853,42.79066],[143.64867,42.79095],[143.64877,42.79118],[143.64888,42.79151],[143.64894,42.79175],[143.64898,42.7919],[143.64903,42.79225],[143.64934,42.79454],[143.64945,42.79534],[143.64966,42.79717],[143.65016,42.80076],[143.65035,42.80213],[143.65138,42.80972]],[[143.35858,42.90709],[143.36018,42.90868]],[[142.26095,43.47471],[142.25814,43.47553],[142.25558,43.47627],[142.25029,43.47785],[142.24986,43.47798],[142.24921,43.47817],[142.24899,43.47826],[142.24879,43.47836],[142.24863,43.47845],[142.24763,43.47918],[142.24733,43.47939],[142.24669,43.47977],[142.24621,43.47999],[142.24562,43.48014],[142.24523,43.48023],[142.24497,43.48026],[142.2444,43.48031],[142.24373,43.48038],[142.24317,43.48046],[142.24252,43.4806],[142.24208,43.48074],[142.24141,43.48103],[142.24042,43.48149],[142.23966,43.48183],[142.23888,43.48216],[142.23842,43.48234],[142.23794,43.48247],[142.23749,43.48256],[142.23707,43.48261],[142.23664,43.48262],[142.23604,43.4826],[142.23535,43.48254],[142.23413,43.48239],[142.23244,43.48214],[142.23109,43.48194],[142.22973,43.48173],[142.22902,43.48161],[142.22875,43.48158],[142.22852,43.48155],[142.22822,43.48155],[142.2279,43.48155],[142.22748,43.48158],[142.22607,43.48173],[142.22373,43.48196],[142.22164,43.48216],[142.22105,43.48222],[142.22036,43.48231],[142.21975,43.48244],[142.2192,43.4826],[142.21869,43.48279],[142.2182,43.48301],[142.21773,43.4833],[142.21686,43.48394],[142.21608,43.4846],[142.21481,43.48561],[142.21295,43.48707],[142.21193,43.48787]],[[145.51908,43.19771],[145.51829,43.19632],[145.5173,43.19462],[145.51713,43.19435],[145.51677,43.19383],[145.5166,43.19362],[145.51636,43.1934],[145.51614,43.1932],[145.51601,43.19311],[145.51585,43.193],[145.51551,43.19279],[145.51524,43.19266],[145.51495,43.19253],[145.51458,43.19241],[145.51426,43.19232],[145.51394,43.19226],[145.51358,43.19221],[145.51239,43.19201],[145.51145,43.19185],[145.51098,43.19172],[145.51033,43.19145],[145.5098,43.19116],[145.50918,43.19066],[145.50814,43.18983],[145.50772,43.1895],[145.50719,43.18908],[145.50694,43.18891],[145.50665,43.18874],[145.50613,43.1885],[145.50554,43.18831],[145.50503,43.18819],[145.50452,43.18813],[145.50417,43.18809],[145.50366,43.18808],[145.50338,43.18809],[145.50308,43.18811],[145.50279,43.18817],[145.50236,43.18826],[145.50137,43.18852],[145.5006,43.18868],[145.49997,43.18875],[145.4994,43.18879],[145.49867,43.1888],[145.4981,43.18878],[145.49777,43.18875],[145.49748,43.18869],[145.49709,43.1886],[145.49673,43.18849],[145.49635,43.18838],[145.49594,43.18824],[145.49326,43.1874],[145.4919,43.18698],[145.49154,43.18688],[145.4913,43.18682],[145.49103,43.18677],[145.49073,43.18675],[145.49045,43.18674],[145.49006,43.18674],[145.48956,43.18679],[145.48923,43.18684],[145.48863,43.18694],[145.48286,43.18836],[145.48262,43.18844],[145.48254,43.18847],[145.48217,43.1886],[145.48174,43.18881],[145.48136,43.189],[145.48061,43.18946],[145.47982,43.19004],[145.47957,43.19017],[145.47935,43.19029],[145.47916,43.19036],[145.479,43.19042],[145.47758,43.19077],[145.4761,43.19112],[145.4751,43.19136],[145.47472,43.19143],[145.4744,43.19149],[145.47395,43.19153],[145.47354,43.19156],[145.47306,43.19156],[145.47284,43.19154],[145.47262,43.19152],[145.47249,43.1915],[145.47185,43.1914],[145.47123,43.19132],[145.47083,43.19128],[145.47044,43.19127],[145.47013,43.19129],[145.4698,43.19132],[145.4694,43.19139],[145.46899,43.19149],[145.46849,43.19165],[145.46805,43.19181],[145.46734,43.19216],[145.46692,43.19246],[145.46666,43.1927],[145.46642,43.19299],[145.46607,43.19348],[145.46575,43.19398],[145.46541,43.19441],[145.46512,43.19476],[145.46488,43.19496],[145.46458,43.19519],[145.46399,43.19552],[145.46375,43.19565],[145.46291,43.19612],[145.46253,43.19635],[145.46226,43.19657],[145.46198,43.19682],[145.46176,43.19709],[145.46161,43.19731],[145.46149,43.19752],[145.46135,43.19784],[145.46122,43.19825],[145.46117,43.19848],[145.46107,43.19911],[145.46104,43.19945],[145.46096,43.19996],[145.46092,43.20022],[145.46087,43.20039],[145.46082,43.20052],[145.46076,43.20066],[145.46068,43.20082],[145.46047,43.20112],[145.46026,43.20138],[145.45981,43.20181],[145.45949,43.20208],[145.4592,43.20228],[145.45898,43.20242],[145.45871,43.20256],[145.45848,43.20265],[145.4583,43.2027],[145.45806,43.20276],[145.45112,43.20436],[145.45021,43.20455],[145.44956,43.20472],[145.44894,43.20493],[145.44861,43.20507],[145.44829,43.20522],[145.44785,43.2055],[145.44765,43.20566],[145.44752,43.20577],[145.44724,43.20603],[145.44707,43.20624],[145.4469,43.20649],[145.44672,43.20685],[145.44662,43.20713],[145.44498,43.21165],[145.44483,43.21204],[145.44457,43.21274],[145.44431,43.21346],[145.44417,43.21385],[145.44407,43.21413],[145.44397,43.21438],[145.44385,43.2147],[145.44373,43.21495],[145.44359,43.21519],[145.44343,43.21544],[145.44319,43.21575],[145.44293,43.21602],[145.44259,43.21634],[145.44223,43.21664],[145.44183,43.21691],[145.44148,43.21711],[145.44105,43.21729],[145.44065,43.21745],[145.44014,43.21759],[145.4397,43.21769],[145.43768,43.21803],[145.43523,43.21845],[145.43481,43.21852],[145.43325,43.21878],[145.43219,43.21897],[145.43152,43.21907],[145.43072,43.21913],[145.4299,43.21915],[145.42905,43.21912],[145.42429,43.21851]],[[144.84252,43.05622],[144.84151,43.05626],[144.83996,43.05631]],[[143.42338,42.93508],[143.42157,42.93566],[143.42034,42.93605],[143.41992,42.93618],[143.41961,42.93627],[143.41925,42.93636],[143.41874,42.93647],[143.41822,42.93652],[143.41775,42.93653],[143.41726,42.9365],[143.417,42.93647],[143.41667,42.93641],[143.41641,42.93636],[143.41606,42.93628],[143.41553,42.93612],[143.41444,42.93573],[143.41015,42.93418],[143.40952,42.93396],[143.40382,42.9319],[143.40246,42.93142],[143.40048,42.93071],[143.39937,42.93034],[143.39895,42.9302],[143.39586,42.92922],[143.39264,42.9282],[143.38905,42.92705],[143.3887,42.92694],[143.38785,42.92667],[143.3864,42.92622],[143.3836,42.92532],[143.37991,42.92415],[143.37888,42.92381],[143.37695,42.92319],[143.37546,42.92273],[143.37467,42.92246],[143.37415,42.92223],[143.37385,42.92204],[143.37337,42.92172],[143.37295,42.9214],[143.37114,42.91959],[143.37095,42.91939],[143.37076,42.9192],[143.36455,42.91305],[143.36373,42.91223],[143.36018,42.90868]]]},"properties":{"index":6,"operator_id":"jr_hokkaido","operator_name":"北海道旅客鉄道","line_name":"根室線","component_count":2,"track_centerline_count":123,"color":"#06B6D4","bbox":[141.89991,42.7754,145.59801,43.57647],"label":"6. 北海道旅客鉄道 / 根室線"}},{"type":"Feature","id":"CONTINUITY_07","geometry":{"type":"MultiLineString","coordinates":[[[140.41945,41.66529],[140.42021,41.66591],[140.42108,41.66662],[140.42181,41.6672],[140.42257,41.66784],[140.42312,41.66828],[140.42365,41.66871],[140.42413,41.6691],[140.42428,41.66924],[140.42488,41.66982]],[[140.5165747,41.1438719],[140.51679,41.14363],[140.51771,41.14262],[140.51885,41.14137],[140.5202,41.1399],[140.52201,41.13784],[140.5222,41.13763],[140.52261,41.13715],[140.52363,41.13587],[140.52434,41.13498],[140.52502,41.13404],[140.5256,41.13318],[140.5264,41.13185],[140.52714,41.13059],[140.52758,41.1298],[140.52789,41.12924],[140.52854,41.12807],[140.52925,41.12683],[140.53038,41.12483],[140.53112,41.12353],[140.53223,41.12156],[140.53252,41.12105],[140.53321,41.11986],[140.53372,41.11893],[140.53458,41.11742],[140.53536,41.11602],[140.53629,41.1144],[140.53692,41.11327],[140.53715,41.11286],[140.5374,41.11243],[140.53835,41.11075],[140.53887,41.10984],[140.53976,41.10826],[140.54049,41.10695],[140.54122,41.10566],[140.54178,41.10467],[140.54187,41.10451],[140.54208,41.10413],[140.54332,41.10195],[140.54402,41.10072],[140.54588,41.09743],[140.54672,41.09594],[140.54728,41.09496],[140.54889,41.09204],[140.55106,41.08811],[140.55112,41.08801],[140.55131,41.08771],[140.55187,41.08667],[140.55229,41.08597],[140.55293,41.08479],[140.55321,41.08425],[140.55325,41.08416],[140.55353,41.08364],[140.55369,41.08332],[140.55459,41.08161],[140.55563,41.07964],[140.55673,41.07758],[140.55781,41.07553],[140.55807,41.07503],[140.55876,41.07368],[140.55986,41.07166],[140.56056,41.07032],[140.56059,41.07027]],[[140.5148201,41.1458186],[140.51465,41.14601],[140.51358,41.1472],[140.51302,41.14782],[140.51284,41.14801],[140.51281,41.14805],[140.51201,41.14894],[140.51096,41.15011],[140.51041,41.15071],[140.50945,41.1518],[140.50876,41.15256],[140.50781,41.15365],[140.50732,41.15418],[140.50649,41.15498],[140.50546,41.1559],[140.50442,41.15683],[140.50434,41.1569],[140.50316,41.15793],[140.50117,41.15957],[140.50066,41.16],[140.49994,41.16056],[140.49907,41.16123],[140.49773,41.16222],[140.49691,41.16284],[140.49648,41.16311],[140.49557,41.16377],[140.49458,41.16436],[140.49418,41.16462],[140.49367,41.16494],[140.49308,41.16526],[140.49211,41.16582],[140.49134,41.16625],[140.48973,41.16712],[140.48902,41.16746],[140.487,41.16843],[140.48523,41.16929],[140.48464,41.16957],[140.48372,41.17],[140.48293,41.17036],[140.48183,41.17077],[140.48153,41.17088],[140.48052,41.17127],[140.47944,41.17167],[140.47772,41.17228],[140.47685,41.17257],[140.47572,41.17296],[140.47401,41.17349],[140.47295,41.17381],[140.47069,41.17441],[140.47012,41.17454],[140.46872,41.1749],[140.46542,41.17575],[140.46501,41.17586],[140.46299,41.1764],[140.46168,41.17672],[140.45998,41.17717],[140.45919,41.17739],[140.45819,41.17765],[140.45563,41.1783],[140.45285,41.17901],[140.45088,41.17951],[140.44808,41.18023],[140.44764,41.18034],[140.44542,41.18092],[140.44437,41.18119],[140.44102,41.18213],[140.43855,41.18286],[140.43765,41.18315],[140.43557,41.18391],[140.43506,41.1841],[140.43391,41.18451],[140.43195,41.18526],[140.43054,41.1858],[140.4291,41.18642],[140.42823,41.18682],[140.42745,41.18721],[140.42599,41.18795],[140.42529,41.18832],[140.42396,41.18903],[140.42173,41.19024],[140.42021,41.19114],[140.41758,41.19269],[140.41621,41.1935],[140.41591,41.19368],[140.41312,41.1953],[140.41066,41.19676],[140.40853,41.19799],[140.40722,41.19877],[140.40652,41.19919],[140.405,41.20008],[140.40359,41.20092],[140.40184,41.20195],[140.39984,41.20314],[140.39825,41.20406],[140.39773,41.20436],[140.39582,41.20549],[140.39459,41.20622],[140.39371,41.20672],[140.3915,41.20803],[140.38962,41.20915],[140.38927,41.20935],[140.38743,41.21044],[140.38514,41.21177],[140.38381,41.21257],[140.38176,41.21376],[140.38029,41.21463],[140.37945,41.21513],[140.3777,41.21614],[140.37633,41.21697],[140.37533,41.21759],[140.37429,41.21824],[140.37308,41.21903],[140.37193,41.21982],[140.37149,41.22011],[140.37037,41.22099],[140.36971,41.2215],[140.36885,41.22217],[140.36707,41.22367],[140.36598,41.22464],[140.36495,41.22559],[140.36434,41.22617],[140.3639,41.22657],[140.36293,41.22756],[140.36231,41.2282],[140.36198,41.22854],[140.36172,41.22884],[140.36129,41.22929],[140.36038,41.23031],[140.35986,41.23094],[140.35899,41.23199],[140.35881,41.23221],[140.35835,41.23277],[140.35747,41.23395],[140.35694,41.23467],[140.35663,41.2351],[140.35629,41.23555],[140.35584,41.23625],[140.35553,41.23673],[140.35513,41.23736],[140.35404,41.23919],[140.35351,41.24012],[140.3534,41.24032],[140.35278,41.24152],[140.35219,41.24277],[140.35175,41.24374],[140.35145,41.2445],[140.35108,41.24535],[140.35058,41.24667],[140.35022,41.24769],[140.34991,41.24863],[140.34972,41.2492],[140.34941,41.25023],[140.34915,41.25115],[140.34881,41.25261],[140.34849,41.25406],[140.34816,41.25579],[140.34787,41.25808],[140.34776,41.25936],[140.34771,41.26029],[140.34768,41.26162],[140.3477,41.26271],[140.3477,41.26348],[140.34773,41.26411],[140.34808,41.27312],[140.34842,41.28194],[140.34841,41.28213],[140.34823,41.28645],[140.34762,41.29083],[140.34754,41.29111],[140.34652,41.2952],[140.345,41.29962],[140.34489,41.29986],[140.34307,41.30383],[140.34067,41.30796],[140.34054,41.30814],[140.33788,41.31192],[140.33465,41.31577],[140.32976,41.3213],[140.32329,41.32862],[140.31682,41.33595],[140.31204,41.34135],[140.30555,41.34866],[140.3041,41.35034],[140.30224,41.35269],[140.25553,41.41926],[140.2553,41.41956],[140.25487,41.42016],[140.2539,41.42153],[140.25303,41.42278],[140.25233,41.42378],[140.252,41.42427],[140.25163,41.42478],[140.25094,41.42577],[140.25037,41.42658],[140.24949,41.42782],[140.24824,41.4296],[140.24716,41.43115],[140.24649,41.43209],[140.24624,41.4324],[140.24577,41.433],[140.24542,41.4335],[140.24492,41.43425],[140.24473,41.43448],[140.24445,41.43488],[140.2433,41.43653],[140.24249,41.43771],[140.24073,41.44022],[140.23935,41.4423],[140.23891,41.44297],[140.23855,41.44359],[140.23829,41.44406],[140.238,41.44451],[140.23755,41.44531],[140.23653,41.44726],[140.23569,41.44907],[140.23505,41.4506],[140.23505,41.45061],[140.2345,41.45202],[140.23429,41.4526],[140.23399,41.45349],[140.23364,41.45457],[140.23318,41.45619],[140.23269,41.45832],[140.23248,41.45935],[140.2323,41.46027],[140.2321,41.46139],[140.23198,41.46216],[140.23182,41.46335],[140.23174,41.46429],[140.23168,41.465],[140.23164,41.46587],[140.23159,41.46682],[140.23155,41.46774],[140.23156,41.46833],[140.23156,41.46853],[140.23159,41.4694],[140.23165,41.47067],[140.2317,41.4715],[140.23181,41.47246],[140.23192,41.47327],[140.23201,41.4738],[140.23213,41.47458],[140.23225,41.47528],[140.23236,41.47581],[140.23253,41.4766],[140.2327,41.47728],[140.23277,41.47756],[140.23309,41.47892],[140.23324,41.47952],[140.23332,41.47982],[140.23385,41.48153],[140.23466,41.48388],[140.23538,41.48562],[140.23554,41.48598],[140.23616,41.48738],[140.23689,41.48884],[140.23755,41.4901],[140.23878,41.49224],[140.23994,41.49396],[140.2401,41.49419],[140.24121,41.49577],[140.24272,41.49768],[140.2451,41.50074],[140.24595,41.50184],[140.24648,41.50255],[140.2465,41.50257],[140.24651,41.50258],[140.24747,41.50376],[140.24769,41.50404],[140.24996,41.50687],[140.25354,41.51136],[140.25373,41.5116],[140.25616,41.51463],[140.2576,41.51645],[140.25978,41.51916],[140.26048,41.52004],[140.26265,41.52279],[140.26514,41.52587],[140.26581,41.52672],[140.26853,41.53014],[140.27072,41.53285],[140.27184,41.53428],[140.27248,41.53509],[140.27515,41.53843],[140.27716,41.54097],[140.27787,41.54185],[140.27895,41.5432],[140.28107,41.54586],[140.28265,41.54783],[140.28391,41.54941],[140.28434,41.54995],[140.28602,41.55209],[140.28705,41.55337],[140.28862,41.55533],[140.28972,41.55673],[140.28993,41.55698],[140.29081,41.55809],[140.29212,41.55977],[140.29381,41.56183],[140.29577,41.56433],[140.29595,41.56455],[140.2973,41.56623],[140.29864,41.56792],[140.29985,41.56944],[140.30115,41.57107],[140.30198,41.57211],[140.30267,41.57298],[140.30394,41.57459],[140.30503,41.57595],[140.30617,41.57737],[140.30732,41.57883],[140.30802,41.57967],[140.30835,41.58006],[140.3089,41.58067],[140.30972,41.58157],[140.31057,41.58241],[140.31142,41.58324],[140.3128,41.58451],[140.31317,41.58482],[140.31393,41.58552],[140.31442,41.58591],[140.3145,41.58597],[140.31953,41.59037],[140.32185,41.59226],[140.32314,41.59322],[140.32523,41.59477],[140.3266,41.59565],[140.32798,41.59655],[140.32951,41.59752],[140.33034,41.59805],[140.33148,41.59877],[140.33202,41.59911],[140.33341,41.59999],[140.33462,41.60076],[140.33518,41.60113],[140.33687,41.60219],[140.33835,41.60315],[140.34021,41.60433],[140.34102,41.60484],[140.34212,41.60555],[140.34433,41.60695],[140.34687,41.60857],[140.34738,41.60887],[140.34905,41.60993],[140.35052,41.61086],[140.35335,41.61268],[140.35463,41.61348],[140.35611,41.61443],[140.35726,41.61516],[140.35915,41.61636],[140.36188,41.61811],[140.36235,41.61846],[140.36423,41.61964],[140.36842,41.62229],[140.37147,41.62423],[140.37162,41.62433],[140.37211,41.62464],[140.37306,41.62524],[140.37437,41.6261],[140.37532,41.62672],[140.37638,41.62741],[140.37801,41.62855],[140.37958,41.62975],[140.38051,41.63051],[140.38064,41.63061],[140.38184,41.63163],[140.3826,41.63228],[140.3827,41.63236],[140.38552,41.63488],[140.38593,41.63525],[140.38697,41.6362],[140.3884,41.63749],[140.38932,41.63831],[140.39081,41.63965],[140.39183,41.64057],[140.39337,41.64193],[140.39345,41.64201],[140.39423,41.6427],[140.395,41.64338],[140.39571,41.64402],[140.39673,41.64493],[140.39762,41.64572],[140.39842,41.64646],[140.39982,41.6477],[140.40108,41.64882],[140.40186,41.64954],[140.40266,41.65025],[140.40357,41.65104],[140.40426,41.65165],[140.40459,41.65196],[140.40556,41.65283],[140.40688,41.65402],[140.40763,41.65469],[140.4077,41.65475],[140.40819,41.6552],[140.40904,41.65596],[140.40953,41.6564],[140.41006,41.65687],[140.41017,41.65697],[140.41114,41.65783],[140.41201,41.65862],[140.41256,41.65911],[140.41318,41.65966],[140.41369,41.66014],[140.41422,41.6606],[140.41495,41.66124],[140.41537,41.66162],[140.41587,41.66207],[140.41655,41.6627],[140.41705,41.66314],[140.4176,41.66365],[140.41844,41.6644],[140.41945,41.66529]],[[140.56059,41.07027],[140.56065,41.07027],[140.56069,41.07021],[140.56078,41.07005],[140.56155,41.06876],[140.5617,41.06849],[140.56211,41.06783],[140.56235,41.06749],[140.56256,41.06726],[140.56275,41.06706],[140.56285,41.06699],[140.56315,41.06675],[140.56356,41.06652],[140.56397,41.06634],[140.5644,41.06617],[140.56497,41.06599]],[[140.43336,41.6771],[140.43241,41.67629],[140.43216,41.67607],[140.43196,41.67587],[140.43174,41.67566],[140.43151,41.67541],[140.43136,41.67524],[140.4311,41.67494],[140.43096,41.67479],[140.43071,41.67449],[140.43056,41.67431],[140.43024,41.67395],[140.4295,41.6731],[140.42926,41.67285]],[[140.42926,41.67285],[140.42914,41.67272],[140.42888,41.67246],[140.42869,41.67228],[140.42845,41.67208],[140.4282,41.67185],[140.42793,41.67162],[140.42764,41.67141],[140.42737,41.67122],[140.42694,41.67094],[140.42641,41.67064],[140.42523,41.67005],[140.42488,41.66982]],[[140.43446,41.67809],[140.43336,41.6771]],[[140.58033,41.06106],[140.58075,41.06087],[140.58189,41.06031],[140.5827,41.05991],[140.58355,41.05948],[140.58406,41.0592],[140.58522,41.05852],[140.58606,41.05801],[140.58738,41.05722],[140.58802,41.05684],[140.59008,41.05561],[140.59164,41.05468],[140.5928,41.05397],[140.59402,41.05323],[140.59531,41.05244],[140.59633,41.05191]],[[140.56497,41.06599],[140.56512,41.06598],[140.56704,41.06596],[140.56853,41.06592],[140.5689,41.06589],[140.5699,41.06573],[140.57055,41.0656],[140.57129,41.06538],[140.57213,41.0651],[140.57284,41.06481],[140.57447,41.06407],[140.57555,41.06355],[140.57669,41.063],[140.57962,41.0616],[140.57981,41.06148],[140.58033,41.06106]],[[140.41945,41.66529],[140.42049,41.66631],[140.42073,41.66653],[140.42158,41.66732],[140.42225,41.66791],[140.42293,41.66849],[140.42343,41.6689],[140.42365,41.6691],[140.42387,41.66924],[140.42428,41.66952],[140.4246,41.66969],[140.42488,41.66982]],[[140.56059,41.07027],[140.56054,41.07024],[140.56089,41.0694],[140.56135,41.06839],[140.56155,41.06798],[140.56173,41.06766],[140.56194,41.06737],[140.5622,41.06708],[140.56254,41.06678],[140.56293,41.06653],[140.56328,41.06634],[140.56361,41.0662],[140.5641,41.06608],[140.56444,41.06603],[140.56497,41.06599]],[[140.59633,41.05191],[140.59738,41.05138]]]},"properties":{"index":7,"operator_id":"jr_hokkaido","operator_name":"北海道旅客鉄道","line_name":"海峡線","component_count":2,"track_centerline_count":12,"color":"#3B82F6","bbox":[140.23155,41.05138,140.59738,41.67809],"label":"7. 北海道旅客鉄道 / 海峡線"}},{"type":"Feature","id":"CONTINUITY_08","geometry":{"type":"MultiLineString","coordinates":[[[140.1578,36.00617],[140.15716,36.00513],[140.1568,36.00457],[140.15627,36.00377],[140.15591,36.0032],[140.1556,36.00275],[140.15505,36.00187],[140.15498,36.00175],[140.15437,36.00076],[140.15305,35.99871],[140.15238,35.99763],[140.15228,35.99746],[140.15167,35.99651],[140.1506,35.99484],[140.15028,35.99433],[140.14926,35.99273],[140.14846,35.99149],[140.14764,35.99023],[140.14751,35.99004],[140.14698,35.98919],[140.14602,35.98772],[140.14568,35.98717],[140.14549,35.98687],[140.14468,35.98559],[140.14406,35.98459],[140.1438,35.98418],[140.14333,35.98344],[140.14287,35.98272],[140.14254,35.98215],[140.14232,35.9817],[140.14212,35.98131],[140.14202,35.98113],[140.14176,35.98049],[140.14157,35.97985],[140.14145,35.9794],[140.14142,35.97906],[140.14134,35.97819],[140.14128,35.97759],[140.14118,35.9767]],[[140.9258239,37.8787063],[140.9254565,37.8797247]],[[139.87591,35.76954],[139.8768,35.76934],[139.87783,35.76913],[139.87806,35.76908],[139.8782,35.76907],[139.87959,35.76892],[139.881,35.76877],[139.88306,35.76856],[139.88334,35.76852],[139.88362,35.76851],[139.88459,35.76853],[139.88502,35.76855],[139.88559,35.76863],[139.8862,35.76877],[139.88636,35.76881],[139.88669,35.76889],[139.88677,35.7689],[139.88824,35.76926],[139.88831,35.76928],[139.88903,35.76956]],[[139.8262,35.76228],[139.82367,35.76205]],[[139.87152,35.76961],[139.87166,35.76962],[139.87175,35.76963],[139.87275,35.7697],[139.87293,35.76972],[139.87319,35.76973],[139.87365,35.76974],[139.87411,35.76971],[139.87451,35.76969],[139.87495,35.76965],[139.87526,35.76961],[139.87539,35.7696],[139.87591,35.76954]],[[139.77069,35.7284],[139.77017,35.72886],[139.7697,35.72936],[139.76927,35.7299],[139.76908,35.73026],[139.76904,35.73049],[139.76907,35.73066],[139.76923,35.73113],[139.76937,35.7315],[139.76949,35.73173],[139.76956,35.73186],[139.76961,35.73193],[139.76996,35.73233],[139.77035,35.73267],[139.77054,35.73282],[139.77094,35.73306],[139.77151,35.73334],[139.77184,35.73347],[139.7726,35.73365],[139.77345,35.73379],[139.77366,35.73382],[139.77475,35.73369],[139.77598,35.73354]],[[139.98868,35.87562],[139.98817,35.87568],[139.98789,35.8757],[139.9874,35.8757]],[[141.0074768,37.2427403],[141.007542,37.244075],[141.0075719,37.2451781],[141.0077513,37.2463829],[141.0078589,37.2468762],[141.00814,37.2479585],[141.0082655,37.2484129],[141.0083074,37.2487537],[141.0083313,37.2490945],[141.0083193,37.2495071],[141.0083074,37.2499615],[141.0082296,37.2504577],[141.00801,37.25137]],[[139.80032,35.73563],[139.80038,35.73579],[139.80051,35.73609],[139.80066,35.73649],[139.80103,35.7376],[139.80127,35.73838],[139.80134,35.73862],[139.8015,35.73917],[139.80165,35.7396],[139.8021,35.74108],[139.8022,35.74138],[139.80247,35.7423],[139.80258,35.74284],[139.80267,35.74313],[139.80278,35.74348],[139.80281,35.74356],[139.80303,35.74429],[139.80312,35.74455],[139.80362,35.74616],[139.80382,35.74668],[139.80388,35.74684],[139.80449,35.74835]],[[141.02307,37.33265],[141.02287,37.33359],[141.02256,37.33492],[141.02241,37.33545]],[[140.16517,36.02951],[140.16499,36.02927],[140.16487,36.02912],[140.16457,36.02871],[140.16417,36.02814],[140.16394,36.02778],[140.16392,36.02771],[140.16386,36.02763],[140.16376,36.02744],[140.16368,36.02729],[140.16353,36.027],[140.16341,36.02671],[140.16331,36.02647],[140.1632,36.02622],[140.16316,36.02611],[140.16308,36.02593],[140.16304,36.0258],[140.16289,36.02536],[140.16275,36.02486],[140.16273,36.02474],[140.1627,36.02467],[140.16266,36.02448],[140.16222,36.02267],[140.16219,36.02259],[140.162,36.0218],[140.1617,36.02059],[140.1616,36.02017],[140.16143,36.01949],[140.16129,36.01891],[140.16129,36.0189],[140.16114,36.01826],[140.16102,36.01782],[140.16091,36.0174],[140.16085,36.01709],[140.16075,36.01671],[140.16064,36.01625],[140.16062,36.01623],[140.16057,36.01597],[140.16049,36.01567],[140.16042,36.01536],[140.16039,36.01522],[140.16037,36.01514],[140.16035,36.01509],[140.16011,36.01406],[140.1601,36.01402],[140.16009,36.01394],[140.16005,36.01379],[140.16005,36.01375],[140.16002,36.0137],[140.16001,36.01367],[140.15986,36.01305],[140.15959,36.01195],[140.1593,36.01074],[140.15879,36.00882]],[[140.99105,37.49155],[140.989,37.4926],[140.9885,37.49289]],[[140.32619,36.35892],[140.32699,36.35926],[140.33086,36.36087],[140.33519,36.3627],[140.3386,36.36413],[140.33972,36.3646],[140.34103,36.36515],[140.34316,36.36606],[140.34589,36.3672],[140.34735,36.3678]],[[139.91709,35.81077],[139.91755,35.8126]],[[139.95337,35.84422],[139.95202,35.84357],[139.94887,35.84205],[139.94704,35.84116],[139.94434,35.83984],[139.9405,35.838],[139.93751,35.83656],[139.93683,35.8362],[139.9361,35.83582],[139.93357,35.83458],[139.93183,35.83368]],[[140.47875,36.37098],[140.47923,36.37097],[140.47987,36.37085],[140.4809,36.3706],[140.48321,36.36985],[140.48589,36.36899],[140.48687,36.36868],[140.48725,36.36862],[140.48781,36.36857],[140.48868,36.36865],[140.48988,36.3688],[140.49304,36.36932]],[[140.71683,36.71319],[140.71708,36.71549]],[[140.82357,36.94405],[140.82437,36.94414],[140.82439,36.94414],[140.82591,36.9444],[140.82769,36.9447],[140.82949,36.94512],[140.83099,36.94554],[140.83201,36.94585],[140.83202,36.94585],[140.83242,36.946],[140.83257,36.94607],[140.83302,36.94629],[140.83307,36.94631],[140.83434,36.94709],[140.83542,36.9479]],[[140.99209,37.36484],[140.99194,37.36673]],[[139.87152,35.76961],[139.86926,35.76941]],[[140.85471,38.06843],[140.85479,38.06682]],[[140.5669,36.46617],[140.56517,36.46483]],[[140.01224,35.87292],[140.0136,35.87296]],[[140.72861,36.75221],[140.7289,36.75313],[140.7294,36.75427],[140.7295,36.75443]],[[140.99194,37.36673],[140.99186,37.36836],[140.99176,37.36958],[140.9917,37.37045],[140.99161,37.37134],[140.99136,37.37252],[140.99128,37.37277],[140.99119,37.37307],[140.99101,37.3737],[140.99077,37.37472],[140.99077,37.37473],[140.99076,37.37496],[140.99079,37.37531],[140.99084,37.37564],[140.99098,37.37605],[140.99148,37.37752],[140.99153,37.37773],[140.99167,37.37826],[140.99167,37.3784],[140.99098,37.38113],[140.98955,37.38655],[140.98933,37.38735],[140.98903,37.3885],[140.98895,37.38879],[140.98836,37.39099],[140.98733,37.39481],[140.98651,37.39779],[140.98598,37.3998],[140.98574,37.40071],[140.98515,37.40289],[140.98431,37.40596],[140.98411,37.40661],[140.98402,37.40696],[140.98395,37.40741],[140.98393,37.40788],[140.98398,37.40863]],[[140.29364,36.16218],[140.29503,36.16433],[140.29532,36.16481]],[[140.32619,36.35892],[140.32843,36.35948],[140.33283,36.36057],[140.33348,36.3608],[140.33394,36.36102],[140.34032,36.36369],[140.34159,36.36422],[140.34294,36.36479],[140.34412,36.36541],[140.34682,36.36736],[140.34735,36.3678]],[[140.04251,35.87246],[140.04428,35.87245],[140.04491,35.87251],[140.04571,35.87267],[140.04646,35.87291],[140.04734,35.87328],[140.04793,35.8736],[140.04854,35.87403],[140.04903,35.87446],[140.04935,35.87478],[140.04973,35.87543]],[[140.99277,37.60407],[140.99142,37.60516],[140.99025,37.60607]],[[140.3046,36.34986],[140.30341,36.34935],[140.30313,36.34924],[140.30302,36.34919]],[[140.79649,36.92005],[140.79648,36.92093]],[[139.87591,35.76954],[139.87792,35.76937],[139.87817,35.76934],[139.8783,35.76933],[139.87838,35.76932],[139.87968,35.76919],[139.8831,35.76885],[139.88332,35.76882],[139.88358,35.7688],[139.88408,35.76879],[139.88461,35.76879],[139.88508,35.76883],[139.88582,35.76897],[139.88648,35.76913],[139.88654,35.76914],[139.88683,35.7692],[139.88696,35.76923],[139.88774,35.76939],[139.88863,35.76952],[139.88891,35.76955],[139.88903,35.76956]],[[140.99643,37.56353],[140.99659,37.56452],[140.99664,37.56479],[140.99667,37.56511],[140.99672,37.56543],[140.99676,37.56577],[140.99685,37.56636],[140.99688,37.56662],[140.99694,37.5671],[140.99698,37.56742],[140.99703,37.56774],[140.99705,37.56798],[140.99708,37.56829],[140.9971,37.56841],[140.99711,37.56851],[140.99713,37.56884],[140.9972,37.56946],[140.99728,37.57019],[140.99738,37.57119],[140.99748,37.5719],[140.99766,37.57297],[140.99775,37.57344],[140.99794,37.57422],[140.99806,37.57458],[140.99811,37.57474],[140.9982,37.57499],[140.99829,37.57525],[140.99845,37.57556],[140.99888,37.57626],[140.99908,37.57656],[140.9996,37.57735],[140.99983,37.5778],[140.99996,37.57816],[141.00002,37.57846],[141.00006,37.57891],[141.00007,37.57918],[141.00005,37.57952],[141.00002,37.57968],[140.99994,37.58002],[140.99988,37.58045],[140.99984,37.58083],[140.99983,37.58115],[140.99984,37.58142],[140.99986,37.58166],[140.99989,37.582],[140.99999,37.58244],[141.00009,37.58272],[141.00018,37.58296],[141.00031,37.58324],[141.00042,37.58342],[141.00065,37.58371],[141.00083,37.58393],[141.00117,37.58434],[141.00132,37.58457],[141.00144,37.58479],[141.00156,37.58506],[141.00165,37.58528],[141.00184,37.58575],[141.00188,37.58593],[141.00194,37.58624],[141.00197,37.58638],[141.00197,37.58675],[141.00194,37.58707],[141.0019,37.58732],[141.00178,37.58773],[141.0017,37.58796],[141.00136,37.5887],[141.00124,37.58894],[141.00039,37.59062],[141.00027,37.59085],[141.00013,37.59113],[140.99941,37.59254],[140.99917,37.59301],[140.9987,37.59396],[140.99858,37.5942],[140.99843,37.5945],[140.99787,37.59566],[140.9975,37.5964],[140.99659,37.59828],[140.99649,37.59846],[140.99574,37.59991],[140.99524,37.60094],[140.99499,37.60142],[140.99469,37.602],[140.99438,37.60254],[140.99411,37.60289],[140.99394,37.60306],[140.99366,37.60335],[140.99292,37.60395],[140.99277,37.60407]],[[141.02241,37.33545],[141.02217,37.33619],[141.02208,37.3364],[141.02167,37.33736],[141.02156,37.33762],[141.02132,37.33818],[141.02122,37.33848],[141.02113,37.33884],[141.02099,37.33931],[141.0208,37.3399],[141.02062,37.34034],[141.02056,37.34045],[141.0205,37.34057],[141.02033,37.34092],[141.02014,37.34125],[141.01991,37.34159],[141.01976,37.3418],[141.01967,37.34191],[141.01931,37.34235],[141.01882,37.34281],[141.01828,37.34326],[141.01763,37.34366],[141.01716,37.34391],[141.01647,37.3442],[141.016,37.34437],[141.01575,37.34445],[141.01525,37.34454],[141.01478,37.3446],[141.01422,37.34467],[141.01395,37.34468],[141.01365,37.34469],[141.01348,37.34469],[141.01298,37.34465],[141.01249,37.34461],[141.01211,37.34457],[141.01129,37.34451],[141.01031,37.34442],[141.00878,37.3443],[141.00857,37.34428],[141.00819,37.34425],[141.00803,37.34424],[141.00755,37.34419],[141.00698,37.34415],[141.00656,37.34414],[141.00602,37.34416],[141.00579,37.34419],[141.00531,37.34427],[141.00485,37.34439],[141.00439,37.34454],[141.00398,37.34472],[141.0031,37.3451],[141.00286,37.34521],[141.00157,37.3458],[141.00114,37.346],[141.00061,37.34624],[141.00017,37.34644],[140.99927,37.34685],[140.99862,37.34715],[140.99819,37.34738],[140.99762,37.34777],[140.99724,37.34807],[140.99695,37.34828],[140.99677,37.34841],[140.99659,37.34853],[140.99641,37.34866],[140.9962,37.34882],[140.99571,37.34927],[140.99542,37.34956],[140.99525,37.34973],[140.99479,37.35028],[140.99434,37.35097],[140.99389,37.35169],[140.99371,37.352],[140.99342,37.35264],[140.99328,37.35296],[140.99316,37.35335],[140.99295,37.3542],[140.9928,37.35496],[140.99274,37.35584],[140.9925,37.35924],[140.99234,37.36145],[140.99222,37.36323],[140.99209,37.36484]],[[140.9885,37.49289],[140.98774,37.49329],[140.98689,37.49373],[140.98624,37.49409],[140.98513,37.49473],[140.9845,37.49513],[140.98397,37.49554],[140.98375,37.49578],[140.98352,37.49602],[140.98302,37.49661],[140.98247,37.49738],[140.98186,37.49836],[140.98125,37.49932],[140.98106,37.49962],[140.97932,37.50238],[140.97917,37.50261],[140.97888,37.50305],[140.97828,37.50401],[140.97796,37.5045],[140.97772,37.50488],[140.97749,37.50524],[140.97691,37.50616],[140.97557,37.50829],[140.97495,37.50927],[140.97447,37.51033],[140.97414,37.51143],[140.97404,37.51239],[140.97401,37.51267],[140.974,37.5136],[140.974,37.51365],[140.97411,37.51465],[140.97423,37.51528],[140.97429,37.51558],[140.97454,37.51629],[140.97472,37.51682],[140.97497,37.51754],[140.97515,37.51805],[140.97545,37.51891],[140.97562,37.51945],[140.97587,37.52022],[140.97607,37.52075],[140.97614,37.521],[140.97627,37.52138],[140.97636,37.52165],[140.97652,37.5221],[140.97673,37.52267],[140.97696,37.52307],[140.97721,37.52345],[140.97758,37.52388],[140.97795,37.52427],[140.97827,37.52455],[140.97857,37.52477],[140.97886,37.52495],[140.97929,37.52518],[140.97968,37.52537],[140.97994,37.52551],[140.97999,37.52553],[140.98077,37.52592],[140.98113,37.52611],[140.98144,37.52626],[140.98194,37.5265],[140.98225,37.52667],[140.98269,37.52693],[140.98294,37.52711],[140.98327,37.5274],[140.98374,37.52786],[140.98415,37.52833]],[[140.41699,36.38201],[140.41333,36.3815]],[[140.0136,35.87296],[140.01524,35.87317],[140.01708,35.87326],[140.02045,35.8734],[140.02267,35.87343],[140.02465,35.87361],[140.02543,35.87369],[140.02736,35.87387],[140.02851,35.8739],[140.03044,35.87383],[140.03259,35.87373],[140.03342,35.87369],[140.03439,35.8736],[140.03656,35.87327],[140.03725,35.87315],[140.03824,35.8729],[140.03886,35.87274],[140.03942,35.87256]],[[140.20693,36.07994],[140.20555,36.07725]],[[140.89408,37.05825],[140.89063,37.05819]],[[140.2496,36.12124],[140.24978,36.1214],[140.25051,36.12205],[140.25089,36.12239],[140.25187,36.12323],[140.25443,36.12546],[140.25726,36.12792],[140.2598,36.13008],[140.26007,36.13031],[140.26052,36.1307],[140.26055,36.13073],[140.26313,36.13296],[140.26415,36.13384],[140.26484,36.13444],[140.26649,36.13587],[140.26878,36.1378],[140.26987,36.13869],[140.27097,36.13947],[140.2715,36.13979],[140.27177,36.13995],[140.27286,36.14055],[140.27522,36.14165],[140.27933,36.14357],[140.28158,36.14458],[140.28202,36.14481],[140.28258,36.14512],[140.28295,36.14537],[140.28323,36.14561],[140.2836,36.14599],[140.28394,36.1464],[140.28431,36.14696],[140.28491,36.14796],[140.28638,36.1504],[140.28771,36.15262],[140.28802,36.15312],[140.2904,36.15693],[140.29121,36.15822],[140.29301,36.16112],[140.29345,36.16186],[140.29364,36.16218]],[[140.30745,36.35106],[140.30792,36.35127],[140.30951,36.35193],[140.31181,36.35289],[140.31298,36.35337],[140.31367,36.35368],[140.3147,36.35409],[140.31578,36.35456],[140.31914,36.35596],[140.32068,36.35662],[140.32394,36.35798],[140.32481,36.35835],[140.32539,36.35858],[140.32619,36.35892]],[[140.99025,37.60607],[140.98998,37.60631],[140.98922,37.60691],[140.98852,37.60746],[140.9882,37.60772],[140.98753,37.60826],[140.98719,37.60858],[140.98695,37.60884],[140.98662,37.60922],[140.98641,37.60951],[140.98619,37.60986],[140.98606,37.61011],[140.98593,37.61041],[140.98582,37.61072],[140.98578,37.61085],[140.98574,37.61102],[140.9857,37.61118],[140.98565,37.61165],[140.98565,37.61207],[140.98567,37.61248],[140.98571,37.61281],[140.98577,37.61309],[140.98582,37.61327],[140.98615,37.61419],[140.98618,37.61427],[140.98645,37.61492],[140.98702,37.61652],[140.9874,37.61747],[140.98784,37.6188],[140.98792,37.61927],[140.9881,37.62047],[140.98802,37.62142],[140.98796,37.62174],[140.98787,37.62211],[140.98782,37.6223],[140.98766,37.62273],[140.98755,37.62294],[140.98746,37.62313],[140.98733,37.62334],[140.98724,37.62351],[140.98708,37.62375],[140.98679,37.62415],[140.98659,37.62439],[140.98605,37.62498],[140.98532,37.62559],[140.98462,37.6262],[140.98383,37.62691],[140.98306,37.62757],[140.98172,37.62875],[140.98117,37.62922],[140.98048,37.62981],[140.97994,37.63028],[140.97893,37.63117],[140.97825,37.63177],[140.97628,37.63351],[140.97566,37.63402],[140.97378,37.63564],[140.97291,37.6364],[140.97264,37.63662],[140.97241,37.63683]],[[140.9799,37.1013],[140.98069,37.10206],[140.98102,37.10242],[140.98182,37.10335]],[[140.86294,38.11094],[140.86217,38.10991],[140.86195,38.1096],[140.86193,38.10958],[140.86159,38.10912],[140.86104,38.10837],[140.86062,38.10782],[140.85994,38.10705],[140.85956,38.10661],[140.85886,38.1058],[140.85801,38.10482],[140.85762,38.10435],[140.85705,38.1037],[140.85624,38.10279],[140.85569,38.10214],[140.8555,38.10192],[140.85477,38.1011],[140.85441,38.1007],[140.85377,38.09997],[140.85293,38.09902],[140.85263,38.0987],[140.85215,38.09817],[140.85197,38.09796]],[[140.00861,35.87269],[140.00584,35.87239]],[[139.82367,35.76205],[139.82268,35.76192],[139.82051,35.76165],[139.81819,35.76138],[139.8157,35.76111],[139.81538,35.76108],[139.81432,35.76098],[139.81381,35.76091],[139.81347,35.76084],[139.81327,35.76078],[139.81296,35.76066],[139.81253,35.76046],[139.81216,35.76026],[139.81188,35.76008],[139.81164,35.75991],[139.81141,35.7597],[139.81104,35.75931],[139.8106,35.7588],[139.80967,35.75772],[139.80852,35.75642],[139.8076,35.75537],[139.80721,35.75491],[139.80675,35.75428],[139.8064,35.75368],[139.80621,35.75323],[139.8061,35.75298],[139.80586,35.75253],[139.80562,35.75188],[139.80541,35.75124],[139.80479,35.74934]],[[140.92514,37.84137],[140.92505,37.84283],[140.92505,37.8429]],[[139.97011,35.86104],[139.97094,35.86208],[139.97125,35.86248],[139.9718,35.86316]],[[140.28651,36.24855],[140.28704,36.24653]],[[140.04973,35.87543],[140.05147,35.87806],[140.05166,35.87835],[140.05282,35.88009],[140.05335,35.88122],[140.05408,35.88251],[140.05571,35.88511],[140.057,35.88696],[140.05859,35.88936],[140.05996,35.89143],[140.06092,35.89292],[140.06128,35.89345],[140.06141,35.89366],[140.06204,35.89454]],[[140.85028,37.00611],[140.85091,37.005],[140.8516,37.00377],[140.85202,37.00311],[140.85244,37.00247],[140.85331,37.00112],[140.85365,37.00059],[140.85572,36.99737],[140.85896,36.99268],[140.85914,36.99243],[140.85926,36.99226],[140.85938,36.99206],[140.86014,36.99079],[140.86066,36.98992],[140.86134,36.98862],[140.86158,36.98822],[140.86178,36.98788],[140.86213,36.98729],[140.86256,36.98636],[140.86269,36.9858],[140.863,36.98347],[140.86304,36.98318],[140.86361,36.97891],[140.86408,36.97534],[140.86427,36.97375],[140.86431,36.97327],[140.86432,36.97267],[140.86421,36.96993],[140.86411,36.96763],[140.8639,36.96291],[140.86386,36.96252],[140.86379,36.96211],[140.86362,36.96147],[140.86344,36.96098],[140.86308,36.96024],[140.86292,36.95999],[140.86287,36.95991],[140.86245,36.95942],[140.86191,36.95894],[140.8612,36.95847],[140.85912,36.95715],[140.85868,36.95689],[140.85833,36.95668],[140.85807,36.95657],[140.85799,36.95654],[140.85769,36.95639],[140.85724,36.95625],[140.85673,36.95609],[140.85493,36.95574]],[[140.85427,37.03529],[140.85409,37.03509],[140.8527,37.03355],[140.85222,37.03304],[140.85107,37.03184],[140.84978,37.03045],[140.84841,37.02895],[140.84762,37.02798],[140.8471,37.02729],[140.84617,37.02591],[140.84599,37.02561],[140.84534,37.02455],[140.84504,37.02413],[140.84479,37.02373],[140.84454,37.0233],[140.84435,37.02285],[140.84429,37.02245],[140.84431,37.02209],[140.84436,37.02159],[140.84443,37.02118],[140.84455,37.02075],[140.84462,37.0205],[140.84577,37.01691],[140.84596,37.01633],[140.84661,37.01437],[140.84725,37.01229],[140.84747,37.01163],[140.8477,37.01113],[140.84789,37.01067],[140.84893,37.0087],[140.8494,37.00778]],[[140.99921,37.2121],[141.00041,37.21375],[141.0023,37.21631],[141.00364,37.2181],[141.00462,37.2195],[141.00496,37.21995],[141.00609,37.22152],[141.00671,37.22255],[141.00686,37.2229],[141.00706,37.22356],[141.0071,37.22382],[141.00712,37.22398],[141.00713,37.22428],[141.00706,37.22512],[141.00689,37.22564],[141.00676,37.22592],[141.00635,37.22667],[141.00616,37.22702],[141.00552,37.22805],[141.00518,37.22859],[141.00503,37.22885],[141.00482,37.22932],[141.00465,37.2298],[141.00448,37.23053],[141.00442,37.23103],[141.0044,37.23155],[141.00444,37.23208],[141.00451,37.2324],[141.00455,37.2326],[141.00472,37.23333],[141.0051803,37.2342871],[141.0070218,37.2390884],[141.0072251,37.2398178],[141.0073806,37.2407745]],[[140.28055,36.19033],[140.28144,36.1889],[140.28224,36.1876],[140.28279,36.1867],[140.28321,36.18598],[140.28375,36.18505],[140.28409,36.18462],[140.28432,36.18433],[140.28461,36.18404],[140.28859,36.18054],[140.29129,36.17815],[140.29381,36.17588],[140.29524,36.17461],[140.29616,36.17377],[140.29651,36.17332],[140.29697,36.17261],[140.29713,36.17231],[140.29744,36.17157],[140.29762,36.17078],[140.29765,36.17037],[140.29763,36.16986],[140.29754,36.16878],[140.29739,36.1683],[140.29708,36.16753],[140.29574,36.16547],[140.29571,36.16542],[140.29532,36.16481]],[[140.66247,36.59171],[140.6632,36.59321],[140.66384,36.59452],[140.66486,36.59656],[140.666,36.59876],[140.66632,36.59972],[140.66663,36.60074],[140.66673,36.60119],[140.66724,36.60433],[140.66735,36.60486],[140.66778,36.60746],[140.66804,36.60848],[140.66827,36.60905],[140.66852,36.60953],[140.66867,36.60984],[140.66926,36.61094],[140.66963,36.61163],[140.67076,36.61367],[140.67128,36.6146],[140.67181,36.61555],[140.67202,36.61599],[140.67223,36.61651],[140.67289,36.61844],[140.67316,36.61926],[140.67399,36.62168],[140.67436,36.62266],[140.67454,36.62321],[140.67468,36.62357],[140.67511,36.62488],[140.67595,36.62729],[140.67679,36.62989],[140.67685,36.63019],[140.67689,36.63048],[140.6769,36.6308],[140.67688,36.631],[140.67685,36.63135],[140.67676,36.63178],[140.67667,36.63206],[140.67639,36.63295],[140.67565,36.63551]],[[139.95519,35.84517],[139.95423,35.84466],[139.95398,35.84453],[139.95337,35.84422]],[[140.47875,36.37098],[140.47827,36.37093],[140.47567,36.37075]],[[139.88903,35.76956],[139.88961,35.76962],[139.89054,35.76978],[139.89127,35.76998],[139.89147,35.77005],[139.89164,35.7701],[139.89229,35.77034],[139.89289,35.7706],[139.89347,35.7709]],[[140.13755,35.92864],[140.13722,35.92811],[140.13685,35.92763],[140.13648,35.92718],[140.13633,35.92704],[140.13614,35.92687],[140.13528,35.92614],[140.13447,35.92552],[140.13384,35.92512],[140.13335,35.92483],[140.13305,35.92465],[140.13272,35.92446],[140.13212,35.92412],[140.13126,35.92371],[140.13054,35.92342],[140.12989,35.92319],[140.12913,35.92295],[140.12831,35.92277],[140.12717,35.92252],[140.12656,35.92238],[140.12644,35.92235],[140.12526,35.92209],[140.12503,35.92204],[140.12386,35.92178],[140.12173,35.92133],[140.12093,35.92116],[140.12004,35.92097]],[[140.00584,35.87239],[140.00918,35.87253],[140.0113,35.87272],[140.01161,35.87272],[140.01674,35.87281],[140.01875,35.87291],[140.0203,35.87307],[140.0214,35.87313],[140.02267,35.87317],[140.02579,35.87304],[140.02857,35.87294],[140.03097,35.87287],[140.03217,35.87284],[140.03514,35.87272],[140.03819,35.87261],[140.03942,35.87256]],[[140.83542,36.9479],[140.83632,36.94851],[140.83751,36.94931],[140.84009,36.95103],[140.84169,36.95213],[140.84242,36.95262],[140.84292,36.95293],[140.84332,36.95316],[140.84374,36.95337],[140.84421,36.95355],[140.84462,36.95369],[140.84507,36.95383],[140.84517,36.95385],[140.84561,36.95395],[140.84565,36.95395],[140.85152,36.95508],[140.85324,36.95541]],[[140.92505,37.8429],[140.92503,37.84402],[140.925,37.8456],[140.925,37.84578],[140.925,37.84588],[140.92498,37.84637],[140.92497,37.84663],[140.92499,37.84698],[140.92504,37.84724],[140.92519,37.84788],[140.92532,37.84822],[140.92549,37.8486],[140.92563,37.84883],[140.92578,37.84906],[140.92606,37.84944],[140.92636,37.84981],[140.92702,37.85055],[140.92879,37.85265],[140.92909,37.85301],[140.92929,37.85327],[140.92944,37.85349],[140.92958,37.85377],[140.92969,37.854],[140.92981,37.85431],[140.92989,37.85459],[140.92992,37.85474],[140.92996,37.85491],[140.93003,37.85535],[140.93005,37.85556],[140.93004,37.85585],[140.93003,37.8561],[140.92994,37.85655],[140.92987,37.85707],[140.92939,37.86073],[140.92906,37.86307],[140.92877,37.86493],[140.92861,37.86603],[140.92819,37.86911],[140.92805,37.86995],[140.92783,37.87161],[140.92773,37.87257],[140.9276,37.87334],[140.9275343,37.8738114],[140.9272684,37.8746272],[140.9270363,37.8752439],[140.9264062,37.8769987],[140.9260658,37.8779755],[140.9258239,37.8787063]],[[140.85324,36.95541],[140.85493,36.95574]],[[140.12004,35.92097],[140.11626,35.92014]],[[140.89019,38.00188],[140.88998,38.00257]],[[140.63374,36.55282],[140.63458,36.55346],[140.63568,36.55445],[140.63635,36.5552],[140.63788,36.55712],[140.63801,36.55728],[140.63813,36.55745],[140.6389,36.55844],[140.64011,36.55994],[140.64079,36.56077],[140.64108,36.56112],[140.6415,36.56162],[140.6424,36.56256],[140.64348,36.56367],[140.64355,36.56375],[140.64521,36.56541],[140.647,36.56718],[140.64752,36.56769],[140.6488,36.56894],[140.64909,36.56927],[140.64937,36.56972],[140.64972,36.57039],[140.65025,36.57187],[140.65034,36.5721],[140.65089,36.57348],[140.65128,36.5743],[140.65164,36.57491],[140.65166,36.57495],[140.65211,36.57554],[140.65355,36.57715],[140.655,36.57876],[140.65523,36.57903],[140.656,36.57987],[140.65729,36.58133],[140.65755,36.58167],[140.6578,36.582],[140.65824,36.58286],[140.65917,36.58474],[140.65945,36.58531],[140.66,36.58658],[140.66012,36.58682],[140.6603,36.58724],[140.66083,36.58828],[140.66113,36.58894]],[[140.52441,36.39505],[140.52461,36.39612],[140.52476,36.39689],[140.52495,36.39786],[140.52506,36.39836],[140.52512,36.39861],[140.52528,36.39913],[140.52553,36.39973],[140.52605,36.4008],[140.52673,36.40223],[140.52705,36.40289],[140.52738,36.40357],[140.52754,36.40389],[140.52907,36.40705],[140.52945,36.4078],[140.53018,36.40921],[140.53025,36.40934],[140.53064,36.41006],[140.53079,36.41033],[140.53121,36.41121],[140.5317,36.41221],[140.53285,36.41458],[140.53333,36.41555],[140.53386,36.41667],[140.53459,36.41811],[140.53543,36.41983],[140.53625,36.42152],[140.5365,36.42201],[140.53702,36.42307],[140.53766,36.42436],[140.53848,36.42608],[140.53874,36.42663],[140.53919,36.42757],[140.53995,36.42916],[140.54016,36.42961]],[[140.61997,36.514],[140.62064,36.51532],[140.62099,36.51607],[140.6211,36.51653],[140.62118,36.51683],[140.62123,36.51726],[140.62122,36.51757],[140.62121,36.51829],[140.62117,36.52036],[140.62115,36.52107],[140.6211,36.52284],[140.62103,36.52511],[140.621,36.52647],[140.62101,36.52741],[140.62103,36.52803],[140.62109,36.5287],[140.62117,36.5292],[140.62127,36.52974],[140.62149,36.53058],[140.62166,36.53123],[140.62185,36.53187],[140.62237,36.53374],[140.6229,36.53566],[140.62294,36.53579],[140.62345,36.53758],[140.62381,36.539],[140.62401,36.53973],[140.6243,36.54078],[140.62444,36.5413],[140.62478,36.5426],[140.62495,36.54324],[140.625,36.54343],[140.62502,36.54353],[140.62514,36.54401],[140.6256,36.54573],[140.62577,36.5463],[140.62592,36.54655],[140.62617,36.54697],[140.6264,36.54729],[140.62665,36.5476],[140.62699,36.54794],[140.62763,36.54842],[140.62782,36.54856],[140.62956,36.54984],[140.62981,36.55002],[140.6317,36.55141]],[[140.99841,37.211],[140.99853,37.21117],[140.99921,37.2121]],[[140.98182,37.10335],[140.98215,37.1038],[140.98236,37.10408],[140.98289,37.10479],[140.98315,37.10523],[140.9833,37.10552],[140.98355,37.1061],[140.98383,37.10681],[140.98403,37.10743],[140.9842,37.10803],[140.98434,37.10854],[140.98457,37.10976],[140.98475,37.11085],[140.98485,37.11139],[140.98491,37.11159],[140.98513,37.11227],[140.98517,37.11239],[140.98522,37.11254],[140.98529,37.11268],[140.98534,37.11277],[140.98575,37.11343],[140.98587,37.11358],[140.98602,37.11373],[140.98638,37.11406],[140.98819,37.11554],[140.99259,37.11912],[140.9926,37.11914],[140.99329,37.11974],[140.9939,37.12033],[140.99502,37.12153],[140.99537,37.12201],[140.99573,37.12258],[140.99603,37.12311],[140.99614,37.12338],[140.99621,37.12356],[140.99635,37.12406],[140.99643,37.12433],[140.9966,37.12495],[140.99705,37.12649],[140.99719,37.12704],[140.99722,37.12716],[140.99732,37.1276],[140.99735,37.12791],[140.99735,37.12818],[140.99732,37.12857],[140.9973,37.12881],[140.99725,37.12919],[140.9969,37.13102],[140.99682,37.1315],[140.9966,37.13601],[140.99648,37.13863],[140.99611,37.14097],[140.99599,37.14153]],[[140.04213,35.87248],[140.04251,35.87246]],[[140.79648,36.92093],[140.79641,36.92143],[140.79631,36.92225],[140.79615,36.92335],[140.79612,36.92354],[140.79574,36.92625],[140.7957,36.92662],[140.79568,36.92751],[140.79567,36.92776],[140.79567,36.92795],[140.79566,36.92842],[140.79571,36.92882],[140.79581,36.92918],[140.79591,36.92956],[140.79609,36.93001],[140.79624,36.93033],[140.79654,36.93097],[140.79673,36.93133],[140.79896,36.93548],[140.79942,36.93607],[140.79978,36.93642],[140.80015,36.93672],[140.80069,36.93704],[140.80107,36.93727],[140.80188,36.93759],[140.80285,36.9379],[140.80331,36.93804],[140.80411,36.93827],[140.80614,36.93883],[140.80656,36.93894],[140.80782,36.9392],[140.80877,36.93934],[140.80921,36.93939],[140.80961,36.93942],[140.81063,36.93946],[140.81258,36.93951],[140.81329,36.93955],[140.81384,36.9396],[140.81414,36.93965],[140.81459,36.93972],[140.81506,36.93984],[140.81558,36.94001],[140.81603,36.94018],[140.81666,36.94049],[140.81701,36.94068],[140.81728,36.94084],[140.81762,36.9411],[140.81811,36.94147],[140.81981,36.94279],[140.82009,36.94298],[140.82059,36.94321],[140.82136,36.9435],[140.82204,36.94369],[140.82253,36.94383],[140.82357,36.94405]],[[140.99556,37.14341],[140.99517,37.14517],[140.99509,37.14551],[140.99482,37.14674],[140.99479,37.14694],[140.99472,37.14732],[140.99459,37.14803],[140.99455,37.14838],[140.99452,37.14875],[140.99452,37.14897],[140.99454,37.14941],[140.99458,37.14978],[140.99465,37.15011],[140.9947,37.15033],[140.99475,37.15048],[140.99484,37.15073],[140.99528,37.15165],[140.99529,37.15167],[140.99585,37.15253],[140.99637,37.15321],[140.9966,37.1535],[140.99766,37.15507],[140.99834,37.15623],[140.99879,37.15701],[140.99888,37.1572],[140.99935,37.1581],[140.99988,37.15923],[140.99995,37.15941],[141.00008,37.1599],[141.00019,37.1604],[141.00026,37.16094],[141.00027,37.16119],[141.00026,37.16165],[141.00023,37.16194],[141.00014,37.16244],[141.00003,37.16295],[140.99994,37.16331],[140.9995,37.16436],[140.99937,37.16465],[140.99868,37.16608],[140.99755,37.16834],[140.99713,37.16915],[140.99675,37.16976],[140.99666,37.16994],[140.9966,37.17008],[140.99626,37.17078],[140.99613,37.17108],[140.9958,37.17182]],[[141.0077553,37.2427025],[141.0080802,37.2443739],[141.0083462,37.2460601],[141.0085137,37.2470705],[141.0086512,37.2478777],[141.008714,37.2484129],[141.008702,37.248939],[141.0086482,37.2497163],[141.0084927,37.2504039],[141.0083552,37.2508225],[141.0082237,37.2510736],[141.00801,37.25137]],[[140.77809,36.84681],[140.77792,36.84532]],[[139.77196,35.72734],[139.77092,35.72822],[139.77069,35.7284]],[[140.6317,36.55141],[140.63281,36.5522],[140.63374,36.55282]],[[140.06393,35.8971],[140.06481,35.89822],[140.06595,35.89936],[140.06657,35.89976],[140.06713,35.89995],[140.06795,35.9001],[140.06883,35.90017],[140.06995,35.90021],[140.07144,35.90027],[140.07251,35.90046],[140.07282,35.90051],[140.07354,35.90075],[140.0742,35.90107],[140.07725,35.90311],[140.07776,35.90345],[140.08111,35.90572],[140.08296,35.907],[140.08463,35.90815],[140.08567,35.90886],[140.08825,35.91063],[140.08973,35.91164],[140.09184,35.91308],[140.09213,35.91328],[140.09349,35.91417],[140.09502,35.91516],[140.09574,35.91554],[140.09658,35.91588],[140.09816,35.91634],[140.10027,35.91685],[140.10094,35.91699],[140.10133,35.91707],[140.1062,35.91808],[140.10836,35.91852],[140.11403,35.9197],[140.11484,35.91988],[140.11626,35.92014]],[[139.89347,35.7709],[139.89415,35.77126],[139.89492,35.77188],[139.89583,35.7727],[139.89616,35.77316],[139.89659,35.77374],[139.89738,35.77519],[139.89782,35.77642],[139.89835,35.77788],[139.89893,35.77953],[139.89909,35.77995],[139.89968,35.78163],[139.90039,35.78349]],[[140.78727,36.88245],[140.78736,36.88213],[140.78743,36.88182],[140.78749,36.88149],[140.78752,36.88106],[140.78756,36.88018],[140.78759,36.87959],[140.78771,36.87694],[140.78783,36.87412],[140.78786,36.87281],[140.78794,36.87117],[140.788,36.87043],[140.78806,36.86839],[140.78806,36.86762],[140.78801,36.86707],[140.78792,36.86664],[140.78777,36.86609],[140.78763,36.8657],[140.78749,36.8654],[140.78584,36.86281],[140.78553,36.8623],[140.78512,36.86161],[140.78492,36.86138],[140.78458,36.86103],[140.78423,36.86073],[140.7839,36.86051],[140.78329,36.8602],[140.78179,36.85948],[140.78142,36.8593],[140.78105,36.85907],[140.78069,36.85881],[140.7804,36.85856],[140.78016,36.85828],[140.77985,36.85782],[140.77965,36.85742],[140.77945,36.85684],[140.77931,36.8562],[140.77921,36.85553],[140.77913,36.85504],[140.77884,36.85275],[140.77848,36.84993],[140.77809,36.84681]],[[139.97011,35.86104],[139.96861,35.85912],[139.96735,35.85753],[139.96673,35.85671],[139.96607,35.85589],[139.96581,35.85556],[139.96562,35.85533],[139.96401,35.85329],[139.963,35.85201],[139.96234,35.85115],[139.96138,35.85011],[139.96064,35.84934],[139.9588,35.84768],[139.95763,35.84676],[139.95623,35.84576],[139.95519,35.84517]],[[141.00263,37.2836],[141.00253,37.28401],[141.00234,37.28447],[141.00218,37.28483],[141.00166,37.28568],[141.00121,37.28641],[141.00091,37.28685],[141.00079,37.28704],[141.00029,37.28768],[140.99985,37.28824],[140.99888,37.28951],[140.99728,37.29163],[140.99659,37.29252],[140.99633,37.29284],[140.99614,37.2931],[140.99576,37.29361],[140.99557,37.29387],[140.99548,37.29406],[140.99547,37.29408],[140.99545,37.29412],[140.99539,37.29428],[140.99531,37.29463],[140.99523,37.29529],[140.99523,37.29571],[140.99527,37.29687],[140.99527,37.29704],[140.99528,37.29726],[140.99531,37.29751],[140.99538,37.29786],[140.99549,37.29838],[140.99558,37.29873],[140.9957,37.29915],[140.99596,37.29994],[140.99614,37.30041],[140.99624,37.30066],[140.99635,37.30094],[140.99659,37.30151],[140.99667,37.3017],[140.99692,37.30231],[140.99709,37.30273],[140.99732,37.3032],[140.99761,37.3038],[140.99791,37.30436],[140.99804,37.30457],[140.99824,37.30489],[140.99856,37.3054],[140.99897,37.30601],[140.99899,37.30605],[140.99923,37.30643],[140.99962,37.30705],[140.99984,37.30744],[141.00007,37.30783],[141.00031,37.30819],[141.00066,37.30881],[141.00087,37.30926],[141.00102,37.30958],[141.00135,37.31049],[141.00148,37.31091],[141.00159,37.31133],[141.00174,37.3121],[141.0018,37.31252],[141.0019,37.31319],[141.00196,37.31356],[141.00202,37.31379],[141.00221,37.31436],[141.00241,37.31472],[141.00255,37.31492],[141.00276,37.31512],[141.00303,37.31538],[141.00364,37.31588],[141.00424,37.31633],[141.00461,37.31658],[141.00529,37.31701],[141.00814,37.31874],[141.01075,37.32028],[141.01144,37.3207],[141.01182,37.32093],[141.01348,37.32192],[141.01375,37.32209],[141.01412,37.32231],[141.01621,37.32359],[141.01863,37.32505],[141.01893,37.32523],[141.02072,37.32628],[141.02146,37.32695],[141.022,37.32753],[141.02229,37.32796],[141.0226,37.3285],[141.02276,37.32884],[141.02293,37.32939],[141.02305,37.32992],[141.02309,37.33024],[141.0231,37.33178],[141.02307,37.33265]],[[139.91225,35.80103],[139.91247,35.80133],[139.91317,35.80226],[139.9143,35.80384],[139.91527,35.80541],[139.91561,35.8061],[139.91628,35.80809],[139.91674,35.80958],[139.91687,35.81003],[139.91709,35.81077]],[[139.9874,35.8757],[139.98669,35.87567],[139.98603,35.87559],[139.98557,35.87548],[139.98494,35.87529],[139.98464,35.87517],[139.98414,35.87497],[139.98365,35.8747],[139.98326,35.87444],[139.98306,35.8743],[139.98174,35.87342],[139.98051,35.87257],[139.97939,35.87178],[139.97832,35.87103],[139.97771,35.87051],[139.97724,35.86996],[139.97622,35.86872],[139.97573,35.86808],[139.975,35.86716],[139.97447,35.86648],[139.9728,35.86436],[139.9718,35.86316]],[[140.49304,36.36932],[140.49668,36.36993],[140.49717,36.37008],[140.49816,36.37035],[140.49948,36.37073],[140.50022,36.37094],[140.5016,36.37148],[140.50299,36.37211],[140.50504,36.37308],[140.5062,36.37362],[140.50714,36.37405],[140.5078,36.37438],[140.50793,36.37445],[140.50817,36.37456],[140.5096,36.37534],[140.51155,36.37638],[140.51201,36.37663],[140.51458,36.37802],[140.5157,36.37864],[140.5178,36.38002],[140.51832,36.38041],[140.51873,36.38072],[140.51913,36.3811],[140.52059,36.38287],[140.52147,36.38391],[140.52193,36.38457],[140.5222,36.38497],[140.5225,36.38546],[140.52277,36.38611],[140.52295,36.38673],[140.52315,36.38798],[140.5233,36.38878],[140.52366,36.39097],[140.52382,36.39197],[140.52402,36.3931]],[[140.74548,36.79035],[140.74664,36.79085],[140.74721,36.79105]],[[140.98398,37.40863],[140.98399,37.40869],[140.98411,37.40917],[140.98416,37.40937],[140.98441,37.41001]],[[140.14088,35.97366],[140.14103,35.97534],[140.14107,35.97563],[140.14118,35.9767]],[[140.67565,36.63551],[140.67494,36.63777]],[[140.97241,37.63683],[140.97123,37.63784],[140.96969,37.63921]],[[140.8891404,37.9658285],[140.8888263,37.9668089]],[[140.54086,36.43133],[140.54016,36.42961]],[[140.99599,37.14153],[140.99556,37.14341]],[[140.06204,35.89454],[140.06231,35.89491],[140.06343,35.89636],[140.06393,35.8971]],[[141.00292,37.25758],[141.0044859,37.2558495],[141.005897,37.2543128],[141.0069494,37.2531947],[141.0072543,37.252818],[141.0075712,37.2523457],[141.0078731,37.2518105],[141.00801,37.25137]],[[139.91755,35.8126],[139.91782,35.81384],[139.91834,35.81579],[139.91884,35.8175],[139.91926,35.81895],[139.91956,35.82007],[139.92009,35.82186],[139.92054,35.82347],[139.92059,35.82365],[139.92081,35.82442]],[[139.93183,35.83368],[139.92967,35.83266]],[[140.45496,36.37311],[140.45367,36.37323],[140.45319,36.37332],[140.45266,36.37346],[140.45187,36.37373],[140.45164,36.37383],[140.45129,36.374],[140.45091,36.37429],[140.45057,36.37461],[140.44522,36.37973],[140.44407,36.38081],[140.44292,36.3819],[140.44153,36.38293],[140.44094,36.3833],[140.44031,36.38363],[140.44018,36.38368],[140.43965,36.38388],[140.43872,36.38417],[140.43822,36.38429],[140.4372,36.38447],[140.43635,36.38452],[140.43579,36.3845],[140.43488,36.38441],[140.42701,36.38336],[140.41902,36.38228],[140.41699,36.38201]],[[140.7295,36.75443],[140.72983,36.7549],[140.73035,36.75557],[140.73088,36.75615],[140.7312,36.75649],[140.73143,36.7567],[140.73254,36.75763],[140.73277,36.75781],[140.7346,36.75936],[140.73549,36.76013],[140.7359,36.76049],[140.73634,36.76101],[140.73657,36.76137],[140.7367,36.76161],[140.73677,36.7618],[140.73692,36.76234],[140.73704,36.7629],[140.73791,36.76704],[140.73833,36.76903],[140.73885,36.77131],[140.7392,36.77288],[140.73936,36.77391],[140.73952,36.7753],[140.73971,36.77789],[140.73974,36.77892],[140.74,36.78183],[140.74009,36.78281],[140.7402,36.78402],[140.74047,36.78498],[140.74063,36.78553],[140.74081,36.78603],[140.7411,36.78657],[140.74153,36.78726],[140.74209,36.788],[140.74263,36.78854],[140.74325,36.78903],[140.74388,36.78947],[140.74477,36.78998],[140.74548,36.79035]],[[140.9463,37.07322],[140.94578,37.07287],[140.94302,37.071],[140.9404,37.06922],[140.93907,37.06829],[140.93864,37.06808],[140.93861,37.06806],[140.93739,37.0675],[140.93673,37.06725],[140.93375,37.06618],[140.93058,37.06503],[140.92854,37.0643],[140.9281,37.06414],[140.92739,37.06389],[140.92558,37.06322],[140.92411,37.06271],[140.92217,37.06199],[140.92022,37.06129],[140.91964,37.06108],[140.91755,37.06035],[140.91654,37.05997],[140.91422,37.05913],[140.91377,37.05898],[140.91327,37.05884],[140.91272,37.0587],[140.91229,37.05861],[140.91181,37.05855],[140.91142,37.0585],[140.91068,37.05848],[140.90918,37.05846],[140.9079,37.05845],[140.90649,37.05842],[140.90537,37.0584],[140.90435,37.05839],[140.90288,37.05838],[140.90101,37.05836],[140.89902,37.05832],[140.89713,37.05829],[140.89688,37.05829],[140.89408,37.05825]],[[140.8556,37.03669],[140.85518,37.03629],[140.85454,37.0356],[140.85427,37.03529]],[[140.47567,36.37075],[140.47362,36.37061],[140.47291,36.37056],[140.47124,36.37043],[140.47071,36.37048],[140.47023,36.37056],[140.46886,36.37092],[140.46741,36.37131],[140.46477,36.37204],[140.46341,36.37244],[140.46213,36.37271],[140.46173,36.37276],[140.46121,36.3728],[140.45772,36.37295]],[[140.24762,36.11962],[140.2496,36.12124]],[[140.9482,37.07448],[140.9463,37.07322]],[[140.92549,37.80321],[140.92554,37.80305],[140.92591,37.80186],[140.92593,37.80179]],[[140.45772,36.37295],[140.45496,36.37311]],[[140.1668,36.03168],[140.16517,36.02951]],[[140.86163,38.03942],[140.86262,38.03802],[140.86367,38.03656],[140.86406,38.03604],[140.86472,38.03512],[140.8657,38.03373],[140.86587,38.03349],[140.86599,38.03332],[140.86654,38.03256],[140.86762,38.03109],[140.86788,38.03081],[140.86832,38.0304],[140.86885,38.02995],[140.86933,38.02963],[140.86987,38.02927],[140.87089,38.02863],[140.87158,38.02819],[140.87198,38.02794],[140.87239,38.02768],[140.87266,38.02751],[140.87301,38.02729],[140.87346,38.02703],[140.87382,38.0268],[140.87417,38.02658],[140.87448,38.0264],[140.87462,38.02631],[140.87478,38.02621],[140.87494,38.02611],[140.8757,38.02566],[140.87622,38.02535],[140.87674,38.02503],[140.87733,38.02467],[140.87776,38.02441],[140.87823,38.02412],[140.87848,38.02396],[140.87872,38.02378],[140.87905,38.02353],[140.87932,38.02328],[140.87948,38.02312],[140.8798,38.0228],[140.87996,38.02263],[140.88012,38.02242],[140.88024,38.02227],[140.88042,38.02201],[140.8806,38.02174],[140.88093,38.02121],[140.88127,38.02067],[140.88144,38.02039],[140.88154,38.02023],[140.88185,38.01972],[140.88192,38.01961],[140.88219,38.01918],[140.88254,38.01861],[140.88271,38.01833],[140.88292,38.018],[140.88327,38.01745],[140.88352,38.01706],[140.88369,38.01679],[140.88407,38.01618],[140.88433,38.01575],[140.88461,38.01531],[140.88485,38.01493],[140.88515,38.01444],[140.88538,38.01409],[140.8858,38.0134],[140.88616,38.01284],[140.88649,38.01234],[140.88663,38.0121],[140.88685,38.01167],[140.88687,38.01165],[140.88708,38.01123],[140.88734,38.01062],[140.88761,38.00993],[140.88793,38.00908],[140.88821,38.0083],[140.88847,38.00755],[140.8887,38.00686],[140.889,38.00588],[140.8892,38.00518],[140.88938,38.00456],[140.88954,38.00401],[140.88971,38.00344],[140.88984,38.003],[140.8899,38.00283],[140.88998,38.00257]],[[140.97063,37.70218],[140.97139,37.70127],[140.97186,37.70068],[140.97205,37.70037],[140.97239,37.69981],[140.97257,37.69946],[140.97268,37.69919],[140.97273,37.69906],[140.97278,37.6989],[140.97281,37.69878],[140.97284,37.69855],[140.97288,37.69833],[140.97316,37.69638],[140.97331,37.69541],[140.9734,37.69473],[140.97351,37.6941],[140.97366,37.69296],[140.97373,37.69244],[140.97376,37.69224],[140.97378,37.692],[140.97382,37.69168],[140.97383,37.69057],[140.97383,37.69039],[140.97383,37.69011],[140.97381,37.68991],[140.97379,37.68981],[140.97377,37.68964],[140.97373,37.68928],[140.97353,37.68811],[140.97345,37.68767],[140.97313,37.68565],[140.97297,37.68463],[140.97293,37.68434],[140.97275,37.68318],[140.97263,37.68263],[140.97251,37.68185],[140.97245,37.68151],[140.97231,37.68068],[140.97215,37.67989],[140.97199,37.6787],[140.97192,37.67823],[140.97184,37.67761],[140.9718,37.67717],[140.97179,37.67657],[140.97179,37.67631],[140.97179,37.67603],[140.97181,37.6758],[140.97196,37.67338],[140.97212,37.67106],[140.97218,37.6697],[140.97215,37.66939],[140.97207,37.66891],[140.97199,37.66863],[140.9716,37.66789],[140.97158,37.66786],[140.9713,37.66728],[140.97081,37.66636],[140.97016,37.66519],[140.96984,37.66456],[140.96944,37.66375],[140.96906,37.66298],[140.96868,37.66218],[140.96827,37.66131],[140.96809,37.66087],[140.96793,37.6605],[140.96787,37.66037],[140.96778,37.66015],[140.96767,37.65989],[140.96757,37.65962],[140.96746,37.65927],[140.96739,37.65904],[140.96734,37.65879],[140.96724,37.65837],[140.96704,37.65753],[140.96683,37.65658],[140.96673,37.65616],[140.96667,37.65584],[140.96661,37.6555],[140.96655,37.65523],[140.9664,37.65459],[140.96625,37.65386],[140.96604,37.65297],[140.96592,37.65237],[140.96587,37.6519],[140.96585,37.65162],[140.96584,37.65142],[140.96582,37.651],[140.96582,37.6505],[140.96585,37.64995],[140.96595,37.64925],[140.96602,37.64878],[140.96627,37.64698],[140.96631,37.64664],[140.96639,37.64612],[140.96657,37.6447],[140.96661,37.6444],[140.96699,37.64313],[140.96712,37.64277],[140.96722,37.64251],[140.96742,37.64212],[140.9678,37.64145],[140.96828,37.64076],[140.96853,37.64042],[140.96876,37.64015],[140.96902,37.63985],[140.96937,37.63951],[140.96969,37.63921]],[[140.20693,36.07994],[140.20701,36.08011],[140.20717,36.08042],[140.20743,36.08093],[140.20752,36.08112],[140.20761,36.08127],[140.20788,36.08181],[140.20802,36.08207],[140.20807,36.0822],[140.2081,36.08226],[140.20813,36.08232],[140.20821,36.08245],[140.20859,36.08323],[140.20877,36.08358],[140.20915,36.08435],[140.20941,36.08486],[140.20952,36.08509],[140.2096,36.08526],[140.20978,36.0856],[140.20999,36.086],[140.21025,36.08653],[140.2103,36.08662],[140.21039,36.0868],[140.21186,36.0896],[140.21262,36.09107],[140.21293,36.0916],[140.21306,36.09181],[140.21334,36.09214],[140.21364,36.09246],[140.21395,36.09273],[140.21419,36.09292],[140.21448,36.09311],[140.21485,36.09333],[140.21542,36.09368],[140.21568,36.09384],[140.21952,36.09618],[140.22111,36.09713],[140.22161,36.09746],[140.22197,36.09769],[140.22286,36.09835],[140.22393,36.09924],[140.22661,36.10155],[140.23026,36.10472],[140.23297,36.10704],[140.23581,36.10948],[140.23817,36.11151],[140.23984,36.11291],[140.24211,36.11487],[140.243,36.11564],[140.24479,36.11717],[140.24671,36.11881],[140.24675,36.11886],[140.24762,36.11962]],[[140.8494,37.00778],[140.85028,37.00611]],[[140.68664,36.67223],[140.68689,36.67259],[140.68735,36.67318],[140.68763,36.67355],[140.68829,36.67441],[140.68881,36.6751],[140.68922,36.67564],[140.69013,36.67686],[140.69051,36.67737],[140.69088,36.67787],[140.69125,36.67832],[140.69186,36.67906],[140.69209,36.67932],[140.69241,36.67964],[140.69277,36.67994],[140.69473,36.68148],[140.69492,36.68163],[140.69526,36.68189],[140.69577,36.68229],[140.69657,36.6829],[140.69709,36.68331],[140.69743,36.68357],[140.69814,36.68412],[140.69838,36.6843],[140.69907,36.68486],[140.69973,36.68535],[140.70007,36.68559],[140.70056,36.68591],[140.70124,36.68626],[140.70198,36.68658],[140.70233,36.68673],[140.70261,36.68685],[140.7029,36.68698],[140.70324,36.68711],[140.70361,36.68726],[140.7041,36.68744],[140.70438,36.68754],[140.70515,36.68781],[140.70573,36.68803],[140.70631,36.68827],[140.70699,36.68858],[140.70744,36.68882],[140.70756,36.68889],[140.70773,36.689],[140.70807,36.68925],[140.7085,36.6896],[140.70941,36.69036],[140.71099,36.69162],[140.71126,36.69185],[140.71297,36.69326],[140.71328,36.69356],[140.71354,36.69383],[140.71395,36.69432],[140.71407,36.69449],[140.71422,36.69476],[140.71423,36.69479],[140.71454,36.69541],[140.71471,36.69582],[140.71487,36.69636],[140.71499,36.69686],[140.71505,36.69728],[140.7151,36.69784],[140.71515,36.69821],[140.71521,36.69875],[140.7153,36.69961],[140.71542,36.70064],[140.71554,36.70173],[140.71565,36.70275],[140.71586,36.70453],[140.71596,36.7054],[140.71618,36.70732],[140.71629,36.70827],[140.71631,36.70846],[140.71655,36.71058],[140.71659,36.71089],[140.71675,36.71249],[140.71683,36.71319]],[[140.85197,38.09796],[140.8519,38.09776],[140.85177,38.09743],[140.85154,38.09697],[140.8514,38.09658],[140.85133,38.09629],[140.85124,38.09582],[140.85121,38.09555],[140.85121,38.09542],[140.85121,38.09527],[140.85125,38.09497],[140.85126,38.09482],[140.8513,38.09441],[140.85134,38.0941],[140.85141,38.09333],[140.85151,38.09226],[140.85159,38.09144],[140.85168,38.09058],[140.8517,38.0904],[140.85182,38.08898],[140.85195,38.08791],[140.85213,38.08632],[140.85222,38.08558],[140.85252,38.08341],[140.85269,38.08223],[140.85271,38.08209],[140.85288,38.08092],[140.85292,38.08059],[140.85299,38.08008],[140.85312,38.07901],[140.85343,38.07665],[140.8535,38.07607],[140.85351,38.07605],[140.85357,38.07573],[140.85369,38.07517],[140.85373,38.07496],[140.85401,38.07364],[140.85404,38.07354],[140.85422,38.0726],[140.85428,38.07216],[140.85429,38.07212],[140.85442,38.07108],[140.85443,38.07098],[140.85447,38.07084],[140.8546,38.06983],[140.85464,38.06937],[140.85471,38.0686],[140.85471,38.06843]],[[140.93506,37.75566],[140.93638,37.7541],[140.93715,37.75303],[140.93757,37.75237],[140.93793,37.75178],[140.93832,37.75114],[140.93865,37.7506],[140.93888,37.75023],[140.93964,37.74914],[140.94042,37.74804],[140.9415,37.74667],[140.94243,37.74546],[140.94286,37.74491],[140.94338,37.74423],[140.94355,37.74401],[140.9439,37.74354],[140.94526,37.74176],[140.94577,37.7411],[140.94714,37.73932],[140.9473,37.73913],[140.94818,37.73797],[140.94861,37.73739],[140.94902,37.73686],[140.94915,37.73667],[140.94925,37.73652],[140.94945,37.7362],[140.94959,37.73597],[140.94973,37.7357],[140.94988,37.73535],[140.95001,37.73498],[140.95007,37.73477],[140.95013,37.73439],[140.95053,37.73194],[140.95096,37.72953],[140.95098,37.72939],[140.9511,37.72873],[140.95118,37.72834],[140.95127,37.72806],[140.95133,37.72788],[140.95148,37.72742],[140.95164,37.72707],[140.95179,37.72674],[140.95193,37.72646],[140.95277,37.72471],[140.95283,37.72457],[140.95313,37.72388],[140.95344,37.72315],[140.9536,37.7228],[140.95388,37.72227],[140.95406,37.72199],[140.95428,37.72167],[140.95442,37.72147],[140.95575,37.71987],[140.95588,37.71972],[140.95779,37.71744],[140.95981,37.71503],[140.96188,37.71256],[140.96212,37.71227],[140.96391,37.71013],[140.96595,37.70768],[140.96655,37.70698],[140.96733,37.70605],[140.968,37.70524],[140.96837,37.70482],[140.96849,37.70467],[140.96926,37.70381],[140.96953,37.70349]],[[140.52402,36.3931],[140.52437,36.39486],[140.52441,36.39505]],[[139.911,35.7997],[139.91225,35.80103]],[[139.92081,35.82442],[139.92118,35.82549],[139.92159,35.8264]],[[140.92549,37.80321],[140.92501,37.80468],[140.9249,37.80508],[140.92459,37.80594],[140.92422,37.80709],[140.92414,37.80734],[140.92406,37.80759],[140.92357,37.80904],[140.92346,37.80943],[140.9233,37.81044],[140.9232,37.81103],[140.92309,37.81189],[140.92308,37.81231],[140.92309,37.81263],[140.92313,37.81303],[140.9232,37.81351],[140.92331,37.81404],[140.92362,37.81505],[140.92394,37.81594],[140.92409,37.81643],[140.92414,37.81657],[140.92431,37.81711],[140.92485,37.81874],[140.92504,37.81937],[140.92521,37.82006],[140.92533,37.82047],[140.92549,37.82119],[140.92555,37.8216],[140.92558,37.82207],[140.92559,37.8226],[140.92557,37.82303],[140.92554,37.82388],[140.92549,37.8253],[140.92546,37.82613],[140.92542,37.82712],[140.92532,37.83046],[140.92531,37.83104],[140.92531,37.83124],[140.92524,37.83332],[140.92524,37.83378],[140.92525,37.83635],[140.92528,37.83753],[140.92528,37.83761],[140.92525,37.83829],[140.92518,37.84016],[140.92514,37.84137]],[[139.84652,35.76609],[139.84581,35.76568],[139.84522,35.76533],[139.84465,35.76502],[139.8443,35.76482],[139.8439,35.76464],[139.84341,35.76445],[139.84276,35.76423],[139.84239,35.76413],[139.84178,35.76398],[139.84127,35.76386],[139.8406,35.76375],[139.83937,35.76359],[139.83755,35.76339],[139.83744,35.76337],[139.83566,35.76319],[139.83554,35.76318],[139.83283,35.76292],[139.83101,35.76275],[139.83078,35.76273],[139.83008,35.76265],[139.82947,35.76261],[139.82868,35.76253],[139.8262,35.76228]],[[140.27687,36.29638],[140.27648,36.29547],[140.27616,36.29447]],[[139.90113,35.78574],[139.90138,35.7864],[139.90147,35.78663],[139.90157,35.78688],[139.90173,35.78723],[139.90219,35.7883],[139.90287,35.7896],[139.9029,35.78964],[139.90342,35.79066],[139.9039,35.79145],[139.90451,35.79237],[139.90538,35.79368],[139.90634,35.79478],[139.90784,35.79637],[139.90869,35.79728],[139.90931,35.79794],[139.911,35.7997]],[[140.9955,37.17247],[140.99523,37.17308],[140.9951,37.17336],[140.99491,37.17393],[140.99485,37.17427],[140.9948,37.17474],[140.99479,37.1754],[140.99482,37.17591],[140.99486,37.17641],[140.99495,37.1769],[140.99505,37.17728],[140.9953,37.17795],[140.99545,37.17834],[140.99568,37.17881],[140.99607,37.17944],[140.9964,37.17992],[140.9966,37.1802],[140.99697,37.18065],[140.99735,37.18111],[140.9976,37.18139],[140.99776,37.18158],[140.99816,37.18205],[140.99851,37.18256],[140.99872,37.18299],[140.99894,37.18355],[140.99902,37.18387],[140.99905,37.18403],[140.99934,37.18581],[140.99938,37.18601],[140.99942,37.18617],[140.99944,37.18626],[140.99947,37.18646],[140.99949,37.18669],[140.9995,37.1869],[140.99957,37.18725],[140.99979,37.18833],[140.99989,37.18867],[140.99996,37.18893],[141.00001,37.18941],[141.00007,37.18988],[141.00012,37.19009],[141.00039,37.19081],[141.00054,37.19113],[141.00079,37.19161],[141.001,37.19208],[141.00123,37.1927],[141.00135,37.19311],[141.00146,37.19353],[141.00148,37.19387],[141.00148,37.19388],[141.00147,37.19406],[141.00142,37.19462],[141.00135,37.19505],[141.00127,37.19536],[141.00121,37.19557],[141.00109,37.19589],[141.00108,37.19591],[141.00072,37.19653],[141.00037,37.19704],[141.00012,37.19734],[140.99984,37.19762],[140.99936,37.19805],[140.99699,37.20009],[140.9966,37.2005],[140.99644,37.20075],[140.99615,37.20128],[140.99597,37.20161],[140.99581,37.20202],[140.99566,37.2024],[140.99558,37.20271],[140.9955,37.20304],[140.99543,37.20365],[140.99535,37.20463],[140.99535,37.20506],[140.99535,37.20549],[140.99539,37.20584],[140.99539,37.20587],[140.99546,37.20633],[140.99551,37.2065],[140.99559,37.20669],[140.99588,37.20725],[140.99617,37.20779],[140.99647,37.20831],[140.9966,37.20853],[140.99841,37.211]],[[140.20555,36.07725],[140.20541,36.077],[140.20526,36.07671],[140.20513,36.07644],[140.20504,36.07624],[140.20493,36.07603],[140.20482,36.07583],[140.20478,36.07573],[140.20472,36.07562],[140.20463,36.07543],[140.20456,36.0753],[140.20397,36.07418],[140.20375,36.0738],[140.20361,36.0736],[140.20339,36.07327],[140.20319,36.07303],[140.20291,36.07274],[140.2027,36.07258],[140.20241,36.07235],[140.20212,36.07214],[140.20199,36.07204],[140.20147,36.07169],[140.20053,36.07111],[140.19994,36.07074],[140.19965,36.07056],[140.19939,36.0704],[140.19814,36.06962],[140.19792,36.06948],[140.19765,36.06931],[140.19735,36.06912],[140.19728,36.06907],[140.19644,36.06855],[140.19563,36.06804],[140.19558,36.06801],[140.19547,36.06795],[140.19534,36.06786],[140.19506,36.06769],[140.19421,36.06716],[140.19338,36.06666],[140.19326,36.0666],[140.19308,36.06649],[140.19209,36.06591],[140.19173,36.06569],[140.19139,36.06551],[140.19122,36.06541],[140.19039,36.06493],[140.18974,36.06451],[140.18929,36.06416],[140.18892,36.06378],[140.18888,36.06371],[140.1887,36.06348],[140.18843,36.0631],[140.18833,36.06292],[140.18817,36.06259],[140.18799,36.06216],[140.18787,36.06173],[140.18765,36.06067],[140.18756,36.06015],[140.18744,36.05955],[140.18735,36.05909],[140.18723,36.05863],[140.1871,36.05826],[140.18705,36.05812],[140.18686,36.05773],[140.18675,36.05752],[140.18663,36.05732],[140.18657,36.05723],[140.18627,36.05685],[140.18611,36.05667],[140.18581,36.05638],[140.18561,36.05617],[140.18499,36.05553],[140.18482,36.05535],[140.18429,36.05482],[140.18396,36.05447],[140.18373,36.05425],[140.18339,36.05389],[140.18248,36.05286],[140.18164,36.05173],[140.18058,36.05031],[140.18052,36.05023],[140.17897,36.04812],[140.17837,36.0473],[140.17827,36.04717],[140.17796,36.04677],[140.17782,36.04657],[140.17629,36.04452],[140.17594,36.04404],[140.17572,36.04373],[140.17522,36.04306],[140.17495,36.04269],[140.17471,36.04238],[140.17429,36.04179],[140.17394,36.04134],[140.17372,36.04103],[140.17353,36.0408],[140.17324,36.0404],[140.17316,36.04029],[140.17305,36.04014],[140.1729,36.03995],[140.17248,36.03937],[140.17168,36.03827],[140.17138,36.03786],[140.17133,36.03778],[140.17125,36.03768],[140.17073,36.03698],[140.17019,36.03624],[140.17014,36.03619],[140.16985,36.03579],[140.16979,36.03572],[140.16911,36.0348],[140.16901,36.03468],[140.1678,36.03303],[140.1676,36.03275],[140.16732,36.03239],[140.16711,36.03209],[140.1668,36.03168]],[[140.96953,37.70349],[140.97063,37.70218]],[[140.9963,37.56242],[140.99642,37.56342],[140.99643,37.56353]],[[140.03942,35.87256],[140.0398,35.87256],[140.04082,35.87252],[140.041,35.87252],[140.04213,35.87248]],[[141.00214,37.2584],[141.00064,37.25999],[140.99981,37.26087],[140.99925,37.26143],[140.99793,37.26276],[140.99717,37.26353],[140.99704,37.26367],[140.99659,37.26459],[140.99601,37.26581],[140.99576,37.26642],[140.99535,37.26755],[140.99529,37.26783],[140.99527,37.26799],[140.99526,37.26833],[140.99526,37.26869],[140.9953,37.26897],[140.99535,37.26925],[140.99544,37.26956],[140.99556,37.26989],[140.99567,37.27016],[140.9958,37.27044],[140.99587,37.27056],[140.99599,37.27079],[140.99613,37.27103],[140.99617,37.2711],[140.99631,37.27131],[140.99633,37.27135],[140.99637,37.2714],[140.99659,37.27177],[140.99692,37.27225],[140.99704,37.27243],[140.99774,37.27342],[140.99779,37.27349],[140.99817,37.27402],[140.99833,37.27424],[140.99866,37.27471],[140.9988,37.27491],[140.99927,37.27558],[140.99994,37.27649],[141.00084,37.27775],[141.0016,37.27881],[141.002,37.2794],[141.00241,37.28023],[141.00264,37.28087],[141.00272,37.28112],[141.00275,37.2813]],[[139.90039,35.78349],[139.90096,35.78496],[139.90113,35.78574]],[[140.68525,36.67053],[140.68664,36.67223]],[[140.89063,37.05819],[140.88949,37.05818],[140.88922,37.05817],[140.88904,37.05814],[140.8889,37.05813],[140.88841,37.05806],[140.88795,37.05798],[140.88763,37.05789],[140.88738,37.05783],[140.88658,37.05761],[140.88552,37.05732],[140.88473,37.05705],[140.88426,37.05689],[140.88297,37.05651],[140.88191,37.05621],[140.8811,37.05596],[140.87959,37.0555],[140.87926,37.0554]],[[140.66247,36.59171],[140.66113,36.58894]],[[141.0053,37.45293],[141.00641,37.45454]],[[140.9008084,37.9245873],[140.8995019,37.9272961],[140.898911,37.9285291],[140.8987183,37.9290025],[140.8985498,37.9295016],[140.8984002,37.9300691],[140.8982891,37.9305972],[140.8982433,37.9308732],[140.8982173,37.9310823],[140.8981863,37.9313692],[140.8981676,37.93185],[140.8981669,37.9323224],[140.8981902,37.9328102],[140.8982396,37.9332097],[140.898331,37.9337463],[140.8984228,37.9341492],[140.8985761,37.9347093],[140.8989105,37.9359502],[140.8992949,37.9373806],[140.899423,37.9378983],[140.8995427,37.9385269],[140.8996566,37.9392541],[140.8997338,37.939979],[140.8997497,37.9403901],[140.8997734,37.9409266],[140.8997576,37.9413958],[140.8997246,37.9421497],[140.8996858,37.9425224],[140.899654,37.9427591],[140.8996114,37.9430958],[140.8994974,37.9437511],[140.8993526,37.9444292],[140.8991841,37.9450718],[140.8989931,37.9456814],[140.8987222,37.9464219],[140.8984011,37.9471696],[140.898087,37.9478091],[140.8976824,37.9485693],[140.8973213,37.9491465],[140.8969085,37.9497663],[140.8960576,37.9509209],[140.8946802,37.9527614],[140.8941231,37.9535172],[140.8935232,37.9543381],[140.8930091,37.955105],[140.8926096,37.9557873],[140.8923779,37.9562201],[140.8919404,37.9571168],[140.891616,37.9579261],[140.8914028,37.9585237],[140.8907182,37.9606764],[140.8900581,37.9627687],[140.8893688,37.9649549],[140.8891404,37.9658285]],[[140.86437,38.11279],[140.86294,38.11094]],[[139.80449,35.74835],[139.80479,35.74934]],[[140.87926,37.0554],[140.87573,37.05431],[140.87418,37.05385],[140.87354,37.05367],[140.87304,37.05349],[140.87239,37.05323],[140.87162,37.05286],[140.87103,37.05248],[140.87038,37.05199],[140.86985,37.05155],[140.86947,37.05122],[140.86896,37.05076],[140.86826,37.05004],[140.86746,37.04919],[140.86608,37.04773],[140.86504,37.04663],[140.86426,37.04581],[140.86214,37.04355],[140.86064,37.04197],[140.85918,37.04042],[140.85828,37.03948],[140.85805,37.03924],[140.85773,37.0389],[140.85597,37.03708],[140.8556,37.03669]],[[140.30302,36.34919],[140.30175,36.3482],[140.30117,36.34767],[140.30081,36.34724],[140.30049,36.34681],[140.30016,36.3463],[140.29985,36.34569],[140.29959,36.34505],[140.29934,36.3443],[140.29903,36.34321],[140.29866,36.34197],[140.29834,36.34098],[140.29808,36.34013],[140.29749,36.33827],[140.29691,36.3365],[140.29599,36.33363],[140.29562,36.33244],[140.29522,36.3312],[140.29507,36.33071],[140.29479,36.32984],[140.29462,36.32932],[140.29395,36.32717],[140.29339,36.32536],[140.29285,36.32366],[140.29273,36.32327],[140.29237,36.32213],[140.2919,36.3207],[140.29138,36.31903],[140.29066,36.31677],[140.29026,36.31555],[140.28998,36.31462],[140.28978,36.31395],[140.28937,36.31265],[140.28895,36.31155],[140.28834,36.31037],[140.28806,36.30994],[140.28766,36.30937],[140.28725,36.30887],[140.28586,36.30725],[140.28515,36.30643],[140.2848,36.306],[140.28372,36.30477],[140.28319,36.30416],[140.28293,36.30385],[140.2823,36.30313],[140.28086,36.30147],[140.28021,36.30073],[140.27954,36.29994],[140.27895,36.29928],[140.2783,36.29852],[140.27795,36.2981],[140.27747,36.29743],[140.27713,36.29687],[140.27687,36.29638]],[[139.77817,35.73323],[139.77839,35.7332],[139.77886,35.73314],[139.77895,35.73313],[139.77958,35.73303],[139.77991,35.73299],[139.78044,35.73292],[139.78065,35.73289],[139.78125,35.73281],[139.78154,35.73277],[139.78233,35.73266],[139.78266,35.73261],[139.78386,35.73245],[139.78416,35.73241],[139.78491,35.73232],[139.7852,35.73228],[139.7866,35.7321],[139.78665,35.73209],[139.78684,35.73207],[139.78711,35.73203],[139.78841,35.73184],[139.78867,35.73181],[139.78893,35.73178],[139.78971,35.73168],[139.79122,35.73146],[139.79136,35.73144],[139.79152,35.73142],[139.79168,35.7314],[139.79203,35.73136],[139.7925,35.7313],[139.79269,35.73128],[139.79496,35.73098],[139.7953,35.73095],[139.79558,35.73096],[139.79612,35.73102],[139.7965,35.73112],[139.79689,35.7313],[139.79712,35.73142],[139.79748,35.73165],[139.79794,35.73202],[139.79822,35.73228],[139.79831,35.73237],[139.79848,35.73256],[139.79865,35.73278],[139.7989,35.73314],[139.79925,35.73366]],[[140.30745,36.35106],[140.3046,36.34986]],[[140.9955,37.17247],[140.9958,37.17182]],[[141.0077553,37.2427025],[141.0073806,37.2407745],[141.0074768,37.2427403]],[[140.27898,36.19266],[140.28011,36.19098],[140.28021,36.19083],[140.28055,36.19033]],[[140.56517,36.46483],[140.56476,36.46451],[140.56353,36.46357],[140.56335,36.46342],[140.56183,36.46223],[140.56141,36.4619],[140.56035,36.46108],[140.55864,36.45973],[140.55728,36.45868],[140.55672,36.45824],[140.55591,36.45761],[140.55489,36.4568],[140.55485,36.45677],[140.55399,36.45599],[140.55374,36.45572],[140.55334,36.45529],[140.55303,36.45491],[140.5528,36.45462],[140.55258,36.45433],[140.55196,36.45337],[140.55175,36.45304],[140.551,36.45187],[140.55003,36.45029],[140.54906,36.4487],[140.54878,36.44824],[140.5482,36.44728],[140.5479,36.4468],[140.54741,36.44602],[140.54644,36.44444],[140.54578,36.4434],[140.54536,36.44271],[140.54531,36.44263],[140.54521,36.44246],[140.54514,36.4423],[140.54504,36.44208],[140.54465,36.44107],[140.54407,36.43955],[140.5434,36.43788],[140.54278,36.43627],[140.54208,36.43445],[140.5416,36.43325],[140.54142,36.43279],[140.54114,36.43207],[140.54086,36.43133]],[[140.86095,38.04034],[140.86163,38.03942]],[[140.1578,36.00617],[140.15796,36.00648],[140.15804,36.00665],[140.15818,36.00702],[140.15841,36.00764],[140.15855,36.00805],[140.15879,36.00882]],[[140.78599,36.88481],[140.78483,36.88683],[140.78312,36.8898],[140.78134,36.89295],[140.78132,36.89299],[140.78026,36.89477],[140.78007,36.89521],[140.77993,36.89553],[140.77991,36.89564],[140.77986,36.89584],[140.77983,36.89607],[140.77982,36.89614],[140.77981,36.89631],[140.77986,36.89679],[140.7799,36.89701],[140.77999,36.89748],[140.78005,36.89774],[140.78014,36.89805],[140.78036,36.89854],[140.78068,36.89905],[140.78099,36.89947],[140.78149,36.90012],[140.78183,36.90053],[140.78273,36.90164],[140.78354,36.90266],[140.78457,36.90392],[140.78527,36.90481],[140.78581,36.90549],[140.78711,36.90711],[140.78829,36.90858],[140.78898,36.90943],[140.78919,36.90969],[140.78953,36.91011],[140.79077,36.91166],[140.79098,36.91193],[140.79197,36.91315],[140.79298,36.91438],[140.79379,36.91537],[140.795,36.91689],[140.79557,36.9176],[140.79572,36.91778],[140.796,36.91816],[140.79614,36.91838],[140.79625,36.91865],[140.79631,36.91889],[140.79641,36.91922],[140.79646,36.91978],[140.79649,36.92005]],[[140.14088,35.97366],[140.14086,35.97339],[140.14081,35.97293],[140.14064,35.97122],[140.14037,35.96835],[140.14021,35.96655],[140.14009,35.96555],[140.14007,35.96537],[140.13992,35.96378],[140.13962,35.9608],[140.13946,35.95902],[140.13929,35.9572],[140.13925,35.95676],[140.13905,35.95475],[140.1389,35.95299],[140.13858,35.94968],[140.13853,35.9492],[140.13835,35.94726],[140.13824,35.94594],[140.13822,35.94571],[140.13821,35.94551],[140.13816,35.94462],[140.13815,35.94404],[140.13817,35.94259],[140.13819,35.94082],[140.13821,35.93879],[140.13823,35.93837],[140.13824,35.93799],[140.13827,35.93566],[140.1383,35.93301],[140.13829,35.93183],[140.13828,35.93158],[140.13828,35.93123]],[[139.77598,35.73354],[139.77771,35.73329],[139.77817,35.73323]],[[141.00263,37.2836],[141.00278,37.28293],[141.00283,37.28245],[141.00284,37.28199],[141.0028,37.28158],[141.00275,37.2813]],[[139.98868,35.87562],[139.99026,35.87525],[139.99253,35.87473],[139.99285,35.87465],[139.99578,35.87393],[139.99674,35.87372],[140.00092,35.8728],[140.00234,35.8725],[140.0037,35.87232],[140.00481,35.8723],[140.00584,35.87239]],[[139.86926,35.76941],[139.86913,35.76939],[139.86804,35.76917],[139.86639,35.7689],[139.86543,35.76877],[139.86453,35.76867],[139.86338,35.76858],[139.86007,35.76828],[139.85877,35.76814],[139.85778,35.76803],[139.85645,35.76791],[139.8558,35.76785],[139.85337,35.76764],[139.85165,35.76747],[139.8516,35.76746],[139.85051,35.76737],[139.8499,35.76729],[139.84937,35.76718],[139.84905,35.76712],[139.8487,35.76702],[139.8486,35.76697]],[[140.85479,38.06682],[140.85484,38.06648],[140.8549,38.06602],[140.85494,38.06574],[140.85495,38.06569],[140.85523,38.06362],[140.85536,38.0626],[140.85555,38.06122],[140.85565,38.06053],[140.85598,38.05803],[140.85603,38.05764],[140.85615,38.0568],[140.85638,38.05509],[140.85645,38.05459],[140.85669,38.05274],[140.85678,38.052],[140.85711,38.04976],[140.85726,38.04868],[140.8573,38.04839],[140.8575,38.04691],[140.85771,38.04553],[140.85782,38.04513],[140.85791,38.04489],[140.85821,38.04429],[140.85843,38.04388],[140.85867,38.04352],[140.8597,38.04209],[140.86071,38.04066],[140.86095,38.04034]],[[141.00641,37.45454],[141.00689,37.45526],[141.00723,37.45577],[141.00737,37.45599],[141.00743,37.45609],[141.00767,37.45646],[141.00823,37.45732],[141.00879,37.45816],[141.00881,37.45819],[141.00915,37.45872],[141.00927,37.45897],[141.00936,37.45924],[141.00941,37.45952],[141.00942,37.46012],[141.00939,37.46043],[141.00935,37.46072],[141.00908,37.4624],[141.0089,37.46356],[141.00871,37.46472],[141.00866,37.465],[141.00849,37.46596],[141.00831,37.46705],[141.00823,37.4675],[141.00809,37.46826],[141.00792,37.46929],[141.00776,37.47021],[141.00754,37.47153],[141.00746,37.47195],[141.00741,37.47239],[141.00741,37.47259],[141.00728,37.47427],[141.00726,37.47456],[141.00723,37.47479],[141.00717,37.47511],[141.00709,37.47539],[141.00698,37.47571],[141.00696,37.47576],[141.00673,37.47638],[141.00668,37.47648],[141.00652,37.4768],[141.00633,37.47709],[141.00621,37.47727],[141.00556,37.47806],[141.00515,37.47857],[141.00458,37.47927],[141.00414,37.47979],[141.00338,37.48071],[141.00215,37.48219],[141.00143,37.48308],[141.00057,37.48415],[140.99982,37.48507],[140.99899,37.48607],[140.99875,37.48637],[140.99803,37.48721],[140.99775,37.48753],[140.99751,37.48776],[140.99715,37.48808],[140.99685,37.48837],[140.99659,37.48857],[140.99603,37.48886],[140.99408,37.48992],[140.99105,37.49155]],[[140.41333,36.3815],[140.41179,36.3813],[140.41147,36.38126],[140.40873,36.38086],[140.4046,36.38031],[140.39759,36.37935],[140.39022,36.37837],[140.38448,36.37758],[140.38185,36.3772],[140.37666,36.37649],[140.3755,36.37633],[140.37185,36.37582],[140.37169,36.37579],[140.37162,36.37578],[140.37132,36.37572],[140.36812,36.37529],[140.36541,36.37492],[140.36407,36.37473],[140.36379,36.37466],[140.36321,36.37446],[140.36266,36.37423],[140.36092,36.37352],[140.35928,36.37282],[140.35753,36.3721],[140.35593,36.37141],[140.35394,36.37061],[140.35383,36.37056]],[[140.93426,37.7566],[140.93506,37.75566]],[[140.74721,36.79105],[140.74802,36.79139],[140.74873,36.7917],[140.74921,36.79192],[140.74977,36.7922],[140.75025,36.7925],[140.75061,36.79277],[140.75082,36.79293],[140.75166,36.79376],[140.75237,36.79447],[140.75323,36.79535],[140.75363,36.79578],[140.75393,36.79612],[140.75434,36.79658],[140.75457,36.79687],[140.75479,36.79715],[140.75515,36.79767],[140.75576,36.7986],[140.75662,36.80007],[140.75792,36.80235],[140.75816,36.80278],[140.75926,36.80469],[140.76042,36.80673],[140.76061,36.80708],[140.76148,36.80865],[140.76164,36.80894],[140.76287,36.81119],[140.76408,36.81341],[140.76451,36.81419],[140.7649,36.81486],[140.76539,36.81574],[140.76577,36.81639],[140.7662,36.81712],[140.76681,36.81819],[140.76712,36.81872],[140.76752,36.81935],[140.76785,36.81987],[140.76827,36.82044],[140.76843,36.82064],[140.76876,36.82104],[140.76917,36.82148],[140.77037,36.82273],[140.77055,36.82293],[140.77117,36.82357],[140.77189,36.82434],[140.7724,36.82486],[140.77333,36.82586],[140.77352,36.82605],[140.77413,36.8267],[140.77456,36.82719],[140.77493,36.82767],[140.77525,36.82816],[140.77545,36.8285],[140.77564,36.82892],[140.77582,36.82957],[140.77597,36.8301],[140.77607,36.83061],[140.77615,36.83127],[140.77619,36.83161],[140.77647,36.83384],[140.77678,36.83646],[140.77731,36.84038],[140.7775,36.84195],[140.77755,36.84235],[140.77778,36.84425],[140.77792,36.84532]],[[140.35143,36.36953],[140.34962,36.36875],[140.34846,36.36827],[140.34735,36.3678]],[[139.92159,35.8264],[139.92165,35.82653],[139.92189,35.82699],[139.92235,35.82765],[139.92246,35.82779],[139.92308,35.82858],[139.92337,35.8289],[139.92455,35.82996],[139.92547,35.83059],[139.92628,35.83102],[139.92724,35.8315],[139.92835,35.83205],[139.92967,35.83266]],[[140.67494,36.63777],[140.6746,36.63888],[140.67401,36.64067],[140.67359,36.64205],[140.67349,36.64259],[140.67346,36.64302],[140.67347,36.64334],[140.67356,36.64417],[140.67369,36.6446],[140.67387,36.64506],[140.67406,36.64544],[140.67549,36.64747],[140.67597,36.64814],[140.67619,36.64843],[140.67645,36.64877],[140.67663,36.64899],[140.67684,36.64926],[140.67712,36.64956],[140.67768,36.65008],[140.67821,36.65051],[140.67975,36.65163],[140.68041,36.65218],[140.68087,36.65257],[140.68103,36.65275],[140.68144,36.6534],[140.68183,36.65403],[140.68232,36.65482],[140.68257,36.6553],[140.68271,36.65557],[140.68295,36.65614],[140.68307,36.65658],[140.68311,36.65684],[140.68313,36.65721],[140.68315,36.65756],[140.68312,36.65794],[140.68306,36.65828],[140.68287,36.65907],[140.68264,36.65993],[140.68256,36.66026],[140.68252,36.66053],[140.68252,36.66093],[140.68253,36.66113],[140.68254,36.66128],[140.68304,36.66475],[140.68322,36.66608],[140.68334,36.66693],[140.68344,36.66737],[140.68358,36.66777],[140.68377,36.66817],[140.68409,36.66871],[140.68469,36.66981],[140.68488,36.67009],[140.68525,36.67053]],[[140.78599,36.88481],[140.78642,36.88406],[140.78672,36.88356],[140.78706,36.88292],[140.78727,36.88245]],[[139.88903,35.76956],[139.88956,35.76977],[139.8914,35.7703],[139.89154,35.77034],[139.89174,35.7704],[139.89219,35.77055],[139.89347,35.7709]],[[140.92593,37.80179],[140.92619,37.80099],[140.92648,37.80017],[140.9266,37.79977],[140.9268,37.79901],[140.92689,37.79858],[140.92695,37.79819],[140.92699,37.79777],[140.927,37.79741],[140.92699,37.79711],[140.92697,37.79665],[140.92694,37.79626],[140.92686,37.79556],[140.92682,37.79503],[140.92669,37.79425],[140.92663,37.79393],[140.92654,37.79352],[140.92636,37.79288],[140.92615,37.79228],[140.92601,37.79192],[140.92582,37.79152],[140.92569,37.79124],[140.92543,37.79078],[140.92473,37.78953],[140.92468,37.78946],[140.92434,37.78889],[140.92315,37.78688],[140.92198,37.78485],[140.92082,37.78285],[140.92045,37.78223],[140.91998,37.78139],[140.91963,37.78079],[140.91917,37.77999],[140.91882,37.77936],[140.91846,37.77876],[140.91831,37.77849],[140.9181,37.77803],[140.91796,37.77758],[140.91787,37.77712],[140.91784,37.77671],[140.91789,37.77607],[140.91795,37.77573],[140.91806,37.77534],[140.91822,37.77486],[140.91833,37.77467],[140.91855,37.77434],[140.91874,37.77407],[140.91894,37.77376],[140.91928,37.7734],[140.91957,37.77308],[140.91987,37.77274],[140.92155,37.77082],[140.92332,37.7688],[140.92512,37.76676],[140.92602,37.76574],[140.92695,37.76471],[140.92881,37.76267],[140.93061,37.76067],[140.93137,37.75979],[140.93257,37.75847],[140.93275,37.75827],[140.93404,37.75686],[140.93426,37.7566]],[[140.71708,36.71549],[140.7172,36.7168],[140.71732,36.71795],[140.71757,36.72032],[140.71784,36.72265],[140.71817,36.72499],[140.7183,36.72606],[140.71848,36.72747],[140.71857,36.72827],[140.7188,36.73021],[140.71884,36.73046],[140.7191,36.73265],[140.7192,36.73338],[140.71937,36.73489],[140.71946,36.73573],[140.71958,36.73659],[140.71969,36.73746],[140.71974,36.73781],[140.71979,36.73822],[140.71989,36.73877],[140.72003,36.73929],[140.72024,36.74002],[140.72038,36.74038],[140.72052,36.74072],[140.72068,36.74101],[140.72098,36.74143],[140.72172,36.74234],[140.72364,36.74451],[140.72451,36.74552],[140.72556,36.7467],[140.72577,36.74691],[140.7265,36.74774],[140.72687,36.74823],[140.7272,36.74873],[140.72743,36.74913],[140.72763,36.74947],[140.72783,36.74998],[140.72798,36.75039],[140.72819,36.75099],[140.72861,36.75221]],[[140.01224,35.87292],[140.01204,35.87292],[140.01073,35.8729],[140.00873,35.8727],[140.00861,35.87269]],[[140.13828,35.93123],[140.13815,35.93009],[140.13805,35.9298],[140.1378,35.92917],[140.13755,35.92864]],[[140.9482,37.07448],[140.95042,37.076],[140.95302,37.07778],[140.9541,37.07852],[140.95449,37.07879],[140.95564,37.07958],[140.95578,37.07968],[140.95609,37.07989],[140.95739,37.08077],[140.95771,37.08101],[140.95823,37.08147],[140.95971,37.08284],[140.9612,37.08416],[140.96268,37.08548],[140.96372,37.08641],[140.96375,37.08643],[140.96531,37.08787],[140.96594,37.08844],[140.96738,37.08977],[140.96884,37.09112],[140.97028,37.09242],[140.97168,37.09372],[140.97266,37.09462],[140.97312,37.09505],[140.97411,37.09596],[140.97556,37.09728],[140.97643,37.09808],[140.97697,37.09858],[140.97844,37.09992],[140.97868,37.10014],[140.9799,37.1013]],[[140.98415,37.52833],[140.98459,37.529]],[[139.8486,35.76697],[139.84756,35.76656],[139.84652,35.76609]],[[141.00292,37.25758],[141.00214,37.2584]],[[140.5669,36.46617],[140.56791,36.46696],[140.56891,36.46774],[140.57027,36.4688],[140.57046,36.46895],[140.57132,36.46961],[140.5715,36.46976],[140.57213,36.47025],[140.57293,36.47085],[140.5733,36.47115],[140.57404,36.47173],[140.57533,36.47271],[140.57628,36.47339],[140.57719,36.47402],[140.57862,36.4749],[140.58079,36.47626],[140.58091,36.47633],[140.58137,36.4766],[140.58239,36.47725],[140.58417,36.47835],[140.5863,36.47967],[140.5879,36.48068],[140.58822,36.48086],[140.58992,36.48193],[140.59105,36.48263],[140.59174,36.48313],[140.59261,36.48377],[140.59288,36.48395],[140.59308,36.48408],[140.59468,36.48514],[140.59647,36.48628],[140.5974,36.48685],[140.598,36.48722],[140.59881,36.48768],[140.59901,36.4878],[140.59996,36.48834],[140.60059,36.4887],[140.60213,36.48956],[140.60323,36.4902],[140.60341,36.49031],[140.60369,36.49047],[140.60549,36.4916],[140.60718,36.49266],[140.608,36.49316],[140.60832,36.49339],[140.60851,36.49353],[140.60869,36.49369],[140.60898,36.49397],[140.60916,36.4942],[140.6093,36.49441],[140.60935,36.49448],[140.60957,36.49485],[140.60976,36.49524],[140.60992,36.49571],[140.61001,36.49607],[140.61007,36.49645],[140.61008,36.49667],[140.61008,36.49674],[140.6102,36.49798],[140.6103,36.49918],[140.61036,36.49976],[140.61047,36.50035],[140.61057,36.50077],[140.61065,36.50108],[140.61081,36.50159],[140.61092,36.50188],[140.61101,36.5021],[140.61115,36.50237],[140.61115,36.50239],[140.61135,36.50268],[140.61169,36.50316],[140.61209,36.50356],[140.61241,36.50388],[140.61398,36.50517],[140.61455,36.50563],[140.61531,36.50628],[140.61572,36.50672],[140.61603,36.50705],[140.61632,36.50735],[140.61672,36.50787],[140.6172,36.50861],[140.61804,36.51012],[140.6189,36.51185]],[[140.04973,35.87543],[140.05028,35.87593],[140.05166,35.87802],[140.05186,35.87833],[140.05335,35.88054],[140.05379,35.8812],[140.05672,35.88562],[140.05904,35.88914],[140.06141,35.89275],[140.06171,35.89327],[140.06185,35.89351],[140.06241,35.89439]],[[140.82357,36.94405],[140.82397,36.94414],[140.82465,36.9443],[140.82562,36.94451],[140.82588,36.94457],[140.82711,36.94487],[140.82751,36.94501],[140.82826,36.94529],[140.83045,36.94602],[140.83213,36.94659],[140.83358,36.94711],[140.83456,36.94751],[140.83542,36.9479]],[[140.98441,37.41001],[140.98471,37.41057],[140.98495,37.41092],[140.98508,37.41106],[140.98542,37.41145],[140.98564,37.41165],[140.98661,37.4123],[140.98734,37.41274],[140.98745,37.4128],[140.98961,37.41402],[140.99659,37.4179],[140.99687,37.41808],[140.99893,37.41928],[140.99967,37.41973],[140.99999,37.41991],[141.00022,37.42005],[141.00047,37.42023],[141.00085,37.42051],[141.00096,37.42058],[141.00123,37.42082],[141.00146,37.42105],[141.00166,37.42127],[141.00187,37.4215],[141.00209,37.42179],[141.00226,37.42203],[141.0024,37.42227],[141.00253,37.42253],[141.00267,37.42285],[141.00276,37.4231],[141.00283,37.42329],[141.0029,37.42364],[141.00294,37.42387],[141.003,37.42439],[141.00299,37.42501],[141.00295,37.42541],[141.0029,37.42573],[141.00276,37.42634],[141.00269,37.42661],[141.00256,37.42692],[141.00225,37.42763],[141.00209,37.428],[141.00175,37.42876],[141.0017,37.42888],[141.00151,37.42931],[141.00138,37.42963],[141.00129,37.42989],[141.00124,37.43008],[141.0012,37.43029],[141.00117,37.43047],[141.00115,37.43068],[141.00112,37.43113],[141.0011,37.43134],[141.00101,37.43257],[141.00095,37.43332],[141.00087,37.43453],[141.00084,37.43495],[141.00081,37.43548],[141.00084,37.43587],[141.00088,37.43617],[141.00097,37.43659],[141.00161,37.4391],[141.00186,37.44006],[141.00206,37.4408],[141.00225,37.44163],[141.00246,37.44246],[141.00256,37.4429],[141.00292,37.44438],[141.00302,37.44478],[141.00313,37.44523],[141.00333,37.44604],[141.00353,37.44679],[141.0036,37.44705],[141.00365,37.44726],[141.0038,37.44781],[141.00385,37.44802],[141.00389,37.44822],[141.00405,37.44886],[141.00433,37.44999],[141.0046,37.45103],[141.00474,37.45155],[141.00484,37.45189],[141.005,37.45231],[141.00514,37.45261],[141.0053,37.45293]],[[140.06303,35.89535],[140.06241,35.89439]],[[140.8888263,37.9668089],[140.8884646,37.9677782],[140.8876369,37.9703892],[140.8870151,37.9723379],[140.8866045,37.9737073],[140.8865063,37.97407],[140.8864437,37.9744059],[140.886389,37.9747817],[140.8863561,37.9751483],[140.8863413,37.9756906],[140.8863618,37.9762096],[140.8864248,37.9766931],[140.8865321,37.9772782],[140.8867455,37.9780025],[140.8869874,37.9786199],[140.887398,37.9795436],[140.8886916,37.9825245],[140.890038,37.9856213],[140.8906531,37.9870112],[140.8912977,37.988498],[140.8916172,37.9892356],[140.8920029,37.9901277],[140.8921626,37.9905375],[140.8922899,37.990946],[140.8923738,37.9912665],[140.8924674,37.9916921],[140.8925393,37.9922377],[140.8925677,37.992616],[140.8925699,37.9930855],[140.8925588,37.9935033],[140.8925098,37.9939719],[140.8924162,37.9944623],[140.89231,37.9948],[140.89206,37.99563],[140.89121,37.99844],[140.89069,38.00017],[140.89019,38.00188]],[[140.98459,37.529],[140.98468,37.52917],[140.98492,37.52966],[140.98515,37.53021],[140.98532,37.53066],[140.98545,37.53115],[140.9855,37.53135],[140.9858,37.53242],[140.98592,37.53292],[140.98601,37.53326],[140.98624,37.53409],[140.98639,37.53463],[140.98647,37.53491],[140.98658,37.53537],[140.98662,37.53553],[140.98672,37.53587],[140.98673,37.53593],[140.98684,37.53633],[140.9869,37.53659],[140.987,37.53694],[140.98717,37.53741],[140.98732,37.53777],[140.98742,37.53803],[140.98767,37.53854],[140.98814,37.53935],[140.98818,37.53943],[140.98858,37.54002],[140.989,37.54066],[140.98957,37.54149],[140.99067,37.5431],[140.99113,37.54377],[140.99119,37.54385],[140.99185,37.54483],[140.99244,37.54566],[140.99285,37.5464],[140.99311,37.54698],[140.99323,37.54725],[140.99332,37.54745],[140.99355,37.54805],[140.99376,37.54876],[140.99402,37.54984],[140.99471,37.55274],[140.99489,37.55349],[140.99527,37.55509],[140.99549,37.55617],[140.9957,37.55736],[140.99587,37.55842],[140.99598,37.55948],[140.9963,37.56242]],[[140.9013008,37.9235709],[140.9008084,37.9245873]],[[140.9254565,37.8797247],[140.9248155,37.8815336],[140.9242441,37.8830369],[140.9232911,37.8857195],[140.9221617,37.8888732],[140.9219173,37.8895644],[140.9216636,37.8901771],[140.9209699,37.8916688],[140.9199207,37.8939316],[140.9187421,37.8964825],[140.9174633,37.8992492],[140.9168807,37.9004875],[140.9160117,37.9023591],[140.9150037,37.9045445],[140.9136202,37.9075362],[140.9133169,37.9081836],[140.9129733,37.908869],[140.9126009,37.9095544],[140.9123524,37.9099637],[140.9120188,37.910472],[140.9116214,37.9110318],[140.9114139,37.9113174],[140.9110007,37.9118329],[140.9107053,37.9121876],[140.9096454,37.9133439],[140.9068797,37.9163165],[140.9050304,37.9183106],[140.9034325,37.9200333],[140.9030381,37.9205157],[140.90263,37.9210728],[140.9023238,37.9215432],[140.9019851,37.9221571],[140.9013008,37.9235709]],[[140.28704,36.24653],[140.28735,36.24521],[140.28753,36.24455],[140.28799,36.24268],[140.28813,36.24217],[140.28836,36.2412],[140.28862,36.2401],[140.28899,36.23868],[140.28928,36.23749],[140.28958,36.23621],[140.28964,36.23579],[140.28962,36.23511],[140.28954,36.23439],[140.28944,36.23389],[140.28918,36.23302],[140.28851,36.23108],[140.28818,36.23009],[140.28739,36.22767],[140.28642,36.22477],[140.28521,36.22127],[140.28505,36.2208],[140.28493,36.22042],[140.28486,36.22023],[140.28391,36.21741],[140.28289,36.21436],[140.28124,36.20957],[140.28049,36.20736],[140.28022,36.20652],[140.27941,36.20415],[140.27923,36.20362],[140.2787,36.20205],[140.27829,36.2009],[140.27775,36.19932],[140.27757,36.19867],[140.2774,36.19799],[140.27734,36.19741],[140.27735,36.19654],[140.27744,36.19594],[140.27759,36.19537],[140.27778,36.19475],[140.27818,36.19403],[140.27861,36.19332],[140.27898,36.19266]],[[140.27616,36.29447],[140.27605,36.29396],[140.27598,36.29352],[140.27595,36.2929],[140.27595,36.29196],[140.276,36.29129],[140.27608,36.29062],[140.27623,36.28979],[140.27648,36.28881],[140.27684,36.28738],[140.27724,36.28578],[140.27807,36.28257],[140.27841,36.28124],[140.27902,36.27884],[140.2792,36.27813],[140.27951,36.27689],[140.27991,36.27534],[140.28032,36.27382],[140.28076,36.27204],[140.28123,36.27019],[140.28127,36.27001],[140.28191,36.26751],[140.28227,36.26608],[140.28267,36.26455],[140.28326,36.26218],[140.28359,36.26078],[140.28384,36.25989],[140.28423,36.25831],[140.28474,36.2562],[140.28489,36.25556],[140.2852,36.25426],[140.28544,36.25318],[140.28621,36.24967],[140.28651,36.24855]],[[139.79925,35.73366],[139.79964,35.73431],[139.80002,35.73499],[139.80032,35.73563]],[[140.35383,36.37056],[140.35143,36.36953]],[[140.6189,36.51185],[140.61937,36.51278],[140.61967,36.51339],[140.61997,36.514]]]},"properties":{"index":8,"operator_id":"jr_east","operator_name":"東日本旅客鉄道","line_name":"常磐線","component_count":2,"track_centerline_count":183,"color":"#6366F1","bbox":[139.76904,35.72734,141.0231,38.11279],"label":"8. 東日本旅客鉄道 / 常磐線"}},{"type":"Feature","id":"CONTINUITY_09","geometry":{"type":"MultiLineString","coordinates":[[[141.13235,38.95034],[141.13159,38.95231]],[[139.65666,35.85936],[139.65617,35.86017],[139.65575,35.86084],[139.65551,35.86123],[139.65532,35.86155],[139.65487,35.86222],[139.65392,35.86365],[139.65336,35.86448],[139.65267,35.8655],[139.65231,35.86603],[139.65214,35.86629],[139.65188,35.86664],[139.65158,35.86691],[139.65116,35.86734],[139.65072,35.86775],[139.65002,35.8684],[139.64947,35.86888],[139.64852,35.86971],[139.64652,35.8715]],[[141.1545,39.58146],[141.15475,39.58026]],[[140.49397,37.82504],[140.49279,37.82351]],[[140.76869,38.05952],[140.76875,38.05953],[140.7705,38.05981],[140.77239,38.06011],[140.77453,38.06045],[140.77624,38.06071],[140.77698,38.06082],[140.78015,38.06135],[140.78317,38.06181],[140.7858,38.06222],[140.78712,38.06243],[140.78844,38.06264],[140.7903,38.06293],[140.79208,38.06323],[140.79499,38.06368],[140.79584,38.06381],[140.798,38.06416]],[[141.12101,39.2804],[141.12015,39.27849],[141.11995,39.27803],[141.11871,39.27527],[141.11717,39.27188],[141.11703,39.27158],[141.11677,39.27101],[141.11662,39.27067],[141.11577,39.2688],[141.11563,39.26849],[141.1153,39.26775],[141.11495,39.267],[141.11457,39.26622],[141.11415,39.26548],[141.11398,39.26521],[141.11386,39.26504],[141.11294,39.26378],[141.11179,39.26225],[141.11098,39.26121],[141.11051,39.26057],[141.10901,39.25855],[141.10725,39.25623],[141.10679,39.25562],[141.1062,39.25482],[141.10554,39.25393],[141.10508,39.25333],[141.10475,39.25287],[141.10403,39.25183],[141.10309,39.25048],[141.10228,39.24932],[141.10185,39.24856],[141.1014,39.24763],[141.10094,39.24649],[141.10067,39.24573],[141.10025,39.24467],[141.09963,39.24313],[141.09897,39.24142],[141.09844,39.23991],[141.09827,39.23931],[141.09762,39.23709],[141.09709,39.2351],[141.09682,39.23404],[141.09668,39.23333],[141.09663,39.23292],[141.0966,39.23225],[141.09663,39.23135],[141.09675,39.23044],[141.09675,39.23042],[141.09703,39.22938],[141.09713,39.22916],[141.09734,39.22872]],[[139.77832,35.71559],[139.77606,35.7124],[139.77754,35.715]],[[140.81063,38.07971],[140.81153,38.08075],[140.81185,38.08114],[140.8128,38.08227],[140.81361,38.08321],[140.8146,38.08437],[140.81505,38.08485],[140.81534,38.08513],[140.81597,38.08559],[140.81655,38.08595],[140.81733,38.08632],[140.81758,38.08643],[140.81797,38.08656],[140.81855,38.0867],[140.81925,38.08685],[140.81986,38.08695],[140.82054,38.08704],[140.82109,38.08709],[140.82275,38.08722],[140.82429,38.08736],[140.82547,38.08749],[140.82703,38.08766],[140.82822,38.0878],[140.82841,38.08782],[140.82975,38.08795],[140.8312,38.0881],[140.83267,38.08823],[140.833,38.08826],[140.83402,38.08836],[140.83571,38.08853],[140.83708,38.08869],[140.8383,38.08884],[140.83872,38.08889],[140.83933,38.08896],[140.83962,38.089],[140.84064,38.08911],[140.84108,38.08916],[140.84151,38.08921],[140.84206,38.08933],[140.84254,38.08947],[140.84305,38.08965],[140.84362,38.08989],[140.84401,38.09008],[140.84423,38.09022],[140.84471,38.09056],[140.84526,38.09099],[140.84588,38.09152],[140.8465,38.09203],[140.84701,38.09249],[140.84735,38.09282],[140.84778,38.09329],[140.84819,38.09373],[140.84838,38.09394],[140.84887,38.09451],[140.84945,38.09515],[140.85028,38.09607],[140.85075,38.09659],[140.85114,38.09703],[140.85179,38.09775],[140.85197,38.09796]],[[140.88647,38.22812],[140.88674,38.22915],[140.88693,38.22993],[140.88703,38.23032],[140.88716,38.23087],[140.88734,38.23157],[140.88743,38.23186],[140.8875,38.23204],[140.88753,38.23211],[140.88754,38.23215],[140.88772,38.23249],[140.88796,38.23278],[140.88835,38.23314],[140.88876,38.23343],[140.88893,38.23355],[140.88897,38.23358],[140.88915,38.2337],[140.88942,38.23389],[140.88982,38.23417],[140.8899,38.23423],[140.89023,38.23446],[140.89063,38.23474],[140.89082,38.23485],[140.89097,38.23495],[140.89123,38.23511],[140.89147,38.23529],[140.89179,38.23553],[140.89227,38.23586],[140.89291,38.23631],[140.89348,38.23678],[140.8938,38.23713],[140.89409,38.23756],[140.89427,38.23791],[140.89439,38.23821],[140.89444,38.23853],[140.89446,38.23877],[140.89444,38.23907],[140.89436,38.23953],[140.89431,38.23976],[140.89395,38.241],[140.89365,38.24213],[140.89322,38.24361],[140.89317,38.24379],[140.89312,38.24398],[140.89289,38.24477],[140.89286,38.2449],[140.89281,38.24505],[140.89252,38.24611],[140.89232,38.24666],[140.89228,38.24675],[140.89224,38.24683],[140.89222,38.24687],[140.89219,38.24693],[140.89211,38.24706],[140.89165,38.24764],[140.8911,38.24819],[140.89084,38.24839],[140.89066,38.24853],[140.89011,38.24897],[140.88887,38.24992],[140.88765,38.25088],[140.88674,38.25156],[140.88535,38.25265],[140.88491,38.25297],[140.88456,38.25326],[140.88405,38.25373],[140.88361,38.25416],[140.88337,38.25443],[140.88318,38.25467],[140.88293,38.25501],[140.8829,38.25506],[140.88271,38.25543],[140.88258,38.25572],[140.88244,38.25611],[140.88241,38.25623],[140.88236,38.25645],[140.88232,38.25684],[140.8823,38.25717],[140.8823,38.25722],[140.88232,38.25767],[140.88234,38.25813]],[[141.15475,39.58026],[141.15491,39.57951],[141.15509,39.57851],[141.15517,39.57818],[141.15525,39.57776],[141.15555,39.57627],[141.1557,39.57545],[141.15594,39.57429],[141.15625,39.57272],[141.15656,39.57123],[141.15661,39.57098],[141.15666,39.57077],[141.15688,39.56966],[141.15712,39.56853],[141.15733,39.56752],[141.15748,39.56687],[141.15763,39.56599],[141.15782,39.56505],[141.15802,39.56406],[141.15827,39.56277],[141.15849,39.56166],[141.15859,39.5611],[141.15872,39.56047],[141.15887,39.55975],[141.15902,39.55907],[141.15919,39.5583],[141.15929,39.55773],[141.15942,39.55712],[141.15963,39.55616],[141.15969,39.55589],[141.1598,39.55531]],[[141.15865,38.76803],[141.15797,38.76696],[141.1578,38.7667],[141.15664,38.76492],[141.15488,38.76225],[141.1528,38.75904],[141.1526,38.75873],[141.15132,38.75674],[141.14941,38.75373],[141.1491,38.75333],[141.14877,38.75292],[141.14871,38.75283],[141.14863,38.75274],[141.14848,38.75259],[141.14769,38.75188],[141.14759,38.75179],[141.14594,38.75033],[141.14507,38.74953],[141.14479,38.74923],[141.14456,38.74889],[141.14426,38.74833],[141.14403,38.74785],[141.14391,38.74758],[141.14096,38.74087],[141.14075,38.74038],[141.14035,38.73945],[141.13856,38.73536],[141.13819,38.73452],[141.13644,38.73053],[141.13511,38.72753],[141.13498,38.72724],[141.13466,38.72651],[141.13323,38.72328],[141.13302,38.72286],[141.13273,38.72233],[141.13252,38.72199],[141.13103,38.71993],[141.1304,38.71908],[141.13032,38.71898],[141.13018,38.71879],[141.12971,38.71813],[141.12886,38.71693],[141.12852,38.71653],[141.12809,38.71607],[141.12765,38.71566],[141.12726,38.71532],[141.12687,38.71509],[141.12627,38.71477],[141.12563,38.71447],[141.12352,38.71363],[141.12152,38.71279],[141.12124,38.71264],[141.12102,38.71253],[141.12076,38.71241],[141.1206,38.71233]],[[139.69116,35.82721],[139.68967,35.82865]],[[140.39064,37.40473],[140.39074,37.40503],[140.39084,37.40552],[140.39099,37.40606],[140.39124,37.40684],[140.39169,37.40817],[140.39257,37.41074],[140.39266,37.41101],[140.39314,37.41246],[140.39452,37.41675],[140.39513,37.41854],[140.39522,37.41882],[140.39553,37.41971],[140.39658,37.42297],[140.39698,37.42437],[140.39706,37.42477],[140.39726,37.42602],[140.39727,37.42624],[140.39726,37.42628],[140.39718,37.42666],[140.39711,37.427],[140.39693,37.4277],[140.3968,37.428],[140.39646,37.42855],[140.3961,37.42901],[140.39561,37.42951],[140.3951,37.42991],[140.39478,37.43013],[140.39392,37.43062],[140.39298,37.43125],[140.39268,37.43146],[140.39234,37.43176],[140.39203,37.43214],[140.39178,37.43256],[140.39155,37.43306],[140.39145,37.43341],[140.39138,37.43377],[140.39136,37.43394],[140.39131,37.43442],[140.39128,37.43556],[140.39128,37.43611],[140.39113,37.43894],[140.39111,37.4392],[140.39102,37.43969],[140.39088,37.44035],[140.39071,37.44088],[140.39046,37.44145],[140.3903,37.4418],[140.39027,37.44187],[140.38927,37.44404],[140.38898,37.44465],[140.38871,37.44522]],[[141.14667,39.65493],[141.14651,39.65257]],[[139.87679,36.49235],[139.87691,36.49298],[139.8771,36.49411],[139.87737,36.49546]],[[139.77486,35.70807],[139.77494,35.70854],[139.77495,35.70874],[139.77495,35.70897],[139.77493,35.70911],[139.77474,35.71056],[139.7747,35.71095],[139.77474,35.7112],[139.77482,35.71152],[139.77487,35.71163],[139.77507,35.71205]],[[141.07432,38.5135],[141.07552,38.51191]],[[139.6721,36.03967],[139.67244,36.04157],[139.67248,36.04182],[139.67276,36.04372],[139.67283,36.04414],[139.67333,36.04726],[139.67384,36.05052],[139.67389,36.05078],[139.67392,36.05102],[139.67398,36.05136],[139.67466,36.05572],[139.67467,36.05579],[139.67511,36.05886],[139.6753,36.06015],[139.67551,36.06156],[139.67565,36.06211],[139.67577,36.06258],[139.67599,36.06311],[139.67626,36.06367],[139.6767,36.06452]],[[140.48364,37.65592],[140.48388,37.65517],[140.48401,37.65461],[140.4841,37.65404]],[[139.8084,36.3165],[139.8103,36.31972]],[[141.1463,39.14058],[141.14629,39.14125],[141.14628,39.14153],[141.14625,39.14307],[141.14625,39.14395],[141.14624,39.14434],[141.14623,39.14507],[141.14621,39.14631],[141.14621,39.14725],[141.14618,39.14798],[141.14609,39.14868],[141.14595,39.14971],[141.14589,39.15023],[141.14574,39.15101],[141.14553,39.1518],[141.14526,39.1527],[141.14512,39.15317],[141.14501,39.15351],[141.1447,39.15439],[141.14444,39.15506],[141.1439,39.15616],[141.14343,39.15718],[141.14308,39.15787],[141.1426,39.15863],[141.14174,39.16005],[141.14086,39.16147],[141.14074,39.16167],[141.14005,39.16281],[141.13931,39.164],[141.13869,39.16504],[141.13825,39.16575],[141.13718,39.16749],[141.13645,39.16865],[141.13594,39.16954],[141.13578,39.1698],[141.13432,39.17216],[141.13177,39.17636],[141.13086,39.17788],[141.13081,39.17797],[141.12799,39.18272],[141.12666,39.1849],[141.12498,39.18765],[141.12475,39.18802],[141.12413,39.18903],[141.12351,39.18966],[141.12297,39.19007],[141.12226,39.1905],[141.1215,39.19091],[141.12124,39.19103],[141.12017,39.19156],[141.11952,39.19189],[141.11893,39.19219],[141.11846,39.19247],[141.11782,39.19287],[141.11713,39.19339],[141.11661,39.19382],[141.11598,39.19447],[141.11541,39.19518],[141.11507,39.19561],[141.11355,39.19845]],[[140.1727,37.08104],[140.17309,37.08168],[140.1733,37.08212],[140.17343,37.08257],[140.17357,37.08336],[140.17383,37.08521],[140.17396,37.08608],[140.174,37.08641],[140.17402,37.08667],[140.17408,37.08702],[140.17418,37.08741],[140.17433,37.08771],[140.17463,37.08817],[140.17506,37.08867],[140.17517,37.08877],[140.17541,37.08898],[140.17569,37.08923],[140.17586,37.08935],[140.17611,37.08952],[140.17637,37.08969],[140.17673,37.0899],[140.17775,37.09029],[140.17886,37.09066],[140.18092,37.09133],[140.1813,37.0915],[140.18161,37.09165],[140.18191,37.09188],[140.18278,37.09269],[140.18318,37.09314],[140.18408,37.09419],[140.18433,37.09453]],[[139.76663,35.67955],[139.76728,35.68105],[139.76778,35.68294]],[[139.6668,36.01633],[139.66696,36.01923]],[[139.66231,35.82621],[139.66058,35.8273]],[[139.77865,35.72085],[139.77916,35.72034],[139.77936,35.71998],[139.77958,35.71951],[139.77972,35.71905],[139.77976,35.71871],[139.7797,35.71829],[139.77962,35.71797],[139.77936,35.71756],[139.77847,35.71646],[139.77764,35.71551],[139.77664,35.71439]],[[139.72748,35.76284],[139.72786,35.76246],[139.72829,35.76207],[139.72906,35.76152],[139.72963,35.76113],[139.73,35.76086],[139.73053,35.76049],[139.73119,35.76001],[139.73186,35.75955],[139.73236,35.75918],[139.73276,35.75886],[139.73325,35.75844]],[[139.72748,35.76284],[139.72684,35.76366],[139.72663,35.76395],[139.72603,35.76487]],[[139.77159,35.69345],[139.77185,35.69403],[139.77229,35.69494],[139.77268,35.69586],[139.7728,35.69635]],[[139.76208,36.25909],[139.76119,36.258],[139.76107,36.25785],[139.76012,36.2567]],[[141.14634,39.13788],[141.1463,39.14058]],[[139.7728,35.69635],[139.77309,35.69725],[139.77313,35.69743]],[[139.74475,35.74773],[139.74614,35.74696],[139.74666,35.74668],[139.74677,35.74662],[139.74711,35.74645]],[[139.73325,35.75844],[139.73352,35.75813],[139.73386,35.75769],[139.73415,35.75729],[139.73457,35.75665],[139.73528,35.75563],[139.73564,35.75512],[139.73615,35.75442],[139.73643,35.75406],[139.7371,35.75323],[139.73741,35.75288],[139.73769,35.75259],[139.7386,35.75162],[139.73901,35.75122],[139.73941,35.75091],[139.74,35.75053],[139.74034,35.75035],[139.74073,35.75013],[139.74096,35.75002],[139.741,35.75],[139.74133,35.74992],[139.74171,35.74979],[139.74234,35.74959],[139.74304,35.74943],[139.74378,35.74932],[139.74479,35.74924],[139.74677,35.74915],[139.74732,35.74912],[139.74743,35.74911],[139.74767,35.74909],[139.74796,35.74904],[139.74867,35.74887],[139.74909,35.74873],[139.74981,35.74846],[139.75145,35.74781]],[[140.39935,37.5127],[140.39932,37.51477]],[[139.64744,35.84466],[139.64766,35.84428],[139.64777,35.84405],[139.64811,35.84331],[139.6487,35.84219],[139.64932,35.84096],[139.6499,35.83984],[139.65078,35.83813],[139.6516,35.83655],[139.65163,35.83651],[139.6521,35.83578],[139.65243,35.83532],[139.65253,35.83518],[139.65279,35.83486],[139.65299,35.83457],[139.65341,35.83407],[139.65354,35.83389],[139.65363,35.83377],[139.65405,35.83321],[139.6544,35.83278],[139.65519,35.83178],[139.65522,35.83176],[139.65563,35.83122],[139.65569,35.83114],[139.65621,35.8305],[139.65652,35.83017],[139.65711,35.82958],[139.65744,35.82934],[139.65875,35.82849],[139.65903,35.82831],[139.65913,35.82824],[139.65932,35.82812],[139.65961,35.82793],[139.6602,35.82754],[139.66028,35.82749],[139.66056,35.8273],[139.66058,35.8273]],[[141.14131,39.095],[141.14158,39.09573],[141.14201,39.09691],[141.14221,39.0975],[141.14285,39.09922],[141.14381,39.10185],[141.14391,39.1021],[141.14437,39.10332],[141.14516,39.10547],[141.14573,39.10721],[141.1461,39.1084],[141.14634,39.10937],[141.14648,39.11033],[141.14654,39.11084],[141.14662,39.11158],[141.14666,39.11238],[141.14663,39.11464],[141.14659,39.11667],[141.14658,39.11818],[141.14655,39.11985],[141.14655,39.12019],[141.14652,39.12273],[141.1465,39.12426],[141.14649,39.12555],[141.14646,39.12745],[141.14647,39.12816],[141.14646,39.12886],[141.14645,39.1303],[141.14642,39.13257],[141.14638,39.13466],[141.14636,39.13639],[141.14634,39.13788]],[[139.62633,35.88008],[139.62641,35.87984],[139.6269,35.87855],[139.6273,35.87751],[139.62755,35.87683],[139.62783,35.87608],[139.62815,35.87516],[139.62864,35.87384],[139.6291,35.8726],[139.62944,35.87163],[139.62999,35.8702],[139.63074,35.86819]],[[141.16003,39.55421],[141.16007,39.55403],[141.1602,39.55333],[141.16033,39.55286],[141.16042,39.55238],[141.16057,39.55163],[141.16064,39.55127],[141.16079,39.55059],[141.16087,39.55023],[141.16103,39.54937],[141.16117,39.54871],[141.16121,39.54852],[141.16131,39.54803],[141.16149,39.54717],[141.16167,39.54619],[141.16176,39.54575],[141.16179,39.54562],[141.1619,39.54494],[141.16194,39.54449],[141.16194,39.54392],[141.16192,39.54354],[141.16189,39.54313],[141.16181,39.54275],[141.16172,39.54248],[141.16166,39.54214],[141.16149,39.5416],[141.16126,39.54084],[141.16103,39.54019],[141.16074,39.53937]],[[140.39003,37.40251],[140.39009,37.40279]],[[139.97851,36.63663],[139.97821,36.6383],[139.97813,36.63867],[139.97792,36.63971],[139.97766,36.64095],[139.97746,36.64175],[139.97722,36.64244],[139.97705,36.64282],[139.97701,36.64293],[139.97678,36.64337],[139.97656,36.6438],[139.97637,36.64417],[139.9761,36.64467],[139.9756,36.64553],[139.97488,36.64667],[139.97435,36.64747],[139.97376,36.64838],[139.97317,36.64927],[139.97258,36.65018],[139.97188,36.65126],[139.97155,36.65184],[139.97131,36.65227],[139.97078,36.65341],[139.97039,36.65469],[139.97018,36.65551],[139.97014,36.65566],[139.96988,36.65671],[139.96953,36.65816],[139.96923,36.65929],[139.96893,36.66044],[139.9687,36.66134],[139.96867,36.66145],[139.96836,36.66272],[139.96806,36.66388],[139.96791,36.66449],[139.96766,36.66555],[139.96741,36.66667],[139.96708,36.66776],[139.96671,36.66869],[139.96639,36.66979],[139.96637,36.66984],[139.96634,36.66994],[139.96633,36.66995],[139.96628,36.67008],[139.96592,36.67107],[139.96538,36.67248],[139.96531,36.67268],[139.96501,36.67354],[139.96461,36.67461],[139.96424,36.67567],[139.96402,36.67627],[139.96395,36.67647],[139.96391,36.67661],[139.96387,36.67671],[139.96382,36.67685],[139.96375,36.67705],[139.96358,36.67755],[139.96345,36.67786],[139.96327,36.67841],[139.96315,36.67875],[139.9631,36.67889],[139.96303,36.67908],[139.96289,36.67946],[139.96282,36.67968],[139.96255,36.68045],[139.96249,36.68057]],[[141.17948,38.83427],[141.18055,38.83246]],[[139.62797,35.88991],[139.6268,35.88827],[139.626,35.88712],[139.62561,35.88647],[139.62541,35.88603],[139.62527,35.88565],[139.62512,35.88504],[139.62505,35.88457],[139.62504,35.88417],[139.62509,35.88369],[139.62517,35.88326],[139.62539,35.88253],[139.62568,35.88177]],[[140.97842,38.29949],[140.97797,38.29944],[140.97724,38.29938],[140.97662,38.29933],[140.97577,38.29926],[140.97529,38.29922],[140.97463,38.29915],[140.97455,38.29915],[140.97397,38.2991],[140.97311,38.29902],[140.97256,38.29898],[140.97203,38.29894],[140.97143,38.29889],[140.9711,38.29886],[140.97075,38.29886],[140.97069,38.29886],[140.9701,38.29889],[140.96951,38.29892],[140.96914,38.29893],[140.96854,38.29897],[140.96803,38.29902],[140.96761,38.29906],[140.96712,38.29913],[140.96664,38.29921],[140.96618,38.29931],[140.96585,38.29939],[140.96555,38.29948],[140.96524,38.29959],[140.96484,38.29975],[140.96449,38.29993],[140.96405,38.30017],[140.96358,38.30041],[140.96328,38.30057],[140.96296,38.30071],[140.96258,38.30088],[140.96222,38.30103],[140.96197,38.30112],[140.96147,38.30128],[140.96076,38.30145],[140.96029,38.30153],[140.96016,38.30155],[140.95963,38.3016],[140.95912,38.30161],[140.95862,38.30159],[140.9582,38.30157],[140.9579,38.30153],[140.9575,38.30145],[140.95709,38.30138]],[[141.12058,39.32144],[141.1204,39.32386]],[[139.7766,35.71262],[139.77842,35.71511]],[[139.6676,35.84922],[139.66963,35.84745]],[[140.60378,37.93477],[140.60419,37.93427],[140.60458,37.9337],[140.60487,37.93312],[140.60501,37.9327],[140.60507,37.93234]],[[141.14862,39.68838],[141.14832,39.6892],[141.14803,39.68978],[141.14744,39.69064],[141.14699,39.69121],[141.14666,39.69162],[141.14661,39.69169],[141.14608,39.69229],[141.14528,39.69306],[141.14466,39.69362],[141.14293,39.69525],[141.14259,39.69553],[141.14232,39.69573],[141.14193,39.69596],[141.14151,39.69614],[141.14125,39.69632],[141.14093,39.69661],[141.14027,39.6973],[141.1399,39.6977],[141.13935,39.6983],[141.13915,39.69852],[141.1382,39.69952],[141.13802,39.69969]],[[139.63671,35.85455],[139.63709,35.85413],[139.63733,35.85388],[139.63808,35.8531]],[[140.65171,38.03566],[140.6524,38.03684],[140.65262,38.03717]],[[139.9449,36.75564],[139.94481,36.75576],[139.94473,36.75589],[139.94465,36.75602],[139.94456,36.75613],[139.94447,36.75627],[139.94443,36.75634],[139.94416,36.75673],[139.94364,36.75753],[139.9429,36.75864],[139.94289,36.75866],[139.94251,36.7592],[139.94236,36.75943],[139.94227,36.7596],[139.94155,36.76066],[139.94131,36.76102],[139.94057,36.76213],[139.94041,36.76238],[139.94022,36.76266],[139.939,36.76446],[139.93833,36.76549],[139.93758,36.76658],[139.93742,36.76682],[139.93677,36.76779],[139.93631,36.76847],[139.93568,36.76939],[139.93535,36.76993],[139.93523,36.77011],[139.9349,36.7706],[139.93481,36.77074],[139.93459,36.771],[139.93436,36.7713],[139.93408,36.77163],[139.93375,36.77203],[139.93254,36.77342],[139.93192,36.77415],[139.9313,36.77487],[139.9304,36.776],[139.93011,36.77641],[139.92979,36.77694],[139.92955,36.77733],[139.92935,36.77773],[139.92925,36.77793],[139.929,36.77862],[139.92875,36.77944],[139.92858,36.78024],[139.92849,36.7808],[139.92844,36.78115],[139.92839,36.78191],[139.92843,36.78267],[139.92849,36.78347],[139.92861,36.78463],[139.92885,36.78654],[139.92886,36.78664],[139.92896,36.78728],[139.92904,36.78785],[139.92905,36.78797],[139.92907,36.78813],[139.92926,36.78939],[139.92945,36.79057],[139.92959,36.79148],[139.92975,36.79248],[139.9298,36.79285],[139.92994,36.79373],[139.93001,36.79415],[139.93002,36.79425],[139.93003,36.79428],[139.93026,36.79577],[139.93034,36.79625],[139.93037,36.79648],[139.93042,36.7968],[139.93043,36.79683],[139.93052,36.79748],[139.93053,36.79751],[139.9306,36.79799],[139.93086,36.7996],[139.93088,36.79979],[139.93091,36.8],[139.93093,36.8001],[139.93108,36.80096],[139.93117,36.80142],[139.93129,36.80188],[139.93152,36.80263],[139.9325,36.8053],[139.93256,36.80546],[139.93261,36.80561]],[[140.05933,36.96915],[140.05902,36.96881],[140.05798,36.96762],[140.05746,36.96701],[140.0568,36.96626],[140.05493,36.96414],[140.05374,36.96283],[140.05198,36.9608],[140.051,36.95968],[140.05074,36.95938],[140.04892,36.95737],[140.04638,36.95503],[140.04392,36.95276],[140.04361,36.95247],[140.0407,36.94979],[140.03755,36.94692],[140.03658,36.94601],[140.03453,36.94408],[140.03166,36.94142],[140.02929,36.93921],[140.02851,36.93848],[140.02568,36.9359],[140.02472,36.93498],[140.02302,36.93345],[140.02193,36.93247]],[[141.12058,39.32144],[141.1208,39.31853],[141.12123,39.31244],[141.12136,39.31047],[141.1215,39.30864],[141.12156,39.30796],[141.12161,39.30719],[141.12169,39.30571],[141.1218,39.30407],[141.12189,39.30266],[141.12198,39.3014],[141.12201,39.30102],[141.12206,39.3004],[141.12213,39.29943],[141.12225,39.29809],[141.12234,39.29747],[141.1224,39.29644],[141.12246,39.29558],[141.12255,39.29456],[141.12263,39.29368],[141.12273,39.29241],[141.12275,39.29201],[141.12279,39.29111],[141.12289,39.28979],[141.12295,39.28854]],[[140.62608,38.00229],[140.62597,38.00175],[140.62576,38.00075],[140.62576,38.00072],[140.62555,37.99962],[140.62538,37.99876],[140.62537,37.99869],[140.62521,37.99783],[140.62514,37.99744],[140.62492,37.99639],[140.62454,37.99466],[140.62444,37.99415],[140.62414,37.9927],[140.62376,37.99087],[140.62353,37.9898],[140.62342,37.98927],[140.62311,37.98759],[140.62297,37.98692],[140.62276,37.98584],[140.62265,37.98526],[140.62245,37.98428],[140.62214,37.98288],[140.62185,37.98169],[140.62173,37.98128],[140.6216,37.98092],[140.62136,37.98032],[140.62089,37.97948],[140.6205,37.97878],[140.61906,37.9762],[140.61883,37.97581],[140.6185,37.97521],[140.61792,37.97419],[140.61692,37.97242],[140.61684,37.97228],[140.61675,37.97211],[140.61672,37.97207],[140.61593,37.97066],[140.61589,37.97062],[140.61582,37.97046],[140.61559,37.97009],[140.61466,37.9685],[140.61425,37.96776],[140.61345,37.9664],[140.61345,37.96636],[140.61343,37.96636],[140.61336,37.96622],[140.61323,37.96602],[140.61306,37.96573],[140.61302,37.96566],[140.613,37.96564],[140.61277,37.96524],[140.61259,37.9649],[140.61239,37.96454],[140.61223,37.96425],[140.61206,37.96396],[140.61161,37.96319],[140.61154,37.96305],[140.61147,37.96291],[140.61132,37.96256],[140.61133,37.96255],[140.61116,37.96218],[140.61114,37.96217],[140.61038,37.96049],[140.61021,37.96003],[140.6102,37.95998],[140.61015,37.95985],[140.61,37.95947],[140.60997,37.95938],[140.60995,37.95929],[140.60994,37.95928],[140.60971,37.95865],[140.60946,37.95811],[140.60925,37.95778],[140.60908,37.95754],[140.60873,37.95713],[140.60841,37.95682],[140.60779,37.95629],[140.60743,37.95603],[140.60727,37.95593],[140.60707,37.95581],[140.60651,37.95544],[140.60617,37.95519],[140.606,37.95505],[140.60555,37.95462],[140.60538,37.95443],[140.60508,37.95398],[140.60492,37.95369],[140.60483,37.95346],[140.60476,37.95319],[140.6047,37.95278],[140.60467,37.95196],[140.60465,37.95138],[140.60461,37.9506],[140.60456,37.95014],[140.60445,37.94973],[140.60432,37.94942],[140.60408,37.94902],[140.60389,37.94875],[140.6031,37.94746],[140.60251,37.94651],[140.60245,37.94641],[140.60199,37.94564],[140.60191,37.94548],[140.60186,37.9453],[140.60182,37.9451],[140.60181,37.94457],[140.60187,37.94344],[140.60191,37.94272],[140.60194,37.94239],[140.60199,37.94165],[140.60201,37.94107],[140.60205,37.94065],[140.60207,37.9401],[140.60212,37.93954],[140.60213,37.93927],[140.60219,37.93798],[140.60221,37.93797],[140.60221,37.93789],[140.6022,37.93788],[140.60221,37.93749],[140.60227,37.93712],[140.60234,37.93689],[140.60249,37.93657],[140.60265,37.93628],[140.60283,37.93601],[140.60286,37.93593],[140.6029,37.93588],[140.60315,37.93547],[140.60373,37.93482],[140.60378,37.93477]],[[140.95654,38.30125],[140.95498,38.30084],[140.95446,38.30072]],[[140.46837,37.61659],[140.46845,37.61679],[140.46906,37.61815],[140.46993,37.62015],[140.47082,37.62211],[140.47105,37.6225],[140.47153,37.6233],[140.47229,37.62494],[140.47232,37.625],[140.47375,37.62805],[140.47498,37.63071],[140.47518,37.63105],[140.47531,37.63126],[140.47554,37.63166],[140.47627,37.63294]],[[139.89938,36.56253],[139.89948,36.56297],[139.89954,36.56321],[139.89962,36.56356],[139.89967,36.56378],[139.90007,36.56546],[139.90053,36.56697],[139.90075,36.56748],[139.90086,36.56773],[139.90105,36.56806],[139.90136,36.56847],[139.90175,36.56891],[139.90178,36.56894],[139.90205,36.56919],[139.90255,36.5696],[139.90424,36.57075],[139.9081,36.57338],[139.91018,36.57481],[139.91157,36.57576],[139.91548,36.57847],[139.91848,36.58053],[139.91863,36.58064],[139.92229,36.58315],[139.9238,36.5842],[139.92608,36.58576],[139.92709,36.58647],[139.92868,36.58754],[139.93347,36.59083],[139.93557,36.59227],[139.93939,36.59489],[139.9395,36.59496],[139.94314,36.59746]],[[140.40005,37.54035],[140.40011,37.54053],[140.40038,37.54108],[140.40074,37.54173],[140.40099,37.54217],[140.4015,37.54289],[140.40161,37.54306],[140.40172,37.54319],[140.40206,37.54369],[140.40382,37.54601],[140.4059,37.54879],[140.4062,37.54929],[140.4063,37.54951],[140.40642,37.54983],[140.40649,37.55014],[140.40653,37.55031],[140.40655,37.55041],[140.40657,37.55096],[140.40657,37.55103],[140.40654,37.55152],[140.4064,37.55257],[140.40607,37.55493],[140.40602,37.55552],[140.40603,37.55609],[140.40615,37.55666],[140.40632,37.5572],[140.40662,37.55773],[140.40695,37.5582],[140.40738,37.55875],[140.40783,37.55913],[140.40832,37.55942]],[[140.47786,37.80049],[140.4775,37.79998],[140.47683,37.79904]],[[139.76716,35.68228],[139.76764,35.68359]],[[141.1161,38.87486],[141.11613,38.87517],[141.11616,38.87557],[141.11624,38.87631],[141.11633,38.87707],[141.11652,38.879],[141.11659,38.87987],[141.11667,38.88088],[141.11685,38.88326],[141.11701,38.88525],[141.11715,38.88679],[141.11718,38.8876],[141.11722,38.88801],[141.11727,38.88835],[141.11729,38.88841],[141.11742,38.88912],[141.1175,38.88948],[141.11768,38.88994],[141.11795,38.89036],[141.11838,38.89091],[141.11895,38.89151],[141.11994,38.89248],[141.12048,38.89299],[141.12098,38.89344]],[[139.95738,36.84285],[139.95696,36.84233],[139.95568,36.84092],[139.95431,36.83942],[139.9537,36.83876],[139.95288,36.83788],[139.95196,36.8368],[139.95164,36.83644],[139.95151,36.8363],[139.95047,36.83511],[139.95006,36.83464],[139.94991,36.83446],[139.94916,36.83353],[139.94901,36.83336],[139.94874,36.83302],[139.94865,36.8329],[139.9483,36.83246],[139.94792,36.83196],[139.94781,36.83179],[139.94772,36.8316],[139.9476,36.8313],[139.94748,36.83095],[139.94744,36.83072],[139.94737,36.83022],[139.94731,36.8285],[139.94726,36.8268],[139.94725,36.82623],[139.94719,36.82427]],[[141.09782,38.47362],[141.09759,38.47241],[141.09744,38.47166],[141.09728,38.47085],[141.09713,38.47012],[141.09698,38.46933],[141.09681,38.4685],[141.09666,38.46779],[141.09654,38.46709],[141.09635,38.46605],[141.09629,38.46577],[141.09613,38.46495],[141.09592,38.46383],[141.09574,38.46298],[141.09557,38.46211],[141.0955,38.46165],[141.0954,38.46104],[141.09531,38.46043],[141.09517,38.45964],[141.09495,38.45829],[141.09468,38.45685],[141.09466,38.45676],[141.09463,38.45659],[141.0943,38.45496],[141.09427,38.45482],[141.09405,38.45368],[141.09394,38.45307],[141.09383,38.45252],[141.09366,38.45159],[141.09334,38.44989],[141.09309,38.44871],[141.09292,38.44813],[141.09281,38.44783],[141.09249,38.44717],[141.09225,38.44673],[141.09189,38.44616],[141.09185,38.44608],[141.09125,38.44509],[141.09123,38.44505],[141.09102,38.44472],[141.09065,38.44412],[141.08963,38.44246],[141.08859,38.44081],[141.08839,38.4405],[141.08768,38.43938],[141.08669,38.43786],[141.08561,38.43622],[141.08506,38.4354],[141.08438,38.43435],[141.08392,38.43363],[141.08362,38.43313],[141.08328,38.43251]],[[139.74711,35.74645],[139.74755,35.74627],[139.74827,35.74593],[139.74865,35.74574],[139.74934,35.74526],[139.75007,35.74483],[139.75067,35.7445],[139.75165,35.74401],[139.75264,35.74354],[139.75371,35.74304],[139.75415,35.74282],[139.75461,35.74255],[139.75467,35.74251],[139.75487,35.74238],[139.75522,35.74217],[139.75658,35.74131],[139.75791,35.74047],[139.7585,35.74006]],[[141.14795,39.6136],[141.14752,39.61571],[141.14733,39.61668],[141.14724,39.61714],[141.14645,39.6212],[141.14638,39.6215],[141.14553,39.62591]],[[139.75145,35.74781],[139.75203,35.74757],[139.75265,35.74732]],[[140.58173,37.90876],[140.58023,37.90746]],[[140.88584,38.22579],[140.88646,38.22811],[140.88647,38.22812]],[[139.64652,35.8715],[139.64498,35.8729]],[[139.71007,36.19327],[139.71018,36.19286],[139.71083,36.19061],[139.71098,36.19007],[139.71117,36.18948],[139.7118,36.18732],[139.71193,36.1869],[139.7124,36.18524],[139.71262,36.18448],[139.71293,36.18338],[139.7134,36.18177],[139.7137,36.18078],[139.71386,36.1802],[139.7139,36.18004],[139.71396,36.17982],[139.71408,36.17935],[139.71418,36.17897],[139.71447,36.17799],[139.71452,36.17787],[139.71452,36.17779],[139.71453,36.17778],[139.71454,36.17776],[139.71472,36.17716],[139.71479,36.17694],[139.71495,36.17635],[139.71501,36.17618],[139.71527,36.1753],[139.71528,36.17529],[139.7153,36.17521],[139.71568,36.17391],[139.716,36.17283],[139.71658,36.17087],[139.71668,36.17053],[139.71688,36.16984],[139.71696,36.1696],[139.71753,36.16785],[139.71794,36.16595],[139.71801,36.16559],[139.71845,36.16358],[139.71859,36.16288],[139.71864,36.16233],[139.71864,36.16197],[139.71857,36.16161],[139.71843,36.16119],[139.71831,36.16094],[139.71808,36.16058],[139.71781,36.16023],[139.71717,36.15956],[139.71626,36.1588],[139.71503,36.15783],[139.71375,36.15677],[139.71222,36.15548],[139.71099,36.15438],[139.70957,36.15306],[139.70918,36.15272],[139.70842,36.15207],[139.7077,36.15156],[139.70709,36.15121],[139.70553,36.15037],[139.70509,36.15013],[139.70418,36.14963],[139.70108,36.14796],[139.70088,36.14785],[139.69843,36.14652],[139.69808,36.14632],[139.69753,36.14601],[139.69726,36.14585],[139.6968,36.14549],[139.69645,36.14515],[139.69609,36.14475],[139.69585,36.14448],[139.69567,36.14418],[139.69563,36.1441],[139.69553,36.14383],[139.69538,36.14329],[139.69523,36.14242],[139.69519,36.14222],[139.69475,36.13982],[139.69431,36.13721]],[[140.45563,37.72276],[140.4555,37.72204],[140.45541,37.72163],[140.4554,37.72158],[140.45534,37.72125],[140.45524,37.72071],[140.45521,37.72053],[140.45521,37.72046],[140.45514,37.71999],[140.45507,37.71951]],[[140.29933,37.15908],[140.29943,37.1594],[140.29952,37.15968],[140.2996,37.15997],[140.29969,37.16027],[140.29984,37.1608],[140.29985,37.16083],[140.2999,37.161],[140.29993,37.16112],[140.29995,37.1612],[140.3001,37.1617],[140.30029,37.16222],[140.30047,37.1628],[140.30064,37.16335],[140.30082,37.16391],[140.30091,37.16419],[140.30098,37.16446],[140.30108,37.16476],[140.30116,37.16507],[140.30125,37.16538],[140.30132,37.16565],[140.30149,37.16624],[140.30163,37.16671],[140.30176,37.16717],[140.30192,37.16766],[140.30209,37.16821],[140.30228,37.16876],[140.30246,37.16936],[140.30255,37.16963],[140.30258,37.16974],[140.30273,37.17039],[140.30274,37.17044],[140.30289,37.17095],[140.30317,37.17183],[140.3036,37.17322],[140.30389,37.1742],[140.30444,37.17606],[140.30464,37.17667],[140.30491,37.17754],[140.30518,37.17842],[140.30538,37.17896],[140.30546,37.17918],[140.30567,37.1797],[140.30583,37.18008],[140.30639,37.18118],[140.30681,37.18195],[140.30708,37.18244],[140.30749,37.18304],[140.30801,37.18374],[140.30834,37.18411],[140.3085,37.1843],[140.3092,37.18504],[140.30959,37.18547],[140.30986,37.18573],[140.31033,37.18619],[140.31047,37.18631],[140.31109,37.18686],[140.31133,37.18704],[140.31239,37.18786],[140.31346,37.18868],[140.31429,37.18932],[140.31507,37.18992],[140.31597,37.19062],[140.31611,37.19073],[140.31663,37.19112],[140.31746,37.19177],[140.31824,37.19236],[140.31876,37.19276],[140.31984,37.19358],[140.32064,37.1942],[140.32141,37.19479],[140.32192,37.19518],[140.32249,37.1956],[140.32299,37.19599],[140.32355,37.19642],[140.32403,37.19681],[140.32456,37.19727],[140.32501,37.19769],[140.32546,37.19817],[140.32588,37.19863],[140.32626,37.19915],[140.32646,37.19942],[140.32662,37.19966],[140.32691,37.20022],[140.32703,37.20049],[140.32743,37.20164],[140.32768,37.20247],[140.3278,37.20303],[140.32797,37.20392],[140.32806,37.20449],[140.3281,37.20477]],[[139.96171,36.68281],[139.96157,36.68315],[139.96124,36.68408],[139.96096,36.68482],[139.96073,36.68548],[139.96031,36.68664],[139.95996,36.68749],[139.95973,36.68798],[139.95969,36.68806],[139.95937,36.68885],[139.95918,36.68928],[139.95901,36.68968],[139.9588,36.69019],[139.95875,36.69029],[139.95857,36.69071],[139.9584,36.6911],[139.95815,36.69168],[139.95761,36.69295],[139.95747,36.69327],[139.95741,36.6934],[139.95734,36.69361],[139.9573,36.69373],[139.95704,36.69474],[139.95689,36.69539],[139.95682,36.6956],[139.95673,36.69602],[139.9566,36.69651],[139.95619,36.69812],[139.95586,36.69943],[139.95569,36.7001],[139.95563,36.70033],[139.9556,36.70045],[139.95557,36.70052],[139.95513,36.7023],[139.95503,36.7027],[139.9548,36.70361],[139.95475,36.70379],[139.9546,36.70439],[139.95448,36.70487],[139.95444,36.70502],[139.95419,36.70599],[139.954,36.70677],[139.95377,36.70761],[139.95361,36.70826],[139.95352,36.70861],[139.95332,36.7094],[139.95327,36.70959],[139.95322,36.70977],[139.95319,36.7099],[139.95313,36.71012],[139.95296,36.71084],[139.95293,36.71093],[139.9529,36.71105],[139.95282,36.71137],[139.9526,36.71224],[139.95237,36.71313],[139.95232,36.71331],[139.95228,36.71349],[139.95226,36.71357],[139.95221,36.71375],[139.9521,36.71421],[139.952,36.71452],[139.95189,36.715],[139.95188,36.71504],[139.95165,36.71592],[139.95157,36.71623],[139.95136,36.71708],[139.95128,36.71737],[139.95124,36.71754],[139.95118,36.71777],[139.95111,36.71802],[139.95107,36.71822],[139.951,36.7185],[139.95096,36.71869],[139.95087,36.71899],[139.95071,36.7196]],[[139.77317,35.69935],[139.77292,35.69772]],[[139.67805,36.0671],[139.67823,36.06746],[139.67907,36.0691],[139.6797,36.07033],[139.67997,36.07096],[139.68014,36.07181],[139.68022,36.07248],[139.68015,36.07406],[139.68008,36.07618],[139.68008,36.07661],[139.68006,36.07713],[139.68,36.07824],[139.67995,36.07923],[139.67995,36.0793],[139.67992,36.07998],[139.67991,36.0802]],[[139.97935,36.63247],[139.97969,36.63078]],[[140.80231,38.06681],[140.80239,38.0669],[140.80255,38.06718],[140.8027,38.06748],[140.80276,38.06764],[140.80283,38.06778],[140.80292,38.06798],[140.80333,38.06892],[140.80343,38.06913],[140.80351,38.06933],[140.80359,38.06949],[140.8037,38.06975],[140.80386,38.07011],[140.80428,38.07109],[140.80459,38.07169],[140.805,38.07241]],[[140.21096,37.13052],[140.20861,37.13097],[140.20847,37.131],[140.20786,37.13112],[140.20411,37.13189],[140.20318,37.13207],[140.20244,37.13222],[140.20189,37.1323],[140.20104,37.13236],[140.20015,37.13235],[140.1997,37.1323],[140.19919,37.13225],[140.19868,37.13214],[140.19822,37.13202],[140.1978,37.13188],[140.19737,37.13171],[140.19662,37.13134],[140.19627,37.13114],[140.19545,37.13068],[140.19525,37.13053],[140.19487,37.13018],[140.19337,37.1286],[140.18945,37.12448],[140.18921,37.12424],[140.18823,37.12325]],[[141.1195,38.86799],[141.12151,38.86717],[141.12229,38.86689]],[[139.62491,35.90505],[139.62383,35.90782]],[[140.38828,37.48325],[140.3872,37.48164]],[[139.70497,35.8149],[139.70375,35.81613]],[[139.67961,36.09068],[139.67941,36.09324],[139.67926,36.09503],[139.67916,36.0962],[139.67915,36.09629],[139.67912,36.09666],[139.67905,36.09691],[139.67894,36.09728],[139.67875,36.09798]],[[141.13868,38.92784],[141.13894,38.92843],[141.13915,38.92895],[141.13932,38.92943],[141.1394,38.92968],[141.1395,38.93006],[141.13957,38.93057],[141.13957,38.93099],[141.13957,38.93115],[141.13952,38.93153],[141.13945,38.93191],[141.13935,38.93226],[141.13914,38.93286],[141.13893,38.93335],[141.1386,38.93414],[141.13823,38.93507],[141.13781,38.93623],[141.13722,38.93773],[141.13691,38.93856],[141.13661,38.93926],[141.13615,38.94039],[141.13563,38.94177],[141.13525,38.94271],[141.13481,38.94387],[141.13446,38.94482],[141.1337,38.94676],[141.13333,38.94772],[141.13235,38.95034]],[[141.1598,39.55531],[141.16003,39.55421]],[[140.74149,38.04867],[140.73979,38.0468],[140.73971,38.04672]],[[139.98715,36.88481],[139.98655,36.88395],[139.98563,36.88267]],[[140.49397,37.82504],[140.49424,37.82539],[140.49463,37.8259],[140.49566,37.82723],[140.49662,37.82847],[140.49929,37.83191],[140.49945,37.83213],[140.50187,37.83528],[140.50203,37.83547],[140.50275,37.83634],[140.50312,37.83681],[140.50321,37.83692],[140.50354,37.83736],[140.50411,37.83811],[140.50496,37.83922],[140.5052,37.83953],[140.50541,37.8398],[140.50599,37.84055],[140.50642,37.8411],[140.50787,37.84298],[140.50917,37.84463],[140.5093,37.84479],[140.5105,37.84635],[140.51073,37.84666],[140.511,37.847],[140.51166,37.84786],[140.51247,37.8489],[140.51263,37.84911],[140.51478,37.85191],[140.51493,37.85209],[140.51536,37.85265],[140.51609,37.85357],[140.51674,37.85441]],[[139.7585,35.74006],[139.759,35.73967],[139.75992,35.7389],[139.76009,35.73875],[139.76023,35.73863],[139.76067,35.73826]],[[139.72046,35.77867],[139.72015,35.77916],[139.71978,35.77977],[139.71947,35.78026],[139.71919,35.78075],[139.71895,35.78125],[139.7187,35.78175],[139.71817,35.78277],[139.71791,35.78334],[139.71763,35.784],[139.71743,35.78445],[139.71723,35.78499],[139.71711,35.7854],[139.71701,35.78585],[139.71699,35.78615],[139.71699,35.78622],[139.71701,35.78653],[139.71702,35.7866],[139.71708,35.78719],[139.71709,35.78734],[139.7172,35.78835],[139.71721,35.78851],[139.71758,35.79191],[139.71789,35.79469],[139.71794,35.7951],[139.71799,35.79618]],[[140.80931,38.07803],[140.81061,38.07968],[140.81063,38.07971]],[[139.65763,35.85777],[139.65775,35.8576],[139.6579,35.85736],[139.6581,35.85709],[139.65845,35.85665],[139.6588,35.85624],[139.65917,35.85581],[139.65945,35.85555],[139.66043,35.85475],[139.66174,35.85376],[139.662,35.85358],[139.66322,35.85267],[139.66356,35.85245],[139.66391,35.85222],[139.66454,35.8518],[139.66483,35.8516],[139.66512,35.85139],[139.66555,35.85101],[139.66635,35.85033]],[[141.09811,38.47541],[141.09782,38.47362]],[[139.63934,35.88361],[139.63864,35.88514]],[[141.0620172,38.3767591],[141.06487,38.37771],[141.0670453,38.3784475],[141.06779,38.3787],[141.06902,38.37912],[141.06955,38.3793],[141.07038,38.3796],[141.07056,38.37967],[141.07066,38.37974],[141.07083,38.37985],[141.07101,38.38],[141.07119,38.38018],[141.07126,38.38025],[141.0713452,38.380346],[141.0714281,38.380441],[141.0715795,38.3806115],[141.0717804,38.3808377],[141.0720148,38.3811016],[141.072229,38.3813507],[141.07286,38.38207],[141.07331,38.38256]],[[140.38802,37.4467],[140.38871,37.44522]],[[140.1195,37.023],[140.12168,37.02376],[140.12208,37.02388]],[[139.67912,35.80712],[139.68025,35.80621],[139.68028,35.80617],[139.6806,35.80591],[139.68126,35.80536],[139.68132,35.80532],[139.6814,35.80524],[139.682,35.80476],[139.68209,35.80467],[139.68232,35.80449],[139.6827,35.80416],[139.68273,35.80414],[139.6832,35.80375],[139.68382,35.80321],[139.68395,35.80305],[139.68436,35.80254],[139.68451,35.80229],[139.68463,35.80206],[139.68476,35.80176],[139.68497,35.80124],[139.68521,35.8005],[139.68525,35.80036],[139.68529,35.80025],[139.68545,35.79972],[139.68552,35.79944],[139.68557,35.79932],[139.68571,35.79886],[139.68576,35.79866],[139.68601,35.79782],[139.68607,35.79764],[139.68632,35.79681],[139.6865,35.79622],[139.68662,35.79584],[139.68681,35.79535],[139.68716,35.79455],[139.68732,35.79424],[139.68754,35.79391],[139.68782,35.79357],[139.68832,35.79303],[139.68871,35.79266],[139.6892,35.79227],[139.68953,35.79205],[139.6898,35.7919],[139.69031,35.79165]],[[140.39932,37.51477],[140.39929,37.5163],[140.39926,37.51698],[140.39926,37.51717],[140.39926,37.51756],[140.39924,37.51791],[140.3992,37.51915],[140.3992,37.51952],[140.39919,37.52026],[140.39914,37.52137],[140.39913,37.5219],[140.39912,37.52253],[140.39908,37.52332],[140.39903,37.52534],[140.39896,37.52705],[140.39893,37.52854],[140.39887,37.53091],[140.39887,37.53108],[140.39886,37.53146],[140.39882,37.53334],[140.39881,37.53559],[140.39884,37.53616],[140.39891,37.53673],[140.399,37.53734],[140.39912,37.53785],[140.39931,37.53841],[140.39958,37.53916],[140.3998,37.53976],[140.40005,37.54035]],[[140.48423,37.65297],[140.48424,37.65229],[140.48422,37.65169],[140.48417,37.65091],[140.48415,37.65073],[140.48413,37.65049],[140.48406,37.64983],[140.48403,37.64957],[140.4838,37.64797],[140.48375,37.64755],[140.48371,37.64731],[140.48369,37.64717],[140.48356,37.64636],[140.48344,37.64582],[140.48333,37.64533],[140.48329,37.64516],[140.48307,37.64442],[140.48283,37.64359],[140.48259,37.64294],[140.48209,37.64183],[140.48208,37.6418],[140.48181,37.64123],[140.48152,37.6407],[140.4809,37.6397],[140.4807,37.6394],[140.47845,37.63616],[140.47827,37.63589],[140.4776,37.63491],[140.47696,37.63396],[140.4768,37.63374],[140.47665,37.63352],[140.47627,37.63294]],[[139.76764,35.68359],[139.76778,35.68294]],[[141.15967,38.76962],[141.15865,38.76803]],[[139.97935,36.63247],[139.97902,36.63417],[139.97889,36.63486],[139.97868,36.63587],[139.97851,36.63663]],[[141.06612,38.38019],[141.06634,38.38047],[141.06653,38.38078],[141.0667,38.38122],[141.06687,38.38182],[141.06706,38.38265],[141.06728,38.38426],[141.0673,38.38448],[141.06737,38.38522],[141.06737,38.38562],[141.06736,38.38601],[141.0673,38.38634],[141.06723,38.38664],[141.06689,38.38777],[141.06642,38.38924],[141.06575,38.39136],[141.06513,38.39327],[141.06503,38.39362],[141.06496,38.39381],[141.06482,38.39441],[141.06475,38.39496],[141.06472,38.3958],[141.06475,38.39617],[141.06479,38.39635],[141.06483,38.39662],[141.06488,38.3968]],[[139.77664,35.71439],[139.77507,35.71205]],[[140.40832,37.55942],[140.41047,37.56065],[140.41102,37.561],[140.41164,37.56143],[140.41255,37.56208],[140.41322,37.56265]],[[139.87737,36.49546],[139.87746,36.49597],[139.87756,36.4966],[139.87758,36.49662],[139.87759,36.49671],[139.87765,36.49707],[139.87783,36.49804],[139.8779,36.49856],[139.87792,36.49871],[139.87811,36.49989],[139.87818,36.50032],[139.87824,36.50067],[139.87836,36.50137],[139.87846,36.50202],[139.87854,36.50249],[139.87859,36.50277],[139.87865,36.50314],[139.87881,36.50403],[139.87936,36.50714],[139.87937,36.50718],[139.8797,36.50899],[139.88005,36.51092],[139.88015,36.51177],[139.88023,36.51256],[139.88041,36.51456],[139.88052,36.5161],[139.88067,36.51829],[139.88093,36.52203],[139.88116,36.5251],[139.88118,36.52535],[139.88139,36.5282],[139.8815,36.5297],[139.88162,36.53122],[139.88183,36.53384],[139.88185,36.5341],[139.88195,36.53506],[139.88205,36.53568],[139.8822,36.53621],[139.88249,36.53736],[139.8827,36.53806],[139.88294,36.53871],[139.88329,36.53946],[139.88364,36.54015],[139.8838,36.54046],[139.88404,36.54087],[139.88461,36.54172],[139.88507,36.54232],[139.88527,36.54257]],[[140.4598,37.75522],[140.45976,37.75548],[140.45955,37.75766],[140.45939,37.75944],[140.45929,37.76008],[140.45916,37.76049],[140.4589,37.76106],[140.4585,37.76181],[140.458,37.76258],[140.45773,37.763],[140.4573,37.76367],[140.45677,37.76448],[140.45677,37.7645],[140.4565,37.76493],[140.45527,37.76685],[140.45497,37.76731],[140.45434,37.7683],[140.45398,37.76894],[140.45378,37.7694],[140.45361,37.76986],[140.4535,37.7703],[140.45343,37.77068],[140.45339,37.77111],[140.45337,37.77153],[140.4534,37.77181],[140.45349,37.77211],[140.45381,37.77291],[140.45391,37.77315],[140.45406,37.77339],[140.45425,37.77365],[140.45463,37.7741],[140.45473,37.77421],[140.45503,37.7745],[140.45531,37.77476],[140.45562,37.77502]],[[141.06419,38.54312],[141.0642,38.54304],[141.06421,38.54286],[141.06434,38.54147]],[[139.94536,36.59907],[139.94314,36.59746]],[[139.77457,35.70632],[139.77486,35.70807]],[[139.64624,35.84614],[139.6463,35.84611],[139.64691,35.84541],[139.64741,35.84475],[139.64744,35.84466]],[[141.11067,39.39229],[141.10998,39.3952]],[[141.05915,38.59488],[141.05921,38.59414],[141.0593,38.59319],[141.05949,38.59111],[141.05961,38.58982],[141.05977,38.58816],[141.05994,38.58627],[141.05999,38.58571],[141.06007,38.58497],[141.06019,38.5837],[141.0605,38.58054],[141.06052,38.58036],[141.0606,38.57953],[141.06099,38.57595],[141.06132,38.57255],[141.06144,38.57138],[141.06174,38.56833],[141.06211,38.5649],[141.06233,38.56284],[141.06238,38.56239],[141.06246,38.56155],[141.06253,38.5609],[141.06259,38.56026],[141.06262,38.55996],[141.06279,38.55821],[141.06306,38.5554],[141.06327,38.55314],[141.06342,38.55134],[141.06357,38.54962],[141.06388,38.54655],[141.06389,38.54641]],[[139.67009,35.8168],[139.66913,35.81839]],[[141.08328,38.43251],[141.08292,38.43201],[141.08267,38.43173],[141.08237,38.43145],[141.08203,38.43117],[141.08169,38.43093],[141.08126,38.43063]],[[140.40005,37.54035],[140.4002,37.54056],[140.40068,37.54128],[140.40139,37.54222],[140.40193,37.54294],[140.40243,37.54351],[140.40288,37.54394],[140.40365,37.54452],[140.40378,37.54458],[140.40435,37.54496],[140.40498,37.54538],[140.40568,37.54593],[140.40637,37.54659],[140.40694,37.54733],[140.40713,37.5477],[140.40732,37.54814],[140.40739,37.54857],[140.40734,37.54899],[140.40722,37.54957],[140.4071,37.55008],[140.40708,37.55024],[140.40702,37.55072],[140.40695,37.55111],[140.40672,37.5526],[140.40631,37.55539],[140.40632,37.55598],[140.40638,37.55656],[140.40655,37.55708],[140.40682,37.55762],[140.40715,37.5581],[140.40751,37.55858],[140.40786,37.55894],[140.40832,37.55942]],[[139.67875,36.09798],[139.67894,36.09551],[139.67897,36.09522],[139.67914,36.09295],[139.67933,36.09066],[139.67954,36.08793],[139.67966,36.08652],[139.67975,36.08394],[139.67991,36.0802]],[[141.10998,39.3952],[141.10995,39.39527],[141.10986,39.39564],[141.10983,39.39594]],[[139.73325,35.75844],[139.73349,35.75828],[139.73378,35.75803],[139.73401,35.75781],[139.73426,35.75746],[139.73471,35.75684],[139.73537,35.75589],[139.73595,35.75511],[139.73639,35.75454],[139.73685,35.75388],[139.73736,35.75323],[139.73751,35.75302]],[[139.76012,36.2567],[139.7571,36.25317],[139.75705,36.25306],[139.75657,36.25249],[139.75635,36.25223],[139.75454,36.25016],[139.75249,36.24777],[139.7518,36.24697],[139.75091,36.24594],[139.75021,36.24512],[139.7502,36.24512],[139.74948,36.24427],[139.7491,36.24386],[139.7478,36.2426],[139.74686,36.2417],[139.74675,36.24159],[139.74392,36.23894],[139.74294,36.23802],[139.74236,36.23748],[139.7413,36.23648],[139.74094,36.23615],[139.74064,36.23587],[139.73992,36.23517],[139.73881,36.23411],[139.73838,36.2337],[139.73792,36.23325],[139.73747,36.2328],[139.73708,36.23239],[139.73615,36.23139],[139.73587,36.23108]],[[140.798,38.06416],[140.7988,38.06429],[140.79951,38.06447],[140.80022,38.06466],[140.80091,38.06498],[140.8014,38.06522],[140.80209,38.06576],[140.80237,38.066],[140.80287,38.06674],[140.80325,38.0674],[140.80335,38.06762],[140.80344,38.06787],[140.80381,38.06889],[140.80394,38.06926],[140.804,38.06942],[140.80405,38.06956],[140.8041,38.0697],[140.80413,38.06977],[140.80434,38.07044],[140.80469,38.07152],[140.80479,38.07182],[140.805,38.07241]],[[140.18508,37.09602],[140.18433,37.09453]],[[140.3281,37.20477],[140.32812,37.2049],[140.32831,37.20585],[140.32845,37.20673]],[[140.44513,37.68985],[140.44589,37.69119],[140.44639,37.69208],[140.44737,37.69388],[140.44779,37.69466],[140.44782,37.6947],[140.44993,37.69861],[140.44995,37.69864],[140.45025,37.69914],[140.45029,37.6992],[140.45048,37.69944],[140.45083,37.69985],[140.4509,37.6999],[140.45101,37.69998],[140.45171,37.70052],[140.45214,37.70079],[140.45235,37.7009],[140.45279,37.70115],[140.45292,37.70122],[140.45316,37.70131],[140.45353,37.70146],[140.45387,37.70159],[140.45419,37.70172],[140.45492,37.70203],[140.45515,37.7021],[140.45529,37.70217],[140.45536,37.70221],[140.4557,37.7024],[140.45585,37.70248],[140.45623,37.70274],[140.45638,37.70284],[140.45673,37.70313],[140.45689,37.70326],[140.45711,37.70351],[140.45716,37.70355],[140.4573,37.70369],[140.45782,37.7043],[140.4582,37.70482],[140.45843,37.70518],[140.45872,37.7056],[140.45891,37.7059],[140.45924,37.70641],[140.4594,37.70668],[140.45969,37.70717],[140.45991,37.70756],[140.45999,37.70772],[140.46008,37.70789],[140.46023,37.70824],[140.46024,37.70829],[140.46027,37.70844],[140.46033,37.70872],[140.46037,37.70902],[140.46041,37.70932],[140.46043,37.70956],[140.46044,37.70961],[140.46043,37.70981],[140.46039,37.71011],[140.46037,37.71019],[140.46031,37.71039],[140.46028,37.71051],[140.46013,37.71092],[140.46003,37.71116],[140.45988,37.71148],[140.45963,37.71189],[140.45955,37.71204],[140.4593,37.71238],[140.45911,37.7126],[140.45886,37.71288],[140.45881,37.71292],[140.45861,37.71312],[140.45841,37.71331],[140.45812,37.71355],[140.45747,37.71405],[140.45735,37.71416],[140.45648,37.71486],[140.4564,37.71493],[140.45619,37.71511],[140.45594,37.71539],[140.45568,37.71574],[140.45562,37.71585],[140.45557,37.71591],[140.45538,37.71626],[140.4553,37.71647],[140.45527,37.71655],[140.45517,37.71685],[140.45508,37.71726],[140.45503,37.71757],[140.45503,37.71809],[140.45503,37.71816],[140.45504,37.71839],[140.45504,37.71895],[140.45507,37.71951]],[[140.99565,38.30131],[140.9954,38.30124],[140.99511,38.30115],[140.99499,38.30112],[140.99475,38.30107],[140.99451,38.30102],[140.99426,38.30098],[140.99408,38.30095],[140.99391,38.30092]],[[141.16074,39.53937],[141.16036,39.53788]],[[139.629,35.89148],[139.62871,35.89099],[139.62851,35.89068],[139.62797,35.88991]],[[140.9735,38.31765],[140.97296,38.31709],[140.97285,38.31698]],[[139.77188,35.72667],[139.77227,35.72647],[139.77274,35.7262],[139.77309,35.72595]],[[139.86628,36.43505],[139.86674,36.43743]],[[140.60507,37.93234],[140.60508,37.93223],[140.60508,37.93195],[140.60504,37.93173],[140.605,37.93151],[140.60499,37.93149],[140.60484,37.93103],[140.60467,37.93062],[140.6045,37.93032],[140.60412,37.92973],[140.60343,37.92853],[140.60334,37.92839],[140.60304,37.9279],[140.60264,37.92728],[140.60239,37.92693],[140.60192,37.92637],[140.60166,37.92609],[140.60147,37.9259],[140.60124,37.92571],[140.60081,37.92531],[140.59976,37.92441],[140.59922,37.92394],[140.59886,37.92363],[140.59867,37.92346],[140.59812,37.92299],[140.5981,37.92298],[140.59793,37.92284],[140.59736,37.92234],[140.59734,37.92233],[140.59709,37.92212],[140.59487,37.9202],[140.59443,37.91982],[140.59422,37.91966],[140.59399,37.91946],[140.59366,37.91913],[140.59332,37.91876],[140.59324,37.91865],[140.59271,37.91794],[140.59155,37.91644],[140.59147,37.91634],[140.59115,37.91592],[140.59055,37.91515],[140.59018,37.9147],[140.58997,37.91448],[140.58971,37.91421],[140.58949,37.91406],[140.58884,37.91363],[140.58848,37.91337],[140.5865,37.91201],[140.58638,37.91192],[140.58608,37.91172],[140.58508,37.91105],[140.58475,37.91084],[140.58433,37.91055],[140.58308,37.90972],[140.58294,37.90962],[140.58281,37.90952],[140.58223,37.90913],[140.58173,37.90876]],[[139.77741,35.72206],[139.77865,35.72085]],[[141.14057,39.09296],[141.14087,39.09377],[141.14131,39.095]],[[139.75145,35.74781],[139.7523,35.7472],[139.75256,35.74699],[139.75317,35.74647],[139.75359,35.74608],[139.7544,35.7453],[139.75482,35.74495],[139.75539,35.74453],[139.75599,35.7442],[139.75665,35.74391],[139.75714,35.74373],[139.75756,35.74361],[139.75799,35.7435],[139.75902,35.7433],[139.75973,35.74314],[139.76027,35.74297],[139.76087,35.74278]],[[139.63154,35.93067],[139.63122,35.93008],[139.63086,35.9294],[139.63015,35.92809],[139.62999,35.92779],[139.62992,35.92766],[139.62942,35.92674],[139.6291,35.92614],[139.62875,35.9255],[139.62851,35.92504],[139.62822,35.92451],[139.62788,35.92389],[139.62769,35.92352],[139.62757,35.9233],[139.62726,35.92276],[139.62674,35.92185],[139.62668,35.92174],[139.62561,35.91987],[139.6247,35.91821],[139.62408,35.91711],[139.62398,35.91693],[139.62378,35.91659],[139.62324,35.91565],[139.62287,35.91482],[139.62253,35.91401],[139.62242,35.91367],[139.62227,35.91317],[139.62221,35.91285],[139.62219,35.91247],[139.62227,35.9117],[139.62266,35.91018],[139.62349,35.90794],[139.6236,35.90764]],[[141.14888,39.687],[141.14862,39.68838]],[[140.88267,38.26136],[140.88267,38.26143],[140.88267,38.26151],[140.88261,38.26167],[140.88256,38.26178],[140.88252,38.26186],[140.88244,38.26224],[140.88241,38.26243],[140.88235,38.26276],[140.88234,38.26285],[140.88236,38.263],[140.88238,38.26309],[140.88241,38.26318],[140.88248,38.26338],[140.88256,38.26357],[140.88264,38.26372],[140.88273,38.26386],[140.88274,38.26387],[140.88294,38.2641],[140.88311,38.26432],[140.8833,38.26452],[140.88358,38.26477],[140.88362,38.26479],[140.88382,38.26493],[140.88416,38.26519],[140.88442,38.26533],[140.88479,38.26551],[140.88514,38.26565],[140.88571,38.26586],[140.88638,38.26609],[140.8868,38.26625],[140.88753,38.26651],[140.8882,38.26676],[140.8889,38.26701],[140.88948,38.26722],[140.8902,38.26748],[140.89069,38.26766],[140.89142,38.26791],[140.89199,38.26812],[140.89282,38.26842]],[[139.73751,35.75302],[139.73891,35.75163]],[[140.65025,38.03443],[140.65008,38.03429],[140.64975,38.0341],[140.64888,38.03363],[140.64749,38.03291],[140.64542,38.03185],[140.64453,38.03139],[140.64374,38.03098],[140.64256,38.03039],[140.64231,38.03021],[140.64187,38.0299],[140.64163,38.02969],[140.64131,38.02939],[140.64102,38.02906],[140.64101,38.02905],[140.64069,38.02859],[140.64048,38.02817],[140.64006,38.02734],[140.63951,38.02625],[140.6392,38.02563],[140.63842,38.0241],[140.63756,38.02241],[140.63721,38.02176],[140.63681,38.02105],[140.63664,38.02077],[140.63649,38.02052],[140.63639,38.02038],[140.63623,38.02016],[140.63587,38.01974],[140.63481,38.01861],[140.63412,38.01786],[140.63258,38.01621],[140.6313,38.01484],[140.63052,38.01396],[140.63027,38.01368],[140.62954,38.01287],[140.62889,38.01216],[140.6284,38.0116],[140.62814,38.01118],[140.62794,38.01079],[140.62772,38.01024],[140.62761,38.00979],[140.62732,38.0084],[140.62697,38.00674],[140.62669,38.00534],[140.6265,38.00441],[140.62644,38.00412]],[[140.88267,38.26136],[140.88267,38.26134],[140.8826,38.26065],[140.8825,38.25955],[140.88249,38.2595],[140.88234,38.25813]],[[140.34625,37.24973],[140.34683,37.25052],[140.34743,37.2514]],[[139.72024,35.77855],[139.71989,35.77905],[139.71948,35.77965],[139.71926,35.77995],[139.71906,35.78023],[139.71881,35.78063],[139.71861,35.78104],[139.71835,35.78162]],[[139.77292,35.69772],[139.7728,35.69635]],[[139.8055,36.31149],[139.80541,36.31133],[139.8047,36.31012],[139.80386,36.30868],[139.80208,36.3056],[139.80164,36.30498],[139.80026,36.30338],[139.79935,36.30232],[139.79391,36.29599],[139.79061,36.29215],[139.788,36.28917],[139.78753,36.28862],[139.78121,36.28121],[139.78031,36.28016],[139.77742,36.27684],[139.77482,36.27384],[139.77183,36.27038],[139.76844,36.26647],[139.76507,36.2626],[139.76208,36.25909]],[[139.76626,35.73289],[139.76656,35.73241],[139.76675,35.73213],[139.76729,35.73127]],[[139.63472,35.89241],[139.63308,35.89478]],[[140.36846,37.35561],[140.36761,37.3533],[140.36718,37.35213],[140.36704,37.35158],[140.36698,37.35094],[140.367,37.35046],[140.36715,37.34976],[140.36748,37.34906],[140.36841,37.34696],[140.3686,37.34652],[140.36974,37.34401],[140.36986,37.34371]],[[139.70667,35.78648],[139.70629,35.78667],[139.70591,35.7869],[139.70538,35.78724],[139.70492,35.78758]],[[140.46837,37.61659],[140.46865,37.61712],[140.46901,37.61762],[140.46928,37.61811],[140.47076,37.62115],[140.47172,37.62315],[140.47257,37.62492],[140.47364,37.62715],[140.47548,37.63106],[140.4755,37.63112],[140.4756,37.63134],[140.47561,37.63137],[140.47627,37.63294]],[[140.46006,37.75341],[140.46013,37.75301],[140.46018,37.75216],[140.46027,37.7512],[140.46031,37.75084],[140.46033,37.75038],[140.4604,37.74959]],[[141.09828,39.22693],[141.09734,39.22872]],[[141.07367,38.65648],[141.07404,38.65474]],[[140.18433,37.09453],[140.18375,37.09351],[140.18274,37.09163],[140.18249,37.0911],[140.18073,37.0871],[140.18053,37.08666],[140.18053,37.08664],[140.18049,37.08649],[140.18046,37.08641],[140.1802,37.08585],[140.18008,37.08561],[140.17996,37.08543],[140.17974,37.08522],[140.17896,37.08452],[140.17851,37.08419],[140.17799,37.08388],[140.17547,37.08259],[140.17453,37.0821],[140.17363,37.08162],[140.17304,37.0813],[140.1727,37.08104]],[[141.17592,38.79773],[141.17552,38.79648]],[[139.67978,36.08859],[139.67997,36.08652],[139.68001,36.08541],[139.68006,36.08465],[139.68009,36.08407],[139.68008,36.08345],[139.68006,36.08212],[139.68006,36.08079],[139.67991,36.0802]],[[139.94618,36.75372],[139.94632,36.75352],[139.94642,36.75337],[139.94657,36.75315],[139.9466,36.75311],[139.94663,36.75306],[139.94676,36.75287],[139.94684,36.75276],[139.94735,36.75199],[139.94763,36.75155],[139.94824,36.75065],[139.94893,36.74962],[139.94963,36.74858],[139.95032,36.74754],[139.9509,36.74669],[139.95122,36.7462],[139.95149,36.74573],[139.95158,36.74554],[139.95163,36.74545],[139.95175,36.74514],[139.9519,36.74478],[139.95205,36.74432],[139.95218,36.74386],[139.95234,36.74305],[139.95239,36.74269],[139.95243,36.74245],[139.95243,36.74179],[139.95242,36.74166],[139.95241,36.74134],[139.95239,36.74117],[139.95232,36.74078],[139.95221,36.74025],[139.95209,36.73958],[139.95199,36.73911],[139.95187,36.73852],[139.95172,36.73793],[139.95159,36.73726],[139.95152,36.73691],[139.9514,36.73634],[139.95136,36.73611],[139.95126,36.73545],[139.95113,36.73462],[139.95098,36.73375],[139.95091,36.73337],[139.95085,36.73313],[139.95076,36.7327],[139.95064,36.73231],[139.95052,36.73186],[139.95046,36.73157],[139.95036,36.73106],[139.95028,36.7306],[139.95027,36.73054],[139.95004,36.72939],[139.94996,36.72896],[139.94977,36.72785],[139.94965,36.72718],[139.94961,36.72701],[139.9496,36.72693],[139.94954,36.72657],[139.94952,36.72648],[139.9495,36.72637],[139.94947,36.72617],[139.94944,36.72593],[139.94942,36.72571],[139.9494,36.72533],[139.94942,36.725],[139.94947,36.72461],[139.94951,36.72438],[139.94965,36.72379],[139.9498,36.72323],[139.94983,36.72306],[139.94986,36.72295],[139.9499,36.72281],[139.94994,36.7226],[139.94998,36.72242],[139.95,36.72232],[139.9501,36.72193],[139.9501,36.72189]],[[141.12295,39.28854],[141.12297,39.28825],[141.12306,39.28701],[141.12309,39.28638],[141.12307,39.28601],[141.12299,39.28548],[141.1229,39.28504],[141.12283,39.28484],[141.12271,39.2844],[141.12238,39.2837],[141.12183,39.28242]],[[139.67912,35.80712],[139.67758,35.80841]],[[140.88269,38.17419],[140.88267,38.17449],[140.88264,38.17491],[140.8826,38.17562],[140.88255,38.17646],[140.88251,38.1771],[140.88246,38.17781],[140.88241,38.17867],[140.88237,38.17925],[140.88234,38.17992],[140.88228,38.1809],[140.88225,38.18145],[140.88224,38.18181],[140.88219,38.18267],[140.88215,38.1834],[140.88211,38.18406],[140.88209,38.18452],[140.88206,38.18488],[140.88203,38.18533],[140.882,38.18591],[140.88201,38.18635],[140.88204,38.18677],[140.8821,38.18733],[140.88216,38.18784],[140.8822,38.18806],[140.88234,38.18861],[140.8825,38.18929],[140.88262,38.18977],[140.88278,38.19041],[140.88283,38.1906],[140.88296,38.19113],[140.8831,38.1917],[140.88317,38.19203],[140.88321,38.19227],[140.88326,38.19304],[140.88331,38.19391],[140.88333,38.19435],[140.88334,38.1948],[140.88337,38.1952],[140.88335,38.1954],[140.88331,38.19621],[140.88331,38.19625]],[[141.0095,38.30933],[141.00947,38.30921],[141.00945,38.30914],[141.00942,38.30903],[141.00935,38.30877],[141.00928,38.30855],[141.00901,38.308],[141.00893,38.30784],[141.0089,38.30778],[141.00885,38.3077],[141.00877,38.30755],[141.00875,38.30751],[141.00855,38.30715],[141.0082,38.30658],[141.00783,38.30611],[141.00756,38.30583],[141.00748,38.30575],[141.00714,38.30545],[141.00667,38.30512],[141.00651,38.30501],[141.00573,38.30448],[141.00534,38.30427],[141.00493,38.30407],[141.00441,38.30388],[141.0034,38.30359],[141.00158,38.30308],[140.9998,38.30255],[140.99786,38.30197],[140.99656,38.30159],[140.99634,38.30153],[140.99582,38.30138],[140.99565,38.30131]],[[141.16036,39.53788],[141.16013,39.53702],[141.15987,39.53599],[141.15969,39.53526],[141.15963,39.53502],[141.1594,39.53421],[141.15911,39.53307],[141.15881,39.53196],[141.15843,39.53048],[141.15811,39.5294],[141.15773,39.52808],[141.1577,39.52799],[141.15746,39.52716],[141.15713,39.52604],[141.15687,39.52519],[141.15657,39.52416],[141.15638,39.52354],[141.15593,39.52195],[141.15583,39.52167],[141.15562,39.52089],[141.15534,39.51996],[141.15503,39.51886],[141.15474,39.51787],[141.1547,39.51775],[141.15462,39.51747],[141.1544,39.51666],[141.15417,39.5159],[141.15397,39.51517],[141.15364,39.51406],[141.15338,39.51315],[141.15314,39.51231],[141.15279,39.51115],[141.15252,39.51014],[141.15217,39.50895],[141.1521,39.50869],[141.15182,39.50774],[141.1515,39.50663],[141.15137,39.50617],[141.15118,39.50547],[141.15088,39.50445],[141.15043,39.50284],[141.14987,39.50092],[141.14923,39.49876],[141.14889,39.49758],[141.14878,39.49725],[141.14853,39.4964],[141.14816,39.49522],[141.14808,39.49497],[141.14801,39.4947],[141.14721,39.49201]],[[141.00959,38.31],[141.00953,38.30961],[141.0095,38.30933]],[[141.18055,38.83246],[141.18172,38.83037],[141.18221,38.82958],[141.18295,38.82847],[141.18353,38.82754],[141.18369,38.82723],[141.18384,38.82672],[141.18388,38.8264],[141.18392,38.82562],[141.18392,38.82537],[141.18391,38.82514],[141.18386,38.82485],[141.18379,38.82457],[141.18358,38.82377],[141.18282,38.82081],[141.18257,38.81984],[141.18139,38.81544],[141.18045,38.812],[141.18032,38.81153],[141.17939,38.80859],[141.17839,38.80547],[141.17768,38.80327],[141.17719,38.80178],[141.17592,38.79773]],[[141.12229,38.86689],[141.12365,38.86638],[141.12413,38.8662],[141.12513,38.86581],[141.12589,38.86551],[141.12623,38.86532],[141.12649,38.86516],[141.12755,38.86444],[141.12924,38.86327],[141.13127,38.86187],[141.13296,38.86073],[141.13368,38.86033],[141.13436,38.86008],[141.135,38.8599],[141.13567,38.85971],[141.13716,38.85936],[141.13864,38.85904],[141.14124,38.85846],[141.14342,38.85797],[141.14474,38.85766],[141.14612,38.85735],[141.14702,38.85715],[141.14819,38.85689],[141.1485,38.85682],[141.15033,38.85641],[141.15216,38.85601],[141.15344,38.85571],[141.15525,38.85531]],[[139.77754,35.715],[139.7786,35.71625],[139.77927,35.7171],[139.77963,35.71761],[139.77988,35.71807],[139.77998,35.71832],[139.78001,35.71859],[139.77999,35.71931],[139.77993,35.71981]],[[140.98417,38.3287],[140.98416,38.3287],[140.98384,38.32836],[140.98364,38.32818],[140.9833,38.32782],[140.98307,38.32758],[140.98281,38.32731],[140.98241,38.3269],[140.98221,38.32669],[140.98205,38.32653],[140.98171,38.32619],[140.98142,38.32588],[140.9812,38.32566],[140.98092,38.32537],[140.9806,38.32504],[140.98033,38.32475],[140.98029,38.32472],[140.97993,38.32433],[140.9796,38.324],[140.97929,38.32368],[140.97887,38.32324],[140.97837,38.32272],[140.97795,38.32229],[140.97769,38.32201],[140.97738,38.3217],[140.97705,38.32135],[140.97676,38.32105],[140.97634,38.32062],[140.9759,38.32017],[140.97545,38.31969],[140.97515,38.31938],[140.97464,38.31883],[140.97419,38.31837],[140.9736,38.31776],[140.9735,38.31765]],[[139.69431,36.13721],[139.69376,36.13422]],[[139.67961,36.09068],[139.67978,36.08859]],[[140.45604,37.72487],[140.45611,37.72522],[140.45621,37.72571],[140.45629,37.72607],[140.45631,37.72616],[140.45638,37.72652],[140.45641,37.72669],[140.45648,37.72699],[140.4566,37.7276],[140.45665,37.72787],[140.45676,37.72841],[140.45684,37.72882],[140.45694,37.72937],[140.45697,37.72948],[140.45706,37.72991],[140.4573,37.73116],[140.45738,37.73153],[140.45741,37.73174],[140.45757,37.73252],[140.4576,37.73263],[140.45764,37.73283],[140.45769,37.73305],[140.45781,37.7337],[140.45784,37.73384],[140.45791,37.73412],[140.45798,37.73452],[140.45815,37.73536],[140.45837,37.73646],[140.45853,37.73732],[140.45855,37.73741],[140.45871,37.73821],[140.45874,37.73838],[140.45877,37.73857],[140.45883,37.73889],[140.45904,37.73994],[140.45915,37.74048],[140.45932,37.74138],[140.45934,37.74142],[140.45942,37.74181],[140.45947,37.74213],[140.45962,37.74289],[140.45966,37.74306],[140.45966,37.74309],[140.45969,37.74326],[140.45973,37.74349],[140.45975,37.74359],[140.4598,37.7438],[140.45984,37.74405],[140.4599,37.74437],[140.46001,37.74498],[140.46017,37.74572],[140.46018,37.74576],[140.46022,37.74597],[140.46034,37.74661],[140.46043,37.74703],[140.46047,37.74735],[140.46049,37.74751],[140.46051,37.74787],[140.46049,37.74857],[140.46049,37.74871],[140.46048,37.74877],[140.4604,37.74959]],[[139.80776,36.31539],[139.8055,36.31149]],[[140.25933,37.137],[140.25873,37.13664],[140.25833,37.13641],[140.25782,37.13611],[140.25756,37.13596],[140.257,37.13563],[140.25585,37.13494],[140.25565,37.13482],[140.25525,37.13457],[140.25408,37.13388],[140.25351,37.13355],[140.25237,37.13288],[140.25121,37.13221],[140.25005,37.13153],[140.24667,37.12953],[140.24468,37.12834],[140.24154,37.12645],[140.23985,37.12543],[140.23941,37.12519],[140.23877,37.12489],[140.23832,37.12473],[140.23793,37.12461],[140.23757,37.12451],[140.23722,37.12444],[140.23655,37.12439],[140.23544,37.12438],[140.23507,37.12441],[140.23447,37.12446],[140.23427,37.12447],[140.23345,37.12465],[140.23303,37.12479],[140.23265,37.12493],[140.23222,37.12514],[140.23147,37.1256],[140.23081,37.12614],[140.22945,37.12731],[140.22918,37.1275],[140.22878,37.12778],[140.22843,37.12795],[140.22802,37.12815],[140.22758,37.12831],[140.22724,37.12842],[140.22692,37.1285],[140.22644,37.12857],[140.22546,37.12866],[140.22428,37.12877],[140.22326,37.12886],[140.22063,37.12907],[140.22031,37.12909],[140.22014,37.12911],[140.21691,37.12936],[140.2164,37.12942],[140.21631,37.12944],[140.21389,37.12992]],[[140.26783,37.1445],[140.26789,37.14458],[140.26801,37.14475],[140.26828,37.14511],[140.2683,37.14516],[140.2684,37.14531],[140.26859,37.14562],[140.26872,37.1458],[140.26878,37.14587],[140.26887,37.14598],[140.26901,37.14616],[140.26911,37.1463],[140.26933,37.14658],[140.2694,37.14666],[140.26954,37.14677],[140.26975,37.14693],[140.26992,37.14704],[140.27012,37.14716],[140.27022,37.14722],[140.27045,37.14734],[140.27057,37.14741],[140.27078,37.14752],[140.27098,37.14762],[140.27112,37.14768],[140.2712,37.14772],[140.27148,37.14783],[140.2718,37.14795],[140.272,37.14801],[140.27214,37.14805],[140.27283,37.14821],[140.27306,37.14827],[140.27344,37.14837]],[[140.62644,38.00412],[140.62623,38.00299],[140.62608,38.00229]],[[139.70667,35.78648],[139.70702,35.78631],[139.70726,35.78621],[139.70826,35.78591],[139.7087,35.78581],[139.70959,35.7856],[139.71068,35.78536],[139.71125,35.78524],[139.71145,35.78525],[139.71172,35.78521],[139.71235,35.78507],[139.71322,35.78482],[139.71363,35.78471],[139.71422,35.78451],[139.71465,35.78436],[139.715,35.78422],[139.71534,35.78409],[139.71561,35.78394],[139.71614,35.78366],[139.71649,35.78343],[139.7168,35.78321],[139.71718,35.78293],[139.71749,35.78262],[139.71781,35.78228],[139.718,35.78205],[139.71835,35.78162]],[[140.73971,38.04672],[140.73874,38.04567],[140.73776,38.04456],[140.73718,38.04392],[140.73644,38.0431],[140.73572,38.04226],[140.73501,38.04147],[140.73432,38.04069],[140.73363,38.03995],[140.73297,38.03922],[140.73243,38.03866],[140.73203,38.03833],[140.73156,38.03803],[140.73101,38.03777],[140.73051,38.03752],[140.72996,38.03735],[140.72942,38.03722],[140.72896,38.03712],[140.72853,38.03705],[140.72811,38.03701],[140.72751,38.03698],[140.72682,38.03695],[140.72491,38.03685],[140.72389,38.0368],[140.72301,38.03675],[140.72136,38.03666],[140.71962,38.03658],[140.7179,38.03651],[140.71598,38.03639],[140.71519,38.03635],[140.71433,38.03635],[140.71339,38.03638],[140.71283,38.03642],[140.71245,38.03645],[140.71114,38.03659],[140.70976,38.03672],[140.70941,38.03676],[140.70823,38.03688],[140.70763,38.03695],[140.70707,38.03696],[140.70644,38.03698],[140.70566,38.03695],[140.70535,38.03691],[140.70493,38.03684],[140.70439,38.03671],[140.70361,38.03648],[140.70252,38.03613],[140.702,38.03596],[140.70153,38.0358],[140.70016,38.03537],[140.69843,38.03476],[140.69754,38.03445],[140.69718,38.03428],[140.696,38.03374],[140.69479,38.03318],[140.69435,38.03295],[140.69375,38.03273],[140.69327,38.03258]],[[140.48477,37.80747],[140.48565,37.80804],[140.48611,37.80843],[140.48655,37.80889],[140.48686,37.80926],[140.48709,37.80959],[140.48731,37.81],[140.48745,37.81034],[140.48752,37.81059],[140.48754,37.81066],[140.48757,37.81085],[140.48758,37.81088],[140.48759,37.81105],[140.48759,37.81135],[140.4875,37.81182]],[[140.95446,38.30072],[140.95397,38.3006],[140.95305,38.30037],[140.95238,38.3002],[140.95196,38.3001],[140.95189,38.30008],[140.95161,38.30002],[140.95142,38.29997],[140.95101,38.29986],[140.95077,38.2998],[140.95035,38.2997],[140.95006,38.29962],[140.94967,38.29952],[140.94906,38.29933],[140.94869,38.29918],[140.94839,38.29905],[140.94811,38.29892],[140.94794,38.29883],[140.94774,38.29871],[140.94754,38.2986],[140.94732,38.29844],[140.94728,38.29842],[140.94722,38.29838],[140.94716,38.29834],[140.94704,38.29823],[140.9468,38.298],[140.94636,38.29759],[140.94598,38.29724],[140.94535,38.29665],[140.94469,38.29605],[140.94411,38.29551],[140.94356,38.295],[140.94298,38.29446],[140.94227,38.29379],[140.94225,38.29377],[140.94172,38.29328],[140.94075,38.29239],[140.93982,38.29152],[140.939,38.29074],[140.93829,38.29008],[140.93737,38.28922],[140.93682,38.28871],[140.93624,38.28817],[140.93566,38.28762],[140.93526,38.28724],[140.93497,38.28698],[140.93469,38.28672],[140.93405,38.28611],[140.93352,38.28563],[140.93296,38.2851],[140.93256,38.28472],[140.93217,38.28436],[140.93168,38.28389],[140.93159,38.28381],[140.93135,38.28358],[140.93111,38.28336],[140.93086,38.28312],[140.93061,38.28288],[140.93023,38.28255],[140.92998,38.28235],[140.9299,38.28229],[140.9296,38.28208],[140.9291,38.28177],[140.92839,38.28136],[140.9277,38.28095],[140.92753,38.28085],[140.92724,38.28068],[140.92683,38.28044],[140.92638,38.28018],[140.92606,38.27999],[140.92547,38.27965],[140.92505,38.27941],[140.92439,38.27902],[140.92373,38.27865],[140.92319,38.27831],[140.92273,38.27805],[140.92229,38.2778],[140.92179,38.27751],[140.92106,38.27708],[140.92101,38.27705]],[[140.805,38.07241],[140.80531,38.0729],[140.80576,38.0735],[140.80644,38.07441],[140.8076,38.07588],[140.80897,38.0776],[140.8092,38.07789],[140.80931,38.07803]],[[139.76729,35.73127],[139.76744,35.73108],[139.76818,35.73012],[139.76898,35.72917],[139.76956,35.72853],[139.77015,35.72799]],[[141.11833,38.7107],[141.118,38.71047],[141.11759,38.71017],[141.11724,38.70991],[141.11668,38.70951],[141.11581,38.70888],[141.11546,38.70864],[141.11503,38.70832],[141.11447,38.70794],[141.11354,38.70729],[141.11309,38.70698],[141.11269,38.7067],[141.11225,38.70639],[141.11172,38.70602],[141.11114,38.70563],[141.11,38.70487],[141.10886,38.70411],[141.10832,38.70376],[141.10772,38.70337],[141.10711,38.70298],[141.10656,38.70263],[141.10531,38.70192],[141.10478,38.70162],[141.10438,38.70141],[141.10423,38.70133],[141.10394,38.70117],[141.10354,38.70095],[141.10293,38.70062],[141.10232,38.70029],[141.10169,38.69994],[141.10141,38.69978],[141.10106,38.6996],[141.10067,38.69939],[141.10041,38.69924],[141.10022,38.69914],[141.1,38.69899],[141.09983,38.69886],[141.09967,38.69873],[141.0995,38.69859],[141.09938,38.69848],[141.09925,38.69837],[141.09914,38.69826],[141.099,38.69812],[141.09889,38.69799],[141.09877,38.69785],[141.09865,38.6977],[141.09852,38.69754],[141.09844,38.69743],[141.09836,38.6973],[141.09828,38.69717],[141.0982,38.69702],[141.09811,38.69684],[141.09803,38.69666],[141.09796,38.69648],[141.09789,38.69632],[141.09783,38.69607],[141.09779,38.69592],[141.09774,38.6957],[141.0977,38.69552],[141.09768,38.69533],[141.09767,38.69521],[141.09768,38.695],[141.09768,38.69485],[141.09768,38.69474],[141.09772,38.69422],[141.09778,38.69361],[141.09781,38.69325],[141.09782,38.69302],[141.09786,38.6925],[141.09787,38.69219],[141.09787,38.69194],[141.09786,38.69179],[141.09785,38.69156],[141.09783,38.69138],[141.09779,38.69122],[141.09767,38.69076],[141.0976,38.6905],[141.09751,38.69024],[141.09743,38.69009],[141.0973,38.68989],[141.09714,38.68967],[141.09689,38.68935],[141.09668,38.68911],[141.09648,38.68892],[141.09629,38.68873],[141.09581,38.68831],[141.09558,38.6881],[141.09528,38.68784],[141.09481,38.68743],[141.0943,38.68698],[141.09415,38.68685],[141.09384,38.68658],[141.09332,38.68612],[141.09299,38.68583],[141.09233,38.68525],[141.09186,38.68484],[141.09156,38.68461],[141.09134,38.68442],[141.09115,38.68431],[141.09069,38.68405],[141.08975,38.68353],[141.08888,38.6831],[141.08763,38.68248],[141.08701,38.68218],[141.08687,38.68212],[141.08668,38.68205],[141.08637,38.68194]],[[141.07379,38.38309],[141.07331,38.38256]],[[139.95071,36.7196],[139.95068,36.71972],[139.9505,36.72036],[139.9504,36.72078],[139.95024,36.72138],[139.9501,36.72189]],[[140.45562,37.77502],[140.45621,37.77544],[140.45708,37.77612],[140.45753,37.77648],[140.45853,37.7773],[140.45912,37.77782],[140.45926,37.77794],[140.45958,37.77825],[140.45985,37.77854],[140.46006,37.77882],[140.46026,37.77912],[140.46048,37.77962],[140.46062,37.78001],[140.46072,37.78038],[140.46076,37.78064],[140.46079,37.78116],[140.4608,37.78129]],[[140.4448,37.68898],[140.44459,37.68838],[140.44452,37.6882],[140.4444,37.68779],[140.44437,37.68757],[140.44429,37.68703],[140.44429,37.68651],[140.44431,37.68616],[140.44436,37.68602],[140.44443,37.68586],[140.44452,37.68562],[140.44471,37.68518],[140.44492,37.68485],[140.44509,37.68464],[140.44525,37.68447],[140.44549,37.68424],[140.44569,37.68412],[140.4459,37.684],[140.44641,37.68374],[140.4467,37.68362],[140.44678,37.68358],[140.447,37.68349],[140.44728,37.68342],[140.44729,37.6834],[140.44742,37.68338],[140.44758,37.68334],[140.44851,37.68314],[140.44885,37.68309],[140.44913,37.68304]],[[139.77196,35.72734],[139.77207,35.72725],[139.77326,35.72623],[139.7744,35.72523],[139.77476,35.72491],[139.77524,35.72443],[139.77601,35.72368],[139.77605,35.72364],[139.77667,35.72306],[139.77853,35.72135],[139.77945,35.7205],[139.77967,35.72024],[139.77993,35.71981]],[[141.15525,38.85531],[141.15568,38.85521],[141.15618,38.85506],[141.15673,38.85486],[141.15728,38.85463],[141.15759,38.85449]],[[141.1161,38.87486],[141.11659,38.87659],[141.11724,38.87955],[141.11745,38.88052],[141.11758,38.88117],[141.11787,38.88257],[141.11843,38.88518],[141.11875,38.88671],[141.11927,38.88928],[141.1194,38.88989],[141.11952,38.89042],[141.11976,38.89128],[141.11992,38.8917],[141.12021,38.89228],[141.12054,38.89283],[141.12098,38.89344]],[[141.12775,39.4433],[141.12687,39.44121]],[[141.14721,39.49201],[141.14656,39.48978]],[[140.65171,38.03566],[140.65154,38.03551],[140.65122,38.03522],[140.65078,38.03486],[140.65025,38.03443]],[[139.69251,35.79103],[139.69212,35.79109],[139.69177,35.79117],[139.69145,35.79124],[139.69135,35.79127],[139.69093,35.7914],[139.69031,35.79165]],[[139.63137,35.86652],[139.63196,35.86495],[139.63237,35.86386],[139.63272,35.86292],[139.6329,35.86242],[139.63362,35.86045],[139.63418,35.85904],[139.63445,35.85831],[139.63479,35.85753],[139.63504,35.85708],[139.63564,35.85607],[139.63614,35.85528],[139.63635,35.85502],[139.63671,35.85455]],[[140.92101,38.27705],[140.91922,38.27599],[140.91869,38.27568]],[[141.08637,38.68194],[141.08558,38.68171],[141.08476,38.6815],[141.08422,38.68137]],[[140.51674,37.85441],[140.51789,37.85593]],[[139.72603,35.76487],[139.72539,35.76602],[139.725,35.76677],[139.72442,35.76774],[139.72383,35.7688],[139.72342,35.76952],[139.72308,35.7701],[139.72272,35.77076],[139.72239,35.7715],[139.72228,35.77192],[139.72228,35.77219],[139.72234,35.77265],[139.72232,35.77299],[139.72228,35.77366],[139.72226,35.77443],[139.72222,35.77501],[139.72215,35.7757],[139.72203,35.77612],[139.72187,35.7765]],[[139.89807,36.55697],[139.89878,36.55992],[139.89938,36.56253]],[[141.11355,39.19845],[141.11233,39.20072]],[[139.62491,35.90505],[139.62535,35.90402],[139.62577,35.90318],[139.62601,35.90273],[139.62668,35.90163]],[[140.21389,37.12992],[140.21096,37.13052]],[[139.86674,36.43743],[139.8668,36.43778],[139.86684,36.43803],[139.86691,36.43846],[139.86699,36.43897],[139.8671,36.43951],[139.86711,36.43958],[139.86717,36.43988],[139.86756,36.44199],[139.86759,36.44214],[139.8676,36.44216],[139.86771,36.44282],[139.86793,36.44399],[139.86816,36.44523],[139.86846,36.44694],[139.86907,36.45025],[139.86919,36.4509],[139.86933,36.45171],[139.86962,36.45325],[139.86962,36.45335],[139.8699,36.45482],[139.86994,36.45497],[139.86995,36.45511],[139.87017,36.45629],[139.87053,36.45819],[139.87054,36.45824],[139.87059,36.45854],[139.87093,36.46033],[139.87171,36.46452],[139.87173,36.46463],[139.87182,36.46514],[139.87189,36.46552],[139.87195,36.46593],[139.87205,36.46658],[139.87222,36.46754],[139.87223,36.46757],[139.8723,36.46802],[139.87239,36.46856],[139.8725,36.46921],[139.87256,36.46955],[139.87263,36.46999],[139.87268,36.47019],[139.87279,36.47084],[139.87289,36.47134],[139.87291,36.47153],[139.87296,36.47179],[139.87323,36.47323],[139.87345,36.47441],[139.87347,36.47453],[139.87358,36.47511],[139.87367,36.47555],[139.87369,36.47572],[139.87386,36.47662],[139.87411,36.4779],[139.87417,36.47822],[139.87438,36.47931],[139.87452,36.48013],[139.87461,36.4806],[139.87473,36.4812],[139.87475,36.48124],[139.87477,36.48139],[139.87489,36.48205],[139.87496,36.48244],[139.87499,36.48264],[139.875,36.48267],[139.8751,36.48323],[139.87514,36.48344],[139.87529,36.48427],[139.87548,36.48528],[139.87568,36.48637],[139.87569,36.48644],[139.87575,36.48673],[139.87606,36.4884],[139.87621,36.48924],[139.87631,36.48977],[139.87632,36.48979],[139.87637,36.4901],[139.87652,36.49088],[139.87662,36.49151],[139.87677,36.49229],[139.87679,36.49235]],[[140.88288,38.171],[140.88282,38.17187],[140.88281,38.17201]],[[141.14557,39.63948],[141.14568,39.64099],[141.14586,39.64357],[141.14641,39.65108],[141.14651,39.65257]],[[139.62568,35.88177],[139.62633,35.88008]],[[140.88395,38.21851],[140.88408,38.21902],[140.88436,38.22006],[140.88466,38.22121],[140.88488,38.2221],[140.88507,38.22285],[140.88523,38.22344],[140.88554,38.22466],[140.8858,38.22564],[140.88584,38.22579]],[[140.45972,37.75341],[140.45973,37.75301],[140.45985,37.75165],[140.45992,37.75108],[140.45993,37.75099],[140.45998,37.75079],[140.46003,37.75065],[140.46007,37.75057],[140.46015,37.75038],[140.4604,37.74959]],[[140.36846,37.35561],[140.36918,37.35757]],[[139.68967,35.82865],[139.6893,35.82901],[139.68769,35.83059],[139.68621,35.83199],[139.68489,35.83334],[139.68335,35.8349]],[[139.8103,36.31972],[139.81081,36.32053],[139.81127,36.32139],[139.81393,36.32601],[139.81529,36.32834],[139.81637,36.33018],[139.81803,36.33307],[139.82004,36.33649],[139.82158,36.33917],[139.82318,36.34189],[139.82473,36.34455],[139.82495,36.34493],[139.82642,36.34744],[139.82816,36.35041],[139.8295,36.35269],[139.82989,36.35335],[139.83119,36.35557],[139.83281,36.35831],[139.83408,36.3605],[139.83427,36.36082],[139.83574,36.36335],[139.83739,36.36614],[139.83882,36.3686],[139.83904,36.36896],[139.84146,36.37307]],[[139.62235,35.90806],[139.62313,35.906],[139.62381,35.90445]],[[140.98543,38.33],[140.98417,38.3287]],[[139.67758,35.80841],[139.67706,35.80888],[139.67672,35.80918],[139.67635,35.80949],[139.67627,35.80955],[139.67583,35.80992],[139.67563,35.8101],[139.6744,35.81111],[139.67422,35.81126],[139.67372,35.81168],[139.67294,35.81238],[139.67256,35.81279],[139.67233,35.81307],[139.67198,35.81358],[139.67163,35.81417],[139.67159,35.81423],[139.67136,35.81463],[139.67104,35.81515],[139.67053,35.81607],[139.67044,35.8162],[139.67034,35.8164],[139.67022,35.81658],[139.67009,35.8168]],[[141.11739,38.98894],[141.11676,38.99034],[141.11613,38.9915],[141.11588,38.99186],[141.11544,38.99237],[141.11471,38.99312],[141.11425,38.99359],[141.11297,38.9949],[141.112,38.99588],[141.11144,38.99648],[141.11063,38.99734],[141.11026,38.99777],[141.11,38.99821],[141.10975,38.99877],[141.10961,38.99925],[141.10953,38.99967],[141.10951,39.00002],[141.10949,39.00019],[141.1095,39.00056],[141.1096,39.00109],[141.10973,39.00156],[141.10985,39.00197],[141.11003,39.00239],[141.1102,39.00271],[141.11029,39.00289],[141.111,39.00417],[141.11156,39.0051],[141.11161,39.00518],[141.11162,39.0052],[141.11212,39.00609],[141.11215,39.00614],[141.11291,39.00751],[141.11335,39.00813],[141.11367,39.00853],[141.11405,39.00894],[141.11442,39.00928],[141.11498,39.00973],[141.11556,39.01015],[141.11643,39.01081],[141.11752,39.0116],[141.11927,39.0129],[141.11957,39.01312],[141.12151,39.01455],[141.12183,39.01481],[141.12189,39.01486],[141.12214,39.01504],[141.12344,39.01598],[141.12507,39.01718],[141.12641,39.01818],[141.12758,39.01903],[141.12799,39.01939],[141.12834,39.01975],[141.12864,39.02014],[141.12891,39.02057],[141.12923,39.02113],[141.12948,39.02159],[141.12955,39.02189],[141.12971,39.02243],[141.12984,39.02301],[141.12989,39.0235],[141.12989,39.02393],[141.12986,39.0244],[141.12983,39.02465],[141.12983,39.02471],[141.12981,39.02485],[141.12979,39.02501],[141.12964,39.02558],[141.12949,39.02597],[141.12933,39.02636],[141.12902,39.027],[141.12865,39.02773],[141.12841,39.02818],[141.12833,39.0284],[141.12668,39.03169],[141.12553,39.03408],[141.12531,39.03463],[141.12523,39.03483],[141.12506,39.03552],[141.12503,39.03586],[141.12502,39.03634],[141.12507,39.03699],[141.12518,39.03817],[141.12535,39.0394],[141.12543,39.04054],[141.12556,39.04218],[141.1257,39.0436],[141.12588,39.0453],[141.12604,39.04703],[141.12615,39.04816]],[[140.88048,38.14378],[140.88085,38.14455],[140.88129,38.14544],[140.88149,38.14589],[140.88197,38.14691],[140.88238,38.14777],[140.8828,38.14865],[140.88309,38.14923],[140.88341,38.14991],[140.88348,38.15004],[140.88395,38.15103],[140.88437,38.15189],[140.88466,38.15249],[140.88522,38.15367],[140.88574,38.15473],[140.88593,38.15518],[140.88605,38.15563],[140.88613,38.15599],[140.88618,38.15649],[140.88619,38.15681],[140.88618,38.15707],[140.88613,38.15725],[140.88609,38.15746],[140.88599,38.15782],[140.88579,38.15849],[140.88431,38.16341],[140.88397,38.16454],[140.8838,38.16507],[140.88368,38.16549],[140.88353,38.16608],[140.88339,38.16669],[140.88329,38.16727],[140.88325,38.16754],[140.8832,38.16781],[140.8831,38.16847],[140.88302,38.16895],[140.88301,38.16915],[140.88296,38.16965],[140.88294,38.17016],[140.88288,38.171]],[[139.66696,36.01923],[139.66708,36.02187],[139.66717,36.02379],[139.6673,36.02493],[139.66747,36.02579],[139.66753,36.02604],[139.66761,36.02632],[139.66779,36.02687],[139.66808,36.0278],[139.66857,36.02929],[139.66879,36.02992],[139.66921,36.03083],[139.66987,36.03229],[139.67005,36.03268],[139.67037,36.03339],[139.6711,36.0349],[139.67148,36.03582],[139.67155,36.03611],[139.67168,36.03683]],[[141.12615,39.04816],[141.12619,39.04854],[141.1263,39.04988],[141.12635,39.05039]],[[141.12687,39.44121],[141.12662,39.44064],[141.1262,39.43967],[141.12613,39.4395],[141.1255,39.43799],[141.12444,39.43549],[141.1237,39.43371],[141.12275,39.4315],[141.12184,39.42932],[141.12158,39.42869],[141.12149,39.4284],[141.11825,39.42091],[141.11765,39.41951],[141.11575,39.41507],[141.11536,39.41419],[141.11354,39.40999],[141.1129,39.40857],[141.11237,39.40731],[141.11214,39.40671],[141.11183,39.4059],[141.11108,39.40422],[141.11096,39.40399],[141.11082,39.40374],[141.11065,39.40334],[141.11048,39.40288],[141.11031,39.40235],[141.11021,39.40203],[141.11011,39.40172],[141.11001,39.40129],[141.10983,39.40028],[141.1098,39.39994],[141.10971,39.39884],[141.10968,39.39782],[141.10972,39.39704],[141.10976,39.39647],[141.10983,39.39594]],[[140.18684,37.12183],[140.18565,37.12055],[140.18505,37.11989],[140.1846,37.11936],[140.18429,37.1188],[140.18421,37.11863],[140.18389,37.11773],[140.18377,37.11721],[140.18372,37.11678],[140.18371,37.11639],[140.18372,37.11604],[140.18373,37.11569],[140.18404,37.11346],[140.18414,37.11283],[140.18446,37.1107],[140.1846,37.11008],[140.18486,37.10941],[140.18517,37.10891],[140.1854,37.10858],[140.18583,37.10815],[140.18641,37.1076],[140.18681,37.10713],[140.18707,37.10667],[140.18742,37.1061],[140.18773,37.10536],[140.18789,37.10479],[140.18794,37.10456],[140.18801,37.10425],[140.18808,37.10365],[140.1881,37.10305],[140.18802,37.10215],[140.18791,37.10163],[140.18769,37.10091],[140.18731,37.1001],[140.187,37.09953],[140.18607,37.09786],[140.18539,37.09663],[140.18508,37.09602]],[[140.29879,37.15739],[140.29872,37.15719],[140.2986,37.15689],[140.29833,37.15636],[140.29792,37.15569],[140.29754,37.15515],[140.2971,37.15464],[140.29666,37.15419],[140.29617,37.15373],[140.29567,37.15331],[140.2951,37.15292],[140.2948,37.15273],[140.29454,37.15258],[140.29392,37.15225],[140.29332,37.15197],[140.29264,37.15168],[140.29197,37.15147],[140.29125,37.15129],[140.29092,37.15122],[140.29068,37.15117],[140.29008,37.15108],[140.28946,37.15098],[140.28806,37.15075],[140.28697,37.15058],[140.28629,37.15046],[140.28555,37.15034],[140.28485,37.15023],[140.2843,37.15014],[140.28345,37.14999],[140.2827,37.14988],[140.28059,37.14953],[140.27774,37.14907],[140.2763,37.14884],[140.27488,37.14858],[140.27354,37.14839],[140.27344,37.14837]],[[139.70936,36.19556],[139.71007,36.19327]],[[139.8084,36.3165],[139.80776,36.31539]],[[140.48477,37.80747],[140.48584,37.80842],[140.48632,37.80894],[140.48659,37.80929],[140.48687,37.80977],[140.4871,37.81023],[140.48727,37.81064],[140.48735,37.81089],[140.48739,37.811],[140.48747,37.81139],[140.48749,37.8117],[140.4875,37.81182]],[[141.0587436,38.3749138],[141.0595769,38.3756624],[141.0602729,38.376174],[141.0608797,38.3764655],[141.0614627,38.376638],[141.0620172,38.3767591]],[[139.77309,35.72595],[139.77347,35.72566],[139.77399,35.72524],[139.77477,35.72454],[139.77509,35.72423],[139.77543,35.72391],[139.77564,35.7237],[139.77741,35.72206]],[[140.88328,38.19819],[140.88328,38.19842],[140.88328,38.19943],[140.88328,38.20002],[140.88329,38.20092],[140.88328,38.20153],[140.88329,38.20217],[140.88329,38.20277],[140.88329,38.20323],[140.8833,38.20418],[140.88327,38.20502],[140.88327,38.20517],[140.88325,38.20591],[140.88322,38.20671],[140.88321,38.20706],[140.88319,38.20728],[140.88318,38.20761],[140.88318,38.20801],[140.88315,38.20841],[140.88315,38.20857],[140.88314,38.20874],[140.88313,38.20903],[140.8831,38.21],[140.88308,38.21055],[140.88308,38.21085],[140.88307,38.2109],[140.88306,38.21197],[140.88304,38.21295],[140.88301,38.21398],[140.88301,38.21463],[140.88309,38.2152],[140.88319,38.21573],[140.88333,38.21631],[140.88351,38.21698]],[[139.76067,35.73826],[139.76248,35.73669]],[[140.3886,37.39693],[140.38834,37.39595],[140.38803,37.39482],[140.38771,37.39362],[140.38743,37.39302],[140.38705,37.39204],[140.38674,37.39162],[140.3863,37.39111],[140.38511,37.38979],[140.38491,37.38957],[140.38479,37.38944],[140.38316,37.38764]],[[140.95654,38.30125],[140.95676,38.3013],[140.95706,38.30137],[140.95709,38.30138]],[[139.77015,35.72799],[139.77016,35.72798],[139.77037,35.7278],[139.77093,35.7273],[139.7712,35.7271],[139.77145,35.72691],[139.77188,35.72667]],[[140.08762,36.99729],[140.08708,36.99573]],[[139.62477,35.90472],[139.62475,35.90477],[139.6236,35.90764]],[[140.47683,37.79904],[140.47664,37.79878],[140.47555,37.7972],[140.4749,37.79627],[140.47421,37.79526],[140.4732,37.79383],[140.47315,37.79376],[140.47301,37.79356],[140.47291,37.79344],[140.47287,37.79338],[140.47253,37.79296],[140.47211,37.7925],[140.47167,37.7921],[140.47138,37.79187],[140.47101,37.7916],[140.47086,37.79151],[140.47074,37.79144],[140.4699,37.79099],[140.46949,37.79077],[140.46883,37.79042],[140.46754,37.78972],[140.4672,37.78954],[140.46687,37.78937],[140.46668,37.78926]],[[141.12098,38.89344],[141.12151,38.8939],[141.12198,38.89427],[141.12264,38.89475],[141.12322,38.89516],[141.12382,38.89555],[141.12448,38.89594],[141.12567,38.89662],[141.12578,38.8967],[141.12607,38.89687],[141.12648,38.89714],[141.12707,38.89764],[141.12746,38.89802],[141.12779,38.89839],[141.12795,38.89863],[141.12807,38.89891],[141.12818,38.8992],[141.12832,38.89976],[141.12913,38.90264],[141.12961,38.90434],[141.12972,38.90484],[141.12974,38.90506],[141.12974,38.90568],[141.12956,38.90871],[141.12949,38.9098],[141.12953,38.91013],[141.1296,38.91046],[141.12971,38.91071],[141.13022,38.91153],[141.13105,38.91284],[141.13145,38.91347],[141.13175,38.91392],[141.13248,38.91509],[141.1331,38.91606],[141.13348,38.91666],[141.13371,38.91704],[141.13448,38.91829],[141.13483,38.9189],[141.135,38.91926],[141.13511,38.91957],[141.13525,38.91986],[141.13556,38.92058],[141.136,38.92163],[141.13635,38.92248],[141.13674,38.92341],[141.1369,38.92376],[141.13716,38.92434]],[[139.66635,35.85033],[139.66701,35.84974],[139.6676,35.84922]],[[139.77832,35.71559],[139.77887,35.71623],[139.77969,35.71725],[139.77993,35.71763],[139.78012,35.71797],[139.78022,35.71823]],[[141.06488,38.3968],[141.06498,38.39712],[141.06548,38.39849]],[[140.45563,37.72276],[140.45604,37.72487]],[[139.77121,35.69258],[139.77159,35.69345]],[[140.53853,37.87828],[140.5403,37.87948]],[[140.43627,37.58963],[140.43477,37.5893]],[[141.11233,39.20072],[141.11186,39.20161],[141.11037,39.20441],[141.11022,39.20469],[141.11008,39.20493],[141.1099,39.20528],[141.1098,39.20547],[141.10958,39.20588],[141.10902,39.20691],[141.10789,39.20901],[141.10709,39.21054],[141.10602,39.21246],[141.10432,39.21561],[141.10134,39.22119],[141.10089,39.22207],[141.1001,39.22357],[141.09928,39.22508],[141.09828,39.22693]],[[140.4448,37.68898],[140.44475,37.6886],[140.44474,37.68835],[140.44475,37.68784],[140.44478,37.68755],[140.44482,37.68724],[140.44486,37.68694],[140.44488,37.6869],[140.44491,37.68681],[140.445,37.68656],[140.44514,37.68617],[140.4453,37.6859],[140.44546,37.68558],[140.4456,37.68538],[140.44582,37.68512],[140.44614,37.68478],[140.44631,37.68461],[140.44667,37.68434],[140.44803,37.68353],[140.44834,37.68338],[140.44855,37.68329],[140.44913,37.68304]],[[140.69183,38.03232],[140.69139,38.03228],[140.69123,38.03226],[140.69059,38.03226],[140.68999,38.03229],[140.6895,38.03235],[140.689,38.03243],[140.68853,38.03253],[140.68791,38.03271],[140.68725,38.03292],[140.6865,38.03324],[140.6862,38.03341],[140.68585,38.03361],[140.68558,38.03381],[140.68533,38.03402],[140.68502,38.03434],[140.68482,38.03454],[140.68446,38.03487],[140.68376,38.03552],[140.68318,38.03599],[140.68283,38.03623],[140.68251,38.03644],[140.68222,38.0366],[140.68212,38.03666],[140.68191,38.03675],[140.68125,38.03696],[140.68086,38.03706],[140.68037,38.03716],[140.67997,38.03721],[140.67955,38.03724],[140.67913,38.03724],[140.67866,38.03722],[140.67821,38.03718],[140.67774,38.03711],[140.6771,38.03695],[140.67643,38.03676],[140.6754,38.03642],[140.67466,38.0362],[140.6742,38.03612],[140.67379,38.03606],[140.67324,38.03602],[140.6727,38.03602],[140.67229,38.03602],[140.67185,38.03606],[140.67155,38.0361],[140.67152,38.03611],[140.67122,38.03617],[140.6708,38.03632],[140.66995,38.03662],[140.66877,38.03702],[140.66776,38.03738],[140.66641,38.03786],[140.66496,38.03838],[140.66358,38.03888],[140.66208,38.03938],[140.66131,38.03963]],[[139.65367,35.98241],[139.65226,35.97992]],[[140.44913,37.68304],[140.44973,37.68279],[140.44997,37.68268],[140.45016,37.68258],[140.45019,37.68256],[140.45057,37.68227],[140.45105,37.68187],[140.45123,37.6817],[140.45152,37.68135]],[[141.08126,38.43063],[141.08039,38.43012],[141.07817,38.42891],[141.07746,38.42848],[141.07688,38.42816],[141.07638,38.4279],[141.07615,38.42777],[141.07591,38.42763],[141.07549,38.42734],[141.07512,38.42702],[141.07481,38.42671],[141.07447,38.42634],[141.07418,38.42598],[141.07381,38.42541],[141.07355,38.42492],[141.07334,38.42428],[141.07321,38.42367],[141.07315,38.42306],[141.07311,38.4225],[141.07315,38.42198],[141.07322,38.42157],[141.07341,38.42098],[141.07376,38.42012],[141.07386,38.41984],[141.07391,38.41963],[141.074,38.41916],[141.07405,38.41857],[141.07408,38.41818],[141.07409,38.41749],[141.07408,38.41723],[141.07406,38.41686],[141.07397,38.41634],[141.07391,38.41604],[141.07377,38.41564],[141.07356,38.41511],[141.07345,38.41487],[141.07332,38.41462],[141.07318,38.41434],[141.07294,38.41397],[141.07265,38.41357],[141.07226,38.41308],[141.07197,38.41274],[141.0716,38.41236],[141.07144,38.41222],[141.07095,38.41176],[141.07051,38.41143],[141.07014,38.41117],[141.06985,38.4109],[141.06952,38.4106],[141.06891,38.40991],[141.06827,38.40917],[141.06749,38.40831],[141.06698,38.40772],[141.06619,38.40687],[141.06594,38.40657],[141.06576,38.40627],[141.06556,38.40575],[141.06544,38.40525],[141.06529,38.40457],[141.06527,38.40424],[141.06527,38.40382],[141.06543,38.40274],[141.06566,38.40187],[141.06579,38.40127],[141.06582,38.40103],[141.06582,38.40054],[141.06579,38.40002],[141.06576,38.39963],[141.06572,38.39944],[141.06563,38.39896],[141.06548,38.39849]],[[140.46689,37.61312],[140.46837,37.61659]],[[141.1204,39.32386],[141.12038,39.3241],[141.1201,39.32827],[141.11968,39.33456],[141.11957,39.33619],[141.1193,39.33941],[141.11891,39.34474],[141.11888,39.34503],[141.11877,39.34634],[141.11845,39.35111],[141.1183,39.35325],[141.11822,39.35426],[141.11784,39.35945],[141.11765,39.36199],[141.11765,39.36201],[141.11761,39.36234],[141.11744,39.36332],[141.11676,39.36626],[141.11626,39.36841],[141.11609,39.3691],[141.11558,39.37142],[141.11486,39.37451],[141.11427,39.37699],[141.11349,39.38032],[141.11304,39.38221],[141.11286,39.38296],[141.1128,39.3832],[141.1126,39.38404],[141.11255,39.38428],[141.11251,39.38443],[141.11245,39.38477],[141.11154,39.38862],[141.11128,39.38971],[141.11123,39.38999],[141.11067,39.39229]],[[140.88331,38.19625],[140.88328,38.19819]],[[140.26783,37.1445],[140.26787,37.14473],[140.2679,37.14499],[140.2679,37.14505],[140.26792,37.14512],[140.26794,37.14517],[140.26799,37.14523],[140.26802,37.14526],[140.26817,37.14543],[140.26822,37.14551],[140.26835,37.14575],[140.26849,37.14595],[140.26862,37.14615],[140.26878,37.14634],[140.26899,37.14658],[140.2691,37.1467],[140.26955,37.14707],[140.26963,37.14713],[140.26973,37.14722],[140.26975,37.14724],[140.26987,37.14732],[140.26996,37.14737],[140.27014,37.14747],[140.27041,37.14762],[140.2706,37.14771],[140.27089,37.14784],[140.27096,37.14787],[140.27101,37.14788],[140.27115,37.14793],[140.27164,37.14807],[140.27202,37.14816],[140.27288,37.14831],[140.27303,37.14832],[140.27344,37.14837]],[[139.76087,35.74278],[139.76105,35.74269],[139.7612,35.7426],[139.76132,35.74254],[139.76174,35.74225],[139.76207,35.74201],[139.76251,35.74167],[139.76294,35.74126],[139.76327,35.74093],[139.76335,35.74083],[139.76365,35.74046],[139.76401,35.7399],[139.76445,35.73907],[139.76504,35.73778],[139.76543,35.73682],[139.76575,35.73592],[139.76593,35.73543],[139.76625,35.73461],[139.76685,35.73324],[139.7671,35.73268],[139.7672,35.7325],[139.76727,35.73237],[139.76738,35.73215],[139.76777,35.73157],[139.76853,35.73045],[139.76879,35.73006],[139.7693,35.72944],[139.76986,35.72885],[139.77051,35.72827],[139.77074,35.72808],[139.77143,35.72749],[139.77169,35.72727],[139.77239,35.72665],[139.7727,35.72638],[139.77309,35.72595]],[[140.08708,36.99573],[140.08614,36.99331],[140.08601,36.99298],[140.08583,36.99262],[140.0857,36.99236],[140.08546,36.99203],[140.08533,36.99187],[140.08516,36.99169],[140.0848,36.99135],[140.08461,36.99118],[140.08417,36.99084],[140.08326,36.99035],[140.08227,36.98981],[140.08162,36.98949],[140.08129,36.98933],[140.08107,36.98924],[140.08088,36.98917],[140.08053,36.98904],[140.08013,36.98892],[140.07972,36.9888],[140.07835,36.98848],[140.07792,36.98834],[140.07757,36.9882],[140.07716,36.98797],[140.07684,36.98776],[140.07637,36.98746],[140.07606,36.98722],[140.07529,36.98661],[140.07385,36.98534],[140.07265,36.98433],[140.07208,36.98379],[140.07175,36.98344],[140.07117,36.98282],[140.06958,36.98099],[140.06935,36.98071],[140.06848,36.97969],[140.06627,36.97718],[140.06591,36.97677],[140.06551,36.9763],[140.06437,36.97502],[140.06246,36.9728],[140.06097,36.97109]],[[140.47786,37.80049],[140.47841,37.80126],[140.47918,37.80232],[140.47942,37.80263],[140.47992,37.80323],[140.4806,37.80393],[140.48174,37.805],[140.48289,37.80601],[140.48347,37.80651],[140.48354,37.80656],[140.48417,37.80704],[140.48477,37.80747]],[[140.4841,37.65404],[140.48423,37.65297]],[[139.66963,35.84745],[139.6698709,35.8472366],[139.67064,35.84647],[139.67092,35.84623],[139.67228,35.84508],[139.67326,35.84424],[139.67518,35.84262],[139.67552,35.84232],[139.67593,35.84193],[139.67641,35.84149],[139.67728,35.84067],[139.67815,35.83985],[139.67817,35.83984],[139.67899,35.83905],[139.68004,35.83803],[139.68073,35.83737],[139.68166,35.83655],[139.68233,35.83594],[139.68335,35.8349]],[[140.89595,38.26953],[140.89632,38.26966],[140.89656,38.26974],[140.89696,38.26988],[140.89739,38.27003],[140.89801,38.27025],[140.89869,38.27049],[140.8992,38.27064],[140.89971,38.2708],[140.90053,38.27101],[140.90097,38.27112],[140.90129,38.27117],[140.9016,38.27121],[140.90199,38.27124],[140.90259,38.27128],[140.9033,38.27128],[140.90387,38.27126],[140.90462,38.27121],[140.9053,38.27116],[140.90628,38.27108],[140.90699,38.27102],[140.90773,38.27096],[140.90783,38.27096],[140.90873,38.27091],[140.90908,38.27091]],[[141.14667,39.65493],[141.14681,39.65692],[141.14684,39.65728],[141.14708,39.66048],[141.1475,39.66595],[141.14775,39.66948],[141.14782,39.67093],[141.14783,39.67112],[141.14805,39.674],[141.14822,39.67701],[141.14846,39.68012],[141.14881,39.6832],[141.1489,39.68429],[141.14899,39.68589],[141.14893,39.68649],[141.14888,39.687]],[[139.67875,36.09798],[139.67854,36.10057],[139.67844,36.10194],[139.67843,36.10253],[139.67849,36.103],[139.67881,36.1056],[139.67893,36.10697],[139.67896,36.10726],[139.67914,36.10929],[139.67916,36.10947],[139.67918,36.10962],[139.67926,36.11032],[139.67936,36.11078],[139.67953,36.11135],[139.67967,36.11168],[139.6798,36.11191],[139.67998,36.11218],[139.68029,36.11256],[139.68131,36.11366],[139.68173,36.1141],[139.68194,36.11432],[139.68326,36.11574],[139.68509,36.1177],[139.68571,36.11838],[139.68607,36.11881],[139.68637,36.11934],[139.68734,36.12117],[139.68872,36.12372],[139.68987,36.12581],[139.69026,36.12652],[139.69175,36.12928],[139.69229,36.13023],[139.69299,36.13168],[139.69314,36.13204],[139.69335,36.13256],[139.6936,36.13336],[139.69376,36.13422]],[[139.63864,35.88514],[139.63847,35.88546],[139.63805,35.88623],[139.63757,35.88706],[139.63745,35.88731],[139.63713,35.88809],[139.63679,35.88883],[139.63652,35.88937],[139.63618,35.89002],[139.63591,35.89049],[139.63546,35.89128],[139.63516,35.89175],[139.63472,35.89241]],[[139.64498,35.8729],[139.64423,35.87356],[139.64371,35.87409],[139.64327,35.87463],[139.64307,35.87494],[139.64286,35.8753],[139.64263,35.87575],[139.64247,35.87611],[139.64201,35.87714],[139.64167,35.87801],[139.64108,35.87941],[139.64068,35.88036],[139.64005,35.88185],[139.63971,35.88269],[139.63934,35.88361]],[[139.63982,35.94696],[139.63942,35.94588],[139.63898,35.94483],[139.63869,35.94426],[139.63851,35.94389],[139.63832,35.94352],[139.63811,35.94311],[139.63797,35.94285],[139.6374,35.94179],[139.63716,35.94132],[139.63699,35.94101],[139.63672,35.9405],[139.63651,35.94011],[139.63634,35.93977],[139.63583,35.93882],[139.63474,35.93677],[139.63441,35.93608],[139.63356,35.93448],[139.63319,35.93377],[139.63285,35.93316]],[[139.73891,35.75163],[139.73928,35.75135],[139.73983,35.75094],[139.74037,35.75057],[139.7408,35.75018],[139.74096,35.75002],[139.74143,35.74954],[139.74178,35.74921],[139.74196,35.74906],[139.7422,35.74894],[139.74297,35.74859],[139.74392,35.74815],[139.74475,35.74773]],[[139.65763,35.85777],[139.65666,35.85936]],[[139.62477,35.90472],[139.62517,35.90379],[139.62558,35.90305],[139.6258,35.90269],[139.6261,35.90227],[139.62668,35.90163]],[[139.77993,35.71981],[139.78005,35.71955],[139.78019,35.71917],[139.78025,35.71879],[139.78026,35.71849],[139.78025,35.71838],[139.78022,35.71823]],[[139.8431,36.3759],[139.84353,36.37659],[139.84395,36.37732],[139.8442,36.37775],[139.84422,36.37777],[139.84522,36.37953],[139.84667,36.38198],[139.84822,36.38462],[139.84896,36.3859],[139.84987,36.38745],[139.85151,36.39028],[139.85373,36.39404]],[[139.96249,36.68057],[139.9622,36.68144],[139.96171,36.68281]],[[139.77573,35.71239],[139.77664,35.71439]],[[139.65367,35.98241],[139.65404,35.98304],[139.65448,35.98382],[139.65491,35.98458],[139.65517,35.98499],[139.65549,35.98541],[139.65584,35.98579],[139.65606,35.98598],[139.65624,35.98612],[139.65646,35.98631],[139.65663,35.98645],[139.65676,35.98655],[139.65707,35.98679],[139.65785,35.98741],[139.65847,35.98792],[139.65871,35.98815],[139.65917,35.98868],[139.65957,35.98929],[139.65982,35.98979],[139.66001,35.99027],[139.66008,35.99045],[139.66031,35.99108],[139.66045,35.99147],[139.66057,35.99175],[139.66117,35.99338],[139.66131,35.99374],[139.66145,35.99415],[139.66169,35.99481],[139.66199,35.99565],[139.66224,35.99635],[139.66254,35.99714],[139.6629,35.99816],[139.66318,35.99895],[139.66347,35.99966],[139.66359,35.99999],[139.66363,36.0001],[139.66379,36.00045],[139.66394,36.00084],[139.66404,36.00128],[139.66415,36.00187],[139.66423,36.00232],[139.66431,36.00285],[139.66438,36.00319],[139.66478,36.00639],[139.66486,36.00686],[139.66491,36.00713],[139.66497,36.00744],[139.66536,36.00934],[139.6657,36.01084],[139.66613,36.01265],[139.66643,36.01396],[139.66663,36.01485],[139.66672,36.0153],[139.6668,36.01633]],[[139.70936,36.19556],[139.70933,36.19565],[139.70902,36.19661],[139.7089,36.19698],[139.70855,36.19803],[139.70843,36.19856],[139.70838,36.19884],[139.70837,36.19935],[139.70843,36.19998],[139.70853,36.20048],[139.70861,36.20075],[139.70869,36.20094],[139.70878,36.20117],[139.70895,36.20147],[139.70932,36.20197],[139.70983,36.20259],[139.70987,36.20262],[139.71092,36.20377],[139.71094,36.20381],[139.71095,36.20381],[139.71268,36.20569],[139.71409,36.20722],[139.71428,36.20744],[139.71481,36.20802],[139.71513,36.20837],[139.71562,36.20891],[139.71568,36.20896],[139.71634,36.20969],[139.71655,36.20991],[139.71697,36.21037],[139.71795,36.21145],[139.719,36.2126],[139.72022,36.21391],[139.72052,36.21424],[139.72191,36.21574],[139.72433,36.21839],[139.72517,36.21931],[139.72555,36.21973],[139.72564,36.21982],[139.72665,36.22093],[139.72694,36.22125],[139.72714,36.22148],[139.72736,36.22173],[139.72813,36.22259],[139.72823,36.22268],[139.72899,36.22353],[139.72968,36.22429],[139.73042,36.22509],[139.73085,36.22557],[139.73089,36.2256],[139.73135,36.22611],[139.7319,36.2267],[139.73191,36.22672],[139.73252,36.2274],[139.73263,36.22752],[139.73292,36.22783],[139.73332,36.22829],[139.73337,36.22834],[139.73372,36.22873]],[[140.45249,37.68007],[140.45268,37.6798],[140.45281,37.67964],[140.453,37.67935],[140.45313,37.67918],[140.45323,37.67908],[140.45347,37.6789],[140.45451,37.67816],[140.45487,37.67793],[140.45524,37.67774],[140.45529,37.67772],[140.45549,37.67765],[140.45568,37.67759],[140.45593,37.67751],[140.45635,37.6774],[140.45638,37.67739],[140.45668,37.67734],[140.45714,37.67729],[140.45744,37.67729],[140.45838,37.67731],[140.45897,37.67734],[140.45915,37.67735],[140.45972,37.67739],[140.46035,37.67737]],[[141.06469,38.37869],[141.06513,38.37907],[141.06537,38.3793],[141.06612,38.38019]],[[139.6767,36.06452],[139.67805,36.0671]],[[140.02193,36.93247],[140.02019,36.93062]],[[139.75265,35.74732],[139.75315,35.74712],[139.75401,35.74677],[139.75509,35.74627]],[[140.4448,37.68898],[140.44491,37.68926],[140.44503,37.68966],[140.44513,37.68985]],[[141.11739,38.98894],[141.11779,38.98794],[141.11824,38.98683]],[[140.46035,37.67737],[140.46142,37.67715],[140.46181,37.67703],[140.46201,37.67698],[140.46208,37.67696],[140.46235,37.67687],[140.46288,37.67666],[140.46327,37.67646],[140.46356,37.6763],[140.46382,37.67613],[140.46405,37.67594],[140.46409,37.6759],[140.46417,37.67583],[140.46442,37.67557],[140.46465,37.67529],[140.46492,37.67492],[140.46516,37.67448],[140.46526,37.67428],[140.46541,37.67385],[140.46542,37.67382],[140.46566,37.67292],[140.46576,37.67246],[140.46581,37.67223],[140.46614,37.67079],[140.4662,37.67064],[140.46632,37.67039],[140.46642,37.67025],[140.46674,37.66969],[140.467,37.66938],[140.46737,37.66906],[140.46789,37.66868],[140.46827,37.66845],[140.46879,37.6682],[140.46884,37.66818],[140.46929,37.66802],[140.47102,37.66757],[140.47413,37.66678],[140.47462,37.66659],[140.47494,37.66643],[140.47531,37.66616],[140.47564,37.66587],[140.4767,37.66477],[140.47785,37.66354],[140.47858,37.66276],[140.4803,37.66094],[140.48149,37.65959],[140.48199,37.65894],[140.48263,37.65799],[140.48309,37.6572],[140.48364,37.65592]],[[139.66913,35.81839],[139.66873,35.81908],[139.66813,35.8201],[139.66757,35.8211],[139.66715,35.82176],[139.66665,35.82261],[139.66636,35.82304],[139.6659,35.82363],[139.66551,35.82404],[139.66523,35.82428],[139.66452,35.82478],[139.66384,35.8252],[139.66301,35.82575],[139.66231,35.82621]],[[139.97969,36.63078],[139.97969,36.63073],[139.9798,36.62991],[139.97987,36.62945],[139.97991,36.62922],[139.98,36.62857],[139.98003,36.62831],[139.98005,36.62815],[139.98017,36.62748],[139.98043,36.6263],[139.98055,36.62573],[139.98066,36.62508],[139.98075,36.62453],[139.9808,36.62421],[139.98092,36.62346],[139.98097,36.62283],[139.98097,36.62214],[139.98092,36.62158],[139.98087,36.62122],[139.9807,36.6205],[139.98059,36.62012],[139.98057,36.62001],[139.98041,36.61951],[139.98037,36.6194],[139.97986,36.61781],[139.9793,36.61614],[139.97927,36.61604],[139.97907,36.61545],[139.97899,36.61519],[139.97876,36.61452],[139.9786,36.61419],[139.97832,36.61373],[139.978,36.61328],[139.97773,36.613],[139.97735,36.61269],[139.97713,36.61252],[139.97663,36.61223],[139.9763,36.61206],[139.97552,36.61172],[139.97543,36.61168],[139.97503,36.61157],[139.97447,36.61147],[139.97437,36.61146],[139.97369,36.61138],[139.9734,36.61135],[139.97286,36.61131],[139.97048,36.61111],[139.96805,36.6109],[139.96707,36.61083],[139.96606,36.61075],[139.9659,36.61074],[139.96577,36.61073],[139.96525,36.61068],[139.96477,36.61061],[139.96424,36.61048],[139.96283,36.6101],[139.96263,36.61004],[139.96239,36.60997],[139.96238,36.60997],[139.96211,36.60989],[139.96191,36.60983],[139.96124,36.60958],[139.961,36.60948],[139.96069,36.60935],[139.96038,36.60921],[139.96006,36.60903],[139.95997,36.60898],[139.95981,36.60888],[139.95967,36.60879],[139.95929,36.60854],[139.9589,36.60828],[139.95809,36.60773],[139.95673,36.6068],[139.95659,36.6067],[139.95633,36.60653],[139.95387,36.60485],[139.95063,36.60263],[139.95004,36.60224],[139.94536,36.59907]],[[141.07404,38.65474],[141.07413,38.65426],[141.07418,38.65376],[141.07423,38.65306],[141.07426,38.65247],[141.07426,38.65212],[141.07424,38.65189],[141.07418,38.65161],[141.07406,38.6512],[141.0739,38.65082],[141.07367,38.65036],[141.07301,38.64892],[141.07235,38.64746],[141.07206,38.64685],[141.07154,38.64572],[141.07061,38.64373],[141.0691,38.64043],[141.06821,38.63852],[141.06804,38.63814],[141.06784,38.6377],[141.06709,38.63607],[141.06637,38.63452],[141.06482,38.63111],[141.06446,38.63036],[141.06435,38.6301],[141.06367,38.62861],[141.06355,38.62836],[141.06355,38.62834],[141.06283,38.62682],[141.06176,38.62454],[141.06086,38.62261],[141.06064,38.62211],[141.05993,38.62058],[141.05981,38.62031],[141.05955,38.61964],[141.05939,38.61925],[141.05929,38.61894],[141.05918,38.61831],[141.05914,38.61778],[141.05907,38.61677],[141.05903,38.61566],[141.05899,38.61479],[141.05891,38.6131],[141.05879,38.6107],[141.05869,38.60835],[141.05861,38.60665],[141.05859,38.60627],[141.05848,38.60367],[141.05846,38.60281],[141.0585,38.60197],[141.05853,38.60118],[141.05862,38.60011],[141.05875,38.59918],[141.05892,38.59766]],[[140.65262,38.03717],[140.65297,38.03766],[140.65351,38.03833],[140.65393,38.03876],[140.65439,38.03917],[140.65463,38.03932],[140.65498,38.03951],[140.65527,38.03966],[140.65542,38.03972],[140.65548,38.03974],[140.65585,38.03985],[140.65614,38.03993],[140.65649,38.04001],[140.65677,38.04007],[140.65708,38.04012],[140.65733,38.04016],[140.65766,38.04021],[140.65785,38.04023],[140.65794,38.04023],[140.6583,38.04022],[140.65881,38.04023],[140.65895,38.04024],[140.6595,38.04022],[140.65988,38.04016],[140.66026,38.04008],[140.66057,38.03997],[140.66131,38.03963]],[[140.86294,38.11094],[140.86217,38.10991],[140.86195,38.1096],[140.86193,38.10958],[140.86159,38.10912],[140.86104,38.10837],[140.86062,38.10782],[140.85994,38.10705],[140.85956,38.10661],[140.85886,38.1058],[140.85801,38.10482],[140.85762,38.10435],[140.85705,38.1037],[140.85624,38.10279],[140.85569,38.10214],[140.8555,38.10192],[140.85477,38.1011],[140.85441,38.1007],[140.85377,38.09997],[140.85293,38.09902],[140.85263,38.0987],[140.85215,38.09817],[140.85197,38.09796]],[[140.02019,36.93062],[140.01958,36.92984],[140.01727,36.92678],[140.01511,36.92384],[140.0149,36.92354],[140.01334,36.92131],[140.01223,36.91976],[140.01214,36.91969],[140.01207,36.91959],[140.01185,36.91928],[140.01153,36.91883],[140.01128,36.9185],[140.01069,36.91768],[140.00955,36.91612],[140.00941,36.91591],[140.00867,36.91489],[140.00844,36.91458],[140.00836,36.91448],[140.00804,36.91403],[140.00772,36.91358],[140.00769,36.91355],[140.00757,36.91338],[140.00739,36.91313],[140.00703,36.91264],[140.0068,36.9123],[140.00665,36.91211],[140.00658,36.91201],[140.00657,36.91199],[140.00625,36.91156],[140.00603,36.91126],[140.00556,36.91062],[140.00549,36.91051],[140.00547,36.91048],[140.00488,36.90967],[140.00447,36.9091],[140.00409,36.90858],[140.00342,36.90765],[140.00236,36.9062],[140.00121,36.9046],[139.99984,36.90271],[139.99957,36.90235],[139.99937,36.90206],[139.99895,36.90149],[139.9967,36.89832],[139.99596,36.89728],[139.99426,36.89489],[139.99399,36.8945],[139.99315,36.89332],[139.99266,36.89264],[139.99205,36.89179],[139.99154,36.89106],[139.99059,36.88974],[139.98965,36.88841],[139.98913,36.88768],[139.9883,36.88648],[139.98715,36.88481]],[[139.71799,35.79618],[139.71785,35.79577],[139.71769,35.79515],[139.71765,35.79471],[139.71746,35.79295],[139.71735,35.79192],[139.71725,35.79098],[139.71707,35.78938],[139.71697,35.78852],[139.71696,35.78835],[139.71685,35.78739],[139.71679,35.78692],[139.71677,35.78657],[139.71676,35.78628],[139.71676,35.78617],[139.71681,35.78574],[139.71692,35.78533],[139.717,35.78501],[139.71716,35.78457],[139.71732,35.78416],[139.71746,35.78376],[139.71759,35.78341],[139.7177,35.78308],[139.71778,35.78285],[139.71794,35.78243],[139.71814,35.78205],[139.71835,35.78162]],[[139.76778,35.68294],[139.7678,35.68112],[139.76708,35.67945]],[[141.14827,39.61201],[141.14795,39.6136]],[[141.15759,38.85449],[141.15778,38.85441],[141.15821,38.85424],[141.15892,38.8539],[141.16023,38.85323],[141.16176,38.85249],[141.16218,38.85227],[141.16252,38.85205],[141.16263,38.85198],[141.16293,38.85173],[141.16392,38.85078],[141.16539,38.8494],[141.16664,38.84822],[141.1684,38.84653],[141.16977,38.84524],[141.17,38.84501],[141.17105,38.844],[141.17307,38.84207],[141.17417,38.84103],[141.17477,38.84045],[141.17572,38.83956],[141.17649,38.83884],[141.17692,38.83841],[141.1772,38.83808],[141.17739,38.83777],[141.17756,38.8375],[141.17784,38.83702],[141.1783,38.83625],[141.17948,38.83427]],[[140.39009,37.40279],[140.39064,37.40473]],[[140.5403,37.87948],[140.54048,37.8796],[140.54128,37.88015],[140.54179,37.8805],[140.54251,37.881],[140.54337,37.88157],[140.54393,37.88201],[140.54448,37.88249],[140.54484,37.88285],[140.54508,37.8831],[140.54528,37.88336],[140.54547,37.88362],[140.54574,37.88402],[140.54595,37.88436],[140.54633,37.88509],[140.54645,37.88531],[140.54695,37.88629],[140.54711,37.8866],[140.54735,37.88706],[140.54756,37.88747],[140.54769,37.88772],[140.54795,37.8881],[140.54816,37.88838],[140.54844,37.88866],[140.54879,37.88893],[140.54926,37.88926],[140.54974,37.88955],[140.55016,37.88978],[140.55057,37.89],[140.55126,37.89035],[140.55219,37.89084],[140.55265,37.89109],[140.55301,37.89126],[140.55346,37.89145],[140.5538,37.89157],[140.55408,37.89165],[140.55418,37.89167],[140.55449,37.89172],[140.55455,37.89172],[140.55477,37.89174],[140.55503,37.89175],[140.5553,37.89176],[140.55592,37.89173],[140.55797,37.89153],[140.55828,37.89149],[140.55884,37.89141],[140.5593,37.89134],[140.55986,37.89123],[140.55997,37.89121],[140.56045,37.8911],[140.56082,37.89099],[140.56296,37.89035],[140.56369,37.89015],[140.56417,37.89006],[140.56477,37.89001],[140.56553,37.89004],[140.56611,37.89016],[140.56663,37.89032],[140.567,37.89047],[140.56745,37.89068],[140.56779,37.89088],[140.56797,37.89102],[140.56825,37.89126],[140.56846,37.89146],[140.56863,37.89162],[140.56877,37.89176],[140.56905,37.89209],[140.56913,37.8922],[140.56931,37.89246],[140.56947,37.89277],[140.56955,37.89294],[140.56962,37.89312],[140.56967,37.89332],[140.56974,37.89373],[140.56978,37.89446],[140.56979,37.89494],[140.56978,37.8956],[140.56974,37.89622],[140.56965,37.8973],[140.56963,37.89769],[140.56966,37.89797],[140.56971,37.89833],[140.56984,37.89882],[140.56988,37.89897],[140.56999,37.89934],[140.5702,37.9001],[140.57021,37.90015],[140.57026,37.90032],[140.57035,37.90062],[140.57052,37.90116],[140.57068,37.90151],[140.57084,37.90177],[140.57111,37.90212],[140.57134,37.90232],[140.5715,37.90244],[140.57181,37.90268],[140.57221,37.90292],[140.5726,37.90313],[140.57286,37.90324],[140.57417,37.90367],[140.5747,37.90388],[140.57513,37.90407],[140.5755,37.90424],[140.57597,37.90448],[140.57609,37.90454],[140.5767,37.90489],[140.57688,37.90499],[140.5769,37.905],[140.57753,37.90536],[140.57805,37.90569],[140.57871,37.90616],[140.57918,37.90657],[140.58023,37.90746]],[[140.34743,37.2514],[140.34849,37.25292],[140.3486,37.25306],[140.34914,37.25378],[140.34942,37.25418],[140.35057,37.25573],[140.35128,37.25671],[140.35174,37.25732],[140.35178,37.25738],[140.35224,37.25801],[140.35345,37.25967],[140.35401,37.26043],[140.35448,37.26106],[140.35497,37.26175],[140.35563,37.26264],[140.35598,37.26311],[140.35627,37.26354],[140.35729,37.26492],[140.35745,37.26513],[140.35875,37.26691],[140.3595,37.26794],[140.35972,37.26824],[140.36035,37.26908],[140.36154,37.27071],[140.36239,37.27187],[140.36312,37.27286],[140.36313,37.27287],[140.36392,37.27395],[140.36449,37.27472],[140.3645,37.27474],[140.36475,37.27508],[140.36537,37.27594],[140.36574,37.27643],[140.36595,37.27673],[140.36611,37.27692],[140.36656,37.27736],[140.36707,37.27784],[140.36773,37.27849],[140.36822,37.279],[140.36853,37.27941],[140.36884,37.27989],[140.3692,37.2805],[140.36947,37.28099],[140.36973,37.28151],[140.36999,37.282],[140.37005,37.28217],[140.37014,37.28242],[140.37025,37.28293],[140.37029,37.2835],[140.37028,37.28387],[140.37023,37.28443],[140.37019,37.28495],[140.37005,37.28597],[140.36995,37.2866],[140.36988,37.28711],[140.36973,37.28812],[140.36955,37.28947],[140.36941,37.29039],[140.36935,37.29077],[140.36931,37.29112],[140.36927,37.29141],[140.36926,37.29148],[140.36924,37.29161],[140.36914,37.29188],[140.3689,37.29243],[140.36864,37.29297],[140.36836,37.29364],[140.36826,37.29403],[140.36823,37.29425],[140.36822,37.29473],[140.36824,37.29506],[140.36835,37.29589],[140.36841,37.29628],[140.36842,37.29633],[140.36851,37.29671],[140.36859,37.29701],[140.36872,37.29741],[140.36876,37.29755],[140.36885,37.2978],[140.36902,37.29815],[140.36921,37.29845],[140.36934,37.29864],[140.36965,37.29901],[140.36998,37.29939],[140.37017,37.29956],[140.37037,37.29972],[140.37044,37.29977]],[[140.87983,38.14239],[140.88048,38.14378]],[[140.44513,37.68985],[140.4454,37.69053],[140.44541,37.69057],[140.44559,37.69096],[140.44582,37.69143],[140.44601,37.69179],[140.44626,37.6923],[140.44716,37.69409],[140.44887,37.69751],[140.44888,37.69752],[140.44923,37.69823],[140.44931,37.69841],[140.44957,37.69892],[140.4496,37.69897],[140.44979,37.69928],[140.44993,37.69948],[140.45019,37.69975],[140.45055,37.70009],[140.45074,37.70026],[140.45109,37.70057],[140.45124,37.70071],[140.45138,37.70085],[140.45142,37.70089],[140.45161,37.70112],[140.45201,37.70171],[140.45215,37.70198],[140.45226,37.70217],[140.45252,37.70273],[140.45284,37.70368],[140.45296,37.70413],[140.45312,37.70468],[140.45317,37.70496],[140.4532,37.70504],[140.45324,37.70555],[140.45324,37.70611],[140.45322,37.70657],[140.45312,37.70711],[140.45286,37.70826],[140.45283,37.70838],[140.45277,37.70863],[140.4526,37.70938],[140.45255,37.70967],[140.45231,37.7108],[140.45228,37.71095],[140.45227,37.71096],[140.45225,37.71109],[140.4522,37.71149],[140.45216,37.71209],[140.45217,37.71257],[140.45222,37.71302],[140.45231,37.71351],[140.45241,37.71384],[140.45254,37.7142],[140.45271,37.71461],[140.45273,37.71463],[140.45273,37.71467],[140.45278,37.71474],[140.45285,37.7149],[140.45331,37.71585],[140.45339,37.71604],[140.45341,37.71605],[140.45361,37.71648],[140.45399,37.71722],[140.45495,37.71913],[140.45507,37.71951]],[[139.70492,35.78758],[139.70409,35.78815],[139.70351,35.78855],[139.70309,35.78884],[139.70291,35.78897],[139.70263,35.78915],[139.70209,35.78944],[139.70137,35.78974],[139.70071,35.79],[139.70029,35.79012],[139.70001,35.79018],[139.69936,35.79027],[139.69794,35.79043],[139.69673,35.79056],[139.69549,35.79069],[139.69378,35.79087],[139.69251,35.79103]],[[140.88281,38.17201],[140.88269,38.17419]],[[139.63308,35.89478],[139.63259,35.89546],[139.63177,35.89646],[139.63143,35.89683],[139.63143,35.89684],[139.63094,35.89732],[139.63063,35.89766],[139.63006,35.8982],[139.62883,35.8993],[139.62814,35.89993],[139.62785,35.9002],[139.62768,35.90037],[139.62711,35.90105],[139.62668,35.90163]],[[141.14553,39.62591],[141.14525,39.62767],[141.14514,39.62884],[141.14516,39.63325],[141.14522,39.63434],[141.14537,39.63671],[141.14557,39.63948]],[[141.1206,38.71233],[141.12032,38.71213],[141.11951,38.71157],[141.11885,38.71108],[141.11833,38.7107]],[[139.76716,35.68228],[139.76621,35.67965]],[[140.38913,37.39936],[140.3886,37.39693]],[[141.14827,39.61201],[141.14946,39.60622],[141.15006,39.60329],[141.1501,39.60311],[141.15166,39.59534],[141.1517,39.59513],[141.15213,39.59304],[141.1522,39.5927],[141.15297,39.58885],[141.15353,39.58616],[141.15384,39.58466],[141.1539,39.58433],[141.1539,39.58431],[141.15396,39.58403],[141.15411,39.58335],[141.15429,39.58245],[141.1545,39.58146]],[[140.86437,38.11279],[140.86466,38.11313],[140.86515,38.11371],[140.86522,38.11378],[140.86591,38.11446],[140.86647,38.11498],[140.86672,38.11528],[140.86714,38.11579],[140.86745,38.1162],[140.8676,38.11642],[140.86777,38.11676],[140.86802,38.11728],[140.86862,38.1185],[140.86905,38.11941],[140.86976,38.12086],[140.87012,38.12162],[140.87015,38.12167],[140.87065,38.12269],[140.8711,38.12365],[140.87158,38.12466],[140.87187,38.12526],[140.87241,38.12642],[140.87262,38.1269],[140.87286,38.12741],[140.87293,38.12755],[140.87301,38.12775],[140.87329,38.12835],[140.87384,38.12951],[140.8744,38.13072],[140.87466,38.13128],[140.87508,38.13219],[140.87524,38.13254],[140.87573,38.1336],[140.87626,38.13472],[140.87682,38.13594],[140.87728,38.13697],[140.8778,38.13805],[140.87838,38.13928],[140.87881,38.14021],[140.879,38.14062],[140.87909,38.1408],[140.87915,38.14093],[140.87917,38.14097],[140.87956,38.14178],[140.87983,38.14239]],[[139.63808,35.8531],[139.63837,35.85278],[139.63854,35.85262],[139.6387,35.85247],[139.64003,35.85131],[139.6413,35.85018],[139.64314,35.84867],[139.64448,35.84759],[139.64516,35.84705],[139.64585,35.84652],[139.64624,35.84614]],[[140.76611,38.05914],[140.76869,38.05952]],[[140.89595,38.26953],[140.89617,38.26957],[140.89642,38.26961],[140.89663,38.26964],[140.89721,38.2697],[140.89769,38.26977],[140.89812,38.2698],[140.89819,38.26981],[140.89874,38.26985],[140.89921,38.26985],[140.89976,38.26984],[140.90051,38.26984],[140.90106,38.26987],[140.90181,38.26991],[140.9029,38.26997],[140.90367,38.27004],[140.90435,38.27011],[140.90497,38.2702],[140.90578,38.27034],[140.9065,38.27046],[140.9075,38.27062],[140.90826,38.27076],[140.90908,38.27091]],[[139.94196,36.81934],[139.9429,36.81977],[139.94301,36.81982],[139.94338,36.82001],[139.94356,36.82012],[139.94373,36.82021],[139.94436,36.82058],[139.94469,36.82078],[139.94521,36.82119],[139.94566,36.82153],[139.94605,36.82192],[139.94629,36.82228],[139.94694,36.82329],[139.94712,36.82376],[139.94719,36.82427]],[[139.77573,35.71239],[139.77542,35.71192],[139.77531,35.71175],[139.77524,35.71164],[139.77513,35.71135],[139.775,35.71091],[139.77496,35.71049],[139.77503,35.70992],[139.77518,35.70886],[139.77517,35.70827],[139.77494,35.70689],[139.77482,35.70608],[139.77458,35.70496],[139.77422,35.70296],[139.77413,35.70261],[139.77386,35.70199],[139.77375,35.70167],[139.77371,35.70156],[139.77346,35.69952],[139.77335,35.69872]],[[141.14656,39.48978],[141.14605,39.48797],[141.14591,39.48748],[141.14569,39.48672],[141.14498,39.48413],[141.14458,39.48274],[141.14416,39.48123],[141.1437,39.47989],[141.14326,39.47873],[141.14228,39.47648],[141.14216,39.47618],[141.14202,39.47587],[141.14127,39.47417],[141.14056,39.47254],[141.13979,39.47078],[141.13921,39.46944],[141.13898,39.46891],[141.13824,39.4672],[141.13788,39.46637],[141.13766,39.46587],[141.13696,39.46428],[141.13688,39.4641],[141.13682,39.46395],[141.13652,39.46324],[141.13562,39.46123],[141.13545,39.46083],[141.13459,39.4589],[141.134,39.45755],[141.13352,39.45648],[141.13346,39.45632],[141.13338,39.45615],[141.13249,39.45406],[141.13152,39.45187],[141.13128,39.45133],[141.1311,39.45092],[141.13037,39.44926],[141.12917,39.44655],[141.12876,39.44559],[141.12854,39.44507],[141.12775,39.4433]],[[140.51789,37.85593],[140.51812,37.85622],[140.51926,37.85766],[140.52067,37.85943],[140.52102,37.85988],[140.52121,37.86011],[140.52236,37.86156],[140.52316,37.86254],[140.52353,37.86301],[140.52442,37.86415],[140.52542,37.86542],[140.52551,37.86552],[140.52584,37.86595],[140.52684,37.86722],[140.52704,37.86747],[140.52813,37.8689],[140.52838,37.86922],[140.52854,37.86941],[140.52873,37.86967],[140.52909,37.87012],[140.52918,37.87023],[140.52935,37.87045],[140.52961,37.87077],[140.53021,37.87155],[140.53072,37.8722],[140.53121,37.87283],[140.53166,37.87339],[140.53173,37.87346],[140.53223,37.87395],[140.53267,37.87432],[140.53297,37.87454],[140.5331,37.87463],[140.53349,37.8749],[140.53387,37.87514],[140.53391,37.87517],[140.53434,37.87545],[140.53485,37.8758],[140.53635,37.87681],[140.53645,37.87687],[140.53691,37.87719],[140.5381,37.87798],[140.53853,37.87828]],[[139.62381,35.90445],[139.62396,35.90422],[139.62461,35.90327],[139.62521,35.90245],[139.62603,35.90134],[139.62653,35.90067],[139.62675,35.90035],[139.62712,35.89987],[139.62743,35.89944],[139.62776,35.89896],[139.62785,35.89879],[139.62797,35.89857],[139.62803,35.89842],[139.6283,35.89762],[139.62865,35.89652],[139.6289,35.89579],[139.62891,35.89576],[139.62919,35.89549],[139.62927,35.89533],[139.62934,35.89515],[139.6294,35.89483],[139.62948,35.8942],[139.6295,35.89378],[139.62947,35.89309],[139.62936,35.8924],[139.62928,35.89209],[139.629,35.89148]],[[140.46647,37.61216],[140.46623,37.61157],[140.46612,37.61121],[140.46568,37.60957],[140.46505,37.60703],[140.465,37.60681],[140.46441,37.60431],[140.46399,37.60284],[140.4636,37.60177],[140.46353,37.60157],[140.46325,37.60088],[140.46282,37.60002],[140.4627,37.5998],[140.46196,37.59853],[140.46137,37.59771],[140.46058,37.59678],[140.4595,37.59568],[140.45837,37.59465],[140.457,37.5934],[140.45647,37.59298],[140.45604,37.59266],[140.45525,37.59223],[140.4548,37.59201],[140.45403,37.59173],[140.45336,37.59154],[140.45225,37.59132],[140.45134,37.59121],[140.45068,37.59116],[140.45042,37.59115],[140.44957,37.59116],[140.44516,37.59127],[140.44448,37.59125],[140.44385,37.5912],[140.44315,37.59111],[140.44281,37.59105],[140.44193,37.59089],[140.44064,37.59062],[140.43781,37.58998],[140.43627,37.58963]],[[140.32845,37.20673],[140.32858,37.20751],[140.32886,37.20922],[140.32889,37.20936],[140.32918,37.21113],[140.32952,37.21317],[140.32999,37.21608],[140.33029,37.21785],[140.33033,37.21815],[140.33052,37.21932],[140.33075,37.22072],[140.33076,37.22077],[140.33093,37.22193],[140.33124,37.22372],[140.33143,37.2249],[140.33168,37.22661],[140.3318,37.22733],[140.33199,37.22838],[140.33214,37.22895],[140.33229,37.22955],[140.33233,37.22969],[140.33237,37.22981],[140.33255,37.23031],[140.33269,37.23069],[140.33281,37.23094],[140.33296,37.23121],[140.33365,37.23223],[140.33479,37.23379],[140.33589,37.23531],[140.33703,37.23687],[140.33755,37.2376],[140.33775,37.23788],[140.33849,37.23889],[140.33959,37.2404],[140.34033,37.24143],[140.34179,37.24349],[140.3429,37.24506],[140.34314,37.24539],[140.34325,37.24554],[140.34434,37.24712],[140.34543,37.24862],[140.34606,37.24948],[140.34625,37.24973]],[[139.7214,35.77687],[139.72119,35.77723],[139.72097,35.77755],[139.72024,35.77855]],[[140.41322,37.56265],[140.41361,37.56306],[140.41416,37.56365],[140.4143,37.56382],[140.4146,37.56424]],[[140.86437,38.11279],[140.86294,38.11094]],[[139.66635,35.85033],[139.66681,35.84982],[139.66728,35.8493],[139.66751,35.84904],[139.66813,35.84845],[139.66878,35.8478],[139.669,35.8476],[139.66938,35.84719],[139.66961,35.84692],[139.67005,35.84647],[139.67048,35.84605],[139.67098,35.84562],[139.67124,35.8454],[139.67179,35.84492],[139.67245,35.84437],[139.67345,35.8435],[139.67417,35.84286],[139.67456,35.84252],[139.67512,35.842],[139.67583,35.84129],[139.67651,35.84063],[139.67697,35.84018],[139.67699,35.84016],[139.67729,35.83986],[139.67754,35.83959],[139.6776,35.83952],[139.67792,35.83919],[139.6785,35.83857],[139.67903,35.83801],[139.67923,35.83781],[139.67944,35.83762],[139.67981,35.83732],[139.68015,35.83707],[139.68052,35.83681],[139.68092,35.83655],[139.68139,35.83625],[139.68204,35.83583],[139.6823,35.83562],[139.68335,35.8349]],[[141.1161,38.87486],[141.11606,38.87451],[141.1159,38.87271],[141.1159,38.87241],[141.11593,38.87206],[141.1161,38.87153],[141.11642,38.87074],[141.11661,38.87035],[141.11699,38.86983],[141.1173,38.86948],[141.1174,38.86938],[141.11751,38.86928],[141.11794,38.86887],[141.11852,38.86848],[141.1195,38.86799]],[[139.63285,35.93316],[139.63154,35.93067]],[[141.17552,38.79648],[141.17545,38.79626],[141.17487,38.79448],[141.17369,38.79075],[141.17326,38.78939],[141.17284,38.7879],[141.17272,38.7876],[141.17269,38.78753],[141.17258,38.78729],[141.17228,38.7868],[141.17159,38.78591],[141.17038,38.78444],[141.16855,38.78233],[141.16659,38.78002],[141.16623,38.7796],[141.16605,38.77939],[141.16594,38.77928],[141.16481,38.7776],[141.16466,38.77738],[141.16164,38.77277],[141.15967,38.76962]],[[139.98563,36.88267],[139.98485,36.88159],[139.98461,36.88125],[139.98259,36.87843],[139.98071,36.87581],[139.97928,36.87379],[139.97816,36.87222],[139.97565,36.86866],[139.97373,36.86599],[139.97302,36.86499],[139.97123,36.86246],[139.9706,36.86155],[139.96998,36.86066],[139.96821,36.85817],[139.96674,36.85609],[139.96511,36.85381],[139.96351,36.85149],[139.96272,36.85034],[139.96208,36.8494],[139.96056,36.84724],[139.95975,36.84606],[139.95939,36.84556],[139.95916,36.84522],[139.95883,36.84477]],[[139.77842,35.71511],[139.77919,35.71609],[139.77987,35.71699],[139.78014,35.71747],[139.78023,35.71773],[139.78025,35.71797],[139.78022,35.71823]],[[141.13716,38.92434],[141.13743,38.92498],[141.1376,38.92538]],[[140.98085,38.29971],[140.98007,38.29965],[140.97857,38.2995],[140.97842,38.29949]],[[139.67168,36.03683],[139.6721,36.03967]],[[140.3787,37.46352],[140.37918,37.46295],[140.37994,37.46199],[140.38054,37.46114],[140.38078,37.46069],[140.38089,37.4604],[140.381,37.46003],[140.38105,37.45974],[140.3811,37.45906],[140.38113,37.45754],[140.3811,37.45668],[140.38109,37.4564],[140.38108,37.45609],[140.38109,37.45565],[140.38118,37.45466],[140.38127,37.45414],[140.38136,37.45372],[140.38138,37.45366],[140.38147,37.45342],[140.3816,37.45314],[140.38177,37.4529],[140.38207,37.45248],[140.38234,37.45219],[140.3828,37.45178],[140.38317,37.45149],[140.38365,37.45121],[140.38423,37.4509],[140.3848,37.45058],[140.3855,37.45008],[140.38624,37.44945],[140.38651,37.44917],[140.38685,37.44876],[140.38738,37.44797],[140.38762,37.44753],[140.38779,37.44718],[140.38802,37.4467]],[[140.45152,37.68135],[140.45249,37.68007]],[[140.74149,38.04867],[140.74157,38.04877],[140.74266,38.05004],[140.74351,38.051],[140.74474,38.05239],[140.74572,38.05356],[140.74659,38.05459],[140.74687,38.05489],[140.74703,38.05503],[140.74725,38.05521],[140.74745,38.05536],[140.74795,38.05568],[140.7485,38.05597],[140.74888,38.05617],[140.74893,38.05618],[140.74935,38.05632],[140.74993,38.05648],[140.75053,38.05663],[140.75108,38.05676],[140.75174,38.05687],[140.75265,38.05702],[140.75505,38.05737],[140.75524,38.0574],[140.75817,38.05785],[140.76097,38.05829],[140.76438,38.05887],[140.76578,38.05909],[140.76611,38.05914]],[[140.08762,36.99729],[140.0878,36.99785],[140.08792,36.99838],[140.08804,36.99879],[140.08811,36.99919],[140.08837,37.00046],[140.08861,37.00138],[140.08886,37.00196],[140.08922,37.00248],[140.08965,37.00309],[140.09006,37.00365],[140.09035,37.00405],[140.09092,37.0048],[140.09141,37.00546],[140.09183,37.006],[140.0923,37.00657],[140.09293,37.00725],[140.09347,37.0078],[140.0938,37.00813],[140.09489,37.00913],[140.0956,37.00978],[140.09658,37.01068],[140.09701,37.01109],[140.09757,37.01156],[140.09806,37.01196],[140.09867,37.0124],[140.09928,37.01278],[140.10135,37.01391],[140.10146,37.01398],[140.10316,37.01489],[140.10596,37.01642],[140.10765,37.01736],[140.11068,37.01898],[140.11168,37.01954],[140.11186,37.01964],[140.11219,37.01982],[140.11327,37.02043],[140.11384,37.02073],[140.1145,37.02108],[140.11517,37.02141],[140.11577,37.02169],[140.11619,37.02187],[140.11673,37.02206],[140.1195,37.023]],[[141.05892,38.59766],[141.05915,38.59488]],[[140.69327,38.03258],[140.69183,38.03232]],[[140.3872,37.48164],[140.38561,37.47929],[140.38541,37.479],[140.38538,37.47896],[140.38519,37.47867],[140.38424,37.47727],[140.38343,37.47607],[140.38147,37.47316],[140.38072,37.47204],[140.37957,37.4703],[140.37895,37.46935]],[[139.77317,35.69935],[139.77333,35.70053],[139.77343,35.70134],[139.77351,35.70165],[139.77355,35.70174],[139.77374,35.70223],[139.77388,35.70261],[139.77401,35.70307],[139.77407,35.70334],[139.77435,35.70497],[139.77457,35.70632]],[[139.93261,36.80561],[139.93334,36.80763]],[[139.76764,35.68359],[139.76849,35.68586],[139.76933,35.6881],[139.77054,35.69096]],[[140.3787,37.46352],[140.37832,37.46433],[140.37815,37.46483],[140.37804,37.46528],[140.37793,37.46588],[140.3779,37.46617],[140.37788,37.46655],[140.37791,37.46691],[140.37798,37.46731],[140.37816,37.46787],[140.37837,37.46834],[140.37877,37.46906],[140.37895,37.46935]],[[139.63074,35.86819],[139.63137,35.86652]],[[140.88351,38.21698],[140.88363,38.21741],[140.88395,38.21851]],[[141.08422,38.68137],[141.08406,38.68134],[141.08331,38.68116],[141.08188,38.68084],[141.08137,38.68073],[141.08111,38.68067],[141.08084,38.68062],[141.08062,38.68055],[141.08031,38.68045],[141.08,38.68033],[141.07978,38.68024],[141.07954,38.68013],[141.07923,38.67997],[141.07888,38.67979],[141.07795,38.67931],[141.07735,38.679],[141.07662,38.67862],[141.07641,38.67852],[141.07609,38.67835],[141.0757,38.67812],[141.07549,38.67799],[141.07522,38.67781],[141.07504,38.67766],[141.07485,38.6775],[141.07465,38.67733],[141.07445,38.67713],[141.07427,38.67692],[141.0742,38.67685],[141.07415,38.67677],[141.07402,38.67659],[141.07389,38.6764],[141.07375,38.67617],[141.07366,38.67604],[141.07357,38.67587],[141.07347,38.67565],[141.07324,38.6751],[141.07311,38.67481],[141.07276,38.67399],[141.07253,38.67344],[141.07216,38.6726],[141.07193,38.67207],[141.07168,38.67149],[141.07149,38.67098],[141.07139,38.67065],[141.07135,38.67051],[141.07132,38.67028],[141.07129,38.67009],[141.07127,38.6696],[141.07126,38.66933],[141.07132,38.66865],[141.07141,38.66787],[141.07155,38.66646],[141.0717,38.66537],[141.07198,38.664],[141.07255,38.66143],[141.07265,38.66099],[141.07303,38.6593],[141.07337,38.65782],[141.07367,38.65648]],[[139.71799,35.79618],[139.718,35.79624],[139.71805,35.79654],[139.71828,35.79804],[139.71833,35.79849],[139.71832,35.799],[139.71824,35.79971],[139.71817,35.80016],[139.7181,35.80041],[139.71793,35.80093]],[[139.77054,35.69096],[139.77121,35.69258]],[[139.77196,35.72734],[139.77092,35.72822],[139.77069,35.7284]],[[141.06389,38.54641],[141.06397,38.54551],[141.06401,38.54507],[141.06419,38.54312]],[[140.99391,38.30092],[140.99385,38.30091],[140.99301,38.30082],[140.99237,38.30076],[140.99156,38.30068],[140.99089,38.30062],[140.99015,38.30056],[140.98944,38.30049],[140.98859,38.30041],[140.98811,38.30038],[140.98732,38.3003],[140.98661,38.30024],[140.98587,38.30017],[140.98576,38.30016],[140.98537,38.30012],[140.98524,38.30011],[140.98502,38.30009],[140.9846,38.30005],[140.98416,38.30001],[140.98361,38.29996],[140.98296,38.2999],[140.98251,38.29987],[140.98231,38.29985],[140.9816,38.29978],[140.98098,38.29973],[140.98085,38.29971]],[[141.06434,38.54147],[141.06449,38.53985]],[[139.95883,36.84477],[139.95738,36.84285]],[[140.46689,37.61312],[140.46647,37.61216]],[[140.4608,37.78129],[140.4608,37.78139],[140.46088,37.78299],[140.46089,37.78324],[140.46092,37.78395],[140.46097,37.78433],[140.46108,37.78473],[140.46121,37.78504],[140.46148,37.78552],[140.46172,37.7859],[140.46213,37.7864],[140.46235,37.78659],[140.46259,37.78681],[140.4627,37.7869],[140.46308,37.78721],[140.46339,37.78745],[140.46399,37.78781],[140.46459,37.78815],[140.46533,37.78854],[140.46541,37.78859],[140.46546,37.78861],[140.46554,37.78866],[140.46558,37.78868],[140.46579,37.78879],[140.46623,37.78902],[140.46668,37.78926]],[[140.12208,37.02388],[140.12446,37.02464],[140.12665,37.02538],[140.12741,37.0257],[140.13015,37.02711],[140.13169,37.02792],[140.132,37.02808],[140.1336,37.02892],[140.13439,37.02933],[140.13559,37.02997],[140.13591,37.03018],[140.13623,37.03041],[140.13644,37.03061],[140.13655,37.03073],[140.13666,37.03086],[140.13708,37.0314],[140.1372,37.03155],[140.13766,37.03213],[140.13848,37.03322],[140.13904,37.0339],[140.13919,37.03412],[140.13953,37.03451],[140.14002,37.03495],[140.14046,37.03528],[140.14075,37.03545],[140.14127,37.03569],[140.14183,37.03592],[140.14301,37.0364],[140.14423,37.03684],[140.14462,37.03699],[140.14537,37.03726],[140.14654,37.03772],[140.14692,37.03787],[140.14699,37.03791],[140.14732,37.03806],[140.14757,37.0382],[140.14798,37.03847],[140.14843,37.03878],[140.14874,37.03901],[140.14902,37.0393],[140.14918,37.03947],[140.14931,37.03962],[140.14983,37.04027],[140.15055,37.04137],[140.15097,37.04215],[140.15119,37.04269],[140.15178,37.0454],[140.15204,37.04658],[140.15235,37.048],[140.15236,37.04804],[140.15247,37.0486],[140.15258,37.0491],[140.15262,37.04926],[140.15273,37.04973],[140.15293,37.05038],[140.15306,37.05075],[140.15318,37.05112],[140.15323,37.05124],[140.15341,37.0517],[140.15419,37.05337],[140.15436,37.05374],[140.15451,37.05401],[140.15466,37.05429]],[[139.8553,36.39672],[139.85582,36.39762],[139.85613,36.39815],[139.8562,36.39826],[139.857,36.39963],[139.85766,36.40076],[139.85779,36.40098],[139.8585,36.40214],[139.85977,36.40456],[139.86039,36.40597],[139.86124,36.4092],[139.86125,36.40925],[139.86132,36.40963],[139.8616,36.41065],[139.86203,36.41221],[139.86246,36.41412],[139.86294,36.41667],[139.86312,36.41762],[139.86321,36.41812],[139.86352,36.41982],[139.86362,36.42036],[139.86371,36.42088],[139.864,36.42241],[139.8641,36.42299],[139.86442,36.42478],[139.86454,36.42547],[139.86468,36.42625],[139.8647,36.42632],[139.86482,36.42695],[139.86493,36.42762],[139.86528,36.42954],[139.86571,36.43192],[139.86576,36.43221],[139.8658,36.43244],[139.86603,36.43364],[139.86628,36.43505]],[[141.07552,38.51191],[141.07645,38.51065],[141.07659,38.51045],[141.07717,38.50965],[141.07857,38.50783],[141.08007,38.50584],[141.08155,38.50384],[141.08221,38.50295],[141.0823,38.50282],[141.08247,38.5026],[141.08333,38.50142],[141.08444,38.49992],[141.08576,38.49816],[141.08619,38.49757],[141.08671,38.49685],[141.08715,38.49627],[141.08734,38.49597],[141.08747,38.49577],[141.08757,38.49555],[141.08765,38.49531],[141.08775,38.4949],[141.08785,38.49444],[141.08788,38.49408],[141.08789,38.49371],[141.0879,38.49292],[141.08792,38.49262],[141.08796,38.4923],[141.08802,38.49202],[141.08814,38.49155],[141.08823,38.49131],[141.08839,38.49094],[141.08853,38.49068],[141.08875,38.49035],[141.08913,38.48985],[141.08926,38.48971],[141.08933,38.48964],[141.08961,38.48939],[141.08999,38.4891],[141.09041,38.48886],[141.09152,38.48823],[141.09312,38.48734],[141.09494,38.48631],[141.09569,38.48587],[141.09654,38.48535],[141.09723,38.48485],[141.09747,38.48464],[141.09778,38.48434],[141.09792,38.48416],[141.09809,38.48395],[141.09844,38.48342],[141.09873,38.48292],[141.09891,38.48255],[141.09902,38.4822],[141.09908,38.48181],[141.09912,38.48142],[141.09912,38.48102],[141.09907,38.48042],[141.09895,38.47972],[141.09884,38.4791],[141.09866,38.4782],[141.09844,38.47708],[141.09828,38.47628],[141.09811,38.47541]],[[141.13802,39.69969],[141.13473,39.7027]],[[141.06449,38.53985],[141.06469,38.53716],[141.0647,38.53702],[141.06486,38.53587],[141.06494,38.53529],[141.06499,38.53492],[141.06504,38.53453],[141.0651,38.53404],[141.06513,38.5336],[141.06518,38.53269],[141.06529,38.5308],[141.06528,38.53034],[141.06525,38.52938],[141.06521,38.5281],[141.06519,38.52747],[141.06519,38.52739],[141.06523,38.52662],[141.06531,38.52611],[141.06545,38.52553],[141.06563,38.52508],[141.06582,38.52476],[141.06618,38.52424],[141.06731,38.52286],[141.06805,38.52188],[141.06842,38.52139],[141.06856,38.5212],[141.06941,38.52005],[141.07116,38.51772],[141.07312,38.51514],[141.07432,38.5135]],[[139.71793,35.80093],[139.71788,35.80104],[139.71758,35.80169],[139.71735,35.80207],[139.71716,35.80237],[139.71698,35.80267]],[[139.85373,36.39404],[139.8553,36.39672]],[[139.84146,36.37307],[139.8431,36.3759]],[[140.15466,37.05429],[140.15494,37.05476],[140.15521,37.05518],[140.15553,37.05564]],[[139.6407,35.94976],[139.63982,35.94696]],[[139.76248,35.73669],[139.76257,35.73661],[139.76342,35.73584],[139.76419,35.73515],[139.76439,35.73497],[139.76477,35.73462],[139.76514,35.73426],[139.76551,35.73384],[139.76602,35.7332],[139.76619,35.73301],[139.76626,35.73289]],[[139.70375,35.81613],[139.70272,35.81714],[139.70227,35.81759],[139.7014,35.81847],[139.7005,35.81936],[139.6998,35.82007],[139.69933,35.8205],[139.69911,35.82071],[139.69895,35.82083],[139.6982,35.8214],[139.69735,35.82202],[139.69653,35.8226],[139.69564,35.82325],[139.69481,35.82385],[139.69402,35.82445],[139.69356,35.82481],[139.69307,35.82525],[139.69254,35.82577],[139.69191,35.82643],[139.69116,35.82721]],[[141.12635,39.05039],[141.12649,39.05168],[141.12666,39.05335],[141.12681,39.05464],[141.12686,39.05501],[141.12691,39.05548],[141.12711,39.05679],[141.1272,39.05722],[141.12725,39.05745],[141.12755,39.05838],[141.12818,39.06],[141.12846,39.06073],[141.12858,39.06106],[141.12885,39.06179],[141.12939,39.06324],[141.12962,39.06385],[141.13023,39.06553],[141.13038,39.06591],[141.1311,39.06779],[141.13132,39.06835],[141.13284,39.07236],[141.13393,39.07524],[141.13457,39.07694],[141.13478,39.07749],[141.13514,39.07848],[141.13556,39.0795],[141.136,39.0807],[141.1364,39.08178],[141.1368,39.08284],[141.13688,39.08305],[141.13718,39.08382],[141.13749,39.08464],[141.13775,39.08532],[141.13789,39.08568],[141.13807,39.08622],[141.13832,39.08687],[141.13879,39.08813],[141.13968,39.09051],[141.1398,39.09085],[141.14018,39.09186],[141.14057,39.09296]],[[140.46006,37.75341],[140.4598,37.75522]],[[139.73587,36.23108],[139.73372,36.22873]],[[139.93334,36.80763],[139.93347,36.80802],[139.93367,36.80855],[139.93396,36.80938],[139.9341,36.80977],[139.93416,36.80989],[139.93422,36.81009],[139.93425,36.81017],[139.93446,36.81074],[139.93467,36.81134],[139.93483,36.81178],[139.93503,36.81226],[139.93509,36.81239],[139.93518,36.81258],[139.93535,36.81294],[139.93554,36.81329],[139.93567,36.81352],[139.93588,36.81387],[139.93596,36.81398],[139.93605,36.81412],[139.93647,36.81465],[139.93703,36.81524],[139.9376,36.81577],[139.93913,36.81703],[139.94123,36.81878],[139.94174,36.81919],[139.94196,36.81934]],[[141.12183,39.28242],[141.1215,39.28162],[141.12101,39.2804]],[[140.49279,37.82351],[140.49234,37.82294],[140.49091,37.8211],[140.48978,37.81966],[140.48917,37.81887],[140.48886,37.81845],[140.48875,37.8183],[140.48828,37.81761],[140.48797,37.81715],[140.48763,37.8166],[140.48741,37.81618],[140.48729,37.81589],[140.48722,37.81557],[140.48721,37.81551],[140.48718,37.81519],[140.48718,37.81477],[140.48719,37.81438],[140.48729,37.81352],[140.48733,37.81318],[140.48741,37.81256],[140.4875,37.81182]],[[140.06097,36.97109],[140.05933,36.96915]],[[140.80231,38.06681],[140.80192,38.06637],[140.8014,38.06589],[140.80098,38.06555],[140.8004,38.06519],[140.7998,38.06486],[140.79923,38.0646],[140.79871,38.06438],[140.798,38.06416]],[[140.29933,37.15908],[140.29921,37.15868],[140.2991,37.15828],[140.29901,37.158],[140.29879,37.15739]],[[140.43477,37.5893],[140.43319,37.58895],[140.43138,37.58852],[140.4304,37.58823],[140.42968,37.58799],[140.429,37.58774],[140.4283,37.58744],[140.42775,37.58717],[140.42716,37.58685],[140.42635,37.58636],[140.42555,37.58588],[140.42467,37.58531],[140.42404,37.58485],[140.42349,37.58438],[140.42295,37.58385],[140.42256,37.58342],[140.42229,37.58314],[140.42192,37.58271],[140.42135,37.58202],[140.42109,37.5816],[140.42062,37.5808],[140.42046,37.58051],[140.41867,37.57733],[140.41859,37.57718],[140.41851,37.57704],[140.41794,37.57608],[140.41746,37.57522],[140.41699,37.57438],[140.41673,37.5739],[140.41657,37.57352],[140.41638,37.57303],[140.41629,37.57271],[140.41619,37.57233],[140.41612,37.57198],[140.41603,37.57152],[140.41599,37.57129],[140.41588,37.57051],[140.41564,37.56905],[140.41543,37.56757],[140.41517,37.566],[140.41479,37.5647],[140.4146,37.56424]],[[139.65226,35.97992],[139.65189,35.97925],[139.65153,35.97864],[139.65121,35.9781],[139.65095,35.97765],[139.65045,35.97681],[139.64994,35.97592],[139.64904,35.97435],[139.64699,35.97083],[139.64652,35.97004],[139.6443,35.9662],[139.64417,35.96598],[139.64407,35.96581],[139.64365,35.96507],[139.64341,35.96466],[139.64288,35.96373],[139.64278,35.96355],[139.64245,35.96282],[139.64241,35.96269],[139.64232,35.96234],[139.64224,35.96203],[139.64224,35.96194],[139.64213,35.96142],[139.64204,35.96085],[139.64197,35.96022],[139.64175,35.95826],[139.64155,35.9563],[139.64139,35.95463],[139.64137,35.9545],[139.64137,35.95439],[139.64126,35.95337],[139.64123,35.95311],[139.64114,35.95239],[139.64114,35.95225],[139.641,35.95105],[139.64096,35.9509],[139.64087,35.95044],[139.6407,35.94976]],[[140.91869,38.27568],[140.91832,38.27547],[140.91758,38.27502],[140.91673,38.27454],[140.91605,38.27414],[140.91537,38.27374],[140.9148,38.27339],[140.91446,38.27319],[140.91412,38.273],[140.9135,38.27265],[140.91311,38.27242],[140.9127,38.2722],[140.91235,38.27203],[140.91184,38.27179],[140.91126,38.27152],[140.91071,38.27131],[140.91061,38.27128],[140.91012,38.27112],[140.90997,38.27108],[140.90987,38.27106],[140.90963,38.271],[140.9096,38.271],[140.90925,38.27094],[140.90908,38.27091]],[[139.88527,36.54257],[139.88542,36.54275],[139.88609,36.54354],[139.88647,36.54395],[139.88708,36.54458],[139.88783,36.54528],[139.88915,36.54646],[139.89174,36.54874],[139.89212,36.54908],[139.89383,36.55058],[139.8951,36.55169],[139.89548,36.55202],[139.89591,36.5524],[139.89629,36.5528],[139.89662,36.55316],[139.89693,36.55356],[139.8971,36.55377],[139.89729,36.55431],[139.89742,36.55474],[139.89747,36.55487],[139.89786,36.55618],[139.89807,36.55697]],[[140.97285,38.31698],[140.97249,38.31661],[140.97247,38.31659],[140.97221,38.31632],[140.97196,38.31605],[140.97158,38.31567],[140.97114,38.31522],[140.97097,38.31505],[140.97071,38.31477],[140.97067,38.31473],[140.97017,38.31422],[140.96982,38.31386],[140.96937,38.3134],[140.96912,38.31313],[140.96891,38.31291],[140.96833,38.3123],[140.9678,38.31174],[140.96746,38.3114],[140.96724,38.31116],[140.96672,38.31063],[140.96639,38.31028],[140.96597,38.30986],[140.96575,38.30963],[140.96556,38.30943],[140.96492,38.30877],[140.96459,38.30843],[140.96424,38.30807],[140.96396,38.30779],[140.96372,38.30754],[140.96336,38.30716],[140.9631,38.3069],[140.9628,38.30658],[140.96237,38.30614],[140.96216,38.30593],[140.96197,38.30573],[140.96153,38.30527],[140.96129,38.30501],[140.96126,38.30499],[140.96109,38.30481],[140.96075,38.30445],[140.96052,38.30422],[140.96039,38.30409],[140.96019,38.30388],[140.96007,38.30376],[140.9599,38.30359],[140.95968,38.30335],[140.95943,38.3031],[140.95933,38.303],[140.959,38.30267],[140.95869,38.30239],[140.95847,38.30221],[140.95821,38.30202],[140.95789,38.3018],[140.95766,38.30166],[140.95743,38.30153],[140.95709,38.30138]],[[140.3727,37.3011],[140.37165,37.30053],[140.3709,37.30006],[140.37044,37.29977]],[[140.36918,37.35757],[140.37165,37.36332],[140.37176,37.36362],[140.37228,37.36474],[140.37266,37.36542],[140.37294,37.36584],[140.37331,37.36633],[140.37357,37.36664],[140.37405,37.36725],[140.37422,37.36747],[140.3746,37.36794],[140.37493,37.36838],[140.37515,37.36877],[140.37534,37.36931],[140.37572,37.3703],[140.37626,37.37178],[140.37634,37.372],[140.37645,37.37233],[140.3765,37.37259],[140.37664,37.37428],[140.37666,37.37448],[140.37675,37.37521],[140.37692,37.37583],[140.37727,37.37688],[140.37767,37.37804],[140.37878,37.38127],[140.37968,37.38342],[140.3799,37.3839],[140.38012,37.38432],[140.38021,37.38445],[140.38024,37.38449],[140.38052,37.38486],[140.38066,37.38502],[140.38095,37.38537],[140.38171,37.38618],[140.3823,37.38677],[140.38262,37.3871],[140.38288,37.38736],[140.38314,37.38761],[140.38316,37.38764]],[[140.18823,37.12325],[140.18684,37.12183]],[[139.77313,35.69743],[139.77335,35.69872]],[[140.65262,38.03717],[140.65333,38.03787],[140.6538,38.03827],[140.65442,38.03874],[140.65458,38.03887],[140.65469,38.03895],[140.65478,38.03901],[140.65509,38.03922],[140.65533,38.03935],[140.65562,38.03949],[140.65583,38.03958],[140.65595,38.03963],[140.65634,38.03974],[140.65672,38.03983],[140.65695,38.03986],[140.6573,38.03991],[140.65779,38.03996],[140.65801,38.03998],[140.65824,38.03999],[140.65912,38.04002],[140.65959,38.03997],[140.66025,38.03987],[140.66081,38.03977],[140.66131,38.03963]],[[140.26104,37.13805],[140.25933,37.137]],[[140.45972,37.75341],[140.4598,37.75522]],[[141.00959,38.31],[141.00968,38.31062],[141.00968,38.3109],[141.00958,38.31241],[141.00944,38.31431],[141.00924,38.31608],[141.00922,38.31649],[141.00919,38.31701],[141.00915,38.31846],[141.00918,38.31891],[141.00928,38.31932],[141.00942,38.3197],[141.00947,38.31984],[141.00956,38.32002],[141.00964,38.32017],[141.00966,38.32021],[141.00969,38.32026],[141.00996,38.32052],[141.0103,38.3209],[141.01075,38.3213],[141.01122,38.32168],[141.01163,38.322],[141.01216,38.32235],[141.01288,38.32278],[141.01435,38.32378],[141.01554,38.32458],[141.01639,38.32506],[141.01706,38.32542],[141.01754,38.32564],[141.01815,38.32587],[141.01824,38.3259],[141.01901,38.32618],[141.02068,38.32669],[141.02093,38.32678],[141.02163,38.32711],[141.02224,38.32744],[141.02262,38.32772],[141.02282,38.32789],[141.02296,38.32801],[141.0233,38.32832],[141.02378,38.32876],[141.02434,38.32935],[141.02495,38.32994],[141.02513,38.33018],[141.02653,38.33162],[141.02704,38.33213],[141.02756,38.33251],[141.02797,38.33276],[141.02957,38.33379],[141.0307,38.3345],[141.03214,38.33542],[141.03303,38.33597],[141.03352,38.3363],[141.03399,38.3366],[141.03413,38.3367],[141.03458,38.33712],[141.03484,38.33741],[141.03508,38.33775],[141.03526,38.33807],[141.03547,38.33865],[141.03555,38.33898],[141.03568,38.33944],[141.03572,38.3396],[141.03576,38.33978],[141.03606,38.34056],[141.0364,38.34152],[141.03654,38.34202],[141.03666,38.3425],[141.03682,38.34317],[141.03699,38.34395],[141.03704,38.34429],[141.03707,38.34467],[141.0371,38.34508],[141.03722,38.34546],[141.03732,38.34575],[141.03763,38.34623],[141.03821,38.34702],[141.03892,38.34795],[141.04033,38.34978],[141.04108,38.3508],[141.04196,38.35194],[141.04223,38.35228],[141.04278,38.3529],[141.04311,38.35322],[141.04351,38.35357],[141.04453,38.35427],[141.04524,38.35475],[141.0457,38.35505],[141.04649,38.35553],[141.04688,38.35576],[141.04718,38.35589],[141.04819,38.35634],[141.04867,38.35659],[141.04888,38.35669],[141.04914,38.35685],[141.04974,38.35724],[141.04996,38.35741],[141.05012,38.35754],[141.05042,38.35774],[141.05096,38.35818],[141.05131,38.35854],[141.05248,38.35969],[141.05285,38.36001],[141.05332,38.36038],[141.05363,38.36059],[141.05473,38.3612],[141.05535,38.36159],[141.05574,38.36187],[141.05634,38.36235],[141.05684,38.36275],[141.05752,38.36349],[141.05787,38.36398],[141.05813,38.36441],[141.05829,38.36484],[141.05841,38.36529],[141.05847,38.36567],[141.05848,38.36598],[141.05845,38.36683],[141.05838,38.36727],[141.05825,38.36769],[141.05806,38.36818],[141.05761,38.36919],[141.05723,38.37014],[141.05711,38.37051],[141.05707,38.37102],[141.05711,38.37153],[141.05717,38.37188],[141.05726,38.37241],[141.05727,38.37249],[141.0574,38.37295],[141.05753,38.3733],[141.05766,38.37362],[141.05778,38.37382],[141.05793,38.37401],[141.05823,38.37436],[141.05887,38.37505],[141.05934,38.37553],[141.05978,38.37595],[141.06022,38.37627],[141.06116,38.37683],[141.06233,38.37749],[141.06285,38.37775],[141.06344,38.37805],[141.06427,38.37844],[141.06451,38.37856],[141.06469,38.37869]],[[139.94618,36.75372],[139.9449,36.75564]],[[140.15553,37.05564],[140.15557,37.0557],[140.15568,37.05584],[140.15599,37.05623],[140.15617,37.05645],[140.1568,37.05711],[140.15725,37.05754],[140.15754,37.0578],[140.15782,37.05805],[140.15797,37.05817],[140.1581,37.05826],[140.15824,37.05836],[140.15849,37.05851],[140.15928,37.05899],[140.16001,37.05939],[140.16053,37.05968],[140.16096,37.05993],[140.16164,37.06031],[140.16206,37.06065],[140.16265,37.06125],[140.16277,37.06141],[140.16312,37.06196],[140.16342,37.06264],[140.16361,37.0632],[140.1637,37.06376],[140.16372,37.06399],[140.16371,37.06416],[140.16362,37.06479],[140.1635,37.06557],[140.16347,37.06591],[140.16348,37.06663],[140.16348,37.0669],[140.16351,37.06722],[140.16361,37.06766],[140.16387,37.0683],[140.16397,37.06859],[140.1641,37.06888],[140.16435,37.06933],[140.16465,37.06992],[140.16578,37.07199],[140.16658,37.07352],[140.16676,37.07382],[140.16692,37.07408],[140.16741,37.07475],[140.16755,37.07493],[140.16795,37.07545],[140.16842,37.07604],[140.16861,37.07627],[140.16937,37.07722],[140.1696,37.07752],[140.16986,37.07787],[140.17009,37.07815],[140.17197,37.08026],[140.17217,37.0805],[140.17251,37.08086],[140.1727,37.08104]],[[140.38828,37.48325],[140.38911,37.48453],[140.39051,37.48664],[140.39104,37.48742],[140.39279,37.49004],[140.39356,37.49117],[140.39476,37.49292],[140.39588,37.49455],[140.39674,37.49581],[140.39703,37.49624],[140.39753,37.49712],[140.39782,37.4977],[140.39819,37.49844],[140.39832,37.4987],[140.39878,37.49969],[140.39897,37.50019],[140.39914,37.50081],[140.39934,37.50159],[140.39965,37.50304],[140.39969,37.50339],[140.39971,37.50367],[140.39971,37.50369],[140.39972,37.50454],[140.39967,37.50544],[140.39953,37.50842],[140.39942,37.51112],[140.39935,37.5127]],[[141.14557,39.63948],[141.14538,39.63882],[141.14508,39.63758],[141.14489,39.63681],[141.14482,39.6365],[141.14464,39.63481],[141.14454,39.63386],[141.1444,39.63122],[141.14439,39.63009],[141.14444,39.62985],[141.14477,39.62856],[141.14501,39.62765],[141.14547,39.62606],[141.14553,39.62591]],[[139.71698,35.80267],[139.71659,35.80313],[139.71633,35.80347],[139.71588,35.80393],[139.71504,35.80476],[139.71464,35.80519],[139.71366,35.80612],[139.7119,35.80787],[139.71178,35.80799],[139.71016,35.8096],[139.70934,35.81042],[139.70849,35.81127],[139.70769,35.81208],[139.70685,35.81297],[139.70497,35.8149]],[[140.26104,37.13805],[140.2618,37.1385],[140.26207,37.13867],[140.26268,37.13903],[140.26325,37.13937],[140.26385,37.13973],[140.26444,37.14008],[140.26501,37.14042],[140.26555,37.14081],[140.26579,37.14103],[140.26595,37.14121],[140.26616,37.14149],[140.26633,37.14174],[140.26647,37.14196],[140.26656,37.14211],[140.26666,37.1423],[140.26682,37.14256],[140.26698,37.14284],[140.26719,37.14322],[140.2673,37.14341],[140.26735,37.14353],[140.26752,37.14387],[140.26783,37.1445]],[[139.75509,35.74627],[139.75585,35.74587],[139.75648,35.7455],[139.75772,35.74472],[139.7592,35.74378],[139.76014,35.7432],[139.76087,35.74278]],[[139.94196,36.81934],[139.94215,36.81948],[139.94235,36.81962],[139.94243,36.81968],[139.94252,36.81974],[139.9426,36.81979],[139.94271,36.81987],[139.94296,36.82005],[139.94408,36.82084],[139.94473,36.82131],[139.94542,36.82177],[139.94597,36.82228],[139.94644,36.82289],[139.94659,36.8231],[139.94669,36.82323],[139.94704,36.82389],[139.94719,36.82427]],[[140.46035,37.67737],[140.46145,37.67727],[140.4617,37.67725],[140.46198,37.67723],[140.46203,37.67723],[140.46269,37.67715],[140.46333,37.67709],[140.46354,37.67706],[140.46386,37.67702],[140.46426,37.67696],[140.46459,37.67691],[140.46513,37.67685],[140.4652,37.67683],[140.46576,37.67675],[140.46617,37.67669],[140.46703,37.67657],[140.46724,37.67654],[140.46758,37.67649],[140.4677,37.67647],[140.46776,37.67646],[140.4678,37.67645],[140.46801,37.67641],[140.46823,37.67637],[140.46826,37.67636],[140.46849,37.67632],[140.46909,37.67615],[140.4693,37.67607],[140.46941,37.67604],[140.46978,37.67588],[140.47031,37.67565],[140.47072,37.67543],[140.47099,37.67526],[140.47131,37.67504],[140.47139,37.67497],[140.47162,37.67477],[140.47176,37.67465],[140.47198,37.67444],[140.47212,37.67427],[140.47239,37.67393],[140.47253,37.67374],[140.47268,37.67351],[140.47322,37.67244],[140.47366,37.67158],[140.47388,37.67116],[140.47439,37.67019],[140.47464,37.66969],[140.47493,37.66905],[140.475,37.66888],[140.47562,37.66751],[140.47603,37.66675],[140.47627,37.66639],[140.47655,37.66602],[140.47721,37.66525],[140.47741,37.66502],[140.47863,37.66362],[140.48081,37.66111],[140.48096,37.66092],[140.4819,37.65985],[140.48234,37.65928],[140.48253,37.65897],[140.48266,37.6587],[140.4829,37.65809],[140.48338,37.65682],[140.48364,37.65592]],[[140.39003,37.40251],[140.38913,37.39936]],[[139.72187,35.7765],[139.72173,35.77679],[139.72158,35.77707],[139.72135,35.77748],[139.72111,35.77783],[139.72072,35.77833],[139.72046,35.77867]],[[140.45562,37.77502],[140.45572,37.7751],[140.45645,37.77578],[140.45734,37.77659],[140.45847,37.7776],[140.45877,37.77786],[140.45902,37.77812],[140.45924,37.77835],[140.45968,37.77882],[140.45997,37.77922],[140.46015,37.77954],[140.46038,37.77997],[140.46059,37.78048],[140.46075,37.78099],[140.46079,37.78116],[140.4608,37.78129]],[[140.36986,37.34371],[140.37042,37.34242],[140.37081,37.34149],[140.37165,37.33953],[140.37227,37.33827],[140.37265,37.33742],[140.37312,37.33639],[140.37321,37.33623],[140.37343,37.3358],[140.37362,37.33541],[140.37377,37.3351],[140.37399,37.33457],[140.37413,37.33417],[140.37418,37.33387],[140.3742,37.33366],[140.3742,37.33327],[140.37414,37.33274],[140.3741,37.33243],[140.37404,37.33217],[140.37386,37.33138],[140.37362,37.3305],[140.37356,37.33023],[140.37348,37.32992],[140.37345,37.32964],[140.37344,37.3293],[140.37346,37.3289],[140.37354,37.32834],[140.37362,37.32801],[140.37369,37.32772],[140.37371,37.32765],[140.37385,37.32727],[140.37391,37.32715],[140.37401,37.32696],[140.37404,37.3269],[140.37425,37.32655],[140.37436,37.32639],[140.37453,37.32618],[140.37499,37.32559],[140.37573,37.32467],[140.3766,37.32361],[140.37704,37.32306],[140.37761,37.32237],[140.37782,37.32212],[140.37803,37.32184],[140.3782,37.32156],[140.3784,37.32116],[140.37851,37.32089],[140.37864,37.32056],[140.37869,37.32032],[140.37874,37.31997],[140.37874,37.31942],[140.37874,37.31915],[140.37873,37.31904],[140.37872,37.31901],[140.37867,37.31878],[140.37857,37.31831],[140.37839,37.31752],[140.37828,37.31706],[140.37818,37.31667],[140.37808,37.31614],[140.37801,37.31547],[140.37798,37.31497],[140.37794,37.31452],[140.37788,37.31379],[140.37785,37.31349],[140.37781,37.31316],[140.37778,37.31294],[140.3777,37.31253],[140.37765,37.31231],[140.37737,37.31132],[140.37702,37.31014],[140.37701,37.31012],[140.37665,37.30888],[140.37633,37.30773],[140.376,37.3067],[140.37584,37.30616],[140.37563,37.30545],[140.37545,37.30488],[140.37523,37.30418],[140.37508,37.3037],[140.37499,37.30347],[140.37487,37.30326],[140.37464,37.30291],[140.3743,37.30249],[140.37408,37.30224],[140.37375,37.30193],[140.3735,37.30169],[140.37336,37.30156],[140.37316,37.3014],[140.3727,37.3011]],[[141.1376,38.92538],[141.13868,38.92784]],[[141.13159,38.95231],[141.13117,38.95331],[141.13082,38.95424],[141.13066,38.95463],[141.13039,38.95538],[141.12997,38.95642],[141.12981,38.95686],[141.12942,38.9579],[141.1292,38.95849],[141.12883,38.95948],[141.12829,38.96082],[141.1276,38.96259],[141.12699,38.96419],[141.12649,38.96543],[141.12594,38.96686],[141.12581,38.96717],[141.12557,38.96775],[141.12534,38.96829],[141.12489,38.96943],[141.12453,38.97043],[141.12428,38.9711],[141.1239,38.97207],[141.12345,38.97327],[141.12332,38.97361],[141.1225,38.97569],[141.12151,38.97828],[141.12141,38.97851],[141.12096,38.97963],[141.12086,38.97989],[141.12023,38.98149],[141.11916,38.98432],[141.11883,38.98521],[141.11866,38.98565],[141.11824,38.98683]],[[140.89282,38.26842],[140.89284,38.26843],[140.89352,38.26866],[140.89415,38.26888],[140.89458,38.26904],[140.89535,38.2693],[140.89584,38.26949],[140.89595,38.26953]],[[140.3787,37.46352],[140.37832,37.46389],[140.37805,37.46427],[140.37791,37.46451],[140.37765,37.46523],[140.37756,37.46571],[140.37753,37.46606],[140.37753,37.46656],[140.37758,37.46697],[140.37769,37.46741],[140.37791,37.46789],[140.37815,37.46831],[140.37845,37.46876],[140.37895,37.46935]]]},"properties":{"index":9,"operator_id":"jr_east","operator_name":"東日本旅客鉄道","line_name":"東北線","component_count":2,"track_centerline_count":400,"color":"#8B5CF6","bbox":[139.62219,35.67945,141.18392,39.7027],"label":"9. 東日本旅客鉄道 / 東北線"}},{"type":"Feature","id":"CONTINUITY_10","geometry":{"type":"MultiLineString","coordinates":[[[139.93844,35.79181],[139.93838,35.79205],[139.93806,35.79347],[139.93781,35.79462],[139.93775,35.79486],[139.93772,35.79501],[139.93771,35.79505],[139.93765,35.79532],[139.93744,35.7962],[139.93742,35.79626],[139.93737,35.7965],[139.93703,35.79781],[139.93698,35.79802],[139.93686,35.79838],[139.93668,35.79893],[139.93621,35.8001],[139.93614,35.80028],[139.93609,35.8004],[139.93591,35.80087],[139.93585,35.80101],[139.93581,35.80112],[139.93574,35.8013],[139.9355,35.80188],[139.93541,35.80214],[139.93522,35.80263],[139.93494,35.80334],[139.93485,35.80356],[139.93458,35.80424],[139.93454,35.80436],[139.93411,35.80548],[139.93363,35.80669],[139.93309,35.8081],[139.9325,35.80966],[139.93246,35.80978],[139.93208,35.81074],[139.93199,35.81096],[139.93188,35.81123],[139.93177,35.8115],[139.93135,35.81255],[139.93124,35.81281],[139.93106,35.81332],[139.93101,35.81345],[139.93066,35.81442],[139.93024,35.81554],[139.92986,35.81638],[139.92934,35.8177],[139.92892,35.81875],[139.92849,35.81969],[139.92812,35.82048],[139.92803,35.82064],[139.92773,35.82107],[139.92735,35.82162],[139.92725,35.82173],[139.92709,35.82192],[139.92692,35.82207],[139.9266,35.82235],[139.92608,35.82272],[139.92584,35.82288],[139.9254,35.8232],[139.92502,35.82343],[139.92465,35.82362],[139.92328,35.82436],[139.92307,35.82447],[139.92208,35.825],[139.9216,35.82523],[139.92154,35.82526]],[[139.84397,35.87653],[139.84405,35.87652],[139.84458,35.87638],[139.84488,35.87631],[139.84562,35.8761],[139.84582,35.87603],[139.84616,35.87592],[139.84677,35.87568],[139.84738,35.87537],[139.84817,35.87492],[139.8497,35.874],[139.85373,35.87137],[139.85417,35.87109],[139.85443,35.87091],[139.85471,35.8707],[139.85596,35.86977],[139.857455,35.868607]],[[139.63213,35.84697],[139.633241,35.847766],[139.6339429,35.8483014],[139.6344426,35.8488249],[139.6349542,35.8495268],[139.6354182,35.8503715],[139.6359536,35.8514661],[139.6366436,35.8528581],[139.637643,35.854952],[139.63869,35.857153],[139.641117,35.8621855],[139.643663,35.8675155],[139.6441508,35.868622],[139.6443174,35.8691217],[139.6444126,35.8695738],[139.6444601,35.8701567],[139.6444482,35.8711561],[139.6442936,35.8720365],[139.6438653,35.8732143],[139.6433656,35.8742613],[139.64307,35.87494],[139.64286,35.8753],[139.64263,35.87575],[139.64247,35.87611],[139.64201,35.87714],[139.64167,35.87801],[139.64108,35.87941],[139.64068,35.88036],[139.64005,35.88185],[139.63971,35.88269],[139.63934,35.88361]],[[139.46592,35.70063],[139.46605,35.69919]],[[139.55546,35.80368],[139.55611,35.80378],[139.55712,35.80388]],[[139.90462,35.83744],[139.90384,35.83825]],[[139.6695,35.84795],[139.66838,35.84722]],[[139.92154,35.82526],[139.92136,35.82535],[139.92043,35.82585]],[[139.74456,35.87527],[139.74477,35.87531],[139.74496,35.87535],[139.7457,35.87549],[139.74676,35.87571],[139.747,35.87575],[139.74754,35.87583],[139.74764,35.87585],[139.74783,35.87586],[139.74882,35.87588],[139.74892,35.87589],[139.74969,35.87589],[139.74981,35.87588],[139.74983,35.87589],[139.75036,35.87589],[139.75129,35.87589],[139.75302,35.87591],[139.75409,35.87592],[139.75482,35.87593],[139.75664,35.87594],[139.75697,35.87594],[139.75727,35.87594],[139.75783,35.87594],[139.75811,35.87595],[139.75916,35.87596],[139.76086,35.87595],[139.76144,35.87596],[139.76276,35.87596],[139.76361,35.87597],[139.76699,35.87597],[139.76956,35.87599],[139.76962,35.87599],[139.76996,35.876],[139.77137,35.87602],[139.77503,35.87605],[139.77727,35.87604],[139.77784,35.87604],[139.77997,35.87604],[139.78057,35.87603],[139.78249,35.87603],[139.78304,35.87604],[139.78403,35.87605],[139.78559,35.87605],[139.78917,35.87604],[139.78986,35.87604],[139.79048,35.87604]],[[139.82125,35.87607],[139.82267,35.87612],[139.82293,35.87613],[139.82327,35.87614]],[[139.87013,35.85784],[139.87064,35.85741],[139.87139,35.85679],[139.8717,35.85654],[139.87175,35.85647],[139.87197,35.85634],[139.87385,35.85482],[139.87545,35.85346],[139.87681,35.85225],[139.87802,35.85103],[139.87879,35.85024]],[[139.51368,35.79451],[139.5154,35.79527]],[[139.88763,35.84476],[139.88604,35.84491]],[[139.66838,35.84722],[139.66786,35.84689],[139.6671,35.8465],[139.66617,35.84614],[139.66559,35.84597],[139.66487,35.8458],[139.66388,35.84563],[139.66312,35.84557],[139.6629,35.84558],[139.66118,35.84552],[139.66071,35.84549],[139.65888,35.84552],[139.65798,35.84553],[139.65712,35.84557],[139.65614,35.84559],[139.65548,35.84558],[139.65473,35.84562],[139.65466,35.84563],[139.65093,35.84575],[139.65044,35.84577],[139.64947,35.84581],[139.64895,35.84586],[139.6487,35.84589]],[[139.82327,35.87614],[139.82617,35.87624],[139.82638,35.87625],[139.82813,35.8763],[139.82898,35.87633],[139.82995,35.87635],[139.83053,35.87637],[139.83061,35.87637],[139.83102,35.87638],[139.83136,35.87639],[139.833,35.87645],[139.83313,35.87646],[139.83388,35.87648],[139.83396,35.87648],[139.83423,35.8765],[139.83634,35.87656],[139.83679,35.87656],[139.837,35.87658],[139.83721,35.87659],[139.83745,35.8766],[139.83781,35.87661],[139.83807,35.87662],[139.83908,35.87665],[139.83982,35.87666],[139.84,35.87667],[139.84017,35.87667],[139.84046,35.87667],[139.84142,35.8767],[139.84148,35.87671],[139.84207,35.87672],[139.8425,35.87672]],[[139.9441,35.76977],[139.94372,35.77091],[139.94364,35.77115],[139.94362,35.77121]],[[139.5879,35.8159],[139.58872,35.81643],[139.58988,35.81719],[139.59205,35.81861],[139.59317,35.81935],[139.59448,35.82002],[139.5952,35.8204],[139.59766,35.82153],[139.59859,35.82195],[139.59994,35.82256],[139.60153,35.82331],[139.60416,35.82453],[139.60646,35.82559],[139.60764,35.82615],[139.60834,35.82654],[139.60892,35.82689],[139.60939,35.82725],[139.60965,35.82745],[139.61119,35.82879],[139.612,35.82971],[139.61394,35.83191],[139.61611,35.8344],[139.61731,35.83576],[139.61798,35.83655],[139.61877,35.83742],[139.62024,35.83907],[139.62075,35.83959],[139.6212,35.83997],[139.62177,35.84038],[139.62282,35.84107],[139.62388,35.84176],[139.62544,35.84276],[139.62722,35.84385]],[[139.49393,35.77853],[139.49432,35.77903],[139.4944,35.77914],[139.49469,35.77951],[139.49508,35.78001],[139.49542,35.78046],[139.49589,35.78107],[139.49607,35.7813],[139.49641,35.78174],[139.49659,35.78198],[139.49665,35.78205],[139.49668,35.78209],[139.49674,35.78215],[139.49679,35.78217],[139.4971,35.78258],[139.49774,35.78334],[139.49873,35.78458],[139.49915,35.78511],[139.49951,35.78548],[139.50076,35.78649],[139.5025,35.78788],[139.50289,35.78815],[139.50406,35.78909],[139.50471,35.78961],[139.50493,35.78978],[139.50515,35.78995],[139.50638,35.79092],[139.50718,35.79149],[139.50762,35.7918],[139.50859,35.79228],[139.50898,35.79243],[139.50989,35.79284],[139.51273,35.79409],[139.51335,35.79437],[139.51368,35.79451]],[[139.47071,35.73145],[139.47084,35.73175],[139.47092,35.73201],[139.47148,35.73396],[139.47241,35.73708],[139.47278,35.73848],[139.47327,35.74035],[139.47338,35.7408],[139.47356,35.74152],[139.47373,35.74221],[139.47452,35.7452],[139.47487,35.74644],[139.47534,35.74765],[139.47601,35.74905],[139.47658,35.75016],[139.47702,35.75104],[139.47775,35.75244],[139.47815,35.75322],[139.47828,35.75338],[139.47839,35.75353],[139.47848,35.7537],[139.47858,35.75389],[139.4787,35.75412],[139.47887,35.7545],[139.479,35.75479],[139.47909,35.75494],[139.47927,35.75529],[139.47945,35.75569],[139.47959,35.75601],[139.47986,35.75665],[139.48007,35.75704],[139.48024,35.75738],[139.48035,35.75764],[139.48044,35.75785],[139.48112,35.75926],[139.48131,35.75966],[139.48151,35.76007],[139.48163,35.76025],[139.48169,35.76037],[139.48178,35.76058],[139.48193,35.76093],[139.48202,35.76107],[139.4822,35.76142],[139.48227,35.76158],[139.48252,35.76212],[139.48271,35.76251],[139.48278,35.76266],[139.48291,35.76296],[139.48314,35.76346],[139.48336,35.76395],[139.48357,35.76441],[139.48376,35.76479],[139.48395,35.76518],[139.48408,35.76539],[139.48425,35.76575],[139.48459,35.76634],[139.48467,35.76647],[139.48513,35.76755],[139.48609,35.76869],[139.48666,35.7693],[139.48685,35.76955],[139.48686,35.76956],[139.48716,35.76993],[139.48751,35.7704],[139.48787,35.77089],[139.48819,35.77132],[139.48876,35.77209],[139.4891,35.77252],[139.48961,35.77315],[139.49007,35.77376],[139.4905,35.77431],[139.49091,35.77483],[139.49128,35.77529],[139.4916,35.77568],[139.49199,35.77613],[139.49223,35.77644],[139.49246,35.77671],[139.49282,35.77716],[139.49301,35.77739],[139.49318,35.77761],[139.49358,35.77809]],[[139.5154,35.79527],[139.51724,35.79607],[139.5185,35.79665],[139.51988,35.79722],[139.52019,35.79733],[139.52046,35.79744],[139.52075,35.79751],[139.52093,35.79755],[139.52119,35.79759],[139.52149,35.79762],[139.52172,35.79764],[139.52271,35.79772],[139.52321,35.79775],[139.52541,35.79794],[139.52777,35.79814],[139.5291,35.79831],[139.53118,35.79862],[139.53168,35.79871],[139.53303,35.79899],[139.53589,35.79958],[139.53841,35.80011],[139.54167,35.80078],[139.54327,35.80113],[139.54683,35.80185],[139.54711,35.80191],[139.54981,35.80249],[139.55228,35.80302],[139.55407,35.80341],[139.55433,35.80347],[139.55461,35.80353],[139.55509,35.80363],[139.55546,35.80368]],[[139.63934,35.88361],[139.63864,35.88514]],[[139.9671,35.72977],[139.96692,35.73009],[139.96659,35.73071],[139.96649,35.73088],[139.96632,35.73115]],[[139.88604,35.84491],[139.88595,35.84492],[139.88543,35.84504],[139.88502,35.84514],[139.88423,35.84538]],[[139.49358,35.77809],[139.49393,35.77853]],[[139.94362,35.77121],[139.94332,35.77216],[139.94308,35.77301],[139.94283,35.77398],[139.94267,35.77464],[139.94244,35.7756],[139.9424,35.77574],[139.94232,35.77603],[139.94223,35.77636],[139.94209,35.77692],[139.9419,35.77773],[139.94182,35.77807],[139.94154,35.77926],[139.9415,35.77946],[139.9414,35.77986],[139.94101,35.78138],[139.94094,35.78166],[139.9409,35.78184],[139.94068,35.78271],[139.94063,35.7829],[139.94045,35.78358],[139.94005,35.78525],[139.93994,35.78565],[139.9399,35.78582],[139.93981,35.78617],[139.93976,35.78638],[139.9396,35.78702],[139.93927,35.78831],[139.93915,35.78882],[139.93906,35.78918],[139.93904,35.78927],[139.93879,35.79024],[139.93878,35.79029],[139.93867,35.79077]],[[139.70496,35.86422],[139.70467,35.8641],[139.70398,35.86385]],[[139.9508,35.75601],[139.95069,35.75617],[139.95026,35.7567],[139.95016,35.75682],[139.94968,35.75742],[139.94948,35.75767],[139.949,35.75825],[139.94801,35.75951],[139.94774,35.75992],[139.94763,35.76009],[139.94747,35.7603],[139.94735,35.76052],[139.9472,35.76081],[139.94713,35.76104],[139.94669,35.76215],[139.94655,35.76258],[139.94637,35.76315],[139.9463,35.76336],[139.94625,35.7635],[139.94608,35.76401],[139.946,35.76422],[139.94594,35.7644],[139.9454,35.76604],[139.94487,35.76756],[139.94464,35.76827],[139.94425,35.76927],[139.9441,35.76977]],[[139.74456,35.87527],[139.74363,35.87508],[139.7435,35.87506]],[[139.95989,35.70775],[139.96002,35.70802],[139.96058,35.70912],[139.96106,35.71037],[139.96123,35.71079],[139.96176,35.71187],[139.96252,35.71329],[139.96269,35.71352],[139.9644,35.71596],[139.96501,35.71682],[139.96626,35.71854],[139.96737,35.72015],[139.96773,35.72082],[139.96787,35.72114],[139.96792,35.72127],[139.96798,35.72148],[139.96812,35.72225],[139.96815,35.72244],[139.96821,35.72284],[139.96825,35.72325],[139.96827,35.72372],[139.96831,35.72629],[139.96826,35.72701],[139.96812,35.7276],[139.968,35.728],[139.96777,35.72863],[139.9676,35.72892],[139.96727,35.72947],[139.9671,35.72977]],[[139.87879,35.85024],[139.87936,35.84965],[139.87971,35.84928],[139.88119,35.84773],[139.88144,35.84747],[139.882,35.8469],[139.88278,35.84628],[139.88303,35.84612],[139.88336,35.8459],[139.88423,35.84538]],[[139.857455,35.868607],[139.858788,35.867567]],[[139.95915,35.70669],[139.95932,35.70692],[139.95935,35.70696],[139.95948,35.70714],[139.95957,35.70728],[139.95966,35.70738],[139.95984,35.70768],[139.95989,35.70775]],[[139.858788,35.867567],[139.85918,35.86726],[139.86029,35.86634],[139.8625,35.86447],[139.86261,35.86438],[139.86463,35.86268],[139.86476,35.86257],[139.8678,35.85995],[139.86894,35.85894]],[[139.6487,35.84589],[139.64717,35.8462]],[[139.47201,35.68023],[139.47158,35.68148]],[[139.8425,35.87672],[139.84288,35.87669],[139.84338,35.87664],[139.84397,35.87653]],[[139.93867,35.79077],[139.93844,35.79181]],[[139.87879,35.85024],[139.87935,35.8495],[139.87971,35.84893],[139.88017,35.84823],[139.88064,35.84766],[139.88111,35.84712],[139.8814,35.84688],[139.88251,35.84616],[139.88285,35.84597],[139.88307,35.84586],[139.88423,35.84538]],[[139.64717,35.8462],[139.64585,35.84652],[139.64548,35.84659],[139.64512,35.84665],[139.64439,35.84683],[139.64392,35.84693],[139.64326,35.84709],[139.64235,35.8473],[139.6411,35.84762],[139.64031,35.84782],[139.63943,35.84803],[139.63906,35.84808],[139.63874,35.84812],[139.63809,35.84817],[139.63742,35.8482],[139.63652,35.84821],[139.63582,35.84815],[139.63536,35.8481],[139.63456,35.84795],[139.63385,35.84776],[139.63349,35.84765],[139.6332,35.84754],[139.63292,35.8474],[139.63213,35.84697],[139.63077,35.84612],[139.62971,35.84544],[139.62831,35.84452]],[[139.58656,35.81504],[139.5879,35.8159]],[[139.7435,35.87506],[139.7432,35.875],[139.74186,35.87476],[139.7402,35.87443],[139.73948,35.87429],[139.73933,35.87426],[139.73917,35.87423],[139.7383,35.87408],[139.73819,35.87406],[139.73697,35.87384],[139.73591,35.87364],[139.73517,35.8735],[139.73485,35.87345],[139.73391,35.87328],[139.73389,35.87327],[139.73262,35.87305],[139.7314,35.87283],[139.73022,35.87262],[139.72782,35.87216],[139.72722,35.87205],[139.72688,35.872],[139.72594,35.87182],[139.72531,35.87168],[139.72481,35.87157],[139.72462,35.87155],[139.72412,35.87145],[139.72324,35.87123],[139.72219,35.87098],[139.72157,35.87081],[139.72116,35.8707],[139.72024,35.87042],[139.72015,35.87039],[139.71998,35.87033],[139.71974,35.87025],[139.71945,35.87015],[139.71882,35.86991],[139.71761,35.86941],[139.71571,35.8686],[139.7151,35.86834],[139.71436,35.86806],[139.71371,35.86777],[139.71309,35.86752],[139.7122,35.86717],[139.71085,35.86662],[139.70863,35.86574],[139.70782,35.86539],[139.70757,35.8653],[139.70745,35.86525],[139.707,35.86507],[139.70547,35.86445],[139.70496,35.86422]],[[139.47158,35.68148],[139.47127,35.68233],[139.47102,35.68291],[139.47063,35.6838],[139.47023,35.68463],[139.46999,35.68517],[139.46985,35.68551],[139.46972,35.6859],[139.46906,35.68776],[139.46892,35.6882],[139.4688,35.68854],[139.46879,35.68857],[139.46863,35.68899],[139.46796,35.69112],[139.4678,35.69161],[139.46762,35.69216],[139.46717,35.69352],[139.46655,35.69531],[139.46654,35.69534],[139.46644,35.69566],[139.46641,35.69581],[139.46635,35.6962],[139.46617,35.69764],[139.46612,35.69818],[139.46606,35.69904],[139.46605,35.69919]],[[139.47201,35.68023],[139.47207,35.67997],[139.47209,35.67984],[139.47211,35.67969],[139.47214,35.67955],[139.47222,35.67923],[139.47248,35.67836],[139.47361,35.67536],[139.47391,35.67467],[139.47451,35.67314],[139.4759,35.6699],[139.47664,35.66772],[139.47695,35.66675],[139.47699,35.6666],[139.47699,35.66656],[139.477,35.66649],[139.47699,35.66643],[139.47698,35.66638]],[[139.79182,35.87605],[139.79187,35.87605],[139.79501,35.87604],[139.79588,35.87604],[139.79682,35.87604],[139.79718,35.87602],[139.79849,35.876],[139.79884,35.87599],[139.79966,35.87599],[139.80177,35.87596],[139.80291,35.87594],[139.80386,35.87594],[139.80492,35.87592],[139.80692,35.87591],[139.8083,35.8759],[139.80834,35.8759],[139.81049,35.87588],[139.81075,35.87588],[139.81334,35.87586],[139.81362,35.87586],[139.8144,35.87586],[139.81526,35.87588],[139.8156,35.8759],[139.81731,35.87596],[139.81771,35.87597],[139.81846,35.87597],[139.81948,35.87601],[139.81953,35.87601],[139.82036,35.87604],[139.82046,35.87605],[139.8208,35.87605],[139.82125,35.87607]],[[139.47722,35.6653],[139.47707,35.66577],[139.47698,35.66638]],[[139.55712,35.80388],[139.55823,35.80396],[139.55985,35.80404],[139.56265,35.80421],[139.56469,35.80441],[139.56496,35.80444],[139.56746,35.80474],[139.56941,35.80515],[139.57087,35.80557],[139.57245,35.80615],[139.57413,35.80699],[139.57516,35.80762],[139.57591,35.80808],[139.57795,35.80937],[139.57799,35.8094],[139.5807,35.81117],[139.58406,35.81336],[139.58656,35.81504]],[[139.86894,35.85894],[139.87013,35.85784]],[[139.90384,35.83825],[139.90356,35.83856],[139.9034,35.83875],[139.903,35.83917],[139.90253,35.83968],[139.90184,35.84045],[139.90138,35.84095],[139.90105,35.84128],[139.90092,35.84141],[139.90054,35.84173],[139.89997,35.84217],[139.8995,35.84246],[139.89934,35.84257],[139.89901,35.84276],[139.89877,35.84289],[139.89842,35.84306],[139.89781,35.84332],[139.89754,35.8434],[139.89714,35.84352],[139.89613,35.8438],[139.89568,35.8439],[139.89545,35.84394],[139.89475,35.84405],[139.89417,35.84413],[139.89398,35.84415],[139.893,35.84424],[139.89281,35.84426],[139.89159,35.84438],[139.89028,35.84451],[139.88994,35.84455],[139.88835,35.8447],[139.88795,35.84474],[139.88773,35.84475],[139.88763,35.84476]],[[139.95176,35.7548],[139.9508,35.75601]],[[139.62831,35.84452],[139.62722,35.84385]],[[139.47029,35.73039],[139.47013,35.72998],[139.46963,35.72856],[139.46953,35.72826],[139.46905,35.72678],[139.46864,35.72548],[139.46858,35.72531],[139.4682,35.72414],[139.468,35.7235],[139.46779,35.72285],[139.46769,35.72226],[139.46761,35.72167],[139.4675,35.72042],[139.46734,35.71842],[139.46723,35.7171],[139.46716,35.7164],[139.46703,35.71528],[139.46694,35.71448],[139.46676,35.71283],[139.46655,35.71058],[139.4664,35.70908],[139.46631,35.70802],[139.46627,35.70742],[139.46617,35.70626],[139.46601,35.7046],[139.4659,35.70343],[139.46588,35.70305],[139.46584,35.70261],[139.46584,35.70235],[139.46585,35.70214],[139.46586,35.70164],[139.46591,35.70082],[139.46592,35.70063]],[[139.79048,35.87604],[139.79179,35.87605],[139.79182,35.87605]],[[139.95176,35.7548],[139.95183,35.75468],[139.95222,35.75419],[139.95298,35.75323],[139.9534,35.75269],[139.95394,35.75201],[139.95407,35.75184],[139.95455,35.75113],[139.95507,35.75031],[139.95577,35.74913],[139.95582,35.74904],[139.95654,35.74788],[139.95786,35.74557],[139.95955,35.74269],[139.96001,35.74192],[139.96165,35.73914],[139.96223,35.73813],[139.9631,35.73664],[139.96341,35.73612],[139.96392,35.73521],[139.96408,35.73494],[139.96524,35.73301],[139.9658,35.73204],[139.96632,35.73115]],[[139.92043,35.82585],[139.91838,35.82692],[139.9167,35.82779],[139.91506,35.82864],[139.91402,35.8292],[139.91384,35.82929],[139.91249,35.82996],[139.91109,35.83076],[139.91059,35.83112],[139.90959,35.83196],[139.90923,35.83232],[139.90868,35.83291],[139.90832,35.83333],[139.90758,35.83413],[139.90635,35.83553],[139.90632,35.83556],[139.90559,35.83636],[139.90542,35.83655],[139.90535,35.83663],[139.90462,35.83744]],[[139.70398,35.86385],[139.70309,35.86351],[139.70209,35.86311],[139.70186,35.86302],[139.70073,35.86256],[139.69953,35.86209],[139.69858,35.86171],[139.69761,35.86132],[139.69689,35.86104],[139.69649,35.86088],[139.69497,35.86026],[139.69335,35.85962],[139.69265,35.85934],[139.6912,35.85876],[139.6899,35.85823],[139.68863,35.85772],[139.68775,35.85737],[139.68744,35.85723],[139.68696,35.85705],[139.68624,35.85676],[139.68595,35.85665],[139.68524,35.85637],[139.68342,35.85565],[139.68239,35.85524],[139.682,35.8551],[139.68089,35.85465],[139.6805,35.85449],[139.68006,35.85431],[139.67947,35.85409],[139.67853,35.8537],[139.67796,35.85342],[139.67724,35.85301],[139.6768,35.85276],[139.67658,35.85263],[139.6756,35.85197],[139.67501,35.85157],[139.67379,35.85075],[139.67237,35.84983],[139.67073,35.84875],[139.6695,35.84795]],[[139.47071,35.73145],[139.47052,35.73099],[139.47029,35.73039]]]},"properties":{"index":10,"operator_id":"jr_east","operator_name":"東日本旅客鉄道","line_name":"武蔵野線","component_count":2,"track_centerline_count":56,"color":"#D946EF","bbox":[139.46584,35.6653,139.96831,35.88514],"label":"10. 東日本旅客鉄道 / 武蔵野線"}},{"type":"Feature","id":"CONTINUITY_11","geometry":{"type":"MultiLineString","coordinates":[[[137.65853,36.56652],[137.65842,36.56653],[137.65831,36.56654]],[[137.65831,36.56654],[137.65748,36.56658],[137.65715,36.5666],[137.65685,36.56662],[137.65617,36.56667],[137.65522,36.56675],[137.65384,36.56683],[137.65276,36.56691],[137.65133,36.56701],[137.65069,36.56704]],[[137.65047,36.56706],[137.65058,36.56705],[137.65069,36.56704]],[[137.45843,36.58319],[137.45824,36.58311],[137.45643,36.58233],[137.45583,36.5821],[137.45444,36.58187],[137.45371,36.5818],[137.45227,36.58171],[137.44899,36.58168],[137.44817,36.5819],[137.44744,36.58213],[137.44699,36.58232],[137.44673,36.58252],[137.44644,36.5828],[137.44622,36.58304]],[[137.44622,36.58304],[137.44577,36.58356]],[[137.45911,36.58349],[137.45843,36.58319]]]},"properties":{"index":11,"operator_id":"立山黒部貫光","operator_name":"立山黒部貫光","line_name":"鋼索線","component_count":2,"track_centerline_count":6,"color":"#EC4899","bbox":[137.44577,36.56652,137.65853,36.58356],"label":"11. 立山黒部貫光 / 鋼索線"}},{"type":"Feature","id":"CONTINUITY_12","geometry":{"type":"MultiLineString","coordinates":[[[136.60143,34.54083],[136.60068,34.54113]],[[136.47867,34.63466],[136.47753,34.63597]],[[136.66919,34.52135],[136.66845,34.52163]],[[136.54637,34.5653],[136.54583,34.5658]],[[136.71115,34.49175],[136.70982,34.49214]],[[136.49765,34.61496],[136.49718,34.61534],[136.4971,34.61538],[136.49583,34.61636],[136.49521,34.61684],[136.49308,34.61848],[136.49124,34.61993],[136.49085,34.62027],[136.49043,34.62074],[136.48848,34.62306],[136.48609,34.62588],[136.4841,34.62826],[136.48323,34.62928],[136.48202,34.63069],[136.48055,34.63243],[136.4797,34.63346],[136.47867,34.63466]],[[136.6157,34.53787],[136.61489,34.53792]],[[136.5834,34.54873],[136.58268,34.54905]],[[136.54583,34.5658],[136.54539,34.56627],[136.54375,34.56816],[136.54319,34.56877],[136.54296,34.56901],[136.54246,34.5696],[136.54079,34.57153],[136.54,34.57246],[136.53862,34.57396],[136.53788,34.57487],[136.5377,34.57516],[136.53738,34.57574],[136.53725,34.57594],[136.5369,34.57647],[136.53661,34.57684]],[[136.68452,34.51306],[136.68423,34.51325],[136.683,34.5142],[136.68266,34.51446],[136.68136,34.51546],[136.68011,34.51638],[136.6792,34.517],[136.67853,34.51744],[136.67675,34.5184],[136.67656,34.51849],[136.67644,34.51854],[136.67634,34.51859],[136.67518,34.5191],[136.67354,34.51973],[136.67302,34.51993],[136.67081,34.52076],[136.66931,34.52132],[136.66919,34.52135]],[[136.6851,34.51261],[136.68452,34.51306]],[[136.51912,34.5962],[136.51901,34.59634],[136.51871,34.59674]],[[136.66845,34.52163],[136.6669,34.52222],[136.6652,34.52286],[136.66407,34.52328],[136.66331,34.52357],[136.66306,34.52366],[136.66008,34.52478],[136.65975,34.5249],[136.65855,34.52535],[136.65565,34.52645],[136.65263,34.52758],[136.65078,34.52828],[136.64936,34.52881],[136.64751,34.52951],[136.6471,34.52966],[136.64288,34.53126]],[[136.69808,34.4981],[136.69776,34.49834],[136.69751,34.49859],[136.69702,34.49908],[136.69682,34.49936],[136.69658,34.49972],[136.69638,34.50004],[136.69623,34.50031],[136.69595,34.50102],[136.6958,34.50138],[136.69552,34.50214],[136.69516,34.50307],[136.69508,34.50326],[136.695,34.5033],[136.69446,34.50454],[136.69427,34.50496],[136.69408,34.50525],[136.69352,34.506],[136.693,34.50659],[136.69288,34.5067],[136.6927,34.50688],[136.69245,34.50708],[136.69197,34.50745],[136.69177,34.50757],[136.69163,34.50767],[136.69022,34.50873],[136.6885,34.51003],[136.68767,34.51065],[136.6871,34.51108],[136.68656,34.51148],[136.68573,34.5121],[136.68515,34.51253],[136.6851,34.51261]],[[136.64662,34.53004],[136.64659,34.53006]],[[136.53579,34.57774],[136.53557,34.57795],[136.53504,34.5784],[136.53441,34.57889],[136.53392,34.57936],[136.53341,34.57988],[136.53285,34.58043],[136.53266,34.58059],[136.53208,34.581],[136.53176,34.58125],[136.53132,34.58151],[136.5312,34.58158],[136.5309,34.58177],[136.53083,34.58182],[136.53038,34.58207],[136.52984,34.58245],[136.52962,34.58264],[136.52844,34.58405],[136.52708,34.58579],[136.52642,34.58662],[136.52618,34.58697],[136.52495,34.58859],[136.52338,34.59064],[136.52181,34.5927],[136.5216,34.59296],[136.52065,34.5942],[136.52041,34.59451],[136.51912,34.5962]],[[136.58268,34.54905],[136.57811,34.55102],[136.57595,34.55198],[136.57532,34.55223],[136.57151,34.55388],[136.56933,34.55486],[136.56836,34.55526],[136.56657,34.55603],[136.56432,34.55704],[136.56105,34.55847],[136.55899,34.55937],[136.55891,34.55942],[136.55877,34.55947],[136.55849,34.55959],[136.55589,34.56073],[136.55567,34.56081],[136.55274,34.5621],[136.55253,34.56218],[136.55178,34.56252],[136.55032,34.56316],[136.5498,34.56337],[136.54949,34.56349],[136.54828,34.56407],[136.54778,34.56431],[136.54694,34.56486],[136.54649,34.56523],[136.54637,34.5653]],[[136.61489,34.53792],[136.61343,34.53805],[136.6126,34.53812],[136.61028,34.53832],[136.60857,34.53853],[136.60794,34.53858],[136.60667,34.5388],[136.60604,34.53896],[136.60476,34.53938],[136.60363,34.53987],[136.60243,34.54041],[136.60217,34.54053],[136.60168,34.54073],[136.60154,34.54079],[136.60143,34.54083]],[[136.71399,34.48779],[136.71402,34.48795],[136.71404,34.48865],[136.71404,34.48885]],[[136.64218,34.53153],[136.64017,34.53228],[136.63767,34.5332],[136.63686,34.5335],[136.63496,34.53422],[136.63433,34.53445],[136.63232,34.53521],[136.63189,34.53538],[136.63076,34.5358],[136.63054,34.53587],[136.63024,34.53597],[136.62983,34.53609],[136.62952,34.53616],[136.6277,34.53666],[136.62696,34.53678],[136.62608,34.53693],[136.62556,34.53698],[136.62386,34.53716],[136.62306,34.53725],[136.62209,34.53731],[136.62,34.53751],[136.61911,34.53758],[136.61774,34.53768],[136.61639,34.5378],[136.6157,34.53787]],[[136.51871,34.59674],[136.51818,34.5974],[136.51667,34.59931],[136.51597,34.6002],[136.5155,34.60079],[136.51518,34.60115],[136.5149,34.6014],[136.51395,34.60215],[136.51366,34.60238],[136.51219,34.60355],[136.51053,34.60482],[136.50951,34.60564],[136.50916,34.60591],[136.50903,34.60601],[136.50892,34.60609],[136.50872,34.60626],[136.50834,34.60655],[136.50819,34.60667],[136.50784,34.60695],[136.50666,34.60785],[136.5055,34.60877],[136.50408,34.60988],[136.50393,34.61001],[136.50345,34.61038],[136.50308,34.61068],[136.50188,34.61164],[136.5017,34.61179],[136.50158,34.61188],[136.50155,34.61191],[136.50137,34.61205],[136.50007,34.61307],[136.49939,34.61361],[136.49823,34.61451]],[[136.53661,34.57684],[136.53645,34.57706],[136.53602,34.57752],[136.53579,34.57774]],[[136.49823,34.61451],[136.49765,34.61496]],[[136.71404,34.48885],[136.71402,34.48918],[136.71398,34.48937],[136.71396,34.48947],[136.71388,34.48973],[136.71383,34.48984],[136.71346,34.49051],[136.71326,34.49075],[136.71317,34.49083],[136.71276,34.49114],[136.71249,34.49129],[136.71236,34.49136],[136.7119,34.49154],[136.71115,34.49175]],[[136.69905,34.49759],[136.69808,34.4981]],[[136.60068,34.54113],[136.59759,34.54249],[136.59371,34.54419],[136.59347,34.54429],[136.59184,34.54501],[136.59159,34.54512],[136.59128,34.54525],[136.59001,34.5458],[136.58775,34.5468],[136.58754,34.5469],[136.5858,34.54766],[136.58561,34.54774],[136.58398,34.54848],[136.5834,34.54873]],[[136.70982,34.49214],[136.70889,34.49244],[136.70865,34.49256],[136.70851,34.49267],[136.70833,34.49287],[136.70822,34.49301],[136.70802,34.49347],[136.70774,34.49414],[136.70758,34.49439],[136.70734,34.49477],[136.70713,34.49505],[136.70668,34.49547],[136.70656,34.49557],[136.70628,34.49579],[136.70609,34.49588],[136.70561,34.49611],[136.70488,34.49637],[136.70468,34.49641],[136.70445,34.49647],[136.7033,34.49664],[136.70179,34.49686],[136.70163,34.49688],[136.70075,34.49703],[136.70052,34.49707],[136.69982,34.49726],[136.69966,34.49733],[136.69947,34.49741],[136.69905,34.49759]],[[136.64288,34.53126],[136.64218,34.53153]]]},"properties":{"index":12,"operator_id":"近畿日本鉄道","operator_name":"近畿日本鉄道","line_name":"山田線","component_count":2,"track_centerline_count":28,"color":"#A16207","bbox":[136.47753,34.48779,136.71404,34.63597],"label":"12. 近畿日本鉄道 / 山田線"}}]}
