{"type": "FeatureCollection", "features": [{"type": "Feature", "bbox": [139.46857, 35.66881, 139.47941, 35.67295], "geometry": {"type": "LineString", "coordinates": [[139.47941, 35.67234], [139.47931, 35.67235], [139.47651, 35.67287], [139.47609, 35.67293], [139.47593, 35.67294], [139.47559, 35.67295], [139.47516, 35.67294], [139.47485, 35.67292], [139.47462, 35.6729], [139.47433, 35.67285], [139.47408, 35.6728], [139.47395, 35.67278], [139.47377, 35.67274], [139.4733, 35.67265], [139.47172, 35.6723], [139.47067, 35.67205], [139.47043, 35.67195], [139.47026, 35.67187], [139.47003, 35.67171], [139.4698, 35.67151], [139.46946, 35.67111], [139.46925, 35.67077], [139.46906, 35.67029], [139.46891, 35.6699], [139.46857, 35.66881]]}, "properties": {"id": "TRACK_TOKYO_0088", "line_name": "京王線", "station_group_ids": [], "mode": "private", "operator_id": "keio", "line_color": "#F18A00", "tags": ["tokyo", "track_centerline"]}}, {"type": "Feature", "bbox": [139.48079, 35.66935, 139.49376, 35.67204], "geometry": {"type": "LineString", "coordinates": [[139.49376, 35.66935], [139.49207, 35.6699], [139.49034, 35.67027], [139.48904, 35.67051], [139.48725, 35.67084], [139.48544, 35.67116], [139.48257, 35.67172], [139.48089, 35.67203], [139.48079, 35.67204]]}, "properties": {"id": "TRACK_TOKYO_0095", "line_name": "京王線", "station_group_ids": [], "mode": "private", "operator_id": "keio", "line_color": "#F18A00", "tags": ["tokyo", "track_centerline"]}}, {"type": "Feature", "bbox": [139.47941, 35.67204, 139.48079, 35.67234], "geometry": {"type": "LineString", "coordinates": [[139.48079, 35.67204], [139.47941, 35.67234]]}, "properties": {"id": "TRACK_TOKYO_0099", "line_name": "京王線", "station_group_ids": [], "mode": "private", "operator_id": "keio", "line_color": "#F18A00", "tags": ["tokyo", "track_centerline"]}}, {"type": "Feature", "bbox": [139.45555, 35.78839, 139.45673, 35.78927], "geometry": {"type": "LineString", "coordinates": [[139.45673, 35.78839], [139.45657, 35.78852], [139.45613, 35.78885], [139.45555, 35.78927]]}, "properties": {"id": "TRACK_TOKYO_0693", "line_name": "狭山線", "station_group_ids": [], "mode": "private", "operator_id": "seibu", "line_color": "#00A15F", "tags": ["tokyo", "track_centerline"]}}, {"type": "Feature", "bbox": [139.42062, 35.77172, 139.44084, 35.77928], "geometry": {"type": "LineString", "coordinates": [[139.42062, 35.77172], [139.42101, 35.77207], [139.42138, 35.77241], [139.42168, 35.77271], [139.42177, 35.77282], [139.42183, 35.77291], [139.42236, 35.77354], [139.42268, 35.77392], [139.42307, 35.7744], [139.42332, 35.7747], [139.42349, 35.77488], [139.42355, 35.77495], [139.42372, 35.77512], [139.42387, 35.77526], [139.42402, 35.77538], [139.42437, 35.77566], [139.4246, 35.77584], [139.42488, 35.77603], [139.42516, 35.77624], [139.42535, 35.77635], [139.42555, 35.77648], [139.42584, 35.77662], [139.42605, 35.77671], [139.42633, 35.77682], [139.42665, 35.77692], [139.42685, 35.77697], [139.42709, 35.77702], [139.42734, 35.77708], [139.42748, 35.77711], [139.42763, 35.77714], [139.42784, 35.77716], [139.42893, 35.77715], [139.42955, 35.77716], [139.43082, 35.77716], [139.43113, 35.77716], [139.4319, 35.7772], [139.43241, 35.77726], [139.43277, 35.77731], [139.43333, 35.77739], [139.43397, 35.7775], [139.43452, 35.77757], [139.43485, 35.7776], [139.43542, 35.77763], [139.43634, 35.77768], [139.43679, 35.77771], [139.43719, 35.77773], [139.43761, 35.77777], [139.43782, 35.77782], [139.438, 35.77787], [139.43818, 35.77794], [139.43832, 35.77801], [139.43852, 35.77809], [139.43885, 35.77825], [139.43945, 35.77855], [139.44013, 35.77892], [139.44066, 35.77919], [139.44084, 35.77928]]}, "properties": {"id": "TRACK_TOKYO_0694", "line_name": "狭山線", "station_group_ids": [], "mode": "private", "operator_id": "seibu", "line_color": "#00A15F", "tags": ["tokyo", "track_centerline"]}}, {"type": "Feature", "bbox": [139.44084, 35.77928, 139.44149, 35.77961], "geometry": {"type": "LineString", "coordinates": [[139.44084, 35.77928], [139.44149, 35.77961]]}, "properties": {"id": "TRACK_TOKYO_0695", "line_name": "狭山線", "station_group_ids": [], "mode": "private", "operator_id": "seibu", "line_color": "#00A15F", "tags": ["tokyo", "track_centerline"]}}, {"type": "Feature", "bbox": [139.42026, 35.77143, 139.42062, 35.77172], "geometry": {"type": "LineString", "coordinates": [[139.42026, 35.77143], [139.42062, 35.77172]]}, "properties": {"id": "TRACK_TOKYO_0696", "line_name": "狭山線", "station_group_ids": [], "mode": "private", "operator_id": "seibu", "line_color": "#00A15F", "tags": ["tokyo", "track_centerline"]}}, {"type": "Feature", "bbox": [139.44149, 35.77961, 139.45555, 35.78967], "geometry": {"type": "LineString", "coordinates": [[139.44149, 35.77961], [139.44258, 35.78018], [139.44324, 35.78053], [139.44367, 35.78075], [139.444, 35.7809], [139.44439, 35.78112], [139.44481, 35.78133], [139.44508, 35.7815], [139.44532, 35.78165], [139.4455, 35.78177], [139.4457, 35.78193], [139.44585, 35.78205], [139.44605, 35.78224], [139.4462, 35.78239], [139.44632, 35.78254], [139.44646, 35.78274], [139.44654, 35.78287], [139.44664, 35.78306], [139.44675, 35.78329], [139.44683, 35.78351], [139.44685, 35.78361], [139.44691, 35.78383], [139.44695, 35.784], [139.44699, 35.78416], [139.44706, 35.78448], [139.44712, 35.78473], [139.44717, 35.78494], [139.44723, 35.7852], [139.44728, 35.78534], [139.44738, 35.78567], [139.44749, 35.78594], [139.44757, 35.78614], [139.44766, 35.78634], [139.44776, 35.7865], [139.44786, 35.78666], [139.44798, 35.7868], [139.4481, 35.78695], [139.44829, 35.78711], [139.44848, 35.78726], [139.44867, 35.78738], [139.44885, 35.78748], [139.44921, 35.78767], [139.44969, 35.78791], [139.45012, 35.78812], [139.45066, 35.78839], [139.45116, 35.78864], [139.45169, 35.78888], [139.45224, 35.78916], [139.45249, 35.78926], [139.45271, 35.78936], [139.45292, 35.78945], [139.4531, 35.78952], [139.45315, 35.78953], [139.45337, 35.78959], [139.45357, 35.78963], [139.45375, 35.78965], [139.45391, 35.78967], [139.45409, 35.78966], [139.45428, 35.78963], [139.45455, 35.78959], [139.45481, 35.78954], [139.45509, 35.78946], [139.45532, 35.78937], [139.45555, 35.78927]]}, "properties": {"id": "TRACK_TOKYO_0697", "line_name": "狭山線", "station_group_ids": [], "mode": "private", "operator_id": "seibu", "line_color": "#00A15F", "tags": ["tokyo", "track_centerline"]}}, {"type": "Feature", "bbox": [139.46581, 35.75903, 139.46591, 35.7609], "geometry": {"type": "LineString", "coordinates": [[139.46581, 35.75903], [139.46591, 35.7609]]}, "properties": {"id": "TRACK_TOKYO_0698", "line_name": "国分寺線", "station_group_ids": [], "mode": "private", "operator_id": "seibu", "line_color": "#00A15F", "tags": ["tokyo", "track_centerline"]}}, {"type": "Feature", "bbox": [139.4634, 35.73699, 139.46359, 35.73814], "geometry": {"type": "LineString", "coordinates": [[139.4634, 35.73699], [139.46359, 35.73814]]}, "properties": {"id": "TRACK_TOKYO_0699", "line_name": "国分寺線", "station_group_ids": [], "mode": "private", "operator_id": "seibu", "line_color": "#00A15F", "tags": ["tokyo", "track_centerline"]}}, {"type": "Feature", "bbox": [139.46313, 35.73528, 139.4634, 35.73699], "geometry": {"type": "LineString", "coordinates": [[139.46313, 35.73528], [139.4634, 35.73699]]}, "properties": {"id": "TRACK_TOKYO_0700", "line_name": "国分寺線", "station_group_ids": [], "mode": "private", "operator_id": "seibu", "line_color": "#00A15F", "tags": ["tokyo", "track_centerline"]}}, {"type": "Feature", "bbox": [139.46359, 35.73814, 139.46385, 35.73935], "geometry": {"type": "LineString", "coordinates": [[139.46385, 35.73935], [139.46359, 35.73814]]}, "properties": {"id": "TRACK_TOKYO_0701", "line_name": "国分寺線", "station_group_ids": [], "mode": "private", "operator_id": "seibu", "line_color": "#00A15F", "tags": ["tokyo", "track_centerline"]}}, {"type": "Feature", "bbox": [139.46099, 35.72258, 139.46113, 35.72344], "geometry": {"type": "LineString", "coordinates": [[139.46099, 35.72258], [139.46113, 35.72344]]}, "properties": {"id": "TRACK_TOKYO_0702", "line_name": "国分寺線", "station_group_ids": [], "mode": "private", "operator_id": "seibu", "line_color": "#00A15F", "tags": ["tokyo", "track_centerline"]}}, {"type": "Feature", "bbox": [139.4642, 35.70011, 139.47936, 35.71096], "geometry": {"type": "LineString", "coordinates": [[139.47936, 35.70011], [139.47927, 35.70015], [139.47919, 35.70019], [139.47908, 35.70021], [139.47873, 35.70023], [139.47762, 35.70025], [139.47679, 35.70023], [139.4759, 35.70023], [139.47519, 35.7002], [139.47466, 35.70018], [139.47433, 35.70018], [139.47424, 35.70018], [139.47411, 35.70019], [139.4739, 35.70025], [139.47369, 35.70031], [139.47327, 35.70043], [139.47295, 35.70057], [139.47277, 35.70065], [139.47261, 35.70076], [139.47246, 35.70087], [139.47237, 35.70094], [139.47227, 35.70104], [139.47216, 35.70115], [139.47173, 35.70168], [139.47037, 35.70338], [139.47032, 35.70344], [139.46961, 35.70431], [139.46801, 35.70625], [139.46717, 35.70729], [139.46601, 35.70869], [139.46579, 35.70898], [139.46558, 35.70921], [139.46531, 35.70955], [139.46496, 35.70998], [139.46469, 35.71032], [139.4642, 35.71096]]}, "properties": {"id": "TRACK_TOKYO_0703", "line_name": "国分寺線", "station_group_ids": [], "mode": "private", "operator_id": "seibu", "line_color": "#00A15F", "tags": ["tokyo", "track_centerline"]}}, {"type": "Feature", "bbox": [139.47936, 35.70011, 139.48235, 35.70018], "geometry": {"type": "LineString", "coordinates": [[139.48235, 35.70018], [139.48141, 35.70015], [139.48002, 35.70011], [139.47965, 35.70011], [139.47936, 35.70011]]}, "properties": {"id": "TRACK_TOKYO_0704", "line_name": "国分寺線", "station_group_ids": [], "mode": "private", "operator_id": "seibu", "line_color": "#00A15F", "tags": ["tokyo", "track_centerline"]}}, {"type": "Feature", "bbox": [139.46113, 35.72344, 139.46313, 35.73528], "geometry": {"type": "LineString", "coordinates": [[139.46113, 35.72344], [139.46163, 35.72635], [139.46189, 35.72789], [139.46313, 35.73528]]}, "properties": {"id": "TRACK_TOKYO_0705", "line_name": "国分寺線", "station_group_ids": [], "mode": "private", "operator_id": "seibu", "line_color": "#00A15F", "tags": ["tokyo", "track_centerline"]}}, {"type": "Feature", "bbox": [139.46358, 35.71096, 139.4642, 35.71174], "geometry": {"type": "LineString", "coordinates": [[139.4642, 35.71096], [139.46358, 35.71174]]}, "properties": {"id": "TRACK_TOKYO_0706", "line_name": "国分寺線", "station_group_ids": [], "mode": "private", "operator_id": "seibu", "line_color": "#00A15F", "tags": ["tokyo", "track_centerline"]}}, {"type": "Feature", "bbox": [139.46385, 35.73935, 139.46564, 35.75668], "geometry": {"type": "LineString", "coordinates": [[139.46385, 35.73935], [139.46399, 35.74035], [139.46408, 35.74105], [139.46419, 35.74175], [139.46436, 35.74275], [139.4644, 35.74293], [139.46446, 35.74328], [139.46446, 35.74331], [139.4648, 35.74539], [139.46489, 35.74592], [139.46494, 35.74624], [139.46501, 35.7467], [139.46505, 35.74714], [139.46509, 35.748], [139.46514, 35.74947], [139.4652, 35.75138], [139.46522, 35.75182], [139.46523, 35.75216], [139.46525, 35.75268], [139.46525, 35.75288], [139.46531, 35.75322], [139.46547, 35.75482], [139.46564, 35.75668]]}, "properties": {"id": "TRACK_TOKYO_0707", "line_name": "国分寺線", "station_group_ids": [], "mode": "private", "operator_id": "seibu", "line_color": "#00A15F", "tags": ["tokyo", "track_centerline"]}}, {"type": "Feature", "bbox": [139.46564, 35.75668, 139.46581, 35.75903], "geometry": {"type": "LineString", "coordinates": [[139.46564, 35.75668], [139.46564, 35.75687], [139.46569, 35.75756], [139.46577, 35.75863], [139.46581, 35.75903]]}, "properties": {"id": "TRACK_TOKYO_0708", "line_name": "国分寺線", "station_group_ids": [], "mode": "private", "operator_id": "seibu", "line_color": "#00A15F", "tags": ["tokyo", "track_centerline"]}}, {"type": "Feature", "bbox": [139.46012, 35.71174, 139.46358, 35.72258], "geometry": {"type": "LineString", "coordinates": [[139.46358, 35.71174], [139.46304, 35.71238], [139.46279, 35.71266], [139.4622, 35.71338], [139.46197, 35.71366], [139.46158, 35.71414], [139.46132, 35.71448], [139.46096, 35.71493], [139.46085, 35.71508], [139.46075, 35.71521], [139.46066, 35.71536], [139.4606, 35.71547], [139.46054, 35.71559], [139.46044, 35.7158], [139.46036, 35.71602], [139.46031, 35.7162], [139.46028, 35.71632], [139.46024, 35.71651], [139.46018, 35.7168], [139.46016, 35.71694], [139.46014, 35.71707], [139.46013, 35.71717], [139.46012, 35.71738], [139.46014, 35.71753], [139.46014, 35.71763], [139.46015, 35.71771], [139.46016, 35.71777], [139.46019, 35.71791], [139.46035, 35.71877], [139.46043, 35.71924], [139.46064, 35.72045], [139.46083, 35.72166], [139.46088, 35.72191], [139.46099, 35.72258]]}, "properties": {"id": "TRACK_TOKYO_0709", "line_name": "国分寺線", "station_group_ids": [], "mode": "private", "operator_id": "seibu", "line_color": "#00A15F", "tags": ["tokyo", "track_centerline"]}}, {"type": "Feature", "bbox": [139.44255, 35.76511, 139.44288, 35.76646], "geometry": {"type": "LineString", "coordinates": [[139.44288, 35.76511], [139.44255, 35.76646]]}, "properties": {"id": "TRACK_TOKYO_0710", "line_name": "山口線", "station_group_ids": [], "mode": "private", "operator_id": "seibu", "line_color": "#00A15F", "tags": ["tokyo", "track_centerline"]}}, {"type": "Feature", "bbox": [139.44037, 35.76646, 139.44255, 35.76876], "geometry": {"type": "LineString", "coordinates": [[139.44255, 35.76646], [139.44252, 35.76658], [139.44251, 35.76665], [139.44249, 35.76674], [139.44247, 35.76678], [139.44244, 35.76684], [139.44236, 35.76702], [139.4423, 35.76713], [139.44224, 35.76721], [139.44218, 35.76727], [139.44204, 35.76733], [139.44188, 35.76738], [139.44168, 35.76742], [139.44158, 35.76747], [139.44148, 35.76751], [139.44134, 35.76757], [139.44123, 35.76763], [139.44116, 35.76769], [139.44102, 35.76783], [139.44095, 35.7679], [139.44088, 35.76798], [139.44075, 35.76818], [139.4406, 35.76842], [139.44048, 35.76859], [139.44037, 35.76876]]}, "properties": {"id": "TRACK_TOKYO_0711", "line_name": "山口線", "station_group_ids": [], "mode": "private", "operator_id": "seibu", "line_color": "#00A15F", "tags": ["tokyo", "track_centerline"]}}, {"type": "Feature", "bbox": [139.41994, 35.77047, 139.42053, 35.77109], "geometry": {"type": "LineString", "coordinates": [[139.42053, 35.77109], [139.41994, 35.77047]]}, "properties": {"id": "TRACK_TOKYO_0712", "line_name": "山口線", "station_group_ids": [], "mode": "private", "operator_id": "seibu", "line_color": "#00A15F", "tags": ["tokyo", "track_centerline"]}}, {"type": "Feature", "bbox": [139.44001, 35.76876, 139.44037, 35.7693], "geometry": {"type": "LineString", "coordinates": [[139.44037, 35.76876], [139.44001, 35.7693]]}, "properties": {"id": "TRACK_TOKYO_0713", "line_name": "山口線", "station_group_ids": [], "mode": "private", "operator_id": "seibu", "line_color": "#00A15F", "tags": ["tokyo", "track_centerline"]}}, {"type": "Feature", "bbox": [139.42053, 35.76705, 139.44001, 35.77169], "geometry": {"type": "LineString", "coordinates": [[139.44001, 35.7693], [139.43988, 35.76938], [139.43972, 35.76949], [139.43957, 35.76955], [139.43942, 35.76961], [139.43927, 35.76965], [139.43913, 35.76968], [139.43892, 35.76969], [139.43877, 35.76968], [139.43858, 35.76964], [139.4384, 35.7696], [139.43827, 35.76955], [139.43814, 35.76951], [139.43804, 35.76943], [139.43796, 35.76935], [139.43787, 35.76926], [139.43783, 35.76919], [139.43782, 35.76909], [139.43785, 35.76888], [139.43787, 35.76874], [139.43789, 35.76862], [139.43789, 35.76852], [139.43786, 35.76841], [139.43781, 35.76832], [139.43775, 35.76826], [139.43765, 35.76821], [139.43756, 35.76816], [139.43739, 35.76813], [139.43719, 35.76809], [139.43709, 35.76806], [139.43694, 35.76801], [139.43686, 35.76797], [139.43675, 35.76792], [139.43664, 35.76785], [139.43654, 35.76779], [139.43641, 35.76774], [139.43629, 35.7677], [139.43611, 35.76766], [139.43593, 35.76765], [139.43577, 35.76765], [139.43544, 35.76765], [139.43522, 35.76764], [139.43498, 35.76765], [139.43475, 35.76767], [139.43453, 35.76768], [139.43435, 35.76771], [139.43413, 35.76776], [139.43388, 35.76782], [139.43362, 35.76786], [139.43345, 35.76788], [139.43336, 35.76788], [139.43323, 35.76784], [139.43309, 35.76778], [139.43292, 35.76771], [139.43274, 35.76763], [139.43257, 35.76755], [139.43237, 35.76747], [139.43216, 35.76739], [139.43198, 35.76732], [139.4317, 35.76724], [139.43148, 35.76719], [139.43127, 35.76716], [139.43108, 35.76716], [139.43088, 35.76718], [139.43067, 35.76721], [139.43016, 35.76728], [139.42978, 35.76735], [139.42922, 35.76744], [139.42912, 35.76749], [139.42901, 35.76751], [139.42891, 35.76751], [139.42876, 35.76749], [139.42864, 35.76746], [139.42845, 35.7674], [139.42834, 35.76736], [139.42814, 35.76725], [139.42801, 35.76717], [139.42787, 35.7671], [139.42772, 35.76705], [139.42756, 35.76705], [139.42742, 35.76707], [139.42716, 35.76712], [139.42674, 35.76718], [139.42662, 35.76722], [139.42652, 35.76727], [139.42641, 35.76734], [139.42619, 35.76743], [139.42596, 35.7675], [139.42576, 35.76756], [139.42564, 35.7676], [139.42552, 35.76764], [139.42536, 35.7677], [139.4252, 35.76774], [139.42504, 35.76776], [139.4249, 35.76777], [139.42475, 35.76776], [139.42455, 35.76772], [139.42437, 35.76769], [139.42412, 35.76763], [139.42402, 35.76761], [139.42385, 35.76761], [139.4237, 35.76762], [139.42357, 35.76765], [139.42347, 35.76769], [139.42329, 35.76777], [139.42312, 35.76785], [139.42298, 35.76793], [139.42279, 35.76805], [139.4227, 35.76811], [139.4226, 35.7682], [139.42251, 35.76827], [139.42244, 35.76831], [139.42238, 35.76836], [139.42235, 35.76842], [139.42233, 35.76849], [139.4223, 35.76861], [139.42227, 35.76933], [139.42223, 35.76986], [139.42222, 35.77003], [139.42224, 35.77022], [139.42229, 35.7705], [139.42235, 35.77093], [139.42237, 35.77119], [139.42237, 35.77131], [139.42234, 35.77138], [139.42229, 35.77144], [139.42221, 35.77151], [139.42211, 35.77158], [139.42198, 35.77164], [139.42184, 35.77167], [139.42166, 35.77169], [139.42152, 35.77167], [139.42133, 35.77164], [139.42122, 35.77161], [139.4211, 35.77156], [139.42098, 35.7715], [139.42088, 35.77143], [139.42074, 35.77131], [139.42053, 35.77109]]}, "properties": {"id": "TRACK_TOKYO_0714", "line_name": "山口線", "station_group_ids": [], "mode": "private", "operator_id": "seibu", "line_color": "#00A15F", "tags": ["tokyo", "track_centerline"]}}, {"type": "Feature", "bbox": [139.48037, 35.91205, 139.48189, 35.9153], "geometry": {"type": "LineString", "coordinates": [[139.48189, 35.9153], [139.48037, 35.91205]]}, "properties": {"id": "TRACK_TOKYO_0715", "line_name": "新宿線", "station_group_ids": [], "mode": "private", "operator_id": "seibu", "line_color": "#00A15F", "tags": ["tokyo", "track_centerline"]}}, {"type": "Feature", "bbox": [139.48429, 35.73735, 139.48745, 35.73956], "geometry": {"type": "LineString", "coordinates": [[139.48745, 35.73735], [139.48731, 35.73741], [139.48713, 35.7375], [139.48683, 35.73767], [139.48652, 35.73785], [139.48627, 35.738], [139.48612, 35.73809], [139.48587, 35.73825], [139.48566, 35.7384], [139.48548, 35.73853], [139.48532, 35.73866], [139.48506, 35.73887], [139.48472, 35.73917], [139.48429, 35.73956]]}, "properties": {"id": "TRACK_TOKYO_0737", "line_name": "新宿線", "station_group_ids": [], "mode": "private", "operator_id": "seibu", "line_color": "#00A15F", "tags": ["tokyo", "track_centerline"]}}, {"type": "Feature", "bbox": [139.48745, 35.73648, 139.48944, 35.73735], "geometry": {"type": "LineString", "coordinates": [[139.48944, 35.73648], [139.48745, 35.73735]]}, "properties": {"id": "TRACK_TOKYO_0738", "line_name": "新宿線", "station_group_ids": [], "mode": "private", "operator_id": "seibu", "line_color": "#00A15F", "tags": ["tokyo", "track_centerline"]}}, {"type": "Feature", "bbox": [139.46564, 35.75668, 139.46581, 35.75903], "geometry": {"type": "LineString", "coordinates": [[139.46564, 35.75668], [139.46564, 35.75687], [139.46569, 35.75756], [139.46577, 35.75863], [139.46581, 35.75903]]}, "properties": {"id": "TRACK_TOKYO_0739", "line_name": "新宿線", "station_group_ids": [], "mode": "private", "operator_id": "seibu", "line_color": "#00A15F", "tags": ["tokyo", "track_centerline"]}}, {"type": "Feature", "bbox": [139.46591, 35.7609, 139.46708, 35.76464], "geometry": {"type": "LineString", "coordinates": [[139.46708, 35.76464], [139.46695, 35.76439], [139.46678, 35.76407], [139.46656, 35.76365], [139.46646, 35.76346], [139.4663, 35.76312], [139.46613, 35.76271], [139.46604, 35.76249], [139.46602, 35.7624], [139.46599, 35.76221], [139.46596, 35.7619], [139.46595, 35.76135], [139.46591, 35.7609]]}, "properties": {"id": "TRACK_TOKYO_0740", "line_name": "新宿線", "station_group_ids": [], "mode": "private", "operator_id": "seibu", "line_color": "#00A15F", "tags": ["tokyo", "track_centerline"]}}, {"type": "Feature", "bbox": [139.46581, 35.75903, 139.46591, 35.7609], "geometry": {"type": "LineString", "coordinates": [[139.46581, 35.75903], [139.46591, 35.7609]]}, "properties": {"id": "TRACK_TOKYO_0741", "line_name": "新宿線", "station_group_ids": [], "mode": "private", "operator_id": "seibu", "line_color": "#00A15F", "tags": ["tokyo", "track_centerline"]}}, {"type": "Feature", "bbox": [139.41313, 35.85652, 139.41365, 35.858], "geometry": {"type": "LineString", "coordinates": [[139.41365, 35.858], [139.41357, 35.85781], [139.41337, 35.85738], [139.41324, 35.85699], [139.41313, 35.85652]]}, "properties": {"id": "TRACK_TOKYO_0742", "line_name": "新宿線", "station_group_ids": [], "mode": "private", "operator_id": "seibu", "line_color": "#00A15F", "tags": ["tokyo", "track_centerline"]}}, {"type": "Feature", "bbox": [139.42658, 35.83185, 139.42779, 35.83292], "geometry": {"type": "LineString", "coordinates": [[139.42779, 35.83185], [139.42658, 35.83292]]}, "properties": {"id": "TRACK_TOKYO_0743", "line_name": "新宿線", "station_group_ids": [], "mode": "private", "operator_id": "seibu", "line_color": "#00A15F", "tags": ["tokyo", "track_centerline"]}}, {"type": "Feature", "bbox": [139.46627, 35.78742, 139.47353, 35.79774], "geometry": {"type": "LineString", "coordinates": [[139.47339, 35.78742], [139.4734, 35.78747], [139.47343, 35.78776], [139.47346, 35.7882], [139.47349, 35.78874], [139.47353, 35.78958], [139.47352, 35.78969], [139.4735, 35.78997], [139.47345, 35.79028], [139.47343, 35.79039], [139.47341, 35.79048], [139.47337, 35.79063], [139.47333, 35.79077], [139.4733, 35.79085], [139.47327, 35.79092], [139.47311, 35.79128], [139.47292, 35.7916], [139.47269, 35.79194], [139.47252, 35.79215], [139.47236, 35.79234], [139.47218, 35.79253], [139.47199, 35.79271], [139.47184, 35.79287], [139.47137, 35.79328], [139.4705, 35.79404], [139.47029, 35.79423], [139.4701, 35.79439], [139.46982, 35.79462], [139.46948, 35.79492], [139.469, 35.79535], [139.46842, 35.79584], [139.46787, 35.79634], [139.46705, 35.79706], [139.46627, 35.79774]]}, "properties": {"id": "TRACK_TOKYO_0746", "line_name": "新宿線", "station_group_ids": [], "mode": "private", "operator_id": "seibu", "line_color": "#00A15F", "tags": ["tokyo", "track_centerline"]}}, {"type": "Feature", "bbox": [139.46564, 35.75003, 139.47209, 35.75668], "geometry": {"type": "LineString", "coordinates": [[139.47209, 35.75003], [139.47082, 35.75113], [139.47047, 35.75142], [139.46998, 35.75185], [139.46937, 35.7524], [139.46908, 35.75265], [139.46857, 35.75313], [139.4685, 35.75322], [139.46801, 35.75367], [139.46728, 35.75433], [139.46695, 35.75463], [139.46657, 35.75496], [139.46637, 35.75515], [139.46625, 35.75527], [139.46613, 35.7554], [139.46603, 35.75554], [139.46594, 35.75574], [139.46579, 35.75622], [139.46564, 35.75668]]}, "properties": {"id": "TRACK_TOKYO_0747", "line_name": "新宿線", "station_group_ids": [], "mode": "private", "operator_id": "seibu", "line_color": "#00A15F", "tags": ["tokyo", "track_centerline"]}}, {"type": "Feature", "bbox": [139.45373, 35.88935, 139.45465, 35.89004], "geometry": {"type": "LineString", "coordinates": [[139.45465, 35.89004], [139.45373, 35.88935]]}, "properties": {"id": "TRACK_TOKYO_0748", "line_name": "新宿線", "station_group_ids": [], "mode": "private", "operator_id": "seibu", "line_color": "#00A15F", "tags": ["tokyo", "track_centerline"]}}, {"type": "Feature", "bbox": [139.55294, 35.72863, 139.5628, 35.72913], "geometry": {"type": "LineString", "coordinates": [[139.55294, 35.72863], [139.55346, 35.72867], [139.55412, 35.72873], [139.55459, 35.72876], [139.55504, 35.7288], [139.55541, 35.72884], [139.55598, 35.72889], [139.55653, 35.72894], [139.55702, 35.72899], [139.55754, 35.72904], [139.55814, 35.72909], [139.55875, 35.72913], [139.5594, 35.72912], [139.55969, 35.72909], [139.56022, 35.72904], [139.56072, 35.729], [139.56153, 35.72893], [139.56237, 35.72885], [139.5625, 35.72885], [139.56264, 35.72883], [139.5628, 35.72883]]}, "properties": {"id": "TRACK_TOKYO_0749", "line_name": "新宿線", "station_group_ids": [], "mode": "private", "operator_id": "seibu", "line_color": "#00A15F", "tags": ["tokyo", "track_centerline"]}}, {"type": "Feature", "bbox": [139.45465, 35.89004, 139.48037, 35.91205], "geometry": {"type": "LineString", "coordinates": [[139.48037, 35.91205], [139.47996, 35.91123], [139.47966, 35.9106], [139.47918, 35.9097], [139.47874, 35.90884], [139.47866, 35.90871], [139.47838, 35.9083], [139.47815, 35.90806], [139.47749, 35.9075], [139.47646, 35.90673], [139.47462, 35.9053], [139.47375, 35.90465], [139.47172, 35.90308], [139.4708, 35.90238], [139.46984, 35.90165], [139.46797, 35.90021], [139.46651, 35.89907], [139.46493, 35.89784], [139.46344, 35.89672], [139.46275, 35.89619], [139.46167, 35.89538], [139.46069, 35.89461], [139.45961, 35.89381], [139.45924, 35.89354], [139.45868, 35.89311], [139.45773, 35.89238], [139.45734, 35.89207], [139.45691, 35.89174], [139.45638, 35.89137], [139.45582, 35.89096], [139.45548, 35.89069], [139.45465, 35.89004]]}, "properties": {"id": "TRACK_TOKYO_0751", "line_name": "新宿線", "station_group_ids": [], "mode": "private", "operator_id": "seibu", "line_color": "#00A15F", "tags": ["tokyo", "track_centerline"]}}, {"type": "Feature", "bbox": [139.46491, 35.79774, 139.46627, 35.79894], "geometry": {"type": "LineString", "coordinates": [[139.46627, 35.79774], [139.46491, 35.79894]]}, "properties": {"id": "TRACK_TOKYO_0752", "line_name": "新宿線", "station_group_ids": [], "mode": "private", "operator_id": "seibu", "line_color": "#00A15F", "tags": ["tokyo", "track_centerline"]}}, {"type": "Feature", "bbox": [139.4733, 35.73956, 139.48429, 35.74902], "geometry": {"type": "LineString", "coordinates": [[139.48429, 35.73956], [139.48387, 35.73992], [139.48344, 35.74029], [139.48102, 35.74236], [139.4809, 35.74246], [139.48049, 35.74282], [139.47934, 35.74381], [139.47536, 35.74722], [139.47483, 35.74768], [139.47437, 35.74808], [139.4733, 35.74902]]}, "properties": {"id": "TRACK_TOKYO_0753", "line_name": "新宿線", "station_group_ids": [], "mode": "private", "operator_id": "seibu", "line_color": "#00A15F", "tags": ["tokyo", "track_centerline"]}}, {"type": "Feature", "bbox": [139.41365, 35.858, 139.43324, 35.87373], "geometry": {"type": "LineString", "coordinates": [[139.43324, 35.87373], [139.43137, 35.87231], [139.42963, 35.87093], [139.42852, 35.87009], [139.42798, 35.86968], [139.42754, 35.86935], [139.42738, 35.86923], [139.42594, 35.86812], [139.42408, 35.8667], [139.42297, 35.86588], [139.42228, 35.86534], [139.42185, 35.86501], [139.42048, 35.86399], [139.41945, 35.86319], [139.41924, 35.86303], [139.41778, 35.8619], [139.41639, 35.86086], [139.41604, 35.86059], [139.41591, 35.8605], [139.41554, 35.86023], [139.41527, 35.86003], [139.41486, 35.85968], [139.41461, 35.85945], [139.41426, 35.85904], [139.41398, 35.85861], [139.41365, 35.858]]}, "properties": {"id": "TRACK_TOKYO_0755", "line_name": "新宿線", "station_group_ids": [], "mode": "private", "operator_id": "seibu", "line_color": "#00A15F", "tags": ["tokyo", "track_centerline"]}}, {"type": "Feature", "bbox": [139.43324, 35.87373, 139.43434, 35.87458], "geometry": {"type": "LineString", "coordinates": [[139.43434, 35.87458], [139.43324, 35.87373]]}, "properties": {"id": "TRACK_TOKYO_0757", "line_name": "新宿線", "station_group_ids": [], "mode": "private", "operator_id": "seibu", "line_color": "#00A15F", "tags": ["tokyo", "track_centerline"]}}, {"type": "Feature", "bbox": [139.41297, 35.83292, 139.42658, 35.85652], "geometry": {"type": "LineString", "coordinates": [[139.42658, 35.83292], [139.4259, 35.83351], [139.4254, 35.83395], [139.42523, 35.83414], [139.42504, 35.83437], [139.42493, 35.83453], [139.42474, 35.83479], [139.42458, 35.83504], [139.42432, 35.83547], [139.42388, 35.83616], [139.42361, 35.83654], [139.42311, 35.8374], [139.42205, 35.83906], [139.42084, 35.84102], [139.41959, 35.84302], [139.41861, 35.84459], [139.41818, 35.84526], [139.41675, 35.84759], [139.41532, 35.84989], [139.41448, 35.85125], [139.41372, 35.85243], [139.41362, 35.85264], [139.41346, 35.85295], [139.41322, 35.85354], [139.4131, 35.85401], [139.41302, 35.85455], [139.41297, 35.85513], [139.413, 35.85564], [139.41311, 35.8563], [139.41313, 35.85652]]}, "properties": {"id": "TRACK_TOKYO_0758", "line_name": "新宿線", "station_group_ids": [], "mode": "private", "operator_id": "seibu", "line_color": "#00A15F", "tags": ["tokyo", "track_centerline"]}}, {"type": "Feature", "bbox": [139.43434, 35.87458, 139.45373, 35.88935], "geometry": {"type": "LineString", "coordinates": [[139.45373, 35.88935], [139.45313, 35.8889], [139.45239, 35.88834], [139.4515, 35.88766], [139.44971, 35.88627], [139.44753, 35.88464], [139.44566, 35.88324], [139.44429, 35.88219], [139.44402, 35.88199], [139.44241, 35.88076], [139.44226, 35.88065], [139.44116, 35.8798], [139.44014, 35.87901], [139.43894, 35.8781], [139.4374, 35.87694], [139.43613, 35.87595], [139.43463, 35.87481], [139.43434, 35.87458]]}, "properties": {"id": "TRACK_TOKYO_0759", "line_name": "新宿線", "station_group_ids": [], "mode": "private", "operator_id": "seibu", "line_color": "#00A15F", "tags": ["tokyo", "track_centerline"]}}, {"type": "Feature", "bbox": [139.45626, 35.80499, 139.45808, 35.80662], "geometry": {"type": "LineString", "coordinates": [[139.45808, 35.80499], [139.45626, 35.80662]]}, "properties": {"id": "TRACK_TOKYO_0760", "line_name": "新宿線", "station_group_ids": [], "mode": "private", "operator_id": "seibu", "line_color": "#00A15F", "tags": ["tokyo", "track_centerline"]}}, {"type": "Feature", "bbox": [139.47317, 35.78622, 139.47339, 35.78742], "geometry": {"type": "LineString", "coordinates": [[139.47317, 35.78622], [139.47339, 35.78742]]}, "properties": {"id": "TRACK_TOKYO_0761", "line_name": "新宿線", "station_group_ids": [], "mode": "private", "operator_id": "seibu", "line_color": "#00A15F", "tags": ["tokyo", "track_centerline"]}}, {"type": "Feature", "bbox": [139.47209, 35.74902, 139.4733, 35.75003], "geometry": {"type": "LineString", "coordinates": [[139.4733, 35.74902], [139.47209, 35.75003]]}, "properties": {"id": "TRACK_TOKYO_0763", "line_name": "新宿線", "station_group_ids": [], "mode": "private", "operator_id": "seibu", "line_color": "#00A15F", "tags": ["tokyo", "track_centerline"]}}, {"type": "Feature", "bbox": [139.45808, 35.79894, 139.46491, 35.80499], "geometry": {"type": "LineString", "coordinates": [[139.46491, 35.79894], [139.46427, 35.79951], [139.4636, 35.80012], [139.4631, 35.80056], [139.46261, 35.80099], [139.46216, 35.80136], [139.46168, 35.80179], [139.4611, 35.80231], [139.46079, 35.80256], [139.46058, 35.80276], [139.46036, 35.80295], [139.46019, 35.8031], [139.4599, 35.80336], [139.45969, 35.80356], [139.45863, 35.8045], [139.45808, 35.80499]]}, "properties": {"id": "TRACK_TOKYO_0764", "line_name": "新宿線", "station_group_ids": [], "mode": "private", "operator_id": "seibu", "line_color": "#00A15F", "tags": ["tokyo", "track_centerline"]}}, {"type": "Feature", "bbox": [139.48944, 35.72641, 139.5127, 35.73648], "geometry": {"type": "LineString", "coordinates": [[139.48944, 35.73648], [139.49211, 35.73531], [139.49384, 35.73456], [139.49552, 35.73383], [139.4959, 35.73367], [139.49679, 35.73329], [139.49703, 35.7332], [139.49767, 35.73293], [139.49871, 35.73247], [139.50008, 35.73189], [139.50124, 35.73149], [139.50206, 35.73124], [139.50239, 35.73113], [139.50263, 35.73098], [139.50287, 35.73082], [139.50301, 35.73071], [139.50322, 35.73056], [139.50347, 35.73038], [139.50372, 35.7302], [139.50411, 35.72998], [139.50445, 35.72986], [139.50484, 35.72975], [139.50524, 35.72965], [139.50577, 35.72942], [139.50595, 35.72935], [139.50634, 35.72917], [139.50746, 35.72869], [139.5086, 35.72823], [139.50973, 35.72769], [139.51095, 35.72717], [139.51123, 35.72705], [139.51159, 35.7269], [139.51217, 35.72663], [139.5127, 35.72641]]}, "properties": {"id": "TRACK_TOKYO_0766", "line_name": "新宿線", "station_group_ids": [], "mode": "private", "operator_id": "seibu", "line_color": "#00A15F", "tags": ["tokyo", "track_centerline"]}}, {"type": "Feature", "bbox": [139.46708, 35.76464, 139.47318, 35.78622], "geometry": {"type": "LineString", "coordinates": [[139.46708, 35.76464], [139.46725, 35.76489], [139.46769, 35.76561], [139.46779, 35.76578], [139.4681, 35.76627], [139.46864, 35.76716], [139.46895, 35.76764], [139.46949, 35.76852], [139.46976, 35.76897], [139.47032, 35.76989], [139.47064, 35.77039], [139.47102, 35.77103], [139.4713, 35.77146], [139.47154, 35.77187], [139.47201, 35.77264], [139.47226, 35.77307], [139.47249, 35.77349], [139.4726, 35.7737], [139.47275, 35.77399], [139.47286, 35.77423], [139.47295, 35.77443], [139.47296, 35.77447], [139.47299, 35.77455], [139.47305, 35.77477], [139.4731, 35.77494], [139.47313, 35.77513], [139.47316, 35.77545], [139.47318, 35.7758], [139.47315, 35.77666], [139.47314, 35.77693], [139.47314, 35.77696], [139.47303, 35.7786], [139.47301, 35.77903], [139.47293, 35.78039], [139.4729, 35.78071], [139.47287, 35.78121], [139.47284, 35.78154], [139.4728, 35.78196], [139.47277, 35.7826], [139.47274, 35.7829], [139.47275, 35.78312], [139.47277, 35.78337], [139.4728, 35.78369], [139.47288, 35.78421], [139.47299, 35.78492], [139.47308, 35.78565], [139.47312, 35.78592], [139.47317, 35.78622]]}, "properties": {"id": "TRACK_TOKYO_0767", "line_name": "新宿線", "station_group_ids": [], "mode": "private", "operator_id": "seibu", "line_color": "#00A15F", "tags": ["tokyo", "track_centerline"]}}, {"type": "Feature", "bbox": [139.5381, 35.7271, 139.53987, 35.72729], "geometry": {"type": "LineString", "coordinates": [[139.53987, 35.72729], [139.5381, 35.7271]]}, "properties": {"id": "TRACK_TOKYO_0768", "line_name": "新宿線", "station_group_ids": [], "mode": "private", "operator_id": "seibu", "line_color": "#00A15F", "tags": ["tokyo", "track_centerline"]}}, {"type": "Feature", "bbox": [139.51394, 35.72501, 139.5381, 35.7271], "geometry": {"type": "LineString", "coordinates": [[139.51394, 35.72588], [139.51429, 35.72573], [139.51461, 35.72562], [139.51477, 35.72557], [139.51542, 35.72539], [139.51621, 35.72521], [139.51655, 35.72515], [139.51695, 35.72508], [139.51763, 35.72502], [139.51784, 35.72501], [139.51852, 35.72501], [139.51897, 35.72503], [139.5196, 35.72508], [139.52011, 35.72515], [139.52081, 35.72522], [139.52082, 35.72522], [139.52168, 35.72532], [139.52184, 35.72535], [139.523, 35.72547], [139.52378, 35.72556], [139.5242, 35.72559], [139.52545, 35.72573], [139.5267, 35.72588], [139.5271, 35.72593], [139.52727, 35.72595], [139.52809, 35.72603], [139.52934, 35.72616], [139.53057, 35.72629], [139.53178, 35.72643], [139.53209, 35.72644], [139.53233, 35.72647], [139.53304, 35.72655], [139.53423, 35.72668], [139.53549, 35.72682], [139.53669, 35.72694], [139.53766, 35.72706], [139.53807, 35.72709], [139.5381, 35.7271]]}, "properties": {"id": "TRACK_TOKYO_0770", "line_name": "新宿線", "station_group_ids": [], "mode": "private", "operator_id": "seibu", "line_color": "#00A15F", "tags": ["tokyo", "track_centerline"]}}, {"type": "Feature", "bbox": [139.5127, 35.72588, 139.51394, 35.72641], "geometry": {"type": "LineString", "coordinates": [[139.51394, 35.72588], [139.5127, 35.72641]]}, "properties": {"id": "TRACK_TOKYO_0771", "line_name": "新宿線", "station_group_ids": [], "mode": "private", "operator_id": "seibu", "line_color": "#00A15F", "tags": ["tokyo", "track_centerline"]}}, {"type": "Feature", "bbox": [139.42779, 35.80662, 139.45626, 35.83185], "geometry": {"type": "LineString", "coordinates": [[139.45626, 35.80662], [139.456, 35.80685], [139.45585, 35.80698], [139.45527, 35.80749], [139.45413, 35.80848], [139.45359, 35.80897], [139.45243, 35.81001], [139.45183, 35.81054], [139.45104, 35.81126], [139.45056, 35.81169], [139.4497, 35.81247], [139.44907, 35.81303], [139.44854, 35.81352], [139.44838, 35.81367], [139.44783, 35.81415], [139.44703, 35.81486], [139.4467, 35.81516], [139.44622, 35.81556], [139.44573, 35.81599], [139.44529, 35.81637], [139.44482, 35.81678], [139.44453, 35.81703], [139.44429, 35.81726], [139.44358, 35.81786], [139.44312, 35.81825], [139.44282, 35.81852], [139.44203, 35.81925], [139.44155, 35.81968], [139.44127, 35.81993], [139.44103, 35.82015], [139.44075, 35.82041], [139.4405, 35.82063], [139.43991, 35.82115], [139.43914, 35.82184], [139.43849, 35.82244], [139.43766, 35.82317], [139.43724, 35.82355], [139.43672, 35.82402], [139.43615, 35.82453], [139.43559, 35.82503], [139.43533, 35.82525], [139.43518, 35.82538], [139.43465, 35.82584], [139.434, 35.82641], [139.43358, 35.82678], [139.43308, 35.82721], [139.43273, 35.82752], [139.43242, 35.82779], [139.4321, 35.82806], [139.43173, 35.8284], [139.43134, 35.82874], [139.43085, 35.82917], [139.43044, 35.82954], [139.43003, 35.82989], [139.42947, 35.83038], [139.4287, 35.83105], [139.4282, 35.83149], [139.42779, 35.83185]]}, "properties": {"id": "TRACK_TOKYO_0772", "line_name": "新宿線", "station_group_ids": [], "mode": "private", "operator_id": "seibu", "line_color": "#00A15F", "tags": ["tokyo", "track_centerline"]}}, {"type": "Feature", "bbox": [139.55186, 35.72853, 139.55294, 35.72863], "geometry": {"type": "LineString", "coordinates": [[139.55294, 35.72863], [139.55186, 35.72853]]}, "properties": {"id": "TRACK_TOKYO_0773", "line_name": "新宿線", "station_group_ids": [], "mode": "private", "operator_id": "seibu", "line_color": "#00A15F", "tags": ["tokyo", "track_centerline"]}}, {"type": "Feature", "bbox": [139.53987, 35.72729, 139.55186, 35.72853], "geometry": {"type": "LineString", "coordinates": [[139.53987, 35.72729], [139.5399, 35.72729], [139.54036, 35.72734], [139.5408, 35.72739], [139.54139, 35.72746], [139.54187, 35.72751], [139.5429, 35.72765], [139.54343, 35.7277], [139.54378, 35.72774], [139.54417, 35.72779], [139.54541, 35.72794], [139.54656, 35.72805], [139.54728, 35.72813], [139.54796, 35.72821], [139.54849, 35.72826], [139.54878, 35.72829], [139.54939, 35.72834], [139.54991, 35.72838], [139.55059, 35.72845], [139.55119, 35.72848], [139.55151, 35.72851], [139.55186, 35.72853]]}, "properties": {"id": "TRACK_TOKYO_0774", "line_name": "新宿線", "station_group_ids": [], "mode": "private", "operator_id": "seibu", "line_color": "#00A15F", "tags": ["tokyo", "track_centerline"]}}, {"type": "Feature", "bbox": [139.44845, 35.76756, 139.44934, 35.76791], "geometry": {"type": "LineString", "coordinates": [[139.44845, 35.76791], [139.44934, 35.76756]]}, "properties": {"id": "TRACK_TOKYO_0775", "line_name": "西武園線", "station_group_ids": [], "mode": "private", "operator_id": "seibu", "line_color": "#00A15F", "tags": ["tokyo", "track_centerline"]}}, {"type": "Feature", "bbox": [139.44934, 35.76464, 139.46714, 35.76807], "geometry": {"type": "LineString", "coordinates": [[139.44934, 35.76756], [139.45028, 35.7672], [139.45087, 35.76697], [139.45175, 35.76665], [139.45209, 35.76655], [139.45249, 35.76645], [139.45278, 35.76641], [139.453, 35.76639], [139.45322, 35.76637], [139.45334, 35.76637], [139.4538, 35.76641], [139.45434, 35.76648], [139.45484, 35.76657], [139.45611, 35.76682], [139.45671, 35.76694], [139.45753, 35.76708], [139.45832, 35.76723], [139.459, 35.76736], [139.45902, 35.76736], [139.45981, 35.7675], [139.46036, 35.76759], [139.46154, 35.76778], [139.46223, 35.76789], [139.46281, 35.76797], [139.46297, 35.768], [139.46322, 35.76804], [139.46351, 35.76806], [139.46387, 35.76807], [139.46433, 35.76806], [139.46453, 35.76804], [139.46476, 35.768], [139.46493, 35.76797], [139.46509, 35.76793], [139.46526, 35.76787], [139.46546, 35.76777], [139.46568, 35.76766], [139.46588, 35.76754], [139.46615, 35.76734], [139.46634, 35.76719], [139.46657, 35.76698], [139.46669, 35.76684], [139.46682, 35.76662], [139.46694, 35.76636], [139.46706, 35.766], [139.46713, 35.76575], [139.46714, 35.76546], [139.46713, 35.76518], [139.46711, 35.7649], [139.46708, 35.76464]]}, "properties": {"id": "TRACK_TOKYO_0776", "line_name": "西武園線", "station_group_ids": [], "mode": "private", "operator_id": "seibu", "line_color": "#00A15F", "tags": ["tokyo", "track_centerline"]}}, {"type": "Feature", "bbox": [139.46591, 35.7609, 139.46708, 35.76464], "geometry": {"type": "LineString", "coordinates": [[139.46708, 35.76464], [139.46695, 35.76439], [139.46678, 35.76407], [139.46656, 35.76365], [139.46646, 35.76346], [139.4663, 35.76312], [139.46613, 35.76271], [139.46604, 35.76249], [139.46602, 35.7624], [139.46599, 35.76221], [139.46596, 35.7619], [139.46595, 35.76135], [139.46591, 35.7609]]}, "properties": {"id": "TRACK_TOKYO_0777", "line_name": "西武園線", "station_group_ids": [], "mode": "private", "operator_id": "seibu", "line_color": "#00A15F", "tags": ["tokyo", "track_centerline"]}}, {"type": "Feature", "bbox": [139.46581, 35.75903, 139.46591, 35.7609], "geometry": {"type": "LineString", "coordinates": [[139.46581, 35.75903], [139.46591, 35.7609]]}, "properties": {"id": "TRACK_TOKYO_0778", "line_name": "西武園線", "station_group_ids": [], "mode": "private", "operator_id": "seibu", "line_color": "#00A15F", "tags": ["tokyo", "track_centerline"]}}, {"type": "Feature", "bbox": [139.46706, 35.74459, 139.46844, 35.74519], "geometry": {"type": "LineString", "coordinates": [[139.46844, 35.74459], [139.46706, 35.74519]]}, "properties": {"id": "TRACK_TOKYO_0799", "line_name": "多摩湖線", "station_group_ids": [], "mode": "private", "operator_id": "seibu", "line_color": "#00A15F", "tags": ["tokyo", "track_centerline"]}}, {"type": "Feature", "bbox": [139.4766, 35.73134, 139.47794, 35.74031], "geometry": {"type": "LineString", "coordinates": [[139.4766, 35.73134], [139.47681, 35.73425], [139.47686, 35.73479], [139.47695, 35.73565], [139.47696, 35.73584], [139.47698, 35.73598], [139.47701, 35.73612], [139.47705, 35.73629], [139.4771, 35.73644], [139.47723, 35.73682], [139.47737, 35.73716], [139.47749, 35.73743], [139.47757, 35.73763], [139.4777, 35.73801], [139.47779, 35.7383], [139.47786, 35.73859], [139.47789, 35.73878], [139.47793, 35.73899], [139.47794, 35.7391], [139.47793, 35.73921], [139.47792, 35.73933], [139.47791, 35.7394], [139.47788, 35.73951], [139.47785, 35.73959], [139.47779, 35.73972], [139.47773, 35.73983], [139.47769, 35.73992], [139.47764, 35.74], [139.47745, 35.74031]]}, "properties": {"id": "TRACK_TOKYO_0800", "line_name": "多摩湖線", "station_group_ids": [], "mode": "private", "operator_id": "seibu", "line_color": "#00A15F", "tags": ["tokyo", "track_centerline"]}}, {"type": "Feature", "bbox": [139.47654, 35.73064, 139.4766, 35.73134], "geometry": {"type": "LineString", "coordinates": [[139.47654, 35.73064], [139.4766, 35.73134]]}, "properties": {"id": "TRACK_TOKYO_0801", "line_name": "多摩湖線", "station_group_ids": [], "mode": "private", "operator_id": "seibu", "line_color": "#00A15F", "tags": ["tokyo", "track_centerline"]}}, {"type": "Feature", "bbox": [139.47473, 35.74125, 139.4762, 35.74191], "geometry": {"type": "LineString", "coordinates": [[139.4762, 35.74125], [139.4758, 35.74148], [139.47473, 35.74191]]}, "properties": {"id": "TRACK_TOKYO_0802", "line_name": "多摩湖線", "station_group_ids": [], "mode": "private", "operator_id": "seibu", "line_color": "#00A15F", "tags": ["tokyo", "track_centerline"]}}, {"type": "Feature", "bbox": [139.46844, 35.74191, 139.47473, 35.74459], "geometry": {"type": "LineString", "coordinates": [[139.47473, 35.74191], [139.47366, 35.74237], [139.47008, 35.74389], [139.46844, 35.74459]]}, "properties": {"id": "TRACK_TOKYO_0803", "line_name": "多摩湖線", "station_group_ids": [], "mode": "private", "operator_id": "seibu", "line_color": "#00A15F", "tags": ["tokyo", "track_centerline"]}}, {"type": "Feature", "bbox": [139.47913, 35.70085, 139.47942, 35.70135], "geometry": {"type": "LineString", "coordinates": [[139.47942, 35.70085], [139.47934, 35.70095], [139.47928, 35.70105], [139.47921, 35.70116], [139.47913, 35.70135]]}, "properties": {"id": "TRACK_TOKYO_0804", "line_name": "多摩湖線", "station_group_ids": [], "mode": "private", "operator_id": "seibu", "line_color": "#00A15F", "tags": ["tokyo", "track_centerline"]}}, {"type": "Feature", "bbox": [139.48003, 35.7217, 139.4801, 35.72251], "geometry": {"type": "LineString", "coordinates": [[139.4801, 35.7217], [139.48003, 35.72251]]}, "properties": {"id": "TRACK_TOKYO_0805", "line_name": "多摩湖線", "station_group_ids": [], "mode": "private", "operator_id": "seibu", "line_color": "#00A15F", "tags": ["tokyo", "track_centerline"]}}, {"type": "Feature", "bbox": [139.47654, 35.72251, 139.48003, 35.73064], "geometry": {"type": "LineString", "coordinates": [[139.48003, 35.72251], [139.47993, 35.72312], [139.47986, 35.72346], [139.47983, 35.72356], [139.4798, 35.72367], [139.47975, 35.72378], [139.4797, 35.72388], [139.47963, 35.72398], [139.47954, 35.7241], [139.47947, 35.7242], [139.47897, 35.72482], [139.47874, 35.7251], [139.47865, 35.7252], [139.4785, 35.72536], [139.47841, 35.72544], [139.47799, 35.72584], [139.47789, 35.72594], [139.47777, 35.72607], [139.47769, 35.72615], [139.47764, 35.72621], [139.47758, 35.72629], [139.47753, 35.72635], [139.4775, 35.72641], [139.47745, 35.72649], [139.47742, 35.72655], [139.47738, 35.72667], [139.47731, 35.72684], [139.47728, 35.72696], [139.47721, 35.72722], [139.47718, 35.72736], [139.47711, 35.72769], [139.47674, 35.72929], [139.47666, 35.72969], [139.47656, 35.73021], [139.47655, 35.73031], [139.47654, 35.73041], [139.47654, 35.73054], [139.47654, 35.73064]]}, "properties": {"id": "TRACK_TOKYO_0806", "line_name": "多摩湖線", "station_group_ids": [], "mode": "private", "operator_id": "seibu", "line_color": "#00A15F", "tags": ["tokyo", "track_centerline"]}}, {"type": "Feature", "bbox": [139.44427, 35.74519, 139.46706, 35.75607], "geometry": {"type": "LineString", "coordinates": [[139.46706, 35.74519], [139.46696, 35.74524], [139.46661, 35.74539], [139.46519, 35.746], [139.46477, 35.74617], [139.46372, 35.74663], [139.4635, 35.74673], [139.46292, 35.74697], [139.46189, 35.74741], [139.46086, 35.74786], [139.4598, 35.74831], [139.45847, 35.74889], [139.45767, 35.74923], [139.45664, 35.74968], [139.45598, 35.74996], [139.45452, 35.75059], [139.45268, 35.75138], [139.45122, 35.752], [139.45027, 35.75244], [139.4494, 35.75286], [139.4488, 35.75317], [139.44876, 35.75322], [139.44849, 35.75335], [139.44756, 35.75378], [139.44704, 35.75401], [139.44657, 35.75423], [139.44565, 35.75464], [139.44544, 35.75473], [139.44522, 35.75484], [139.4451, 35.7549], [139.44503, 35.75495], [139.44495, 35.75502], [139.44487, 35.7551], [139.44482, 35.75514], [139.44476, 35.75521], [139.44471, 35.75529], [139.44465, 35.75536], [139.44458, 35.75549], [139.44449, 35.75567], [139.44447, 35.7557], [139.44431, 35.75599], [139.44427, 35.75607]]}, "properties": {"id": "TRACK_TOKYO_0807", "line_name": "多摩湖線", "station_group_ids": [], "mode": "private", "operator_id": "seibu", "line_color": "#00A15F", "tags": ["tokyo", "track_centerline"]}}, {"type": "Feature", "bbox": [139.4762, 35.74031, 139.47745, 35.74125], "geometry": {"type": "LineString", "coordinates": [[139.47745, 35.74031], [139.47715, 35.74055], [139.47668, 35.74094], [139.4762, 35.74125]]}, "properties": {"id": "TRACK_TOKYO_0808", "line_name": "多摩湖線", "station_group_ids": [], "mode": "private", "operator_id": "seibu", "line_color": "#00A15F", "tags": ["tokyo", "track_centerline"]}}, {"type": "Feature", "bbox": [139.44255, 35.76511, 139.44288, 35.76646], "geometry": {"type": "LineString", "coordinates": [[139.44288, 35.76511], [139.44255, 35.76646]]}, "properties": {"id": "TRACK_TOKYO_0809", "line_name": "多摩湖線", "station_group_ids": [], "mode": "private", "operator_id": "seibu", "line_color": "#00A15F", "tags": ["tokyo", "track_centerline"]}}, {"type": "Feature", "bbox": [139.44288, 35.7568, 139.44384, 35.76511], "geometry": {"type": "LineString", "coordinates": [[139.44381, 35.7568], [139.44376, 35.75691], [139.4437, 35.75707], [139.44363, 35.75726], [139.4436, 35.75737], [139.44354, 35.75762], [139.44352, 35.75775], [139.4435, 35.75789], [139.44351, 35.75805], [139.44353, 35.75818], [139.44356, 35.75831], [139.4436, 35.75846], [139.4437, 35.7588], [139.44377, 35.75903], [139.44381, 35.75932], [139.44384, 35.75959], [139.44384, 35.7598], [139.44382, 35.76002], [139.4438, 35.76022], [139.44374, 35.76047], [139.44371, 35.7606], [139.44355, 35.76122], [139.44345, 35.76159], [139.44338, 35.76191], [139.44336, 35.76199], [139.44333, 35.7621], [139.44324, 35.76245], [139.44319, 35.76263], [139.44313, 35.76284], [139.4431, 35.76297], [139.44307, 35.76317], [139.44307, 35.76331], [139.44308, 35.76339], [139.44309, 35.76349], [139.44311, 35.76364], [139.44311, 35.76404], [139.44311, 35.76423], [139.44309, 35.76437], [139.44308, 35.76444], [139.44301, 35.7647], [139.44292, 35.76499], [139.44288, 35.76511]]}, "properties": {"id": "TRACK_TOKYO_0810", "line_name": "多摩湖線", "station_group_ids": [], "mode": "private", "operator_id": "seibu", "line_color": "#00A15F", "tags": ["tokyo", "track_centerline"]}}, {"type": "Feature", "bbox": [139.44381, 35.75607, 139.44427, 35.7568], "geometry": {"type": "LineString", "coordinates": [[139.44427, 35.75607], [139.44381, 35.7568]]}, "properties": {"id": "TRACK_TOKYO_0811", "line_name": "多摩湖線", "station_group_ids": [], "mode": "private", "operator_id": "seibu", "line_color": "#00A15F", "tags": ["tokyo", "track_centerline"]}}, {"type": "Feature", "bbox": [139.47742, 35.70135, 139.48039, 35.7217], "geometry": {"type": "LineString", "coordinates": [[139.47913, 35.70135], [139.47845, 35.70284], [139.47788, 35.70405], [139.47777, 35.70428], [139.47763, 35.70454], [139.47756, 35.70468], [139.47751, 35.7048], [139.47748, 35.70489], [139.47744, 35.70503], [139.47742, 35.70516], [139.47742, 35.70525], [139.47742, 35.70537], [139.47743, 35.70545], [139.47744, 35.70552], [139.47747, 35.70567], [139.47751, 35.70588], [139.47755, 35.70602], [139.47759, 35.70616], [139.4777, 35.70652], [139.47794, 35.70736], [139.47815, 35.70808], [139.47832, 35.7087], [139.47863, 35.70985], [139.47875, 35.71033], [139.47891, 35.711], [139.47898, 35.71123], [139.47906, 35.7116], [139.47915, 35.71194], [139.47928, 35.7124], [139.47935, 35.71272], [139.4795, 35.71336], [139.47956, 35.71359], [139.47961, 35.71377], [139.47968, 35.71405], [139.47974, 35.7143], [139.47982, 35.71459], [139.47991, 35.71495], [139.47998, 35.71519], [139.48009, 35.71559], [139.48016, 35.71587], [139.4803, 35.71653], [139.48035, 35.71678], [139.48038, 35.71696], [139.48039, 35.71703], [139.48039, 35.71714], [139.48039, 35.71724], [139.48038, 35.71739], [139.48035, 35.71777], [139.48029, 35.71865], [139.4802, 35.72], [139.48016, 35.72074], [139.4801, 35.72146], [139.4801, 35.7217]]}, "properties": {"id": "TRACK_TOKYO_0812", "line_name": "多摩湖線", "station_group_ids": [], "mode": "private", "operator_id": "seibu", "line_color": "#00A15F", "tags": ["tokyo", "track_centerline"]}}, {"type": "Feature", "bbox": [139.54379, 35.7019, 139.54474, 35.70192], "geometry": {"type": "LineString", "coordinates": [[139.54474, 35.70192], [139.54379, 35.7019]]}, "properties": {"id": "TRACK_TOKYO_0813", "line_name": "多摩川線", "station_group_ids": [], "mode": "private", "operator_id": "seibu", "line_color": "#00A15F", "tags": ["tokyo", "track_centerline"]}}, {"type": "Feature", "bbox": [139.52638, 35.69561, 139.52711, 35.69623], "geometry": {"type": "LineString", "coordinates": [[139.52711, 35.69623], [139.52638, 35.69561]]}, "properties": {"id": "TRACK_TOKYO_0814", "line_name": "多摩川線", "station_group_ids": [], "mode": "private", "operator_id": "seibu", "line_color": "#00A15F", "tags": ["tokyo", "track_centerline"]}}, {"type": "Feature", "bbox": [139.52711, 35.69623, 139.54379, 35.7019], "geometry": {"type": "LineString", "coordinates": [[139.54379, 35.7019], [139.5431, 35.7019], [139.54202, 35.70189], [139.54086, 35.70187], [139.53974, 35.70185], [139.53862, 35.70182], [139.53742, 35.7018], [139.53641, 35.70176], [139.53608, 35.70173], [139.5357, 35.70164], [139.53525, 35.70147], [139.53495, 35.70133], [139.53424, 35.7009], [139.53367, 35.70054], [139.53338, 35.70036], [139.53249, 35.69977], [139.53158, 35.69918], [139.53063, 35.69858], [139.52971, 35.69798], [139.52869, 35.69732], [139.52782, 35.69674], [139.52711, 35.69623]]}, "properties": {"id": "TRACK_TOKYO_0815", "line_name": "多摩川線", "station_group_ids": [], "mode": "private", "operator_id": "seibu", "line_color": "#00A15F", "tags": ["tokyo", "track_centerline"]}}, {"type": "Feature", "bbox": [139.5103, 35.66682, 139.51692, 35.67634], "geometry": {"type": "LineString", "coordinates": [[139.51692, 35.67634], [139.51677, 35.67601], [139.51671, 35.67587], [139.51634, 35.67508], [139.51604, 35.67444], [139.51567, 35.67367], [139.5154, 35.67309], [139.515, 35.67226], [139.51458, 35.67136], [139.51414, 35.67046], [139.51384, 35.6699], [139.51347, 35.66943], [139.51287, 35.6688], [139.5123, 35.66823], [139.5103, 35.66682]]}, "properties": {"id": "TRACK_TOKYO_0818", "line_name": "多摩川線", "station_group_ids": [], "mode": "private", "operator_id": "seibu", "line_color": "#00A15F", "tags": ["tokyo", "track_centerline"]}}, {"type": "Feature", "bbox": [139.51692, 35.67634, 139.51738, 35.67731], "geometry": {"type": "LineString", "coordinates": [[139.51738, 35.67731], [139.51692, 35.67634]]}, "properties": {"id": "TRACK_TOKYO_0819", "line_name": "多摩川線", "station_group_ids": [], "mode": "private", "operator_id": "seibu", "line_color": "#00A15F", "tags": ["tokyo", "track_centerline"]}}, {"type": "Feature", "bbox": [139.51738, 35.67731, 139.52638, 35.69561], "geometry": {"type": "LineString", "coordinates": [[139.52638, 35.69561], [139.52593, 35.6951], [139.5258, 35.69493], [139.52571, 35.6948], [139.52555, 35.69453], [139.52538, 35.69418], [139.52507, 35.69353], [139.5248, 35.69295], [139.52441, 35.69216], [139.52395, 35.69123], [139.52386, 35.691], [139.52373, 35.69073], [139.52331, 35.68985], [139.52298, 35.68917], [139.52278, 35.68873], [139.52259, 35.68833], [139.52247, 35.68808], [139.52218, 35.68746], [139.52217, 35.68744], [139.52178, 35.68661], [139.52156, 35.68614], [139.52141, 35.68583], [139.52136, 35.68573], [139.52106, 35.68509], [139.52071, 35.68434], [139.52044, 35.68375], [139.52001, 35.68285], [139.51959, 35.68198], [139.51919, 35.68115], [139.51905, 35.68085], [139.51878, 35.68028], [139.51837, 35.67941], [139.51797, 35.67855], [139.51763, 35.67784], [139.51758, 35.67771], [139.51738, 35.67731]]}, "properties": {"id": "TRACK_TOKYO_0820", "line_name": "多摩川線", "station_group_ids": [], "mode": "private", "operator_id": "seibu", "line_color": "#00A15F", "tags": ["tokyo", "track_centerline"]}}, {"type": "Feature", "bbox": [139.43705, 35.80013, 139.43903, 35.80104], "geometry": {"type": "LineString", "coordinates": [[139.43903, 35.80013], [139.43705, 35.80104]]}, "properties": {"id": "TRACK_TOKYO_0844", "line_name": "池袋線", "station_group_ids": [], "mode": "private", "operator_id": "seibu", "line_color": "#00A15F", "tags": ["tokyo", "track_centerline"]}}, {"type": "Feature", "bbox": [139.45673, 35.78064, 139.47331, 35.78839], "geometry": {"type": "LineString", "coordinates": [[139.47331, 35.78595], [139.47328, 35.78519], [139.47329, 35.78416], [139.47327, 35.7834], [139.47325, 35.78323], [139.47321, 35.78308], [139.47318, 35.78295], [139.47314, 35.78285], [139.47306, 35.78269], [139.473, 35.78259], [139.47289, 35.78243], [139.47264, 35.78212], [139.47236, 35.78182], [139.47217, 35.78162], [139.47188, 35.78136], [139.4717, 35.78122], [139.47144, 35.78105], [139.4713, 35.78098], [139.47112, 35.7809], [139.47084, 35.78079], [139.47071, 35.78075], [139.47063, 35.78073], [139.47051, 35.78071], [139.4703, 35.78068], [139.46988, 35.78065], [139.46952, 35.78064], [139.46923, 35.78066], [139.46893, 35.78071], [139.46859, 35.78076], [139.46842, 35.7808], [139.46824, 35.78085], [139.46807, 35.78092], [139.46782, 35.78105], [139.46758, 35.78119], [139.46724, 35.78142], [139.46671, 35.78173], [139.46628, 35.78201], [139.46566, 35.78241], [139.46528, 35.78266], [139.46514, 35.78275], [139.46461, 35.7831], [139.46394, 35.78353], [139.46342, 35.78386], [139.46308, 35.7841], [139.46219, 35.7847], [139.461, 35.78552], [139.46029, 35.786], [139.45975, 35.78638], [139.45924, 35.78671], [139.45882, 35.78699], [139.45825, 35.78737], [139.45803, 35.7875], [139.45769, 35.78774], [139.45675, 35.78838], [139.45673, 35.78839]]}, "properties": {"id": "TRACK_TOKYO_0845", "line_name": "池袋線", "station_group_ids": [], "mode": "private", "operator_id": "seibu", "line_color": "#00A15F", "tags": ["tokyo", "track_centerline"]}}, {"type": "Feature", "bbox": [139.49787, 35.77227, 139.51877, 35.77818], "geometry": {"type": "LineString", "coordinates": [[139.51877, 35.77227], [139.5148, 35.7734], [139.51469, 35.77344], [139.51155, 35.77432], [139.50852, 35.77518], [139.50703, 35.77559], [139.50545, 35.77604], [139.50433, 35.77636], [139.50381, 35.77651], [139.50148, 35.77716], [139.49787, 35.77818]]}, "properties": {"id": "TRACK_TOKYO_0846", "line_name": "池袋線", "station_group_ids": [], "mode": "private", "operator_id": "seibu", "line_color": "#00A15F", "tags": ["tokyo", "track_centerline"]}}, {"type": "Feature", "bbox": [139.54674, 35.74714, 139.56712, 35.75105], "geometry": {"type": "LineString", "coordinates": [[139.56712, 35.74814], [139.56628, 35.74804], [139.56577, 35.74799], [139.56543, 35.74796], [139.56529, 35.74795], [139.56518, 35.74793], [139.56452, 35.74786], [139.56408, 35.74781], [139.56349, 35.74775], [139.56297, 35.7477], [139.5628, 35.74768], [139.56267, 35.74767], [139.5617, 35.74756], [139.56149, 35.74754], [139.56111, 35.7475], [139.56067, 35.74746], [139.56024, 35.74742], [139.55993, 35.74738], [139.55965, 35.74735], [139.55913, 35.7473], [139.55853, 35.74724], [139.55816, 35.7472], [139.55782, 35.74719], [139.55737, 35.74714], [139.55683, 35.74714], [139.55641, 35.74717], [139.55593, 35.74726], [139.55545, 35.74742], [139.55533, 35.74747], [139.55522, 35.74753], [139.555, 35.74761], [139.5546, 35.74779], [139.55426, 35.74793], [139.55409, 35.748], [139.55374, 35.74814], [139.55289, 35.74849], [139.55239, 35.74869], [139.552, 35.74885], [139.55136, 35.74911], [139.55042, 35.74951], [139.55015, 35.74961], [139.54931, 35.74997], [139.54904, 35.75007], [139.54858, 35.75026], [139.54831, 35.75039], [139.54797, 35.75053], [139.54711, 35.75089], [139.54674, 35.75105]]}, "properties": {"id": "TRACK_TOKYO_0847", "line_name": "池袋線", "station_group_ids": [], "mode": "private", "operator_id": "seibu", "line_color": "#00A15F", "tags": ["tokyo", "track_centerline"]}}, {"type": "Feature", "bbox": [139.51877, 35.77166, 139.52102, 35.77227], "geometry": {"type": "LineString", "coordinates": [[139.52102, 35.77166], [139.51998, 35.77194], [139.51877, 35.77227]]}, "properties": {"id": "TRACK_TOKYO_0848", "line_name": "池袋線", "station_group_ids": [], "mode": "private", "operator_id": "seibu", "line_color": "#00A15F", "tags": ["tokyo", "track_centerline"]}}, {"type": "Feature", "bbox": [139.35945, 35.83766, 139.36093, 35.83769], "geometry": {"type": "LineString", "coordinates": [[139.36093, 35.83769], [139.35945, 35.83766]]}, "properties": {"id": "TRACK_TOKYO_0849", "line_name": "池袋線", "station_group_ids": [], "mode": "private", "operator_id": "seibu", "line_color": "#00A15F", "tags": ["tokyo", "track_centerline"]}}, {"type": "Feature", "bbox": [139.53424, 35.75183, 139.54481, 35.75994], "geometry": {"type": "LineString", "coordinates": [[139.53424, 35.75994], [139.53508, 35.75911], [139.53579, 35.7584], [139.53657, 35.75762], [139.53675, 35.75744], [139.5379, 35.7563], [139.53916, 35.75504], [139.54007, 35.75412], [139.54044, 35.7538], [139.54062, 35.75367], [139.54108, 35.75344], [139.54163, 35.75322], [139.5421, 35.75298], [139.54234, 35.75286], [139.54322, 35.75249], [139.54391, 35.75218], [139.54439, 35.75199], [139.54481, 35.75183]]}, "properties": {"id": "TRACK_TOKYO_0850", "line_name": "池袋線", "station_group_ids": [], "mode": "private", "operator_id": "seibu", "line_color": "#00A15F", "tags": ["tokyo", "track_centerline"]}}, {"type": "Feature", "bbox": [139.41629, 35.81001, 139.41775, 35.8108], "geometry": {"type": "LineString", "coordinates": [[139.41775, 35.81001], [139.41629, 35.8108]]}, "properties": {"id": "TRACK_TOKYO_0851", "line_name": "池袋線", "station_group_ids": [], "mode": "private", "operator_id": "seibu", "line_color": "#00A15F", "tags": ["tokyo", "track_centerline"]}}, {"type": "Feature", "bbox": [139.49594, 35.77818, 139.49787, 35.77877], "geometry": {"type": "LineString", "coordinates": [[139.49787, 35.77818], [139.49679, 35.77851], [139.49677, 35.77851], [139.49594, 35.77877]]}, "properties": {"id": "TRACK_TOKYO_0853", "line_name": "池袋線", "station_group_ids": [], "mode": "private", "operator_id": "seibu", "line_color": "#00A15F", "tags": ["tokyo", "track_centerline"]}}, {"type": "Feature", "bbox": [139.53326, 35.75994, 139.53424, 35.76096], "geometry": {"type": "LineString", "coordinates": [[139.53424, 35.75994], [139.53326, 35.76096]]}, "properties": {"id": "TRACK_TOKYO_0854", "line_name": "池袋線", "station_group_ids": [], "mode": "private", "operator_id": "seibu", "line_color": "#00A15F", "tags": ["tokyo", "track_centerline"]}}, {"type": "Feature", "bbox": [139.36093, 35.83769, 139.38956, 35.84274], "geometry": {"type": "LineString", "coordinates": [[139.38956, 35.84186], [139.38933, 35.84162], [139.3892, 35.84152], [139.38891, 35.84139], [139.38843, 35.84122], [139.3881, 35.84114], [139.38778, 35.8411], [139.38747, 35.84111], [139.38699, 35.84116], [139.38693, 35.84116], [139.38661, 35.84125], [139.38629, 35.84137], [139.38596, 35.84154], [139.38539, 35.8418], [139.38471, 35.84213], [139.38441, 35.84229], [139.38434, 35.84232], [139.38336, 35.84272], [139.38307, 35.84274], [139.38285, 35.84274], [139.38271, 35.84272], [139.3825, 35.84266], [139.3823, 35.84259], [139.38202, 35.84246], [139.38094, 35.84204], [139.38078, 35.84198], [139.38037, 35.84181], [139.37991, 35.84162], [139.37944, 35.84145], [139.37897, 35.84132], [139.37856, 35.84122], [139.37808, 35.84114], [139.37749, 35.84105], [139.37686, 35.841], [139.37618, 35.84089], [139.37594, 35.84085], [139.37521, 35.84069], [139.37462, 35.84051], [139.37412, 35.84034], [139.37306, 35.84001], [139.3718, 35.83962], [139.37174, 35.8396], [139.37166, 35.83958], [139.37128, 35.83946], [139.37063, 35.83927], [139.36968, 35.83899], [139.36906, 35.83881], [139.36775, 35.83841], [139.36709, 35.83821], [139.36644, 35.83806], [139.36581, 35.83795], [139.36497, 35.83783], [139.36424, 35.83777], [139.36373, 35.83775], [139.36093, 35.83769]]}, "properties": {"id": "TRACK_TOKYO_0855", "line_name": "池袋線", "station_group_ids": [], "mode": "private", "operator_id": "seibu", "line_color": "#00A15F", "tags": ["tokyo", "track_centerline"]}}, {"type": "Feature", "bbox": [139.52102, 35.76096, 139.53326, 35.77166], "geometry": {"type": "LineString", "coordinates": [[139.53326, 35.76096], [139.53203, 35.76221], [139.5314, 35.76283], [139.53067, 35.76354], [139.53043, 35.76381], [139.5294, 35.76481], [139.52738, 35.76686], [139.52668, 35.76755], [139.52609, 35.76813], [139.52577, 35.76845], [139.52514, 35.76908], [139.52437, 35.76988], [139.52371, 35.77049], [139.52285, 35.77105], [139.52234, 35.77128], [139.52219, 35.77133], [139.52176, 35.77146], [139.52102, 35.77166]]}, "properties": {"id": "TRACK_TOKYO_0856", "line_name": "池袋線", "station_group_ids": [], "mode": "private", "operator_id": "seibu", "line_color": "#00A15F", "tags": ["tokyo", "track_centerline"]}}, {"type": "Feature", "bbox": [139.40047, 35.8218, 139.41255, 35.84431], "geometry": {"type": "LineString", "coordinates": [[139.41255, 35.8218], [139.41251, 35.82199], [139.41238, 35.82256], [139.41224, 35.82309], [139.41209, 35.82372], [139.41197, 35.82419], [139.41185, 35.82473], [139.41176, 35.82509], [139.41165, 35.82552], [139.41156, 35.82592], [139.41147, 35.82639], [139.41131, 35.82715], [139.41118, 35.82779], [139.4111, 35.82812], [139.41105, 35.82836], [139.41101, 35.82853], [139.41078, 35.8295], [139.41048, 35.83076], [139.41024, 35.83181], [139.40999, 35.8328], [139.4099, 35.83318], [139.40987, 35.83325], [139.40984, 35.83337], [139.40982, 35.83342], [139.40974, 35.83365], [139.40959, 35.83396], [139.40941, 35.83426], [139.40908, 35.83476], [139.40876, 35.83519], [139.40852, 35.8355], [139.40827, 35.83582], [139.40801, 35.83615], [139.40774, 35.83654], [139.40768, 35.83662], [139.4067, 35.83787], [139.4059, 35.83893], [139.40532, 35.83969], [139.40503, 35.84007], [139.40456, 35.84068], [139.40393, 35.84149], [139.40343, 35.84213], [139.40312, 35.84251], [139.40271, 35.84294], [139.40233, 35.84329], [139.40204, 35.84351], [139.40188, 35.84362], [139.40152, 35.84383], [139.40105, 35.84405], [139.40047, 35.84431]]}, "properties": {"id": "TRACK_TOKYO_0857", "line_name": "池袋線", "station_group_ids": [], "mode": "private", "operator_id": "seibu", "line_color": "#00A15F", "tags": ["tokyo", "track_centerline"]}}, {"type": "Feature", "bbox": [139.43903, 35.78927, 139.45555, 35.80013], "geometry": {"type": "LineString", "coordinates": [[139.45555, 35.78927], [139.45507, 35.78991], [139.45472, 35.79036], [139.45445, 35.79075], [139.45427, 35.791], [139.45396, 35.79143], [139.45357, 35.79197], [139.45324, 35.7924], [139.45287, 35.7929], [139.45254, 35.79331], [139.45215, 35.79369], [139.45183, 35.79399], [139.45156, 35.79422], [139.45131, 35.79438], [139.45108, 35.79451], [139.4507, 35.79471], [139.45026, 35.79492], [139.44968, 35.79519], [139.44893, 35.79553], [139.44866, 35.79566], [139.44822, 35.79587], [139.44697, 35.79645], [139.44627, 35.79676], [139.4455, 35.79712], [139.44425, 35.7977], [139.44329, 35.79815], [139.44212, 35.7987], [139.44125, 35.7991], [139.44079, 35.79931], [139.43987, 35.79974], [139.43935, 35.79998], [139.43903, 35.80013]]}, "properties": {"id": "TRACK_TOKYO_0858", "line_name": "池袋線", "station_group_ids": [], "mode": "private", "operator_id": "seibu", "line_color": "#00A15F", "tags": ["tokyo", "track_centerline"]}}, {"type": "Feature", "bbox": [139.41255, 35.8199, 139.41296, 35.8218], "geometry": {"type": "LineString", "coordinates": [[139.41296, 35.8199], [139.41255, 35.8218]]}, "properties": {"id": "TRACK_TOKYO_0859", "line_name": "池袋線", "station_group_ids": [], "mode": "private", "operator_id": "seibu", "line_color": "#00A15F", "tags": ["tokyo", "track_centerline"]}}, {"type": "Feature", "bbox": [139.41296, 35.8108, 139.41629, 35.8199], "geometry": {"type": "LineString", "coordinates": [[139.41629, 35.8108], [139.41624, 35.81083], [139.41606, 35.81095], [139.41586, 35.81108], [139.41575, 35.81118], [139.41558, 35.81131], [139.4154, 35.81146], [139.41531, 35.81157], [139.41521, 35.8117], [139.41512, 35.81183], [139.41503, 35.81197], [139.41493, 35.81218], [139.41482, 35.81241], [139.41474, 35.81256], [139.41464, 35.81281], [139.4146, 35.81295], [139.41455, 35.81318], [139.41443, 35.81367], [139.41434, 35.81408], [139.41418, 35.81475], [139.41402, 35.81542], [139.41394, 35.81576], [139.41389, 35.81593], [139.41379, 35.81637], [139.41363, 35.81705], [139.41353, 35.81748], [139.41337, 35.81818], [139.41306, 35.81948], [139.41296, 35.8199]]}, "properties": {"id": "TRACK_TOKYO_0860", "line_name": "池袋線", "station_group_ids": [], "mode": "private", "operator_id": "seibu", "line_color": "#00A15F", "tags": ["tokyo", "track_centerline"]}}, {"type": "Feature", "bbox": [139.41775, 35.80104, 139.43705, 35.81001], "geometry": {"type": "LineString", "coordinates": [[139.43705, 35.80104], [139.43651, 35.80129], [139.43449, 35.8022], [139.43427, 35.80231], [139.43336, 35.80274], [139.43247, 35.80313], [139.43145, 35.80361], [139.43078, 35.80393], [139.42939, 35.80459], [139.42843, 35.80502], [139.42751, 35.80547], [139.42737, 35.80553], [139.42636, 35.806], [139.4253, 35.80648], [139.42424, 35.80697], [139.42315, 35.80749], [139.42196, 35.80806], [139.42009, 35.8089], [139.4186, 35.80959], [139.41775, 35.81001]]}, "properties": {"id": "TRACK_TOKYO_0862", "line_name": "池袋線", "station_group_ids": [], "mode": "private", "operator_id": "seibu", "line_color": "#00A15F", "tags": ["tokyo", "track_centerline"]}}, {"type": "Feature", "bbox": [139.45555, 35.78839, 139.45673, 35.78927], "geometry": {"type": "LineString", "coordinates": [[139.45673, 35.78839], [139.45657, 35.78852], [139.45613, 35.78885], [139.45555, 35.78927]]}, "properties": {"id": "TRACK_TOKYO_0863", "line_name": "池袋線", "station_group_ids": [], "mode": "private", "operator_id": "seibu", "line_color": "#00A15F", "tags": ["tokyo", "track_centerline"]}}, {"type": "Feature", "bbox": [139.39831, 35.84431, 139.40047, 35.84498], "geometry": {"type": "LineString", "coordinates": [[139.40047, 35.84431], [139.40007, 35.84448], [139.39953, 35.84467], [139.39916, 35.84478], [139.39866, 35.84491], [139.39831, 35.84498]]}, "properties": {"id": "TRACK_TOKYO_0864", "line_name": "池袋線", "station_group_ids": [], "mode": "private", "operator_id": "seibu", "line_color": "#00A15F", "tags": ["tokyo", "track_centerline"]}}, {"type": "Feature", "bbox": [139.38956, 35.84186, 139.39097, 35.84375], "geometry": {"type": "LineString", "coordinates": [[139.39097, 35.84375], [139.39078, 35.84351], [139.38997, 35.84241], [139.38956, 35.84186]]}, "properties": {"id": "TRACK_TOKYO_0865", "line_name": "池袋線", "station_group_ids": [], "mode": "private", "operator_id": "seibu", "line_color": "#00A15F", "tags": ["tokyo", "track_centerline"]}}, {"type": "Feature", "bbox": [139.47358, 35.77877, 139.49594, 35.79055], "geometry": {"type": "LineString", "coordinates": [[139.49594, 35.77877], [139.4957, 35.77884], [139.49476, 35.77909], [139.49453, 35.77915], [139.49424, 35.77923], [139.49369, 35.77939], [139.49274, 35.77965], [139.49229, 35.77978], [139.49189, 35.77989], [139.4918, 35.77992], [139.49168, 35.77996], [139.4916, 35.77999], [139.49149, 35.78003], [139.4914, 35.78007], [139.49131, 35.78011], [139.49127, 35.78013], [139.49103, 35.78025], [139.49083, 35.78036], [139.49077, 35.78039], [139.49061, 35.78049], [139.49045, 35.78062], [139.49034, 35.78072], [139.49023, 35.78083], [139.4902, 35.78086], [139.49019, 35.78087], [139.4901, 35.78096], [139.48982, 35.78128], [139.48957, 35.78154], [139.48941, 35.78172], [139.48927, 35.78187], [139.48908, 35.78208], [139.48875, 35.78246], [139.48848, 35.78275], [139.48833, 35.78294], [139.4882, 35.78312], [139.48799, 35.78338], [139.48772, 35.78374], [139.48747, 35.78405], [139.48715, 35.78444], [139.48692, 35.78471], [139.48678, 35.78486], [139.48667, 35.78498], [139.48658, 35.78507], [139.48648, 35.78517], [139.48624, 35.78542], [139.48598, 35.78565], [139.48576, 35.78585], [139.48551, 35.78605], [139.48517, 35.78632], [139.48474, 35.78666], [139.48441, 35.7869], [139.484, 35.78722], [139.48324, 35.78777], [139.48295, 35.78799], [139.48276, 35.78813], [139.48227, 35.78848], [139.48185, 35.78878], [139.48146, 35.78908], [139.48122, 35.78926], [139.48062, 35.78951], [139.48009, 35.78973], [139.47943, 35.78997], [139.47895, 35.79013], [139.47871, 35.79019], [139.47833, 35.79029], [139.47763, 35.79042], [139.47702, 35.79052], [139.47643, 35.79055], [139.47609, 35.79053], [139.47579, 35.7905], [139.47554, 35.79043], [139.47524, 35.79031], [139.47496, 35.79016], [139.4747, 35.78998], [139.47449, 35.78981], [139.47429, 35.78957], [139.47412, 35.78935], [139.47399, 35.78911], [139.47388, 35.78882], [139.47387, 35.78877], [139.47381, 35.78857], [139.47369, 35.78807], [139.47358, 35.78742]]}, "properties": {"id": "TRACK_TOKYO_0866", "line_name": "池袋線", "station_group_ids": [], "mode": "private", "operator_id": "seibu", "line_color": "#00A15F", "tags": ["tokyo", "track_centerline"]}}, {"type": "Feature", "bbox": [139.54481, 35.75105, 139.54674, 35.75183], "geometry": {"type": "LineString", "coordinates": [[139.54481, 35.75183], [139.54541, 35.75157], [139.5461, 35.7513], [139.54674, 35.75105]]}, "properties": {"id": "TRACK_TOKYO_0867", "line_name": "池袋線", "station_group_ids": [], "mode": "private", "operator_id": "seibu", "line_color": "#00A15F", "tags": ["tokyo", "track_centerline"]}}, {"type": "Feature", "bbox": [139.47331, 35.78595, 139.47358, 35.78742], "geometry": {"type": "LineString", "coordinates": [[139.47358, 35.78742], [139.47331, 35.78595]]}, "properties": {"id": "TRACK_TOKYO_0869", "line_name": "池袋線", "station_group_ids": [], "mode": "private", "operator_id": "seibu", "line_color": "#00A15F", "tags": ["tokyo", "track_centerline"]}}, {"type": "Feature", "bbox": [139.39097, 35.84375, 139.39831, 35.84498], "geometry": {"type": "LineString", "coordinates": [[139.39831, 35.84498], [139.39764, 35.84496], [139.39655, 35.84494], [139.39451, 35.84485], [139.39437, 35.84485], [139.39377, 35.84482], [139.39361, 35.84481], [139.39295, 35.84477], [139.3926, 35.84473], [139.39238, 35.84468], [139.39223, 35.84465], [139.39205, 35.84458], [139.39187, 35.8445], [139.39173, 35.84442], [139.3916, 35.84433], [139.39149, 35.84425], [139.39137, 35.84414], [139.39115, 35.84393], [139.39097, 35.84375]]}, "properties": {"id": "TRACK_TOKYO_0871", "line_name": "池袋線", "station_group_ids": [], "mode": "private", "operator_id": "seibu", "line_color": "#00A15F", "tags": ["tokyo", "track_centerline"]}}, {"type": "Feature", "bbox": [139.26053, 35.88575, 139.28015, 35.89205], "geometry": {"type": "LineString", "coordinates": [[139.28015, 35.88575], [139.27994, 35.886], [139.27964, 35.88631], [139.27943, 35.88649], [139.2792, 35.88668], [139.27904, 35.88681], [139.279, 35.88685], [139.27891, 35.88691], [139.27868, 35.88707], [139.27858, 35.88713], [139.27846, 35.8872], [139.27817, 35.88734], [139.27806, 35.88739], [139.27791, 35.88746], [139.2778, 35.88751], [139.2777, 35.88755], [139.27758, 35.88758], [139.27731, 35.88765], [139.27709, 35.88769], [139.27684, 35.88771], [139.27655, 35.8877], [139.27624, 35.88765], [139.27612, 35.88762], [139.27573, 35.88748], [139.27553, 35.88739], [139.27506, 35.88713], [139.27491, 35.88705], [139.27447, 35.88682], [139.27407, 35.8866], [139.274, 35.88657], [139.27396, 35.88655], [139.27355, 35.88636], [139.27334, 35.88627], [139.27304, 35.88619], [139.27266, 35.88614], [139.27238, 35.88612], [139.27191, 35.88612], [139.27162, 35.88615], [139.27123, 35.88621], [139.27099, 35.88626], [139.27082, 35.88631], [139.27068, 35.88635], [139.27056, 35.88639], [139.27044, 35.88644], [139.27039, 35.88647], [139.27032, 35.88651], [139.27013, 35.88664], [139.27001, 35.88672], [139.2699, 35.88682], [139.26971, 35.88703], [139.26952, 35.88726], [139.26928, 35.88756], [139.26918, 35.88774], [139.26911, 35.88808], [139.26907, 35.88838], [139.26906, 35.88858], [139.26903, 35.88942], [139.26903, 35.88956], [139.26901, 35.88983], [139.26896, 35.8901], [139.2689, 35.89029], [139.26882, 35.89045], [139.2687, 35.89067], [139.26862, 35.89076], [139.26856, 35.89084], [139.26849, 35.89091], [139.26835, 35.89105], [139.26814, 35.89121], [139.26794, 35.89136], [139.26764, 35.89154], [139.26756, 35.89156], [139.26746, 35.8916], [139.26733, 35.89163], [139.26717, 35.89167], [139.26682, 35.89171], [139.26651, 35.89173], [139.26632, 35.89172], [139.26606, 35.89167], [139.26578, 35.89161], [139.2656, 35.89157], [139.26524, 35.89147], [139.26504, 35.89139], [139.26483, 35.89133], [139.26401, 35.89106], [139.26379, 35.89099], [139.26353, 35.8909], [139.26342, 35.89088], [139.26328, 35.89088], [139.26306, 35.89088], [139.26303, 35.89088], [139.26285, 35.89089], [139.26257, 35.89093], [139.26233, 35.89098], [139.26215, 35.89103], [139.26206, 35.89105], [139.26198, 35.89108], [139.26184, 35.89112], [139.26168, 35.89119], [139.26143, 35.89132], [139.26104, 35.89156], [139.26097, 35.89161], [139.26088, 35.89168], [139.26073, 35.89182], [139.26063, 35.89193], [139.26057, 35.892], [139.26053, 35.89205]]}, "properties": {"id": "TRACK_TOKYO_0873", "line_name": "池袋線", "station_group_ids": [], "mode": "private", "operator_id": "seibu", "line_color": "#00A15F", "tags": ["tokyo", "track_centerline"]}}, {"type": "Feature", "bbox": [139.34452, 35.84025, 139.34621, 35.84087], "geometry": {"type": "LineString", "coordinates": [[139.34621, 35.84025], [139.34519, 35.84063], [139.34452, 35.84087]]}, "properties": {"id": "TRACK_TOKYO_0875", "line_name": "池袋線", "station_group_ids": [], "mode": "private", "operator_id": "seibu", "line_color": "#00A15F", "tags": ["tokyo", "track_centerline"]}}, {"type": "Feature", "bbox": [139.30516, 35.85354, 139.32599, 35.88172], "geometry": {"type": "LineString", "coordinates": [[139.30516, 35.88172], [139.30532, 35.88162], [139.30546, 35.88151], [139.30559, 35.8814], [139.30572, 35.88129], [139.30584, 35.88115], [139.30605, 35.88089], [139.30621, 35.88068], [139.30632, 35.88051], [139.30644, 35.88033], [139.30648, 35.88021], [139.30662, 35.87983], [139.30679, 35.87917], [139.30701, 35.87813], [139.30716, 35.87742], [139.3072, 35.87723], [139.30741, 35.87624], [139.30766, 35.8752], [139.30768, 35.8751], [139.30773, 35.87481], [139.30793, 35.87408], [139.30809, 35.87364], [139.30818, 35.87338], [139.30858, 35.87233], [139.30864, 35.87216], [139.30865, 35.87205], [139.30866, 35.87195], [139.30866, 35.87167], [139.30866, 35.86971], [139.30868, 35.86958], [139.30875, 35.86927], [139.30881, 35.86907], [139.3089, 35.86887], [139.30901, 35.8687], [139.30908, 35.86859], [139.30916, 35.86849], [139.30946, 35.86821], [139.30984, 35.86787], [139.31044, 35.86738], [139.31083, 35.86703], [139.31105, 35.86683], [139.31132, 35.86651], [139.31241, 35.86519], [139.31253, 35.86505], [139.31298, 35.86452], [139.31354, 35.86385], [139.31418, 35.86307], [139.31461, 35.86256], [139.31494, 35.86217], [139.31537, 35.86165], [139.31557, 35.8614], [139.31582, 35.8611], [139.31609, 35.86083], [139.31638, 35.86054], [139.31651, 35.86041], [139.3167, 35.86023], [139.31683, 35.86011], [139.31691, 35.86006], [139.317, 35.85999], [139.31731, 35.85978], [139.31806, 35.85933], [139.31832, 35.85916], [139.31888, 35.85886], [139.32014, 35.85816], [139.32187, 35.85719], [139.32338, 35.85633], [139.32425, 35.85584], [139.32491, 35.85545], [139.32524, 35.85524], [139.32546, 35.85506], [139.32564, 35.8549], [139.32575, 35.85476], [139.32582, 35.85466], [139.32589, 35.85449], [139.32595, 35.85428], [139.32597, 35.85414], [139.32599, 35.85392], [139.32599, 35.85354]]}, "properties": {"id": "TRACK_TOKYO_0876", "line_name": "池袋線", "station_group_ids": [], "mode": "private", "operator_id": "seibu", "line_color": "#00A15F", "tags": ["tokyo", "track_centerline"]}}, {"type": "Feature", "bbox": [139.31753, 35.85071, 139.32013, 35.85172], "geometry": {"type": "LineString", "coordinates": [[139.32013, 35.85071], [139.31965, 35.8509], [139.31882, 35.85119], [139.31808, 35.8515], [139.31753, 35.85172]]}, "properties": {"id": "TRACK_TOKYO_0877", "line_name": "池袋線", "station_group_ids": [], "mode": "private", "operator_id": "seibu", "line_color": "#00A15F", "tags": ["tokyo", "track_centerline"]}}, {"type": "Feature", "bbox": [139.34621, 35.83766, 139.35945, 35.84025], "geometry": {"type": "LineString", "coordinates": [[139.35945, 35.83766], [139.35678, 35.83774], [139.35568, 35.8378], [139.35431, 35.83788], [139.35293, 35.838], [139.35241, 35.83805], [139.35192, 35.83813], [139.35162, 35.8382], [139.35131, 35.83828], [139.351, 35.8384], [139.35078, 35.83849], [139.35007, 35.83876], [139.34824, 35.83946], [139.34821, 35.83948], [139.34621, 35.84025]]}, "properties": {"id": "TRACK_TOKYO_0878", "line_name": "池袋線", "station_group_ids": [], "mode": "private", "operator_id": "seibu", "line_color": "#00A15F", "tags": ["tokyo", "track_centerline"]}}, {"type": "Feature", "bbox": [139.32214, 35.84963, 139.32597, 35.8525], "geometry": {"type": "LineString", "coordinates": [[139.32597, 35.8525], [139.32596, 35.85226], [139.32591, 35.85146], [139.32588, 35.85122], [139.32582, 35.85101], [139.32576, 35.85088], [139.32566, 35.85073], [139.32552, 35.85057], [139.32526, 35.85035], [139.32507, 35.85019], [139.32471, 35.84998], [139.32449, 35.84984], [139.3242, 35.84973], [139.32391, 35.84966], [139.32365, 35.84963], [139.32335, 35.84964], [139.32311, 35.84967], [139.32287, 35.8497], [139.32242, 35.84981], [139.32214, 35.84989]]}, "properties": {"id": "TRACK_TOKYO_0879", "line_name": "池袋線", "station_group_ids": [], "mode": "private", "operator_id": "seibu", "line_color": "#00A15F", "tags": ["tokyo", "track_centerline"]}}, {"type": "Feature", "bbox": [139.32214, 35.84087, 139.34452, 35.84989], "geometry": {"type": "LineString", "coordinates": [[139.34452, 35.84087], [139.34409, 35.84102], [139.34368, 35.84117], [139.34282, 35.84149], [139.34208, 35.84175], [139.34185, 35.84184], [139.34172, 35.84189], [139.3417, 35.84189], [139.34131, 35.84203], [139.34097, 35.84213], [139.34081, 35.84218], [139.34051, 35.84224], [139.33924, 35.84243], [139.33652, 35.84281], [139.33378, 35.84319], [139.33355, 35.84321], [139.33298, 35.8433], [139.33187, 35.84343], [139.33138, 35.84349], [139.33097, 35.84354], [139.33052, 35.84363], [139.33007, 35.84373], [139.32961, 35.84387], [139.32927, 35.844], [139.32901, 35.84412], [139.32878, 35.84426], [139.32849, 35.84447], [139.3282, 35.84474], [139.32789, 35.84501], [139.32761, 35.84528], [139.3273, 35.84557], [139.3269, 35.84598], [139.32675, 35.84611], [139.32622, 35.84657], [139.32565, 35.84711], [139.32468, 35.84799], [139.32399, 35.84862], [139.32334, 35.84919], [139.32314, 35.84936], [139.32299, 35.84946], [139.32275, 35.8496], [139.3224, 35.84978], [139.32214, 35.84989]]}, "properties": {"id": "TRACK_TOKYO_0880", "line_name": "池袋線", "station_group_ids": [], "mode": "private", "operator_id": "seibu", "line_color": "#00A15F", "tags": ["tokyo", "track_centerline"]}}, {"type": "Feature", "bbox": [139.28015, 35.88476, 139.28121, 35.88575], "geometry": {"type": "LineString", "coordinates": [[139.28121, 35.88476], [139.28114, 35.88481], [139.28078, 35.88516], [139.2803, 35.88562], [139.28015, 35.88575]]}, "properties": {"id": "TRACK_TOKYO_0881", "line_name": "池袋線", "station_group_ids": [], "mode": "private", "operator_id": "seibu", "line_color": "#00A15F", "tags": ["tokyo", "track_centerline"]}}, {"type": "Feature", "bbox": [139.3036, 35.88172, 139.30516, 35.88233], "geometry": {"type": "LineString", "coordinates": [[139.30516, 35.88172], [139.30492, 35.88185], [139.30467, 35.88196], [139.30428, 35.8821], [139.30401, 35.88219], [139.30374, 35.88229], [139.3036, 35.88233]]}, "properties": {"id": "TRACK_TOKYO_0883", "line_name": "池袋線", "station_group_ids": [], "mode": "private", "operator_id": "seibu", "line_color": "#00A15F", "tags": ["tokyo", "track_centerline"]}}, {"type": "Feature", "bbox": [139.32597, 35.8525, 139.32599, 35.85354], "geometry": {"type": "LineString", "coordinates": [[139.32597, 35.8525], [139.32599, 35.85354]]}, "properties": {"id": "TRACK_TOKYO_0884", "line_name": "池袋線", "station_group_ids": [], "mode": "private", "operator_id": "seibu", "line_color": "#00A15F", "tags": ["tokyo", "track_centerline"]}}, {"type": "Feature", "bbox": [139.28121, 35.87734, 139.3036, 35.88476], "geometry": {"type": "LineString", "coordinates": [[139.28121, 35.88476], [139.28132, 35.88464], [139.28182, 35.88415], [139.28185, 35.88412], [139.28199, 35.88399], [139.28215, 35.88383], [139.28266, 35.88333], [139.28292, 35.88309], [139.28312, 35.88289], [139.28323, 35.8828], [139.28336, 35.88269], [139.28347, 35.88259], [139.2838, 35.88238], [139.28405, 35.88228], [139.28419, 35.88221], [139.28435, 35.88217], [139.28489, 35.88208], [139.28612, 35.88184], [139.28637, 35.88178], [139.28677, 35.88166], [139.28696, 35.88161], [139.28703, 35.88158], [139.28733, 35.88144], [139.2876, 35.88131], [139.28771, 35.88124], [139.28787, 35.88112], [139.28818, 35.88086], [139.28844, 35.88061], [139.28885, 35.88019], [139.28967, 35.87938], [139.2905, 35.87857], [139.29078, 35.87835], [139.29103, 35.87819], [139.29121, 35.8781], [139.29139, 35.87801], [139.29171, 35.87789], [139.29205, 35.87779], [139.29231, 35.87772], [139.29282, 35.87761], [139.29392, 35.87744], [139.29479, 35.87735], [139.29524, 35.87734], [139.29573, 35.87738], [139.29611, 35.87743], [139.29622, 35.87746], [139.29648, 35.87753], [139.29669, 35.87762], [139.29695, 35.87775], [139.29718, 35.87787], [139.29736, 35.878], [139.29755, 35.87816], [139.2978, 35.87839], [139.29797, 35.8786], [139.29811, 35.8788], [139.29823, 35.87897], [139.29835, 35.8792], [139.29842, 35.87942], [139.29852, 35.8798], [139.29863, 35.88036], [139.29872, 35.88085], [139.2988, 35.88105], [139.29892, 35.88126], [139.29902, 35.88139], [139.29913, 35.88152], [139.29926, 35.88164], [139.29941, 35.88177], [139.29957, 35.88189], [139.29972, 35.88199], [139.29989, 35.88208], [139.30011, 35.88218], [139.30027, 35.88225], [139.30054, 35.88234], [139.30077, 35.88238], [139.301, 35.88242], [139.30121, 35.88246], [139.30143, 35.88248], [139.30227, 35.88249], [139.30276, 35.88249], [139.30304, 35.88247], [139.30321, 35.88243], [139.30341, 35.88238], [139.3036, 35.88233]]}, "properties": {"id": "TRACK_TOKYO_0885", "line_name": "池袋線", "station_group_ids": [], "mode": "private", "operator_id": "seibu", "line_color": "#00A15F", "tags": ["tokyo", "track_centerline"]}}, {"type": "Feature", "bbox": [139.32013, 35.84989, 139.32214, 35.85071], "geometry": {"type": "LineString", "coordinates": [[139.32013, 35.85071], [139.32099, 35.85035], [139.32214, 35.84989]]}, "properties": {"id": "TRACK_TOKYO_0887", "line_name": "池袋線", "station_group_ids": [], "mode": "private", "operator_id": "seibu", "line_color": "#00A15F", "tags": ["tokyo", "track_centerline"]}}, {"type": "Feature", "bbox": [139.47473, 35.74125, 139.4762, 35.74191], "geometry": {"type": "LineString", "coordinates": [[139.4762, 35.74125], [139.4758, 35.74148], [139.47473, 35.74191]]}, "properties": {"id": "TRACK_TOKYO_0888", "line_name": "拝島線", "station_group_ids": [], "mode": "private", "operator_id": "seibu", "line_color": "#00A15F", "tags": ["tokyo", "track_centerline"]}}, {"type": "Feature", "bbox": [139.4762, 35.74031, 139.47745, 35.74125], "geometry": {"type": "LineString", "coordinates": [[139.47745, 35.74031], [139.47715, 35.74055], [139.47668, 35.74094], [139.4762, 35.74125]]}, "properties": {"id": "TRACK_TOKYO_0889", "line_name": "拝島線", "station_group_ids": [], "mode": "private", "operator_id": "seibu", "line_color": "#00A15F", "tags": ["tokyo", "track_centerline"]}}, {"type": "Feature", "bbox": [139.39298, 35.7289, 139.4181, 35.73174], "geometry": {"type": "LineString", "coordinates": [[139.4181, 35.73174], [139.41659, 35.73165], [139.41529, 35.73153], [139.41491, 35.7315], [139.41446, 35.73146], [139.41333, 35.73132], [139.4113, 35.73107], [139.40908, 35.73081], [139.40852, 35.73075], [139.40788, 35.73068], [139.40643, 35.7305], [139.40503, 35.73034], [139.40411, 35.73021], [139.40395, 35.73019], [139.40275, 35.73005], [139.40187, 35.72997], [139.40069, 35.72984], [139.39832, 35.72954], [139.39611, 35.72928], [139.39458, 35.72911], [139.39381, 35.72901], [139.39298, 35.7289]]}, "properties": {"id": "TRACK_TOKYO_0890", "line_name": "拝島線", "station_group_ids": [], "mode": "private", "operator_id": "seibu", "line_color": "#00A15F", "tags": ["tokyo", "track_centerline"]}}, {"type": "Feature", "bbox": [139.41945, 35.73013, 139.43363, 35.73258], "geometry": {"type": "LineString", "coordinates": [[139.43363, 35.73258], [139.43355, 35.73255], [139.43297, 35.73225], [139.43254, 35.73204], [139.43171, 35.73163], [139.42965, 35.7306], [139.42926, 35.73042], [139.42876, 35.73023], [139.42852, 35.73016], [139.42836, 35.73014], [139.42816, 35.73013], [139.42791, 35.73014], [139.42653, 35.7303], [139.42646, 35.73031], [139.42395, 35.73064], [139.42294, 35.73081], [139.42159, 35.73114], [139.42129, 35.73121], [139.42032, 35.73146], [139.41967, 35.73162], [139.41945, 35.73167]]}, "properties": {"id": "TRACK_TOKYO_0891", "line_name": "拝島線", "station_group_ids": [], "mode": "private", "operator_id": "seibu", "line_color": "#00A15F", "tags": ["tokyo", "track_centerline"]}}, {"type": "Feature", "bbox": [139.43496, 35.73261, 139.46313, 35.73528], "geometry": {"type": "LineString", "coordinates": [[139.43496, 35.73323], [139.43504, 35.73327], [139.4353, 35.73338], [139.43537, 35.7334], [139.43546, 35.73344], [139.43561, 35.73348], [139.43573, 35.73352], [139.4359, 35.73356], [139.43613, 35.73361], [139.43625, 35.73364], [139.43638, 35.73366], [139.43655, 35.73368], [139.43674, 35.7337], [139.4369, 35.73372], [139.43698, 35.73372], [139.43717, 35.73372], [139.43796, 35.73371], [139.43865, 35.73368], [139.44002, 35.73359], [139.44122, 35.73354], [139.44366, 35.7334], [139.446, 35.73328], [139.44749, 35.73321], [139.45062, 35.73306], [139.45109, 35.73304], [139.45284, 35.73295], [139.45679, 35.73273], [139.45802, 35.73267], [139.45903, 35.73262], [139.4595, 35.73261], [139.46004, 35.73262], [139.46031, 35.73265], [139.46057, 35.73269], [139.46071, 35.73273], [139.4609, 35.73278], [139.46103, 35.73282], [139.46129, 35.73291], [139.46149, 35.73299], [139.46165, 35.73307], [139.46174, 35.73312], [139.46191, 35.73324], [139.46196, 35.73327], [139.46207, 35.73336], [139.4622, 35.73348], [139.46231, 35.73357], [139.46242, 35.73367], [139.46254, 35.73381], [139.46264, 35.73395], [139.46274, 35.73414], [139.46286, 35.73435], [139.46301, 35.73482], [139.46313, 35.73528]]}, "properties": {"id": "TRACK_TOKYO_0892", "line_name": "拝島線", "station_group_ids": [], "mode": "private", "operator_id": "seibu", "line_color": "#00A15F", "tags": ["tokyo", "track_centerline"]}}, {"type": "Feature", "bbox": [139.46313, 35.73528, 139.4634, 35.73699], "geometry": {"type": "LineString", "coordinates": [[139.46313, 35.73528], [139.4634, 35.73699]]}, "properties": {"id": "TRACK_TOKYO_0893", "line_name": "拝島線", "station_group_ids": [], "mode": "private", "operator_id": "seibu", "line_color": "#00A15F", "tags": ["tokyo", "track_centerline"]}}, {"type": "Feature", "bbox": [139.48429, 35.73735, 139.48745, 35.73956], "geometry": {"type": "LineString", "coordinates": [[139.48745, 35.73735], [139.48731, 35.73741], [139.48713, 35.7375], [139.48683, 35.73767], [139.48652, 35.73785], [139.48627, 35.738], [139.48612, 35.73809], [139.48587, 35.73825], [139.48566, 35.7384], [139.48548, 35.73853], [139.48532, 35.73866], [139.48506, 35.73887], [139.48472, 35.73917], [139.48429, 35.73956]]}, "properties": {"id": "TRACK_TOKYO_0894", "line_name": "拝島線", "station_group_ids": [], "mode": "private", "operator_id": "seibu", "line_color": "#00A15F", "tags": ["tokyo", "track_centerline"]}}, {"type": "Feature", "bbox": [139.47745, 35.73956, 139.48429, 35.74031], "geometry": {"type": "LineString", "coordinates": [[139.48429, 35.73956], [139.48364, 35.73984], [139.4833, 35.73997], [139.48294, 35.74006], [139.48265, 35.74012], [139.4824, 35.74014], [139.48208, 35.74015], [139.48168, 35.74013], [139.48118, 35.74007], [139.48075, 35.74], [139.47976, 35.73979], [139.47937, 35.73971], [139.47912, 35.73969], [139.47901, 35.73968], [139.47884, 35.73969], [139.47875, 35.73971], [139.47862, 35.73974], [139.4784, 35.73981], [139.47813, 35.7399], [139.47792, 35.74], [139.4777, 35.74013], [139.47745, 35.74031]]}, "properties": {"id": "TRACK_TOKYO_0895", "line_name": "拝島線", "station_group_ids": [], "mode": "private", "operator_id": "seibu", "line_color": "#00A15F", "tags": ["tokyo", "track_centerline"]}}, {"type": "Feature", "bbox": [139.48745, 35.73648, 139.48944, 35.73735], "geometry": {"type": "LineString", "coordinates": [[139.48944, 35.73648], [139.48745, 35.73735]]}, "properties": {"id": "TRACK_TOKYO_0896", "line_name": "拝島線", "station_group_ids": [], "mode": "private", "operator_id": "seibu", "line_color": "#00A15F", "tags": ["tokyo", "track_centerline"]}}, {"type": "Feature", "bbox": [139.4634, 35.73699, 139.46359, 35.73814], "geometry": {"type": "LineString", "coordinates": [[139.4634, 35.73699], [139.46359, 35.73814]]}, "properties": {"id": "TRACK_TOKYO_0897", "line_name": "拝島線", "station_group_ids": [], "mode": "private", "operator_id": "seibu", "line_color": "#00A15F", "tags": ["tokyo", "track_centerline"]}}, {"type": "Feature", "bbox": [139.43363, 35.73258, 139.43496, 35.73323], "geometry": {"type": "LineString", "coordinates": [[139.43496, 35.73323], [139.43363, 35.73258]]}, "properties": {"id": "TRACK_TOKYO_0898", "line_name": "拝島線", "station_group_ids": [], "mode": "private", "operator_id": "seibu", "line_color": "#00A15F", "tags": ["tokyo", "track_centerline"]}}, {"type": "Feature", "bbox": [139.3691, 35.72611, 139.37021, 35.72625], "geometry": {"type": "LineString", "coordinates": [[139.37021, 35.72625], [139.3691, 35.72611]]}, "properties": {"id": "TRACK_TOKYO_0899", "line_name": "拝島線", "station_group_ids": [], "mode": "private", "operator_id": "seibu", "line_color": "#00A15F", "tags": ["tokyo", "track_centerline"]}}, {"type": "Feature", "bbox": [139.39171, 35.72875, 139.39298, 35.7289], "geometry": {"type": "LineString", "coordinates": [[139.39298, 35.7289], [139.39171, 35.72875]]}, "properties": {"id": "TRACK_TOKYO_0900", "line_name": "拝島線", "station_group_ids": [], "mode": "private", "operator_id": "seibu", "line_color": "#00A15F", "tags": ["tokyo", "track_centerline"]}}, {"type": "Feature", "bbox": [139.37021, 35.72625, 139.39171, 35.72875], "geometry": {"type": "LineString", "coordinates": [[139.39171, 35.72875], [139.38836, 35.72838], [139.3876, 35.72828], [139.38725, 35.72824], [139.38698, 35.72821], [139.3856, 35.72806], [139.3846, 35.72801], [139.38397, 35.72796], [139.38325, 35.7279], [139.38265, 35.72782], [139.38226, 35.72777], [139.38188, 35.72769], [139.38121, 35.72753], [139.38078, 35.72743], [139.37951, 35.72715], [139.37892, 35.72705], [139.3784, 35.72698], [139.37774, 35.72692], [139.37655, 35.72687], [139.37548, 35.72679], [139.37479, 35.72674], [139.37349, 35.72661], [139.3718, 35.72644], [139.37021, 35.72625]]}, "properties": {"id": "TRACK_TOKYO_0901", "line_name": "拝島線", "station_group_ids": [], "mode": "private", "operator_id": "seibu", "line_color": "#00A15F", "tags": ["tokyo", "track_centerline"]}}, {"type": "Feature", "bbox": [139.4181, 35.73167, 139.41945, 35.73174], "geometry": {"type": "LineString", "coordinates": [[139.41945, 35.73167], [139.4181, 35.73174]]}, "properties": {"id": "TRACK_TOKYO_0902", "line_name": "拝島線", "station_group_ids": [], "mode": "private", "operator_id": "seibu", "line_color": "#00A15F", "tags": ["tokyo", "track_centerline"]}}, {"type": "Feature", "bbox": [139.46385, 35.73935, 139.47473, 35.74206], "geometry": {"type": "LineString", "coordinates": [[139.47473, 35.74191], [139.4741, 35.74204], [139.47384, 35.74206], [139.47363, 35.74206], [139.47341, 35.74204], [139.473, 35.74196], [139.47293, 35.74194], [139.47247, 35.74185], [139.47194, 35.74174], [139.47174, 35.7417], [139.47152, 35.74169], [139.47133, 35.74169], [139.46939, 35.74182], [139.4666, 35.742], [139.4658, 35.74202], [139.46551, 35.74199], [139.46534, 35.74195], [139.46512, 35.74187], [139.46492, 35.74177], [139.46472, 35.74162], [139.46457, 35.74146], [139.46446, 35.7413], [139.46433, 35.74106], [139.46424, 35.74086], [139.4642, 35.74064], [139.46404, 35.73987], [139.46385, 35.73935]]}, "properties": {"id": "TRACK_TOKYO_0903", "line_name": "拝島線", "station_group_ids": [], "mode": "private", "operator_id": "seibu", "line_color": "#00A15F", "tags": ["tokyo", "track_centerline"]}}, {"type": "Feature", "bbox": [139.46359, 35.73814, 139.46385, 35.73935], "geometry": {"type": "LineString", "coordinates": [[139.46385, 35.73935], [139.46359, 35.73814]]}, "properties": {"id": "TRACK_TOKYO_0904", "line_name": "拝島線", "station_group_ids": [], "mode": "private", "operator_id": "seibu", "line_color": "#00A15F", "tags": ["tokyo", "track_centerline"]}}, {"type": "Feature", "bbox": [139.34398, 35.7208, 139.34442, 35.72133], "geometry": {"type": "LineString", "coordinates": [[139.34398, 35.72133], [139.3441, 35.7212], [139.34442, 35.7208]]}, "properties": {"id": "TRACK_TOKYO_0905", "line_name": "拝島線", "station_group_ids": [], "mode": "private", "operator_id": "seibu", "line_color": "#00A15F", "tags": ["tokyo", "track_centerline"]}}, {"type": "Feature", "bbox": [139.34442, 35.71862, 139.3691, 35.72611], "geometry": {"type": "LineString", "coordinates": [[139.3691, 35.72611], [139.36862, 35.72606], [139.36693, 35.72586], [139.36608, 35.72575], [139.36534, 35.72567], [139.3649, 35.72562], [139.36459, 35.72558], [139.36309, 35.7254], [139.36263, 35.72534], [139.3622, 35.72528], [139.36188, 35.72524], [139.36184, 35.72524], [139.36165, 35.7252], [139.36147, 35.72517], [139.36118, 35.72512], [139.36057, 35.72502], [139.36055, 35.72501], [139.36035, 35.72497], [139.36017, 35.72492], [139.35988, 35.72485], [139.35985, 35.72484], [139.35972, 35.7248], [139.3595, 35.72472], [139.35928, 35.72466], [139.35876, 35.72448], [139.35802, 35.72418], [139.35757, 35.72394], [139.35689, 35.72359], [139.35629, 35.72326], [139.35562, 35.72286], [139.35541, 35.72274], [139.35533, 35.72268], [139.35509, 35.72254], [139.35361, 35.72166], [139.35312, 35.72131], [139.35305, 35.72126], [139.35297, 35.7212], [139.35281, 35.72106], [139.3526, 35.72087], [139.35222, 35.72052], [139.35126, 35.71969], [139.351, 35.71945], [139.35051, 35.71912], [139.35027, 35.71898], [139.34994, 35.71883], [139.34966, 35.71874], [139.34951, 35.7187], [139.34926, 35.71867], [139.34917, 35.71865], [139.34906, 35.71864], [139.34864, 35.71862], [139.34836, 35.71862], [139.34801, 35.71863], [139.34755, 35.71874], [139.34706, 35.71889], [139.34685, 35.71898], [139.34664, 35.71907], [139.34643, 35.71918], [139.34604, 35.71939], [139.34525, 35.71996], [139.34496, 35.72023], [139.34466, 35.72052], [139.34442, 35.7208]]}, "properties": {"id": "TRACK_TOKYO_0906", "line_name": "拝島線", "station_group_ids": [], "mode": "private", "operator_id": "seibu", "line_color": "#00A15F", "tags": ["tokyo", "track_centerline"]}}, {"type": "Feature", "bbox": [139.41264, 35.69908, 139.41269, 35.69997], "geometry": {"type": "LineString", "coordinates": [[139.41264, 35.69908], [139.41269, 35.69997]]}, "properties": {"id": "TRACK_TOKYO_0911", "line_name": "多摩都市モノレール線", "station_group_ids": [], "mode": "urban", "operator_id": "tama_monorail", "line_color": "#54C0D8", "tags": ["tokyo", "track_centerline"]}}, {"type": "Feature", "bbox": [139.4094, 35.69006, 139.41241, 35.69587], "geometry": {"type": "LineString", "coordinates": [[139.41241, 35.69587], [139.41139, 35.69404], [139.41087, 35.69309], [139.41007, 35.69159], [139.40983, 35.69109], [139.4094, 35.69006]]}, "properties": {"id": "TRACK_TOKYO_0912", "line_name": "多摩都市モノレール線", "station_group_ids": [], "mode": "urban", "operator_id": "tama_monorail", "line_color": "#54C0D8", "tags": ["tokyo", "track_centerline"]}}, {"type": "Feature", "bbox": [139.41811, 35.71913, 139.41941, 35.7231], "geometry": {"type": "LineString", "coordinates": [[139.41941, 35.71913], [139.41856, 35.72062], [139.41838, 35.72092], [139.41829, 35.72109], [139.41822, 35.72127], [139.41817, 35.72144], [139.41814, 35.7216], [139.41811, 35.7231]]}, "properties": {"id": "TRACK_TOKYO_0913", "line_name": "多摩都市モノレール線", "station_group_ids": [], "mode": "urban", "operator_id": "tama_monorail", "line_color": "#54C0D8", "tags": ["tokyo", "track_centerline"]}}, {"type": "Feature", "bbox": [139.4165, 35.73875, 139.41661, 35.73932], "geometry": {"type": "LineString", "coordinates": [[139.41661, 35.73875], [139.4165, 35.73932]]}, "properties": {"id": "TRACK_TOKYO_0914", "line_name": "多摩都市モノレール線", "station_group_ids": [], "mode": "urban", "operator_id": "tama_monorail", "line_color": "#54C0D8", "tags": ["tokyo", "track_centerline"]}}, {"type": "Feature", "bbox": [139.41661, 35.73245, 139.41769, 35.73875], "geometry": {"type": "LineString", "coordinates": [[139.41769, 35.73245], [139.41756, 35.73331], [139.41742, 35.73403], [139.41733, 35.73459], [139.41724, 35.73529], [139.41689, 35.73726], [139.41661, 35.73875]]}, "properties": {"id": "TRACK_TOKYO_0915", "line_name": "多摩都市モノレール線", "station_group_ids": [], "mode": "urban", "operator_id": "tama_monorail", "line_color": "#54C0D8", "tags": ["tokyo", "track_centerline"]}}, {"type": "Feature", "bbox": [139.41941, 35.71856, 139.41972, 35.71913], "geometry": {"type": "LineString", "coordinates": [[139.41972, 35.71856], [139.41941, 35.71913]]}, "properties": {"id": "TRACK_TOKYO_0916", "line_name": "多摩都市モノレール線", "station_group_ids": [], "mode": "urban", "operator_id": "tama_monorail", "line_color": "#54C0D8", "tags": ["tokyo", "track_centerline"]}}, {"type": "Feature", "bbox": [139.41586, 35.73932, 139.4165, 35.74549], "geometry": {"type": "LineString", "coordinates": [[139.4165, 35.73932], [139.4163, 35.74053], [139.41609, 35.74173], [139.41599, 35.74239], [139.41595, 35.74277], [139.41593, 35.74304], [139.41591, 35.74345], [139.41586, 35.74549]]}, "properties": {"id": "TRACK_TOKYO_0917", "line_name": "多摩都市モノレール線", "station_group_ids": [], "mode": "urban", "operator_id": "tama_monorail", "line_color": "#54C0D8", "tags": ["tokyo", "track_centerline"]}}, {"type": "Feature", "bbox": [139.41269, 35.69997, 139.41308, 35.70984], "geometry": {"type": "LineString", "coordinates": [[139.41308, 35.70984], [139.41295, 35.70967], [139.41284, 35.70948], [139.41277, 35.70935], [139.41273, 35.70921], [139.41271, 35.70905], [139.41271, 35.70898], [139.41271, 35.70778], [139.41271, 35.706], [139.41271, 35.70417], [139.41269, 35.69997]]}, "properties": {"id": "TRACK_TOKYO_0918", "line_name": "多摩都市モノレール線", "station_group_ids": [], "mode": "urban", "operator_id": "tama_monorail", "line_color": "#54C0D8", "tags": ["tokyo", "track_centerline"]}}, {"type": "Feature", "bbox": [139.41778, 35.72367, 139.4181, 35.73189], "geometry": {"type": "LineString", "coordinates": [[139.4181, 35.72367], [139.41803, 35.72567], [139.41801, 35.72622], [139.41808, 35.72836], [139.41805, 35.72989], [139.41804, 35.73022], [139.418, 35.73058], [139.41793, 35.73112], [139.41778, 35.73189]]}, "properties": {"id": "TRACK_TOKYO_0919", "line_name": "多摩都市モノレール線", "station_group_ids": [], "mode": "urban", "operator_id": "tama_monorail", "line_color": "#54C0D8", "tags": ["tokyo", "track_centerline"]}}, {"type": "Feature", "bbox": [139.41308, 35.70984, 139.41347, 35.71025], "geometry": {"type": "LineString", "coordinates": [[139.41347, 35.71025], [139.41308, 35.70984]]}, "properties": {"id": "TRACK_TOKYO_0920", "line_name": "多摩都市モノレール線", "station_group_ids": [], "mode": "urban", "operator_id": "tama_monorail", "line_color": "#54C0D8", "tags": ["tokyo", "track_centerline"]}}, {"type": "Feature", "bbox": [139.41769, 35.73189, 139.41778, 35.73245], "geometry": {"type": "LineString", "coordinates": [[139.41778, 35.73189], [139.41776, 35.73203], [139.41769, 35.73245]]}, "properties": {"id": "TRACK_TOKYO_0921", "line_name": "多摩都市モノレール線", "station_group_ids": [], "mode": "urban", "operator_id": "tama_monorail", "line_color": "#54C0D8", "tags": ["tokyo", "track_centerline"]}}, {"type": "Feature", "bbox": [139.41727, 35.71449, 139.42002, 35.71856], "geometry": {"type": "LineString", "coordinates": [[139.41727, 35.71449], [139.41897, 35.71642], [139.41984, 35.71738], [139.41993, 35.71751], [139.41998, 35.71758], [139.42001, 35.71766], [139.42002, 35.71772], [139.42002, 35.71783], [139.42001, 35.71791], [139.41999, 35.71798], [139.41991, 35.71817], [139.41984, 35.71831], [139.41972, 35.71856]]}, "properties": {"id": "TRACK_TOKYO_0922", "line_name": "多摩都市モノレール線", "station_group_ids": [], "mode": "urban", "operator_id": "tama_monorail", "line_color": "#54C0D8", "tags": ["tokyo", "track_centerline"]}}, {"type": "Feature", "bbox": [139.41586, 35.74549, 139.41587, 35.74603], "geometry": {"type": "LineString", "coordinates": [[139.41586, 35.74549], [139.41587, 35.74603]]}, "properties": {"id": "TRACK_TOKYO_0923", "line_name": "多摩都市モノレール線", "station_group_ids": [], "mode": "urban", "operator_id": "tama_monorail", "line_color": "#54C0D8", "tags": ["tokyo", "track_centerline"]}}, {"type": "Feature", "bbox": [139.41347, 35.71025, 139.41687, 35.71405], "geometry": {"type": "LineString", "coordinates": [[139.41687, 35.71405], [139.41426, 35.7111], [139.41361, 35.7104], [139.41347, 35.71025]]}, "properties": {"id": "TRACK_TOKYO_0924", "line_name": "多摩都市モノレール線", "station_group_ids": [], "mode": "urban", "operator_id": "tama_monorail", "line_color": "#54C0D8", "tags": ["tokyo", "track_centerline"]}}, {"type": "Feature", "bbox": [139.41687, 35.71405, 139.41727, 35.71449], "geometry": {"type": "LineString", "coordinates": [[139.41727, 35.71449], [139.41687, 35.71405]]}, "properties": {"id": "TRACK_TOKYO_0925", "line_name": "多摩都市モノレール線", "station_group_ids": [], "mode": "urban", "operator_id": "tama_monorail", "line_color": "#54C0D8", "tags": ["tokyo", "track_centerline"]}}, {"type": "Feature", "bbox": [139.41263, 35.69647, 139.41309, 35.69908], "geometry": {"type": "LineString", "coordinates": [[139.41274, 35.69647], [139.41296, 35.69689], [139.41305, 35.69707], [139.41308, 35.69719], [139.41309, 35.69729], [139.41307, 35.69741], [139.41305, 35.6975], [139.41302, 35.69759], [139.41295, 35.69774], [139.41282, 35.69798], [139.41271, 35.69817], [139.41266, 35.6983], [139.41263, 35.6984], [139.41264, 35.69908]]}, "properties": {"id": "TRACK_TOKYO_0926", "line_name": "多摩都市モノレール線", "station_group_ids": [], "mode": "urban", "operator_id": "tama_monorail", "line_color": "#54C0D8", "tags": ["tokyo", "track_centerline"]}}, {"type": "Feature", "bbox": [139.41241, 35.69587, 139.41274, 35.69647], "geometry": {"type": "LineString", "coordinates": [[139.41274, 35.69647], [139.41241, 35.69587]]}, "properties": {"id": "TRACK_TOKYO_0927", "line_name": "多摩都市モノレール線", "station_group_ids": [], "mode": "urban", "operator_id": "tama_monorail", "line_color": "#54C0D8", "tags": ["tokyo", "track_centerline"]}}, {"type": "Feature", "bbox": [139.4181, 35.7231, 139.41811, 35.72367], "geometry": {"type": "LineString", "coordinates": [[139.41811, 35.7231], [139.4181, 35.72367]]}, "properties": {"id": "TRACK_TOKYO_0928", "line_name": "多摩都市モノレール線", "station_group_ids": [], "mode": "urban", "operator_id": "tama_monorail", "line_color": "#54C0D8", "tags": ["tokyo", "track_centerline"]}}, {"type": "Feature", "bbox": [139.40916, 35.68954, 139.4094, 35.69006], "geometry": {"type": "LineString", "coordinates": [[139.4094, 35.69006], [139.40916, 35.68954]]}, "properties": {"id": "TRACK_TOKYO_0929", "line_name": "多摩都市モノレール線", "station_group_ids": [], "mode": "urban", "operator_id": "tama_monorail", "line_color": "#54C0D8", "tags": ["tokyo", "track_centerline"]}}, {"type": "Feature", "bbox": [139.40565, 35.67843, 139.40916, 35.68954], "geometry": {"type": "LineString", "coordinates": [[139.40916, 35.68954], [139.40898, 35.68906], [139.40835, 35.68753], [139.40789, 35.6864], [139.40754, 35.68553], [139.40734, 35.68509], [139.4072, 35.68477], [139.40677, 35.68376], [139.40642, 35.68297], [139.40616, 35.68243], [139.40578, 35.68163], [139.4057, 35.68141], [139.40567, 35.6813], [139.40565, 35.68115], [139.40566, 35.681], [139.40568, 35.68085], [139.40572, 35.6807], [139.40579, 35.68049], [139.40589, 35.68032], [139.406, 35.68017], [139.40635, 35.6799], [139.40777, 35.67907], [139.40885, 35.67843]]}, "properties": {"id": "TRACK_TOKYO_0936", "line_name": "多摩都市モノレール線", "station_group_ids": [], "mode": "urban", "operator_id": "tama_monorail", "line_color": "#54C0D8", "tags": ["tokyo", "track_centerline"]}}, {"type": "Feature", "bbox": [139.40885, 35.67807, 139.40946, 35.67843], "geometry": {"type": "LineString", "coordinates": [[139.40885, 35.67843], [139.40946, 35.67807]]}, "properties": {"id": "TRACK_TOKYO_0939", "line_name": "多摩都市モノレール線", "station_group_ids": [], "mode": "urban", "operator_id": "tama_monorail", "line_color": "#54C0D8", "tags": ["tokyo", "track_centerline"]}}, {"type": "Feature", "bbox": [139.40946, 35.67159, 139.41962, 35.67807], "geometry": {"type": "LineString", "coordinates": [[139.40946, 35.67807], [139.41091, 35.67716], [139.41351, 35.67553], [139.41519, 35.67448], [139.41714, 35.67326], [139.41851, 35.67239], [139.41926, 35.67189], [139.41962, 35.67159]]}, "properties": {"id": "TRACK_TOKYO_0944", "line_name": "多摩都市モノレール線", "station_group_ids": [], "mode": "urban", "operator_id": "tama_monorail", "line_color": "#54C0D8", "tags": ["tokyo", "track_centerline"]}}, {"type": "Feature", "bbox": [139.46062, 35.90724, 139.48268, 35.91898], "geometry": {"type": "LineString", "coordinates": [[139.46062, 35.91898], [139.46187, 35.91877], [139.46223, 35.91871], [139.46426, 35.91837], [139.46619, 35.91804], [139.46733, 35.91786], [139.46909, 35.91749], [139.46942, 35.9174], [139.46972, 35.91726], [139.4716, 35.91612], [139.4724, 35.9156], [139.47261, 35.91547], [139.47375, 35.91475], [139.47513, 35.91387], [139.47568, 35.91351], [139.47703, 35.91265], [139.47776, 35.91218], [139.47843, 35.91177], [139.47922, 35.91124], [139.47965, 35.91092], [139.47984, 35.91071], [139.48004, 35.91049], [139.48044, 35.91002], [139.48092, 35.90944], [139.48132, 35.90899], [139.48155, 35.9087], [139.48179, 35.90842], [139.48216, 35.90792], [139.48268, 35.90724]]}, "properties": {"id": "TRACK_TOKYO_2502", "line_name": "川越線", "station_group_ids": [], "mode": "rail", "operator_id": "jr_east", "line_color": "#0099CC", "tags": ["tokyo", "track_centerline"]}}, {"type": "Feature", "bbox": [139.40566, 35.90739, 139.40686, 35.90777], "geometry": {"type": "LineString", "coordinates": [[139.40566, 35.90739], [139.40686, 35.90777]]}, "properties": {"id": "TRACK_TOKYO_2503", "line_name": "川越線", "station_group_ids": [], "mode": "rail", "operator_id": "jr_east", "line_color": "#0099CC", "tags": ["tokyo", "track_centerline"]}}, {"type": "Feature", "bbox": [139.45925, 35.91898, 139.46062, 35.91921], "geometry": {"type": "LineString", "coordinates": [[139.45925, 35.91921], [139.46062, 35.91898]]}, "properties": {"id": "TRACK_TOKYO_2504", "line_name": "川越線", "station_group_ids": [], "mode": "rail", "operator_id": "jr_east", "line_color": "#0099CC", "tags": ["tokyo", "track_centerline"]}}, {"type": "Feature", "bbox": [139.43603, 35.91776, 139.45925, 35.92112], "geometry": {"type": "LineString", "coordinates": [[139.43603, 35.91776], [139.4374, 35.9183], [139.4391, 35.91892], [139.44076, 35.91957], [139.44153, 35.91987], [139.44211, 35.92009], [139.44282, 35.92033], [139.44349, 35.92055], [139.44409, 35.92071], [139.44482, 35.92089], [139.44551, 35.92102], [139.44619, 35.92109], [139.4469, 35.92112], [139.44757, 35.92112], [139.44831, 35.92107], [139.44897, 35.92097], [139.44967, 35.92085], [139.45033, 35.92074], [139.45044, 35.92072], [139.45075, 35.92067], [139.45105, 35.92062], [139.45136, 35.92058], [139.45273, 35.92036], [139.45389, 35.9202], [139.45433, 35.92014], [139.45497, 35.92002], [139.45511, 35.91999], [139.4554, 35.91993], [139.45565, 35.91987], [139.45588, 35.91982], [139.45705, 35.91961], [139.45812, 35.91943], [139.45925, 35.91921]]}, "properties": {"id": "TRACK_TOKYO_2505", "line_name": "川越線", "station_group_ids": [], "mode": "rail", "operator_id": "jr_east", "line_color": "#0099CC", "tags": ["tokyo", "track_centerline"]}}, {"type": "Feature", "bbox": [139.43479, 35.91732, 139.43603, 35.91776], "geometry": {"type": "LineString", "coordinates": [[139.43479, 35.91732], [139.43603, 35.91776]]}, "properties": {"id": "TRACK_TOKYO_2506", "line_name": "川越線", "station_group_ids": [], "mode": "rail", "operator_id": "jr_east", "line_color": "#0099CC", "tags": ["tokyo", "track_centerline"]}}, {"type": "Feature", "bbox": [139.40686, 35.90777, 139.43479, 35.91732], "geometry": {"type": "LineString", "coordinates": [[139.40686, 35.90777], [139.40754, 35.90796], [139.4084, 35.90822], [139.40948, 35.90854], [139.41077, 35.90893], [139.41217, 35.90935], [139.41321, 35.90965], [139.4148, 35.91013], [139.415, 35.91019], [139.41525, 35.91027], [139.41603, 35.9105], [139.41801, 35.9111], [139.41994, 35.91181], [139.42194, 35.91255], [139.42372, 35.9132], [139.42471, 35.91357], [139.42531, 35.91379], [139.42693, 35.91439], [139.42892, 35.91513], [139.43042, 35.91568], [139.43137, 35.91604], [139.43208, 35.9163], [139.43336, 35.91679], [139.43479, 35.91732]]}, "properties": {"id": "TRACK_TOKYO_2507", "line_name": "川越線", "station_group_ids": [], "mode": "rail", "operator_id": "jr_east", "line_color": "#0099CC", "tags": ["tokyo", "track_centerline"]}}, {"type": "Feature", "bbox": [139.52007, 35.90327, 139.56435, 35.91674], "geometry": {"type": "LineString", "coordinates": [[139.56435, 35.91674], [139.56404, 35.91662], [139.56377, 35.91651], [139.56287, 35.91615], [139.56077, 35.91523], [139.56028, 35.91499], [139.55979, 35.91474], [139.55915, 35.91433], [139.55858, 35.91389], [139.55715, 35.91274], [139.5545, 35.9106], [139.55336, 35.90969], [139.55197, 35.90858], [139.55074, 35.9076], [139.54851, 35.90583], [139.54798, 35.9054], [139.54739, 35.90496], [139.54664, 35.9045], [139.54637, 35.90434], [139.54573, 35.90405], [139.54549, 35.90398], [139.54493, 35.90381], [139.54427, 35.90372], [139.54232, 35.90368], [139.53821, 35.90362], [139.53445, 35.90356], [139.53408, 35.90356], [139.52951, 35.90353], [139.52639, 35.90352], [139.52584, 35.90352], [139.52319, 35.90348], [139.52164, 35.9034], [139.52007, 35.90327]]}, "properties": {"id": "TRACK_TOKYO_2512", "line_name": "川越線", "station_group_ids": [], "mode": "rail", "operator_id": "jr_east", "line_color": "#0099CC", "tags": ["tokyo", "track_centerline"]}}, {"type": "Feature", "bbox": [139.51824, 35.90309, 139.52007, 35.90327], "geometry": {"type": "LineString", "coordinates": [[139.52007, 35.90327], [139.51824, 35.90309]]}, "properties": {"id": "TRACK_TOKYO_2513", "line_name": "川越線", "station_group_ids": [], "mode": "rail", "operator_id": "jr_east", "line_color": "#0099CC", "tags": ["tokyo", "track_centerline"]}}, {"type": "Feature", "bbox": [139.48268, 35.90613, 139.48373, 35.90724], "geometry": {"type": "LineString", "coordinates": [[139.48268, 35.90724], [139.48301, 35.90688], [139.48373, 35.90613]]}, "properties": {"id": "TRACK_TOKYO_2514", "line_name": "川越線", "station_group_ids": [], "mode": "rail", "operator_id": "jr_east", "line_color": "#0099CC", "tags": ["tokyo", "track_centerline"]}}, {"type": "Feature", "bbox": [139.37028, 35.90158, 139.37196, 35.90179], "geometry": {"type": "LineString", "coordinates": [[139.37028, 35.90158], [139.37062, 35.90162], [139.37127, 35.9017], [139.37161, 35.90175], [139.37179, 35.90178], [139.37196, 35.90179]]}, "properties": {"id": "TRACK_TOKYO_2515", "line_name": "川越線", "station_group_ids": [], "mode": "rail", "operator_id": "jr_east", "line_color": "#0099CC", "tags": ["tokyo", "track_centerline"]}}, {"type": "Feature", "bbox": [139.37196, 35.90179, 139.40566, 35.90739], "geometry": {"type": "LineString", "coordinates": [[139.37196, 35.90179], [139.37216, 35.90184], [139.37342, 35.90213], [139.37443, 35.90241], [139.37539, 35.90271], [139.37573, 35.90283], [139.3765, 35.90309], [139.37829, 35.90368], [139.37958, 35.90409], [139.38022, 35.9043], [139.38199, 35.90488], [139.38303, 35.90522], [139.38351, 35.90536], [139.38428, 35.90551], [139.3846, 35.90554], [139.3862, 35.90564], [139.38773, 35.90573], [139.39032, 35.90594], [139.39056, 35.90596], [139.39154, 35.90602], [139.39222, 35.90609], [139.39246, 35.9061], [139.39256, 35.90611], [139.3939, 35.9062], [139.39467, 35.90625], [139.39469, 35.90625], [139.39647, 35.90637], [139.39804, 35.90649], [139.39938, 35.90659], [139.40086, 35.9067], [139.40205, 35.90679], [139.403, 35.90688], [139.40385, 35.90701], [139.40477, 35.90718], [139.40519, 35.90726], [139.40563, 35.90739], [139.40566, 35.90739]]}, "properties": {"id": "TRACK_TOKYO_2516", "line_name": "川越線", "station_group_ids": [], "mode": "rail", "operator_id": "jr_east", "line_color": "#0099CC", "tags": ["tokyo", "track_centerline"]}}, {"type": "Feature", "bbox": [139.48373, 35.90067, 139.51824, 35.90613], "geometry": {"type": "LineString", "coordinates": [[139.51824, 35.90309], [139.51499, 35.90279], [139.5122, 35.90254], [139.51176, 35.9025], [139.50866, 35.90222], [139.50779, 35.90214], [139.50576, 35.90195], [139.50345, 35.90173], [139.4997, 35.90139], [139.49678, 35.90111], [139.49511, 35.90098], [139.49437, 35.90094], [139.49393, 35.90091], [139.49123, 35.90072], [139.49076, 35.90067], [139.49032, 35.90067], [139.48933, 35.90073], [139.48903, 35.9008], [139.48833, 35.90098], [139.48809, 35.9011], [139.48773, 35.90132], [139.48749, 35.90152], [139.48716, 35.90185], [139.48663, 35.9027], [139.48614, 35.90341], [139.48555, 35.90419], [139.48504, 35.90484], [139.48444, 35.90548], [139.48402, 35.90585], [139.48373, 35.90613]]}, "properties": {"id": "TRACK_TOKYO_2517", "line_name": "川越線", "station_group_ids": [], "mode": "rail", "operator_id": "jr_east", "line_color": "#0099CC", "tags": ["tokyo", "track_centerline"]}}, {"type": "Feature", "bbox": [139.33694, 35.89688, 139.33784, 35.89836], "geometry": {"type": "LineString", "coordinates": [[139.33694, 35.89836], [139.33705, 35.89818], [139.33757, 35.8973], [139.33784, 35.89688]]}, "properties": {"id": "TRACK_TOKYO_2518", "line_name": "川越線", "station_group_ids": [], "mode": "rail", "operator_id": "jr_east", "line_color": "#0099CC", "tags": ["tokyo", "track_centerline"]}}, {"type": "Feature", "bbox": [139.3369, 35.89836, 139.37028, 35.90161], "geometry": {"type": "LineString", "coordinates": [[139.37028, 35.90158], [139.37006, 35.90156], [139.36992, 35.90155], [139.36966, 35.90154], [139.36752, 35.90154], [139.36262, 35.90155], [139.35644, 35.9016], [139.35583, 35.90161], [139.34735, 35.9016], [139.34535, 35.9016], [139.34455, 35.9016], [139.34208, 35.9016], [139.34029, 35.90161], [139.3399, 35.9016], [139.33962, 35.90159], [139.33953, 35.90158], [139.33943, 35.90157], [139.33928, 35.90155], [139.33917, 35.90152], [139.33906, 35.90149], [139.33898, 35.90146], [139.33889, 35.90143], [139.33873, 35.90137], [139.33857, 35.9013], [139.33843, 35.90123], [139.33832, 35.90118], [139.33811, 35.90106], [139.33798, 35.90097], [139.33786, 35.90087], [139.33778, 35.9008], [139.3377, 35.90073], [139.33762, 35.90066], [139.33749, 35.90053], [139.33743, 35.90045], [139.33735, 35.90034], [139.33732, 35.90029], [139.33728, 35.90022], [139.33723, 35.90014], [139.33716, 35.89999], [139.3371, 35.89988], [139.33706, 35.89978], [139.337, 35.89962], [139.33696, 35.89946], [139.33693, 35.89928], [139.33691, 35.89905], [139.3369, 35.89872], [139.33691, 35.89856], [139.33694, 35.89836]]}, "properties": {"id": "TRACK_TOKYO_2519", "line_name": "川越線", "station_group_ids": [], "mode": "rail", "operator_id": "jr_east", "line_color": "#0099CC", "tags": ["tokyo", "track_centerline"]}}, {"type": "Feature", "bbox": [139.33784, 35.89586, 139.33842, 35.89688], "geometry": {"type": "LineString", "coordinates": [[139.33842, 35.89586], [139.33784, 35.89688]]}, "properties": {"id": "TRACK_TOKYO_2520", "line_name": "川越線", "station_group_ids": [], "mode": "rail", "operator_id": "jr_east", "line_color": "#0099CC", "tags": ["tokyo", "track_centerline"]}}, {"type": "Feature", "bbox": [139.47936, 35.70011, 139.48235, 35.70018], "geometry": {"type": "LineString", "coordinates": [[139.48235, 35.70018], [139.48141, 35.70015], [139.48002, 35.70011], [139.47965, 35.70011], [139.47936, 35.70011]]}, "properties": {"id": "TRACK_TOKYO_2670", "line_name": "中央線", "station_group_ids": [], "mode": "rail", "operator_id": "jr_east", "line_color": "#F15A24", "tags": ["tokyo", "track_centerline"]}}, {"type": "Feature", "bbox": [139.46475, 35.69968, 139.4671, 35.69978], "geometry": {"type": "LineString", "coordinates": [[139.4671, 35.69978], [139.46577, 35.69972], [139.46546, 35.69971], [139.46475, 35.69968]]}, "properties": {"id": "TRACK_TOKYO_2671", "line_name": "中央線", "station_group_ids": [], "mode": "rail", "operator_id": "jr_east", "line_color": "#F15A24", "tags": ["tokyo", "track_centerline"]}}, {"type": "Feature", "bbox": [139.41516, 35.69803, 139.41708, 35.69808], "geometry": {"type": "LineString", "coordinates": [[139.41516, 35.69803], [139.41708, 35.69808]]}, "properties": {"id": "TRACK_TOKYO_2672", "line_name": "中央線", "station_group_ids": [], "mode": "rail", "operator_id": "jr_east", "line_color": "#F15A24", "tags": ["tokyo", "track_centerline"]}}, {"type": "Feature", "bbox": [139.54228, 35.70204, 139.54483, 35.70214], "geometry": {"type": "LineString", "coordinates": [[139.54228, 35.70204], [139.54483, 35.70214]]}, "properties": {"id": "TRACK_TOKYO_2673", "line_name": "中央線", "station_group_ids": [], "mode": "rail", "operator_id": "jr_east", "line_color": "#F15A24", "tags": ["tokyo", "track_centerline"]}}, {"type": "Feature", "bbox": [139.52247, 35.70152, 139.52505, 35.7016], "geometry": {"type": "LineString", "coordinates": [[139.52247, 35.70152], [139.52505, 35.7016]]}, "properties": {"id": "TRACK_TOKYO_2674", "line_name": "中央線", "station_group_ids": [], "mode": "rail", "operator_id": "jr_east", "line_color": "#F15A24", "tags": ["tokyo", "track_centerline"]}}, {"type": "Feature", "bbox": [139.50481, 35.70097, 139.50705, 35.7011], "geometry": {"type": "LineString", "coordinates": [[139.50481, 35.70097], [139.50705, 35.7011]]}, "properties": {"id": "TRACK_TOKYO_2676", "line_name": "中央線", "station_group_ids": [], "mode": "rail", "operator_id": "jr_east", "line_color": "#F15A24", "tags": ["tokyo", "track_centerline"]}}, {"type": "Feature", "bbox": [139.54483, 35.70214, 139.55959, 35.70268], "geometry": {"type": "LineString", "coordinates": [[139.54483, 35.70214], [139.54624, 35.7022], [139.54661, 35.70219], [139.54712, 35.70223], [139.54835, 35.70227], [139.54996, 35.70232], [139.55042, 35.70235], [139.55045, 35.70235], [139.55124, 35.70238], [139.55269, 35.70243], [139.55448, 35.70248], [139.55601, 35.70256], [139.55733, 35.7026], [139.55815, 35.70263], [139.55959, 35.70268]]}, "properties": {"id": "TRACK_TOKYO_2677", "line_name": "中央線", "station_group_ids": [], "mode": "rail", "operator_id": "jr_east", "line_color": "#F15A24", "tags": ["tokyo", "track_centerline"]}}, {"type": "Feature", "bbox": [139.4451, 35.69916, 139.44773, 35.69923], "geometry": {"type": "LineString", "coordinates": [[139.44773, 35.69923], [139.4451, 35.69916]]}, "properties": {"id": "TRACK_TOKYO_2679", "line_name": "中央線", "station_group_ids": [], "mode": "rail", "operator_id": "jr_east", "line_color": "#F15A24", "tags": ["tokyo", "track_centerline"]}}, {"type": "Feature", "bbox": [139.41708, 35.69808, 139.4451, 35.69916], "geometry": {"type": "LineString", "coordinates": [[139.41708, 35.69808], [139.41757, 35.69811], [139.4181, 35.69812], [139.41869, 35.69813], [139.41927, 35.69816], [139.42014, 35.6982], [139.42079, 35.69824], [139.42255, 35.69837], [139.42388, 35.69848], [139.42489, 35.69852], [139.4259, 35.69857], [139.42699, 35.6986], [139.42739, 35.69862], [139.4279, 35.69864], [139.43053, 35.69873], [139.43392, 35.69882], [139.43402, 35.69882], [139.43973, 35.699], [139.4451, 35.69916]]}, "properties": {"id": "TRACK_TOKYO_2680", "line_name": "中央線", "station_group_ids": [], "mode": "rail", "operator_id": "jr_east", "line_color": "#F15A24", "tags": ["tokyo", "track_centerline"]}}, {"type": "Feature", "bbox": [139.56169, 35.70271, 139.57861, 35.70311], "geometry": {"type": "LineString", "coordinates": [[139.56169, 35.70271], [139.56325, 35.70274], [139.5649, 35.70278], [139.56586, 35.70282], [139.56602, 35.70282], [139.56753, 35.70284], [139.56757, 35.70284], [139.56858, 35.70288], [139.5697, 35.70291], [139.57083, 35.70294], [139.57158, 35.70297], [139.57259, 35.70299], [139.57453, 35.70304], [139.57584, 35.70307], [139.57701, 35.70308], [139.57861, 35.70311]]}, "properties": {"id": "TRACK_TOKYO_2682", "line_name": "中央線", "station_group_ids": [], "mode": "rail", "operator_id": "jr_east", "line_color": "#F15A24", "tags": ["tokyo", "track_centerline"]}}, {"type": "Feature", "bbox": [139.4671, 35.69978, 139.47936, 35.70011], "geometry": {"type": "LineString", "coordinates": [[139.47936, 35.70011], [139.47858, 35.70011], [139.47817, 35.7001], [139.4779, 35.7001], [139.47674, 35.7001], [139.47603, 35.7001], [139.47525, 35.70007], [139.47444, 35.70003], [139.47156, 35.69993], [139.4671, 35.69978]]}, "properties": {"id": "TRACK_TOKYO_2683", "line_name": "中央線", "station_group_ids": [], "mode": "rail", "operator_id": "jr_east", "line_color": "#F15A24", "tags": ["tokyo", "track_centerline"]}}, {"type": "Feature", "bbox": [139.44773, 35.69923, 139.46475, 35.6997], "geometry": {"type": "LineString", "coordinates": [[139.44773, 35.69923], [139.44926, 35.69929], [139.4499, 35.69929], [139.45052, 35.69934], [139.45073, 35.69936], [139.4519, 35.69936], [139.45715, 35.69949], [139.45777, 35.69951], [139.45897, 35.69955], [139.4602, 35.6996], [139.46058, 35.69961], [139.46175, 35.69964], [139.46278, 35.6997], [139.46309, 35.69969], [139.46475, 35.69968]]}, "properties": {"id": "TRACK_TOKYO_2684", "line_name": "中央線", "station_group_ids": [], "mode": "rail", "operator_id": "jr_east", "line_color": "#F15A24", "tags": ["tokyo", "track_centerline"]}}, {"type": "Feature", "bbox": [139.39383, 35.67931, 139.41237, 35.69805], "geometry": {"type": "LineString", "coordinates": [[139.39383, 35.67931], [139.3941, 35.67981], [139.39487, 35.68123], [139.39672, 35.68475], [139.39849, 35.68806], [139.39874, 35.68855], [139.39948, 35.68996], [139.39974, 35.69044], [139.4002, 35.6913], [139.40047, 35.69184], [139.40095, 35.69273], [139.40137, 35.69347], [139.40156, 35.69379], [139.40176, 35.69412], [139.40205, 35.69454], [139.40247, 35.69505], [139.40294, 35.69555], [139.40319, 35.69579], [139.40372, 35.6962], [139.40453, 35.6967], [139.40492, 35.69693], [139.40592, 35.6974], [139.40656, 35.69763], [139.40717, 35.69781], [139.40793, 35.69796], [139.4085, 35.69801], [139.40935, 35.69805], [139.41053, 35.698], [139.41119, 35.69789], [139.41166, 35.69782], [139.41206, 35.69777], [139.41237, 35.69775]]}, "properties": {"id": "TRACK_TOKYO_2686", "line_name": "中央線", "station_group_ids": [], "mode": "rail", "operator_id": "jr_east", "line_color": "#F15A24", "tags": ["tokyo", "track_centerline"]}}, {"type": "Feature", "bbox": [139.50705, 35.7011, 139.52247, 35.70152], "geometry": {"type": "LineString", "coordinates": [[139.50705, 35.7011], [139.50729, 35.70111], [139.50859, 35.70118], [139.51003, 35.7012], [139.51139, 35.70124], [139.51143, 35.70124], [139.51247, 35.70127], [139.5139, 35.70131], [139.51532, 35.70136], [139.51676, 35.70141], [139.51771, 35.70143], [139.51904, 35.70146], [139.52043, 35.70149], [139.52247, 35.70152]]}, "properties": {"id": "TRACK_TOKYO_2687", "line_name": "中央線", "station_group_ids": [], "mode": "rail", "operator_id": "jr_east", "line_color": "#F15A24", "tags": ["tokyo", "track_centerline"]}}, {"type": "Feature", "bbox": [139.48235, 35.70018, 139.50481, 35.70097], "geometry": {"type": "LineString", "coordinates": [[139.48235, 35.70018], [139.48377, 35.70033], [139.48403, 35.70033], [139.48445, 35.70035], [139.48551, 35.70038], [139.48824, 35.70047], [139.49103, 35.70054], [139.4911, 35.70054], [139.49254, 35.70059], [139.49679, 35.70072], [139.49765, 35.70075], [139.49801, 35.70077], [139.49901, 35.70081], [139.49958, 35.70085], [139.50013, 35.70086], [139.5015, 35.7009], [139.50232, 35.70092], [139.50333, 35.70094], [139.50413, 35.70097], [139.50481, 35.70097]]}, "properties": {"id": "TRACK_TOKYO_2688", "line_name": "中央線", "station_group_ids": [], "mode": "rail", "operator_id": "jr_east", "line_color": "#F15A24", "tags": ["tokyo", "track_centerline"]}}, {"type": "Feature", "bbox": [139.41237, 35.69775, 139.41516, 35.69778], "geometry": {"type": "LineString", "coordinates": [[139.41516, 35.69778], [139.41505, 35.69778], [139.41256, 35.69775], [139.41237, 35.69775]]}, "properties": {"id": "TRACK_TOKYO_2689", "line_name": "中央線", "station_group_ids": [], "mode": "rail", "operator_id": "jr_east", "line_color": "#F15A24", "tags": ["tokyo", "track_centerline"]}}, {"type": "Feature", "bbox": [139.52505, 35.7016, 139.54228, 35.70204], "geometry": {"type": "LineString", "coordinates": [[139.52505, 35.7016], [139.52812, 35.70169], [139.53091, 35.70179], [139.53256, 35.70182], [139.53321, 35.70184], [139.53406, 35.70187], [139.53509, 35.70187], [139.53579, 35.70189], [139.53679, 35.7019], [139.53762, 35.70193], [139.53854, 35.70196], [139.53917, 35.70196], [139.54026, 35.70201], [139.54133, 35.70202], [139.54228, 35.70204]]}, "properties": {"id": "TRACK_TOKYO_2690", "line_name": "中央線", "station_group_ids": [], "mode": "rail", "operator_id": "jr_east", "line_color": "#F15A24", "tags": ["tokyo", "track_centerline"]}}, {"type": "Feature", "bbox": [139.41238, 35.69802, 139.41516, 35.69803], "geometry": {"type": "LineString", "coordinates": [[139.41516, 35.69803], [139.41505, 35.69803], [139.41254, 35.69802], [139.41238, 35.69802]]}, "properties": {"id": "TRACK_TOKYO_2691", "line_name": "中央線", "station_group_ids": [], "mode": "rail", "operator_id": "jr_east", "line_color": "#F15A24", "tags": ["tokyo", "track_centerline"]}}, {"type": "Feature", "bbox": [139.55959, 35.70268, 139.56169, 35.70271], "geometry": {"type": "LineString", "coordinates": [[139.55959, 35.70268], [139.56058, 35.70269], [139.56067, 35.70269], [139.56101, 35.7027], [139.56169, 35.70271]]}, "properties": {"id": "TRACK_TOKYO_2692", "line_name": "中央線", "station_group_ids": [], "mode": "rail", "operator_id": "jr_east", "line_color": "#F15A24", "tags": ["tokyo", "track_centerline"]}}, {"type": "Feature", "bbox": [139.41516, 35.69778, 139.41708, 35.69808], "geometry": {"type": "LineString", "coordinates": [[139.41516, 35.69778], [139.41581, 35.69788], [139.41708, 35.69808]]}, "properties": {"id": "TRACK_TOKYO_2693", "line_name": "中央線", "station_group_ids": [], "mode": "rail", "operator_id": "jr_east", "line_color": "#F15A24", "tags": ["tokyo", "track_centerline"]}}, {"type": "Feature", "bbox": [139.38242, 35.66008, 139.39303, 35.67778], "geometry": {"type": "LineString", "coordinates": [[139.39303, 35.67778], [139.39281, 35.67737], [139.39265, 35.677], [139.39245, 35.67641], [139.39218, 35.67542], [139.39092, 35.6709], [139.39067, 35.6699], [139.39044, 35.66909], [139.39013, 35.66802], [139.38983, 35.66715], [139.38958, 35.6666], [139.3892, 35.66592], [139.38891, 35.66545], [139.38847, 35.66483], [139.38815, 35.66443], [139.38767, 35.66388], [139.38734, 35.66355], [139.38691, 35.66313], [139.38642, 35.6627], [139.38594, 35.66233], [139.3856, 35.6621], [139.38499, 35.66169], [139.38405, 35.66111], [139.38242, 35.66008]]}, "properties": {"id": "TRACK_TOKYO_2694", "line_name": "中央線", "station_group_ids": [], "mode": "rail", "operator_id": "jr_east", "line_color": "#F15A24", "tags": ["tokyo", "track_centerline"]}}, {"type": "Feature", "bbox": [139.39303, 35.67778, 139.39383, 35.67931], "geometry": {"type": "LineString", "coordinates": [[139.39383, 35.67931], [139.39365, 35.67896], [139.39348, 35.67865], [139.39303, 35.67778]]}, "properties": {"id": "TRACK_TOKYO_2696", "line_name": "中央線", "station_group_ids": [], "mode": "rail", "operator_id": "jr_east", "line_color": "#F15A24", "tags": ["tokyo", "track_centerline"]}}, {"type": "Feature", "bbox": [139.49393, 35.77853, 139.51368, 35.79451], "geometry": {"type": "LineString", "coordinates": [[139.49393, 35.77853], [139.49432, 35.77903], [139.4944, 35.77914], [139.49469, 35.77951], [139.49508, 35.78001], [139.49542, 35.78046], [139.49589, 35.78107], [139.49607, 35.7813], [139.49641, 35.78174], [139.49659, 35.78198], [139.49665, 35.78205], [139.49668, 35.78209], [139.49674, 35.78215], [139.49679, 35.78217], [139.4971, 35.78258], [139.49774, 35.78334], [139.49873, 35.78458], [139.49915, 35.78511], [139.49951, 35.78548], [139.50076, 35.78649], [139.5025, 35.78788], [139.50289, 35.78815], [139.50406, 35.78909], [139.50471, 35.78961], [139.50493, 35.78978], [139.50515, 35.78995], [139.50638, 35.79092], [139.50718, 35.79149], [139.50762, 35.7918], [139.50859, 35.79228], [139.50898, 35.79243], [139.50989, 35.79284], [139.51273, 35.79409], [139.51335, 35.79437], [139.51368, 35.79451]]}, "properties": {"id": "TRACK_TOKYO_3435", "line_name": "武蔵野線", "station_group_ids": [], "mode": "rail", "operator_id": "jr_east", "line_color": "#FF6F00", "tags": ["tokyo", "track_centerline"]}}, {"type": "Feature", "bbox": [139.46584, 35.70063, 139.47029, 35.73039], "geometry": {"type": "LineString", "coordinates": [[139.47029, 35.73039], [139.47013, 35.72998], [139.46963, 35.72856], [139.46953, 35.72826], [139.46905, 35.72678], [139.46864, 35.72548], [139.46858, 35.72531], [139.4682, 35.72414], [139.468, 35.7235], [139.46779, 35.72285], [139.46769, 35.72226], [139.46761, 35.72167], [139.4675, 35.72042], [139.46734, 35.71842], [139.46723, 35.7171], [139.46716, 35.7164], [139.46703, 35.71528], [139.46694, 35.71448], [139.46676, 35.71283], [139.46655, 35.71058], [139.4664, 35.70908], [139.46631, 35.70802], [139.46627, 35.70742], [139.46617, 35.70626], [139.46601, 35.7046], [139.4659, 35.70343], [139.46588, 35.70305], [139.46584, 35.70261], [139.46584, 35.70235], [139.46585, 35.70214], [139.46586, 35.70164], [139.46591, 35.70082], [139.46592, 35.70063]]}, "properties": {"id": "TRACK_TOKYO_3436", "line_name": "武蔵野線", "station_group_ids": [], "mode": "rail", "operator_id": "jr_east", "line_color": "#FF6F00", "tags": ["tokyo", "track_centerline"]}}, {"type": "Feature", "bbox": [139.49358, 35.77809, 139.49393, 35.77853], "geometry": {"type": "LineString", "coordinates": [[139.49358, 35.77809], [139.49393, 35.77853]]}, "properties": {"id": "TRACK_TOKYO_3437", "line_name": "武蔵野線", "station_group_ids": [], "mode": "rail", "operator_id": "jr_east", "line_color": "#FF6F00", "tags": ["tokyo", "track_centerline"]}}, {"type": "Feature", "bbox": [139.5154, 35.79527, 139.55546, 35.80368], "geometry": {"type": "LineString", "coordinates": [[139.5154, 35.79527], [139.51724, 35.79607], [139.5185, 35.79665], [139.51988, 35.79722], [139.52019, 35.79733], [139.52046, 35.79744], [139.52075, 35.79751], [139.52093, 35.79755], [139.52119, 35.79759], [139.52149, 35.79762], [139.52172, 35.79764], [139.52271, 35.79772], [139.52321, 35.79775], [139.52541, 35.79794], [139.52777, 35.79814], [139.5291, 35.79831], [139.53118, 35.79862], [139.53168, 35.79871], [139.53303, 35.79899], [139.53589, 35.79958], [139.53841, 35.80011], [139.54167, 35.80078], [139.54327, 35.80113], [139.54683, 35.80185], [139.54711, 35.80191], [139.54981, 35.80249], [139.55228, 35.80302], [139.55407, 35.80341], [139.55433, 35.80347], [139.55461, 35.80353], [139.55509, 35.80363], [139.55546, 35.80368]]}, "properties": {"id": "TRACK_TOKYO_3438", "line_name": "武蔵野線", "station_group_ids": [], "mode": "rail", "operator_id": "jr_east", "line_color": "#FF6F00", "tags": ["tokyo", "track_centerline"]}}, {"type": "Feature", "bbox": [139.51368, 35.79451, 139.5154, 35.79527], "geometry": {"type": "LineString", "coordinates": [[139.51368, 35.79451], [139.5154, 35.79527]]}, "properties": {"id": "TRACK_TOKYO_3439", "line_name": "武蔵野線", "station_group_ids": [], "mode": "rail", "operator_id": "jr_east", "line_color": "#FF6F00", "tags": ["tokyo", "track_centerline"]}}, {"type": "Feature", "bbox": [139.55712, 35.80388, 139.58656, 35.81504], "geometry": {"type": "LineString", "coordinates": [[139.55712, 35.80388], [139.55823, 35.80396], [139.55985, 35.80404], [139.56265, 35.80421], [139.56469, 35.80441], [139.56496, 35.80444], [139.56746, 35.80474], [139.56941, 35.80515], [139.57087, 35.80557], [139.57245, 35.80615], [139.57413, 35.80699], [139.57516, 35.80762], [139.57591, 35.80808], [139.57795, 35.80937], [139.57799, 35.8094], [139.5807, 35.81117], [139.58406, 35.81336], [139.58656, 35.81504]]}, "properties": {"id": "TRACK_TOKYO_3441", "line_name": "武蔵野線", "station_group_ids": [], "mode": "rail", "operator_id": "jr_east", "line_color": "#FF6F00", "tags": ["tokyo", "track_centerline"]}}, {"type": "Feature", "bbox": [139.47071, 35.73145, 139.49358, 35.77809], "geometry": {"type": "LineString", "coordinates": [[139.47071, 35.73145], [139.47084, 35.73175], [139.47092, 35.73201], [139.47148, 35.73396], [139.47241, 35.73708], [139.47278, 35.73848], [139.47327, 35.74035], [139.47338, 35.7408], [139.47356, 35.74152], [139.47373, 35.74221], [139.47452, 35.7452], [139.47487, 35.74644], [139.47534, 35.74765], [139.47601, 35.74905], [139.47658, 35.75016], [139.47702, 35.75104], [139.47775, 35.75244], [139.47815, 35.75322], [139.47828, 35.75338], [139.47839, 35.75353], [139.47848, 35.7537], [139.47858, 35.75389], [139.4787, 35.75412], [139.47887, 35.7545], [139.479, 35.75479], [139.47909, 35.75494], [139.47927, 35.75529], [139.47945, 35.75569], [139.47959, 35.75601], [139.47986, 35.75665], [139.48007, 35.75704], [139.48024, 35.75738], [139.48035, 35.75764], [139.48044, 35.75785], [139.48112, 35.75926], [139.48131, 35.75966], [139.48151, 35.76007], [139.48163, 35.76025], [139.48169, 35.76037], [139.48178, 35.76058], [139.48193, 35.76093], [139.48202, 35.76107], [139.4822, 35.76142], [139.48227, 35.76158], [139.48252, 35.76212], [139.48271, 35.76251], [139.48278, 35.76266], [139.48291, 35.76296], [139.48314, 35.76346], [139.48336, 35.76395], [139.48357, 35.76441], [139.48376, 35.76479], [139.48395, 35.76518], [139.48408, 35.76539], [139.48425, 35.76575], [139.48459, 35.76634], [139.48467, 35.76647], [139.48513, 35.76755], [139.48609, 35.76869], [139.48666, 35.7693], [139.48685, 35.76955], [139.48686, 35.76956], [139.48716, 35.76993], [139.48751, 35.7704], [139.48787, 35.77089], [139.48819, 35.77132], [139.48876, 35.77209], [139.4891, 35.77252], [139.48961, 35.77315], [139.49007, 35.77376], [139.4905, 35.77431], [139.49091, 35.77483], [139.49128, 35.77529], [139.4916, 35.77568], [139.49199, 35.77613], [139.49223, 35.77644], [139.49246, 35.77671], [139.49282, 35.77716], [139.49301, 35.77739], [139.49318, 35.77761], [139.49358, 35.77809]]}, "properties": {"id": "TRACK_TOKYO_3442", "line_name": "武蔵野線", "station_group_ids": [], "mode": "rail", "operator_id": "jr_east", "line_color": "#FF6F00", "tags": ["tokyo", "track_centerline"]}}, {"type": "Feature", "bbox": [139.47029, 35.73039, 139.47071, 35.73145], "geometry": {"type": "LineString", "coordinates": [[139.47071, 35.73145], [139.47052, 35.73099], [139.47029, 35.73039]]}, "properties": {"id": "TRACK_TOKYO_3443", "line_name": "武蔵野線", "station_group_ids": [], "mode": "rail", "operator_id": "jr_east", "line_color": "#FF6F00", "tags": ["tokyo", "track_centerline"]}}, {"type": "Feature", "bbox": [139.46592, 35.69919, 139.46605, 35.70063], "geometry": {"type": "LineString", "coordinates": [[139.46592, 35.70063], [139.46605, 35.69919]]}, "properties": {"id": "TRACK_TOKYO_3444", "line_name": "武蔵野線", "station_group_ids": [], "mode": "rail", "operator_id": "jr_east", "line_color": "#FF6F00", "tags": ["tokyo", "track_centerline"]}}, {"type": "Feature", "bbox": [139.55546, 35.80368, 139.55712, 35.80388], "geometry": {"type": "LineString", "coordinates": [[139.55546, 35.80368], [139.55611, 35.80378], [139.55712, 35.80388]]}, "properties": {"id": "TRACK_TOKYO_3445", "line_name": "武蔵野線", "station_group_ids": [], "mode": "rail", "operator_id": "jr_east", "line_color": "#FF6F00", "tags": ["tokyo", "track_centerline"]}}, {"type": "Feature", "bbox": [139.46605, 35.68148, 139.47158, 35.69919], "geometry": {"type": "LineString", "coordinates": [[139.47158, 35.68148], [139.47127, 35.68233], [139.47102, 35.68291], [139.47063, 35.6838], [139.47023, 35.68463], [139.46999, 35.68517], [139.46985, 35.68551], [139.46972, 35.6859], [139.46906, 35.68776], [139.46892, 35.6882], [139.4688, 35.68854], [139.46879, 35.68857], [139.46863, 35.68899], [139.46796, 35.69112], [139.4678, 35.69161], [139.46762, 35.69216], [139.46717, 35.69352], [139.46655, 35.69531], [139.46654, 35.69534], [139.46644, 35.69566], [139.46641, 35.69581], [139.46635, 35.6962], [139.46617, 35.69764], [139.46612, 35.69818], [139.46606, 35.69904], [139.46605, 35.69919]]}, "properties": {"id": "TRACK_TOKYO_3446", "line_name": "武蔵野線", "station_group_ids": [], "mode": "rail", "operator_id": "jr_east", "line_color": "#FF6F00", "tags": ["tokyo", "track_centerline"]}}, {"type": "Feature", "bbox": [139.47158, 35.68023, 139.47201, 35.68148], "geometry": {"type": "LineString", "coordinates": [[139.47201, 35.68023], [139.47158, 35.68148]]}, "properties": {"id": "TRACK_TOKYO_3447", "line_name": "武蔵野線", "station_group_ids": [], "mode": "rail", "operator_id": "jr_east", "line_color": "#FF6F00", "tags": ["tokyo", "track_centerline"]}}, {"type": "Feature", "bbox": [139.47201, 35.66638, 139.477, 35.68023], "geometry": {"type": "LineString", "coordinates": [[139.47201, 35.68023], [139.47207, 35.67997], [139.47209, 35.67984], [139.47211, 35.67969], [139.47214, 35.67955], [139.47222, 35.67923], [139.47248, 35.67836], [139.47361, 35.67536], [139.47391, 35.67467], [139.47451, 35.67314], [139.4759, 35.6699], [139.47664, 35.66772], [139.47695, 35.66675], [139.47699, 35.6666], [139.47699, 35.66656], [139.477, 35.66649], [139.47699, 35.66643], [139.47698, 35.66638]]}, "properties": {"id": "TRACK_TOKYO_3448", "line_name": "武蔵野線", "station_group_ids": [], "mode": "rail", "operator_id": "jr_east", "line_color": "#FF6F00", "tags": ["tokyo", "track_centerline"]}}, {"type": "Feature", "bbox": [139.47642, 35.91339, 139.47777, 35.91488], "geometry": {"type": "LineString", "coordinates": [[139.47642, 35.91488], [139.47777, 35.91339]]}, "properties": {"id": "TRACK_TOKYO_3705", "line_name": "東上本線", "station_group_ids": [], "mode": "private", "operator_id": "tobu", "line_color": "#1F78FF", "tags": ["tokyo", "track_centerline"]}}, {"type": "Feature", "bbox": [139.47777, 35.90813, 139.48228, 35.91339], "geometry": {"type": "LineString", "coordinates": [[139.47777, 35.91339], [139.47843, 35.91263], [139.47904, 35.9119], [139.47974, 35.91111], [139.48011, 35.91068], [139.48156, 35.90897], [139.48228, 35.90813]]}, "properties": {"id": "TRACK_TOKYO_3712", "line_name": "東上本線", "station_group_ids": [], "mode": "private", "operator_id": "tobu", "line_color": "#1F78FF", "tags": ["tokyo", "track_centerline"]}}, {"type": "Feature", "bbox": [139.44521, 35.91488, 139.47642, 35.92511], "geometry": {"type": "LineString", "coordinates": [[139.44521, 35.92511], [139.44596, 35.92495], [139.44726, 35.92468], [139.44896, 35.92432], [139.45116, 35.92383], [139.45138, 35.92378], [139.45166, 35.92372], [139.4518, 35.9237], [139.45382, 35.92328], [139.45436, 35.92316], [139.45513, 35.923], [139.45518, 35.92299], [139.45536, 35.92295], [139.45538, 35.92294], [139.45633, 35.92275], [139.45659, 35.92269], [139.46457, 35.92102], [139.46732, 35.92044], [139.46743, 35.92042], [139.46764, 35.92038], [139.46808, 35.92028], [139.46935, 35.91998], [139.46964, 35.91991], [139.46979, 35.91987], [139.47006, 35.91978], [139.47029, 35.91972], [139.47064, 35.91954], [139.47098, 35.91935], [139.47136, 35.91909], [139.47177, 35.91878], [139.47231, 35.91833], [139.47334, 35.91753], [139.47419, 35.91681], [139.47508, 35.91611], [139.47572, 35.91556], [139.47632, 35.91498], [139.47642, 35.91488]]}, "properties": {"id": "TRACK_TOKYO_3717", "line_name": "東上本線", "station_group_ids": [], "mode": "private", "operator_id": "tobu", "line_color": "#1F78FF", "tags": ["tokyo", "track_centerline"]}}, {"type": "Feature", "bbox": [139.42502, 35.92574, 139.44288, 35.93609], "geometry": {"type": "LineString", "coordinates": [[139.42502, 35.93609], [139.42538, 35.93586], [139.42555, 35.93575], [139.42573, 35.93564], [139.42641, 35.9352], [139.42644, 35.93518], [139.42667, 35.93503], [139.42722, 35.9347], [139.42902, 35.93365], [139.4292, 35.93354], [139.42989, 35.93313], [139.43074, 35.93262], [139.43168, 35.93206], [139.43263, 35.93149], [139.433, 35.93127], [139.43373, 35.93083], [139.43382, 35.93079], [139.43429, 35.9305], [139.43464, 35.93029], [139.43541, 35.92981], [139.43603, 35.92943], [139.43606, 35.92941], [139.43646, 35.92917], [139.4366, 35.92908], [139.43668, 35.92903], [139.43711, 35.92877], [139.43729, 35.92865], [139.43731, 35.92865], [139.43762, 35.92847], [139.43792, 35.92828], [139.43821, 35.92811], [139.43822, 35.9281], [139.43848, 35.92794], [139.43884, 35.92771], [139.43924, 35.92748], [139.43986, 35.9271], [139.44062, 35.92666], [139.44098, 35.92645], [139.4417, 35.92611], [139.4424, 35.92589], [139.44288, 35.92574]]}, "properties": {"id": "TRACK_TOKYO_3718", "line_name": "東上本線", "station_group_ids": [], "mode": "private", "operator_id": "tobu", "line_color": "#1F78FF", "tags": ["tokyo", "track_centerline"]}}, {"type": "Feature", "bbox": [139.44288, 35.92511, 139.44521, 35.92574], "geometry": {"type": "LineString", "coordinates": [[139.44521, 35.92511], [139.44392, 35.92543], [139.4434, 35.92557], [139.44288, 35.92574]]}, "properties": {"id": "TRACK_TOKYO_3721", "line_name": "東上本線", "station_group_ids": [], "mode": "private", "operator_id": "tobu", "line_color": "#1F78FF", "tags": ["tokyo", "track_centerline"]}}, {"type": "Feature", "bbox": [139.56176, 35.8301, 139.56316, 35.83102], "geometry": {"type": "LineString", "coordinates": [[139.56176, 35.83102], [139.56316, 35.8301]]}, "properties": {"id": "TRACK_TOKYO_3744", "line_name": "東上本線", "station_group_ids": [], "mode": "private", "operator_id": "tobu", "line_color": "#1F78FF", "tags": ["tokyo", "track_centerline"]}}, {"type": "Feature", "bbox": [139.5518, 35.83102, 139.56176, 35.83754], "geometry": {"type": "LineString", "coordinates": [[139.5518, 35.83754], [139.55329, 35.83655], [139.55385, 35.8362], [139.55459, 35.83571], [139.55571, 35.83498], [139.55691, 35.83418], [139.55754, 35.83376], [139.55841, 35.83321], [139.55897, 35.83284], [139.55977, 35.83232], [139.56067, 35.83173], [139.56091, 35.83157], [139.56114, 35.83142], [139.56176, 35.83102]]}, "properties": {"id": "TRACK_TOKYO_3745", "line_name": "東上本線", "station_group_ids": [], "mode": "private", "operator_id": "tobu", "line_color": "#1F78FF", "tags": ["tokyo", "track_centerline"]}}, {"type": "Feature", "bbox": [139.53834, 35.84489, 139.54057, 35.84631], "geometry": {"type": "LineString", "coordinates": [[139.54057, 35.84489], [139.53901, 35.84591], [139.53834, 35.84631]]}, "properties": {"id": "TRACK_TOKYO_3746", "line_name": "東上本線", "station_group_ids": [], "mode": "private", "operator_id": "tobu", "line_color": "#1F78FF", "tags": ["tokyo", "track_centerline"]}}, {"type": "Feature", "bbox": [139.54057, 35.83886, 139.54977, 35.84489], "geometry": {"type": "LineString", "coordinates": [[139.54977, 35.83886], [139.54897, 35.83937], [139.54791, 35.84008], [139.54542, 35.84172], [139.54515, 35.84189], [139.54466, 35.84222], [139.54267, 35.84353], [139.54057, 35.84489]]}, "properties": {"id": "TRACK_TOKYO_3747", "line_name": "東上本線", "station_group_ids": [], "mode": "private", "operator_id": "tobu", "line_color": "#1F78FF", "tags": ["tokyo", "track_centerline"]}}, {"type": "Feature", "bbox": [139.52382, 35.84631, 139.53834, 35.85991], "geometry": {"type": "LineString", "coordinates": [[139.53834, 35.84631], [139.53657, 35.84749], [139.5357, 35.84809], [139.53502, 35.84857], [139.53402, 35.84928], [139.53304, 35.85004], [139.53256, 35.85047], [139.53192, 35.85103], [139.53135, 35.85158], [139.53068, 35.85229], [139.52907, 35.85397], [139.5278, 35.85537], [139.52772, 35.85547], [139.52746, 35.85574], [139.5257, 35.85776], [139.52434, 35.85932], [139.52382, 35.85991]]}, "properties": {"id": "TRACK_TOKYO_3749", "line_name": "東上本線", "station_group_ids": [], "mode": "private", "operator_id": "tobu", "line_color": "#1F78FF", "tags": ["tokyo", "track_centerline"]}}, {"type": "Feature", "bbox": [139.48228, 35.90627, 139.48401, 35.90813], "geometry": {"type": "LineString", "coordinates": [[139.48228, 35.90813], [139.48263, 35.90776], [139.48305, 35.90726], [139.48401, 35.90627]]}, "properties": {"id": "TRACK_TOKYO_3751", "line_name": "東上本線", "station_group_ids": [], "mode": "private", "operator_id": "tobu", "line_color": "#1F78FF", "tags": ["tokyo", "track_centerline"]}}, {"type": "Feature", "bbox": [139.48401, 35.89148, 139.49692, 35.90627], "geometry": {"type": "LineString", "coordinates": [[139.48401, 35.90627], [139.48453, 35.90568], [139.4852, 35.90492], [139.48593, 35.90405], [139.48643, 35.90346], [139.4871, 35.9027], [139.48792, 35.90176], [139.48858, 35.901], [139.48963, 35.89976], [139.48978, 35.89956], [139.49031, 35.89897], [139.49088, 35.89831], [139.49106, 35.8981], [139.4917, 35.89736], [139.4919, 35.89713], [139.49213, 35.89686], [139.49232, 35.89664], [139.49249, 35.89644], [139.49266, 35.89624], [139.49308, 35.89577], [139.49483, 35.89375], [139.49601, 35.89247], [139.49678, 35.89168], [139.49692, 35.89148]]}, "properties": {"id": "TRACK_TOKYO_3752", "line_name": "東上本線", "station_group_ids": [], "mode": "private", "operator_id": "tobu", "line_color": "#1F78FF", "tags": ["tokyo", "track_centerline"]}}, {"type": "Feature", "bbox": [139.54977, 35.83754, 139.5518, 35.83886], "geometry": {"type": "LineString", "coordinates": [[139.5518, 35.83754], [139.54977, 35.83886]]}, "properties": {"id": "TRACK_TOKYO_3753", "line_name": "東上本線", "station_group_ids": [], "mode": "private", "operator_id": "tobu", "line_color": "#1F78FF", "tags": ["tokyo", "track_centerline"]}}, {"type": "Feature", "bbox": [139.51245, 35.86158, 139.52236, 35.87321], "geometry": {"type": "LineString", "coordinates": [[139.52236, 35.86158], [139.52205, 35.86195], [139.52022, 35.86407], [139.51967, 35.8647], [139.51775, 35.86695], [139.51751, 35.86722], [139.51653, 35.86839], [139.51434, 35.87098], [139.51245, 35.87321]]}, "properties": {"id": "TRACK_TOKYO_3758", "line_name": "東上本線", "station_group_ids": [], "mode": "private", "operator_id": "tobu", "line_color": "#1F78FF", "tags": ["tokyo", "track_centerline"]}}, {"type": "Feature", "bbox": [139.52236, 35.85991, 139.52382, 35.86158], "geometry": {"type": "LineString", "coordinates": [[139.52382, 35.85991], [139.52236, 35.86158]]}, "properties": {"id": "TRACK_TOKYO_3759", "line_name": "東上本線", "station_group_ids": [], "mode": "private", "operator_id": "tobu", "line_color": "#1F78FF", "tags": ["tokyo", "track_centerline"]}}, {"type": "Feature", "bbox": [139.49768, 35.88313, 139.50395, 35.89056], "geometry": {"type": "LineString", "coordinates": [[139.49768, 35.89056], [139.49909, 35.88886], [139.50065, 35.88702], [139.50187, 35.88558], [139.50353, 35.88361], [139.50395, 35.88313]]}, "properties": {"id": "TRACK_TOKYO_3762", "line_name": "東上本線", "station_group_ids": [], "mode": "private", "operator_id": "tobu", "line_color": "#1F78FF", "tags": ["tokyo", "track_centerline"]}}, {"type": "Feature", "bbox": [139.49768, 35.88313, 139.50395, 35.89056], "geometry": {"type": "LineString", "coordinates": [[139.49768, 35.89056], [139.49909, 35.88886], [139.50065, 35.88702], [139.50187, 35.88558], [139.50353, 35.88361], [139.50395, 35.88313]]}, "properties": {"id": "TRACK_TOKYO_3763", "line_name": "東上本線", "station_group_ids": [], "mode": "private", "operator_id": "tobu", "line_color": "#1F78FF", "tags": ["tokyo", "track_centerline"]}}, {"type": "Feature", "bbox": [139.51129, 35.87321, 139.51245, 35.87453], "geometry": {"type": "LineString", "coordinates": [[139.51245, 35.87321], [139.51129, 35.87453]]}, "properties": {"id": "TRACK_TOKYO_3764", "line_name": "東上本線", "station_group_ids": [], "mode": "private", "operator_id": "tobu", "line_color": "#1F78FF", "tags": ["tokyo", "track_centerline"]}}, {"type": "Feature", "bbox": [139.49692, 35.89056, 139.49768, 35.89148], "geometry": {"type": "LineString", "coordinates": [[139.49768, 35.89056], [139.49692, 35.89148]]}, "properties": {"id": "TRACK_TOKYO_3766", "line_name": "東上本線", "station_group_ids": [], "mode": "private", "operator_id": "tobu", "line_color": "#1F78FF", "tags": ["tokyo", "track_centerline"]}}, {"type": "Feature", "bbox": [139.50395, 35.87453, 139.51129, 35.88313], "geometry": {"type": "LineString", "coordinates": [[139.51129, 35.87453], [139.50991, 35.87613], [139.50868, 35.87757], [139.50805, 35.87831], [139.50782, 35.87859], [139.50655, 35.88006], [139.5041, 35.88295], [139.50395, 35.88313]]}, "properties": {"id": "TRACK_TOKYO_3768", "line_name": "東上本線", "station_group_ids": [], "mode": "private", "operator_id": "tobu", "line_color": "#1F78FF", "tags": ["tokyo", "track_centerline"]}}]}