{"type": "FeatureCollection", "features": [{"type": "Feature", "bbox": [139.54289, 35.65211, 139.54356, 35.65231], "geometry": {"type": "LineString", "coordinates": [[139.54289, 35.65231], [139.54356, 35.65211]]}, "properties": {"id": "GEOM_TOKYO_0054", "route_id": "R_50E71696", "route_name": "京王線", "route_color": "#F18A00", "route_text_color": "#ffffff", "line_name": "京王線", "operator_id": "keio", "representation": "service_path", "min_zoom": 0, "max_zoom": 24, "offset_rank": 0}}, {"type": "Feature", "bbox": [139.54356, 35.65143, 139.54591, 35.65211], "geometry": {"type": "LineString", "coordinates": [[139.54356, 35.65211], [139.54591, 35.65143]]}, "properties": {"id": "GEOM_TOKYO_0055", "route_id": "R_50E71696", "route_name": "京王線", "route_color": "#F18A00", "route_text_color": "#ffffff", "line_name": "京王線", "operator_id": "keio", "representation": "service_path", "min_zoom": 0, "max_zoom": 24, "offset_rank": 0}}, {"type": "Feature", "bbox": [139.41397, 35.66142, 139.41503, 35.66188], "geometry": {"type": "LineString", "coordinates": [[139.41503, 35.66142], [139.41464, 35.66159], [139.41397, 35.66188]]}, "properties": {"id": "GEOM_TOKYO_0056", "route_id": "R_50E71696", "route_name": "京王線", "route_color": "#F18A00", "route_text_color": "#ffffff", "line_name": "京王線", "operator_id": "keio", "representation": "service_path", "min_zoom": 0, "max_zoom": 24, "offset_rank": 0}}, {"type": "Feature", "bbox": [139.41223, 35.66188, 139.41397, 35.66267], "geometry": {"type": "LineString", "coordinates": [[139.41397, 35.66188], [139.41223, 35.66267]]}, "properties": {"id": "GEOM_TOKYO_0057", "route_id": "R_50E71696", "route_name": "京王線", "route_color": "#F18A00", "route_text_color": "#ffffff", "line_name": "京王線", "operator_id": "keio", "representation": "service_path", "min_zoom": 0, "max_zoom": 24, "offset_rank": 0}}, {"type": "Feature", "bbox": [139.45845, 35.65966, 139.46816, 35.66739], "geometry": {"type": "LineString", "coordinates": [[139.45845, 35.65966], [139.45855, 35.65966], [139.46121, 35.66008], [139.46271, 35.66032], [139.46363, 35.66052], [139.46411, 35.66066], [139.4645, 35.66082], [139.46485, 35.66102], [139.46524, 35.66126], [139.46571, 35.66161], [139.46602, 35.66187], [139.46629, 35.66214], [139.46653, 35.66245], [139.4668, 35.66296], [139.46701, 35.66346], [139.46713, 35.66386], [139.46738, 35.66472], [139.46744, 35.66494], [139.46787, 35.6664], [139.46797, 35.66674], [139.46816, 35.66739]]}, "properties": {"id": "GEOM_TOKYO_0058", "route_id": "R_50E71696", "route_name": "京王線", "route_color": "#F18A00", "route_text_color": "#ffffff", "line_name": "京王線", "operator_id": "keio", "representation": "service_path", "min_zoom": 0, "max_zoom": 24, "offset_rank": 0}}, {"type": "Feature", "bbox": [139.36507, 35.64276, 139.36669, 35.6428], "geometry": {"type": "LineString", "coordinates": [[139.36507, 35.6428], [139.36669, 35.64276]]}, "properties": {"id": "GEOM_TOKYO_0059", "route_id": "R_50E71696", "route_name": "京王線", "route_color": "#F18A00", "route_text_color": "#ffffff", "line_name": "京王線", "operator_id": "keio", "representation": "service_path", "min_zoom": 0, "max_zoom": 24, "offset_rank": 0}}, {"type": "Feature", "bbox": [139.51209, 35.66034, 139.52288, 35.66396], "geometry": {"type": "LineString", "coordinates": [[139.51209, 35.66396], [139.51397, 35.6636], [139.5141, 35.66358], [139.51439, 35.66353], [139.51478, 35.66346], [139.51644, 35.66319], [139.51683, 35.66308], [139.51713, 35.66296], [139.51896, 35.66213], [139.51996, 35.66168], [139.52004, 35.66164], [139.52111, 35.66114], [139.52288, 35.66034]]}, "properties": {"id": "GEOM_TOKYO_0061", "route_id": "R_50E71696", "route_name": "京王線", "route_color": "#F18A00", "route_text_color": "#ffffff", "line_name": "京王線", "operator_id": "keio", "representation": "service_path", "min_zoom": 0, "max_zoom": 24, "offset_rank": 0}}, {"type": "Feature", "bbox": [139.38057, 35.64794, 139.39213, 35.65473], "geometry": {"type": "LineString", "coordinates": [[139.39213, 35.65473], [139.39095, 35.65365], [139.39076, 35.65349], [139.39042, 35.65327], [139.38977, 35.6529], [139.38923, 35.6526], [139.38718, 35.65156], [139.38558, 35.65078], [139.38317, 35.64962], [139.38212, 35.64911], [139.3818, 35.64894], [139.38153, 35.64877], [139.38131, 35.64859], [139.38057, 35.64794]]}, "properties": {"id": "GEOM_TOKYO_0062", "route_id": "R_50E71696", "route_name": "京王線", "route_color": "#F18A00", "route_text_color": "#ffffff", "line_name": "京王線", "operator_id": "keio", "representation": "service_path", "min_zoom": 0, "max_zoom": 24, "offset_rank": 0}}, {"type": "Feature", "bbox": [139.43193, 35.65064, 139.44616, 35.65723], "geometry": {"type": "LineString", "coordinates": [[139.44616, 35.65068], [139.44603, 35.65067], [139.44564, 35.65064], [139.44544, 35.65064], [139.44486, 35.65074], [139.44249, 35.65127], [139.43856, 35.65217], [139.43803, 35.65232], [139.43773, 35.6524], [139.43746, 35.6525], [139.43726, 35.65265], [139.43698, 35.65287], [139.43656, 35.65328], [139.43489, 35.65512], [139.43373, 35.65626], [139.43339, 35.65657], [139.43311, 35.65678], [139.43287, 35.65692], [139.43256, 35.65704], [139.43193, 35.65723]]}, "properties": {"id": "GEOM_TOKYO_0063", "route_id": "R_50E71696", "route_name": "京王線", "route_color": "#F18A00", "route_text_color": "#ffffff", "line_name": "京王線", "operator_id": "keio", "representation": "service_path", "min_zoom": 0, "max_zoom": 24, "offset_rank": 0}}, {"type": "Feature", "bbox": [139.55907, 35.65045, 139.56589, 35.65365], "geometry": {"type": "LineString", "coordinates": [[139.55907, 35.65045], [139.56011, 35.65094], [139.56089, 35.6513], [139.5629, 35.65225], [139.56311, 35.65235], [139.5635, 35.65253], [139.56392, 35.65273], [139.56589, 35.65365]]}, "properties": {"id": "GEOM_TOKYO_0065", "route_id": "R_50E71696", "route_name": "京王線", "route_color": "#F18A00", "route_text_color": "#ffffff", "line_name": "京王線", "operator_id": "keio", "representation": "service_path", "min_zoom": 0, "max_zoom": 24, "offset_rank": 0}}, {"type": "Feature", "bbox": [139.44776, 35.65092, 139.45694, 35.65941], "geometry": {"type": "LineString", "coordinates": [[139.44776, 35.65092], [139.44784, 35.65094], [139.44801, 35.65097], [139.44833, 35.65106], [139.4485, 35.65113], [139.44876, 35.65125], [139.44904, 35.65144], [139.44935, 35.65179], [139.44951, 35.65202], [139.44964, 35.65227], [139.44985, 35.65277], [139.45085, 35.65566], [139.45131, 35.65701], [139.4515, 35.6575], [139.45165, 35.65781], [139.45176, 35.65796], [139.45207, 35.65825], [139.45237, 35.65849], [139.4527, 35.65867], [139.4529, 35.65875], [139.45319, 35.65882], [139.45426, 35.65899], [139.45684, 35.6594], [139.45694, 35.65941]]}, "properties": {"id": "GEOM_TOKYO_0068", "route_id": "R_50E71696", "route_name": "京王線", "route_color": "#F18A00", "route_text_color": "#ffffff", "line_name": "京王線", "operator_id": "keio", "representation": "service_path", "min_zoom": 0, "max_zoom": 24, "offset_rank": 0}}, {"type": "Feature", "bbox": [139.41503, 35.65752, 139.43082, 35.66142], "geometry": {"type": "LineString", "coordinates": [[139.41503, 35.66142], [139.4155, 35.66124], [139.41592, 35.66111], [139.41624, 35.66102], [139.41727, 35.66076], [139.41778, 35.66063], [139.42018, 35.66004], [139.42187, 35.65963], [139.42613, 35.65861], [139.43082, 35.65752]]}, "properties": {"id": "GEOM_TOKYO_0069", "route_id": "R_50E71696", "route_name": "京王線", "route_color": "#F18A00", "route_text_color": "#ffffff", "line_name": "京王線", "operator_id": "keio", "representation": "service_path", "min_zoom": 0, "max_zoom": 24, "offset_rank": 0}}, {"type": "Feature", "bbox": [139.52444, 35.65772, 139.52866, 35.65963], "geometry": {"type": "LineString", "coordinates": [[139.52444, 35.65963], [139.52559, 35.65912], [139.52775, 35.65815], [139.52866, 35.65772]]}, "properties": {"id": "GEOM_TOKYO_0071", "route_id": "R_50E71696", "route_name": "京王線", "route_color": "#F18A00", "route_text_color": "#ffffff", "line_name": "京王線", "operator_id": "keio", "representation": "service_path", "min_zoom": 0, "max_zoom": 24, "offset_rank": 0}}, {"type": "Feature", "bbox": [139.39302, 35.65555, 139.41223, 35.66384], "geometry": {"type": "LineString", "coordinates": [[139.41223, 35.66267], [139.4112, 35.66308], [139.41087, 35.66322], [139.41061, 35.66331], [139.41042, 35.66337], [139.41006, 35.66343], [139.40915, 35.66354], [139.40806, 35.66367], [139.40744, 35.66374], [139.4057, 35.66384], [139.40519, 35.66383], [139.40503, 35.6638], [139.40486, 35.66377], [139.40462, 35.66368], [139.404, 35.66337], [139.40325, 35.663], [139.4022, 35.66249], [139.40099, 35.66185], [139.40092, 35.66181], [139.39981, 35.66122], [139.39904, 35.66078], [139.39864, 35.66054], [139.39839, 35.66035], [139.3981, 35.6601], [139.39704, 35.65918], [139.39621, 35.65843], [139.39464, 35.65701], [139.39302, 35.65555]]}, "properties": {"id": "GEOM_TOKYO_0073", "route_id": "R_50E71696", "route_name": "京王線", "route_color": "#F18A00", "route_text_color": "#ffffff", "line_name": "京王線", "operator_id": "keio", "representation": "service_path", "min_zoom": 0, "max_zoom": 24, "offset_rank": 0}}, {"type": "Feature", "bbox": [139.45694, 35.65941, 139.45845, 35.65966], "geometry": {"type": "LineString", "coordinates": [[139.45694, 35.65941], [139.45709, 35.65943], [139.45754, 35.65951], [139.45845, 35.65966]]}, "properties": {"id": "GEOM_TOKYO_0074", "route_id": "R_50E71696", "route_name": "京王線", "route_color": "#F18A00", "route_text_color": "#ffffff", "line_name": "京王線", "operator_id": "keio", "representation": "service_path", "min_zoom": 0, "max_zoom": 24, "offset_rank": 0}}, {"type": "Feature", "bbox": [139.49478, 35.66854, 139.49602, 35.669], "geometry": {"type": "LineString", "coordinates": [[139.49602, 35.66854], [139.49478, 35.669]]}, "properties": {"id": "GEOM_TOKYO_0075", "route_id": "R_50E71696", "route_name": "京王線", "route_color": "#F18A00", "route_text_color": "#ffffff", "line_name": "京王線", "operator_id": "keio", "representation": "service_path", "min_zoom": 0, "max_zoom": 24, "offset_rank": 0}}, {"type": "Feature", "bbox": [139.51052, 35.66396, 139.51209, 35.66431], "geometry": {"type": "LineString", "coordinates": [[139.51052, 35.66431], [139.51209, 35.66396]]}, "properties": {"id": "GEOM_TOKYO_0076", "route_id": "R_50E71696", "route_name": "京王線", "route_color": "#F18A00", "route_text_color": "#ffffff", "line_name": "京王線", "operator_id": "keio", "representation": "service_path", "min_zoom": 0, "max_zoom": 24, "offset_rank": 0}}, {"type": "Feature", "bbox": [139.36669, 35.64259, 139.37922, 35.64668], "geometry": {"type": "LineString", "coordinates": [[139.37922, 35.64668], [139.37861, 35.64611], [139.37716, 35.64492], [139.37686, 35.64467], [139.37555, 35.64363], [139.3749, 35.64315], [139.37458, 35.64295], [139.37432, 35.64282], [139.37414, 35.64273], [139.374, 35.64268], [139.37379, 35.64262], [139.37356, 35.6426], [139.37314, 35.64259], [139.3718, 35.64263], [139.37058, 35.64267], [139.37005, 35.64268], [139.36943, 35.6427], [139.36934, 35.64271], [139.36674, 35.64276], [139.36669, 35.64276]]}, "properties": {"id": "GEOM_TOKYO_0078", "route_id": "R_50E71696", "route_name": "京王線", "route_color": "#F18A00", "route_text_color": "#ffffff", "line_name": "京王線", "operator_id": "keio", "representation": "service_path", "min_zoom": 0, "max_zoom": 24, "offset_rank": 0}}, {"type": "Feature", "bbox": [139.43082, 35.65723, 139.43193, 35.65752], "geometry": {"type": "LineString", "coordinates": [[139.43082, 35.65752], [139.43193, 35.65723]]}, "properties": {"id": "GEOM_TOKYO_0079", "route_id": "R_50E71696", "route_name": "京王線", "route_color": "#F18A00", "route_text_color": "#ffffff", "line_name": "京王線", "operator_id": "keio", "representation": "service_path", "min_zoom": 0, "max_zoom": 24, "offset_rank": 0}}, {"type": "Feature", "bbox": [139.55108, 35.64979, 139.55235, 35.64993], "geometry": {"type": "LineString", "coordinates": [[139.55108, 35.64993], [139.55235, 35.64979]]}, "properties": {"id": "GEOM_TOKYO_0080", "route_id": "R_50E71696", "route_name": "京王線", "route_color": "#F18A00", "route_text_color": "#ffffff", "line_name": "京王線", "operator_id": "keio", "representation": "service_path", "min_zoom": 0, "max_zoom": 24, "offset_rank": 0}}, {"type": "Feature", "bbox": [139.37922, 35.64668, 139.38057, 35.64794], "geometry": {"type": "LineString", "coordinates": [[139.38057, 35.64794], [139.37922, 35.64668]]}, "properties": {"id": "GEOM_TOKYO_0081", "route_id": "R_50E71696", "route_name": "京王線", "route_color": "#F18A00", "route_text_color": "#ffffff", "line_name": "京王線", "operator_id": "keio", "representation": "service_path", "min_zoom": 0, "max_zoom": 24, "offset_rank": 0}}, {"type": "Feature", "bbox": [139.50117, 35.66602, 139.50307, 35.6667], "geometry": {"type": "LineString", "coordinates": [[139.50117, 35.6667], [139.50307, 35.66602]]}, "properties": {"id": "GEOM_TOKYO_0082", "route_id": "R_50E71696", "route_name": "京王線", "route_color": "#F18A00", "route_text_color": "#ffffff", "line_name": "京王線", "operator_id": "keio", "representation": "service_path", "min_zoom": 0, "max_zoom": 24, "offset_rank": 0}}, {"type": "Feature", "bbox": [139.55779, 35.64992, 139.55907, 35.65045], "geometry": {"type": "LineString", "coordinates": [[139.55779, 35.64992], [139.55907, 35.65045]]}, "properties": {"id": "GEOM_TOKYO_0083", "route_id": "R_50E71696", "route_name": "京王線", "route_color": "#F18A00", "route_text_color": "#ffffff", "line_name": "京王線", "operator_id": "keio", "representation": "service_path", "min_zoom": 0, "max_zoom": 24, "offset_rank": 0}}, {"type": "Feature", "bbox": [139.54591, 35.64993, 139.55108, 35.65143], "geometry": {"type": "LineString", "coordinates": [[139.54591, 35.65143], [139.54628, 35.65131], [139.54864, 35.6506], [139.55108, 35.64993]]}, "properties": {"id": "GEOM_TOKYO_0085", "route_id": "R_50E71696", "route_name": "京王線", "route_color": "#F18A00", "route_text_color": "#ffffff", "line_name": "京王線", "operator_id": "keio", "representation": "service_path", "min_zoom": 0, "max_zoom": 24, "offset_rank": 0}}, {"type": "Feature", "bbox": [139.46816, 35.66739, 139.46857, 35.66881], "geometry": {"type": "LineString", "coordinates": [[139.46816, 35.66739], [139.46818, 35.66746], [139.46851, 35.6686], [139.46857, 35.66881]]}, "properties": {"id": "GEOM_TOKYO_0086", "route_id": "R_50E71696", "route_name": "京王線", "route_color": "#F18A00", "route_text_color": "#ffffff", "line_name": "京王線", "operator_id": "keio", "representation": "service_path", "min_zoom": 0, "max_zoom": 24, "offset_rank": 0}}, {"type": "Feature", "bbox": [139.52866, 35.65692, 139.53035, 35.65772], "geometry": {"type": "LineString", "coordinates": [[139.52866, 35.65772], [139.53035, 35.65692]]}, "properties": {"id": "GEOM_TOKYO_0087", "route_id": "R_50E71696", "route_name": "京王線", "route_color": "#F18A00", "route_text_color": "#ffffff", "line_name": "京王線", "operator_id": "keio", "representation": "service_path", "min_zoom": 0, "max_zoom": 24, "offset_rank": 0}}, {"type": "Feature", "bbox": [139.46857, 35.66881, 139.47941, 35.67295], "geometry": {"type": "LineString", "coordinates": [[139.47941, 35.67234], [139.47931, 35.67235], [139.47651, 35.67287], [139.47609, 35.67293], [139.47593, 35.67294], [139.47559, 35.67295], [139.47516, 35.67294], [139.47485, 35.67292], [139.47462, 35.6729], [139.47433, 35.67285], [139.47408, 35.6728], [139.47395, 35.67278], [139.47377, 35.67274], [139.4733, 35.67265], [139.47172, 35.6723], [139.47067, 35.67205], [139.47043, 35.67195], [139.47026, 35.67187], [139.47003, 35.67171], [139.4698, 35.67151], [139.46946, 35.67111], [139.46925, 35.67077], [139.46906, 35.67029], [139.46891, 35.6699], [139.46857, 35.66881]]}, "properties": {"id": "GEOM_TOKYO_0088", "route_id": "R_50E71696", "route_name": "京王線", "route_color": "#F18A00", "route_text_color": "#ffffff", "line_name": "京王線", "operator_id": "keio", "representation": "service_path", "min_zoom": 0, "max_zoom": 24, "offset_rank": 0}}, {"type": "Feature", "bbox": [139.53035, 35.65231, 139.54289, 35.65692], "geometry": {"type": "LineString", "coordinates": [[139.53035, 35.65692], [139.53157, 35.65634], [139.5323, 35.65601], [139.53271, 35.65581], [139.53327, 35.65554], [139.53465, 35.65489], [139.53507, 35.6547], [139.53572, 35.65446], [139.53642, 35.65422], [139.53713, 35.654], [139.53818, 35.65369], [139.54089, 35.65289], [139.54289, 35.65231]]}, "properties": {"id": "GEOM_TOKYO_0089", "route_id": "R_50E71696", "route_name": "京王線", "route_color": "#F18A00", "route_text_color": "#ffffff", "line_name": "京王線", "operator_id": "keio", "representation": "service_path", "min_zoom": 0, "max_zoom": 24, "offset_rank": 0}}, {"type": "Feature", "bbox": [139.50307, 35.66431, 139.51052, 35.66602], "geometry": {"type": "LineString", "coordinates": [[139.50307, 35.66602], [139.50362, 35.66581], [139.50451, 35.66556], [139.50514, 35.66541], [139.50701, 35.66503], [139.50726, 35.66497], [139.50742, 35.66494], [139.50773, 35.66488], [139.51052, 35.66431]]}, "properties": {"id": "GEOM_TOKYO_0090", "route_id": "R_50E71696", "route_name": "京王線", "route_color": "#F18A00", "route_text_color": "#ffffff", "line_name": "京王線", "operator_id": "keio", "representation": "service_path", "min_zoom": 0, "max_zoom": 24, "offset_rank": 0}}, {"type": "Feature", "bbox": [139.39213, 35.65473, 139.39302, 35.65555], "geometry": {"type": "LineString", "coordinates": [[139.39302, 35.65555], [139.39213, 35.65473]]}, "properties": {"id": "GEOM_TOKYO_0091", "route_id": "R_50E71696", "route_name": "京王線", "route_color": "#F18A00", "route_text_color": "#ffffff", "line_name": "京王線", "operator_id": "keio", "representation": "service_path", "min_zoom": 0, "max_zoom": 24, "offset_rank": 0}}, {"type": "Feature", "bbox": [139.44616, 35.65068, 139.44776, 35.65092], "geometry": {"type": "LineString", "coordinates": [[139.44616, 35.65068], [139.4467, 35.65076], [139.44776, 35.65092]]}, "properties": {"id": "GEOM_TOKYO_0093", "route_id": "R_50E71696", "route_name": "京王線", "route_color": "#F18A00", "route_text_color": "#ffffff", "line_name": "京王線", "operator_id": "keio", "representation": "service_path", "min_zoom": 0, "max_zoom": 24, "offset_rank": 0}}, {"type": "Feature", "bbox": [139.49602, 35.6667, 139.50117, 35.66854], "geometry": {"type": "LineString", "coordinates": [[139.49602, 35.66854], [139.49679, 35.66828], [139.49825, 35.66776], [139.50002, 35.66714], [139.50117, 35.6667]]}, "properties": {"id": "GEOM_TOKYO_0094", "route_id": "R_50E71696", "route_name": "京王線", "route_color": "#F18A00", "route_text_color": "#ffffff", "line_name": "京王線", "operator_id": "keio", "representation": "service_path", "min_zoom": 0, "max_zoom": 24, "offset_rank": 0}}, {"type": "Feature", "bbox": [139.48079, 35.66935, 139.49376, 35.67204], "geometry": {"type": "LineString", "coordinates": [[139.49376, 35.66935], [139.49207, 35.6699], [139.49034, 35.67027], [139.48904, 35.67051], [139.48725, 35.67084], [139.48544, 35.67116], [139.48257, 35.67172], [139.48089, 35.67203], [139.48079, 35.67204]]}, "properties": {"id": "GEOM_TOKYO_0095", "route_id": "R_50E71696", "route_name": "京王線", "route_color": "#F18A00", "route_text_color": "#ffffff", "line_name": "京王線", "operator_id": "keio", "representation": "service_path", "min_zoom": 0, "max_zoom": 24, "offset_rank": 0}}, {"type": "Feature", "bbox": [139.49376, 35.669, 139.49478, 35.66935], "geometry": {"type": "LineString", "coordinates": [[139.49478, 35.669], [139.49376, 35.66935]]}, "properties": {"id": "GEOM_TOKYO_0096", "route_id": "R_50E71696", "route_name": "京王線", "route_color": "#F18A00", "route_text_color": "#ffffff", "line_name": "京王線", "operator_id": "keio", "representation": "service_path", "min_zoom": 0, "max_zoom": 24, "offset_rank": 0}}, {"type": "Feature", "bbox": [139.55235, 35.64953, 139.55779, 35.64992], "geometry": {"type": "LineString", "coordinates": [[139.55235, 35.64979], [139.55329, 35.64973], [139.55442, 35.64965], [139.55554, 35.64957], [139.55633, 35.64953], [139.55655, 35.64955], [139.55691, 35.64962], [139.55715, 35.64969], [139.55744, 35.6498], [139.55779, 35.64992]]}, "properties": {"id": "GEOM_TOKYO_0097", "route_id": "R_50E71696", "route_name": "京王線", "route_color": "#F18A00", "route_text_color": "#ffffff", "line_name": "京王線", "operator_id": "keio", "representation": "service_path", "min_zoom": 0, "max_zoom": 24, "offset_rank": 0}}, {"type": "Feature", "bbox": [139.52288, 35.65963, 139.52444, 35.66034], "geometry": {"type": "LineString", "coordinates": [[139.52288, 35.66034], [139.52444, 35.65963]]}, "properties": {"id": "GEOM_TOKYO_0100", "route_id": "R_50E71696", "route_name": "京王線", "route_color": "#F18A00", "route_text_color": "#ffffff", "line_name": "京王線", "operator_id": "keio", "representation": "service_path", "min_zoom": 0, "max_zoom": 24, "offset_rank": 0}}, {"type": "Feature", "bbox": [139.34246, 35.65755, 139.34365, 35.65849], "geometry": {"type": "LineString", "coordinates": [[139.34246, 35.65849], [139.34271, 35.65823], [139.34309, 35.65793], [139.34365, 35.65755]]}, "properties": {"id": "GEOM_TOKYO_0101", "route_id": "R_50E71696", "route_name": "京王線", "route_color": "#F18A00", "route_text_color": "#ffffff", "line_name": "京王線", "operator_id": "keio", "representation": "service_path", "min_zoom": 0, "max_zoom": 24, "offset_rank": 0}}, {"type": "Feature", "bbox": [139.35528, 35.6428, 139.36507, 35.64402], "geometry": {"type": "LineString", "coordinates": [[139.35528, 35.64402], [139.35537, 35.64398], [139.35691, 35.64338], [139.35738, 35.64319], [139.35764, 35.64312], [139.35798, 35.64305], [139.3583, 35.64301], [139.35884, 35.64297], [139.3614, 35.64289], [139.36496, 35.6428], [139.36507, 35.6428]]}, "properties": {"id": "GEOM_TOKYO_0102", "route_id": "R_50E71696", "route_name": "京王線", "route_color": "#F18A00", "route_text_color": "#ffffff", "line_name": "京王線", "operator_id": "keio", "representation": "service_path", "min_zoom": 0, "max_zoom": 24, "offset_rank": 0}}, {"type": "Feature", "bbox": [139.34365, 35.64565, 139.35131, 35.65755], "geometry": {"type": "LineString", "coordinates": [[139.34365, 35.65755], [139.34501, 35.65666], [139.3456, 35.65628], [139.34584, 35.6561], [139.34598, 35.65597], [139.34612, 35.65583], [139.34624, 35.65567], [139.34638, 35.65542], [139.3466, 35.65485], [139.347, 35.65384], [139.34712, 35.65352], [139.34718, 35.65336], [139.34774, 35.65181], [139.34852, 35.64962], [139.34882, 35.64875], [139.34902, 35.64816], [139.34921, 35.64771], [139.34937, 35.6474], [139.34967, 35.64699], [139.34997, 35.64665], [139.35049, 35.64621], [139.3506, 35.64612], [139.35094, 35.64587], [139.35131, 35.64565]]}, "properties": {"id": "GEOM_TOKYO_0103", "route_id": "R_50E71696", "route_name": "京王線", "route_color": "#F18A00", "route_text_color": "#ffffff", "line_name": "京王線", "operator_id": "keio", "representation": "service_path", "min_zoom": 0, "max_zoom": 24, "offset_rank": 0}}, {"type": "Feature", "bbox": [139.35131, 35.64495, 139.35308, 35.64565], "geometry": {"type": "LineString", "coordinates": [[139.35131, 35.64565], [139.35188, 35.64543], [139.35204, 35.64536], [139.35282, 35.64505], [139.35296, 35.64499], [139.35308, 35.64495]]}, "properties": {"id": "GEOM_TOKYO_0104", "route_id": "R_50E71696", "route_name": "京王線", "route_color": "#F18A00", "route_text_color": "#ffffff", "line_name": "京王線", "operator_id": "keio", "representation": "service_path", "min_zoom": 0, "max_zoom": 24, "offset_rank": 0}}, {"type": "Feature", "bbox": [139.35308, 35.64402, 139.35528, 35.64495], "geometry": {"type": "LineString", "coordinates": [[139.35308, 35.64495], [139.3536, 35.64473], [139.35429, 35.64444], [139.35452, 35.64434], [139.35528, 35.64402]]}, "properties": {"id": "GEOM_TOKYO_0105", "route_id": "R_50E71696", "route_name": "京王線", "route_color": "#F18A00", "route_text_color": "#ffffff", "line_name": "京王線", "operator_id": "keio", "representation": "service_path", "min_zoom": 0, "max_zoom": 24, "offset_rank": 0}}, {"type": "Feature", "bbox": [139.49478, 35.66854, 139.49602, 35.669], "geometry": {"type": "LineString", "coordinates": [[139.49602, 35.66854], [139.49478, 35.669]]}, "properties": {"id": "GEOM_TOKYO_0107", "route_id": "R_A4411EE9", "route_name": null, "route_color": "#F18A00", "route_text_color": null, "line_name": "競馬場線", "operator_id": "keio", "representation": "service_path", "min_zoom": 0, "max_zoom": 24, "offset_rank": 0}}, {"type": "Feature", "bbox": [139.49376, 35.669, 139.49478, 35.66935], "geometry": {"type": "LineString", "coordinates": [[139.49478, 35.669], [139.49376, 35.66935]]}, "properties": {"id": "GEOM_TOKYO_0108", "route_id": "R_A4411EE9", "route_name": null, "route_color": "#F18A00", "route_text_color": null, "line_name": "競馬場線", "operator_id": "keio", "representation": "service_path", "min_zoom": 0, "max_zoom": 24, "offset_rank": 0}}, {"type": "Feature", "bbox": [139.48449, 35.66833, 139.48584, 35.66838], "geometry": {"type": "LineString", "coordinates": [[139.48584, 35.66833], [139.48449, 35.66838]]}, "properties": {"id": "GEOM_TOKYO_0109", "route_id": "R_A4411EE9", "route_name": null, "route_color": "#F18A00", "route_text_color": null, "line_name": "競馬場線", "operator_id": "keio", "representation": "service_path", "min_zoom": 0, "max_zoom": 24, "offset_rank": 0}}, {"type": "Feature", "bbox": [139.48584, 35.66829, 139.49376, 35.66935], "geometry": {"type": "LineString", "coordinates": [[139.49376, 35.66935], [139.49285, 35.6693], [139.49233, 35.66927], [139.49182, 35.66915], [139.49133, 35.66901], [139.48978, 35.66865], [139.48871, 35.66842], [139.48747, 35.66831], [139.48692, 35.66829], [139.48657, 35.6683], [139.48584, 35.66833]]}, "properties": {"id": "GEOM_TOKYO_0110", "route_id": "R_A4411EE9", "route_name": null, "route_color": "#F18A00", "route_text_color": null, "line_name": "競馬場線", "operator_id": "keio", "representation": "service_path", "min_zoom": 0, "max_zoom": 24, "offset_rank": 0}}, {"type": "Feature", "bbox": [139.29295, 35.64044, 139.29434, 35.64074], "geometry": {"type": "LineString", "coordinates": [[139.29295, 35.64074], [139.29434, 35.64044]]}, "properties": {"id": "GEOM_TOKYO_0111", "route_id": "R_7DC141B7", "route_name": "高尾線", "route_color": "#F18A00", "route_text_color": "#ffffff", "line_name": "高尾線", "operator_id": "keio", "representation": "service_path", "min_zoom": 0, "max_zoom": 24, "offset_rank": 0}}, {"type": "Feature", "bbox": [139.2695, 35.63192, 139.27013, 35.63284], "geometry": {"type": "LineString", "coordinates": [[139.2695, 35.63192], [139.27013, 35.63284]]}, "properties": {"id": "GEOM_TOKYO_0112", "route_id": "R_7DC141B7", "route_name": "高尾線", "route_color": "#F18A00", "route_text_color": "#ffffff", "line_name": "高尾線", "operator_id": "keio", "representation": "service_path", "min_zoom": 0, "max_zoom": 24, "offset_rank": 0}}, {"type": "Feature", "bbox": [139.29434, 35.64033, 139.30777, 35.6434], "geometry": {"type": "LineString", "coordinates": [[139.29434, 35.64044], [139.29485, 35.64037], [139.29528, 35.64033], [139.29557, 35.64033], [139.29594, 35.64033], [139.29643, 35.64037], [139.29692, 35.64043], [139.29764, 35.64058], [139.29861, 35.6408], [139.30032, 35.64121], [139.30056, 35.64128], [139.30218, 35.64169], [139.30299, 35.64188], [139.30383, 35.6421], [139.30419, 35.64221], [139.3045, 35.64232], [139.30535, 35.64259], [139.30585, 35.64276], [139.30642, 35.64296], [139.30673, 35.64307], [139.30725, 35.64324], [139.30777, 35.6434]]}, "properties": {"id": "GEOM_TOKYO_0113", "route_id": "R_7DC141B7", "route_name": "高尾線", "route_color": "#F18A00", "route_text_color": "#ffffff", "line_name": "高尾線", "operator_id": "keio", "representation": "service_path", "min_zoom": 0, "max_zoom": 24, "offset_rank": 0}}, {"type": "Feature", "bbox": [139.33739, 35.64364, 139.35131, 35.64674], "geometry": {"type": "LineString", "coordinates": [[139.33739, 35.64424], [139.33788, 35.64409], [139.33835, 35.64397], [139.33877, 35.64386], [139.33946, 35.6437], [139.33971, 35.64367], [139.33993, 35.64366], [139.34026, 35.64364], [139.34075, 35.64366], [139.34109, 35.6437], [139.3416, 35.64382], [139.34199, 35.64397], [139.34234, 35.64412], [139.34292, 35.64441], [139.34331, 35.64466], [139.34356, 35.64486], [139.34488, 35.64587], [139.34517, 35.64605], [139.34553, 35.64625], [139.34581, 35.64636], [139.34616, 35.64647], [139.34636, 35.64652], [139.34707, 35.64667], [139.34745, 35.64671], [139.34782, 35.64674], [139.34804, 35.64674], [139.34824, 35.64673], [139.34826, 35.64672], [139.34836, 35.64671], [139.34846, 35.6467], [139.34863, 35.64667], [139.34883, 35.64662], [139.34914, 35.64652], [139.34946, 35.6464], [139.35018, 35.6461], [139.35038, 35.64602], [139.35131, 35.64565]]}, "properties": {"id": "GEOM_TOKYO_0114", "route_id": "R_7DC141B7", "route_name": "高尾線", "route_color": "#F18A00", "route_text_color": "#ffffff", "line_name": "高尾線", "operator_id": "keio", "representation": "service_path", "min_zoom": 0, "max_zoom": 24, "offset_rank": 0}}, {"type": "Feature", "bbox": [139.35131, 35.64495, 139.35308, 35.64565], "geometry": {"type": "LineString", "coordinates": [[139.35131, 35.64565], [139.35188, 35.64543], [139.35204, 35.64536], [139.35282, 35.64505], [139.35296, 35.64499], [139.35308, 35.64495]]}, "properties": {"id": "GEOM_TOKYO_0115", "route_id": "R_7DC141B7", "route_name": "高尾線", "route_color": "#F18A00", "route_text_color": "#ffffff", "line_name": "高尾線", "operator_id": "keio", "representation": "service_path", "min_zoom": 0, "max_zoom": 24, "offset_rank": 0}}, {"type": "Feature", "bbox": [139.35308, 35.64402, 139.35528, 35.64495], "geometry": {"type": "LineString", "coordinates": [[139.35308, 35.64495], [139.3536, 35.64473], [139.35429, 35.64444], [139.35452, 35.64434], [139.35528, 35.64402]]}, "properties": {"id": "GEOM_TOKYO_0116", "route_id": "R_7DC141B7", "route_name": "高尾線", "route_color": "#F18A00", "route_text_color": "#ffffff", "line_name": "高尾線", "operator_id": "keio", "representation": "service_path", "min_zoom": 0, "max_zoom": 24, "offset_rank": 0}}, {"type": "Feature", "bbox": [139.28248, 35.64074, 139.29295, 35.642], "geometry": {"type": "LineString", "coordinates": [[139.28248, 35.64182], [139.28258, 35.64184], [139.28312, 35.64194], [139.28328, 35.64196], [139.2836, 35.642], [139.28396, 35.642], [139.28431, 35.64194], [139.28457, 35.64188], [139.28495, 35.64178], [139.28577, 35.64156], [139.28605, 35.64153], [139.28628, 35.64153], [139.28671, 35.64155], [139.28797, 35.64168], [139.28867, 35.64172], [139.28882, 35.64171], [139.28897, 35.6417], [139.28924, 35.64165], [139.29008, 35.64145], [139.29132, 35.64115], [139.29295, 35.64074]]}, "properties": {"id": "GEOM_TOKYO_0117", "route_id": "R_7DC141B7", "route_name": "高尾線", "route_color": "#F18A00", "route_text_color": "#ffffff", "line_name": "高尾線", "operator_id": "keio", "representation": "service_path", "min_zoom": 0, "max_zoom": 24, "offset_rank": 0}}, {"type": "Feature", "bbox": [139.33653, 35.64424, 139.33739, 35.64448], "geometry": {"type": "LineString", "coordinates": [[139.33653, 35.64448], [139.33739, 35.64424]]}, "properties": {"id": "GEOM_TOKYO_0118", "route_id": "R_7DC141B7", "route_name": "高尾線", "route_color": "#F18A00", "route_text_color": "#ffffff", "line_name": "高尾線", "operator_id": "keio", "representation": "service_path", "min_zoom": 0, "max_zoom": 24, "offset_rank": 0}}, {"type": "Feature", "bbox": [139.30777, 35.6434, 139.30916, 35.64385], "geometry": {"type": "LineString", "coordinates": [[139.30777, 35.6434], [139.30834, 35.64359], [139.30846, 35.64363], [139.30884, 35.64375], [139.30916, 35.64385]]}, "properties": {"id": "GEOM_TOKYO_0119", "route_id": "R_7DC141B7", "route_name": "高尾線", "route_color": "#F18A00", "route_text_color": "#ffffff", "line_name": "高尾線", "operator_id": "keio", "representation": "service_path", "min_zoom": 0, "max_zoom": 24, "offset_rank": 0}}, {"type": "Feature", "bbox": [139.32115, 35.6442, 139.33653, 35.64561], "geometry": {"type": "LineString", "coordinates": [[139.32115, 35.64433], [139.32162, 35.64428], [139.32264, 35.64422], [139.32322, 35.6442], [139.3236, 35.64422], [139.32396, 35.64428], [139.32442, 35.64436], [139.32579, 35.64469], [139.32683, 35.64494], [139.32776, 35.64514], [139.32874, 35.64537], [139.32949, 35.6455], [139.33015, 35.64557], [139.33064, 35.64561], [139.331, 35.64561], [139.33127, 35.64561], [139.33176, 35.64558], [139.33227, 35.64553], [139.33268, 35.64546], [139.33323, 35.64537], [139.33353, 35.6453], [139.33409, 35.64516], [139.33512, 35.64488], [139.33653, 35.64448]]}, "properties": {"id": "GEOM_TOKYO_0120", "route_id": "R_7DC141B7", "route_name": "高尾線", "route_color": "#F18A00", "route_text_color": "#ffffff", "line_name": "高尾線", "operator_id": "keio", "representation": "service_path", "min_zoom": 0, "max_zoom": 24, "offset_rank": 0}}, {"type": "Feature", "bbox": [139.30916, 35.64385, 139.32036, 35.64482], "geometry": {"type": "LineString", "coordinates": [[139.30916, 35.64385], [139.30947, 35.64395], [139.30987, 35.64408], [139.31015, 35.64418], [139.31141, 35.64455], [139.31206, 35.64468], [139.31281, 35.64478], [139.31349, 35.64482], [139.31391, 35.64482], [139.31482, 35.64476], [139.31516, 35.64473], [139.31661, 35.64462], [139.31692, 35.6446], [139.32036, 35.64438]]}, "properties": {"id": "GEOM_TOKYO_0121", "route_id": "R_7DC141B7", "route_name": "高尾線", "route_color": "#F18A00", "route_text_color": "#ffffff", "line_name": "高尾線", "operator_id": "keio", "representation": "service_path", "min_zoom": 0, "max_zoom": 24, "offset_rank": 0}}, {"type": "Feature", "bbox": [139.32036, 35.64433, 139.32115, 35.64438], "geometry": {"type": "LineString", "coordinates": [[139.32036, 35.64438], [139.32115, 35.64433]]}, "properties": {"id": "GEOM_TOKYO_0122", "route_id": "R_7DC141B7", "route_name": "高尾線", "route_color": "#F18A00", "route_text_color": "#ffffff", "line_name": "高尾線", "operator_id": "keio", "representation": "service_path", "min_zoom": 0, "max_zoom": 24, "offset_rank": 0}}, {"type": "Feature", "bbox": [139.28094, 35.64149, 139.28248, 35.64182], "geometry": {"type": "LineString", "coordinates": [[139.28094, 35.64149], [139.28248, 35.64182]]}, "properties": {"id": "GEOM_TOKYO_0123", "route_id": "R_7DC141B7", "route_name": "高尾線", "route_color": "#F18A00", "route_text_color": "#ffffff", "line_name": "高尾線", "operator_id": "keio", "representation": "service_path", "min_zoom": 0, "max_zoom": 24, "offset_rank": 0}}, {"type": "Feature", "bbox": [139.27013, 35.63284, 139.28094, 35.64149], "geometry": {"type": "LineString", "coordinates": [[139.27013, 35.63284], [139.27016, 35.63289], [139.27041, 35.63329], [139.2706, 35.63365], [139.27088, 35.63421], [139.27097, 35.63444], [139.27143, 35.63542], [139.27172, 35.63597], [139.27189, 35.63645], [139.27191, 35.63661], [139.27192, 35.6368], [139.2719, 35.63714], [139.27188, 35.63756], [139.27188, 35.63779], [139.27189, 35.63806], [139.27194, 35.63827], [139.272, 35.63849], [139.27209, 35.63869], [139.27216, 35.63882], [139.2723, 35.63898], [139.27247, 35.63914], [139.27262, 35.63925], [139.27293, 35.63946], [139.27344, 35.63976], [139.27399, 35.64004], [139.27432, 35.64021], [139.27457, 35.64032], [139.27481, 35.6404], [139.27508, 35.64045], [139.27556, 35.64053], [139.27671, 35.64069], [139.27728, 35.64078], [139.27783, 35.64088], [139.27876, 35.64103], [139.27944, 35.64115], [139.28009, 35.64129], [139.28089, 35.64148], [139.28094, 35.64149]]}, "properties": {"id": "GEOM_TOKYO_0124", "route_id": "R_7DC141B7", "route_name": "高尾線", "route_color": "#F18A00", "route_text_color": "#ffffff", "line_name": "高尾線", "operator_id": "keio", "representation": "service_path", "min_zoom": 0, "max_zoom": 24, "offset_rank": 0}}, {"type": "Feature", "bbox": [139.51593, 35.63292, 139.51865, 35.63303], "geometry": {"type": "LineString", "coordinates": [[139.51865, 35.63303], [139.51749, 35.63297], [139.51674, 35.63294], [139.51593, 35.63292]]}, "properties": {"id": "GEOM_TOKYO_0125", "route_id": "R_EEFEDD1F", "route_name": "相模原線", "route_color": "#F18A00", "route_text_color": "#ffffff", "line_name": "相模原線", "operator_id": "keio", "representation": "service_path", "min_zoom": 0, "max_zoom": 24, "offset_rank": 0}}, {"type": "Feature", "bbox": [139.53297, 35.63473, 139.53572, 35.64339], "geometry": {"type": "LineString", "coordinates": [[139.53297, 35.63473], [139.53334, 35.63506], [139.53366, 35.63539], [139.53394, 35.6358], [139.53413, 35.63613], [139.53426, 35.63641], [139.53442, 35.63685], [139.53448, 35.63709], [139.53456, 35.63742], [139.5347, 35.63819], [139.53476, 35.6387], [139.53481, 35.63917], [139.53489, 35.63982], [139.53492, 35.64005], [139.53501, 35.64067], [139.5351, 35.64125], [139.53521, 35.64191], [139.53532, 35.64233], [139.53543, 35.64272], [139.53556, 35.64306], [139.53572, 35.64339]]}, "properties": {"id": "GEOM_TOKYO_0126", "route_id": "R_EEFEDD1F", "route_name": "相模原線", "route_color": "#F18A00", "route_text_color": "#ffffff", "line_name": "相模原線", "operator_id": "keio", "representation": "service_path", "min_zoom": 0, "max_zoom": 24, "offset_rank": 0}}, {"type": "Feature", "bbox": [139.54289, 35.65211, 139.54356, 35.65231], "geometry": {"type": "LineString", "coordinates": [[139.54289, 35.65231], [139.54356, 35.65211]]}, "properties": {"id": "GEOM_TOKYO_0127", "route_id": "R_EEFEDD1F", "route_name": "相模原線", "route_color": "#F18A00", "route_text_color": "#ffffff", "line_name": "相模原線", "operator_id": "keio", "representation": "service_path", "min_zoom": 0, "max_zoom": 24, "offset_rank": 0}}, {"type": "Feature", "bbox": [139.53697, 35.64481, 139.54289, 35.65231], "geometry": {"type": "LineString", "coordinates": [[139.53697, 35.64481], [139.53705, 35.64488], [139.53732, 35.64519], [139.53747, 35.64538], [139.53759, 35.64555], [139.53769, 35.64573], [139.53826, 35.64688], [139.53878, 35.64791], [139.53956, 35.64946], [139.5397, 35.64974], [139.53982, 35.64998], [139.53997, 35.65028], [139.54029, 35.65092], [139.54048, 35.65125], [139.54067, 35.65156], [139.54085, 35.65175], [139.54098, 35.65186], [139.54123, 35.65204], [139.54146, 35.65215], [139.54163, 35.65222], [139.5419, 35.65227], [139.54206, 35.65229], [139.54253, 35.6523], [139.54289, 35.65231]]}, "properties": {"id": "GEOM_TOKYO_0128", "route_id": "R_EEFEDD1F", "route_name": "相模原線", "route_color": "#F18A00", "route_text_color": "#ffffff", "line_name": "相模原線", "operator_id": "keio", "representation": "service_path", "min_zoom": 0, "max_zoom": 24, "offset_rank": 0}}, {"type": "Feature", "bbox": [139.47342, 35.61909, 139.49905, 35.63592], "geometry": {"type": "LineString", "coordinates": [[139.47342, 35.61928], [139.47523, 35.61916], [139.47604, 35.61912], [139.47661, 35.61909], [139.47714, 35.61911], [139.47733, 35.61911], [139.47781, 35.61916], [139.47799, 35.61918], [139.47831, 35.61923], [139.47862, 35.61929], [139.47899, 35.61937], [139.47949, 35.61949], [139.48027, 35.61972], [139.48058, 35.61983], [139.48101, 35.62], [139.48116, 35.62007], [139.4816, 35.62026], [139.48192, 35.62042], [139.48214, 35.62055], [139.48259, 35.62086], [139.48326, 35.62135], [139.48379, 35.6218], [139.48437, 35.62237], [139.48464, 35.62261], [139.48483, 35.62282], [139.48641, 35.62456], [139.48676, 35.62492], [139.48708, 35.62526], [139.48724, 35.62544], [139.4886, 35.62688], [139.48874, 35.62702], [139.49039, 35.62875], [139.49118, 35.62955], [139.49133, 35.62973], [139.49167, 35.63009], [139.49212, 35.63057], [139.49239, 35.63085], [139.49342, 35.63196], [139.4946, 35.63317], [139.49468, 35.63325], [139.49495, 35.6335], [139.49525, 35.63376], [139.49571, 35.63408], [139.49621, 35.63439], [139.49679, 35.63476], [139.49693, 35.63485], [139.49715, 35.63499], [139.49745, 35.63519], [139.49767, 35.63531], [139.49797, 35.63548], [139.49847, 35.63572], [139.49865, 35.63579], [139.49893, 35.63589], [139.49905, 35.63592]]}, "properties": {"id": "GEOM_TOKYO_0129", "route_id": "R_EEFEDD1F", "route_name": "相模原線", "route_color": "#F18A00", "route_text_color": "#ffffff", "line_name": "相模原線", "operator_id": "keio", "representation": "service_path", "min_zoom": 0, "max_zoom": 24, "offset_rank": 0}}, {"type": "Feature", "bbox": [139.39934, 35.62398, 139.40131, 35.62497], "geometry": {"type": "LineString", "coordinates": [[139.40131, 35.62497], [139.39934, 35.62398]]}, "properties": {"id": "GEOM_TOKYO_0130", "route_id": "R_EEFEDD1F", "route_name": "相模原線", "route_color": "#F18A00", "route_text_color": "#ffffff", "line_name": "相模原線", "operator_id": "keio", "representation": "service_path", "min_zoom": 0, "max_zoom": 24, "offset_rank": 0}}, {"type": "Feature", "bbox": [139.37874, 35.61361, 139.38091, 35.61458], "geometry": {"type": "LineString", "coordinates": [[139.38091, 35.61458], [139.37996, 35.61414], [139.37959, 35.61396], [139.37874, 35.61361]]}, "properties": {"id": "GEOM_TOKYO_0131", "route_id": "R_EEFEDD1F", "route_name": "相模原線", "route_color": "#F18A00", "route_text_color": "#ffffff", "line_name": "相模原線", "operator_id": "keio", "representation": "service_path", "min_zoom": 0, "max_zoom": 24, "offset_rank": 0}}, {"type": "Feature", "bbox": [139.42317, 35.62487, 139.42516, 35.62558], "geometry": {"type": "LineString", "coordinates": [[139.42516, 35.62558], [139.42317, 35.62487]]}, "properties": {"id": "GEOM_TOKYO_0132", "route_id": "R_EEFEDD1F", "route_name": "相模原線", "route_color": "#F18A00", "route_text_color": "#ffffff", "line_name": "相模原線", "operator_id": "keio", "representation": "service_path", "min_zoom": 0, "max_zoom": 24, "offset_rank": 0}}, {"type": "Feature", "bbox": [139.38091, 35.61458, 139.39934, 35.62398], "geometry": {"type": "LineString", "coordinates": [[139.39934, 35.62398], [139.39925, 35.62393], [139.39739, 35.62298], [139.39725, 35.62291], [139.39652, 35.62253], [139.39548, 35.62201], [139.39515, 35.62183], [139.3936, 35.62103], [139.39321, 35.62085], [139.39279, 35.62063], [139.39243, 35.62044], [139.39162, 35.62002], [139.39098, 35.61969], [139.38962, 35.619], [139.38952, 35.61894], [139.38825, 35.61828], [139.38814, 35.61823], [139.38722, 35.61777], [139.38631, 35.6173], [139.38576, 35.61703], [139.38477, 35.61653], [139.38336, 35.6158], [139.38134, 35.6148], [139.38091, 35.61458]]}, "properties": {"id": "GEOM_TOKYO_0133", "route_id": "R_EEFEDD1F", "route_name": "相模原線", "route_color": "#F18A00", "route_text_color": "#ffffff", "line_name": "相模原線", "operator_id": "keio", "representation": "service_path", "min_zoom": 0, "max_zoom": 24, "offset_rank": 0}}, {"type": "Feature", "bbox": [139.40131, 35.62331, 139.42317, 35.62629], "geometry": {"type": "LineString", "coordinates": [[139.42317, 35.62487], [139.42291, 35.62477], [139.42137, 35.62421], [139.42082, 35.62401], [139.42057, 35.62392], [139.42013, 35.62379], [139.4196, 35.62364], [139.41921, 35.62355], [139.41842, 35.62342], [139.41826, 35.62339], [139.41785, 35.62333], [139.41743, 35.62331], [139.41717, 35.62331], [139.41663, 35.62334], [139.41651, 35.62335], [139.41603, 35.62338], [139.41563, 35.62342], [139.41528, 35.62347], [139.41513, 35.62351], [139.41478, 35.62357], [139.41435, 35.62369], [139.41361, 35.62393], [139.41306, 35.62413], [139.41268, 35.62427], [139.41201, 35.62455], [139.4118, 35.62464], [139.41103, 35.62501], [139.4102, 35.62543], [139.40949, 35.62572], [139.40884, 35.62594], [139.40838, 35.62605], [139.40794, 35.62613], [139.40786, 35.62615], [139.40747, 35.6262], [139.40743, 35.62621], [139.4071, 35.62626], [139.40645, 35.62628], [139.40587, 35.62629], [139.40542, 35.62628], [139.405, 35.62625], [139.40496, 35.62625], [139.40478, 35.62623], [139.40439, 35.62618], [139.40387, 35.62605], [139.40339, 35.62591], [139.40298, 35.62575], [139.40258, 35.62559], [139.40245, 35.62553], [139.40217, 35.6254], [139.40143, 35.62503], [139.40131, 35.62497]]}, "properties": {"id": "GEOM_TOKYO_0134", "route_id": "R_EEFEDD1F", "route_name": "相模原線", "route_color": "#F18A00", "route_text_color": "#ffffff", "line_name": "相模原線", "operator_id": "keio", "representation": "service_path", "min_zoom": 0, "max_zoom": 24, "offset_rank": 0}}, {"type": "Feature", "bbox": [139.3665, 35.60114, 139.36735, 35.60234], "geometry": {"type": "LineString", "coordinates": [[139.36735, 35.60234], [139.36709, 35.60196], [139.36694, 35.60175], [139.3665, 35.60114]]}, "properties": {"id": "GEOM_TOKYO_0135", "route_id": "R_EEFEDD1F", "route_name": "相模原線", "route_color": "#F18A00", "route_text_color": "#ffffff", "line_name": "相模原線", "operator_id": "keio", "representation": "service_path", "min_zoom": 0, "max_zoom": 24, "offset_rank": 0}}, {"type": "Feature", "bbox": [139.50127, 35.63292, 139.51593, 35.63628], "geometry": {"type": "LineString", "coordinates": [[139.51593, 35.63292], [139.51581, 35.63292], [139.51448, 35.63292], [139.51349, 35.63294], [139.51243, 35.63296], [139.51188, 35.63301], [139.51099, 35.63312], [139.5105, 35.6332], [139.50998, 35.63332], [139.5094, 35.63348], [139.50888, 35.63364], [139.50791, 35.63404], [139.50731, 35.63433], [139.50599, 35.63498], [139.50564, 35.63516], [139.50545, 35.63524], [139.50485, 35.63553], [139.50433, 35.63575], [139.50394, 35.63588], [139.5036, 35.636], [139.50272, 35.6362], [139.50228, 35.63626], [139.50191, 35.63628], [139.50127, 35.63627]]}, "properties": {"id": "GEOM_TOKYO_0136", "route_id": "R_EEFEDD1F", "route_name": "相模原線", "route_color": "#F18A00", "route_text_color": "#ffffff", "line_name": "相模原線", "operator_id": "keio", "representation": "service_path", "min_zoom": 0, "max_zoom": 24, "offset_rank": 0}}, {"type": "Feature", "bbox": [139.47126, 35.61928, 139.47342, 35.61945], "geometry": {"type": "LineString", "coordinates": [[139.47342, 35.61928], [139.47126, 35.61945]]}, "properties": {"id": "GEOM_TOKYO_0137", "route_id": "R_EEFEDD1F", "route_name": "相模原線", "route_color": "#F18A00", "route_text_color": "#ffffff", "line_name": "相模原線", "operator_id": "keio", "representation": "service_path", "min_zoom": 0, "max_zoom": 24, "offset_rank": 0}}, {"type": "Feature", "bbox": [139.44707, 35.62993, 139.44935, 35.63055], "geometry": {"type": "LineString", "coordinates": [[139.44935, 35.62993], [139.44893, 35.63005], [139.44731, 35.63048], [139.44707, 35.63055]]}, "properties": {"id": "GEOM_TOKYO_0138", "route_id": "R_EEFEDD1F", "route_name": "相模原線", "route_color": "#F18A00", "route_text_color": "#ffffff", "line_name": "相模原線", "operator_id": "keio", "representation": "service_path", "min_zoom": 0, "max_zoom": 24, "offset_rank": 0}}, {"type": "Feature", "bbox": [139.49905, 35.63592, 139.50127, 35.63627], "geometry": {"type": "LineString", "coordinates": [[139.49905, 35.63592], [139.4994, 35.636], [139.49985, 35.6361], [139.5005, 35.63622], [139.50066, 35.63623], [139.50091, 35.63627], [139.50127, 35.63627]]}, "properties": {"id": "GEOM_TOKYO_0139", "route_id": "R_EEFEDD1F", "route_name": "相模原線", "route_color": "#F18A00", "route_text_color": "#ffffff", "line_name": "相模原線", "operator_id": "keio", "representation": "service_path", "min_zoom": 0, "max_zoom": 24, "offset_rank": 0}}, {"type": "Feature", "bbox": [139.36735, 35.60234, 139.37874, 35.61361], "geometry": {"type": "LineString", "coordinates": [[139.37874, 35.61361], [139.37691, 35.61277], [139.3763, 35.61248], [139.37601, 35.61231], [139.3757, 35.61213], [139.3752, 35.6118], [139.37467, 35.61141], [139.37432, 35.61113], [139.374, 35.61084], [139.3734, 35.61024], [139.37323, 35.61005], [139.37234, 35.60905], [139.3718, 35.60828], [139.37144, 35.60779], [139.3703, 35.60625], [139.36927, 35.60486], [139.36812, 35.60332], [139.3676, 35.60266], [139.36735, 35.60234]]}, "properties": {"id": "GEOM_TOKYO_0140", "route_id": "R_EEFEDD1F", "route_name": "相模原線", "route_color": "#F18A00", "route_text_color": "#ffffff", "line_name": "相模原線", "operator_id": "keio", "representation": "service_path", "min_zoom": 0, "max_zoom": 24, "offset_rank": 0}}, {"type": "Feature", "bbox": [139.54356, 35.65143, 139.54591, 35.65211], "geometry": {"type": "LineString", "coordinates": [[139.54356, 35.65211], [139.54591, 35.65143]]}, "properties": {"id": "GEOM_TOKYO_0141", "route_id": "R_EEFEDD1F", "route_name": "相模原線", "route_color": "#F18A00", "route_text_color": "#ffffff", "line_name": "相模原線", "operator_id": "keio", "representation": "service_path", "min_zoom": 0, "max_zoom": 24, "offset_rank": 0}}, {"type": "Feature", "bbox": [139.51865, 35.63303, 139.53088, 35.63376], "geometry": {"type": "LineString", "coordinates": [[139.51865, 35.63303], [139.51883, 35.63304], [139.51929, 35.63308], [139.51972, 35.63311], [139.51986, 35.63312], [139.52073, 35.63318], [139.52167, 35.63326], [139.52217, 35.63329], [139.52284, 35.63335], [139.52346, 35.63338], [139.52361, 35.63338], [139.52457, 35.63341], [139.5264, 35.63347], [139.52758, 35.6335], [139.52817, 35.63352], [139.52904, 35.63354], [139.52953, 35.63355], [139.52992, 35.63359], [139.53032, 35.63363], [139.5306, 35.63369], [139.53088, 35.63376]]}, "properties": {"id": "GEOM_TOKYO_0142", "route_id": "R_EEFEDD1F", "route_name": "相模原線", "route_color": "#F18A00", "route_text_color": "#ffffff", "line_name": "相模原線", "operator_id": "keio", "representation": "service_path", "min_zoom": 0, "max_zoom": 24, "offset_rank": 0}}, {"type": "Feature", "bbox": [139.53088, 35.63376, 139.53297, 35.63473], "geometry": {"type": "LineString", "coordinates": [[139.53088, 35.63376], [139.53106, 35.63381], [139.53139, 35.6339], [139.53157, 35.63397], [139.53173, 35.63402], [139.53187, 35.63408], [139.53206, 35.63416], [139.53237, 35.63431], [139.53258, 35.63444], [139.53289, 35.63467], [139.53297, 35.63473]]}, "properties": {"id": "GEOM_TOKYO_0143", "route_id": "R_EEFEDD1F", "route_name": "相模原線", "route_color": "#F18A00", "route_text_color": "#ffffff", "line_name": "相模原線", "operator_id": "keio", "representation": "service_path", "min_zoom": 0, "max_zoom": 24, "offset_rank": 0}}, {"type": "Feature", "bbox": [139.44935, 35.61945, 139.47126, 35.62993], "geometry": {"type": "LineString", "coordinates": [[139.47126, 35.61945], [139.47109, 35.61946], [139.47088, 35.61948], [139.47061, 35.6195], [139.47006, 35.61954], [139.46903, 35.61962], [139.46827, 35.61968], [139.46769, 35.61972], [139.467, 35.61984], [139.46598, 35.62007], [139.46528, 35.62029], [139.46482, 35.62044], [139.46446, 35.62059], [139.46395, 35.6208], [139.46336, 35.62113], [139.46279, 35.62146], [139.46232, 35.62177], [139.46182, 35.62214], [139.46113, 35.62274], [139.46109, 35.62278], [139.46015, 35.62349], [139.45919, 35.62426], [139.45861, 35.62474], [139.45814, 35.62512], [139.45774, 35.62548], [139.45738, 35.62577], [139.45677, 35.6263], [139.45628, 35.62666], [139.45525, 35.62746], [139.45485, 35.62774], [139.4547, 35.62784], [139.45376, 35.62838], [139.45246, 35.62884], [139.45146, 35.62919], [139.45025, 35.62961], [139.44966, 35.62985], [139.44935, 35.62993]]}, "properties": {"id": "GEOM_TOKYO_0144", "route_id": "R_EEFEDD1F", "route_name": "相模原線", "route_color": "#F18A00", "route_text_color": "#ffffff", "line_name": "相模原線", "operator_id": "keio", "representation": "service_path", "min_zoom": 0, "max_zoom": 24, "offset_rank": 0}}, {"type": "Feature", "bbox": [139.53572, 35.64339, 139.53697, 35.64481], "geometry": {"type": "LineString", "coordinates": [[139.53572, 35.64339], [139.53582, 35.64355], [139.53596, 35.64375], [139.53616, 35.64397], [139.53635, 35.64418], [139.53697, 35.64481]]}, "properties": {"id": "GEOM_TOKYO_0145", "route_id": "R_EEFEDD1F", "route_name": "相模原線", "route_color": "#F18A00", "route_text_color": "#ffffff", "line_name": "相模原線", "operator_id": "keio", "representation": "service_path", "min_zoom": 0, "max_zoom": 24, "offset_rank": 0}}, {"type": "Feature", "bbox": [139.42516, 35.62558, 139.44707, 35.63098], "geometry": {"type": "LineString", "coordinates": [[139.44707, 35.63055], [139.44598, 35.63078], [139.44518, 35.63091], [139.44464, 35.63097], [139.44403, 35.63098], [139.44287, 35.6309], [139.44192, 35.63078], [139.44097, 35.63061], [139.44025, 35.63045], [139.43994, 35.63036], [139.43906, 35.63009], [139.43797, 35.62972], [139.43731, 35.62953], [139.43604, 35.62915], [139.43404, 35.62853], [139.4327, 35.62811], [139.43167, 35.62783], [139.43098, 35.62761], [139.42969, 35.62722], [139.42913, 35.62703], [139.42863, 35.62685], [139.42783, 35.62657], [139.4269, 35.6262], [139.42652, 35.62607], [139.42529, 35.62562], [139.42516, 35.62558]]}, "properties": {"id": "GEOM_TOKYO_0146", "route_id": "R_EEFEDD1F", "route_name": "相模原線", "route_color": "#F18A00", "route_text_color": "#ffffff", "line_name": "相模原線", "operator_id": "keio", "representation": "service_path", "min_zoom": 0, "max_zoom": 24, "offset_rank": 0}}, {"type": "Feature", "bbox": [139.34438, 35.59331, 139.3665, 35.60114], "geometry": {"type": "LineString", "coordinates": [[139.3665, 35.60114], [139.36645, 35.60107], [139.36601, 35.60048], [139.36548, 35.59978], [139.36529, 35.59957], [139.36491, 35.59918], [139.36439, 35.59869], [139.36398, 35.59836], [139.36367, 35.59812], [139.36304, 35.5977], [139.36241, 35.59737], [139.36178, 35.59709], [139.36074, 35.59668], [139.3601, 35.59644], [139.3588, 35.59605], [139.35608, 35.59529], [139.35469, 35.59491], [139.35339, 35.59454], [139.352, 35.59416], [139.34985, 35.59358], [139.3494, 35.59345], [139.34901, 35.59338], [139.34851, 35.59332], [139.34826, 35.59331], [139.34786, 35.59331], [139.34754, 35.59334], [139.34721, 35.5934], [139.34685, 35.59347], [139.34653, 35.59357], [139.34623, 35.59369], [139.34567, 35.59396], [139.34544, 35.59409], [139.34485, 35.59442], [139.34438, 35.5947]]}, "properties": {"id": "GEOM_TOKYO_0147", "route_id": "R_EEFEDD1F", "route_name": "相模原線", "route_color": "#F18A00", "route_text_color": "#ffffff", "line_name": "相模原線", "operator_id": "keio", "representation": "service_path", "min_zoom": 0, "max_zoom": 24, "offset_rank": 0}}, {"type": "Feature", "bbox": [139.3427, 35.5947, 139.34438, 35.59572], "geometry": {"type": "LineString", "coordinates": [[139.34438, 35.5947], [139.3427, 35.59572]]}, "properties": {"id": "GEOM_TOKYO_0148", "route_id": "R_EEFEDD1F", "route_name": "相模原線", "route_color": "#F18A00", "route_text_color": "#ffffff", "line_name": "相模原線", "operator_id": "keio", "representation": "service_path", "min_zoom": 0, "max_zoom": 24, "offset_rank": 0}}, {"type": "Feature", "bbox": [139.41397, 35.66142, 139.41503, 35.66188], "geometry": {"type": "LineString", "coordinates": [[139.41503, 35.66142], [139.41464, 35.66159], [139.41397, 35.66188]]}, "properties": {"id": "GEOM_TOKYO_0149", "route_id": "R_2CEF5206", "route_name": "動物園線", "route_color": "#F18A00", "route_text_color": "#ffffff", "line_name": "動物園線", "operator_id": "keio", "representation": "service_path", "min_zoom": 0, "max_zoom": 24, "offset_rank": 0}}, {"type": "Feature", "bbox": [139.40644, 35.65004, 139.41571, 35.66142], "geometry": {"type": "LineString", "coordinates": [[139.40644, 35.65004], [139.40698, 35.65031], [139.4072, 35.6504], [139.40744, 35.65053], [139.40784, 35.65076], [139.40814, 35.65102], [139.40834, 35.6512], [139.40852, 35.65143], [139.40878, 35.65201], [139.40902, 35.65261], [139.40917, 35.65292], [139.40934, 35.65318], [139.4095, 35.65341], [139.40971, 35.65361], [139.41024, 35.65404], [139.4105, 35.65422], [139.41067, 35.65439], [139.41103, 35.65495], [139.41147, 35.65565], [139.41167, 35.65593], [139.41232, 35.65654], [139.41266, 35.65683], [139.41302, 35.65708], [139.41317, 35.65717], [139.41331, 35.65723], [139.41369, 35.65733], [139.4145, 35.65761], [139.41474, 35.65771], [139.41511, 35.65791], [139.4153, 35.65805], [139.41537, 35.65816], [139.41547, 35.6584], [139.41561, 35.65895], [139.41564, 35.65916], [139.41568, 35.65938], [139.41569, 35.65956], [139.4157, 35.65977], [139.41571, 35.66001], [139.41568, 35.66037], [139.41561, 35.66063], [139.41547, 35.66097], [139.41503, 35.66142]]}, "properties": {"id": "GEOM_TOKYO_0150", "route_id": "R_2CEF5206", "route_name": "動物園線", "route_color": "#F18A00", "route_text_color": "#ffffff", "line_name": "動物園線", "operator_id": "keio", "representation": "service_path", "min_zoom": 0, "max_zoom": 24, "offset_rank": 0}}, {"type": "Feature", "bbox": [139.4046, 35.64901, 139.40644, 35.65004], "geometry": {"type": "LineString", "coordinates": [[139.4046, 35.64901], [139.40608, 35.64987], [139.40644, 35.65004]]}, "properties": {"id": "GEOM_TOKYO_0151", "route_id": "R_2CEF5206", "route_name": "動物園線", "route_color": "#F18A00", "route_text_color": "#ffffff", "line_name": "動物園線", "operator_id": "keio", "representation": "service_path", "min_zoom": 0, "max_zoom": 24, "offset_rank": 0}}, {"type": "Feature", "bbox": [139.41223, 35.66188, 139.41397, 35.66267], "geometry": {"type": "LineString", "coordinates": [[139.41397, 35.66188], [139.41223, 35.66267]]}, "properties": {"id": "GEOM_TOKYO_0152", "route_id": "R_2CEF5206", "route_name": "動物園線", "route_color": "#F18A00", "route_text_color": "#ffffff", "line_name": "動物園線", "operator_id": "keio", "representation": "service_path", "min_zoom": 0, "max_zoom": 24, "offset_rank": 0}}, {"type": "Feature", "bbox": [139.4358, 35.52066, 139.43876, 35.52606], "geometry": {"type": "LineString", "coordinates": [[139.43876, 35.52066], [139.43774, 35.52251], [139.4366, 35.52464], [139.4358, 35.52606]]}, "properties": {"id": "GEOM_TOKYO_0510", "route_id": "R_3C82054B", "route_name": null, "route_color": "#2B78D0", "route_text_color": null, "line_name": "江ノ島線", "operator_id": "odakyu", "representation": "service_path", "min_zoom": 0, "max_zoom": 24, "offset_rank": 0}}, {"type": "Feature", "bbox": [139.45098, 35.47064, 139.46107, 35.48991], "geometry": {"type": "LineString", "coordinates": [[139.46107, 35.47064], [139.46103, 35.47071], [139.46081, 35.4711], [139.46042, 35.47183], [139.45968, 35.47328], [139.4592, 35.4742], [139.45917, 35.47426], [139.45877, 35.47504], [139.4581, 35.47633], [139.45732, 35.4778], [139.45641, 35.47953], [139.45595, 35.48041], [139.45568, 35.48093], [139.45542, 35.48144], [139.45487, 35.48249], [139.45459, 35.48301], [139.45416, 35.48383], [139.45335, 35.48539], [139.4533, 35.48548], [139.45227, 35.48743], [139.45165, 35.48865], [139.45098, 35.48991]]}, "properties": {"id": "GEOM_TOKYO_0511", "route_id": "R_3C82054B", "route_name": null, "route_color": "#2B78D0", "route_text_color": null, "line_name": "江ノ島線", "operator_id": "odakyu", "representation": "service_path", "min_zoom": 0, "max_zoom": 24, "offset_rank": 0}}, {"type": "Feature", "bbox": [139.4647, 35.4128, 139.4657, 35.43159], "geometry": {"type": "LineString", "coordinates": [[139.4647, 35.43159], [139.46474, 35.43067], [139.46484, 35.4292], [139.46487, 35.42875], [139.46494, 35.42785], [139.46496, 35.42759], [139.46504, 35.42623], [139.4651, 35.42542], [139.46516, 35.42465], [139.46518, 35.42446], [139.46525, 35.42344], [139.46531, 35.42261], [139.46542, 35.42123], [139.46549, 35.41993], [139.46551, 35.41958], [139.46567, 35.41729], [139.4657, 35.41676], [139.46569, 35.41638], [139.46559, 35.41481], [139.46538, 35.4128]]}, "properties": {"id": "GEOM_TOKYO_0512", "route_id": "R_3C82054B", "route_name": null, "route_color": "#2B78D0", "route_text_color": null, "line_name": "江ノ島線", "operator_id": "odakyu", "representation": "service_path", "min_zoom": 0, "max_zoom": 24, "offset_rank": 0}}, {"type": "Feature", "bbox": [139.4647, 35.43159, 139.46472, 35.4327], "geometry": {"type": "LineString", "coordinates": [[139.4647, 35.43159], [139.46472, 35.4327]]}, "properties": {"id": "GEOM_TOKYO_0513", "route_id": "R_3C82054B", "route_name": null, "route_color": "#2B78D0", "route_text_color": null, "line_name": "江ノ島線", "operator_id": "odakyu", "representation": "service_path", "min_zoom": 0, "max_zoom": 24, "offset_rank": 0}}, {"type": "Feature", "bbox": [139.46463, 35.39701, 139.46632, 35.4117], "geometry": {"type": "LineString", "coordinates": [[139.46527, 35.4117], [139.46516, 35.41017], [139.46497, 35.40757], [139.46494, 35.40715], [139.46487, 35.40623], [139.46477, 35.40506], [139.46469, 35.40415], [139.46463, 35.40324], [139.46463, 35.403], [139.46466, 35.40246], [139.4647, 35.40216], [139.46474, 35.40188], [139.46476, 35.40176], [139.46481, 35.40154], [139.46505, 35.40083], [139.46597, 35.39811], [139.46618, 35.39744], [139.46632, 35.39701]]}, "properties": {"id": "GEOM_TOKYO_0514", "route_id": "R_3C82054B", "route_name": null, "route_color": "#2B78D0", "route_text_color": null, "line_name": "江ノ島線", "operator_id": "odakyu", "representation": "service_path", "min_zoom": 0, "max_zoom": 24, "offset_rank": 0}}, {"type": "Feature", "bbox": [139.44832, 35.49123, 139.4503, 35.49499], "geometry": {"type": "LineString", "coordinates": [[139.4503, 35.49123], [139.45007, 35.49167], [139.44926, 35.49319], [139.44886, 35.49397], [139.44832, 35.49499]]}, "properties": {"id": "GEOM_TOKYO_0515", "route_id": "R_3C82054B", "route_name": null, "route_color": "#2B78D0", "route_text_color": null, "line_name": "江ノ島線", "operator_id": "odakyu", "representation": "service_path", "min_zoom": 0, "max_zoom": 24, "offset_rank": 0}}, {"type": "Feature", "bbox": [139.48284, 35.33816, 139.4864, 35.33858], "geometry": {"type": "LineString", "coordinates": [[139.48284, 35.33816], [139.48327, 35.33825], [139.48385, 35.33838], [139.48426, 35.33845], [139.48455, 35.33849], [139.4849, 35.33852], [139.48575, 35.33855], [139.4864, 35.33858]]}, "properties": {"id": "GEOM_TOKYO_0516", "route_id": "R_3C82054B", "route_name": null, "route_color": "#2B78D0", "route_text_color": null, "line_name": "江ノ島線", "operator_id": "odakyu", "representation": "service_path", "min_zoom": 0, "max_zoom": 24, "offset_rank": 0}}, {"type": "Feature", "bbox": [139.4503, 35.48991, 139.45098, 35.49123], "geometry": {"type": "LineString", "coordinates": [[139.45098, 35.48991], [139.4503, 35.49123]]}, "properties": {"id": "GEOM_TOKYO_0517", "route_id": "R_3C82054B", "route_name": null, "route_color": "#2B78D0", "route_text_color": null, "line_name": "江ノ島線", "operator_id": "odakyu", "representation": "service_path", "min_zoom": 0, "max_zoom": 24, "offset_rank": 0}}, {"type": "Feature", "bbox": [139.46472, 35.4327, 139.4657, 35.45], "geometry": {"type": "LineString", "coordinates": [[139.46472, 35.4327], [139.46479, 35.43387], [139.46488, 35.43535], [139.46494, 35.43626], [139.46496, 35.43659], [139.46498, 35.43693], [139.46506, 35.43838], [139.46507, 35.43845], [139.46515, 35.43996], [139.4652, 35.44099], [139.46523, 35.44151], [139.46531, 35.44289], [139.46544, 35.44482], [139.46548, 35.4457], [139.46558, 35.44783], [139.46561, 35.4484], [139.4657, 35.45]]}, "properties": {"id": "GEOM_TOKYO_0518", "route_id": "R_3C82054B", "route_name": null, "route_color": "#2B78D0", "route_text_color": null, "line_name": "江ノ島線", "operator_id": "odakyu", "representation": "service_path", "min_zoom": 0, "max_zoom": 24, "offset_rank": 0}}, {"type": "Feature", "bbox": [139.43551, 35.52606, 139.43698, 35.53111], "geometry": {"type": "LineString", "coordinates": [[139.4358, 35.52606], [139.43573, 35.52636], [139.43565, 35.52668], [139.43555, 35.52723], [139.43551, 35.52763], [139.43551, 35.52803], [139.43556, 35.52844], [139.43563, 35.52882], [139.43573, 35.52913], [139.43587, 35.52947], [139.436, 35.52975], [139.43621, 35.53008], [139.43638, 35.53034], [139.43698, 35.53111]]}, "properties": {"id": "GEOM_TOKYO_0519", "route_id": "R_3C82054B", "route_name": null, "route_color": "#2B78D0", "route_text_color": null, "line_name": "江ノ島線", "operator_id": "odakyu", "representation": "service_path", "min_zoom": 0, "max_zoom": 24, "offset_rank": 0}}, {"type": "Feature", "bbox": [139.44408, 35.50738, 139.44412, 35.50863], "geometry": {"type": "LineString", "coordinates": [[139.44412, 35.50738], [139.44408, 35.50863]]}, "properties": {"id": "GEOM_TOKYO_0520", "route_id": "R_3C82054B", "route_name": null, "route_color": "#2B78D0", "route_text_color": null, "line_name": "江ノ島線", "operator_id": "odakyu", "representation": "service_path", "min_zoom": 0, "max_zoom": 24, "offset_rank": 0}}, {"type": "Feature", "bbox": [139.48235, 35.30887, 139.4835, 35.30975], "geometry": {"type": "LineString", "coordinates": [[139.4835, 35.30887], [139.48235, 35.30975]]}, "properties": {"id": "GEOM_TOKYO_0521", "route_id": "R_3C82054B", "route_name": null, "route_color": "#2B78D0", "route_text_color": null, "line_name": "江ノ島線", "operator_id": "odakyu", "representation": "service_path", "min_zoom": 0, "max_zoom": 24, "offset_rank": 0}}, {"type": "Feature", "bbox": [139.47324, 35.36225, 139.47329, 35.36293], "geometry": {"type": "LineString", "coordinates": [[139.47324, 35.36293], [139.47329, 35.36225]]}, "properties": {"id": "GEOM_TOKYO_0522", "route_id": "R_3C82054B", "route_name": null, "route_color": "#2B78D0", "route_text_color": null, "line_name": "江ノ島線", "operator_id": "odakyu", "representation": "service_path", "min_zoom": 0, "max_zoom": 24, "offset_rank": 0}}, {"type": "Feature", "bbox": [139.47602, 35.33809, 139.48284, 35.34788], "geometry": {"type": "LineString", "coordinates": [[139.47602, 35.34788], [139.47609, 35.34775], [139.47622, 35.34753], [139.47635, 35.34733], [139.47654, 35.34705], [139.47678, 35.34664], [139.47688, 35.34645], [139.47736, 35.34566], [139.47749, 35.34541], [139.47759, 35.34519], [139.47775, 35.34476], [139.47782, 35.34453], [139.47802, 35.34372], [139.47817, 35.34297], [139.47823, 35.34271], [139.47835, 35.34218], [139.47838, 35.34201], [139.47842, 35.34182], [139.47866, 35.34085], [139.47875, 35.34047], [139.47889, 35.33987], [139.47892, 35.33975], [139.47897, 35.33963], [139.47906, 35.33953], [139.47922, 35.33937], [139.47943, 35.3392], [139.47964, 35.33904], [139.48029, 35.33868], [139.48093, 35.33833], [139.48113, 35.33823], [139.48131, 35.33817], [139.48149, 35.33813], [139.48169, 35.3381], [139.48184, 35.33809], [139.48207, 35.33809], [139.48254, 35.33811], [139.48284, 35.33816]]}, "properties": {"id": "GEOM_TOKYO_0523", "route_id": "R_3C82054B", "route_name": null, "route_color": "#2B78D0", "route_text_color": null, "line_name": "江ノ島線", "operator_id": "odakyu", "representation": "service_path", "min_zoom": 0, "max_zoom": 24, "offset_rank": 0}}, {"type": "Feature", "bbox": [139.47144, 35.30975, 139.48235, 35.3204], "geometry": {"type": "LineString", "coordinates": [[139.48235, 35.30975], [139.48166, 35.31029], [139.48101, 35.3108], [139.48071, 35.31106], [139.4804, 35.31138], [139.48014, 35.31166], [139.47918, 35.31293], [139.47865, 35.31364], [139.47843, 35.31393], [139.47792, 35.31461], [139.47767, 35.31489], [139.47734, 35.31519], [139.47697, 35.31549], [139.47659, 35.31576], [139.47574, 35.31636], [139.47526, 35.31669], [139.47453, 35.31722], [139.47421, 35.31744], [139.47379, 35.31775], [139.47334, 35.31816], [139.47295, 35.31854], [139.4725, 35.31902], [139.47215, 35.31943], [139.47185, 35.31981], [139.47144, 35.3204]]}, "properties": {"id": "GEOM_TOKYO_0524", "route_id": "R_3C82054B", "route_name": null, "route_color": "#2B78D0", "route_text_color": null, "line_name": "江ノ島線", "operator_id": "odakyu", "representation": "service_path", "min_zoom": 0, "max_zoom": 24, "offset_rank": 0}}, {"type": "Feature", "bbox": [139.47566, 35.34788, 139.47602, 35.34854], "geometry": {"type": "LineString", "coordinates": [[139.47566, 35.34854], [139.47602, 35.34788]]}, "properties": {"id": "GEOM_TOKYO_0525", "route_id": "R_3C82054B", "route_name": null, "route_color": "#2B78D0", "route_text_color": null, "line_name": "江ノ島線", "operator_id": "odakyu", "representation": "service_path", "min_zoom": 0, "max_zoom": 24, "offset_rank": 0}}, {"type": "Feature", "bbox": [139.46193, 35.45106, 139.46624, 35.46895], "geometry": {"type": "LineString", "coordinates": [[139.46578, 35.45106], [139.46585, 35.45217], [139.46586, 35.45231], [139.46595, 35.45393], [139.46604, 35.45569], [139.46605, 35.45583], [139.46611, 35.45702], [139.46622, 35.45899], [139.46624, 35.45938], [139.46621, 35.45978], [139.4662, 35.46001], [139.4662, 35.46004], [139.46616, 35.46023], [139.46614, 35.46034], [139.46607, 35.46064], [139.46596, 35.46094], [139.46584, 35.46123], [139.46576, 35.46147], [139.46562, 35.46174], [139.46522, 35.46253], [139.46441, 35.46414], [139.46374, 35.46546], [139.46281, 35.46725], [139.46221, 35.4684], [139.46193, 35.46895]]}, "properties": {"id": "GEOM_TOKYO_0526", "route_id": "R_3C82054B", "route_name": null, "route_color": "#2B78D0", "route_text_color": null, "line_name": "江ノ島線", "operator_id": "odakyu", "representation": "service_path", "min_zoom": 0, "max_zoom": 24, "offset_rank": 0}}, {"type": "Feature", "bbox": [139.47061, 35.3834, 139.47083, 35.38412], "geometry": {"type": "LineString", "coordinates": [[139.47061, 35.38412], [139.47083, 35.3834]]}, "properties": {"id": "GEOM_TOKYO_0527", "route_id": "R_3C82054B", "route_name": null, "route_color": "#2B78D0", "route_text_color": null, "line_name": "江ノ島線", "operator_id": "odakyu", "representation": "service_path", "min_zoom": 0, "max_zoom": 24, "offset_rank": 0}}, {"type": "Feature", "bbox": [139.46662, 35.38412, 139.47061, 35.39608], "geometry": {"type": "LineString", "coordinates": [[139.46662, 35.39608], [139.46685, 35.39541], [139.46747, 35.39351], [139.46768, 35.39288], [139.46775, 35.3927], [139.46807, 35.39173], [139.46861, 35.39016], [139.46916, 35.38836], [139.46979, 35.38658], [139.46984, 35.38643], [139.4699, 35.38627], [139.47016, 35.38546], [139.47061, 35.38412]]}, "properties": {"id": "GEOM_TOKYO_0528", "route_id": "R_3C82054B", "route_name": null, "route_color": "#2B78D0", "route_text_color": null, "line_name": "江ノ島線", "operator_id": "odakyu", "representation": "service_path", "min_zoom": 0, "max_zoom": 24, "offset_rank": 0}}, {"type": "Feature", "bbox": [139.46107, 35.46895, 139.46193, 35.47064], "geometry": {"type": "LineString", "coordinates": [[139.46193, 35.46895], [139.46153, 35.46972], [139.46135, 35.47007], [139.46107, 35.47064]]}, "properties": {"id": "GEOM_TOKYO_0529", "route_id": "R_3C82054B", "route_name": null, "route_color": "#2B78D0", "route_text_color": null, "line_name": "江ノ島線", "operator_id": "odakyu", "representation": "service_path", "min_zoom": 0, "max_zoom": 24, "offset_rank": 0}}, {"type": "Feature", "bbox": [139.46989, 35.3211, 139.47497, 35.33073], "geometry": {"type": "LineString", "coordinates": [[139.471, 35.3211], [139.47089, 35.32129], [139.47057, 35.32176], [139.47019, 35.32244], [139.47005, 35.32279], [139.46999, 35.32302], [139.46996, 35.32318], [139.46992, 35.32344], [139.46989, 35.32372], [139.46989, 35.32421], [139.46997, 35.32469], [139.47013, 35.32516], [139.47038, 35.32571], [139.47065, 35.32615], [139.47091, 35.32653], [139.47132, 35.327], [139.47147, 35.32716], [139.47213, 35.32783], [139.47314, 35.32886], [139.47497, 35.33073]]}, "properties": {"id": "GEOM_TOKYO_0530", "route_id": "R_3C82054B", "route_name": null, "route_color": "#2B78D0", "route_text_color": null, "line_name": "江ノ島線", "operator_id": "odakyu", "representation": "service_path", "min_zoom": 0, "max_zoom": 24, "offset_rank": 0}}, {"type": "Feature", "bbox": [139.43876, 35.51938, 139.43948, 35.52066], "geometry": {"type": "LineString", "coordinates": [[139.43948, 35.51938], [139.43902, 35.5202], [139.43884, 35.52053], [139.43876, 35.52066]]}, "properties": {"id": "GEOM_TOKYO_0531", "route_id": "R_3C82054B", "route_name": null, "route_color": "#2B78D0", "route_text_color": null, "line_name": "江ノ島線", "operator_id": "odakyu", "representation": "service_path", "min_zoom": 0, "max_zoom": 24, "offset_rank": 0}}, {"type": "Feature", "bbox": [139.43948, 35.50863, 139.44408, 35.51938], "geometry": {"type": "LineString", "coordinates": [[139.44408, 35.50863], [139.44401, 35.50981], [139.44394, 35.5105], [139.44389, 35.51084], [139.44381, 35.51113], [139.4437, 35.51145], [139.44355, 35.51183], [139.44314, 35.51259], [139.44268, 35.51345], [139.44155, 35.51552], [139.44062, 35.51721], [139.43948, 35.51938]]}, "properties": {"id": "GEOM_TOKYO_0532", "route_id": "R_3C82054B", "route_name": null, "route_color": "#2B78D0", "route_text_color": null, "line_name": "江ノ島線", "operator_id": "odakyu", "representation": "service_path", "min_zoom": 0, "max_zoom": 24, "offset_rank": 0}}, {"type": "Feature", "bbox": [139.4657, 35.45, 139.46578, 35.45106], "geometry": {"type": "LineString", "coordinates": [[139.4657, 35.45], [139.46578, 35.45106]]}, "properties": {"id": "GEOM_TOKYO_0533", "route_id": "R_3C82054B", "route_name": null, "route_color": "#2B78D0", "route_text_color": null, "line_name": "江ノ島線", "operator_id": "odakyu", "representation": "service_path", "min_zoom": 0, "max_zoom": 24, "offset_rank": 0}}, {"type": "Feature", "bbox": [139.47497, 35.33073, 139.47561, 35.33134], "geometry": {"type": "LineString", "coordinates": [[139.47561, 35.33134], [139.47497, 35.33073]]}, "properties": {"id": "GEOM_TOKYO_0534", "route_id": "R_3C82054B", "route_name": null, "route_color": "#2B78D0", "route_text_color": null, "line_name": "江ノ島線", "operator_id": "odakyu", "representation": "service_path", "min_zoom": 0, "max_zoom": 24, "offset_rank": 0}}, {"type": "Feature", "bbox": [139.44412, 35.49621, 139.44769, 35.50738], "geometry": {"type": "LineString", "coordinates": [[139.44769, 35.49621], [139.44703, 35.49752], [139.4461, 35.4993], [139.44543, 35.50059], [139.44516, 35.50107], [139.44472, 35.50187], [139.44445, 35.50258], [139.44431, 35.50298], [139.44426, 35.50325], [139.44425, 35.5036], [139.44419, 35.50419], [139.44417, 35.50461], [139.44416, 35.5054], [139.44412, 35.50738]]}, "properties": {"id": "GEOM_TOKYO_0535", "route_id": "R_3C82054B", "route_name": null, "route_color": "#2B78D0", "route_text_color": null, "line_name": "江ノ島線", "operator_id": "odakyu", "representation": "service_path", "min_zoom": 0, "max_zoom": 24, "offset_rank": 0}}, {"type": "Feature", "bbox": [139.471, 35.3204, 139.47144, 35.3211], "geometry": {"type": "LineString", "coordinates": [[139.47144, 35.3204], [139.471, 35.3211]]}, "properties": {"id": "GEOM_TOKYO_0536", "route_id": "R_3C82054B", "route_name": null, "route_color": "#2B78D0", "route_text_color": null, "line_name": "江ノ島線", "operator_id": "odakyu", "representation": "service_path", "min_zoom": 0, "max_zoom": 24, "offset_rank": 0}}, {"type": "Feature", "bbox": [139.4864, 35.33858, 139.48784, 35.33861], "geometry": {"type": "LineString", "coordinates": [[139.4864, 35.33858], [139.48784, 35.33861]]}, "properties": {"id": "GEOM_TOKYO_0537", "route_id": "R_3C82054B", "route_name": null, "route_color": "#2B78D0", "route_text_color": null, "line_name": "江ノ島線", "operator_id": "odakyu", "representation": "service_path", "min_zoom": 0, "max_zoom": 24, "offset_rank": 0}}, {"type": "Feature", "bbox": [139.47561, 35.33134, 139.48284, 35.33816], "geometry": {"type": "LineString", "coordinates": [[139.47561, 35.33134], [139.47681, 35.33259], [139.47788, 35.3337], [139.47941, 35.33527], [139.48046, 35.33637], [139.48072, 35.33661], [139.48118, 35.33704], [139.48178, 35.33754], [139.48205, 35.33773], [139.48233, 35.33791], [139.48256, 35.33804], [139.48284, 35.33816]]}, "properties": {"id": "GEOM_TOKYO_0538", "route_id": "R_3C82054B", "route_name": null, "route_color": "#2B78D0", "route_text_color": null, "line_name": "江ノ島線", "operator_id": "odakyu", "representation": "service_path", "min_zoom": 0, "max_zoom": 24, "offset_rank": 0}}, {"type": "Feature", "bbox": [139.46527, 35.4117, 139.46538, 35.4128], "geometry": {"type": "LineString", "coordinates": [[139.46538, 35.4128], [139.46527, 35.4117]]}, "properties": {"id": "GEOM_TOKYO_0539", "route_id": "R_3C82054B", "route_name": null, "route_color": "#2B78D0", "route_text_color": null, "line_name": "江ノ島線", "operator_id": "odakyu", "representation": "service_path", "min_zoom": 0, "max_zoom": 24, "offset_rank": 0}}, {"type": "Feature", "bbox": [139.47329, 35.34854, 139.47566, 35.36225], "geometry": {"type": "LineString", "coordinates": [[139.47329, 35.36225], [139.4734, 35.361], [139.47358, 35.3594], [139.47366, 35.35854], [139.47375, 35.35732], [139.47382, 35.35631], [139.47394, 35.35453], [139.47413, 35.35249], [139.47422, 35.35195], [139.47429, 35.35151], [139.4744, 35.35111], [139.47451, 35.35074], [139.47467, 35.3504], [139.47492, 35.34983], [139.47508, 35.34951], [139.47523, 35.34926], [139.47566, 35.34854]]}, "properties": {"id": "GEOM_TOKYO_0540", "route_id": "R_3C82054B", "route_name": null, "route_color": "#2B78D0", "route_text_color": null, "line_name": "江ノ島線", "operator_id": "odakyu", "representation": "service_path", "min_zoom": 0, "max_zoom": 24, "offset_rank": 0}}, {"type": "Feature", "bbox": [139.43698, 35.53111, 139.43879, 35.53329], "geometry": {"type": "LineString", "coordinates": [[139.43879, 35.53329], [139.43698, 35.53111]]}, "properties": {"id": "GEOM_TOKYO_0541", "route_id": "R_3C82054B", "route_name": null, "route_color": "#2B78D0", "route_text_color": null, "line_name": "江ノ島線", "operator_id": "odakyu", "representation": "service_path", "min_zoom": 0, "max_zoom": 24, "offset_rank": 0}}, {"type": "Feature", "bbox": [139.43474, 35.52606, 139.43698, 35.53111], "geometry": {"type": "LineString", "coordinates": [[139.43698, 35.53111], [139.43614, 35.53057], [139.43576, 35.53034], [139.43546, 35.53014], [139.43526, 35.53], [139.43512, 35.52985], [139.43499, 35.52966], [139.43487, 35.52931], [139.43476, 35.5289], [139.43474, 35.52879], [139.43474, 35.52869], [139.43474, 35.52847], [139.43476, 35.52822], [139.43481, 35.52798], [139.43487, 35.52783], [139.43498, 35.5276], [139.43511, 35.52737], [139.43548, 35.52668], [139.4358, 35.52606]]}, "properties": {"id": "GEOM_TOKYO_0542", "route_id": "R_3C82054B", "route_name": null, "route_color": "#2B78D0", "route_text_color": null, "line_name": "江ノ島線", "operator_id": "odakyu", "representation": "service_path", "min_zoom": 0, "max_zoom": 24, "offset_rank": 0}}, {"type": "Feature", "bbox": [139.44769, 35.49499, 139.44832, 35.49621], "geometry": {"type": "LineString", "coordinates": [[139.44832, 35.49499], [139.44769, 35.49621]]}, "properties": {"id": "GEOM_TOKYO_0543", "route_id": "R_3C82054B", "route_name": null, "route_color": "#2B78D0", "route_text_color": null, "line_name": "江ノ島線", "operator_id": "odakyu", "representation": "service_path", "min_zoom": 0, "max_zoom": 24, "offset_rank": 0}}, {"type": "Feature", "bbox": [139.46632, 35.39608, 139.46662, 35.39701], "geometry": {"type": "LineString", "coordinates": [[139.46632, 35.39701], [139.46662, 35.39608]]}, "properties": {"id": "GEOM_TOKYO_0544", "route_id": "R_3C82054B", "route_name": null, "route_color": "#2B78D0", "route_text_color": null, "line_name": "江ノ島線", "operator_id": "odakyu", "representation": "service_path", "min_zoom": 0, "max_zoom": 24, "offset_rank": 0}}, {"type": "Feature", "bbox": [139.47083, 35.36293, 139.47324, 35.3834], "geometry": {"type": "LineString", "coordinates": [[139.47083, 35.3834], [139.47121, 35.38235], [139.47124, 35.38228], [139.47179, 35.38061], [139.47224, 35.37913], [139.47261, 35.37808], [139.4727, 35.37771], [139.47278, 35.37705], [139.47283, 35.37635], [139.47286, 35.37471], [139.47287, 35.37349], [139.47289, 35.37209], [139.47289, 35.36799], [139.47293, 35.36653], [139.47309, 35.36448], [139.47312, 35.36423], [139.47324, 35.36293]]}, "properties": {"id": "GEOM_TOKYO_0545", "route_id": "R_3C82054B", "route_name": null, "route_color": "#2B78D0", "route_text_color": null, "line_name": "江ノ島線", "operator_id": "odakyu", "representation": "service_path", "min_zoom": 0, "max_zoom": 24, "offset_rank": 0}}, {"type": "Feature", "bbox": [139.51514, 35.60866, 139.51702, 35.60939], "geometry": {"type": "LineString", "coordinates": [[139.51514, 35.60866], [139.51702, 35.60939]]}, "properties": {"id": "GEOM_TOKYO_0570", "route_id": "R_71E9E9F5", "route_name": null, "route_color": "#2B78D0", "route_text_color": null, "line_name": "小田原線", "operator_id": "odakyu", "representation": "service_path", "min_zoom": 0, "max_zoom": 24, "offset_rank": 0}}, {"type": "Feature", "bbox": [139.46393, 35.56428, 139.48078, 35.5829], "geometry": {"type": "LineString", "coordinates": [[139.48078, 35.5829], [139.47983, 35.58266], [139.47901, 35.58243], [139.47865, 35.58229], [139.47831, 35.58215], [139.478, 35.582], [139.47761, 35.5818], [139.47734, 35.58166], [139.47718, 35.58154], [139.47686, 35.58126], [139.4764, 35.58087], [139.47628, 35.58075], [139.4762, 35.58067], [139.4761, 35.58056], [139.47588, 35.58033], [139.47569, 35.58005], [139.4752, 35.57923], [139.47424, 35.57766], [139.47335, 35.5762], [139.47333, 35.57617], [139.47286, 35.57544], [139.47234, 35.57466], [139.47209, 35.5743], [139.47168, 35.57379], [139.471, 35.573], [139.47078, 35.57274], [139.47027, 35.57213], [139.46993, 35.57171], [139.46962, 35.57129], [139.46904, 35.57036], [139.46881, 35.57], [139.4687, 35.56985], [139.46847, 35.56956], [139.46838, 35.56939], [139.46786, 35.56835], [139.46771, 35.56806], [139.46736, 35.56752], [139.46713, 35.5672], [139.46697, 35.56701], [139.46678, 35.56683], [139.46652, 35.56661], [139.46634, 35.56647], [139.46598, 35.56623], [139.46543, 35.56589], [139.4652, 35.56576], [139.46498, 35.56558], [139.46482, 35.56543], [139.46466, 35.56526], [139.46446, 35.56501], [139.46423, 35.5647], [139.46393, 35.56428]]}, "properties": {"id": "GEOM_TOKYO_0573", "route_id": "R_71E9E9F5", "route_name": null, "route_color": "#2B78D0", "route_text_color": null, "line_name": "小田原線", "operator_id": "odakyu", "representation": "service_path", "min_zoom": 0, "max_zoom": 24, "offset_rank": 0}}, {"type": "Feature", "bbox": [139.52902, 35.6145, 139.54065, 35.61482], "geometry": {"type": "LineString", "coordinates": [[139.52902, 35.61463], [139.52959, 35.6146], [139.53009, 35.61456], [139.53154, 35.6145], [139.53226, 35.6145], [139.53528, 35.61458], [139.538, 35.61463], [139.53931, 35.61467], [139.54065, 35.61482]]}, "properties": {"id": "GEOM_TOKYO_0575", "route_id": "R_71E9E9F5", "route_name": null, "route_color": "#2B78D0", "route_text_color": null, "line_name": "小田原線", "operator_id": "odakyu", "representation": "service_path", "min_zoom": 0, "max_zoom": 24, "offset_rank": 0}}, {"type": "Feature", "bbox": [139.49799, 35.59023, 139.50288, 35.60006], "geometry": {"type": "LineString", "coordinates": [[139.49799, 35.59023], [139.49815, 35.59052], [139.49888, 35.59189], [139.49933, 35.59268], [139.49983, 35.59367], [139.50006, 35.59424], [139.50034, 35.59553], [139.50049, 35.59619], [139.50064, 35.59677], [139.5008, 35.59725], [139.50112, 35.59791], [139.50143, 35.59841], [139.5017, 35.5988], [139.50182, 35.59896], [139.50196, 35.59916], [139.50203, 35.59924], [139.50217, 35.59939], [139.50246, 35.59967], [139.50288, 35.60006]]}, "properties": {"id": "GEOM_TOKYO_0576", "route_id": "R_71E9E9F5", "route_name": null, "route_color": "#2B78D0", "route_text_color": null, "line_name": "小田原線", "operator_id": "odakyu", "representation": "service_path", "min_zoom": 0, "max_zoom": 24, "offset_rank": 0}}, {"type": "Feature", "bbox": [139.54065, 35.61482, 139.54295, 35.61506], "geometry": {"type": "LineString", "coordinates": [[139.54065, 35.61482], [139.54295, 35.61506]]}, "properties": {"id": "GEOM_TOKYO_0577", "route_id": "R_71E9E9F5", "route_name": null, "route_color": "#2B78D0", "route_text_color": null, "line_name": "小田原線", "operator_id": "odakyu", "representation": "service_path", "min_zoom": 0, "max_zoom": 24, "offset_rank": 0}}, {"type": "Feature", "bbox": [139.52706, 35.61463, 139.52902, 35.61484], "geometry": {"type": "LineString", "coordinates": [[139.52706, 35.61484], [139.52902, 35.61463]]}, "properties": {"id": "GEOM_TOKYO_0579", "route_id": "R_71E9E9F5", "route_name": null, "route_color": "#2B78D0", "route_text_color": null, "line_name": "小田原線", "operator_id": "odakyu", "representation": "service_path", "min_zoom": 0, "max_zoom": 24, "offset_rank": 0}}, {"type": "Feature", "bbox": [139.44442, 35.54312, 139.44575, 35.54471], "geometry": {"type": "LineString", "coordinates": [[139.44575, 35.54471], [139.44499, 35.54386], [139.44485, 35.54369], [139.44442, 35.54312]]}, "properties": {"id": "GEOM_TOKYO_0583", "route_id": "R_71E9E9F5", "route_name": null, "route_color": "#2B78D0", "route_text_color": null, "line_name": "小田原線", "operator_id": "odakyu", "representation": "service_path", "min_zoom": 0, "max_zoom": 24, "offset_rank": 0}}, {"type": "Feature", "bbox": [139.51702, 35.60939, 139.52706, 35.61489], "geometry": {"type": "LineString", "coordinates": [[139.51702, 35.60939], [139.51791, 35.60977], [139.5192, 35.61039], [139.51983, 35.61077], [139.52042, 35.61122], [139.52091, 35.61168], [139.52123, 35.612], [139.52163, 35.61248], [139.52239, 35.61335], [139.52292, 35.61381], [139.52321, 35.61403], [139.5238, 35.61437], [139.52417, 35.61454], [139.52478, 35.61473], [139.52529, 35.61483], [139.52572, 35.61488], [139.52619, 35.61489], [139.52652, 35.61489], [139.52706, 35.61484]]}, "properties": {"id": "GEOM_TOKYO_0584", "route_id": "R_71E9E9F5", "route_name": null, "route_color": "#2B78D0", "route_text_color": null, "line_name": "小田原線", "operator_id": "odakyu", "representation": "service_path", "min_zoom": 0, "max_zoom": 24, "offset_rank": 0}}, {"type": "Feature", "bbox": [139.49711, 35.58891, 139.49799, 35.59023], "geometry": {"type": "LineString", "coordinates": [[139.49711, 35.58891], [139.49799, 35.59023]]}, "properties": {"id": "GEOM_TOKYO_0585", "route_id": "R_71E9E9F5", "route_name": null, "route_color": "#2B78D0", "route_text_color": null, "line_name": "小田原線", "operator_id": "odakyu", "representation": "service_path", "min_zoom": 0, "max_zoom": 24, "offset_rank": 0}}, {"type": "Feature", "bbox": [139.46295, 35.56274, 139.46393, 35.56428], "geometry": {"type": "LineString", "coordinates": [[139.46393, 35.56428], [139.46295, 35.56274]]}, "properties": {"id": "GEOM_TOKYO_0586", "route_id": "R_71E9E9F5", "route_name": null, "route_color": "#2B78D0", "route_text_color": null, "line_name": "小田原線", "operator_id": "odakyu", "representation": "service_path", "min_zoom": 0, "max_zoom": 24, "offset_rank": 0}}, {"type": "Feature", "bbox": [139.54295, 35.61506, 139.56355, 35.61683], "geometry": {"type": "LineString", "coordinates": [[139.54295, 35.61506], [139.54522, 35.61531], [139.54541, 35.61533], [139.54806, 35.61552], [139.5514, 35.61557], [139.55477, 35.61554], [139.55629, 35.61556], [139.5566, 35.61555], [139.55696, 35.61555], [139.55896, 35.61556], [139.55976, 35.6156], [139.56049, 35.61568], [139.56111, 35.61583], [139.56131, 35.61589], [139.56142, 35.61593], [139.56181, 35.61608], [139.56256, 35.61637], [139.56355, 35.61683]]}, "properties": {"id": "GEOM_TOKYO_0587", "route_id": "R_71E9E9F5", "route_name": null, "route_color": "#2B78D0", "route_text_color": null, "line_name": "小田原線", "operator_id": "odakyu", "representation": "service_path", "min_zoom": 0, "max_zoom": 24, "offset_rank": 0}}, {"type": "Feature", "bbox": [139.44575, 35.54471, 139.46295, 35.56274], "geometry": {"type": "LineString", "coordinates": [[139.46295, 35.56274], [139.46288, 35.56262], [139.46273, 35.56237], [139.46254, 35.56206], [139.46236, 35.56169], [139.46218, 35.56123], [139.46186, 35.56021], [139.46171, 35.5596], [139.46162, 35.55921], [139.46155, 35.5587], [139.4615, 35.55829], [139.46148, 35.55773], [139.46145, 35.55652], [139.4614, 35.55572], [139.46135, 35.55535], [139.4613, 35.55511], [139.46126, 35.55488], [139.46118, 35.55463], [139.46103, 35.55432], [139.46079, 35.55386], [139.46068, 35.55367], [139.46038, 35.5532], [139.46025, 35.553], [139.45991, 35.55249], [139.45964, 35.55216], [139.45929, 35.55184], [139.45882, 35.55149], [139.45837, 35.55118], [139.45785, 35.55091], [139.45735, 35.55069], [139.45712, 35.5506], [139.45686, 35.55054], [139.45656, 35.55049], [139.45554, 35.55034], [139.45415, 35.55016], [139.45405, 35.55015], [139.45337, 35.55008], [139.4529, 35.54997], [139.45235, 35.54982], [139.45198, 35.54969], [139.45172, 35.54957], [139.45143, 35.54944], [139.45072, 35.549], [139.44913, 35.54793], [139.44831, 35.54734], [139.44789, 35.54702], [139.44758, 35.54678], [139.44702, 35.54624], [139.4467, 35.54592], [139.44642, 35.54561], [139.44622, 35.54534], [139.44575, 35.54471]]}, "properties": {"id": "GEOM_TOKYO_0592", "route_id": "R_71E9E9F5", "route_name": null, "route_color": "#2B78D0", "route_text_color": null, "line_name": "小田原線", "operator_id": "odakyu", "representation": "service_path", "min_zoom": 0, "max_zoom": 24, "offset_rank": 0}}, {"type": "Feature", "bbox": [139.50828, 35.60435, 139.51514, 35.60866], "geometry": {"type": "LineString", "coordinates": [[139.50828, 35.60435], [139.50887, 35.60482], [139.50946, 35.60534], [139.50969, 35.60554], [139.50994, 35.60576], [139.51073, 35.60642], [139.51167, 35.60718], [139.51224, 35.60756], [139.51272, 35.60779], [139.51342, 35.60805], [139.51514, 35.60866]]}, "properties": {"id": "GEOM_TOKYO_0593", "route_id": "R_71E9E9F5", "route_name": null, "route_color": "#2B78D0", "route_text_color": null, "line_name": "小田原線", "operator_id": "odakyu", "representation": "service_path", "min_zoom": 0, "max_zoom": 24, "offset_rank": 0}}, {"type": "Feature", "bbox": [139.48287, 35.58332, 139.49711, 35.58891], "geometry": {"type": "LineString", "coordinates": [[139.48287, 35.58332], [139.48401, 35.58354], [139.48453, 35.58365], [139.4856, 35.58388], [139.48718, 35.58419], [139.48737, 35.58423], [139.48748, 35.58426], [139.48757, 35.58428], [139.48852, 35.5845], [139.49043, 35.58489], [139.49079, 35.58499], [139.49151, 35.58523], [139.49214, 35.58548], [139.49321, 35.58591], [139.49403, 35.58626], [139.49429, 35.5864], [139.49462, 35.58658], [139.49491, 35.58677], [139.49523, 35.58698], [139.49562, 35.58727], [139.49592, 35.58753], [139.49624, 35.58789], [139.49643, 35.58809], [139.4968, 35.58848], [139.49711, 35.58891]]}, "properties": {"id": "GEOM_TOKYO_0596", "route_id": "R_71E9E9F5", "route_name": null, "route_color": "#2B78D0", "route_text_color": null, "line_name": "小田原線", "operator_id": "odakyu", "representation": "service_path", "min_zoom": 0, "max_zoom": 24, "offset_rank": 0}}, {"type": "Feature", "bbox": [139.48078, 35.5829, 139.48287, 35.58332], "geometry": {"type": "LineString", "coordinates": [[139.48287, 35.58332], [139.48078, 35.5829]]}, "properties": {"id": "GEOM_TOKYO_0598", "route_id": "R_71E9E9F5", "route_name": null, "route_color": "#2B78D0", "route_text_color": null, "line_name": "小田原線", "operator_id": "odakyu", "representation": "service_path", "min_zoom": 0, "max_zoom": 24, "offset_rank": 0}}, {"type": "Feature", "bbox": [139.50288, 35.60006, 139.50667, 35.60306], "geometry": {"type": "LineString", "coordinates": [[139.50288, 35.60006], [139.50298, 35.60012], [139.50319, 35.6003], [139.50335, 35.60041], [139.50429, 35.60118], [139.50546, 35.6021], [139.50572, 35.60231], [139.50667, 35.60306]]}, "properties": {"id": "GEOM_TOKYO_0599", "route_id": "R_71E9E9F5", "route_name": null, "route_color": "#2B78D0", "route_text_color": null, "line_name": "小田原線", "operator_id": "odakyu", "representation": "service_path", "min_zoom": 0, "max_zoom": 24, "offset_rank": 0}}, {"type": "Feature", "bbox": [139.50667, 35.60306, 139.50828, 35.60435], "geometry": {"type": "LineString", "coordinates": [[139.50667, 35.60306], [139.50828, 35.60435]]}, "properties": {"id": "GEOM_TOKYO_0600", "route_id": "R_71E9E9F5", "route_name": null, "route_color": "#2B78D0", "route_text_color": null, "line_name": "小田原線", "operator_id": "odakyu", "representation": "service_path", "min_zoom": 0, "max_zoom": 24, "offset_rank": 0}}, {"type": "Feature", "bbox": [139.40909, 35.49995, 139.42242, 35.51486], "geometry": {"type": "LineString", "coordinates": [[139.42242, 35.51486], [139.42214, 35.51454], [139.42001, 35.51217], [139.41892, 35.51098], [139.41706, 35.5089], [139.41575, 35.50744], [139.41568, 35.50737], [139.41478, 35.50638], [139.41423, 35.50576], [139.41382, 35.50529], [139.41324, 35.50461], [139.4129, 35.50421], [139.41207, 35.50325], [139.4118, 35.50298], [139.4116, 35.50277], [139.41134, 35.50247], [139.41035, 35.50135], [139.40999, 35.50094], [139.40993, 35.50087], [139.40988, 35.50081], [139.40956, 35.50044], [139.40909, 35.49995]]}, "properties": {"id": "GEOM_TOKYO_0601", "route_id": "R_71E9E9F5", "route_name": null, "route_color": "#2B78D0", "route_text_color": null, "line_name": "小田原線", "operator_id": "odakyu", "representation": "service_path", "min_zoom": 0, "max_zoom": 24, "offset_rank": 0}}, {"type": "Feature", "bbox": [139.43879, 35.53329, 139.44442, 35.54312], "geometry": {"type": "LineString", "coordinates": [[139.44442, 35.54312], [139.44437, 35.54305], [139.44411, 35.54273], [139.44376, 35.54225], [139.44366, 35.54211], [139.44345, 35.54183], [139.4433, 35.54161], [139.44314, 35.54129], [139.44294, 35.54063], [139.44269, 35.53961], [139.4424, 35.53843], [139.44224, 35.53785], [139.4421, 35.53748], [139.44191, 35.53709], [139.44175, 35.53671], [139.44163, 35.53656], [139.44111, 35.53596], [139.44031, 35.53505], [139.44012, 35.53483], [139.43957, 35.53419], [139.43879, 35.53329]]}, "properties": {"id": "GEOM_TOKYO_0602", "route_id": "R_71E9E9F5", "route_name": null, "route_color": "#2B78D0", "route_text_color": null, "line_name": "小田原線", "operator_id": "odakyu", "representation": "service_path", "min_zoom": 0, "max_zoom": 24, "offset_rank": 0}}, {"type": "Feature", "bbox": [139.39182, 35.45355, 139.4, 35.48025], "geometry": {"type": "LineString", "coordinates": [[139.39991, 35.48025], [139.39991, 35.48013], [139.39992, 35.47995], [139.39992, 35.4796], [139.39996, 35.47893], [139.39999, 35.47837], [139.4, 35.478], [139.4, 35.47763], [139.4, 35.47744], [139.39996, 35.47696], [139.39991, 35.47613], [139.39981, 35.47515], [139.39976, 35.4745], [139.3997, 35.47386], [139.39969, 35.47373], [139.39968, 35.47364], [139.39967, 35.47353], [139.39963, 35.47308], [139.39956, 35.47234], [139.39951, 35.47155], [139.3995, 35.47146], [139.3995, 35.4714], [139.39945, 35.47096], [139.39937, 35.47014], [139.39929, 35.4691], [139.39922, 35.46825], [139.39921, 35.46807], [139.3992, 35.46799], [139.39914, 35.4673], [139.39911, 35.46693], [139.3991, 35.46682], [139.39898, 35.46531], [139.39897, 35.46525], [139.39896, 35.46514], [139.39889, 35.46424], [139.39886, 35.46393], [139.39883, 35.46359], [139.39882, 35.46347], [139.3988, 35.46318], [139.39877, 35.46283], [139.39872, 35.4625], [139.39866, 35.46226], [139.39859, 35.46206], [139.39854, 35.46194], [139.39847, 35.46177], [139.39838, 35.46162], [139.39837, 35.46161], [139.39834, 35.46154], [139.39829, 35.46145], [139.39823, 35.46135], [139.39784, 35.46072], [139.39757, 35.4603], [139.39752, 35.46022], [139.39738, 35.46], [139.39702, 35.45945], [139.39667, 35.45889], [139.39607, 35.45796], [139.39582, 35.45754], [139.39561, 35.45718], [139.39545, 35.45694], [139.39526, 35.45666], [139.39514, 35.45651], [139.39506, 35.4564], [139.39489, 35.4562], [139.3948, 35.45609], [139.39466, 35.45592], [139.39421, 35.45548], [139.3935, 35.45486], [139.39267, 35.45421], [139.39182, 35.45355]]}, "properties": {"id": "GEOM_TOKYO_0603", "route_id": "R_71E9E9F5", "route_name": null, "route_color": "#2B78D0", "route_text_color": null, "line_name": "小田原線", "operator_id": "odakyu", "representation": "service_path", "min_zoom": 0, "max_zoom": 24, "offset_rank": 0}}, {"type": "Feature", "bbox": [139.3652, 35.43986, 139.37752, 35.44297], "geometry": {"type": "LineString", "coordinates": [[139.3652, 35.43986], [139.36588, 35.44029], [139.36608, 35.44039], [139.36612, 35.44041], [139.36625, 35.44047], [139.36669, 35.44065], [139.36728, 35.44081], [139.36738, 35.44084], [139.36765, 35.4409], [139.36803, 35.44099], [139.36861, 35.44113], [139.36882, 35.44119], [139.36892, 35.44121], [139.36979, 35.44141], [139.37008, 35.44148], [139.37027, 35.44152], [139.37036, 35.44153], [139.37056, 35.44157], [139.37078, 35.44161], [139.37098, 35.44165], [139.3711, 35.44167], [139.37111, 35.44168], [139.37163, 35.44178], [139.37168, 35.44179], [139.37181, 35.44182], [139.37252, 35.44197], [139.37431, 35.44233], [139.37578, 35.44263], [139.37637, 35.44275], [139.37718, 35.44291], [139.37752, 35.44297]]}, "properties": {"id": "GEOM_TOKYO_0604", "route_id": "R_71E9E9F5", "route_name": null, "route_color": "#2B78D0", "route_text_color": null, "line_name": "小田原線", "operator_id": "odakyu", "representation": "service_path", "min_zoom": 0, "max_zoom": 24, "offset_rank": 0}}, {"type": "Feature", "bbox": [139.42242, 35.51486, 139.42363, 35.51625], "geometry": {"type": "LineString", "coordinates": [[139.42363, 35.51625], [139.42242, 35.51486]]}, "properties": {"id": "GEOM_TOKYO_0605", "route_id": "R_71E9E9F5", "route_name": null, "route_color": "#2B78D0", "route_text_color": null, "line_name": "小田原線", "operator_id": "odakyu", "representation": "service_path", "min_zoom": 0, "max_zoom": 24, "offset_rank": 0}}, {"type": "Feature", "bbox": [139.36355, 35.43856, 139.3652, 35.43986], "geometry": {"type": "LineString", "coordinates": [[139.36355, 35.43856], [139.3652, 35.43986]]}, "properties": {"id": "GEOM_TOKYO_0606", "route_id": "R_71E9E9F5", "route_name": null, "route_color": "#2B78D0", "route_text_color": null, "line_name": "小田原線", "operator_id": "odakyu", "representation": "service_path", "min_zoom": 0, "max_zoom": 24, "offset_rank": 0}}, {"type": "Feature", "bbox": [139.37752, 35.44297, 139.3783, 35.44316], "geometry": {"type": "LineString", "coordinates": [[139.37752, 35.44297], [139.37807, 35.4431], [139.3783, 35.44316]]}, "properties": {"id": "GEOM_TOKYO_0607", "route_id": "R_71E9E9F5", "route_name": null, "route_color": "#2B78D0", "route_text_color": null, "line_name": "小田原線", "operator_id": "odakyu", "representation": "service_path", "min_zoom": 0, "max_zoom": 24, "offset_rank": 0}}, {"type": "Feature", "bbox": [139.42363, 35.51625, 139.43698, 35.53111], "geometry": {"type": "LineString", "coordinates": [[139.43698, 35.53111], [139.43569, 35.52987], [139.43461, 35.52864], [139.43401, 35.52799], [139.43159, 35.52526], [139.43011, 35.52357], [139.42933, 35.52268], [139.42853, 35.5218], [139.42678, 35.51984], [139.42497, 35.51781], [139.42363, 35.51625]]}, "properties": {"id": "GEOM_TOKYO_0608", "route_id": "R_71E9E9F5", "route_name": null, "route_color": "#2B78D0", "route_text_color": null, "line_name": "小田原線", "operator_id": "odakyu", "representation": "service_path", "min_zoom": 0, "max_zoom": 24, "offset_rank": 0}}, {"type": "Feature", "bbox": [139.39978, 35.48173, 139.408, 35.49877], "geometry": {"type": "LineString", "coordinates": [[139.408, 35.49877], [139.40766, 35.4984], [139.40761, 35.49835], [139.40756, 35.49829], [139.40744, 35.49814], [139.40741, 35.49809], [139.40702, 35.49761], [139.4068, 35.49734], [139.40581, 35.49617], [139.40553, 35.49583], [139.40539, 35.49567], [139.40487, 35.49504], [139.40413, 35.49416], [139.40348, 35.49338], [139.40325, 35.4931], [139.40313, 35.49295], [139.40278, 35.49252], [139.40247, 35.49215], [139.40215, 35.49176], [139.40153, 35.49098], [139.40096, 35.49024], [139.4005, 35.48962], [139.40035, 35.48939], [139.40025, 35.48914], [139.40009, 35.48876], [139.40002, 35.48853], [139.39999, 35.48839], [139.39991, 35.48801], [139.39987, 35.4878], [139.39983, 35.48741], [139.39981, 35.48729], [139.3998, 35.48721], [139.39979, 35.48705], [139.39979, 35.48666], [139.39978, 35.48579], [139.39979, 35.48487], [139.3998, 35.48419], [139.3998, 35.48402], [139.3998, 35.48388], [139.39983, 35.48272], [139.39986, 35.48173]]}, "properties": {"id": "GEOM_TOKYO_0609", "route_id": "R_71E9E9F5", "route_name": null, "route_color": "#2B78D0", "route_text_color": null, "line_name": "小田原線", "operator_id": "odakyu", "representation": "service_path", "min_zoom": 0, "max_zoom": 24, "offset_rank": 0}}, {"type": "Feature", "bbox": [139.408, 35.49877, 139.40909, 35.49995], "geometry": {"type": "LineString", "coordinates": [[139.40909, 35.49995], [139.408, 35.49877]]}, "properties": {"id": "GEOM_TOKYO_0610", "route_id": "R_71E9E9F5", "route_name": null, "route_color": "#2B78D0", "route_text_color": null, "line_name": "小田原線", "operator_id": "odakyu", "representation": "service_path", "min_zoom": 0, "max_zoom": 24, "offset_rank": 0}}, {"type": "Feature", "bbox": [139.39986, 35.48025, 139.39991, 35.48173], "geometry": {"type": "LineString", "coordinates": [[139.39986, 35.48173], [139.39991, 35.48025]]}, "properties": {"id": "GEOM_TOKYO_0611", "route_id": "R_71E9E9F5", "route_name": null, "route_color": "#2B78D0", "route_text_color": null, "line_name": "小田原線", "operator_id": "odakyu", "representation": "service_path", "min_zoom": 0, "max_zoom": 24, "offset_rank": 0}}, {"type": "Feature", "bbox": [139.3783, 35.44316, 139.3901, 35.45212], "geometry": {"type": "LineString", "coordinates": [[139.3901, 35.45212], [139.38967, 35.45178], [139.38904, 35.45126], [139.38879, 35.45105], [139.38765, 35.4501], [139.38688, 35.44946], [139.38637, 35.44904], [139.38619, 35.44888], [139.38595, 35.44867], [139.38544, 35.44828], [139.38529, 35.44814], [139.38457, 35.44753], [139.38398, 35.44707], [139.38275, 35.44601], [139.38217, 35.44555], [139.38159, 35.44509], [139.38107, 35.44467], [139.38095, 35.44458], [139.38065, 35.44434], [139.38032, 35.4441], [139.37988, 35.44384], [139.37938, 35.44356], [139.37916, 35.44347], [139.3791, 35.44344], [139.37897, 35.4434], [139.37881, 35.44333], [139.37872, 35.4433], [139.37864, 35.44327], [139.37857, 35.44324], [139.37854, 35.44323], [139.37846, 35.44321], [139.3783, 35.44316]]}, "properties": {"id": "GEOM_TOKYO_0612", "route_id": "R_71E9E9F5", "route_name": null, "route_color": "#2B78D0", "route_text_color": null, "line_name": "小田原線", "operator_id": "odakyu", "representation": "service_path", "min_zoom": 0, "max_zoom": 24, "offset_rank": 0}}, {"type": "Feature", "bbox": [139.3901, 35.45212, 139.39182, 35.45355], "geometry": {"type": "LineString", "coordinates": [[139.39182, 35.45355], [139.39127, 35.45309], [139.3912, 35.45303], [139.3901, 35.45212]]}, "properties": {"id": "GEOM_TOKYO_0613", "route_id": "R_71E9E9F5", "route_name": null, "route_color": "#2B78D0", "route_text_color": null, "line_name": "小田原線", "operator_id": "odakyu", "representation": "service_path", "min_zoom": 0, "max_zoom": 24, "offset_rank": 0}}, {"type": "Feature", "bbox": [139.15154, 35.28467, 139.15237, 35.28547], "geometry": {"type": "LineString", "coordinates": [[139.15154, 35.28547], [139.15237, 35.28467]]}, "properties": {"id": "GEOM_TOKYO_0614", "route_id": "R_71E9E9F5", "route_name": null, "route_color": "#2B78D0", "route_text_color": null, "line_name": "小田原線", "operator_id": "odakyu", "representation": "service_path", "min_zoom": 0, "max_zoom": 24, "offset_rank": 0}}, {"type": "Feature", "bbox": [139.27063, 35.37266, 139.27125, 35.37317], "geometry": {"type": "LineString", "coordinates": [[139.27125, 35.37317], [139.27063, 35.37266]]}, "properties": {"id": "GEOM_TOKYO_0615", "route_id": "R_71E9E9F5", "route_name": null, "route_color": "#2B78D0", "route_text_color": null, "line_name": "小田原線", "operator_id": "odakyu", "representation": "service_path", "min_zoom": 0, "max_zoom": 24, "offset_rank": 0}}, {"type": "Feature", "bbox": [139.18339, 35.3739, 139.1856, 35.37419], "geometry": {"type": "LineString", "coordinates": [[139.1856, 35.3739], [139.18499, 35.37401], [139.18421, 35.37412], [139.18339, 35.37419]]}, "properties": {"id": "GEOM_TOKYO_0616", "route_id": "R_71E9E9F5", "route_name": null, "route_color": "#2B78D0", "route_text_color": null, "line_name": "小田原線", "operator_id": "odakyu", "representation": "service_path", "min_zoom": 0, "max_zoom": 24, "offset_rank": 0}}, {"type": "Feature", "bbox": [139.2779, 35.38099, 139.3132, 35.3958], "geometry": {"type": "LineString", "coordinates": [[139.2779, 35.38099], [139.27853, 35.38125], [139.27878, 35.38135], [139.27908, 35.38148], [139.28019, 35.38194], [139.28038, 35.382], [139.28071, 35.38214], [139.2814, 35.38242], [139.28252, 35.38289], [139.28289, 35.38304], [139.28331, 35.3832], [139.28349, 35.38328], [139.2836, 35.38333], [139.28371, 35.38336], [139.28374, 35.38338], [139.28409, 35.3835], [139.2845, 35.38365], [139.2848, 35.38376], [139.28503, 35.38384], [139.28505, 35.38386], [139.28509, 35.38386], [139.28545, 35.38399], [139.28582, 35.38413], [139.28658, 35.3844], [139.28745, 35.38471], [139.28809, 35.38495], [139.28832, 35.38503], [139.28999, 35.38563], [139.2903, 35.38573], [139.29071, 35.38588], [139.29094, 35.38597], [139.29214, 35.38639], [139.2923, 35.38646], [139.29249, 35.38652], [139.29348, 35.38687], [139.29389, 35.38702], [139.29458, 35.38725], [139.29489, 35.38737], [139.29545, 35.38756], [139.29584, 35.3877], [139.29594, 35.38774], [139.29614, 35.3878], [139.29658, 35.38796], [139.29697, 35.3881], [139.29753, 35.38831], [139.29805, 35.38853], [139.29816, 35.38857], [139.29854, 35.38874], [139.29887, 35.38888], [139.29939, 35.38911], [139.29978, 35.3893], [139.30023, 35.38951], [139.30045, 35.38963], [139.30099, 35.38988], [139.3012, 35.38999], [139.30186, 35.39031], [139.30289, 35.39081], [139.30327, 35.39098], [139.30347, 35.39109], [139.30421, 35.39145], [139.3046, 35.39163], [139.30544, 35.39204], [139.30579, 35.39221], [139.30701, 35.3928], [139.30796, 35.39328], [139.30841, 35.39348], [139.30914, 35.39383], [139.30946, 35.394], [139.30989, 35.39421], [139.31017, 35.39434], [139.31062, 35.39455], [139.31119, 35.39483], [139.31214, 35.39528], [139.3125, 35.39546], [139.3132, 35.3958]]}, "properties": {"id": "GEOM_TOKYO_0617", "route_id": "R_71E9E9F5", "route_name": null, "route_color": "#2B78D0", "route_text_color": null, "line_name": "小田原線", "operator_id": "odakyu", "representation": "service_path", "min_zoom": 0, "max_zoom": 24, "offset_rank": 0}}, {"type": "Feature", "bbox": [139.13063, 35.33758, 139.13598, 35.34304], "geometry": {"type": "LineString", "coordinates": [[139.13063, 35.33758], [139.13076, 35.33806], [139.13097, 35.33867], [139.13114, 35.33907], [139.13128, 35.3393], [139.13142, 35.33952], [139.13166, 35.33979], [139.13174, 35.33989], [139.13206, 35.34016], [139.13227, 35.34032], [139.1329, 35.34078], [139.13384, 35.34147], [139.13405, 35.34162], [139.13496, 35.34227], [139.13537, 35.34259], [139.13598, 35.34304]]}, "properties": {"id": "GEOM_TOKYO_0618", "route_id": "R_71E9E9F5", "route_name": null, "route_color": "#2B78D0", "route_text_color": null, "line_name": "小田原線", "operator_id": "odakyu", "representation": "service_path", "min_zoom": 0, "max_zoom": 24, "offset_rank": 0}}, {"type": "Feature", "bbox": [139.14491, 35.29614, 139.14541, 35.2974], "geometry": {"type": "LineString", "coordinates": [[139.14491, 35.2974], [139.14541, 35.29614]]}, "properties": {"id": "GEOM_TOKYO_0619", "route_id": "R_71E9E9F5", "route_name": null, "route_color": "#2B78D0", "route_text_color": null, "line_name": "小田原線", "operator_id": "odakyu", "representation": "service_path", "min_zoom": 0, "max_zoom": 24, "offset_rank": 0}}, {"type": "Feature", "bbox": [139.3132, 35.3958, 139.31439, 35.39638], "geometry": {"type": "LineString", "coordinates": [[139.31439, 35.39638], [139.3132, 35.3958]]}, "properties": {"id": "GEOM_TOKYO_0620", "route_id": "R_71E9E9F5", "route_name": null, "route_color": "#2B78D0", "route_text_color": null, "line_name": "小田原線", "operator_id": "odakyu", "representation": "service_path", "min_zoom": 0, "max_zoom": 24, "offset_rank": 0}}, {"type": "Feature", "bbox": [139.13567, 35.32618, 139.13595, 35.32681], "geometry": {"type": "LineString", "coordinates": [[139.13567, 35.32681], [139.13595, 35.32618]]}, "properties": {"id": "GEOM_TOKYO_0621", "route_id": "R_71E9E9F5", "route_name": null, "route_color": "#2B78D0", "route_text_color": null, "line_name": "小田原線", "operator_id": "odakyu", "representation": "service_path", "min_zoom": 0, "max_zoom": 24, "offset_rank": 0}}, {"type": "Feature", "bbox": [139.34465, 35.41817, 139.36355, 35.43856], "geometry": {"type": "LineString", "coordinates": [[139.34465, 35.41817], [139.34518, 35.41858], [139.34545, 35.41879], [139.34558, 35.4189], [139.34646, 35.41959], [139.34699, 35.41993], [139.34739, 35.42025], [139.3476, 35.42041], [139.34782, 35.42059], [139.34855, 35.42117], [139.34864, 35.42124], [139.3495, 35.42189], [139.3499, 35.42222], [139.35022, 35.42252], [139.35037, 35.4227], [139.35052, 35.42292], [139.35103, 35.42374], [139.35132, 35.4242], [139.35144, 35.42439], [139.35151, 35.4245], [139.35194, 35.42521], [139.35287, 35.42663], [139.35289, 35.42666], [139.35321, 35.42719], [139.35391, 35.42833], [139.35415, 35.4287], [139.35435, 35.42908], [139.35445, 35.42922], [139.35453, 35.42933], [139.35473, 35.42961], [139.35499, 35.42994], [139.35542, 35.43036], [139.35664, 35.43156], [139.35719, 35.4322], [139.35776, 35.43279], [139.35816, 35.4332], [139.35826, 35.4333], [139.3585, 35.43354], [139.35904, 35.43408], [139.35918, 35.43423], [139.35944, 35.4345], [139.35979, 35.43487], [139.35993, 35.43502], [139.36015, 35.43524], [139.36141, 35.43655], [139.36221, 35.43739], [139.36243, 35.43759], [139.36277, 35.43795], [139.36279, 35.43795], [139.36292, 35.43807], [139.36347, 35.4385], [139.36355, 35.43856]]}, "properties": {"id": "GEOM_TOKYO_0622", "route_id": "R_71E9E9F5", "route_name": null, "route_color": "#2B78D0", "route_text_color": null, "line_name": "小田原線", "operator_id": "odakyu", "representation": "service_path", "min_zoom": 0, "max_zoom": 24, "offset_rank": 0}}, {"type": "Feature", "bbox": [139.15237, 35.27212, 139.15528, 35.28467], "geometry": {"type": "LineString", "coordinates": [[139.15237, 35.28467], [139.15391, 35.28325], [139.15456, 35.28261], [139.15487, 35.28223], [139.15509, 35.28179], [139.1552, 35.28139], [139.15528, 35.28082], [139.15525, 35.28018], [139.15513, 35.27921], [139.15488, 35.27732], [139.15476, 35.27653], [139.15471, 35.2762], [139.15466, 35.27581], [139.15462, 35.27556], [139.15457, 35.27518], [139.15441, 35.27404], [139.15441, 35.27287], [139.15443, 35.27261], [139.15447, 35.27212]]}, "properties": {"id": "GEOM_TOKYO_0623", "route_id": "R_71E9E9F5", "route_name": null, "route_color": "#2B78D0", "route_text_color": null, "line_name": "小田原線", "operator_id": "odakyu", "representation": "service_path", "min_zoom": 0, "max_zoom": 24, "offset_rank": 0}}, {"type": "Feature", "bbox": [139.13063, 35.32681, 139.13567, 35.33758], "geometry": {"type": "LineString", "coordinates": [[139.13063, 35.33758], [139.13065, 35.33743], [139.13075, 35.33713], [139.13099, 35.3366], [139.13167, 35.33522], [139.13198, 35.3346], [139.13392, 35.33052], [139.13567, 35.32681]]}, "properties": {"id": "GEOM_TOKYO_0624", "route_id": "R_71E9E9F5", "route_name": null, "route_color": "#2B78D0", "route_text_color": null, "line_name": "小田原線", "operator_id": "odakyu", "representation": "service_path", "min_zoom": 0, "max_zoom": 24, "offset_rank": 0}}, {"type": "Feature", "bbox": [139.27666, 35.38026, 139.2779, 35.38099], "geometry": {"type": "LineString", "coordinates": [[139.2779, 35.38099], [139.27723, 35.38062], [139.27675, 35.38034], [139.27666, 35.38026]]}, "properties": {"id": "GEOM_TOKYO_0625", "route_id": "R_71E9E9F5", "route_name": null, "route_color": "#2B78D0", "route_text_color": null, "line_name": "小田原線", "operator_id": "odakyu", "representation": "service_path", "min_zoom": 0, "max_zoom": 24, "offset_rank": 0}}, {"type": "Feature", "bbox": [139.27125, 35.37317, 139.27666, 35.38026], "geometry": {"type": "LineString", "coordinates": [[139.27125, 35.37317], [139.27136, 35.37327], [139.27169, 35.37363], [139.27205, 35.37405], [139.27244, 35.37459], [139.27312, 35.37553], [139.2733, 35.37577], [139.27365, 35.37625], [139.2737, 35.37633], [139.27383, 35.3765], [139.27388, 35.37658], [139.27393, 35.37664], [139.27429, 35.37714], [139.27447, 35.37738], [139.2746, 35.37756], [139.27621, 35.37976], [139.27641, 35.37999], [139.27657, 35.38015], [139.27666, 35.38026]]}, "properties": {"id": "GEOM_TOKYO_0626", "route_id": "R_71E9E9F5", "route_name": null, "route_color": "#2B78D0", "route_text_color": null, "line_name": "小田原線", "operator_id": "odakyu", "representation": "service_path", "min_zoom": 0, "max_zoom": 24, "offset_rank": 0}}, {"type": "Feature", "bbox": [139.22531, 35.36956, 139.22685, 35.37058], "geometry": {"type": "LineString", "coordinates": [[139.22685, 35.36956], [139.22531, 35.37058]]}, "properties": {"id": "GEOM_TOKYO_0627", "route_id": "R_71E9E9F5", "route_name": null, "route_color": "#2B78D0", "route_text_color": null, "line_name": "小田原線", "operator_id": "odakyu", "representation": "service_path", "min_zoom": 0, "max_zoom": 24, "offset_rank": 0}}, {"type": "Feature", "bbox": [139.13595, 35.31096, 139.14252, 35.32618], "geometry": {"type": "LineString", "coordinates": [[139.13595, 35.32618], [139.13681, 35.32441], [139.13777, 35.32234], [139.13822, 35.32137], [139.1391, 35.31951], [139.13968, 35.31828], [139.14117, 35.31516], [139.14163, 35.3142], [139.14196, 35.31332], [139.14227, 35.31229], [139.14252, 35.31096]]}, "properties": {"id": "GEOM_TOKYO_0628", "route_id": "R_71E9E9F5", "route_name": null, "route_color": "#2B78D0", "route_text_color": null, "line_name": "小田原線", "operator_id": "odakyu", "representation": "service_path", "min_zoom": 0, "max_zoom": 24, "offset_rank": 0}}, {"type": "Feature", "bbox": [139.31439, 35.39638, 139.34366, 35.41737], "geometry": {"type": "LineString", "coordinates": [[139.31439, 35.39638], [139.31502, 35.39671], [139.31538, 35.39689], [139.31574, 35.39706], [139.31755, 35.39796], [139.31806, 35.39822], [139.31828, 35.39835], [139.31861, 35.39857], [139.31898, 35.3988], [139.3191, 35.39889], [139.32054, 35.39988], [139.3211, 35.40027], [139.32195, 35.40084], [139.32246, 35.4012], [139.32384, 35.40216], [139.32514, 35.40304], [139.3254, 35.40322], [139.3267, 35.4041], [139.32757, 35.4047], [139.32793, 35.40495], [139.32825, 35.40516], [139.32864, 35.40543], [139.32995, 35.40633], [139.33056, 35.40674], [139.33068, 35.40682], [139.33183, 35.40761], [139.33191, 35.40767], [139.33198, 35.40772], [139.33228, 35.40792], [139.33236, 35.40798], [139.33339, 35.40866], [139.33423, 35.40925], [139.33447, 35.40945], [139.33465, 35.40962], [139.335, 35.41], [139.3357, 35.41092], [139.33576, 35.41099], [139.33606, 35.4114], [139.33611, 35.41145], [139.33625, 35.41165], [139.33626, 35.41165], [139.33664, 35.41213], [139.33691, 35.41244], [139.33743, 35.41293], [139.33768, 35.41313], [139.33806, 35.41341], [139.33909, 35.41406], [139.33927, 35.41416], [139.34013, 35.41471], [139.34119, 35.41545], [139.34175, 35.41585], [139.34241, 35.41635], [139.34356, 35.4173], [139.34366, 35.41737]]}, "properties": {"id": "GEOM_TOKYO_0629", "route_id": "R_71E9E9F5", "route_name": null, "route_color": "#2B78D0", "route_text_color": null, "line_name": "小田原線", "operator_id": "odakyu", "representation": "service_path", "min_zoom": 0, "max_zoom": 24, "offset_rank": 0}}, {"type": "Feature", "bbox": [139.14541, 35.28547, 139.15154, 35.29614], "geometry": {"type": "LineString", "coordinates": [[139.14541, 35.29614], [139.14633, 35.29388], [139.14654, 35.29336], [139.14783, 35.29012], [139.14805, 35.2896], [139.1486, 35.2886], [139.14896, 35.28806], [139.14947, 35.28739], [139.14978, 35.28706], [139.15022, 35.28666], [139.15104, 35.28589], [139.15154, 35.28547]]}, "properties": {"id": "GEOM_TOKYO_0630", "route_id": "R_71E9E9F5", "route_name": null, "route_color": "#2B78D0", "route_text_color": null, "line_name": "小田原線", "operator_id": "odakyu", "representation": "service_path", "min_zoom": 0, "max_zoom": 24, "offset_rank": 0}}, {"type": "Feature", "bbox": [139.14122, 35.34537, 139.18339, 35.37547], "geometry": {"type": "LineString", "coordinates": [[139.18339, 35.37419], [139.17899, 35.37429], [139.17622, 35.37437], [139.17403, 35.37478], [139.17095, 35.37547], [139.17027, 35.37547], [139.17002, 35.37542], [139.16977, 35.37537], [139.16938, 35.37522], [139.1693, 35.3752], [139.1688, 35.37492], [139.16766, 35.37416], [139.16652, 35.3734], [139.16599, 35.37302], [139.16557, 35.37263], [139.16501, 35.37206], [139.16389, 35.37087], [139.16363, 35.37057], [139.16342, 35.37027], [139.16319, 35.36984], [139.16309, 35.36949], [139.16303, 35.36931], [139.1629, 35.36879], [139.1628, 35.3681], [139.16277, 35.36781], [139.16269, 35.36717], [139.16269, 35.36712], [139.16264, 35.36684], [139.16262, 35.36677], [139.16254, 35.36645], [139.16236, 35.3661], [139.16217, 35.36581], [139.16189, 35.36555], [139.16154, 35.36529], [139.16077, 35.36483], [139.16022, 35.36448], [139.16006, 35.36437], [139.15991, 35.36427], [139.15958, 35.36399], [139.15935, 35.36376], [139.15917, 35.36347], [139.159, 35.36315], [139.15887, 35.36271], [139.15881, 35.36231], [139.15879, 35.3619], [139.15887, 35.36154], [139.15904, 35.36117], [139.15947, 35.36044], [139.15965, 35.36016], [139.1599, 35.35966], [139.16004, 35.35923], [139.16012, 35.35889], [139.16018, 35.35853], [139.1602, 35.35814], [139.16014, 35.35778], [139.15996, 35.35737], [139.15954, 35.35689], [139.15918, 35.35648], [139.15861, 35.35582], [139.15829, 35.35553], [139.15786, 35.35521], [139.15739, 35.35491], [139.15676, 35.3545], [139.156, 35.35403], [139.15566, 35.35376], [139.15532, 35.35347], [139.15513, 35.35324], [139.15453, 35.35234], [139.15395, 35.35142], [139.15347, 35.35067], [139.15324, 35.35037], [139.15307, 35.35014], [139.15274, 35.34979], [139.15201, 35.34918], [139.15059, 35.34795], [139.15013, 35.34756], [139.1495, 35.34715], [139.14921, 35.34699], [139.14883, 35.34681], [139.14837, 35.34663], [139.14808, 35.34655], [139.14779, 35.3465], [139.14722, 35.34646], [139.14646, 35.34645], [139.14615, 35.34645], [139.14596, 35.34643], [139.14569, 35.34641], [139.14566, 35.34641], [139.14477, 35.34634], [139.14403, 35.34622], [139.14329, 35.34608], [139.14257, 35.34588], [139.142, 35.34567], [139.14138, 35.3454], [139.14122, 35.34537]]}, "properties": {"id": "GEOM_TOKYO_0631", "route_id": "R_71E9E9F5", "route_name": null, "route_color": "#2B78D0", "route_text_color": null, "line_name": "小田原線", "operator_id": "odakyu", "representation": "service_path", "min_zoom": 0, "max_zoom": 24, "offset_rank": 0}}, {"type": "Feature", "bbox": [139.13598, 35.34304, 139.13878, 35.34432], "geometry": {"type": "LineString", "coordinates": [[139.13598, 35.34304], [139.13616, 35.34313], [139.13695, 35.34352], [139.13722, 35.34365], [139.13878, 35.34432]]}, "properties": {"id": "GEOM_TOKYO_0632", "route_id": "R_71E9E9F5", "route_name": null, "route_color": "#2B78D0", "route_text_color": null, "line_name": "小田原線", "operator_id": "odakyu", "representation": "service_path", "min_zoom": 0, "max_zoom": 24, "offset_rank": 0}}, {"type": "Feature", "bbox": [139.14252, 35.31034, 139.14263, 35.31096], "geometry": {"type": "LineString", "coordinates": [[139.14252, 35.31096], [139.14263, 35.31034]]}, "properties": {"id": "GEOM_TOKYO_0633", "route_id": "R_71E9E9F5", "route_name": null, "route_color": "#2B78D0", "route_text_color": null, "line_name": "小田原線", "operator_id": "odakyu", "representation": "service_path", "min_zoom": 0, "max_zoom": 24, "offset_rank": 0}}, {"type": "Feature", "bbox": [139.1856, 35.36999, 139.22531, 35.3739], "geometry": {"type": "LineString", "coordinates": [[139.22531, 35.37058], [139.22359, 35.37166], [139.2231, 35.3719], [139.22234, 35.37212], [139.22187, 35.37223], [139.22149, 35.37226], [139.22049, 35.37225], [139.21683, 35.37213], [139.21547, 35.37209], [139.21342, 35.37204], [139.21295, 35.37202], [139.21195, 35.37189], [139.21097, 35.37175], [139.2054, 35.37088], [139.20453, 35.37075], [139.2041, 35.37068], [139.20227, 35.3704], [139.20031, 35.37009], [139.19965, 35.37001], [139.199, 35.36999], [139.19825, 35.37004], [139.19771, 35.37012], [139.19711, 35.37025], [139.19686, 35.37032], [139.19592, 35.37062], [139.19219, 35.37183], [139.19017, 35.37248], [139.1897, 35.37264], [139.18655, 35.37366], [139.18593, 35.37383], [139.1856, 35.3739]]}, "properties": {"id": "GEOM_TOKYO_0634", "route_id": "R_71E9E9F5", "route_name": null, "route_color": "#2B78D0", "route_text_color": null, "line_name": "小田原線", "operator_id": "odakyu", "representation": "service_path", "min_zoom": 0, "max_zoom": 24, "offset_rank": 0}}, {"type": "Feature", "bbox": [139.22685, 35.36284, 139.27063, 35.37266], "geometry": {"type": "LineString", "coordinates": [[139.22685, 35.36956], [139.22699, 35.36942], [139.22727, 35.36914], [139.22765, 35.36867], [139.22851, 35.36747], [139.22913, 35.36661], [139.22934, 35.36636], [139.22967, 35.36608], [139.22981, 35.36598], [139.22988, 35.36594], [139.23007, 35.36582], [139.23075, 35.36552], [139.23154, 35.36534], [139.23275, 35.36513], [139.23316, 35.36506], [139.23393, 35.36491], [139.23443, 35.36483], [139.23516, 35.36473], [139.2358, 35.36471], [139.23709, 35.36479], [139.2385, 35.36485], [139.23876, 35.36485], [139.23928, 35.36475], [139.23964, 35.36465], [139.23986, 35.36458], [139.2408, 35.36416], [139.24204, 35.36362], [139.24297, 35.36321], [139.24359, 35.36299], [139.24401, 35.36291], [139.24463, 35.36285], [139.24495, 35.36285], [139.24505, 35.36284], [139.2455, 35.36286], [139.24575, 35.36291], [139.24607, 35.36298], [139.24631, 35.36306], [139.24648, 35.3631], [139.24659, 35.36314], [139.24671, 35.36318], [139.24682, 35.36321], [139.24784, 35.3635], [139.24849, 35.36368], [139.24915, 35.36388], [139.24979, 35.36407], [139.25036, 35.36423], [139.25086, 35.36438], [139.25132, 35.36453], [139.25225, 35.36482], [139.25255, 35.36491], [139.25296, 35.36504], [139.25352, 35.36521], [139.25381, 35.3653], [139.25398, 35.36535], [139.25475, 35.36559], [139.25589, 35.36595], [139.25625, 35.36606], [139.25651, 35.36614], [139.25768, 35.36651], [139.25848, 35.36676], [139.25877, 35.36684], [139.25911, 35.36695], [139.2603, 35.36735], [139.26086, 35.36753], [139.26124, 35.36765], [139.26138, 35.36771], [139.26143, 35.36773], [139.26159, 35.36779], [139.26211, 35.36802], [139.2627, 35.36831], [139.26317, 35.36855], [139.26331, 35.36863], [139.26441, 35.36921], [139.26514, 35.3696], [139.26529, 35.36967], [139.26597, 35.37003], [139.26644, 35.37028], [139.2668, 35.37048], [139.26736, 35.37077], [139.26776, 35.37098], [139.2686, 35.37143], [139.26899, 35.37163], [139.26972, 35.37204], [139.27011, 35.3723], [139.27063, 35.37266]]}, "properties": {"id": "GEOM_TOKYO_0635", "route_id": "R_71E9E9F5", "route_name": null, "route_color": "#2B78D0", "route_text_color": null, "line_name": "小田原線", "operator_id": "odakyu", "representation": "service_path", "min_zoom": 0, "max_zoom": 24, "offset_rank": 0}}, {"type": "Feature", "bbox": [139.14061, 35.34537, 139.14122, 35.34543], "geometry": {"type": "LineString", "coordinates": [[139.14061, 35.34543], [139.14093, 35.34538], [139.14122, 35.34537]]}, "properties": {"id": "GEOM_TOKYO_0636", "route_id": "R_71E9E9F5", "route_name": null, "route_color": "#2B78D0", "route_text_color": null, "line_name": "小田原線", "operator_id": "odakyu", "representation": "service_path", "min_zoom": 0, "max_zoom": 24, "offset_rank": 0}}, {"type": "Feature", "bbox": [139.13061, 35.33758, 139.13598, 35.34304], "geometry": {"type": "LineString", "coordinates": [[139.13063, 35.33758], [139.13061, 35.33782], [139.13062, 35.33809], [139.13073, 35.33854], [139.13097, 35.33911], [139.13115, 35.3394], [139.13123, 35.33952], [139.13153, 35.3399], [139.13179, 35.34013], [139.13217, 35.34043], [139.13236, 35.34058], [139.1337, 35.34155], [139.13375, 35.34159], [139.13486, 35.34239], [139.13495, 35.34246], [139.13525, 35.34266], [139.13598, 35.34304]]}, "properties": {"id": "GEOM_TOKYO_0637", "route_id": "R_71E9E9F5", "route_name": null, "route_color": "#2B78D0", "route_text_color": null, "line_name": "小田原線", "operator_id": "odakyu", "representation": "service_path", "min_zoom": 0, "max_zoom": 24, "offset_rank": 0}}, {"type": "Feature", "bbox": [139.15447, 35.27142, 139.15454, 35.27212], "geometry": {"type": "LineString", "coordinates": [[139.15447, 35.27212], [139.15454, 35.27142]]}, "properties": {"id": "GEOM_TOKYO_0638", "route_id": "R_71E9E9F5", "route_name": null, "route_color": "#2B78D0", "route_text_color": null, "line_name": "小田原線", "operator_id": "odakyu", "representation": "service_path", "min_zoom": 0, "max_zoom": 24, "offset_rank": 0}}, {"type": "Feature", "bbox": [139.14012, 35.3449, 139.14122, 35.34537], "geometry": {"type": "LineString", "coordinates": [[139.14012, 35.3449], [139.14122, 35.34537]]}, "properties": {"id": "GEOM_TOKYO_0639", "route_id": "R_71E9E9F5", "route_name": null, "route_color": "#2B78D0", "route_text_color": null, "line_name": "小田原線", "operator_id": "odakyu", "representation": "service_path", "min_zoom": 0, "max_zoom": 24, "offset_rank": 0}}, {"type": "Feature", "bbox": [139.13878, 35.34432, 139.14012, 35.3449], "geometry": {"type": "LineString", "coordinates": [[139.13878, 35.34432], [139.14012, 35.3449]]}, "properties": {"id": "GEOM_TOKYO_0640", "route_id": "R_71E9E9F5", "route_name": null, "route_color": "#2B78D0", "route_text_color": null, "line_name": "小田原線", "operator_id": "odakyu", "representation": "service_path", "min_zoom": 0, "max_zoom": 24, "offset_rank": 0}}, {"type": "Feature", "bbox": [139.34366, 35.41737, 139.34465, 35.41817], "geometry": {"type": "LineString", "coordinates": [[139.34465, 35.41817], [139.34366, 35.41737]]}, "properties": {"id": "GEOM_TOKYO_0641", "route_id": "R_71E9E9F5", "route_name": null, "route_color": "#2B78D0", "route_text_color": null, "line_name": "小田原線", "operator_id": "odakyu", "representation": "service_path", "min_zoom": 0, "max_zoom": 24, "offset_rank": 0}}, {"type": "Feature", "bbox": [139.14263, 35.2974, 139.14491, 35.31034], "geometry": {"type": "LineString", "coordinates": [[139.14263, 35.31034], [139.1433, 35.30632], [139.14334, 35.30608], [139.14387, 35.30303], [139.14442, 35.29975], [139.14476, 35.29787], [139.14491, 35.2974]]}, "properties": {"id": "GEOM_TOKYO_0642", "route_id": "R_71E9E9F5", "route_name": null, "route_color": "#2B78D0", "route_text_color": null, "line_name": "小田原線", "operator_id": "odakyu", "representation": "service_path", "min_zoom": 0, "max_zoom": 24, "offset_rank": 0}}, {"type": "Feature", "bbox": [139.15454, 35.25707, 139.15697, 35.27142], "geometry": {"type": "LineString", "coordinates": [[139.15454, 35.27142], [139.15483, 35.26912], [139.15491, 35.26846], [139.15494, 35.2682], [139.15529, 35.2651], [139.15542, 35.26402], [139.15544, 35.26377], [139.15557, 35.26308], [139.15565, 35.26262], [139.15573, 35.2623], [139.15578, 35.2621], [139.1566, 35.25987], [139.15671, 35.25956], [139.15677, 35.25928], [139.15691, 35.25882], [139.15697, 35.25851], [139.15693, 35.2582], [139.15685, 35.25804], [139.1568, 35.25794], [139.15672, 35.25783], [139.15666, 35.25776], [139.15642, 35.25757], [139.15618, 35.25733], [139.15595, 35.25707]]}, "properties": {"id": "GEOM_TOKYO_0643", "route_id": "R_71E9E9F5", "route_name": null, "route_color": "#2B78D0", "route_text_color": null, "line_name": "小田原線", "operator_id": "odakyu", "representation": "service_path", "min_zoom": 0, "max_zoom": 24, "offset_rank": 0}}, {"type": "Feature", "bbox": [139.15491, 35.25564, 139.15595, 35.25707], "geometry": {"type": "LineString", "coordinates": [[139.15595, 35.25707], [139.15491, 35.25564]]}, "properties": {"id": "GEOM_TOKYO_0644", "route_id": "R_71E9E9F5", "route_name": null, "route_color": "#2B78D0", "route_text_color": null, "line_name": "小田原線", "operator_id": "odakyu", "representation": "service_path", "min_zoom": 0, "max_zoom": 24, "offset_rank": 0}}, {"type": "Feature", "bbox": [139.43698, 35.53111, 139.43879, 35.53329], "geometry": {"type": "LineString", "coordinates": [[139.43879, 35.53329], [139.43698, 35.53111]]}, "properties": {"id": "GEOM_TOKYO_0645", "route_id": "R_71E9E9F5", "route_name": null, "route_color": "#2B78D0", "route_text_color": null, "line_name": "小田原線", "operator_id": "odakyu", "representation": "service_path", "min_zoom": 0, "max_zoom": 24, "offset_rank": 0}}, {"type": "Feature", "bbox": [139.47032, 35.61275, 139.47118, 35.61354], "geometry": {"type": "LineString", "coordinates": [[139.47118, 35.61275], [139.47086, 35.61303], [139.47064, 35.61323], [139.47032, 35.61354]]}, "properties": {"id": "GEOM_TOKYO_0646", "route_id": "R_D0EAA77F", "route_name": null, "route_color": "#2B78D0", "route_text_color": null, "line_name": "多摩線", "operator_id": "odakyu", "representation": "service_path", "min_zoom": 0, "max_zoom": 24, "offset_rank": 0}}, {"type": "Feature", "bbox": [139.42342, 35.62459, 139.42533, 35.62527], "geometry": {"type": "LineString", "coordinates": [[139.42533, 35.62527], [139.42342, 35.62459]]}, "properties": {"id": "GEOM_TOKYO_0647", "route_id": "R_D0EAA77F", "route_name": null, "route_color": "#2B78D0", "route_text_color": null, "line_name": "多摩線", "operator_id": "odakyu", "representation": "service_path", "min_zoom": 0, "max_zoom": 24, "offset_rank": 0}}, {"type": "Feature", "bbox": [139.41218, 35.61732, 139.42342, 35.62459], "geometry": {"type": "LineString", "coordinates": [[139.42342, 35.62459], [139.42334, 35.62456], [139.42246, 35.6242], [139.4209, 35.62356], [139.42006, 35.62322], [139.41993, 35.62317], [139.41911, 35.62283], [139.41831, 35.62247], [139.4182, 35.62242], [139.41718, 35.62197], [139.41638, 35.6216], [139.41611, 35.62145], [139.41572, 35.62121], [139.41529, 35.62092], [139.41507, 35.62077], [139.41483, 35.62058], [139.41444, 35.62023], [139.41411, 35.61991], [139.41384, 35.61959], [139.4133, 35.6189], [139.41266, 35.61803], [139.41218, 35.61732]]}, "properties": {"id": "GEOM_TOKYO_0648", "route_id": "R_D0EAA77F", "route_name": null, "route_color": "#2B78D0", "route_text_color": null, "line_name": "多摩線", "operator_id": "odakyu", "representation": "service_path", "min_zoom": 0, "max_zoom": 24, "offset_rank": 0}}, {"type": "Feature", "bbox": [139.41117, 35.61581, 139.41218, 35.61732], "geometry": {"type": "LineString", "coordinates": [[139.41218, 35.61732], [139.41117, 35.61581]]}, "properties": {"id": "GEOM_TOKYO_0649", "route_id": "R_D0EAA77F", "route_name": null, "route_color": "#2B78D0", "route_text_color": null, "line_name": "多摩線", "operator_id": "odakyu", "representation": "service_path", "min_zoom": 0, "max_zoom": 24, "offset_rank": 0}}, {"type": "Feature", "bbox": [139.50667, 35.60306, 139.50828, 35.60435], "geometry": {"type": "LineString", "coordinates": [[139.50667, 35.60306], [139.50828, 35.60435]]}, "properties": {"id": "GEOM_TOKYO_0650", "route_id": "R_D0EAA77F", "route_name": null, "route_color": "#2B78D0", "route_text_color": null, "line_name": "多摩線", "operator_id": "odakyu", "representation": "service_path", "min_zoom": 0, "max_zoom": 24, "offset_rank": 0}}, {"type": "Feature", "bbox": [139.4927, 35.6, 139.49407, 35.60046], "geometry": {"type": "LineString", "coordinates": [[139.49407, 35.6], [139.4927, 35.60046]]}, "properties": {"id": "GEOM_TOKYO_0651", "route_id": "R_D0EAA77F", "route_name": null, "route_color": "#2B78D0", "route_text_color": null, "line_name": "多摩線", "operator_id": "odakyu", "representation": "service_path", "min_zoom": 0, "max_zoom": 24, "offset_rank": 0}}, {"type": "Feature", "bbox": [139.47118, 35.60605, 139.48074, 35.61275], "geometry": {"type": "LineString", "coordinates": [[139.48074, 35.60605], [139.48015, 35.60638], [139.47887, 35.60712], [139.47856, 35.6073], [139.47771, 35.60779], [139.47689, 35.60826], [139.47629, 35.60865], [139.47558, 35.6091], [139.47489, 35.60959], [139.47411, 35.61018], [139.47345, 35.61073], [139.47225, 35.6118], [139.47118, 35.61275]]}, "properties": {"id": "GEOM_TOKYO_0652", "route_id": "R_D0EAA77F", "route_name": null, "route_color": "#2B78D0", "route_text_color": null, "line_name": "多摩線", "operator_id": "odakyu", "representation": "service_path", "min_zoom": 0, "max_zoom": 24, "offset_rank": 0}}, {"type": "Feature", "bbox": [139.42533, 35.62527, 139.44696, 35.63078], "geometry": {"type": "LineString", "coordinates": [[139.44696, 35.63024], [139.44658, 35.63032], [139.44608, 35.63046], [139.44564, 35.63056], [139.44524, 35.63063], [139.4447, 35.63069], [139.44428, 35.63075], [139.44383, 35.63078], [139.44336, 35.63078], [139.4426, 35.63074], [139.44205, 35.63065], [139.44137, 35.63054], [139.44084, 35.63042], [139.44032, 35.63028], [139.43975, 35.63012], [139.43799, 35.62958], [139.43687, 35.62923], [139.43611, 35.62901], [139.43471, 35.62857], [139.43331, 35.62816], [139.43241, 35.62789], [139.43135, 35.62757], [139.43003, 35.6271], [139.42875, 35.62667], [139.42761, 35.62623], [139.42653, 35.62578], [139.42545, 35.62532], [139.42533, 35.62527]]}, "properties": {"id": "GEOM_TOKYO_0653", "route_id": "R_D0EAA77F", "route_name": null, "route_color": "#2B78D0", "route_text_color": null, "line_name": "多摩線", "operator_id": "odakyu", "representation": "service_path", "min_zoom": 0, "max_zoom": 24, "offset_rank": 0}}, {"type": "Feature", "bbox": [139.44916, 35.6191, 139.46423, 35.62959], "geometry": {"type": "LineString", "coordinates": [[139.46423, 35.6191], [139.46367, 35.61961], [139.4627, 35.62051], [139.46137, 35.62172], [139.46121, 35.62187], [139.46081, 35.62226], [139.46045, 35.62261], [139.45989, 35.62311], [139.45953, 35.62342], [139.45872, 35.62419], [139.45792, 35.62497], [139.45746, 35.62543], [139.45683, 35.62603], [139.4562, 35.62653], [139.4553, 35.62716], [139.45458, 35.62761], [139.45394, 35.62795], [139.45228, 35.62853], [139.45094, 35.629], [139.44949, 35.6295], [139.44916, 35.62959]]}, "properties": {"id": "GEOM_TOKYO_0654", "route_id": "R_D0EAA77F", "route_name": null, "route_color": "#2B78D0", "route_text_color": null, "line_name": "多摩線", "operator_id": "odakyu", "representation": "service_path", "min_zoom": 0, "max_zoom": 24, "offset_rank": 0}}, {"type": "Feature", "bbox": [139.48074, 35.60545, 139.48185, 35.60605], "geometry": {"type": "LineString", "coordinates": [[139.48185, 35.60545], [139.48074, 35.60605]]}, "properties": {"id": "GEOM_TOKYO_0655", "route_id": "R_D0EAA77F", "route_name": null, "route_color": "#2B78D0", "route_text_color": null, "line_name": "多摩線", "operator_id": "odakyu", "representation": "service_path", "min_zoom": 0, "max_zoom": 24, "offset_rank": 0}}, {"type": "Feature", "bbox": [139.46423, 35.61771, 139.46574, 35.6191], "geometry": {"type": "LineString", "coordinates": [[139.46423, 35.6191], [139.46463, 35.61873], [139.46532, 35.6181], [139.46574, 35.61771]]}, "properties": {"id": "GEOM_TOKYO_0656", "route_id": "R_D0EAA77F", "route_name": null, "route_color": "#2B78D0", "route_text_color": null, "line_name": "多摩線", "operator_id": "odakyu", "representation": "service_path", "min_zoom": 0, "max_zoom": 24, "offset_rank": 0}}, {"type": "Feature", "bbox": [139.46574, 35.61354, 139.47032, 35.61771], "geometry": {"type": "LineString", "coordinates": [[139.47032, 35.61354], [139.47027, 35.61359], [139.46905, 35.61469], [139.4688, 35.61492], [139.46774, 35.61588], [139.46717, 35.61642], [139.46601, 35.61748], [139.46574, 35.61771]]}, "properties": {"id": "GEOM_TOKYO_0657", "route_id": "R_D0EAA77F", "route_name": null, "route_color": "#2B78D0", "route_text_color": null, "line_name": "多摩線", "operator_id": "odakyu", "representation": "service_path", "min_zoom": 0, "max_zoom": 24, "offset_rank": 0}}, {"type": "Feature", "bbox": [139.48185, 35.60046, 139.4927, 35.60545], "geometry": {"type": "LineString", "coordinates": [[139.4927, 35.60046], [139.49248, 35.60055], [139.48964, 35.60154], [139.48859, 35.60193], [139.48788, 35.60222], [139.48716, 35.60257], [139.48637, 35.60297], [139.48601, 35.60316], [139.48458, 35.60391], [139.48354, 35.60448], [139.48185, 35.60545]]}, "properties": {"id": "GEOM_TOKYO_0658", "route_id": "R_D0EAA77F", "route_name": null, "route_color": "#2B78D0", "route_text_color": null, "line_name": "多摩線", "operator_id": "odakyu", "representation": "service_path", "min_zoom": 0, "max_zoom": 24, "offset_rank": 0}}, {"type": "Feature", "bbox": [139.44696, 35.62959, 139.44916, 35.63024], "geometry": {"type": "LineString", "coordinates": [[139.44916, 35.62959], [139.44866, 35.62975], [139.44775, 35.63001], [139.44696, 35.63024]]}, "properties": {"id": "GEOM_TOKYO_0659", "route_id": "R_D0EAA77F", "route_name": null, "route_color": "#2B78D0", "route_text_color": null, "line_name": "多摩線", "operator_id": "odakyu", "representation": "service_path", "min_zoom": 0, "max_zoom": 24, "offset_rank": 0}}, {"type": "Feature", "bbox": [139.49407, 35.59886, 139.50288, 35.60006], "geometry": {"type": "LineString", "coordinates": [[139.49407, 35.6], [139.4968, 35.59908], [139.49699, 35.59901], [139.49719, 35.59898], [139.49748, 35.59894], [139.49763, 35.59891], [139.49786, 35.59889], [139.49828, 35.59887], [139.49904, 35.59886], [139.49952, 35.59887], [139.49959, 35.59888], [139.49984, 35.59891], [139.50008, 35.59895], [139.50042, 35.59902], [139.50103, 35.5992], [139.50166, 35.59944], [139.50238, 35.59979], [139.50288, 35.60006]]}, "properties": {"id": "GEOM_TOKYO_0660", "route_id": "R_D0EAA77F", "route_name": null, "route_color": "#2B78D0", "route_text_color": null, "line_name": "多摩線", "operator_id": "odakyu", "representation": "service_path", "min_zoom": 0, "max_zoom": 24, "offset_rank": 0}}, {"type": "Feature", "bbox": [139.50288, 35.60006, 139.50667, 35.60306], "geometry": {"type": "LineString", "coordinates": [[139.50288, 35.60006], [139.50298, 35.60012], [139.50319, 35.6003], [139.50335, 35.60041], [139.50429, 35.60118], [139.50546, 35.6021], [139.50572, 35.60231], [139.50667, 35.60306]]}, "properties": {"id": "GEOM_TOKYO_0661", "route_id": "R_D0EAA77F", "route_name": null, "route_color": "#2B78D0", "route_text_color": null, "line_name": "多摩線", "operator_id": "odakyu", "representation": "service_path", "min_zoom": 0, "max_zoom": 24, "offset_rank": 0}}, {"type": "Feature", "bbox": [139.48921, 35.65584, 139.49904, 35.65616], "geometry": {"type": "LineString", "coordinates": [[139.48921, 35.65616], [139.49168, 35.65604], [139.49679, 35.65584], [139.49757, 35.65585], [139.49803, 35.65587], [139.49856, 35.65595], [139.49904, 35.65607]]}, "properties": {"id": "GEOM_TOKYO_0831", "route_id": "R_594DE0D4", "route_name": "多摩川線", "route_color": "#00A15F", "route_text_color": "#ffffff", "line_name": "多摩川線", "operator_id": "seibu", "representation": "service_path", "min_zoom": 0, "max_zoom": 24, "offset_rank": 0}}, {"type": "Feature", "bbox": [139.49904, 35.65607, 139.50028, 35.65635], "geometry": {"type": "LineString", "coordinates": [[139.49904, 35.65607], [139.50028, 35.65635]]}, "properties": {"id": "GEOM_TOKYO_0832", "route_id": "R_594DE0D4", "route_name": "多摩川線", "route_color": "#00A15F", "route_text_color": "#ffffff", "line_name": "多摩川線", "operator_id": "seibu", "representation": "service_path", "min_zoom": 0, "max_zoom": 24, "offset_rank": 0}}, {"type": "Feature", "bbox": [139.5103, 35.66682, 139.51692, 35.67634], "geometry": {"type": "LineString", "coordinates": [[139.51692, 35.67634], [139.51677, 35.67601], [139.51671, 35.67587], [139.51634, 35.67508], [139.51604, 35.67444], [139.51567, 35.67367], [139.5154, 35.67309], [139.515, 35.67226], [139.51458, 35.67136], [139.51414, 35.67046], [139.51384, 35.6699], [139.51347, 35.66943], [139.51287, 35.6688], [139.5123, 35.66823], [139.5103, 35.66682]]}, "properties": {"id": "GEOM_TOKYO_0833", "route_id": "R_594DE0D4", "route_name": "多摩川線", "route_color": "#00A15F", "route_text_color": "#ffffff", "line_name": "多摩川線", "operator_id": "seibu", "representation": "service_path", "min_zoom": 0, "max_zoom": 24, "offset_rank": 0}}, {"type": "Feature", "bbox": [139.50875, 35.66579, 139.5103, 35.66682], "geometry": {"type": "LineString", "coordinates": [[139.50875, 35.66579], [139.5103, 35.66682]]}, "properties": {"id": "GEOM_TOKYO_0836", "route_id": "R_594DE0D4", "route_name": "多摩川線", "route_color": "#00A15F", "route_text_color": "#ffffff", "line_name": "多摩川線", "operator_id": "seibu", "representation": "service_path", "min_zoom": 0, "max_zoom": 24, "offset_rank": 0}}, {"type": "Feature", "bbox": [139.50028, 35.65635, 139.50875, 35.66579], "geometry": {"type": "LineString", "coordinates": [[139.50028, 35.65635], [139.50063, 35.65644], [139.50134, 35.65665], [139.50174, 35.65682], [139.50202, 35.65698], [139.50231, 35.6572], [139.50255, 35.65748], [139.50277, 35.65784], [139.50285, 35.65802], [139.50296, 35.65827], [139.50327, 35.6593], [139.5037, 35.66092], [139.50392, 35.66169], [139.50409, 35.66206], [139.50436, 35.66241], [139.50465, 35.66274], [139.50525, 35.66325], [139.50608, 35.66385], [139.50737, 35.66473], [139.50775, 35.66506], [139.5083, 35.66546], [139.50875, 35.66579]]}, "properties": {"id": "GEOM_TOKYO_0837", "route_id": "R_594DE0D4", "route_name": "多摩川線", "route_color": "#00A15F", "route_text_color": "#ffffff", "line_name": "多摩川線", "operator_id": "seibu", "representation": "service_path", "min_zoom": 0, "max_zoom": 24, "offset_rank": 0}}, {"type": "Feature", "bbox": [139.48807, 35.65616, 139.48921, 35.65621], "geometry": {"type": "LineString", "coordinates": [[139.48921, 35.65616], [139.48807, 35.65621]]}, "properties": {"id": "GEOM_TOKYO_0838", "route_id": "R_594DE0D4", "route_name": "多摩川線", "route_color": "#00A15F", "route_text_color": "#ffffff", "line_name": "多摩川線", "operator_id": "seibu", "representation": "service_path", "min_zoom": 0, "max_zoom": 24, "offset_rank": 0}}, {"type": "Feature", "bbox": [139.41094, 35.65554, 139.41516, 35.66095], "geometry": {"type": "LineString", "coordinates": [[139.41516, 35.66095], [139.41514, 35.6609], [139.41508, 35.66071], [139.41484, 35.66035], [139.41415, 35.65954], [139.41389, 35.65919], [139.41361, 35.65879], [139.41338, 35.65841], [139.41295, 35.65766], [139.41281, 35.65746], [139.41263, 35.65727], [139.41238, 35.65702], [139.41208, 35.65678], [139.41171, 35.65648], [139.41148, 35.65624], [139.41135, 35.6561], [139.41121, 35.65594], [139.41108, 35.65577], [139.41098, 35.65561], [139.41094, 35.65554]]}, "properties": {"id": "GEOM_TOKYO_0945", "route_id": "R_E05060FC", "route_name": null, "route_color": "#54C0D8", "route_text_color": null, "line_name": "多摩都市モノレール線", "operator_id": "tama_monorail", "representation": "service_path", "min_zoom": 0, "max_zoom": 24, "offset_rank": 0}}, {"type": "Feature", "bbox": [139.42192, 35.63147, 139.42215, 35.63212], "geometry": {"type": "LineString", "coordinates": [[139.42215, 35.63147], [139.42192, 35.63212]]}, "properties": {"id": "GEOM_TOKYO_0946", "route_id": "R_E05060FC", "route_name": null, "route_color": "#54C0D8", "route_text_color": null, "line_name": "多摩都市モノレール線", "operator_id": "tama_monorail", "representation": "service_path", "min_zoom": 0, "max_zoom": 24, "offset_rank": 0}}, {"type": "Feature", "bbox": [139.41057, 35.65492, 139.41094, 35.65554], "geometry": {"type": "LineString", "coordinates": [[139.41057, 35.65492], [139.41094, 35.65554]]}, "properties": {"id": "GEOM_TOKYO_0947", "route_id": "R_E05060FC", "route_name": null, "route_color": "#54C0D8", "route_text_color": null, "line_name": "多摩都市モノレール線", "operator_id": "tama_monorail", "representation": "service_path", "min_zoom": 0, "max_zoom": 24, "offset_rank": 0}}, {"type": "Feature", "bbox": [139.41676, 35.63212, 139.42192, 35.63666], "geometry": {"type": "LineString", "coordinates": [[139.42192, 35.63212], [139.42189, 35.63218], [139.42169, 35.63269], [139.42139, 35.63331], [139.42117, 35.6336], [139.4209, 35.63386], [139.42057, 35.63414], [139.4195, 35.63486], [139.41786, 35.63593], [139.41683, 35.63662], [139.41676, 35.63666]]}, "properties": {"id": "GEOM_TOKYO_0948", "route_id": "R_E05060FC", "route_name": null, "route_color": "#54C0D8", "route_text_color": null, "line_name": "多摩都市モノレール線", "operator_id": "tama_monorail", "representation": "service_path", "min_zoom": 0, "max_zoom": 24, "offset_rank": 0}}, {"type": "Feature", "bbox": [139.40372, 35.64821, 139.40391, 35.64886], "geometry": {"type": "LineString", "coordinates": [[139.40372, 35.64821], [139.40391, 35.64886]]}, "properties": {"id": "GEOM_TOKYO_0949", "route_id": "R_E05060FC", "route_name": null, "route_color": "#54C0D8", "route_text_color": null, "line_name": "多摩都市モノレール線", "operator_id": "tama_monorail", "representation": "service_path", "min_zoom": 0, "max_zoom": 24, "offset_rank": 0}}, {"type": "Feature", "bbox": [139.42267, 35.62352, 139.4229, 35.62419], "geometry": {"type": "LineString", "coordinates": [[139.42267, 35.62352], [139.4229, 35.62419]]}, "properties": {"id": "GEOM_TOKYO_0950", "route_id": "R_E05060FC", "route_name": null, "route_color": "#54C0D8", "route_text_color": null, "line_name": "多摩都市モノレール線", "operator_id": "tama_monorail", "representation": "service_path", "min_zoom": 0, "max_zoom": 24, "offset_rank": 0}}, {"type": "Feature", "bbox": [139.40391, 35.64886, 139.41057, 35.65492], "geometry": {"type": "LineString", "coordinates": [[139.40391, 35.64886], [139.40393, 35.64894], [139.40401, 35.6492], [139.40408, 35.64936], [139.40422, 35.6495], [139.40444, 35.64968], [139.40478, 35.64989], [139.40513, 35.6501], [139.4055, 35.65027], [139.40585, 35.65041], [139.40666, 35.6506], [139.40705, 35.65069], [139.40734, 35.6508], [139.40758, 35.65093], [139.40783, 35.65114], [139.40813, 35.65142], [139.40829, 35.65169], [139.40852, 35.65223], [139.40875, 35.65289], [139.40889, 35.65313], [139.40902, 35.65335], [139.40918, 35.65353], [139.40939, 35.65375], [139.40961, 35.65394], [139.40986, 35.65412], [139.41012, 35.65431], [139.41028, 35.65447], [139.41043, 35.65466], [139.41055, 35.65488], [139.41057, 35.65492]]}, "properties": {"id": "GEOM_TOKYO_0952", "route_id": "R_E05060FC", "route_name": null, "route_color": "#54C0D8", "route_text_color": null, "line_name": "多摩都市モノレール線", "operator_id": "tama_monorail", "representation": "service_path", "min_zoom": 0, "max_zoom": 24, "offset_rank": 0}}, {"type": "Feature", "bbox": [139.40349, 35.64204, 139.40837, 35.64821], "geometry": {"type": "LineString", "coordinates": [[139.40837, 35.64204], [139.40746, 35.64235], [139.40705, 35.64247], [139.4064, 35.64259], [139.40586, 35.64267], [139.40527, 35.64281], [139.40498, 35.6429], [139.40463, 35.64304], [139.40442, 35.64316], [139.40428, 35.64329], [139.40419, 35.6434], [139.40413, 35.64353], [139.40411, 35.64357], [139.40403, 35.64384], [139.40398, 35.64406], [139.40397, 35.6442], [139.40398, 35.6444], [139.40403, 35.64515], [139.40404, 35.64544], [139.40395, 35.64578], [139.40384, 35.64599], [139.40357, 35.6465], [139.40349, 35.64671], [139.40349, 35.64693], [139.40351, 35.64725], [139.40371, 35.64814], [139.40372, 35.64821]]}, "properties": {"id": "GEOM_TOKYO_0953", "route_id": "R_E05060FC", "route_name": null, "route_color": "#54C0D8", "route_text_color": null, "line_name": "多摩都市モノレール線", "operator_id": "tama_monorail", "representation": "service_path", "min_zoom": 0, "max_zoom": 24, "offset_rank": 0}}, {"type": "Feature", "bbox": [139.40837, 35.64173, 139.40908, 35.64204], "geometry": {"type": "LineString", "coordinates": [[139.40908, 35.64173], [139.40837, 35.64204]]}, "properties": {"id": "GEOM_TOKYO_0955", "route_id": "R_E05060FC", "route_name": null, "route_color": "#54C0D8", "route_text_color": null, "line_name": "多摩都市モノレール線", "operator_id": "tama_monorail", "representation": "service_path", "min_zoom": 0, "max_zoom": 24, "offset_rank": 0}}, {"type": "Feature", "bbox": [139.40908, 35.63706, 139.41613, 35.64173], "geometry": {"type": "LineString", "coordinates": [[139.41613, 35.63706], [139.41606, 35.63711], [139.4153, 35.63767], [139.4147, 35.63816], [139.41445, 35.6384], [139.41377, 35.63933], [139.4135, 35.63963], [139.41317, 35.63989], [139.41282, 35.6401], [139.41214, 35.64041], [139.40916, 35.64169], [139.40908, 35.64173]]}, "properties": {"id": "GEOM_TOKYO_0956", "route_id": "R_E05060FC", "route_name": null, "route_color": "#54C0D8", "route_text_color": null, "line_name": "多摩都市モノレール線", "operator_id": "tama_monorail", "representation": "service_path", "min_zoom": 0, "max_zoom": 24, "offset_rank": 0}}, {"type": "Feature", "bbox": [139.42215, 35.62419, 139.42379, 35.63147], "geometry": {"type": "LineString", "coordinates": [[139.4229, 35.62419], [139.42292, 35.62426], [139.42341, 35.6257], [139.42364, 35.62641], [139.42376, 35.62685], [139.42379, 35.62717], [139.42378, 35.62749], [139.42374, 35.62777], [139.42368, 35.62802], [139.42324, 35.62905], [139.42315, 35.62924], [139.4229, 35.62977], [139.42245, 35.63076], [139.4223, 35.63113], [139.42217, 35.63141], [139.42215, 35.63147]]}, "properties": {"id": "GEOM_TOKYO_0957", "route_id": "R_E05060FC", "route_name": null, "route_color": "#54C0D8", "route_text_color": null, "line_name": "多摩都市モノレール線", "operator_id": "tama_monorail", "representation": "service_path", "min_zoom": 0, "max_zoom": 24, "offset_rank": 0}}, {"type": "Feature", "bbox": [139.41962, 35.67104, 139.4201, 35.67159], "geometry": {"type": "LineString", "coordinates": [[139.41962, 35.67159], [139.4201, 35.67104]]}, "properties": {"id": "GEOM_TOKYO_0958", "route_id": "R_E05060FC", "route_name": null, "route_color": "#54C0D8", "route_text_color": null, "line_name": "多摩都市モノレール線", "operator_id": "tama_monorail", "representation": "service_path", "min_zoom": 0, "max_zoom": 24, "offset_rank": 0}}, {"type": "Feature", "bbox": [139.40946, 35.67159, 139.41962, 35.67807], "geometry": {"type": "LineString", "coordinates": [[139.40946, 35.67807], [139.41091, 35.67716], [139.41351, 35.67553], [139.41519, 35.67448], [139.41714, 35.67326], [139.41851, 35.67239], [139.41926, 35.67189], [139.41962, 35.67159]]}, "properties": {"id": "GEOM_TOKYO_0959", "route_id": "R_E05060FC", "route_name": null, "route_color": "#54C0D8", "route_text_color": null, "line_name": "多摩都市モノレール線", "operator_id": "tama_monorail", "representation": "service_path", "min_zoom": 0, "max_zoom": 24, "offset_rank": 0}}, {"type": "Feature", "bbox": [139.41531, 35.66163, 139.42062, 35.67104], "geometry": {"type": "LineString", "coordinates": [[139.41531, 35.66163], [139.41534, 35.6617], [139.41553, 35.66221], [139.41554, 35.66224], [139.41566, 35.66245], [139.41575, 35.66259], [139.41593, 35.66279], [139.41623, 35.66307], [139.417, 35.66374], [139.41778, 35.66443], [139.41843, 35.66501], [139.41879, 35.6654], [139.41914, 35.66587], [139.4195, 35.66642], [139.4202, 35.6676], [139.42052, 35.66824], [139.42062, 35.66853], [139.42062, 35.66878], [139.42062, 35.66922], [139.42052, 35.6699], [139.42048, 35.67026], [139.42044, 35.67043], [139.42038, 35.6706], [139.4201, 35.67104]]}, "properties": {"id": "GEOM_TOKYO_0960", "route_id": "R_E05060FC", "route_name": null, "route_color": "#54C0D8", "route_text_color": null, "line_name": "多摩都市モノレール線", "operator_id": "tama_monorail", "representation": "service_path", "min_zoom": 0, "max_zoom": 24, "offset_rank": 0}}, {"type": "Feature", "bbox": [139.41613, 35.63666, 139.41676, 35.63706], "geometry": {"type": "LineString", "coordinates": [[139.41676, 35.63666], [139.41613, 35.63706]]}, "properties": {"id": "GEOM_TOKYO_0961", "route_id": "R_E05060FC", "route_name": null, "route_color": "#54C0D8", "route_text_color": null, "line_name": "多摩都市モノレール線", "operator_id": "tama_monorail", "representation": "service_path", "min_zoom": 0, "max_zoom": 24, "offset_rank": 0}}, {"type": "Feature", "bbox": [139.41516, 35.66095, 139.41531, 35.66163], "geometry": {"type": "LineString", "coordinates": [[139.41516, 35.66095], [139.41531, 35.66163]]}, "properties": {"id": "GEOM_TOKYO_0962", "route_id": "R_E05060FC", "route_name": null, "route_color": "#54C0D8", "route_text_color": null, "line_name": "多摩都市モノレール線", "operator_id": "tama_monorail", "representation": "service_path", "min_zoom": 0, "max_zoom": 24, "offset_rank": 0}}, {"type": "Feature", "bbox": [139.15582, 35.25741, 139.59111, 35.48638], "geometry": {"type": "LineString", "coordinates": [[139.15582, 35.25741], [139.15594, 35.25752], [139.16043, 35.26191], [139.16057, 35.26205], [139.1608, 35.26227], [139.16119, 35.26265], [139.16123, 35.26269], [139.16157, 35.26302], [139.16268, 35.26411], [139.16291, 35.26433], [139.1658, 35.26716], [139.16615, 35.2675], [139.16642, 35.26776], [139.16782, 35.26913], [139.17077, 35.272], [139.17232, 35.27352], [139.1732, 35.27431], [139.17399, 35.27499], [139.17413, 35.2751], [139.17476, 35.27562], [139.17489, 35.27573], [139.17511, 35.27591], [139.17527, 35.27604], [139.17536, 35.27611], [139.17595, 35.27653], [139.17608, 35.27662], [139.17675, 35.2771], [139.17916, 35.27864], [139.18203, 35.28019], [139.1826, 35.28047], [139.18883, 35.28337], [139.18949, 35.28367], [139.18961, 35.28372], [139.1897, 35.28377], [139.19055, 35.28416], [139.1912, 35.28446], [139.19142, 35.28456], [139.19148, 35.28459], [139.19184, 35.28475], [139.19213, 35.28489], [139.19313, 35.28534], [139.19636, 35.28683], [139.19667, 35.28697], [139.19836, 35.28778], [139.1999, 35.28849], [139.20357, 35.29016], [139.20401, 35.29036], [139.20512, 35.29088], [139.21261, 35.29431], [139.21476, 35.29532], [139.21687, 35.29631], [139.21743, 35.29655], [139.21757, 35.29661], [139.2188, 35.29718], [139.21941, 35.29746], [139.21976, 35.29762], [139.22111, 35.29825], [139.22125, 35.29831], [139.22133, 35.29835], [139.22144, 35.2984], [139.22265, 35.29896], [139.22277, 35.29901], [139.22322, 35.29922], [139.22345, 35.29933], [139.22368, 35.29943], [139.22389, 35.29953], [139.22395, 35.29956], [139.22517, 35.30009], [139.2253, 35.30014], [139.22619, 35.3005], [139.22631, 35.30054], [139.22752, 35.30102], [139.22925, 35.30165], [139.23048, 35.30206], [139.2322, 35.30253], [139.23346, 35.30288], [139.23456, 35.3032], [139.23535, 35.30342], [139.23557, 35.30348], [139.23674, 35.3038], [139.23691, 35.30385], [139.23771, 35.30408], [139.23832, 35.30425], [139.2431, 35.30562], [139.24682, 35.3067], [139.24687, 35.30677], [139.24716, 35.30687], [139.24725, 35.30691], [139.2477, 35.30704], [139.24795, 35.30712], [139.24839, 35.30725], [139.24857, 35.3073], [139.24908, 35.30746], [139.24915, 35.30748], [139.25056, 35.30789], [139.25197, 35.30831], [139.25325, 35.30868], [139.25426, 35.30898], [139.25494, 35.30918], [139.255, 35.3092], [139.25545, 35.30934], [139.25557, 35.30937], [139.2563, 35.30958], [139.25639, 35.3096], [139.2572, 35.30983], [139.25729, 35.30985], [139.2575, 35.30992], [139.25793, 35.31004], [139.25798, 35.31005], [139.25836, 35.31016], [139.25843, 35.31018], [139.25905, 35.31037], [139.2603, 35.31072], [139.26066, 35.31082], [139.26101, 35.31092], [139.26112, 35.31095], [139.26157, 35.3111], [139.26166, 35.31112], [139.26256, 35.31138], [139.26442, 35.31189], [139.26488, 35.31201], [139.26602, 35.31231], [139.26668, 35.31252], [139.26761, 35.31282], [139.26785, 35.31291], [139.27007, 35.31376], [139.27121, 35.31428], [139.27225, 35.31478], [139.27272, 35.31504], [139.27337, 35.31543], [139.27471, 35.31619], [139.276, 35.31693], [139.27675, 35.31738], [139.2775, 35.31782], [139.278, 35.31811], [139.27975, 35.31913], [139.28082, 35.31976], [139.28225, 35.32059], [139.28377, 35.32148], [139.28532, 35.3224], [139.28652, 35.32306], [139.28731, 35.32354], [139.28831, 35.32418], [139.2889, 35.32462], [139.28944, 35.32509], [139.28993, 35.32552], [139.29089, 35.32638], [139.29167, 35.32711], [139.29285, 35.3282], [139.29306, 35.3284], [139.29328, 35.32861], [139.29477, 35.32995], [139.29567, 35.33076], [139.29589, 35.33095], [139.29684, 35.33178], [139.29721, 35.33215], [139.2978, 35.33269], [139.29853, 35.33335], [139.29902, 35.3338], [139.29925, 35.33401], [139.30023, 35.33489], [139.30081, 35.33539], [139.301, 35.33556], [139.30126, 35.3358], [139.30187, 35.33631], [139.3022, 35.33661], [139.30247, 35.33685], [139.30302, 35.33745], [139.30407, 35.33857], [139.30507, 35.33965], [139.30633, 35.341], [139.30661, 35.3413], [139.30725, 35.34199], [139.30758, 35.34235], [139.30886, 35.3437], [139.30909, 35.34395], [139.30913, 35.344], [139.30947, 35.34437], [139.31056, 35.34554], [139.31075, 35.34574], [139.31103, 35.34605], [139.31116, 35.34619], [139.31199, 35.34707], [139.3122, 35.34731], [139.31277, 35.34792], [139.31296, 35.34815], [139.314, 35.34923], [139.31528, 35.35058], [139.31626, 35.3516], [139.31649, 35.35183], [139.3173, 35.35268], [139.31738, 35.35277], [139.3189, 35.35436], [139.31961, 35.35501], [139.31996, 35.35532], [139.32022, 35.35553], [139.3214, 35.35642], [139.32223, 35.35701], [139.32321, 35.3577], [139.32521, 35.35913], [139.32595, 35.35965], [139.327, 35.36042], [139.32733, 35.36066], [139.32858, 35.36156], [139.32997, 35.36256], [139.3302, 35.36273], [139.33412, 35.36555], [139.33439, 35.36573], [139.33623, 35.36707], [139.3365, 35.36726], [139.3381, 35.36841], [139.33868, 35.36884], [139.34055, 35.37018], [139.34172, 35.37102], [139.3425, 35.37157], [139.3429, 35.37187], [139.3439, 35.37259], [139.34509, 35.37345], [139.34541, 35.37369], [139.34651, 35.37447], [139.3473, 35.37504], [139.34785, 35.37544], [139.34847, 35.37589], [139.34902, 35.37628], [139.34932, 35.37652], [139.35091, 35.37766], [139.35117, 35.37785], [139.35229, 35.37864], [139.35272, 35.37896], [139.35284, 35.37904], [139.35306, 35.37921], [139.3548, 35.38046], [139.35505, 35.38064], [139.35525, 35.38079], [139.35539, 35.38089], [139.3555, 35.38098], [139.356, 35.38134], [139.35615, 35.38145], [139.35624, 35.38152], [139.35742, 35.38237], [139.35772, 35.38258], [139.35935, 35.38376], [139.36037, 35.3845], [139.36145, 35.38525], [139.36151, 35.3853], [139.36171, 35.38542], [139.36194, 35.38556], [139.36203, 35.38562], [139.3623, 35.38579], [139.36362, 35.38661], [139.36462, 35.38718], [139.36506, 35.38739], [139.36553, 35.38763], [139.36611, 35.3879], [139.36667, 35.38818], [139.36808, 35.38882], [139.36927, 35.38937], [139.36979, 35.3896], [139.37024, 35.38981], [139.3714, 35.39034], [139.3718, 35.39053], [139.37397, 35.39145], [139.374, 35.39146], [139.37573, 35.39223], [139.37805, 35.39323], [139.37843, 35.39341], [139.37963, 35.39394], [139.38162, 35.39481], [139.38216, 35.39505], [139.38239, 35.39516], [139.38262, 35.39526], [139.38378, 35.39577], [139.38404, 35.39588], [139.38435, 35.39602], [139.38469, 35.39616], [139.38515, 35.39636], [139.38674, 35.39706], [139.3876, 35.39744], [139.3884, 35.39779], [139.38934, 35.39821], [139.38986, 35.39844], [139.39136, 35.3991], [139.39182, 35.3993], [139.39277, 35.39973], [139.39423, 35.40035], [139.39533, 35.40084], [139.39666, 35.40142], [139.39689, 35.40152], [139.3995, 35.40267], [139.39974, 35.40278], [139.40106, 35.40335], [139.40382, 35.40455], [139.40527, 35.4052], [139.40643, 35.40571], [139.40796, 35.40638], [139.41148, 35.40793], [139.4121, 35.4082], [139.41234, 35.4083], [139.41462, 35.40933], [139.41508, 35.40952], [139.41868, 35.41114], [139.42113, 35.41224], [139.42307, 35.41308], [139.42479, 35.41386], [139.42638, 35.41458], [139.42861, 35.41562], [139.42898, 35.41579], [139.43033, 35.41641], [139.43088, 35.41666], [139.4311, 35.41676], [139.43321, 35.41774], [139.43436, 35.41826], [139.43586, 35.41894], [139.43754, 35.4197], [139.43785, 35.41984], [139.43805, 35.41993], [139.43957, 35.42062], [139.44045, 35.42101], [139.44099, 35.42126], [139.44102, 35.42127], [139.44228, 35.42184], [139.44262, 35.42199], [139.44294, 35.42213], [139.44343, 35.42236], [139.44374, 35.4225], [139.4449, 35.42302], [139.44506, 35.42309], [139.44583, 35.42344], [139.44693, 35.42394], [139.44785, 35.42436], [139.44832, 35.42457], [139.45085, 35.42573], [139.45102, 35.4258], [139.45107, 35.42583], [139.45259, 35.42652], [139.4533, 35.42685], [139.45342, 35.4269], [139.45524, 35.42769], [139.45541, 35.42776], [139.45697, 35.42844], [139.45761, 35.42874], [139.45795, 35.42889], [139.45889, 35.42933], [139.45912, 35.42943], [139.45981, 35.42974], [139.45992, 35.42979], [139.46018, 35.42991], [139.46086, 35.43022], [139.46107, 35.43031], [139.46113, 35.43033], [139.46139, 35.43045], [139.46187, 35.43065], [139.46207, 35.43073], [139.46211, 35.43075], [139.46303, 35.43113], [139.46358, 35.43135], [139.46374, 35.43141], [139.46382, 35.43144], [139.46393, 35.43149], [139.46408, 35.43154], [139.46441, 35.43167], [139.46626, 35.4324], [139.46726, 35.43274], [139.4679, 35.43297], [139.46912, 35.4334], [139.47025, 35.43381], [139.47062, 35.43395], [139.47291, 35.43481], [139.47321, 35.43492], [139.47356, 35.43505], [139.47397, 35.43519], [139.47429, 35.4353], [139.47587, 35.43587], [139.47741, 35.43644], [139.47747, 35.43646], [139.47772, 35.43656], [139.47778, 35.43658], [139.47823, 35.43675], [139.47829, 35.43677], [139.47846, 35.43683], [139.47854, 35.43686], [139.47893, 35.43701], [139.47986, 35.43736], [139.48004, 35.43742], [139.48177, 35.43808], [139.48185, 35.43811], [139.48193, 35.43814], [139.48201, 35.43817], [139.48226, 35.43826], [139.48258, 35.43838], [139.48329, 35.43864], [139.48339, 35.43868], [139.48362, 35.43876], [139.48419, 35.43896], [139.48431, 35.439], [139.48454, 35.43907], [139.48466, 35.43912], [139.4853, 35.43935], [139.48538, 35.43938], [139.48548, 35.43942], [139.48554, 35.43944], [139.48705, 35.44001], [139.48713, 35.44004], [139.4885, 35.44054], [139.48894, 35.44069], [139.48926, 35.44081], [139.49138, 35.44158], [139.49167, 35.44168], [139.49217, 35.44186], [139.49383, 35.44246], [139.49401, 35.44253], [139.49404, 35.44253], [139.49523, 35.44299], [139.49571, 35.44316], [139.49594, 35.44324], [139.4968, 35.4435], [139.49855, 35.44415], [139.50027, 35.44479], [139.50249, 35.44562], [139.5042, 35.44627], [139.50492, 35.44653], [139.50649, 35.44704], [139.50939, 35.4479], [139.50986, 35.44804], [139.51347, 35.4491], [139.51615, 35.44996], [139.51626, 35.44999], [139.51872, 35.45104], [139.52105, 35.45223], [139.52268, 35.45313], [139.52548, 35.45479], [139.52569, 35.45492], [139.52718, 35.4558], [139.52737, 35.45591], [139.53057, 35.45782], [139.53146, 35.45837], [139.53247, 35.45893], [139.53461, 35.46023], [139.53629, 35.46122], [139.53903, 35.46284], [139.5415, 35.46432], [139.54216, 35.46469], [139.54233, 35.4648], [139.54251, 35.46491], [139.54346, 35.46547], [139.54474, 35.46625], [139.54654, 35.4673], [139.54751, 35.46786], [139.54783, 35.46805], [139.54791, 35.46809], [139.5502, 35.46949], [139.55044, 35.46963], [139.55053, 35.46968], [139.55066, 35.46976], [139.55126, 35.47012], [139.55244, 35.47082], [139.5535, 35.47145], [139.55366, 35.47155], [139.55405, 35.47177], [139.55524, 35.47248], [139.55619, 35.47303], [139.55771, 35.47393], [139.5586, 35.47449], [139.56025, 35.47544], [139.5611, 35.47594], [139.56133, 35.47608], [139.56229, 35.47665], [139.5629, 35.477], [139.56368, 35.47743], [139.56386, 35.47753], [139.56473, 35.47796], [139.56532, 35.47828], [139.56582, 35.47853], [139.56651, 35.47885], [139.56687, 35.479], [139.56941, 35.47996], [139.57003, 35.48018], [139.57048, 35.48032], [139.57156, 35.48064], [139.57202, 35.48078], [139.57253, 35.48091], [139.57409, 35.48128], [139.57544, 35.48162], [139.57662, 35.48192], [139.57718, 35.48205], [139.58086, 35.48293], [139.58127, 35.48303], [139.58172, 35.48314], [139.58294, 35.48344], [139.58528, 35.48409], [139.5854, 35.48413], [139.58569, 35.48421], [139.58577, 35.48423], [139.588, 35.485], [139.58914, 35.48547], [139.58987, 35.48578], [139.59002, 35.48585], [139.5907, 35.48617], [139.59083, 35.48624], [139.59111, 35.48638]]}, "properties": {"id": "GEOM_TOKYO_0966", "route_id": "R_3B2E9FFD", "route_name": null, "route_color": "#1F78FF", "route_text_color": null, "line_name": "東海道新幹線", "operator_id": "東海旅客鉄道", "representation": "service_path", "min_zoom": 0, "max_zoom": 24, "offset_rank": 0}}, {"type": "Feature", "bbox": [139.07952, 35.10548, 139.15371, 35.25501], "geometry": {"type": "LineString", "coordinates": [[139.15371, 35.25501], [139.15368, 35.25497], [139.15338, 35.25458], [139.15301, 35.25412], [139.15248, 35.25344], [139.15236, 35.25328], [139.15154, 35.25219], [139.15075, 35.25112], [139.15043, 35.25066], [139.15015, 35.25031], [139.14982, 35.24987], [139.14954, 35.24948], [139.14915, 35.24896], [139.14848, 35.24805], [139.14783, 35.24716], [139.14719, 35.24629], [139.14682, 35.24582], [139.14636, 35.24512], [139.14584, 35.24437], [139.14524, 35.2433], [139.14492, 35.24271], [139.14468, 35.24227], [139.14438, 35.24175], [139.14414, 35.24122], [139.144, 35.24093], [139.14367, 35.24009], [139.14356, 35.23978], [139.1432, 35.23901], [139.14277, 35.23773], [139.14237, 35.23667], [139.14221, 35.23616], [139.14185, 35.23523], [139.14173, 35.23489], [139.14145, 35.23412], [139.14105, 35.23299], [139.14073, 35.23208], [139.14028, 35.23084], [139.14003, 35.23007], [139.1397, 35.22897], [139.13945, 35.22814], [139.13922, 35.22721], [139.13907, 35.22659], [139.13897, 35.22617], [139.13891, 35.22575], [139.13885, 35.2253], [139.13874, 35.22449], [139.13872, 35.22419], [139.13859, 35.2234], [139.13836, 35.22171], [139.13819, 35.22046], [139.13801, 35.21928], [139.13785, 35.2181], [139.13771, 35.21701], [139.1376, 35.21627], [139.1375, 35.21545], [139.13744, 35.21516], [139.13729, 35.21411], [139.13722, 35.21338], [139.13717, 35.21292], [139.13714, 35.2126], [139.13706, 35.21194], [139.1369, 35.21063], [139.13684, 35.21012], [139.13678, 35.20954], [139.13668, 35.20869], [139.13659, 35.20794], [139.13647, 35.20702], [139.13638, 35.20618], [139.13619, 35.20495], [139.136, 35.20381], [139.13584, 35.20284], [139.1357, 35.20192], [139.13558, 35.20117], [139.13547, 35.20079], [139.13543, 35.2005], [139.13539, 35.20014], [139.13536, 35.1996], [139.13534, 35.19874], [139.13524, 35.19732], [139.13517, 35.19652], [139.13511, 35.19598], [139.13495, 35.19475], [139.13481, 35.19365], [139.13467, 35.19272], [139.13449, 35.19196], [139.13424, 35.19092], [139.13403, 35.19001], [139.13381, 35.1892], [139.13344, 35.18815], [139.13327, 35.18766], [139.13326, 35.18763], [139.13228, 35.18554], [139.13204, 35.18506], [139.132, 35.18495], [139.13195, 35.18484], [139.13173, 35.18448], [139.1314, 35.184], [139.13067, 35.18292], [139.12976, 35.18162], [139.12925, 35.18091], [139.12859, 35.17999], [139.12832, 35.17962], [139.12782, 35.17891], [139.12773, 35.17879], [139.12732, 35.17819], [139.1269, 35.17762], [139.12633, 35.17685], [139.12591, 35.17627], [139.12545, 35.17565], [139.12491, 35.175], [139.12438, 35.17434], [139.12381, 35.17367], [139.12335, 35.17315], [139.12277, 35.17245], [139.12241, 35.17201], [139.12184, 35.17132], [139.12147, 35.17092], [139.12124, 35.17067], [139.12061, 35.16996], [139.12051, 35.16986], [139.12029, 35.16963], [139.11994, 35.16924], [139.11965, 35.16892], [139.11897, 35.16821], [139.11857, 35.16777], [139.11794, 35.16715], [139.11765, 35.16679], [139.11735, 35.16647], [139.117, 35.16609], [139.11699, 35.16608], [139.11666, 35.16572], [139.11636, 35.16541], [139.11603, 35.16507], [139.11562, 35.16461], [139.11504, 35.16399], [139.11437, 35.16323], [139.11401, 35.16284], [139.11374, 35.16253], [139.11305, 35.16181], [139.11239, 35.16109], [139.11211, 35.16078], [139.11142, 35.16001], [139.11074, 35.15929], [139.11036, 35.15887], [139.11024, 35.15873], [139.10957, 35.15801], [139.10948, 35.15792], [139.10911, 35.15753], [139.10892, 35.15732], [139.10864, 35.15703], [139.10812, 35.15643], [139.10746, 35.15566], [139.10731, 35.15551], [139.10665, 35.1548], [139.10621, 35.15434], [139.10558, 35.15366], [139.10494, 35.15298], [139.10461, 35.15262], [139.1043, 35.15229], [139.10397, 35.15193], [139.10333, 35.15123], [139.10299, 35.15087], [139.10261, 35.15046], [139.10196, 35.14976], [139.10132, 35.14907], [139.10098, 35.1487], [139.10027, 35.14795], [139.09958, 35.14719], [139.09894, 35.14648], [139.09861, 35.14612], [139.09795, 35.14542], [139.09786, 35.14532], [139.09708, 35.14447], [139.09652, 35.14387], [139.09641, 35.14375], [139.09635, 35.14368], [139.09578, 35.14307], [139.09527, 35.14253], [139.09493, 35.14217], [139.09476, 35.14199], [139.0947, 35.14192], [139.09448, 35.14167], [139.09405, 35.14119], [139.094, 35.14112], [139.09369, 35.14072], [139.09355, 35.14054], [139.09324, 35.14012], [139.09315, 35.13992], [139.093, 35.13948], [139.09269, 35.13859], [139.09269, 35.13857], [139.09242, 35.13775], [139.09223, 35.13724], [139.09195, 35.13638], [139.09169, 35.13557], [139.09139, 35.13469], [139.0911, 35.1338], [139.09082, 35.13298], [139.09061, 35.13237], [139.09052, 35.13209], [139.09037, 35.13164], [139.09007, 35.13076], [139.08981, 35.12993], [139.08979, 35.12987], [139.08961, 35.12933], [139.08937, 35.12857], [139.08919, 35.12802], [139.08908, 35.12776], [139.08879, 35.1269], [139.08864, 35.12642], [139.08835, 35.12558], [139.08807, 35.12473], [139.08779, 35.12389], [139.08751, 35.12302], [139.08722, 35.12216], [139.08693, 35.12125], [139.0869, 35.12117], [139.08677, 35.12079], [139.08663, 35.12036], [139.08648, 35.11991], [139.08636, 35.11953], [139.08603, 35.11857], [139.08586, 35.11809], [139.08572, 35.11764], [139.08555, 35.11714], [139.08542, 35.11671], [139.08529, 35.11633], [139.085, 35.11548], [139.08469, 35.11453], [139.08449, 35.1139], [139.08412, 35.1129], [139.08398, 35.11247], [139.08385, 35.11208], [139.08378, 35.1119], [139.08371, 35.11168], [139.08359, 35.11134], [139.08341, 35.11086], [139.08307, 35.11015], [139.08288, 35.10981], [139.08254, 35.10926], [139.08217, 35.10873], [139.08148, 35.10775], [139.08112, 35.10727], [139.08085, 35.10697], [139.0804, 35.10646], [139.08012, 35.10617], [139.07997, 35.106], [139.07952, 35.10548]]}, "properties": {"id": "GEOM_TOKYO_0971", "route_id": "R_3B2E9FFD", "route_name": null, "route_color": "#1F78FF", "route_text_color": null, "line_name": "東海道新幹線", "operator_id": "東海旅客鉄道", "representation": "service_path", "min_zoom": 0, "max_zoom": 24, "offset_rank": 0}}, {"type": "Feature", "bbox": [139.15371, 35.25501, 139.15582, 35.25741], "geometry": {"type": "LineString", "coordinates": [[139.15371, 35.25501], [139.15582, 35.25741]]}, "properties": {"id": "GEOM_TOKYO_0973", "route_id": "R_3B2E9FFD", "route_name": null, "route_color": "#1F78FF", "route_text_color": null, "line_name": "東海道新幹線", "operator_id": "東海旅客鉄道", "representation": "service_path", "min_zoom": 0, "max_zoom": 24, "offset_rank": 0}}, {"type": "Feature", "bbox": [139.48656, 35.55761, 139.48677, 35.55839], "geometry": {"type": "LineString", "coordinates": [[139.48677, 35.55761], [139.48656, 35.55839]]}, "properties": {"id": "GEOM_TOKYO_1249", "route_id": "R_446823A8", "route_name": null, "route_color": "#D9485F", "route_text_color": null, "line_name": "こどもの国線", "operator_id": "tokyu", "representation": "service_path", "min_zoom": 0, "max_zoom": 24, "offset_rank": 0}}, {"type": "Feature", "bbox": [139.49176, 35.54524, 139.49256, 35.54596], "geometry": {"type": "LineString", "coordinates": [[139.49176, 35.54596], [139.49222, 35.54554], [139.49256, 35.54524]]}, "properties": {"id": "GEOM_TOKYO_1250", "route_id": "R_446823A8", "route_name": null, "route_color": "#D9485F", "route_text_color": null, "line_name": "こどもの国線", "operator_id": "tokyu", "representation": "service_path", "min_zoom": 0, "max_zoom": 24, "offset_rank": 0}}, {"type": "Feature", "bbox": [139.48677, 35.54596, 139.49176, 35.55761], "geometry": {"type": "LineString", "coordinates": [[139.49176, 35.54596], [139.49119, 35.54649], [139.49095, 35.54674], [139.49084, 35.5469], [139.49079, 35.54704], [139.49074, 35.54724], [139.49066, 35.54773], [139.49039, 35.5493], [139.49039, 35.54931], [139.49014, 35.55087], [139.49, 35.55175], [139.48988, 35.55239], [139.48982, 35.55262], [139.48974, 35.5528], [139.48959, 35.55302], [139.4894, 35.55326], [139.48917, 35.5535], [139.48874, 35.55401], [139.48805, 35.55477], [139.48773, 35.55517], [139.48747, 35.55549], [139.48733, 35.55571], [139.48724, 35.55591], [139.48716, 35.55612], [139.48701, 35.55663], [139.48677, 35.55761]]}, "properties": {"id": "GEOM_TOKYO_1251", "route_id": "R_446823A8", "route_name": null, "route_color": "#D9485F", "route_text_color": null, "line_name": "こどもの国線", "operator_id": "tokyu", "representation": "service_path", "min_zoom": 0, "max_zoom": 24, "offset_rank": 0}}, {"type": "Feature", "bbox": [139.49117, 35.53201, 139.49401, 35.54524], "geometry": {"type": "LineString", "coordinates": [[139.49284, 35.53201], [139.49256, 35.53206], [139.4922, 35.53216], [139.49199, 35.53225], [139.49183, 35.53235], [139.49167, 35.5325], [139.49138, 35.53287], [139.49124, 35.53311], [139.49119, 35.53328], [139.49117, 35.53351], [139.4912, 35.53374], [139.49127, 35.534], [139.49139, 35.53434], [139.49182, 35.53551], [139.49233, 35.53696], [139.49241, 35.53718], [139.49275, 35.53819], [139.49278, 35.53828], [139.4929, 35.53859], [139.49317, 35.53948], [139.49365, 35.54086], [139.49372, 35.54107], [139.49387, 35.54147], [139.494, 35.54191], [139.49401, 35.54213], [139.49399, 35.54234], [139.49355, 35.54356], [139.49335, 35.54419], [139.4933, 35.54428], [139.49312, 35.54463], [139.493, 35.54483], [139.49285, 35.54498], [139.49256, 35.54524]]}, "properties": {"id": "GEOM_TOKYO_1252", "route_id": "R_446823A8", "route_name": null, "route_color": "#D9485F", "route_text_color": null, "line_name": "こどもの国線", "operator_id": "tokyu", "representation": "service_path", "min_zoom": 0, "max_zoom": 24, "offset_rank": 0}}, {"type": "Feature", "bbox": [139.49284, 35.53185, 139.49536, 35.53201], "geometry": {"type": "LineString", "coordinates": [[139.49536, 35.53185], [139.49284, 35.53201]]}, "properties": {"id": "GEOM_TOKYO_1253", "route_id": "R_446823A8", "route_name": null, "route_color": "#D9485F", "route_text_color": null, "line_name": "こどもの国線", "operator_id": "tokyu", "representation": "service_path", "min_zoom": 0, "max_zoom": 24, "offset_rank": 0}}, {"type": "Feature", "bbox": [139.55955, 35.57763, 139.57255, 35.57921], "geometry": {"type": "LineString", "coordinates": [[139.55955, 35.57763], [139.56003, 35.57769], [139.56033, 35.57773], [139.5606, 35.57777], [139.56217, 35.57782], [139.56227, 35.57782], [139.56276, 35.57784], [139.56285, 35.57784], [139.56354, 35.57785], [139.5649, 35.5779], [139.56528, 35.57791], [139.56549, 35.57792], [139.56633, 35.57795], [139.56854, 35.57801], [139.56913, 35.57804], [139.56949, 35.57805], [139.56958, 35.57805], [139.57025, 35.57812], [139.57066, 35.57821], [139.57113, 35.57838], [139.57155, 35.57856], [139.572, 35.57881], [139.57255, 35.57921]]}, "properties": {"id": "GEOM_TOKYO_1350", "route_id": "R_AC3B1654", "route_name": null, "route_color": "#D9485F", "route_text_color": null, "line_name": "田園都市線", "operator_id": "tokyu", "representation": "service_path", "min_zoom": 0, "max_zoom": 24, "offset_rank": 0}}, {"type": "Feature", "bbox": [139.51665, 35.54282, 139.51795, 35.54289], "geometry": {"type": "LineString", "coordinates": [[139.51795, 35.54289], [139.51665, 35.54282]]}, "properties": {"id": "GEOM_TOKYO_1352", "route_id": "R_AC3B1654", "route_name": null, "route_color": "#D9485F", "route_text_color": null, "line_name": "田園都市線", "operator_id": "tokyu", "representation": "service_path", "min_zoom": 0, "max_zoom": 24, "offset_rank": 0}}, {"type": "Feature", "bbox": [139.55362, 35.56914, 139.55779, 35.57711], "geometry": {"type": "LineString", "coordinates": [[139.55779, 35.57711], [139.5573, 35.57691], [139.55662, 35.57654], [139.5561, 35.57615], [139.55516, 35.57502], [139.55509, 35.57492], [139.55483, 35.57442], [139.55455, 35.57386], [139.55447, 35.57359], [139.5544, 35.57334], [139.55438, 35.5732], [139.55425, 35.57256], [139.55404, 35.57142], [139.55376, 35.56992], [139.55374, 35.56981], [139.55364, 35.56925], [139.55362, 35.56914]]}, "properties": {"id": "GEOM_TOKYO_1353", "route_id": "R_AC3B1654", "route_name": null, "route_color": "#D9485F", "route_text_color": null, "line_name": "田園都市線", "operator_id": "tokyu", "representation": "service_path", "min_zoom": 0, "max_zoom": 24, "offset_rank": 0}}, {"type": "Feature", "bbox": [139.54082, 35.55081, 139.5417, 35.55172], "geometry": {"type": "LineString", "coordinates": [[139.5417, 35.55172], [139.54082, 35.55081]]}, "properties": {"id": "GEOM_TOKYO_1354", "route_id": "R_AC3B1654", "route_name": null, "route_color": "#D9485F", "route_text_color": null, "line_name": "田園都市線", "operator_id": "tokyu", "representation": "service_path", "min_zoom": 0, "max_zoom": 24, "offset_rank": 0}}, {"type": "Feature", "bbox": [139.55779, 35.57711, 139.55955, 35.57763], "geometry": {"type": "LineString", "coordinates": [[139.55955, 35.57763], [139.55884, 35.57751], [139.55842, 35.57737], [139.55779, 35.57711]]}, "properties": {"id": "GEOM_TOKYO_1357", "route_id": "R_AC3B1654", "route_name": null, "route_color": "#D9485F", "route_text_color": null, "line_name": "田園都市線", "operator_id": "tokyu", "representation": "service_path", "min_zoom": 0, "max_zoom": 24, "offset_rank": 0}}, {"type": "Feature", "bbox": [139.55347, 35.56841, 139.55362, 35.56914], "geometry": {"type": "LineString", "coordinates": [[139.55362, 35.56914], [139.55355, 35.56879], [139.55347, 35.56841]]}, "properties": {"id": "GEOM_TOKYO_1358", "route_id": "R_AC3B1654", "route_name": null, "route_color": "#D9485F", "route_text_color": null, "line_name": "田園都市線", "operator_id": "tokyu", "representation": "service_path", "min_zoom": 0, "max_zoom": 24, "offset_rank": 0}}, {"type": "Feature", "bbox": [139.52805, 35.54347, 139.54082, 35.55081], "geometry": {"type": "LineString", "coordinates": [[139.54082, 35.55081], [139.54007, 35.55004], [139.53952, 35.54948], [139.53927, 35.54923], [139.53904, 35.549], [139.53871, 35.54865], [139.53828, 35.54819], [139.53741, 35.54731], [139.53679, 35.54666], [139.5363, 35.54631], [139.53536, 35.54574], [139.53513, 35.54565], [139.53492, 35.54557], [139.53364, 35.54516], [139.53321, 35.54501], [139.53268, 35.54484], [139.53058, 35.54418], [139.53007, 35.54404], [139.52933, 35.54379], [139.52882, 35.54364], [139.52851, 35.54357], [139.52817, 35.5435], [139.52805, 35.54347]]}, "properties": {"id": "GEOM_TOKYO_1363", "route_id": "R_AC3B1654", "route_name": null, "route_color": "#D9485F", "route_text_color": null, "line_name": "田園都市線", "operator_id": "tokyu", "representation": "service_path", "min_zoom": 0, "max_zoom": 24, "offset_rank": 0}}, {"type": "Feature", "bbox": [139.50404, 35.53542, 139.50506, 35.53633], "geometry": {"type": "LineString", "coordinates": [[139.50506, 35.53633], [139.50478, 35.5361], [139.50449, 35.53584], [139.50404, 35.53542]]}, "properties": {"id": "GEOM_TOKYO_1364", "route_id": "R_AC3B1654", "route_name": null, "route_color": "#D9485F", "route_text_color": null, "line_name": "田園都市線", "operator_id": "tokyu", "representation": "service_path", "min_zoom": 0, "max_zoom": 24, "offset_rank": 0}}, {"type": "Feature", "bbox": [139.55163, 35.55889, 139.55347, 35.56841], "geometry": {"type": "LineString", "coordinates": [[139.55347, 35.56841], [139.55296, 35.56563], [139.55282, 35.56434], [139.55281, 35.56339], [139.5528, 35.56303], [139.55273, 35.56177], [139.55264, 35.56119], [139.55249, 35.56074], [139.55175, 35.55915], [139.55163, 35.55889]]}, "properties": {"id": "GEOM_TOKYO_1365", "route_id": "R_AC3B1654", "route_name": null, "route_color": "#D9485F", "route_text_color": null, "line_name": "田園都市線", "operator_id": "tokyu", "representation": "service_path", "min_zoom": 0, "max_zoom": 24, "offset_rank": 0}}, {"type": "Feature", "bbox": [139.52711, 35.54333, 139.52805, 35.54347], "geometry": {"type": "LineString", "coordinates": [[139.52805, 35.54347], [139.52711, 35.54333]]}, "properties": {"id": "GEOM_TOKYO_1366", "route_id": "R_AC3B1654", "route_name": null, "route_color": "#D9485F", "route_text_color": null, "line_name": "田園都市線", "operator_id": "tokyu", "representation": "service_path", "min_zoom": 0, "max_zoom": 24, "offset_rank": 0}}, {"type": "Feature", "bbox": [139.55119, 35.55818, 139.55163, 35.55889], "geometry": {"type": "LineString", "coordinates": [[139.55163, 35.55889], [139.55119, 35.55818]]}, "properties": {"id": "GEOM_TOKYO_1368", "route_id": "R_AC3B1654", "route_name": null, "route_color": "#D9485F", "route_text_color": null, "line_name": "田園都市線", "operator_id": "tokyu", "representation": "service_path", "min_zoom": 0, "max_zoom": 24, "offset_rank": 0}}, {"type": "Feature", "bbox": [139.50506, 35.53633, 139.51665, 35.54282], "geometry": {"type": "LineString", "coordinates": [[139.51665, 35.54282], [139.51534, 35.54275], [139.5144, 35.54262], [139.51347, 35.54243], [139.51334, 35.54241], [139.51247, 35.54215], [139.51154, 35.54171], [139.51065, 35.54124], [139.51027, 35.54096], [139.50924, 35.54006], [139.50753, 35.53855], [139.50707, 35.53812], [139.50506, 35.53633]]}, "properties": {"id": "GEOM_TOKYO_1370", "route_id": "R_AC3B1654", "route_name": null, "route_color": "#D9485F", "route_text_color": null, "line_name": "田園都市線", "operator_id": "tokyu", "representation": "service_path", "min_zoom": 0, "max_zoom": 24, "offset_rank": 0}}, {"type": "Feature", "bbox": [139.51795, 35.54289, 139.52711, 35.54333], "geometry": {"type": "LineString", "coordinates": [[139.52711, 35.54333], [139.52674, 35.54326], [139.52647, 35.54325], [139.52636, 35.54325], [139.52583, 35.54323], [139.52263, 35.54305], [139.52122, 35.54306], [139.52055, 35.54302], [139.52008, 35.543], [139.51908, 35.54295], [139.51795, 35.54289]]}, "properties": {"id": "GEOM_TOKYO_1371", "route_id": "R_AC3B1654", "route_name": null, "route_color": "#D9485F", "route_text_color": null, "line_name": "田園都市線", "operator_id": "tokyu", "representation": "service_path", "min_zoom": 0, "max_zoom": 24, "offset_rank": 0}}, {"type": "Feature", "bbox": [139.5417, 35.55172, 139.55119, 35.55818], "geometry": {"type": "LineString", "coordinates": [[139.55119, 35.55818], [139.55107, 35.55807], [139.55052, 35.55752], [139.55036, 35.55741], [139.55019, 35.55729], [139.55013, 35.55726], [139.54716, 35.5558], [139.54444, 35.55443], [139.54402, 35.55409], [139.54292, 35.55319], [139.5417, 35.55172]]}, "properties": {"id": "GEOM_TOKYO_1372", "route_id": "R_AC3B1654", "route_name": null, "route_color": "#D9485F", "route_text_color": null, "line_name": "田園都市線", "operator_id": "tokyu", "representation": "service_path", "min_zoom": 0, "max_zoom": 24, "offset_rank": 0}}, {"type": "Feature", "bbox": [139.49536, 35.53184, 139.50404, 35.53542], "geometry": {"type": "LineString", "coordinates": [[139.50404, 35.53542], [139.50371, 35.53514], [139.50345, 35.53493], [139.50253, 35.53407], [139.50175, 35.53337], [139.50091, 35.53267], [139.50051, 35.53242], [139.49988, 35.53213], [139.49913, 35.53193], [139.49781, 35.53185], [139.4968, 35.53184], [139.49536, 35.53185]]}, "properties": {"id": "GEOM_TOKYO_1374", "route_id": "R_AC3B1654", "route_name": null, "route_color": "#D9485F", "route_text_color": null, "line_name": "田園都市線", "operator_id": "tokyu", "representation": "service_path", "min_zoom": 0, "max_zoom": 24, "offset_rank": 0}}, {"type": "Feature", "bbox": [139.46939, 35.51144, 139.47149, 35.51159], "geometry": {"type": "LineString", "coordinates": [[139.46939, 35.51144], [139.47149, 35.51159]]}, "properties": {"id": "GEOM_TOKYO_1375", "route_id": "R_AC3B1654", "route_name": null, "route_color": "#D9485F", "route_text_color": null, "line_name": "田園都市線", "operator_id": "tokyu", "representation": "service_path", "min_zoom": 0, "max_zoom": 24, "offset_rank": 0}}, {"type": "Feature", "bbox": [139.48472, 35.52621, 139.48516, 35.52792], "geometry": {"type": "LineString", "coordinates": [[139.48472, 35.52621], [139.48516, 35.52792]]}, "properties": {"id": "GEOM_TOKYO_1376", "route_id": "R_AC3B1654", "route_name": null, "route_color": "#D9485F", "route_text_color": null, "line_name": "田園都市線", "operator_id": "tokyu", "representation": "service_path", "min_zoom": 0, "max_zoom": 24, "offset_rank": 0}}, {"type": "Feature", "bbox": [139.47149, 35.51159, 139.4813, 35.51649], "geometry": {"type": "LineString", "coordinates": [[139.47149, 35.51159], [139.47222, 35.51167], [139.47282, 35.51177], [139.47354, 35.51193], [139.47393, 35.51205], [139.47426, 35.51214], [139.47525, 35.51254], [139.47594, 35.51286], [139.47604, 35.51292], [139.47759, 35.51382], [139.47912, 35.51473], [139.47975, 35.51513], [139.48003, 35.51533], [139.48042, 35.51565], [139.48087, 35.51608], [139.4813, 35.51649]]}, "properties": {"id": "GEOM_TOKYO_1377", "route_id": "R_AC3B1654", "route_name": null, "route_color": "#D9485F", "route_text_color": null, "line_name": "田園都市線", "operator_id": "tokyu", "representation": "service_path", "min_zoom": 0, "max_zoom": 24, "offset_rank": 0}}, {"type": "Feature", "bbox": [139.48516, 35.52792, 139.49313, 35.53181], "geometry": {"type": "LineString", "coordinates": [[139.48516, 35.52792], [139.48525, 35.5283], [139.4856, 35.52939], [139.48574, 35.52981], [139.48585, 35.53005], [139.48595, 35.53024], [139.48612, 35.53046], [139.48615, 35.5305], [139.48634, 35.53069], [139.48654, 35.53087], [139.48673, 35.53102], [139.48689, 35.53113], [139.48703, 35.53121], [139.48726, 35.53132], [139.48754, 35.53143], [139.48793, 35.53153], [139.48827, 35.5316], [139.48854, 35.53164], [139.48902, 35.53166], [139.48998, 35.53168], [139.49025, 35.53169], [139.49064, 35.53171], [139.49197, 35.53176], [139.49313, 35.53181]]}, "properties": {"id": "GEOM_TOKYO_1378", "route_id": "R_AC3B1654", "route_name": null, "route_color": "#D9485F", "route_text_color": null, "line_name": "田園都市線", "operator_id": "tokyu", "representation": "service_path", "min_zoom": 0, "max_zoom": 24, "offset_rank": 0}}, {"type": "Feature", "bbox": [139.4813, 35.51649, 139.48224, 35.51784], "geometry": {"type": "LineString", "coordinates": [[139.4813, 35.51649], [139.48162, 35.51689], [139.48183, 35.51717], [139.48224, 35.51784]]}, "properties": {"id": "GEOM_TOKYO_1379", "route_id": "R_AC3B1654", "route_name": null, "route_color": "#D9485F", "route_text_color": null, "line_name": "田園都市線", "operator_id": "tokyu", "representation": "service_path", "min_zoom": 0, "max_zoom": 24, "offset_rank": 0}}, {"type": "Feature", "bbox": [139.44594, 35.50788, 139.45788, 35.51036], "geometry": {"type": "LineString", "coordinates": [[139.44594, 35.50788], [139.44768, 35.50804], [139.44922, 35.5082], [139.44978, 35.50831], [139.45118, 35.50865], [139.45218, 35.5089], [139.45265, 35.50903], [139.4539, 35.50934], [139.45587, 35.50983], [139.45608, 35.50988], [139.45711, 35.51013], [139.45788, 35.51036]]}, "properties": {"id": "GEOM_TOKYO_1380", "route_id": "R_AC3B1654", "route_name": null, "route_color": "#D9485F", "route_text_color": null, "line_name": "田園都市線", "operator_id": "tokyu", "representation": "service_path", "min_zoom": 0, "max_zoom": 24, "offset_rank": 0}}, {"type": "Feature", "bbox": [139.49313, 35.53181, 139.49536, 35.53185], "geometry": {"type": "LineString", "coordinates": [[139.49313, 35.53181], [139.49536, 35.53185]]}, "properties": {"id": "GEOM_TOKYO_1381", "route_id": "R_AC3B1654", "route_name": null, "route_color": "#D9485F", "route_text_color": null, "line_name": "田園都市線", "operator_id": "tokyu", "representation": "service_path", "min_zoom": 0, "max_zoom": 24, "offset_rank": 0}}, {"type": "Feature", "bbox": [139.44429, 35.50774, 139.44594, 35.50788], "geometry": {"type": "LineString", "coordinates": [[139.44429, 35.50774], [139.44594, 35.50788]]}, "properties": {"id": "GEOM_TOKYO_1382", "route_id": "R_AC3B1654", "route_name": null, "route_color": "#D9485F", "route_text_color": null, "line_name": "田園都市線", "operator_id": "tokyu", "representation": "service_path", "min_zoom": 0, "max_zoom": 24, "offset_rank": 0}}, {"type": "Feature", "bbox": [139.45957, 35.51075, 139.46939, 35.51144], "geometry": {"type": "LineString", "coordinates": [[139.45957, 35.51075], [139.46004, 35.51085], [139.46042, 35.51092], [139.46087, 35.51096], [139.46176, 35.51101], [139.46269, 35.51108], [139.46472, 35.51119], [139.46619, 35.51128], [139.46813, 35.51137], [139.46939, 35.51144]]}, "properties": {"id": "GEOM_TOKYO_1383", "route_id": "R_AC3B1654", "route_name": null, "route_color": "#D9485F", "route_text_color": null, "line_name": "田園都市線", "operator_id": "tokyu", "representation": "service_path", "min_zoom": 0, "max_zoom": 24, "offset_rank": 0}}, {"type": "Feature", "bbox": [139.45788, 35.51036, 139.45957, 35.51075], "geometry": {"type": "LineString", "coordinates": [[139.45788, 35.51036], [139.45822, 35.51044], [139.45957, 35.51075]]}, "properties": {"id": "GEOM_TOKYO_1384", "route_id": "R_AC3B1654", "route_name": null, "route_color": "#D9485F", "route_text_color": null, "line_name": "田園都市線", "operator_id": "tokyu", "representation": "service_path", "min_zoom": 0, "max_zoom": 24, "offset_rank": 0}}, {"type": "Feature", "bbox": [139.48224, 35.51784, 139.48472, 35.52621], "geometry": {"type": "LineString", "coordinates": [[139.48224, 35.51784], [139.4824, 35.51823], [139.48276, 35.5191], [139.48304, 35.51988], [139.48314, 35.52027], [139.48383, 35.52293], [139.48422, 35.52445], [139.48472, 35.52621]]}, "properties": {"id": "GEOM_TOKYO_1385", "route_id": "R_AC3B1654", "route_name": null, "route_color": "#D9485F", "route_text_color": null, "line_name": "田園都市線", "operator_id": "tokyu", "representation": "service_path", "min_zoom": 0, "max_zoom": 24, "offset_rank": 0}}, {"type": "Feature", "bbox": [139.54536, 35.33331, 139.54852, 35.33721], "geometry": {"type": "LineString", "coordinates": [[139.54536, 35.33721], [139.54601, 35.33661], [139.54618, 35.33646], [139.54647, 35.33619], [139.5469, 35.33579], [139.54728, 35.33546], [139.54759, 35.33514], [139.54778, 35.33493], [139.54809, 35.33456], [139.54817, 35.33443], [139.5483, 35.33416], [139.54843, 35.33389], [139.5485, 35.3336], [139.54852, 35.33331]]}, "properties": {"id": "GEOM_TOKYO_2127", "route_id": "R_05335D5F", "route_name": null, "route_color": "#2F4CA0", "route_text_color": null, "line_name": "横須賀線", "operator_id": "jr_east", "representation": "service_path", "min_zoom": 0, "max_zoom": 24, "offset_rank": 0}}, {"type": "Feature", "bbox": [139.55039, 35.30998, 139.56007, 35.31826], "geometry": {"type": "LineString", "coordinates": [[139.55039, 35.31826], [139.55041, 35.31792], [139.55047, 35.31752], [139.55054, 35.31716], [139.55058, 35.31698], [139.55073, 35.3165], [139.55081, 35.31624], [139.55085, 35.31611], [139.55089, 35.31599], [139.55107, 35.31554], [139.5512, 35.31525], [139.55135, 35.31495], [139.55164, 35.31447], [139.5518, 35.31423], [139.55202, 35.31391], [139.55238, 35.31344], [139.5526, 35.31323], [139.55293, 35.31292], [139.55332, 35.31257], [139.55359, 35.31236], [139.55394, 35.3121], [139.55425, 35.3119], [139.55456, 35.31171], [139.55494, 35.31148], [139.55526, 35.31129], [139.55563, 35.31111], [139.55622, 35.31087], [139.55663, 35.31073], [139.55733, 35.31052], [139.55799, 35.31036], [139.55862, 35.31024], [139.55867, 35.31022], [139.55895, 35.31017], [139.55928, 35.3101], [139.55963, 35.31005], [139.56007, 35.30998]]}, "properties": {"id": "GEOM_TOKYO_2128", "route_id": "R_05335D5F", "route_name": null, "route_color": "#2F4CA0", "route_text_color": null, "line_name": "横須賀線", "operator_id": "jr_east", "representation": "service_path", "min_zoom": 0, "max_zoom": 24, "offset_rank": 0}}, {"type": "Feature", "bbox": [139.54377, 35.33721, 139.54536, 35.33867], "geometry": {"type": "LineString", "coordinates": [[139.54536, 35.33721], [139.54377, 35.33867]]}, "properties": {"id": "GEOM_TOKYO_2129", "route_id": "R_05335D5F", "route_name": null, "route_color": "#2F4CA0", "route_text_color": null, "line_name": "横須賀線", "operator_id": "jr_east", "representation": "service_path", "min_zoom": 0, "max_zoom": 24, "offset_rank": 0}}, {"type": "Feature", "bbox": [139.53102, 35.3526, 139.53164, 35.35542], "geometry": {"type": "LineString", "coordinates": [[139.53102, 35.3526], [139.53112694, 35.35302777], [139.53141, 35.35416], [139.53164, 35.35542]]}, "properties": {"id": "GEOM_TOKYO_2130", "route_id": "R_05335D5F", "route_name": null, "route_color": "#2F4CA0", "route_text_color": null, "line_name": "横須賀線", "operator_id": "jr_east", "representation": "service_path", "min_zoom": 0, "max_zoom": 24, "offset_rank": 0}}, {"type": "Feature", "bbox": [139.56007, 35.30636, 139.56764, 35.30998], "geometry": {"type": "LineString", "coordinates": [[139.56007, 35.30998], [139.56064, 35.3098], [139.561, 35.30965], [139.56156, 35.30939], [139.56179, 35.30927], [139.56216, 35.30909], [139.56253, 35.30889], [139.56309, 35.30859], [139.56342, 35.30843], [139.56358, 35.30834], [139.56402, 35.3081], [139.56484, 35.30767], [139.56543, 35.30738], [139.56593, 35.30711], [139.56622, 35.30696], [139.56643, 35.30688], [139.5667, 35.30673], [139.56719, 35.30654], [139.56764, 35.30636]]}, "properties": {"id": "GEOM_TOKYO_2131", "route_id": "R_05335D5F", "route_name": null, "route_color": "#2F4CA0", "route_text_color": null, "line_name": "横須賀線", "operator_id": "jr_east", "representation": "service_path", "min_zoom": 0, "max_zoom": 24, "offset_rank": 0}}, {"type": "Feature", "bbox": [139.54829, 35.3284, 139.54852, 35.33331], "geometry": {"type": "LineString", "coordinates": [[139.54848, 35.3284], [139.54842, 35.32862], [139.54832, 35.32916], [139.54829, 35.32968], [139.54829, 35.32983], [139.54829, 35.33056], [139.5483, 35.33128], [139.5483, 35.33171], [139.54832, 35.33201], [139.54836, 35.33238], [139.54839, 35.33272], [139.54844, 35.33292], [139.54847, 35.33312], [139.54852, 35.33331]]}, "properties": {"id": "GEOM_TOKYO_2133", "route_id": "R_05335D5F", "route_name": null, "route_color": "#2F4CA0", "route_text_color": null, "line_name": "横須賀線", "operator_id": "jr_east", "representation": "service_path", "min_zoom": 0, "max_zoom": 24, "offset_rank": 0}}, {"type": "Feature", "bbox": [139.54848, 35.32036, 139.5508, 35.3284], "geometry": {"type": "LineString", "coordinates": [[139.55051, 35.32036], [139.55054, 35.32054], [139.55065, 35.3213], [139.55071, 35.32194], [139.55078, 35.32288], [139.5508, 35.32335], [139.55079, 35.32381], [139.55073, 35.32413], [139.55069, 35.32429], [139.55055, 35.32464], [139.55038, 35.32495], [139.55022, 35.32521], [139.54999, 35.32551], [139.54979, 35.32576], [139.54948, 35.32611], [139.54936, 35.32624], [139.54915, 35.3265], [139.54881, 35.3271], [139.54868, 35.32736], [139.54861, 35.3275], [139.54852, 35.32787], [139.5485, 35.32808], [139.54848, 35.3284]]}, "properties": {"id": "GEOM_TOKYO_2134", "route_id": "R_05335D5F", "route_name": null, "route_color": "#2F4CA0", "route_text_color": null, "line_name": "横須賀線", "operator_id": "jr_east", "representation": "service_path", "min_zoom": 0, "max_zoom": 24, "offset_rank": 0}}, {"type": "Feature", "bbox": [139.53016, 35.33867, 139.54377, 35.3526], "geometry": {"type": "LineString", "coordinates": [[139.54377, 35.33867], [139.54243, 35.33991], [139.54174, 35.34056], [139.54087, 35.34134], [139.54038, 35.34167], [139.53993, 35.34193], [139.53927, 35.34221], [139.53782, 35.34272], [139.5364, 35.34314], [139.53579, 35.34339], [139.53534, 35.34365], [139.53497, 35.34388], [139.53461, 35.34425], [139.53371, 35.34515], [139.53304, 35.34592], [139.53275, 35.3462], [139.53245, 35.34651], [139.53182, 35.34716], [139.53144, 35.34758], [139.53119, 35.34785], [139.53069, 35.34853], [139.53038, 35.34903], [139.53022, 35.3495], [139.53016, 35.34979], [139.53022, 35.35024], [139.53043, 35.35101], [139.53081, 35.35209], [139.53102, 35.3526]]}, "properties": {"id": "GEOM_TOKYO_2135", "route_id": "R_05335D5F", "route_name": null, "route_color": "#2F4CA0", "route_text_color": null, "line_name": "横須賀線", "operator_id": "jr_east", "representation": "service_path", "min_zoom": 0, "max_zoom": 24, "offset_rank": 0}}, {"type": "Feature", "bbox": [139.54848, 35.3284, 139.54862, 35.33331], "geometry": {"type": "LineString", "coordinates": [[139.54848, 35.3284], [139.5485, 35.32864], [139.54852, 35.32938], [139.54853, 35.3301], [139.54856, 35.3305], [139.54858, 35.33149], [139.54862, 35.33198], [139.54861, 35.3321], [139.54861, 35.33249], [139.5486, 35.33283], [139.54858, 35.33305], [139.54852, 35.33331]]}, "properties": {"id": "GEOM_TOKYO_2136", "route_id": "R_05335D5F", "route_name": null, "route_color": "#2F4CA0", "route_text_color": null, "line_name": "横須賀線", "operator_id": "jr_east", "representation": "service_path", "min_zoom": 0, "max_zoom": 24, "offset_rank": 0}}, {"type": "Feature", "bbox": [139.56007, 35.30636, 139.56764, 35.30998], "geometry": {"type": "LineString", "coordinates": [[139.56007, 35.30998], [139.56102, 35.30981], [139.56174, 35.30967], [139.56236, 35.30953], [139.56289, 35.30934], [139.56323, 35.30913], [139.56344, 35.309], [139.56359, 35.30889], [139.56386, 35.30872], [139.56431, 35.30844], [139.5647, 35.30819], [139.56474, 35.30816], [139.56553, 35.30764], [139.56602, 35.30736], [139.56621, 35.30725], [139.56669, 35.30695], [139.56739, 35.30653], [139.56764, 35.30636]]}, "properties": {"id": "GEOM_TOKYO_2137", "route_id": "R_05335D5F", "route_name": null, "route_color": "#2F4CA0", "route_text_color": null, "line_name": "横須賀線", "operator_id": "jr_east", "representation": "service_path", "min_zoom": 0, "max_zoom": 24, "offset_rank": 0}}, {"type": "Feature", "bbox": [139.55038, 35.31826, 139.55051, 35.32036], "geometry": {"type": "LineString", "coordinates": [[139.55039, 35.31826], [139.55038, 35.31843], [139.5504, 35.31887], [139.55041, 35.31933], [139.55044, 35.31969], [139.55046, 35.31996], [139.55051, 35.32036]]}, "properties": {"id": "GEOM_TOKYO_2138", "route_id": "R_05335D5F", "route_name": null, "route_color": "#2F4CA0", "route_text_color": null, "line_name": "横須賀線", "operator_id": "jr_east", "representation": "service_path", "min_zoom": 0, "max_zoom": 24, "offset_rank": 0}}, {"type": "Feature", "bbox": [139.54903, 35.3676, 139.5512, 35.36811], "geometry": {"type": "LineString", "coordinates": [[139.5512, 35.36811], [139.54903, 35.3676]]}, "properties": {"id": "GEOM_TOKYO_2251", "route_id": "R_135208E9", "route_name": null, "route_color": "#00BCD4", "route_text_color": null, "line_name": "根岸線", "operator_id": "jr_east", "representation": "service_path", "min_zoom": 0, "max_zoom": 24, "offset_rank": 0}}, {"type": "Feature", "bbox": [139.53102, 35.3526, 139.532, 35.35561], "geometry": {"type": "LineString", "coordinates": [[139.532, 35.35561], [139.53155, 35.3542], [139.531245, 35.353231], [139.53102, 35.3526]]}, "properties": {"id": "GEOM_TOKYO_2252", "route_id": "R_135208E9", "route_name": null, "route_color": "#00BCD4", "route_text_color": null, "line_name": "根岸線", "operator_id": "jr_east", "representation": "service_path", "min_zoom": 0, "max_zoom": 24, "offset_rank": 0}}, {"type": "Feature", "bbox": [139.52942, 35.35561, 139.54903, 35.36888], "geometry": {"type": "LineString", "coordinates": [[139.54903, 35.3676], [139.54895, 35.36759], [139.54851, 35.36749], [139.54842, 35.36747], [139.54801, 35.36738], [139.54792, 35.36736], [139.54754, 35.36728], [139.54672, 35.36711], [139.54621, 35.36707], [139.54568, 35.36704], [139.54532, 35.36704], [139.54473, 35.36712], [139.5445, 35.36716], [139.54419, 35.36723], [139.54385, 35.36731], [139.54327, 35.36747], [139.54316, 35.36749], [139.54279, 35.36759], [139.54073, 35.36808], [139.53969, 35.36837], [139.53898, 35.36857], [139.53887, 35.3686], [139.53811, 35.36875], [139.53748, 35.36884], [139.53661, 35.36888], [139.53592, 35.36888], [139.53538, 35.36884], [139.53497, 35.36877], [139.53468, 35.36871], [139.53441, 35.36863], [139.53407, 35.36852], [139.5336, 35.36832], [139.5331, 35.36807], [139.53264, 35.3678], [139.53219, 35.36744], [139.53173, 35.36698], [139.53141, 35.36657], [139.53105, 35.36602], [139.53092, 35.36578], [139.53062, 35.36521], [139.5303, 35.36449], [139.53014, 35.36417], [139.53009, 35.36403], [139.52977, 35.36327], [139.52961, 35.36274], [139.5295, 35.3622], [139.52942, 35.36145], [139.52945, 35.36098], [139.52953, 35.3606], [139.52968, 35.36022], [139.52997, 35.35971], [139.53043, 35.35908], [139.53131, 35.35796], [139.53168, 35.35746], [139.53188, 35.35702], [139.53205, 35.3564], [139.53207, 35.35598], [139.532, 35.35561]]}, "properties": {"id": "GEOM_TOKYO_2253", "route_id": "R_135208E9", "route_name": null, "route_color": "#00BCD4", "route_text_color": null, "line_name": "根岸線", "operator_id": "jr_east", "representation": "service_path", "min_zoom": 0, "max_zoom": 24, "offset_rank": 0}}, {"type": "Feature", "bbox": [139.5512, 35.36811, 139.57538, 35.37497], "geometry": {"type": "LineString", "coordinates": [[139.57538, 35.37497], [139.57343, 35.37452], [139.57213, 35.37428], [139.56773, 35.3734], [139.56548, 35.37285], [139.56286, 35.3722], [139.5628, 35.37215], [139.5612, 35.37104], [139.56061, 35.37068], [139.56034, 35.37054], [139.56018, 35.37046], [139.55994, 35.37035], [139.55973, 35.37025], [139.55949, 35.37016], [139.55926, 35.37008], [139.55882, 35.36994], [139.55849, 35.36985], [139.55751, 35.36958], [139.55475, 35.36894], [139.55404, 35.36878], [139.55393, 35.36876], [139.55326, 35.3686], [139.55262, 35.36846], [139.55191, 35.36829], [139.5516, 35.36821], [139.55131, 35.36814], [139.5512, 35.36811]]}, "properties": {"id": "GEOM_TOKYO_2254", "route_id": "R_135208E9", "route_name": null, "route_color": "#00BCD4", "route_text_color": null, "line_name": "根岸線", "operator_id": "jr_east", "representation": "service_path", "min_zoom": 0, "max_zoom": 24, "offset_rank": 0}}, {"type": "Feature", "bbox": [139.38242, 35.66008, 139.39303, 35.67778], "geometry": {"type": "LineString", "coordinates": [[139.39303, 35.67778], [139.39281, 35.67737], [139.39265, 35.677], [139.39245, 35.67641], [139.39218, 35.67542], [139.39092, 35.6709], [139.39067, 35.6699], [139.39044, 35.66909], [139.39013, 35.66802], [139.38983, 35.66715], [139.38958, 35.6666], [139.3892, 35.66592], [139.38891, 35.66545], [139.38847, 35.66483], [139.38815, 35.66443], [139.38767, 35.66388], [139.38734, 35.66355], [139.38691, 35.66313], [139.38642, 35.6627], [139.38594, 35.66233], [139.3856, 35.6621], [139.38499, 35.66169], [139.38405, 35.66111], [139.38242, 35.66008]]}, "properties": {"id": "GEOM_TOKYO_2773", "route_id": "R_3F47F0D7", "route_name": null, "route_color": "#F15A24", "route_text_color": null, "line_name": "中央線", "operator_id": "jr_east", "representation": "service_path", "min_zoom": 0, "max_zoom": 24, "offset_rank": 0}}, {"type": "Feature", "bbox": [139.38049, 35.65882, 139.38242, 35.66008], "geometry": {"type": "LineString", "coordinates": [[139.38049, 35.65882], [139.3814, 35.65942], [139.38164, 35.65957], [139.38242, 35.66008]]}, "properties": {"id": "GEOM_TOKYO_2774", "route_id": "R_3F47F0D7", "route_name": null, "route_color": "#F15A24", "route_text_color": null, "line_name": "中央線", "operator_id": "jr_east", "representation": "service_path", "min_zoom": 0, "max_zoom": 24, "offset_rank": 0}}, {"type": "Feature", "bbox": [139.31299, 35.65574, 139.33754, 35.65931], "geometry": {"type": "LineString", "coordinates": [[139.33754, 35.65574], [139.33663, 35.6559], [139.33625, 35.65596], [139.33592, 35.65601], [139.33572, 35.65605], [139.33495, 35.65617], [139.33418, 35.65631], [139.33383, 35.65638], [139.33328, 35.65647], [139.33223, 35.65661], [139.33143, 35.6567], [139.33011, 35.65684], [139.32956, 35.65689], [139.32922, 35.65694], [139.32887, 35.657], [139.32852, 35.65708], [139.32799, 35.6572], [139.32718, 35.6574], [139.32508, 35.65791], [139.32384, 35.65824], [139.32307, 35.65843], [139.32222, 35.65863], [139.3205, 35.65906], [139.31956, 35.65928], [139.31918, 35.65931], [139.31885, 35.65931], [139.31849, 35.6593], [139.31784, 35.65921], [139.3175, 35.65912], [139.31719, 35.65902], [139.31694, 35.65892], [139.31666, 35.65877], [139.31555, 35.65817], [139.31436, 35.65754], [139.31299, 35.65681]]}, "properties": {"id": "GEOM_TOKYO_2776", "route_id": "R_3F47F0D7", "route_name": null, "route_color": "#F15A24", "route_text_color": null, "line_name": "中央線", "operator_id": "jr_east", "representation": "service_path", "min_zoom": 0, "max_zoom": 24, "offset_rank": 0}}, {"type": "Feature", "bbox": [139.31102, 35.65574, 139.31299, 35.65681], "geometry": {"type": "LineString", "coordinates": [[139.31299, 35.65681], [139.31102, 35.65574]]}, "properties": {"id": "GEOM_TOKYO_2777", "route_id": "R_3F47F0D7", "route_name": null, "route_color": "#F15A24", "route_text_color": null, "line_name": "中央線", "operator_id": "jr_east", "representation": "service_path", "min_zoom": 0, "max_zoom": 24, "offset_rank": 0}}, {"type": "Feature", "bbox": [139.33754, 35.65527, 139.3401, 35.65574], "geometry": {"type": "LineString", "coordinates": [[139.3401, 35.65527], [139.339, 35.65547], [139.33754, 35.65574]]}, "properties": {"id": "GEOM_TOKYO_2778", "route_id": "R_3F47F0D7", "route_name": null, "route_color": "#F15A24", "route_text_color": null, "line_name": "中央線", "operator_id": "jr_east", "representation": "service_path", "min_zoom": 0, "max_zoom": 24, "offset_rank": 0}}, {"type": "Feature", "bbox": [139.3401, 35.65428, 139.34577, 35.65527], "geometry": {"type": "LineString", "coordinates": [[139.34577, 35.65428], [139.34456, 35.65451], [139.34409, 35.65459], [139.34377, 35.65464], [139.34316, 35.65474], [139.3427, 35.65482], [139.34134, 35.65505], [139.3401, 35.65527]]}, "properties": {"id": "GEOM_TOKYO_2779", "route_id": "R_3F47F0D7", "route_name": null, "route_color": "#F15A24", "route_text_color": null, "line_name": "中央線", "operator_id": "jr_east", "representation": "service_path", "min_zoom": 0, "max_zoom": 24, "offset_rank": 0}}, {"type": "Feature", "bbox": [139.03485, 35.60711, 139.03632, 35.608], "geometry": {"type": "LineString", "coordinates": [[139.03632, 35.60711], [139.03616, 35.60722], [139.03569, 35.60755], [139.03525, 35.60778], [139.03485, 35.608]]}, "properties": {"id": "GEOM_TOKYO_2845", "route_id": "R_3F47F0D7", "route_name": null, "route_color": "#F15A24", "route_text_color": null, "line_name": "中央線", "operator_id": "jr_east", "representation": "service_path", "min_zoom": 0, "max_zoom": 24, "offset_rank": 0}}, {"type": "Feature", "bbox": [139.07139, 35.61403, 139.07238, 35.61407], "geometry": {"type": "LineString", "coordinates": [[139.07238, 35.61407], [139.07139, 35.61403]]}, "properties": {"id": "GEOM_TOKYO_2846", "route_id": "R_3F47F0D7", "route_name": null, "route_color": "#F15A24", "route_text_color": null, "line_name": "中央線", "operator_id": "jr_east", "representation": "service_path", "min_zoom": 0, "max_zoom": 24, "offset_rank": 0}}, {"type": "Feature", "bbox": [139.10128, 35.61775, 139.11428, 35.61845], "geometry": {"type": "LineString", "coordinates": [[139.11428, 35.6179], [139.11403, 35.61783], [139.11362, 35.61779], [139.11331, 35.61776], [139.11285, 35.61775], [139.11246, 35.61778], [139.11153, 35.61783], [139.11069, 35.61789], [139.11027, 35.61791], [139.10917, 35.61797], [139.10782, 35.61808], [139.10699, 35.61812], [139.10623, 35.61816], [139.10519, 35.61823], [139.10505, 35.61824], [139.10354, 35.61834], [139.10184, 35.61845], [139.10128, 35.61844]]}, "properties": {"id": "GEOM_TOKYO_2847", "route_id": "R_3F47F0D7", "route_name": null, "route_color": "#F15A24", "route_text_color": null, "line_name": "中央線", "operator_id": "jr_east", "representation": "service_path", "min_zoom": 0, "max_zoom": 24, "offset_rank": 0}}, {"type": "Feature", "bbox": [139.25207, 35.63968, 139.25807, 35.64023], "geometry": {"type": "LineString", "coordinates": [[139.25207, 35.64023], [139.25253, 35.64013], [139.25349, 35.63995], [139.25408, 35.63983], [139.25439, 35.63979], [139.25482, 35.63974], [139.25551, 35.63969], [139.25577, 35.63968], [139.25615, 35.63969], [139.25656, 35.6397], [139.25698, 35.63974], [139.25748, 35.63982], [139.25807, 35.63996]]}, "properties": {"id": "GEOM_TOKYO_2848", "route_id": "R_3F47F0D7", "route_name": null, "route_color": "#F15A24", "route_text_color": null, "line_name": "中央線", "operator_id": "jr_east", "representation": "service_path", "min_zoom": 0, "max_zoom": 24, "offset_rank": 0}}, {"type": "Feature", "bbox": [139.12084, 35.61784, 139.14111, 35.62064], "geometry": {"type": "LineString", "coordinates": [[139.12084, 35.62018], [139.12118, 35.62015], [139.12165, 35.62007], [139.12183, 35.62006], [139.12197, 35.62005], [139.1221, 35.62003], [139.12233, 35.61997], [139.1228, 35.61988], [139.12309, 35.61984], [139.1235, 35.61984], [139.12369, 35.61984], [139.12413, 35.61986], [139.12458, 35.61993], [139.12524, 35.62006], [139.12627, 35.6203], [139.12712, 35.62051], [139.12751, 35.62057], [139.12787, 35.62061], [139.12794, 35.62061], [139.12818, 35.62063], [139.12823, 35.62064], [139.12885, 35.62064], [139.12998, 35.6206], [139.13136, 35.62059], [139.13185, 35.62059], [139.13217, 35.62058], [139.13267, 35.62058], [139.13314, 35.62057], [139.1347, 35.62045], [139.1353, 35.6204], [139.13586, 35.62032], [139.13618, 35.62027], [139.13653, 35.62021], [139.1369, 35.62012], [139.13776, 35.6198], [139.13844, 35.61946], [139.1394, 35.61884], [139.14007, 35.6184], [139.14037, 35.61821], [139.14081, 35.61797], [139.14111, 35.61784]]}, "properties": {"id": "GEOM_TOKYO_2850", "route_id": "R_3F47F0D7", "route_name": null, "route_color": "#F15A24", "route_text_color": null, "line_name": "中央線", "operator_id": "jr_east", "representation": "service_path", "min_zoom": 0, "max_zoom": 24, "offset_rank": 0}}, {"type": "Feature", "bbox": [139.00221, 35.60798, 139.00476, 35.6081], "geometry": {"type": "LineString", "coordinates": [[139.00476, 35.6081], [139.00221, 35.60798]]}, "properties": {"id": "GEOM_TOKYO_2851", "route_id": "R_3F47F0D7", "route_name": null, "route_color": "#F15A24", "route_text_color": null, "line_name": "中央線", "operator_id": "jr_east", "representation": "service_path", "min_zoom": 0, "max_zoom": 24, "offset_rank": 0}}, {"type": "Feature", "bbox": [139.08517, 35.61251, 139.10128, 35.61844], "geometry": {"type": "LineString", "coordinates": [[139.08517, 35.61251], [139.08557, 35.61261], [139.08635, 35.61296], [139.08674, 35.61315], [139.08755, 35.61358], [139.0885, 35.61409], [139.08917, 35.61448], [139.08988, 35.61486], [139.09076, 35.61542], [139.09216, 35.61632], [139.09237, 35.61648], [139.09249, 35.61659], [139.09258, 35.61667], [139.0929, 35.61684], [139.09405, 35.61727], [139.09464, 35.61747], [139.09587, 35.61788], [139.09629, 35.61802], [139.09739, 35.6183], [139.0978, 35.61836], [139.09826, 35.61838], [139.09883, 35.61843], [139.10026, 35.61841], [139.10057, 35.6184], [139.10128, 35.61844]]}, "properties": {"id": "GEOM_TOKYO_2853", "route_id": "R_3F47F0D7", "route_name": null, "route_color": "#F15A24", "route_text_color": null, "line_name": "中央線", "operator_id": "jr_east", "representation": "service_path", "min_zoom": 0, "max_zoom": 24, "offset_rank": 0}}, {"type": "Feature", "bbox": [139.00476, 35.60735, 139.01395, 35.60827], "geometry": {"type": "LineString", "coordinates": [[139.00476, 35.6081], [139.00567, 35.60816], [139.00584, 35.60817], [139.00617, 35.6082], [139.00649, 35.60821], [139.0074, 35.60825], [139.00799, 35.60827], [139.00857, 35.60825], [139.00875, 35.60824], [139.00936, 35.60817], [139.00995, 35.60808], [139.01097, 35.60798], [139.01202, 35.60782], [139.0125, 35.60774], [139.01295, 35.60765], [139.0132, 35.60759], [139.01347, 35.60752], [139.01358, 35.60748], [139.01395, 35.60735]]}, "properties": {"id": "GEOM_TOKYO_2854", "route_id": "R_3F47F0D7", "route_name": null, "route_color": "#F15A24", "route_text_color": null, "line_name": "中央線", "operator_id": "jr_east", "representation": "service_path", "min_zoom": 0, "max_zoom": 24, "offset_rank": 0}}, {"type": "Feature", "bbox": [139.07494, 35.61227, 139.08517, 35.6142], "geometry": {"type": "LineString", "coordinates": [[139.07494, 35.6142], [139.07556, 35.61419], [139.07577, 35.61418], [139.07622, 35.6141], [139.07666, 35.61399], [139.07744, 35.61375], [139.07954, 35.61311], [139.08, 35.61296], [139.08104, 35.6126], [139.08159, 35.61246], [139.08197, 35.61238], [139.08237, 35.61233], [139.08309, 35.61229], [139.08364, 35.61227], [139.08418, 35.61232], [139.08462, 35.61239], [139.08517, 35.61251]]}, "properties": {"id": "GEOM_TOKYO_2856", "route_id": "R_3F47F0D7", "route_name": null, "route_color": "#F15A24", "route_text_color": null, "line_name": "中央線", "operator_id": "jr_east", "representation": "service_path", "min_zoom": 0, "max_zoom": 24, "offset_rank": 0}}, {"type": "Feature", "bbox": [139.14111, 35.61607, 139.15063, 35.61784], "geometry": {"type": "LineString", "coordinates": [[139.14111, 35.61784], [139.14159, 35.61765], [139.1422, 35.61745], [139.14263, 35.61735], [139.14342, 35.6172], [139.14426, 35.61706], [139.14575, 35.61679], [139.14698, 35.61658], [139.14816, 35.61641], [139.14838, 35.61638], [139.15063, 35.61607]]}, "properties": {"id": "GEOM_TOKYO_2857", "route_id": "R_3F47F0D7", "route_name": null, "route_color": "#F15A24", "route_text_color": null, "line_name": "中央線", "operator_id": "jr_east", "representation": "service_path", "min_zoom": 0, "max_zoom": 24, "offset_rank": 0}}, {"type": "Feature", "bbox": [139.03846, 35.60274, 139.07139, 35.61403], "geometry": {"type": "LineString", "coordinates": [[139.03846, 35.60528], [139.03858, 35.60509], [139.03895, 35.60464], [139.03907, 35.60454], [139.04028, 35.6036], [139.04039, 35.60354], [139.0413, 35.60312], [139.04162, 35.603], [139.04229, 35.60282], [139.04282, 35.60276], [139.04308, 35.60274], [139.04361, 35.60277], [139.04403, 35.60283], [139.04453, 35.60292], [139.04491, 35.60304], [139.04521, 35.60314], [139.04541, 35.60324], [139.04571, 35.60342], [139.04605, 35.60363], [139.04646, 35.60385], [139.04693, 35.60413], [139.04732, 35.60433], [139.04794, 35.60469], [139.05031, 35.60602], [139.05039, 35.60607], [139.05068, 35.60617], [139.05171, 35.60637], [139.05201, 35.6064], [139.05363, 35.60662], [139.05445, 35.60672], [139.0558, 35.60688], [139.05619, 35.60693], [139.05656, 35.607], [139.05688, 35.60709], [139.05732, 35.6073], [139.05747, 35.60738], [139.05762, 35.60749], [139.05813, 35.60791], [139.05987, 35.60927], [139.06044, 35.60973], [139.06068, 35.60992], [139.06119, 35.61031], [139.06212, 35.61106], [139.06219, 35.61112], [139.06241, 35.61132], [139.06247, 35.61137], [139.06331, 35.61213], [139.06339, 35.61219], [139.06358, 35.61234], [139.06416, 35.6128], [139.06425, 35.61286], [139.06444, 35.61298], [139.06502, 35.61321], [139.06564, 35.61336], [139.06609, 35.61346], [139.06706, 35.61363], [139.06806, 35.61376], [139.06882, 35.61382], [139.07052, 35.61397], [139.07139, 35.61403]]}, "properties": {"id": "GEOM_TOKYO_2858", "route_id": "R_3F47F0D7", "route_name": null, "route_color": "#F15A24", "route_text_color": null, "line_name": "中央線", "operator_id": "jr_east", "representation": "service_path", "min_zoom": 0, "max_zoom": 24, "offset_rank": 0}}, {"type": "Feature", "bbox": [139.20444, 35.63001, 139.25207, 35.64043], "geometry": {"type": "LineString", "coordinates": [[139.20444, 35.63001], [139.20455, 35.63019], [139.20477, 35.63051], [139.20491, 35.63069], [139.20523, 35.63098], [139.20543, 35.63114], [139.20569, 35.63133], [139.20604, 35.63152], [139.20645, 35.63168], [139.20676, 35.63182], [139.20696, 35.63191], [139.2084, 35.63248], [139.20936, 35.63288], [139.21033, 35.63333], [139.21123, 35.63373], [139.21273, 35.63435], [139.21428, 35.63493], [139.21447, 35.63498], [139.21568, 35.63539], [139.21656, 35.63565], [139.21772, 35.636], [139.219, 35.63638], [139.22031, 35.63679], [139.22202, 35.63729], [139.22267, 35.63748], [139.22306, 35.63759], [139.22423, 35.6379], [139.22573, 35.63832], [139.2262, 35.63844], [139.22727, 35.63869], [139.22871, 35.63901], [139.23027, 35.63931], [139.2307, 35.63938], [139.23121, 35.63945], [139.23204, 35.63954], [139.23289, 35.63962], [139.23339, 35.63965], [139.23365, 35.63966], [139.23391, 35.63966], [139.23421, 35.63966], [139.23463, 35.63962], [139.23499, 35.63959], [139.236, 35.63949], [139.23607, 35.63949], [139.2369, 35.63939], [139.23812, 35.63926], [139.2392, 35.63913], [139.23959, 35.63912], [139.24025, 35.63918], [139.24084, 35.63927], [139.24141, 35.63943], [139.24177, 35.63954], [139.24277, 35.64003], [139.243, 35.64011], [139.24335, 35.64022], [139.24399, 35.64033], [139.24438, 35.64036], [139.24475, 35.64038], [139.24531, 35.64037], [139.24591, 35.64031], [139.24628, 35.64027], [139.24681, 35.64027], [139.24745, 35.64029], [139.24786, 35.64031], [139.24862, 35.64039], [139.24896, 35.64041], [139.2492, 35.64043], [139.24975, 35.64041], [139.25089, 35.64033], [139.25207, 35.64023]]}, "properties": {"id": "GEOM_TOKYO_2859", "route_id": "R_3F47F0D7", "route_name": null, "route_color": "#F15A24", "route_text_color": null, "line_name": "中央線", "operator_id": "jr_east", "representation": "service_path", "min_zoom": 0, "max_zoom": 24, "offset_rank": 0}}, {"type": "Feature", "bbox": [139.34577, 35.65005, 139.38049, 35.65882], "geometry": {"type": "LineString", "coordinates": [[139.34577, 35.65428], [139.34624, 35.65418], [139.34678, 35.65407], [139.34683, 35.65405], [139.3472, 35.65397], [139.34767, 35.65384], [139.34809, 35.6537], [139.34867, 35.65349], [139.34904, 35.65333], [139.34948, 35.65311], [139.35002, 35.65281], [139.35104, 35.65229], [139.35192, 35.65184], [139.35203, 35.65179], [139.35247, 35.65159], [139.3534, 35.65115], [139.35428, 35.65072], [139.35469, 35.65054], [139.35498, 35.65042], [139.35535, 35.6503], [139.35591, 35.65016], [139.35631, 35.6501], [139.3567, 35.65006], [139.35711, 35.65005], [139.3574, 35.65007], [139.35755, 35.65009], [139.35816, 35.65021], [139.35834, 35.65025], [139.35865, 35.65034], [139.35893, 35.65044], [139.3596, 35.65073], [139.36088, 35.65137], [139.36099, 35.65143], [139.36153, 35.65168], [139.36192, 35.65185], [139.36224, 35.65196], [139.36259, 35.65205], [139.36292, 35.65211], [139.36332, 35.65217], [139.36361, 35.65219], [139.36418, 35.65221], [139.36495, 35.65216], [139.36536, 35.65209], [139.36593, 35.65203], [139.36632, 35.65198], [139.36696, 35.65194], [139.36762, 35.65194], [139.36803, 35.65198], [139.36874, 35.65209], [139.36935, 35.65222], [139.36965, 35.65232], [139.37009, 35.65248], [139.37023, 35.65255], [139.37056, 35.6527], [139.37107, 35.65297], [139.37149, 35.6532], [139.37166, 35.6533], [139.3718, 35.65339], [139.37405, 35.65478], [139.37619, 35.65611], [139.37718, 35.65674], [139.37757, 35.65698], [139.37862, 35.65763], [139.37947, 35.65815], [139.38049, 35.65882]]}, "properties": {"id": "GEOM_TOKYO_2860", "route_id": "R_3F47F0D7", "route_name": null, "route_color": "#F15A24", "route_text_color": null, "line_name": "中央線", "operator_id": "jr_east", "representation": "service_path", "min_zoom": 0, "max_zoom": 24, "offset_rank": 0}}, {"type": "Feature", "bbox": [139.11428, 35.6179, 139.11653, 35.61899], "geometry": {"type": "LineString", "coordinates": [[139.11653, 35.61899], [139.11428, 35.6179]]}, "properties": {"id": "GEOM_TOKYO_2861", "route_id": "R_3F47F0D7", "route_name": null, "route_color": "#F15A24", "route_text_color": null, "line_name": "中央線", "operator_id": "jr_east", "representation": "service_path", "min_zoom": 0, "max_zoom": 24, "offset_rank": 0}}, {"type": "Feature", "bbox": [139.11653, 35.61899, 139.12084, 35.62018], "geometry": {"type": "LineString", "coordinates": [[139.11653, 35.61899], [139.11685, 35.61914], [139.11772, 35.61953], [139.11807, 35.61969], [139.11845, 35.61982], [139.11896, 35.61998], [139.11949, 35.62009], [139.11954, 35.6201], [139.11964, 35.62011], [139.12001, 35.62015], [139.12084, 35.62018]]}, "properties": {"id": "GEOM_TOKYO_2863", "route_id": "R_3F47F0D7", "route_name": null, "route_color": "#F15A24", "route_text_color": null, "line_name": "中央線", "operator_id": "jr_east", "representation": "service_path", "min_zoom": 0, "max_zoom": 24, "offset_rank": 0}}, {"type": "Feature", "bbox": [139.15063, 35.61592, 139.15203, 35.61607], "geometry": {"type": "LineString", "coordinates": [[139.15063, 35.61607], [139.15203, 35.61592]]}, "properties": {"id": "GEOM_TOKYO_2864", "route_id": "R_3F47F0D7", "route_name": null, "route_color": "#F15A24", "route_text_color": null, "line_name": "中央線", "operator_id": "jr_east", "representation": "service_path", "min_zoom": 0, "max_zoom": 24, "offset_rank": 0}}, {"type": "Feature", "bbox": [139.03846, 35.60293, 139.07139, 35.61416], "geometry": {"type": "LineString", "coordinates": [[139.03846, 35.60528], [139.03871, 35.60506], [139.03926, 35.60466], [139.0395, 35.60445], [139.04046, 35.60371], [139.04064, 35.60363], [139.04106, 35.60341], [139.04153, 35.60324], [139.04185, 35.60314], [139.04224, 35.60305], [139.04275, 35.60295], [139.04317, 35.60293], [139.0437, 35.60296], [139.0442, 35.60304], [139.0447, 35.60317], [139.04493, 35.60325], [139.04514, 35.60336], [139.04565, 35.60359], [139.04634, 35.60397], [139.04666, 35.60419], [139.04765, 35.60484], [139.05041, 35.6067], [139.05374, 35.60895], [139.05488, 35.60972], [139.05547, 35.61012], [139.05648, 35.61062], [139.06033, 35.61199], [139.06274, 35.6128], [139.06287, 35.61284], [139.06336, 35.613], [139.06368, 35.61311], [139.06378, 35.61314], [139.06439, 35.61336], [139.06531, 35.61363], [139.06562, 35.61371], [139.06681, 35.61398], [139.0674, 35.61409], [139.06771, 35.61413], [139.06841, 35.61416], [139.06988, 35.61413], [139.07076, 35.6141], [139.07139, 35.61403]]}, "properties": {"id": "GEOM_TOKYO_2865", "route_id": "R_3F47F0D7", "route_name": null, "route_color": "#F15A24", "route_text_color": null, "line_name": "中央線", "operator_id": "jr_east", "representation": "service_path", "min_zoom": 0, "max_zoom": 24, "offset_rank": 0}}, {"type": "Feature", "bbox": [139.18962, 35.61694, 139.19161, 35.6171], "geometry": {"type": "LineString", "coordinates": [[139.18962, 35.61702], [139.19002, 35.61696], [139.19014, 35.61695], [139.19032, 35.61694], [139.19059, 35.61694], [139.19086, 35.61696], [139.19118, 35.617], [139.19154, 35.61707], [139.19161, 35.6171]]}, "properties": {"id": "GEOM_TOKYO_2866", "route_id": "R_3F47F0D7", "route_name": null, "route_color": "#F15A24", "route_text_color": null, "line_name": "中央線", "operator_id": "jr_east", "representation": "service_path", "min_zoom": 0, "max_zoom": 24, "offset_rank": 0}}, {"type": "Feature", "bbox": [139.19863, 35.62174, 139.20444, 35.63001], "geometry": {"type": "LineString", "coordinates": [[139.19863, 35.62174], [139.19915, 35.62225], [139.19932, 35.62244], [139.20004, 35.62314], [139.20027, 35.62333], [139.20047, 35.62353], [139.20053, 35.62358], [139.20065, 35.62369], [139.20132, 35.62433], [139.20174, 35.62471], [139.20238, 35.62531], [139.20261, 35.62555], [139.20312, 35.6262], [139.20326, 35.62642], [139.20335, 35.62657], [139.20349, 35.6269], [139.20372, 35.6275], [139.20392, 35.62826], [139.20412, 35.62933], [139.20439, 35.62994], [139.20444, 35.63001]]}, "properties": {"id": "GEOM_TOKYO_2867", "route_id": "R_3F47F0D7", "route_name": null, "route_color": "#F15A24", "route_text_color": null, "line_name": "中央線", "operator_id": "jr_east", "representation": "service_path", "min_zoom": 0, "max_zoom": 24, "offset_rank": 0}}, {"type": "Feature", "bbox": [139.07238, 35.61407, 139.07494, 35.6142], "geometry": {"type": "LineString", "coordinates": [[139.07494, 35.6142], [139.07339, 35.61413], [139.07238, 35.61407]]}, "properties": {"id": "GEOM_TOKYO_2869", "route_id": "R_3F47F0D7", "route_name": null, "route_color": "#F15A24", "route_text_color": null, "line_name": "中央線", "operator_id": "jr_east", "representation": "service_path", "min_zoom": 0, "max_zoom": 24, "offset_rank": 0}}, {"type": "Feature", "bbox": [139.28394, 35.64283, 139.31102, 35.65574], "geometry": {"type": "LineString", "coordinates": [[139.31102, 35.65574], [139.30812, 35.65419], [139.305, 35.65254], [139.30494, 35.6525], [139.30373, 35.65187], [139.3007, 35.65025], [139.29933, 35.64952], [139.29821, 35.64893], [139.29672, 35.64812], [139.29573, 35.6476], [139.29526, 35.64735], [139.29417, 35.64677], [139.29315, 35.64622], [139.29231, 35.64584], [139.29112, 35.6454], [139.28953, 35.64483], [139.28588, 35.64352], [139.28549, 35.64339], [139.28394, 35.64283]]}, "properties": {"id": "GEOM_TOKYO_2871", "route_id": "R_3F47F0D7", "route_name": null, "route_color": "#F15A24", "route_text_color": null, "line_name": "中央線", "operator_id": "jr_east", "representation": "service_path", "min_zoom": 0, "max_zoom": 24, "offset_rank": 0}}, {"type": "Feature", "bbox": [139.25207, 35.6399, 139.25807, 35.64023], "geometry": {"type": "LineString", "coordinates": [[139.25207, 35.64023], [139.25266, 35.64019], [139.25385, 35.64008], [139.25438, 35.64006], [139.25581, 35.63993], [139.25652, 35.6399], [139.25729, 35.63991], [139.25794, 35.63995], [139.25807, 35.63996]]}, "properties": {"id": "GEOM_TOKYO_2872", "route_id": "R_3F47F0D7", "route_name": null, "route_color": "#F15A24", "route_text_color": null, "line_name": "中央線", "operator_id": "jr_east", "representation": "service_path", "min_zoom": 0, "max_zoom": 24, "offset_rank": 0}}, {"type": "Feature", "bbox": [139.01395, 35.60638, 139.03485, 35.60921], "geometry": {"type": "LineString", "coordinates": [[139.01395, 35.60735], [139.01534, 35.60688], [139.01552, 35.60682], [139.01578, 35.60673], [139.01595, 35.60665], [139.01665, 35.60647], [139.01716, 35.60638], [139.01764, 35.60638], [139.01837, 35.60643], [139.0187, 35.60647], [139.01923, 35.60658], [139.02017, 35.60689], [139.02031, 35.60695], [139.02061, 35.60702], [139.0217, 35.60736], [139.023, 35.60777], [139.02379, 35.60799], [139.02526, 35.60827], [139.02577, 35.60836], [139.02716, 35.60861], [139.02759, 35.60866], [139.02817, 35.60879], [139.0298, 35.60908], [139.03012, 35.60913], [139.03053, 35.60917], [139.03111, 35.60921], [139.0315, 35.6092], [139.03186, 35.60913], [139.03245, 35.609], [139.03296, 35.60885], [139.03384, 35.6085], [139.03441, 35.60825], [139.03485, 35.608]]}, "properties": {"id": "GEOM_TOKYO_2873", "route_id": "R_3F47F0D7", "route_name": null, "route_color": "#F15A24", "route_text_color": null, "line_name": "中央線", "operator_id": "jr_east", "representation": "service_path", "min_zoom": 0, "max_zoom": 24, "offset_rank": 0}}, {"type": "Feature", "bbox": [139.08517, 35.61251, 139.10128, 35.61863], "geometry": {"type": "LineString", "coordinates": [[139.08517, 35.61251], [139.08597, 35.61296], [139.08658, 35.61328], [139.08734, 35.6137], [139.08835, 35.61429], [139.0913, 35.61603], [139.0922, 35.6166], [139.09239, 35.61674], [139.09247, 35.6168], [139.09275, 35.61693], [139.09309, 35.61705], [139.09469, 35.61766], [139.09586, 35.61813], [139.09628, 35.61827], [139.09713, 35.61844], [139.09787, 35.61856], [139.09857, 35.6186], [139.09989, 35.61863], [139.1008, 35.61851], [139.10128, 35.61844]]}, "properties": {"id": "GEOM_TOKYO_2874", "route_id": "R_3F47F0D7", "route_name": null, "route_color": "#F15A24", "route_text_color": null, "line_name": "中央線", "operator_id": "jr_east", "representation": "service_path", "min_zoom": 0, "max_zoom": 24, "offset_rank": 0}}, {"type": "Feature", "bbox": [139.01395, 35.60438, 139.03485, 35.60825], "geometry": {"type": "LineString", "coordinates": [[139.01395, 35.60735], [139.01415, 35.6072], [139.01519, 35.60623], [139.01566, 35.60583], [139.01609, 35.60546], [139.01688, 35.60498], [139.01731, 35.60478], [139.01771, 35.60464], [139.01815, 35.60452], [139.01865, 35.60445], [139.01905, 35.60442], [139.02058, 35.60442], [139.02209, 35.6044], [139.02266, 35.6044], [139.02327, 35.60438], [139.02342, 35.60439], [139.02398, 35.60441], [139.02452, 35.60445], [139.02527, 35.60454], [139.0258, 35.60465], [139.02622, 35.60477], [139.02655, 35.60489], [139.027, 35.60506], [139.0274, 35.60528], [139.02859, 35.60607], [139.02887, 35.60624], [139.02909, 35.60641], [139.02953, 35.6069], [139.0296, 35.60696], [139.03008, 35.60734], [139.03029, 35.60747], [139.03072, 35.60771], [139.03123, 35.60794], [139.0316, 35.60806], [139.03194, 35.60812], [139.03231, 35.60821], [139.03271, 35.60823], [139.03315, 35.60825], [139.03348, 35.60824], [139.034, 35.60817], [139.03485, 35.608]]}, "properties": {"id": "GEOM_TOKYO_2877", "route_id": "R_3F47F0D7", "route_name": null, "route_color": "#F15A24", "route_text_color": null, "line_name": "中央線", "operator_id": "jr_east", "representation": "service_path", "min_zoom": 0, "max_zoom": 24, "offset_rank": 0}}, {"type": "Feature", "bbox": [139.12084, 35.61784, 139.14111, 35.62094], "geometry": {"type": "LineString", "coordinates": [[139.12084, 35.62018], [139.12123, 35.62021], [139.12183, 35.62025], [139.12206, 35.62022], [139.12255, 35.62022], [139.12306, 35.62025], [139.12541, 35.62068], [139.12566, 35.62074], [139.1261, 35.62091], [139.12634, 35.62092], [139.12641, 35.62093], [139.12669, 35.62094], [139.12798, 35.6209], [139.12863, 35.62087], [139.12887, 35.62086], [139.12987, 35.62082], [139.13186, 35.62074], [139.1322, 35.62073], [139.13263, 35.62071], [139.1333, 35.62072], [139.1353, 35.62063], [139.13588, 35.62056], [139.1363, 35.62049], [139.13644, 35.62046], [139.13735, 35.62016], [139.13829, 35.61978], [139.13879, 35.61948], [139.13943, 35.61913], [139.14, 35.61871], [139.14035, 35.61843], [139.14083, 35.61806], [139.14111, 35.61784]]}, "properties": {"id": "GEOM_TOKYO_2878", "route_id": "R_3F47F0D7", "route_name": null, "route_color": "#F15A24", "route_text_color": null, "line_name": "中央線", "operator_id": "jr_east", "representation": "service_path", "min_zoom": 0, "max_zoom": 24, "offset_rank": 0}}, {"type": "Feature", "bbox": [139.25807, 35.63996, 139.28133, 35.64202], "geometry": {"type": "LineString", "coordinates": [[139.28133, 35.64192], [139.28066, 35.64168], [139.28011, 35.64152], [139.27962, 35.64139], [139.27886, 35.64127], [139.27814, 35.64119], [139.27716, 35.64112], [139.27687, 35.64112], [139.27668, 35.64113], [139.27635, 35.64116], [139.27533, 35.64127], [139.27446, 35.64135], [139.27374, 35.64142], [139.27203, 35.64157], [139.2707, 35.64169], [139.27001, 35.64175], [139.26906, 35.64184], [139.26776, 35.64195], [139.2672, 35.642], [139.26669, 35.64202], [139.26637, 35.64201], [139.26626, 35.642], [139.26578, 35.64195], [139.26523, 35.64185], [139.26486, 35.64175], [139.26307, 35.64128], [139.26231, 35.64108], [139.26145, 35.64083], [139.25973, 35.6404], [139.25807, 35.63996]]}, "properties": {"id": "GEOM_TOKYO_2879", "route_id": "R_3F47F0D7", "route_name": null, "route_color": "#F15A24", "route_text_color": null, "line_name": "中央線", "operator_id": "jr_east", "representation": "service_path", "min_zoom": 0, "max_zoom": 24, "offset_rank": 0}}, {"type": "Feature", "bbox": [139.15203, 35.61513, 139.15813, 35.61592], "geometry": {"type": "LineString", "coordinates": [[139.15203, 35.61592], [139.15209, 35.61592], [139.15238, 35.61587], [139.15598, 35.61543], [139.15813, 35.61513]]}, "properties": {"id": "GEOM_TOKYO_2883", "route_id": "R_3F47F0D7", "route_name": null, "route_color": "#F15A24", "route_text_color": null, "line_name": "中央線", "operator_id": "jr_east", "representation": "service_path", "min_zoom": 0, "max_zoom": 24, "offset_rank": 0}}, {"type": "Feature", "bbox": [139.19863, 35.62174, 139.20444, 35.63001], "geometry": {"type": "LineString", "coordinates": [[139.19863, 35.62174], [139.19905, 35.62236], [139.19971, 35.62323], [139.20096, 35.62505], [139.20119, 35.62538], [139.20145, 35.62575], [139.202, 35.62654], [139.2042, 35.62978], [139.20444, 35.63001]]}, "properties": {"id": "GEOM_TOKYO_2884", "route_id": "R_3F47F0D7", "route_name": null, "route_color": "#F15A24", "route_text_color": null, "line_name": "中央線", "operator_id": "jr_east", "representation": "service_path", "min_zoom": 0, "max_zoom": 24, "offset_rank": 0}}, {"type": "Feature", "bbox": [139.28133, 35.64192, 139.28394, 35.64283], "geometry": {"type": "LineString", "coordinates": [[139.28394, 35.64283], [139.28133, 35.64192]]}, "properties": {"id": "GEOM_TOKYO_2885", "route_id": "R_3F47F0D7", "route_name": null, "route_color": "#F15A24", "route_text_color": null, "line_name": "中央線", "operator_id": "jr_east", "representation": "service_path", "min_zoom": 0, "max_zoom": 24, "offset_rank": 0}}, {"type": "Feature", "bbox": [138.96983, 35.60798, 139.00221, 35.61392], "geometry": {"type": "LineString", "coordinates": [[139.00221, 35.60798], [139.00154, 35.60798], [138.99871, 35.60811], [138.99748, 35.60819], [138.99684, 35.60823], [138.99659, 35.60824], [138.99311, 35.60843], [138.99277, 35.60844], [138.99157, 35.60849], [138.99026, 35.60855], [138.99015, 35.60856], [138.98803, 35.60869], [138.98762, 35.60871], [138.98654, 35.60881], [138.98611, 35.60887], [138.9855, 35.60907], [138.98436, 35.60959], [138.98409, 35.60973], [138.98338, 35.61012], [138.98261, 35.61057], [138.98161, 35.61116], [138.98077, 35.61167], [138.98025, 35.61198], [138.97988, 35.61219], [138.97939, 35.6125], [138.97917, 35.61262], [138.97883, 35.6128], [138.97853, 35.61292], [138.97803, 35.6131], [138.97705, 35.61333], [138.97661, 35.6134], [138.97631, 35.61344], [138.97453, 35.6137], [138.97399, 35.61379], [138.97347, 35.61384], [138.9732, 35.61386], [138.97302, 35.61388], [138.97269, 35.6139], [138.97233, 35.61392], [138.9719, 35.61392], [138.97154, 35.61389], [138.97132, 35.61385], [138.97104, 35.61381], [138.97061, 35.61368], [138.96989, 35.61343], [138.96983, 35.61341]]}, "properties": {"id": "GEOM_TOKYO_2886", "route_id": "R_3F47F0D7", "route_name": null, "route_color": "#F15A24", "route_text_color": null, "line_name": "中央線", "operator_id": "jr_east", "representation": "service_path", "min_zoom": 0, "max_zoom": 24, "offset_rank": 0}}, {"type": "Feature", "bbox": [139.16353, 35.61644, 139.18743, 35.62203], "geometry": {"type": "LineString", "coordinates": [[139.18743, 35.61761], [139.18679, 35.61778], [139.18507, 35.61824], [139.18399, 35.61856], [139.18342, 35.61879], [139.18289, 35.61904], [139.18198, 35.61949], [139.18102, 35.61999], [139.18066, 35.62013], [139.17885, 35.62078], [139.17819, 35.62095], [139.1777, 35.6211], [139.17716, 35.62126], [139.17504, 35.62184], [139.17482, 35.62189], [139.1745, 35.62195], [139.17414, 35.622], [139.17399, 35.62201], [139.17366, 35.62203], [139.17341, 35.62203], [139.1732, 35.62202], [139.17292, 35.62199], [139.1724, 35.62188], [139.17194, 35.62177], [139.17169, 35.6217], [139.17142, 35.6216], [139.17124, 35.62149], [139.17112, 35.62143], [139.1711, 35.62142], [139.17084, 35.62127], [139.17078, 35.62123], [139.16892, 35.62], [139.16836, 35.61963], [139.16805, 35.61943], [139.16599, 35.61809], [139.16409, 35.61684], [139.16368, 35.61655], [139.16353, 35.61644]]}, "properties": {"id": "GEOM_TOKYO_2887", "route_id": "R_3F47F0D7", "route_name": null, "route_color": "#F15A24", "route_text_color": null, "line_name": "中央線", "operator_id": "jr_east", "representation": "service_path", "min_zoom": 0, "max_zoom": 24, "offset_rank": 0}}, {"type": "Feature", "bbox": [139.18743, 35.61702, 139.18962, 35.61761], "geometry": {"type": "LineString", "coordinates": [[139.18743, 35.61761], [139.18962, 35.61702]]}, "properties": {"id": "GEOM_TOKYO_2888", "route_id": "R_3F47F0D7", "route_name": null, "route_color": "#F15A24", "route_text_color": null, "line_name": "中央線", "operator_id": "jr_east", "representation": "service_path", "min_zoom": 0, "max_zoom": 24, "offset_rank": 0}}, {"type": "Feature", "bbox": [139.03632, 35.60542, 139.03828, 35.60711], "geometry": {"type": "LineString", "coordinates": [[139.03828, 35.60542], [139.03632, 35.60711]]}, "properties": {"id": "GEOM_TOKYO_2889", "route_id": "R_3F47F0D7", "route_name": null, "route_color": "#F15A24", "route_text_color": null, "line_name": "中央線", "operator_id": "jr_east", "representation": "service_path", "min_zoom": 0, "max_zoom": 24, "offset_rank": 0}}, {"type": "Feature", "bbox": [139.03828, 35.60528, 139.03846, 35.60542], "geometry": {"type": "LineString", "coordinates": [[139.03828, 35.60542], [139.03846, 35.60528]]}, "properties": {"id": "GEOM_TOKYO_2890", "route_id": "R_3F47F0D7", "route_name": null, "route_color": "#F15A24", "route_text_color": null, "line_name": "中央線", "operator_id": "jr_east", "representation": "service_path", "min_zoom": 0, "max_zoom": 24, "offset_rank": 0}}, {"type": "Feature", "bbox": [139.15813, 35.61495, 139.16353, 35.61644], "geometry": {"type": "LineString", "coordinates": [[139.15813, 35.61513], [139.15855, 35.61506], [139.15916, 35.61498], [139.15953, 35.61495], [139.15995, 35.61496], [139.16036, 35.61503], [139.1613, 35.61523], [139.16172, 35.61536], [139.16211, 35.61555], [139.16249, 35.61574], [139.16288, 35.61596], [139.16353, 35.61644]]}, "properties": {"id": "GEOM_TOKYO_2891", "route_id": "R_3F47F0D7", "route_name": null, "route_color": "#F15A24", "route_text_color": null, "line_name": "中央線", "operator_id": "jr_east", "representation": "service_path", "min_zoom": 0, "max_zoom": 24, "offset_rank": 0}}, {"type": "Feature", "bbox": [139.15813, 35.61513, 139.16353, 35.61644], "geometry": {"type": "LineString", "coordinates": [[139.15813, 35.61513], [139.1591, 35.61515], [139.15969, 35.61519], [139.16033, 35.61528], [139.16092, 35.6154], [139.16156, 35.61556], [139.16198, 35.61571], [139.16218, 35.61578], [139.16283, 35.61608], [139.16334, 35.61634], [139.16353, 35.61644]]}, "properties": {"id": "GEOM_TOKYO_2892", "route_id": "R_3F47F0D7", "route_name": null, "route_color": "#F15A24", "route_text_color": null, "line_name": "中央線", "operator_id": "jr_east", "representation": "service_path", "min_zoom": 0, "max_zoom": 24, "offset_rank": 0}}, {"type": "Feature", "bbox": [139.19782, 35.62093, 139.19863, 35.62174], "geometry": {"type": "LineString", "coordinates": [[139.19782, 35.62093], [139.19787, 35.62098], [139.19863, 35.62174]]}, "properties": {"id": "GEOM_TOKYO_2919", "route_id": "R_3F47F0D7", "route_name": null, "route_color": "#F15A24", "route_text_color": null, "line_name": "中央線", "operator_id": "jr_east", "representation": "service_path", "min_zoom": 0, "max_zoom": 24, "offset_rank": 0}}, {"type": "Feature", "bbox": [139.19161, 35.6171, 139.19782, 35.62093], "geometry": {"type": "LineString", "coordinates": [[139.19161, 35.6171], [139.1923, 35.61717], [139.19279, 35.61732], [139.19347, 35.61755], [139.1941, 35.61788], [139.1945, 35.61812], [139.19538, 35.61863], [139.19604, 35.61917], [139.19616, 35.61927], [139.19739, 35.62048], [139.19782, 35.62093]]}, "properties": {"id": "GEOM_TOKYO_2920", "route_id": "R_3F47F0D7", "route_name": null, "route_color": "#F15A24", "route_text_color": null, "line_name": "中央線", "operator_id": "jr_east", "representation": "service_path", "min_zoom": 0, "max_zoom": 24, "offset_rank": 0}}, {"type": "Feature", "bbox": [139.19161, 35.6171, 139.19782, 35.62093], "geometry": {"type": "LineString", "coordinates": [[139.19161, 35.6171], [139.19226, 35.61731], [139.19314, 35.61772], [139.19377, 35.61812], [139.19405, 35.61837], [139.1948, 35.61901], [139.19558, 35.6196], [139.19578, 35.61977], [139.1963, 35.62007], [139.19675, 35.62032], [139.19718, 35.62055], [139.19754, 35.62076], [139.19782, 35.62093]]}, "properties": {"id": "GEOM_TOKYO_2921", "route_id": "R_3F47F0D7", "route_name": null, "route_color": "#F15A24", "route_text_color": null, "line_name": "中央線", "operator_id": "jr_east", "representation": "service_path", "min_zoom": 0, "max_zoom": 24, "offset_rank": 0}}, {"type": "Feature", "bbox": [139.53392, 35.39917, 139.5347, 35.4017], "geometry": {"type": "LineString", "coordinates": [[139.53392, 35.4017], [139.5342, 35.40076], [139.53433, 35.40034], [139.53448, 35.3999], [139.53458, 35.39956], [139.53468, 35.39926], [139.5347, 35.39917]]}, "properties": {"id": "GEOM_TOKYO_2990", "route_id": "R_09EB5226", "route_name": null, "route_color": "#F28E1C", "route_text_color": null, "line_name": "東海道線", "operator_id": "jr_east", "representation": "service_path", "min_zoom": 0, "max_zoom": 24, "offset_rank": 0}}, {"type": "Feature", "bbox": [139.52918, 35.35542, 139.53574, 35.39917], "geometry": {"type": "LineString", "coordinates": [[139.5347, 35.39917], [139.53473, 35.39908], [139.53511, 35.39793], [139.53536, 35.3971], [139.53552, 35.39659], [139.53567, 35.39597], [139.53572, 35.39519], [139.53574, 35.39447], [139.53564, 35.39349], [139.53548, 35.39179], [139.53545, 35.39148], [139.53524, 35.38921], [139.535, 35.38661], [139.53476, 35.38394], [139.53463, 35.3828], [139.53458, 35.38238], [139.53444, 35.38134], [139.53433, 35.3808], [139.5342, 35.38026], [139.53406, 35.37982], [139.53362, 35.37875], [139.53296, 35.37736], [139.5321, 35.3758], [139.53199, 35.3756], [139.53176, 35.37521], [139.5316, 35.37492], [139.5313, 35.37438], [139.53113, 35.37405], [139.53083, 35.37354], [139.5306, 35.37313], [139.52997, 35.37173], [139.52971, 35.37118], [139.52956, 35.37072], [139.52952, 35.37034], [139.52957, 35.36993], [139.52971, 35.36915], [139.53001, 35.3679], [139.53025, 35.36704], [139.5304, 35.3665], [139.53045, 35.3662], [139.53045, 35.36602], [139.53043, 35.36576], [139.53039, 35.36545], [139.53021, 35.36478], [139.53007, 35.36445], [139.52995, 35.36415], [139.52984, 35.36386], [139.52959, 35.36325], [139.52936, 35.36266], [139.52923, 35.362], [139.52918, 35.36156], [139.52922, 35.36091], [139.52938, 35.36036], [139.52965, 35.35979], [139.53002, 35.35926], [139.53077, 35.35829], [139.53133, 35.35755], [139.53156, 35.3571], [139.5317, 35.35671], [139.53175, 35.35627], [139.53173, 35.35591], [139.53164, 35.35542]]}, "properties": {"id": "GEOM_TOKYO_2991", "route_id": "R_09EB5226", "route_name": null, "route_color": "#F28E1C", "route_text_color": null, "line_name": "東海道線", "operator_id": "jr_east", "representation": "service_path", "min_zoom": 0, "max_zoom": 24, "offset_rank": 0}}, {"type": "Feature", "bbox": [139.44401, 35.33674, 139.44778, 35.33695], "geometry": {"type": "LineString", "coordinates": [[139.44401, 35.33674], [139.44778, 35.33695]]}, "properties": {"id": "GEOM_TOKYO_2992", "route_id": "R_09EB5226", "route_name": null, "route_color": "#F28E1C", "route_text_color": null, "line_name": "東海道線", "operator_id": "jr_east", "representation": "service_path", "min_zoom": 0, "max_zoom": 24, "offset_rank": 0}}, {"type": "Feature", "bbox": [139.4064, 35.33007, 139.4096, 35.33122], "geometry": {"type": "LineString", "coordinates": [[139.4096, 35.33122], [139.40696, 35.33026], [139.40657, 35.33013], [139.4064, 35.33007]]}, "properties": {"id": "GEOM_TOKYO_2993", "route_id": "R_09EB5226", "route_name": null, "route_color": "#F28E1C", "route_text_color": null, "line_name": "東海道線", "operator_id": "jr_east", "representation": "service_path", "min_zoom": 0, "max_zoom": 24, "offset_rank": 0}}, {"type": "Feature", "bbox": [139.44778, 35.33695, 139.48473, 35.33876], "geometry": {"type": "LineString", "coordinates": [[139.44778, 35.33695], [139.44906, 35.33699], [139.45202, 35.33712], [139.45519, 35.33729], [139.45769, 35.33741], [139.45789, 35.33742], [139.46055, 35.33755], [139.46335, 35.3377], [139.46614, 35.33784], [139.46895, 35.33798], [139.46967, 35.33801], [139.4729, 35.33817], [139.47367, 35.33821], [139.47692, 35.33838], [139.48087, 35.33855], [139.48319, 35.33869], [139.48473, 35.33876]]}, "properties": {"id": "GEOM_TOKYO_2994", "route_id": "R_09EB5226", "route_name": null, "route_color": "#F28E1C", "route_text_color": null, "line_name": "東海道線", "operator_id": "jr_east", "representation": "service_path", "min_zoom": 0, "max_zoom": 24, "offset_rank": 0}}, {"type": "Feature", "bbox": [139.53605, 35.41219, 139.55652, 35.42876], "geometry": {"type": "LineString", "coordinates": [[139.53605, 35.41219], [139.53663, 35.41287], [139.53735, 35.41347], [139.5379, 35.41386], [139.53835, 35.41414], [139.53892, 35.41445], [139.53977, 35.41492], [139.54168, 35.41596], [139.54319, 35.41674], [139.5451, 35.41773], [139.54675, 35.41862], [139.54762, 35.41908], [139.54922, 35.41994], [139.55065, 35.42063], [139.55143, 35.42106], [139.55183, 35.42128], [139.55292, 35.422], [139.55357, 35.42258], [139.55409, 35.42317], [139.5545, 35.4237], [139.55493, 35.42438], [139.55527, 35.42514], [139.55595, 35.42676], [139.55633, 35.42775], [139.55642, 35.42805], [139.55652, 35.42876]]}, "properties": {"id": "GEOM_TOKYO_2995", "route_id": "R_09EB5226", "route_name": null, "route_color": "#F28E1C", "route_text_color": null, "line_name": "東海道線", "operator_id": "jr_east", "representation": "service_path", "min_zoom": 0, "max_zoom": 24, "offset_rank": 0}}, {"type": "Feature", "bbox": [139.55649, 35.42876, 139.55652, 35.43115], "geometry": {"type": "LineString", "coordinates": [[139.55652, 35.42876], [139.55651, 35.42939], [139.5565, 35.43017], [139.5565, 35.43057], [139.55649, 35.43115]]}, "properties": {"id": "GEOM_TOKYO_2996", "route_id": "R_09EB5226", "route_name": null, "route_color": "#F28E1C", "route_text_color": null, "line_name": "東海道線", "operator_id": "jr_east", "representation": "service_path", "min_zoom": 0, "max_zoom": 24, "offset_rank": 0}}, {"type": "Feature", "bbox": [139.48473, 35.33876, 139.48811, 35.3389], "geometry": {"type": "LineString", "coordinates": [[139.48473, 35.33876], [139.48604, 35.33882], [139.4878, 35.33889], [139.48811, 35.3389]]}, "properties": {"id": "GEOM_TOKYO_2997", "route_id": "R_09EB5226", "route_name": null, "route_color": "#F28E1C", "route_text_color": null, "line_name": "東海道線", "operator_id": "jr_east", "representation": "service_path", "min_zoom": 0, "max_zoom": 24, "offset_rank": 0}}, {"type": "Feature", "bbox": [139.53372, 35.4017, 139.53605, 35.41219], "geometry": {"type": "LineString", "coordinates": [[139.53392, 35.4017], [139.53379, 35.40252], [139.53372, 35.40344], [139.53373, 35.40375], [139.53383, 35.40452], [139.5341, 35.40639], [139.53433, 35.40812], [139.5345, 35.40907], [139.53459, 35.40956], [139.53477, 35.41002], [139.53499, 35.41048], [139.53506, 35.41059], [139.53534, 35.4111], [139.53568, 35.41168], [139.53605, 35.41219]]}, "properties": {"id": "GEOM_TOKYO_2998", "route_id": "R_09EB5226", "route_name": null, "route_color": "#F28E1C", "route_text_color": null, "line_name": "東海道線", "operator_id": "jr_east", "representation": "service_path", "min_zoom": 0, "max_zoom": 24, "offset_rank": 0}}, {"type": "Feature", "bbox": [139.48811, 35.33587, 139.53069, 35.35289], "geometry": {"type": "LineString", "coordinates": [[139.53069, 35.35289], [139.5306, 35.35267], [139.53023, 35.35183], [139.52967, 35.35081], [139.52925, 35.35026], [139.52896, 35.34999], [139.52847, 35.34964], [139.52773, 35.34916], [139.52685, 35.34864], [139.52597, 35.34816], [139.52541, 35.34786], [139.5217, 35.34587], [139.51978, 35.34483], [139.51972, 35.3448], [139.51948, 35.34468], [139.51922, 35.34454], [139.51871, 35.34427], [139.51647, 35.34305], [139.5162, 35.34291], [139.51367, 35.34155], [139.51283, 35.3411], [139.50922, 35.33915], [139.50631, 35.33759], [139.50537, 35.33708], [139.5044, 35.33661], [139.50425, 35.33655], [139.50406, 35.33645], [139.5037, 35.33632], [139.5033, 35.33616], [139.50282, 35.33606], [139.50232, 35.33596], [139.50186, 35.33591], [139.50136, 35.33587], [139.50121, 35.33588], [139.50008, 35.33599], [139.49908, 35.3362], [139.49829, 35.33638], [139.49775, 35.33654], [139.49756, 35.33661], [139.49714, 35.33673], [139.4968, 35.33682], [139.49534, 35.33722], [139.49438, 35.33746], [139.49392, 35.33759], [139.49277, 35.33789], [139.49165, 35.33819], [139.49066, 35.33845], [139.49023, 35.33856], [139.48933, 35.3388], [139.4892, 35.33882], [139.48881, 35.33886], [139.48811, 35.3389]]}, "properties": {"id": "GEOM_TOKYO_2999", "route_id": "R_09EB5226", "route_name": null, "route_color": "#F28E1C", "route_text_color": null, "line_name": "東海道線", "operator_id": "jr_east", "representation": "service_path", "min_zoom": 0, "max_zoom": 24, "offset_rank": 0}}, {"type": "Feature", "bbox": [139.4096, 35.33122, 139.44401, 35.33674], "geometry": {"type": "LineString", "coordinates": [[139.4096, 35.33122], [139.4113, 35.33182], [139.41344, 35.33263], [139.41634, 35.3337], [139.41878, 35.3346], [139.41969, 35.33493], [139.42061, 35.33527], [139.42138, 35.33544], [139.4227, 35.3356], [139.42461, 35.33571], [139.42673, 35.33582], [139.42883, 35.33593], [139.43063, 35.33602], [139.4311, 35.33605], [139.43354, 35.33616], [139.43621, 35.33631], [139.43816, 35.33642], [139.43946, 35.33647], [139.44114, 35.33657], [139.44162, 35.33661], [139.44247, 35.33665], [139.44332, 35.3367], [139.44357, 35.33672], [139.44401, 35.33674]]}, "properties": {"id": "GEOM_TOKYO_3000", "route_id": "R_09EB5226", "route_name": null, "route_color": "#F28E1C", "route_text_color": null, "line_name": "東海道線", "operator_id": "jr_east", "representation": "service_path", "min_zoom": 0, "max_zoom": 24, "offset_rank": 0}}, {"type": "Feature", "bbox": [139.53605, 35.41219, 139.57961, 35.44699], "geometry": {"type": "LineString", "coordinates": [[139.53605, 35.41219], [139.53631, 35.4124], [139.53684, 35.41284], [139.53764, 35.41339], [139.53807, 35.41366], [139.53981, 35.41476], [139.54026, 35.415], [139.54331, 35.41662], [139.54736, 35.41875], [139.54953, 35.41994], [139.5508, 35.42055], [139.55186, 35.42116], [139.55199, 35.42123], [139.55262, 35.42162], [139.55309, 35.42193], [139.55369, 35.42246], [139.55407, 35.42283], [139.55441, 35.42323], [139.55485, 35.42384], [139.55507, 35.42425], [139.55531, 35.42482], [139.55621, 35.42668], [139.55665, 35.42762], [139.55684, 35.4284], [139.55686, 35.42859], [139.55687, 35.42874], [139.55688, 35.4289], [139.55688, 35.42926], [139.55689, 35.42942], [139.5569, 35.4302], [139.5569, 35.43039], [139.55689, 35.43049], [139.5569, 35.43158], [139.55708, 35.43256], [139.55741, 35.4335], [139.55786, 35.43431], [139.55821, 35.43477], [139.55943, 35.43612], [139.5598, 35.43659], [139.56012, 35.43693], [139.56128, 35.4382], [139.56187, 35.43878], [139.56211, 35.43901], [139.56242, 35.43921], [139.56587, 35.44101], [139.5693, 35.44266], [139.56987, 35.44295], [139.57451, 35.44528], [139.57557, 35.44582], [139.57668, 35.4464], [139.57746, 35.44673], [139.57852, 35.44695], [139.57961, 35.44699]]}, "properties": {"id": "GEOM_TOKYO_3001", "route_id": "R_09EB5226", "route_name": null, "route_color": "#F28E1C", "route_text_color": null, "line_name": "東海道線", "operator_id": "jr_east", "representation": "service_path", "min_zoom": 0, "max_zoom": 24, "offset_rank": 0}}, {"type": "Feature", "bbox": [139.55642, 35.43115, 139.57961, 35.44709], "geometry": {"type": "LineString", "coordinates": [[139.55649, 35.43115], [139.55651, 35.43227], [139.55644, 35.43349], [139.55642, 35.4342], [139.55643, 35.43507], [139.55665, 35.43598], [139.55706, 35.43671], [139.55753, 35.43734], [139.55838, 35.43804], [139.55846, 35.43809], [139.55956, 35.4388], [139.56073, 35.43933], [139.56236, 35.43997], [139.56377, 35.44054], [139.56585, 35.44135], [139.56687, 35.44178], [139.56922, 35.44293], [139.57024, 35.44342], [139.57288, 35.44474], [139.5749, 35.44566], [139.57669, 35.44663], [139.5773, 35.44687], [139.57782, 35.44701], [139.57836, 35.44709], [139.57892, 35.44708], [139.57961, 35.44699]]}, "properties": {"id": "GEOM_TOKYO_3002", "route_id": "R_09EB5226", "route_name": null, "route_color": "#F28E1C", "route_text_color": null, "line_name": "東海道線", "operator_id": "jr_east", "representation": "service_path", "min_zoom": 0, "max_zoom": 24, "offset_rank": 0}}, {"type": "Feature", "bbox": [139.37642, 35.32722, 139.4064, 35.33127], "geometry": {"type": "LineString", "coordinates": [[139.4064, 35.33007], [139.40588, 35.32989], [139.40418, 35.3293], [139.40288, 35.32885], [139.40165, 35.32841], [139.40074, 35.32806], [139.39972, 35.32774], [139.39839, 35.32743], [139.3977, 35.32732], [139.39702, 35.32724], [139.39642, 35.32722], [139.39597, 35.32726], [139.39447, 35.32745], [139.39271, 35.32769], [139.39124, 35.32786], [139.38893, 35.32815], [139.38848, 35.32822], [139.38839, 35.32823], [139.38744, 35.32834], [139.38644, 35.32846], [139.38585, 35.32854], [139.38527, 35.32863], [139.38467, 35.32874], [139.38369, 35.32902], [139.38269, 35.32932], [139.38211, 35.32949], [139.38166, 35.32961], [139.38045, 35.32999], [139.37952, 35.33028], [139.37831, 35.33065], [139.37738, 35.33097], [139.37694, 35.33112], [139.37678, 35.33117], [139.37642, 35.33127]]}, "properties": {"id": "GEOM_TOKYO_3003", "route_id": "R_09EB5226", "route_name": null, "route_color": "#F28E1C", "route_text_color": null, "line_name": "東海道線", "operator_id": "jr_east", "representation": "service_path", "min_zoom": 0, "max_zoom": 24, "offset_rank": 0}}, {"type": "Feature", "bbox": [139.53069, 35.35289, 139.53164, 35.35542], "geometry": {"type": "LineString", "coordinates": [[139.53164, 35.35542], [139.53115, 35.35412], [139.53069, 35.35289]]}, "properties": {"id": "GEOM_TOKYO_3004", "route_id": "R_09EB5226", "route_name": null, "route_color": "#F28E1C", "route_text_color": null, "line_name": "東海道線", "operator_id": "jr_east", "representation": "service_path", "min_zoom": 0, "max_zoom": 24, "offset_rank": 0}}, {"type": "Feature", "bbox": [139.21078, 35.28084, 139.21271, 35.28101], "geometry": {"type": "LineString", "coordinates": [[139.21078, 35.28084], [139.21092, 35.28084], [139.21123, 35.28087], [139.21198, 35.28094], [139.21271, 35.28101]]}, "properties": {"id": "GEOM_TOKYO_3005", "route_id": "R_09EB5226", "route_name": null, "route_color": "#F28E1C", "route_text_color": null, "line_name": "東海道線", "operator_id": "jr_east", "representation": "service_path", "min_zoom": 0, "max_zoom": 24, "offset_rank": 0}}, {"type": "Feature", "bbox": [139.2129, 35.28106, 139.21701, 35.28173], "geometry": {"type": "LineString", "coordinates": [[139.2129, 35.28106], [139.21701, 35.28173]]}, "properties": {"id": "GEOM_TOKYO_3006", "route_id": "R_09EB5226", "route_name": null, "route_color": "#F28E1C", "route_text_color": null, "line_name": "東海道線", "operator_id": "jr_east", "representation": "service_path", "min_zoom": 0, "max_zoom": 24, "offset_rank": 0}}, {"type": "Feature", "bbox": [139.21271, 35.28101, 139.2129, 35.28106], "geometry": {"type": "LineString", "coordinates": [[139.21271, 35.28101], [139.2129, 35.28106]]}, "properties": {"id": "GEOM_TOKYO_3007", "route_id": "R_09EB5226", "route_name": null, "route_color": "#F28E1C", "route_text_color": null, "line_name": "東海道線", "operator_id": "jr_east", "representation": "service_path", "min_zoom": 0, "max_zoom": 24, "offset_rank": 0}}, {"type": "Feature", "bbox": [139.34718, 35.32734, 139.35082, 35.32798], "geometry": {"type": "LineString", "coordinates": [[139.35082, 35.32798], [139.35037, 35.32791], [139.34718, 35.32734]]}, "properties": {"id": "GEOM_TOKYO_3008", "route_id": "R_09EB5226", "route_name": null, "route_color": "#F28E1C", "route_text_color": null, "line_name": "東海道線", "operator_id": "jr_east", "representation": "service_path", "min_zoom": 0, "max_zoom": 24, "offset_rank": 0}}, {"type": "Feature", "bbox": [139.31184, 35.31055, 139.31471, 35.31237], "geometry": {"type": "LineString", "coordinates": [[139.31471, 35.31237], [139.31347, 35.31158], [139.31184, 35.31055]]}, "properties": {"id": "GEOM_TOKYO_3009", "route_id": "R_09EB5226", "route_name": null, "route_color": "#F28E1C", "route_text_color": null, "line_name": "東海道線", "operator_id": "jr_east", "representation": "service_path", "min_zoom": 0, "max_zoom": 24, "offset_rank": 0}}, {"type": "Feature", "bbox": [139.31471, 35.31237, 139.34058, 35.32591], "geometry": {"type": "LineString", "coordinates": [[139.31471, 35.31237], [139.31644, 35.31351], [139.31779, 35.31438], [139.31866, 35.31494], [139.31949, 35.31548], [139.32066, 35.31624], [139.32161, 35.31685], [139.32248, 35.3174], [139.32294, 35.31769], [139.32407, 35.31848], [139.32523, 35.31926], [139.32594, 35.31974], [139.32663, 35.3202], [139.32683, 35.32031], [139.3275, 35.32063], [139.32962, 35.32154], [139.33008, 35.32174], [139.33084, 35.32205], [139.33225, 35.32264], [139.33399, 35.32336], [139.33414, 35.32342], [139.33463, 35.32362], [139.33528, 35.32389], [139.33744, 35.32479], [139.33854, 35.32526], [139.33919, 35.32553], [139.3396, 35.32566], [139.34058, 35.32591]]}, "properties": {"id": "GEOM_TOKYO_3010", "route_id": "R_09EB5226", "route_name": null, "route_color": "#F28E1C", "route_text_color": null, "line_name": "東海道線", "operator_id": "jr_east", "representation": "service_path", "min_zoom": 0, "max_zoom": 24, "offset_rank": 0}}, {"type": "Feature", "bbox": [139.34724, 35.32713, 139.35076, 35.32775], "geometry": {"type": "LineString", "coordinates": [[139.35076, 35.32775], [139.35043, 35.32769], [139.34724, 35.32713]]}, "properties": {"id": "GEOM_TOKYO_3011", "route_id": "R_09EB5226", "route_name": null, "route_color": "#F28E1C", "route_text_color": null, "line_name": "東海道線", "operator_id": "jr_east", "representation": "service_path", "min_zoom": 0, "max_zoom": 24, "offset_rank": 0}}, {"type": "Feature", "bbox": [139.34058, 35.32591, 139.34724, 35.32713], "geometry": {"type": "LineString", "coordinates": [[139.34724, 35.32713], [139.34611, 35.32691], [139.34599, 35.32689], [139.34387, 35.32649], [139.3424, 35.32622], [139.34125, 35.32601], [139.34058, 35.32591]]}, "properties": {"id": "GEOM_TOKYO_3012", "route_id": "R_09EB5226", "route_name": null, "route_color": "#F28E1C", "route_text_color": null, "line_name": "東海道線", "operator_id": "jr_east", "representation": "service_path", "min_zoom": 0, "max_zoom": 24, "offset_rank": 0}}, {"type": "Feature", "bbox": [139.35076, 35.32775, 139.37642, 35.33162], "geometry": {"type": "LineString", "coordinates": [[139.35076, 35.32775], [139.35199, 35.32798], [139.35337, 35.32824], [139.35402, 35.32841], [139.35462, 35.32856], [139.35489, 35.32862], [139.35588, 35.32883], [139.35714, 35.32905], [139.35849, 35.32927], [139.35925, 35.32941], [139.35983, 35.32951], [139.36021, 35.32958], [139.3616, 35.32979], [139.36332, 35.33005], [139.36387, 35.33015], [139.3656, 35.33045], [139.36747, 35.33078], [139.36928, 35.33109], [139.37085, 35.33138], [139.37095, 35.33139], [139.37152, 35.33147], [139.37154, 35.33147], [139.37181, 35.3315], [139.37193, 35.33152], [139.37231, 35.33156], [139.37251, 35.33158], [139.37272, 35.3316], [139.37296, 35.33161], [139.37314, 35.33162], [139.37341, 35.33162], [139.37371, 35.3316], [139.37394, 35.33159], [139.37436, 35.33157], [139.37464, 35.33155], [139.37489, 35.33151], [139.37512, 35.33149], [139.37533, 35.33145], [139.37574, 35.33138], [139.37614, 35.33131], [139.37642, 35.33127]]}, "properties": {"id": "GEOM_TOKYO_3013", "route_id": "R_09EB5226", "route_name": null, "route_color": "#F28E1C", "route_text_color": null, "line_name": "東海道線", "operator_id": "jr_east", "representation": "service_path", "min_zoom": 0, "max_zoom": 24, "offset_rank": 0}}, {"type": "Feature", "bbox": [139.2555, 35.29817, 139.258, 35.29917], "geometry": {"type": "LineString", "coordinates": [[139.258, 35.29917], [139.2555, 35.29817]]}, "properties": {"id": "GEOM_TOKYO_3014", "route_id": "R_09EB5226", "route_name": null, "route_color": "#F28E1C", "route_text_color": null, "line_name": "東海道線", "operator_id": "jr_east", "representation": "service_path", "min_zoom": 0, "max_zoom": 24, "offset_rank": 0}}, {"type": "Feature", "bbox": [139.17833, 35.27543, 139.182, 35.27603], "geometry": {"type": "LineString", "coordinates": [[139.17833, 35.27543], [139.17941, 35.2756], [139.182, 35.27603]]}, "properties": {"id": "GEOM_TOKYO_3015", "route_id": "R_09EB5226", "route_name": null, "route_color": "#F28E1C", "route_text_color": null, "line_name": "東海道線", "operator_id": "jr_east", "representation": "service_path", "min_zoom": 0, "max_zoom": 24, "offset_rank": 0}}, {"type": "Feature", "bbox": [139.258, 35.29917, 139.31184, 35.31055], "geometry": {"type": "LineString", "coordinates": [[139.31184, 35.31055], [139.31131, 35.31025], [139.31104, 35.31013], [139.31057, 35.30992], [139.31014, 35.30977], [139.30964, 35.30961], [139.30915, 35.30949], [139.30872, 35.30942], [139.30785, 35.30932], [139.30612, 35.30909], [139.30379, 35.30878], [139.30158, 35.3085], [139.30023, 35.30833], [139.29936, 35.30823], [139.29729, 35.30797], [139.29502, 35.3077], [139.29327, 35.30748], [139.2918, 35.30731], [139.28927, 35.30699], [139.28869, 35.30692], [139.28845, 35.30689], [139.28824, 35.30687], [139.28657, 35.30666], [139.28459, 35.30642], [139.2843, 35.30638], [139.28273, 35.30619], [139.28129, 35.30601], [139.2811, 35.30598], [139.27959, 35.30578], [139.27863, 35.30566], [139.27765, 35.30554], [139.27674, 35.30542], [139.27549, 35.30527], [139.27439, 35.30512], [139.27337, 35.30497], [139.27259, 35.3048], [139.27207, 35.30467], [139.27144, 35.30447], [139.27093, 35.30428], [139.26954, 35.30377], [139.26806, 35.30318], [139.26733, 35.30288], [139.26546, 35.30214], [139.26288, 35.30111], [139.2617, 35.30065], [139.26065, 35.30024], [139.26026, 35.30007], [139.25979, 35.29989], [139.25964, 35.29983], [139.25948, 35.29977], [139.258, 35.29917]]}, "properties": {"id": "GEOM_TOKYO_3016", "route_id": "R_09EB5226", "route_name": null, "route_color": "#F28E1C", "route_text_color": null, "line_name": "東海道線", "operator_id": "jr_east", "representation": "service_path", "min_zoom": 0, "max_zoom": 24, "offset_rank": 0}}, {"type": "Feature", "bbox": [139.34058, 35.32591, 139.34718, 35.32734], "geometry": {"type": "LineString", "coordinates": [[139.34718, 35.32734], [139.34574, 35.32706], [139.34437, 35.3268], [139.3431, 35.32655], [139.34152, 35.32622], [139.34097, 35.32607], [139.34058, 35.32591]]}, "properties": {"id": "GEOM_TOKYO_3017", "route_id": "R_09EB5226", "route_name": null, "route_color": "#F28E1C", "route_text_color": null, "line_name": "東海道線", "operator_id": "jr_east", "representation": "service_path", "min_zoom": 0, "max_zoom": 24, "offset_rank": 0}}, {"type": "Feature", "bbox": [139.21701, 35.28173, 139.2555, 35.29817], "geometry": {"type": "LineString", "coordinates": [[139.2555, 35.29817], [139.25429, 35.29767], [139.25359, 35.29741], [139.25209, 35.297], [139.25177, 35.29691], [139.25043, 35.29652], [139.24906, 35.29612], [139.24781, 35.29575], [139.24682, 35.29546], [139.24452, 35.29486], [139.24373, 35.29462], [139.2429, 35.29434], [139.24136, 35.29374], [139.23715, 35.29212], [139.23714, 35.29212], [139.23575, 35.29159], [139.23515, 35.29135], [139.23509, 35.29132], [139.23494, 35.29127], [139.23379, 35.29082], [139.23252, 35.29022], [139.23119, 35.28943], [139.22933, 35.28812], [139.22735, 35.28675], [139.22611, 35.28588], [139.22497, 35.28508], [139.22346, 35.28422], [139.21924, 35.28248], [139.21792, 35.28195], [139.21735, 35.28179], [139.21701, 35.28173]]}, "properties": {"id": "GEOM_TOKYO_3018", "route_id": "R_09EB5226", "route_name": null, "route_color": "#F28E1C", "route_text_color": null, "line_name": "東海道線", "operator_id": "jr_east", "representation": "service_path", "min_zoom": 0, "max_zoom": 24, "offset_rank": 0}}, {"type": "Feature", "bbox": [139.35082, 35.32798, 139.37642, 35.33197], "geometry": {"type": "LineString", "coordinates": [[139.35082, 35.32798], [139.35248, 35.32827], [139.35416, 35.32865], [139.35559, 35.32895], [139.35674, 35.32915], [139.35881, 35.32951], [139.35922, 35.32958], [139.3598, 35.32968], [139.36027, 35.32976], [139.36187, 35.33006], [139.3622, 35.33014], [139.36263, 35.33026], [139.36381, 35.33048], [139.36718, 35.33111], [139.36932, 35.33149], [139.37077, 35.33176], [139.37129, 35.33184], [139.37146, 35.33186], [139.37162, 35.33187], [139.37181, 35.33188], [139.37224, 35.33191], [139.37266, 35.33194], [139.373, 35.33196], [139.3732, 35.33196], [139.37346, 35.33197], [139.37372, 35.33196], [139.37395, 35.33194], [139.37423, 35.33191], [139.37444, 35.33188], [139.37467, 35.33184], [139.37494, 35.33177], [139.37531, 35.33168], [139.37579, 35.33151], [139.3761, 35.3314], [139.37642, 35.33127]]}, "properties": {"id": "GEOM_TOKYO_3019", "route_id": "R_09EB5226", "route_name": null, "route_color": "#F28E1C", "route_text_color": null, "line_name": "東海道線", "operator_id": "jr_east", "representation": "service_path", "min_zoom": 0, "max_zoom": 24, "offset_rank": 0}}, {"type": "Feature", "bbox": [139.182, 35.27603, 139.21078, 35.28084], "geometry": {"type": "LineString", "coordinates": [[139.182, 35.27603], [139.18377, 35.27632], [139.1841, 35.27637], [139.18676, 35.27681], [139.18741, 35.27692], [139.1885, 35.2771], [139.1987, 35.27878], [139.19903, 35.27882], [139.19913, 35.27883], [139.20415, 35.27966], [139.20432, 35.27969], [139.20465, 35.27974], [139.20487, 35.27978], [139.20822, 35.28033], [139.21078, 35.28084]]}, "properties": {"id": "GEOM_TOKYO_3020", "route_id": "R_09EB5226", "route_name": null, "route_color": "#F28E1C", "route_text_color": null, "line_name": "東海道線", "operator_id": "jr_east", "representation": "service_path", "min_zoom": 0, "max_zoom": 24, "offset_rank": 0}}, {"type": "Feature", "bbox": [139.15665, 35.25733, 139.17833, 35.27543], "geometry": {"type": "LineString", "coordinates": [[139.15665, 35.25733], [139.1582, 35.25929], [139.15849, 35.25966], [139.15855, 35.25972], [139.15868, 35.25984], [139.15927, 35.26042], [139.15959, 35.26072], [139.15995, 35.26108], [139.16043, 35.26155], [139.16137, 35.26246], [139.1617, 35.26279], [139.16291, 35.26397], [139.16316, 35.2642], [139.16648, 35.26745], [139.16664, 35.2676], [139.16812, 35.26904], [139.17104, 35.27189], [139.17147, 35.27231], [139.17236, 35.27311], [139.17299, 35.27358], [139.17341, 35.27388], [139.17392, 35.27418], [139.17449, 35.27449], [139.17552, 35.27488], [139.17636, 35.2751], [139.17701, 35.27521], [139.17786, 35.27535], [139.17803, 35.27538], [139.1782, 35.27541], [139.17833, 35.27543]]}, "properties": {"id": "GEOM_TOKYO_3023", "route_id": "R_09EB5226", "route_name": null, "route_color": "#F28E1C", "route_text_color": null, "line_name": "東海道線", "operator_id": "jr_east", "representation": "service_path", "min_zoom": 0, "max_zoom": 24, "offset_rank": 0}}, {"type": "Feature", "bbox": [139.13272, 35.15786, 139.13794, 35.20129], "geometry": {"type": "LineString", "coordinates": [[139.13779, 35.20129], [139.13771, 35.20118], [139.13732, 35.20059], [139.13665, 35.19963], [139.13602, 35.19863], [139.13591, 35.19843], [139.13572, 35.19802], [139.13566, 35.19786], [139.13562, 35.19775], [139.1356, 35.19766], [139.13557, 35.19753], [139.13556, 35.19737], [139.1356, 35.19695], [139.13576, 35.19647], [139.13607, 35.19563], [139.13614, 35.19544], [139.13637, 35.19424], [139.13638, 35.19406], [139.13636, 35.1938], [139.13635, 35.19363], [139.13631, 35.19319], [139.1363, 35.19246], [139.13624, 35.19149], [139.13623, 35.19128], [139.13623, 35.19024], [139.13616, 35.18879], [139.1361, 35.1878], [139.13604, 35.18684], [139.13601, 35.18645], [139.13595, 35.18607], [139.13589, 35.1859], [139.13581, 35.18568], [139.13576, 35.1856], [139.13573, 35.18554], [139.13507, 35.18439], [139.1343, 35.18298], [139.13415, 35.18268], [139.13391, 35.18223], [139.13346, 35.18135], [139.13326, 35.18094], [139.13314, 35.18066], [139.13302, 35.18035], [139.13297, 35.18019], [139.13287, 35.17982], [139.1328, 35.17937], [139.13275, 35.17879], [139.13272, 35.17836], [139.13272, 35.17823], [139.13273, 35.178], [139.13274, 35.17789], [139.1328, 35.17754], [139.13289, 35.17703], [139.133, 35.17667], [139.13322, 35.17615], [139.13362, 35.17536], [139.13407, 35.17462], [139.13474, 35.17374], [139.13555, 35.17267], [139.13611, 35.17192], [139.13662, 35.17119], [139.13676, 35.17099], [139.13682, 35.17089], [139.13693, 35.17073], [139.13729, 35.1701], [139.13735, 35.16996], [139.13742, 35.16975], [139.13747, 35.16965], [139.13759, 35.16943], [139.13767, 35.16927], [139.13776, 35.16903], [139.13781, 35.16889], [139.13786, 35.16869], [139.13789, 35.1685], [139.13793, 35.16819], [139.13794, 35.16807], [139.13794, 35.1679], [139.13794, 35.16764], [139.13794, 35.16747], [139.13792, 35.16715], [139.13788, 35.1669], [139.13782, 35.16655], [139.13777, 35.16634], [139.13771, 35.1661], [139.13764, 35.16586], [139.13755, 35.16564], [139.13746, 35.16542], [139.13738, 35.16522], [139.13728, 35.16503], [139.13719, 35.16482], [139.13713, 35.16461], [139.13708, 35.1644], [139.13704, 35.16423], [139.13699, 35.16396], [139.13693, 35.16353], [139.13691, 35.16332], [139.13689, 35.16309], [139.13683, 35.1626], [139.13678, 35.16225], [139.13674, 35.16203], [139.1367, 35.16187], [139.13655, 35.16153], [139.13638, 35.16124], [139.13624, 35.16101], [139.13594, 35.16062], [139.13572, 35.16035], [139.13569, 35.16032], [139.13542, 35.16002], [139.13504, 35.1596], [139.13471, 35.15922], [139.13426, 35.15873], [139.13385, 35.15828], [139.13355, 35.15794], [139.13348, 35.15786]]}, "properties": {"id": "GEOM_TOKYO_3024", "route_id": "R_09EB5226", "route_name": null, "route_color": "#F28E1C", "route_text_color": null, "line_name": "東海道線", "operator_id": "jr_east", "representation": "service_path", "min_zoom": 0, "max_zoom": 24, "offset_rank": 0}}, {"type": "Feature", "bbox": [139.14442, 35.23738, 139.14558, 35.24005], "geometry": {"type": "LineString", "coordinates": [[139.14558, 35.24005], [139.14531, 35.23942], [139.14512, 35.23897], [139.14477, 35.23817], [139.14442, 35.23738]]}, "properties": {"id": "GEOM_TOKYO_3025", "route_id": "R_09EB5226", "route_name": null, "route_color": "#F28E1C", "route_text_color": null, "line_name": "東海道線", "operator_id": "jr_east", "representation": "service_path", "min_zoom": 0, "max_zoom": 24, "offset_rank": 0}}, {"type": "Feature", "bbox": [139.14558, 35.24005, 139.15489, 35.25486], "geometry": {"type": "LineString", "coordinates": [[139.14558, 35.24005], [139.1458, 35.2406], [139.14599, 35.24099], [139.1461, 35.24122], [139.14625, 35.2415], [139.14645, 35.24186], [139.14672, 35.24229], [139.14695, 35.24267], [139.14725, 35.24317], [139.14754, 35.24365], [139.1478, 35.24411], [139.14812, 35.24467], [139.14837, 35.24508], [139.14853, 35.24535], [139.14884, 35.2458], [139.14907, 35.24615], [139.14915, 35.24629], [139.1494, 35.24666], [139.14962, 35.24701], [139.14986, 35.24738], [139.15046, 35.24824], [139.15124, 35.2495], [139.15183, 35.25048], [139.15292, 35.25206], [139.15332, 35.25265], [139.15378, 35.25328], [139.15489, 35.25486]]}, "properties": {"id": "GEOM_TOKYO_3026", "route_id": "R_09EB5226", "route_name": null, "route_color": "#F28E1C", "route_text_color": null, "line_name": "東海道線", "operator_id": "jr_east", "representation": "service_path", "min_zoom": 0, "max_zoom": 24, "offset_rank": 0}}, {"type": "Feature", "bbox": [139.15489, 35.25486, 139.15665, 35.25733], "geometry": {"type": "LineString", "coordinates": [[139.15489, 35.25486], [139.155, 35.25506], [139.15653, 35.25717], [139.15665, 35.25733]]}, "properties": {"id": "GEOM_TOKYO_3030", "route_id": "R_09EB5226", "route_name": null, "route_color": "#F28E1C", "route_text_color": null, "line_name": "東海道線", "operator_id": "jr_east", "representation": "service_path", "min_zoom": 0, "max_zoom": 24, "offset_rank": 0}}, {"type": "Feature", "bbox": [139.13779, 35.20129, 139.13947, 35.20386], "geometry": {"type": "LineString", "coordinates": [[139.13947, 35.20386], [139.13923, 35.20344], [139.13852, 35.2024], [139.1381, 35.20178], [139.13779, 35.20129]]}, "properties": {"id": "GEOM_TOKYO_3031", "route_id": "R_09EB5226", "route_name": null, "route_color": "#F28E1C", "route_text_color": null, "line_name": "東海道線", "operator_id": "jr_east", "representation": "service_path", "min_zoom": 0, "max_zoom": 24, "offset_rank": 0}}, {"type": "Feature", "bbox": [139.13102, 35.15599, 139.13348, 35.15786], "geometry": {"type": "LineString", "coordinates": [[139.13102, 35.15599], [139.13128, 35.15612], [139.13148, 35.15624], [139.13182, 35.15645], [139.13214, 35.15667], [139.13275, 35.15719], [139.13309, 35.15751], [139.13348, 35.15786]]}, "properties": {"id": "GEOM_TOKYO_3034", "route_id": "R_09EB5226", "route_name": null, "route_color": "#F28E1C", "route_text_color": null, "line_name": "東海道線", "operator_id": "jr_east", "representation": "service_path", "min_zoom": 0, "max_zoom": 24, "offset_rank": 0}}, {"type": "Feature", "bbox": [139.13856, 35.20386, 139.14442, 35.23738], "geometry": {"type": "LineString", "coordinates": [[139.14442, 35.23738], [139.14426, 35.23703], [139.14409, 35.23668], [139.14403, 35.23658], [139.14395, 35.23645], [139.14387, 35.23631], [139.14379, 35.23619], [139.14363, 35.23595], [139.14345, 35.23567], [139.14318, 35.2353], [139.14296, 35.23502], [139.14272, 35.2347], [139.14248, 35.23439], [139.14229, 35.23401], [139.14223, 35.23377], [139.14219, 35.23352], [139.14218, 35.23309], [139.14221, 35.23279], [139.14224, 35.23198], [139.14223, 35.23169], [139.14221, 35.2314], [139.14218, 35.23103], [139.14209, 35.23032], [139.14201, 35.22974], [139.14198, 35.22927], [139.14194, 35.22877], [139.14189, 35.22807], [139.14185, 35.22779], [139.14175, 35.22754], [139.1416, 35.22724], [139.14138, 35.22684], [139.1412, 35.22652], [139.14101, 35.22625], [139.14086, 35.22603], [139.14079, 35.22576], [139.14071, 35.22549], [139.14066, 35.22523], [139.14063, 35.22495], [139.14061, 35.2247], [139.14061, 35.22455], [139.14062, 35.22432], [139.14066, 35.22413], [139.14074, 35.22392], [139.14109, 35.22254], [139.1413, 35.2217], [139.14131, 35.22163], [139.14133, 35.22156], [139.14136, 35.22138], [139.14138, 35.22133], [139.14139, 35.22124], [139.14148, 35.22097], [139.14174, 35.22021], [139.14187, 35.21978], [139.14191, 35.2195], [139.14192, 35.21926], [139.14191, 35.21902], [139.14186, 35.21858], [139.14178, 35.21826], [139.14165, 35.21797], [139.14147, 35.21772], [139.14116, 35.21733], [139.14075, 35.21696], [139.14043, 35.21665], [139.13988, 35.21622], [139.1395, 35.2159], [139.13927, 35.21567], [139.13899, 35.21516], [139.13879, 35.21476], [139.13865, 35.21444], [139.13856, 35.21405], [139.13856, 35.21376], [139.13861, 35.21348], [139.1387, 35.21321], [139.13887, 35.21249], [139.13905, 35.21197], [139.13952, 35.21132], [139.13976, 35.21098], [139.14017, 35.21046], [139.14033, 35.21024], [139.14049, 35.20999], [139.1407, 35.2096], [139.14076, 35.20941], [139.14082, 35.20914], [139.14085, 35.20892], [139.14085, 35.20817], [139.14083, 35.2078], [139.1408, 35.20753], [139.14074, 35.20715], [139.14068, 35.20668], [139.14059, 35.2063], [139.14048, 35.20584], [139.14037, 35.20544], [139.14031, 35.20527], [139.14019, 35.20503], [139.14004, 35.20476], [139.13984, 35.20442], [139.1396, 35.20408], [139.13947, 35.20386]]}, "properties": {"id": "GEOM_TOKYO_3038", "route_id": "R_09EB5226", "route_name": null, "route_color": "#F28E1C", "route_text_color": null, "line_name": "東海道線", "operator_id": "jr_east", "representation": "service_path", "min_zoom": 0, "max_zoom": 24, "offset_rank": 0}}, {"type": "Feature", "bbox": [139.47201, 35.66638, 139.477, 35.68023], "geometry": {"type": "LineString", "coordinates": [[139.47201, 35.68023], [139.47207, 35.67997], [139.47209, 35.67984], [139.47211, 35.67969], [139.47214, 35.67955], [139.47222, 35.67923], [139.47248, 35.67836], [139.47361, 35.67536], [139.47391, 35.67467], [139.47451, 35.67314], [139.4759, 35.6699], [139.47664, 35.66772], [139.47695, 35.66675], [139.47699, 35.6666], [139.47699, 35.66656], [139.477, 35.66649], [139.47699, 35.66643], [139.47698, 35.66638]]}, "properties": {"id": "GEOM_TOKYO_3527", "route_id": "R_1BE18C58", "route_name": null, "route_color": "#FF6F00", "route_text_color": null, "line_name": "武蔵野線", "operator_id": "jr_east", "representation": "service_path", "min_zoom": 0, "max_zoom": 24, "offset_rank": 0}}, {"type": "Feature", "bbox": [139.47698, 35.6653, 139.47722, 35.66638], "geometry": {"type": "LineString", "coordinates": [[139.47722, 35.6653], [139.47707, 35.66577], [139.47698, 35.66638]]}, "properties": {"id": "GEOM_TOKYO_3528", "route_id": "R_1BE18C58", "route_name": null, "route_color": "#FF6F00", "route_text_color": null, "line_name": "武蔵野線", "operator_id": "jr_east", "representation": "service_path", "min_zoom": 0, "max_zoom": 24, "offset_rank": 0}}]}