{"type": "FeatureCollection", "features": [{"type": "Feature", "bbox": [140.63377, 37.99595, 140.88277, 38.20987], "geometry": {"type": "LineString", "coordinates": [[140.63377, 37.99595], [140.63419, 37.99646], [140.63498, 37.9974], [140.63616, 37.9988], [140.63641, 37.99909], [140.63668, 37.99943], [140.63683, 37.99961], [140.63766, 38.0006], [140.63817, 38.00123], [140.63931, 38.00262], [140.63935, 38.00266], [140.63962, 38.00299], [140.63975, 38.00316], [140.64098, 38.00451], [140.64137, 38.00492], [140.64164, 38.00521], [140.6417, 38.00528], [140.64295, 38.00666], [140.64376, 38.00752], [140.64465, 38.00846], [140.64581, 38.00954], [140.64653, 38.0102], [140.64723, 38.01077], [140.64809, 38.01144], [140.64893, 38.0121], [140.64931, 38.0124], [140.65016, 38.01305], [140.6505, 38.01332], [140.65099, 38.01367], [140.65165, 38.01419], [140.65259, 38.01491], [140.65332, 38.01545], [140.65385, 38.01585], [140.65468, 38.01648], [140.65547, 38.01708], [140.65628, 38.01769], [140.65702, 38.01825], [140.65748, 38.0186], [140.65833, 38.01925], [140.65875, 38.01955], [140.65959, 38.02019], [140.66044, 38.02083], [140.66082, 38.02112], [140.66253, 38.02243], [140.66332, 38.02302], [140.66413, 38.02363], [140.66455, 38.02393], [140.66495, 38.02425], [140.66514, 38.02439], [140.66577, 38.02486], [140.66659, 38.02548], [140.66746, 38.02615], [140.66785, 38.02645], [140.66825, 38.02678], [140.66859, 38.02703], [140.66914, 38.02743], [140.6696, 38.0278], [140.67032, 38.02832], [140.67109, 38.02891], [140.67128, 38.02905], [140.67137, 38.02912], [140.67195, 38.02956], [140.67269, 38.03013], [140.67394, 38.03107], [140.67422, 38.03128], [140.67468, 38.03163], [140.67495, 38.03184], [140.67498, 38.03186], [140.67544, 38.03219], [140.67636, 38.03289], [140.6771, 38.03346], [140.67733, 38.03363], [140.67794, 38.0341], [140.67879, 38.03474], [140.67959, 38.03535], [140.68081, 38.03627], [140.68088, 38.03637], [140.68096, 38.03644], [140.68108, 38.03651], [140.68216, 38.0373], [140.68247, 38.03754], [140.68383, 38.03858], [140.68505, 38.0395], [140.68575, 38.04003], [140.68594, 38.04018], [140.68644, 38.04056], [140.6866, 38.04069], [140.68697, 38.04099], [140.68782, 38.04161], [140.68866, 38.04224], [140.68947, 38.04285], [140.69032, 38.04348], [140.69116, 38.0441], [140.69195, 38.0447], [140.69225, 38.04492], [140.69239, 38.04502], [140.69316, 38.0456], [140.69358, 38.04591], [140.69438, 38.0465], [140.69481, 38.04682], [140.69521, 38.04713], [140.69527, 38.04719], [140.69533, 38.04726], [140.69539, 38.0473], [140.69541, 38.04732], [140.69605, 38.04779], [140.69644, 38.04808], [140.69707, 38.04855], [140.6981, 38.04931], [140.6986, 38.04968], [140.69957, 38.0504], [140.70051, 38.05109], [140.70125, 38.05164], [140.70133, 38.0517], [140.7015, 38.05183], [140.7021, 38.05228], [140.70276, 38.05277], [140.70345, 38.05327], [140.70353, 38.05332], [140.70364, 38.0534], [140.70506, 38.05447], [140.70548, 38.05478], [140.70575, 38.05499], [140.70582, 38.05503], [140.70597, 38.05514], [140.70653, 38.05556], [140.70659, 38.05561], [140.70739, 38.05621], [140.70851, 38.05705], [140.70976, 38.05798], [140.71096, 38.05887], [140.71119, 38.05904], [140.71208, 38.0597], [140.71216, 38.05976], [140.71411, 38.06122], [140.71475, 38.0617], [140.71556, 38.06231], [140.71597, 38.06261], [140.71681, 38.06325], [140.71726, 38.06358], [140.71843, 38.06445], [140.71855, 38.06454], [140.71877, 38.06471], [140.71916, 38.06501], [140.71925, 38.06507], [140.71982, 38.06549], [140.72033, 38.06587], [140.72042, 38.06594], [140.72116, 38.06649], [140.72225, 38.06729], [140.72442, 38.06892], [140.72491, 38.06929], [140.72506, 38.0694], [140.72535, 38.06961], [140.72559, 38.06979], [140.72589, 38.07001], [140.72684, 38.07071], [140.72815, 38.07167], [140.72901, 38.0723], [140.72919, 38.07243], [140.73023, 38.07321], [140.73115, 38.07388], [140.73171, 38.07428], [140.73296, 38.0752], [140.73396, 38.07597], [140.7341, 38.07607], [140.73535, 38.07699], [140.73631, 38.07773], [140.73743, 38.07856], [140.73841, 38.07929], [140.7388, 38.07959], [140.74002, 38.08049], [140.7411, 38.08129], [140.74226, 38.08217], [140.74254, 38.08238], [140.74261, 38.08242], [140.74306, 38.08278], [140.74345, 38.08307], [140.74387, 38.0834], [140.74472, 38.08401], [140.74517, 38.08435], [140.74558, 38.08465], [140.74641, 38.08526], [140.74659, 38.0854], [140.74716, 38.08583], [140.74773, 38.08632], [140.74924, 38.08742], [140.75089, 38.08864], [140.75213, 38.08955], [140.75296, 38.09019], [140.75379, 38.0908], [140.7542, 38.0911], [140.75456, 38.09136], [140.75462, 38.09142], [140.75505, 38.09173], [140.75588, 38.09235], [140.75622, 38.0926], [140.75665, 38.09291], [140.75683, 38.09305], [140.75684, 38.09306], [140.75745, 38.09351], [140.75792, 38.09386], [140.75921, 38.09483], [140.75932, 38.09492], [140.75991, 38.09533], [140.76046, 38.09576], [140.76052, 38.0958], [140.76067, 38.09591], [140.76114, 38.09627], [140.76149, 38.09653], [140.76222, 38.09707], [140.76301, 38.09767], [140.76383, 38.09828], [140.76404, 38.09843], [140.76413, 38.0985], [140.76459, 38.09884], [140.76553, 38.09953], [140.7661, 38.09994], [140.76675, 38.10043], [140.76717, 38.10074], [140.76761, 38.10107], [140.76771, 38.10114], [140.76844, 38.10168], [140.76897, 38.10207], [140.76938, 38.10237], [140.76955, 38.1025], [140.76964, 38.10256], [140.76993, 38.10277], [140.77035, 38.10308], [140.77086, 38.10347], [140.7711, 38.10365], [140.77162, 38.10404], [140.77188, 38.10424], [140.77204, 38.10436], [140.77213, 38.10443], [140.77274, 38.10487], [140.77337, 38.10535], [140.7739, 38.10575], [140.77391, 38.10576], [140.77454, 38.10624], [140.7752, 38.10674], [140.77603, 38.10735], [140.77675, 38.1079], [140.77725, 38.10826], [140.77763, 38.10853], [140.77804, 38.10884], [140.77845, 38.10915], [140.77886, 38.10945], [140.77934, 38.1098], [140.77974, 38.11011], [140.78022, 38.11048], [140.78055, 38.11071], [140.78083, 38.11091], [140.78094, 38.111], [140.78136, 38.1113], [140.78179, 38.1116], [140.78209, 38.11183], [140.7821, 38.11184], [140.78228, 38.112], [140.78238, 38.11206], [140.78286, 38.11239], [140.78325, 38.11269], [140.78364, 38.11298], [140.784, 38.11324], [140.78437, 38.1135], [140.78564, 38.11444], [140.78609, 38.11476], [140.78638, 38.11496], [140.7864, 38.11498], [140.78773, 38.11603], [140.78783, 38.11611], [140.78792, 38.11617], [140.78804, 38.11625], [140.78861, 38.11668], [140.78941, 38.11724], [140.78981, 38.11752], [140.79061, 38.11809], [140.79139, 38.11867], [140.79179, 38.11898], [140.79217, 38.11924], [140.79253, 38.11952], [140.79291, 38.11979], [140.79363, 38.12033], [140.79411, 38.12067], [140.79451, 38.12099], [140.79519, 38.12149], [140.79556, 38.12176], [140.79564, 38.12182], [140.79592, 38.12203], [140.79737, 38.12313], [140.79777, 38.12343], [140.79855, 38.124], [140.79927, 38.12454], [140.79962, 38.12481], [140.80041, 38.1254], [140.80086, 38.12574], [140.80127, 38.12603], [140.80162, 38.12631], [140.80203, 38.12659], [140.80248, 38.12695], [140.80292, 38.12726], [140.80332, 38.12756], [140.80373, 38.12786], [140.80381, 38.12792], [140.80412, 38.12817], [140.80452, 38.12847], [140.80491, 38.12875], [140.8053, 38.12904], [140.80573, 38.12936], [140.80596, 38.12953], [140.80603, 38.12958], [140.80632, 38.1298], [140.80637, 38.12984], [140.80661, 38.13003], [140.80698, 38.1303], [140.80737, 38.13059], [140.80756, 38.13074], [140.80763, 38.13079], [140.80778, 38.1309], [140.80903, 38.13182], [140.80981, 38.13241], [140.80985, 38.13245], [140.80988, 38.13247], [140.81049, 38.13292], [140.81126, 38.13349], [140.81192, 38.13398], [140.81209, 38.13411], [140.81245, 38.13439], [140.81313, 38.13491], [140.81371, 38.13535], [140.81373, 38.13536], [140.81402, 38.1356], [140.81474, 38.13611], [140.81585, 38.13692], [140.81647, 38.13738], [140.81697, 38.13773], [140.81771, 38.13829], [140.81807, 38.13856], [140.81852, 38.13888], [140.81886, 38.13914], [140.81926, 38.13944], [140.81964, 38.13971], [140.82001, 38.13998], [140.8204, 38.14028], [140.82107, 38.14075], [140.82112, 38.14079], [140.82159, 38.14115], [140.82196, 38.14142], [140.82239, 38.14174], [140.82278, 38.14203], [140.82327, 38.1424], [140.82369, 38.1427], [140.8251, 38.14373], [140.82542, 38.144], [140.82582, 38.14427], [140.82617, 38.14455], [140.82661, 38.14487], [140.82697, 38.14513], [140.82706, 38.1452], [140.82735, 38.14542], [140.82777, 38.14572], [140.8281, 38.14597], [140.82849, 38.14626], [140.82885, 38.14652], [140.82923, 38.1468], [140.82994, 38.14734], [140.83051, 38.14774], [140.8309, 38.14803], [140.83128, 38.14832], [140.83163, 38.14858], [140.83201, 38.14887], [140.83313, 38.14971], [140.83349, 38.14998], [140.83381, 38.15022], [140.83423, 38.15051], [140.83479, 38.15095], [140.83496, 38.15106], [140.83524, 38.15128], [140.83528, 38.15132], [140.8357, 38.15162], [140.83612, 38.15194], [140.83648, 38.1522], [140.83687, 38.15248], [140.83727, 38.15278], [140.83753, 38.153], [140.83769, 38.1531], [140.83804, 38.15337], [140.83843, 38.15366], [140.83887, 38.15397], [140.83925, 38.15424], [140.83998, 38.15477], [140.84019, 38.15493], [140.84034, 38.15505], [140.8408, 38.15539], [140.84117, 38.15566], [140.84157, 38.15596], [140.84196, 38.15624], [140.84234, 38.15654], [140.84276, 38.15682], [140.84293, 38.15696], [140.84299, 38.15701], [140.84308, 38.15707], [140.84384, 38.15764], [140.8444, 38.15807], [140.84516, 38.15864], [140.8456, 38.15898], [140.84568, 38.15904], [140.84595, 38.15923], [140.84629, 38.15947], [140.84669, 38.15979], [140.84709, 38.16007], [140.84743, 38.16033], [140.84776, 38.16056], [140.84782, 38.16061], [140.84814, 38.16084], [140.84854, 38.16114], [140.84872, 38.16127], [140.84911, 38.16156], [140.84949, 38.16185], [140.84989, 38.16213], [140.85026, 38.16241], [140.85068, 38.16271], [140.85105, 38.16299], [140.85176, 38.16352], [140.85224, 38.16389], [140.85247, 38.16406], [140.85262, 38.16418], [140.85298, 38.16444], [140.85375, 38.165], [140.854, 38.16519], [140.85475, 38.16574], [140.85571, 38.16646], [140.85606, 38.16673], [140.8566, 38.16713], [140.8577, 38.16795], [140.85861, 38.16866], [140.85883, 38.16883], [140.85987, 38.16965], [140.86026, 38.16993], [140.86111, 38.17055], [140.86223, 38.17139], [140.86326, 38.17215], [140.86446, 38.17304], [140.86517, 38.1736], [140.86576, 38.17405], [140.86648, 38.17461], [140.86721, 38.17519], [140.86796, 38.17581], [140.86868, 38.17642], [140.86942, 38.17711], [140.87004, 38.1777], [140.87046, 38.1781], [140.87105, 38.17871], [140.87157, 38.17933], [140.87182, 38.17962], [140.87219, 38.18008], [140.87278, 38.18086], [140.87336, 38.18164], [140.87399, 38.18248], [140.87461, 38.18334], [140.87507, 38.18402], [140.87541, 38.18454], [140.87568, 38.18497], [140.87593, 38.18539], [140.87619, 38.18585], [140.87665, 38.18673], [140.87686, 38.18717], [140.87689, 38.18722], [140.87716, 38.18782], [140.87763, 38.1889], [140.87775, 38.1892], [140.87794, 38.18967], [140.87815, 38.19026], [140.8784, 38.19098], [140.87867, 38.19177], [140.87892, 38.1925], [140.87918, 38.19326], [140.87944, 38.19412], [140.87972, 38.19496], [140.87994, 38.19565], [140.88017, 38.19634], [140.88039, 38.19702], [140.88063, 38.19783], [140.88066, 38.1979], [140.88089, 38.19869], [140.88117, 38.19966], [140.88141, 38.20042], [140.88167, 38.20132], [140.88197, 38.20243], [140.88224, 38.20351], [140.88244, 38.20446], [140.88258, 38.20532], [140.88267, 38.20589], [140.88272, 38.20638], [140.88273, 38.20674], [140.88275, 38.20718], [140.88277, 38.20801], [140.88276, 38.2089], [140.88274, 38.20987]]}, "properties": {"id": "GEOM_TOKYO_2999", "route_id": "R_86450D72", "route_name": null, "route_color": "#2D9C5B", "route_text_color": null, "line_name": "東北新幹線", "operator_id": "jr_east", "representation": "service_path", "min_zoom": 0, "max_zoom": 24, "offset_rank": 0}}, {"type": "Feature", "bbox": [140.6318, 37.9936, 140.63377, 37.99595], "geometry": {"type": "LineString", "coordinates": [[140.63377, 37.99595], [140.63331, 37.99539], [140.6318, 37.9936]]}, "properties": {"id": "GEOM_TOKYO_3001", "route_id": "R_86450D72", "route_name": null, "route_color": "#2D9C5B", "route_text_color": null, "line_name": "東北新幹線", "operator_id": "jr_east", "representation": "service_path", "min_zoom": 0, "max_zoom": 24, "offset_rank": 0}}, {"type": "Feature", "bbox": [140.45854, 37.7558, 140.45865, 37.75938], "geometry": {"type": "LineString", "coordinates": [[140.45855, 37.75938], [140.45854, 37.75893], [140.45855, 37.75873], [140.45857, 37.75806], [140.45857, 37.75802], [140.45864, 37.75608], [140.45865, 37.7558]]}, "properties": {"id": "GEOM_TOKYO_3002", "route_id": "R_86450D72", "route_name": null, "route_color": "#2D9C5B", "route_text_color": null, "line_name": "東北新幹線", "operator_id": "jr_east", "representation": "service_path", "min_zoom": 0, "max_zoom": 24, "offset_rank": 0}}, {"type": "Feature", "bbox": [140.45855, 37.75938, 140.6318, 37.9936], "geometry": {"type": "LineString", "coordinates": [[140.6318, 37.9936], [140.63174, 37.99353], [140.63058, 37.99218], [140.62921, 37.99056], [140.62791, 37.98903], [140.62777, 37.98887], [140.62639, 37.98724], [140.62577, 37.98651], [140.62487, 37.98545], [140.62452, 37.98505], [140.62374, 37.98413], [140.62313, 37.98342], [140.62254, 37.98272], [140.62201, 37.9821], [140.6216, 37.98161], [140.62143, 37.98142], [140.62011, 37.97985], [140.61863, 37.97809], [140.61851, 37.97796], [140.61793, 37.97726], [140.61749, 37.97672], [140.61611, 37.9751], [140.61604, 37.97501], [140.61568, 37.97459], [140.61561, 37.97451], [140.61556, 37.97445], [140.61509, 37.97389], [140.61399, 37.97257], [140.61394, 37.97251], [140.6133, 37.97174], [140.61327, 37.97171], [140.61298, 37.97136], [140.61173, 37.96989], [140.6114, 37.9695], [140.61058, 37.96855], [140.60702, 37.96437], [140.60629, 37.96351], [140.60385, 37.96066], [140.6032, 37.95995], [140.60126, 37.95762], [140.6007, 37.95696], [140.59726, 37.95293], [140.59486, 37.95005], [140.59443, 37.94953], [140.59083, 37.94516], [140.58845, 37.94235], [140.58821, 37.94206], [140.58673, 37.94027], [140.58359, 37.93647], [140.58201, 37.93459], [140.58059, 37.93289], [140.57869, 37.93065], [140.57578, 37.92714], [140.56958, 37.91966], [140.56954, 37.91962], [140.56376, 37.9127], [140.56255, 37.91126], [140.55632, 37.9038], [140.55557, 37.90289], [140.5501, 37.89634], [140.54779, 37.89356], [140.54385, 37.8889], [140.53997, 37.88431], [140.53843, 37.88249], [140.5383, 37.88234], [140.53815, 37.88216], [140.53756, 37.88143], [140.53685, 37.88054], [140.5363, 37.87984], [140.53287, 37.87543], [140.53285, 37.87542], [140.53247, 37.8749], [140.53235, 37.87474], [140.5314, 37.8735], [140.53079, 37.87269], [140.5304, 37.87218], [140.52986, 37.87149], [140.52892, 37.87028], [140.52811, 37.86924], [140.52792, 37.869], [140.52701, 37.86784], [140.52608, 37.86664], [140.52521, 37.86553], [140.52434, 37.86442], [140.52324, 37.86306], [140.52295, 37.86269], [140.5228, 37.8625], [140.52273, 37.86241], [140.5218, 37.86124], [140.52124, 37.86054], [140.52048, 37.85959], [140.51993, 37.85891], [140.51888, 37.85757], [140.51853, 37.85712], [140.51515, 37.85278], [140.51231, 37.84913], [140.51048, 37.84672], [140.50927, 37.84514], [140.50919, 37.84504], [140.50688, 37.8421], [140.5043, 37.83874], [140.50335, 37.83752], [140.50312, 37.83721], [140.50233, 37.83634], [140.50007, 37.83346], [140.49943, 37.8326], [140.4989, 37.83186], [140.49846, 37.83117], [140.4978, 37.83017], [140.49743, 37.82961], [140.49677, 37.82855], [140.49662, 37.8283], [140.49617, 37.82764], [140.49587, 37.82719], [140.49548, 37.8266], [140.49429, 37.8248], [140.4942, 37.82467], [140.4925, 37.82211], [140.4916, 37.82078], [140.48976, 37.81803], [140.489, 37.81688], [140.48802, 37.81539], [140.48797, 37.81532], [140.48654, 37.81319], [140.48617, 37.81261], [140.48601, 37.81235], [140.48517, 37.81102], [140.48335, 37.80813], [140.48164, 37.80543], [140.47964, 37.80226], [140.47781, 37.79937], [140.47658, 37.79741], [140.47618, 37.79676], [140.47474, 37.79446], [140.47312, 37.79189], [140.47169, 37.78962], [140.47154, 37.78938], [140.47002, 37.787], [140.46837, 37.78439], [140.46651, 37.78143], [140.46647, 37.78136], [140.46467, 37.7785], [140.46322, 37.77621], [140.46251, 37.77504], [140.4619, 37.77389], [140.46164, 37.77331], [140.46162, 37.77326], [140.4613, 37.77246], [140.46083, 37.77133], [140.46047, 37.77045], [140.45995, 37.76894], [140.45955, 37.76761], [140.45947, 37.76731], [140.45945, 37.76724], [140.45919, 37.7658], [140.45887, 37.76377], [140.45868, 37.76218], [140.45862, 37.76152], [140.4586, 37.76103], [140.45856, 37.75989], [140.45855, 37.75938]]}, "properties": {"id": "GEOM_TOKYO_3003", "route_id": "R_86450D72", "route_name": null, "route_color": "#2D9C5B", "route_text_color": null, "line_name": "東北新幹線", "operator_id": "jr_east", "representation": "service_path", "min_zoom": 0, "max_zoom": 24, "offset_rank": 0}}, {"type": "Feature", "bbox": [140.45857, 37.75232, 140.45865, 37.7558], "geometry": {"type": "LineString", "coordinates": [[140.45857, 37.75232], [140.45859, 37.75301], [140.45865, 37.7558]]}, "properties": {"id": "GEOM_TOKYO_3004", "route_id": "R_86450D72", "route_name": null, "route_color": "#2D9C5B", "route_text_color": null, "line_name": "東北新幹線", "operator_id": "jr_east", "representation": "service_path", "min_zoom": 0, "max_zoom": 24, "offset_rank": 0}}, {"type": "Feature", "bbox": [140.18987, 37.12441, 140.3882, 37.39681], "geometry": {"type": "LineString", "coordinates": [[140.3882, 37.39681], [140.38766, 37.3945], [140.3876, 37.39425], [140.38755, 37.39402], [140.38696, 37.39158], [140.38639, 37.38919], [140.38561, 37.38599], [140.38543, 37.38521], [140.38461, 37.38154], [140.38447, 37.38093], [140.38424, 37.38002], [140.38402, 37.3793], [140.38375, 37.37847], [140.38334, 37.37742], [140.38301, 37.37665], [140.38291, 37.37645], [140.38277, 37.37617], [140.3822, 37.37496], [140.38155, 37.3735], [140.38119, 37.37266], [140.38073, 37.37164], [140.3802, 37.37043], [140.37979, 37.3695], [140.3793, 37.36839], [140.37911, 37.36798], [140.37857, 37.36675], [140.37844, 37.36648], [140.37754, 37.36443], [140.37674, 37.36261], [140.37538, 37.35949], [140.37527, 37.35922], [140.37331, 37.35482], [140.37165, 37.351], [140.37136, 37.35036], [140.37039, 37.34817], [140.3695, 37.34625], [140.36864, 37.34438], [140.36832, 37.34368], [140.36781, 37.34254], [140.36737, 37.34158], [140.36718, 37.34114], [140.36608, 37.33867], [140.36605, 37.33859], [140.36567, 37.33776], [140.36505, 37.33639], [140.36494, 37.33617], [140.36453, 37.33526], [140.36407, 37.33429], [140.36346, 37.33309], [140.36277, 37.33178], [140.36183, 37.33017], [140.36096, 37.32888], [140.36089, 37.32878], [140.36005, 37.32764], [140.35947, 37.32684], [140.35872, 37.32584], [140.35868, 37.32579], [140.3581, 37.32501], [140.35806, 37.32495], [140.35713, 37.3237], [140.35574, 37.32183], [140.35571, 37.32179], [140.35542, 37.32138], [140.35527, 37.32118], [140.3548, 37.32055], [140.35389, 37.31932], [140.3538, 37.31918], [140.35332, 37.31853], [140.35306, 37.31818], [140.35273, 37.31772], [140.35265, 37.31762], [140.35244, 37.31734], [140.35235, 37.31721], [140.3519, 37.3166], [140.35131, 37.31583], [140.35072, 37.31503], [140.34899, 37.3127], [140.34854, 37.3121], [140.34722, 37.31033], [140.3456, 37.30816], [140.3439, 37.3059], [140.34277, 37.3044], [140.34179, 37.30312], [140.34009, 37.30087], [140.33775, 37.2978], [140.33694, 37.29673], [140.33646, 37.2961], [140.33629, 37.29588], [140.33578, 37.29521], [140.33545, 37.29477], [140.33535, 37.29464], [140.33472, 37.29381], [140.33443, 37.29344], [140.33435, 37.29333], [140.33351, 37.29223], [140.33313, 37.29173], [140.33255, 37.29097], [140.33159, 37.2897], [140.33076, 37.28863], [140.33035, 37.28807], [140.33018, 37.28786], [140.32958, 37.28703], [140.32911, 37.2864], [140.32828, 37.28527], [140.32732, 37.28398], [140.3273, 37.28394], [140.32679, 37.28325], [140.32642, 37.28275], [140.32593, 37.2821], [140.32583, 37.28196], [140.32518, 37.28111], [140.32462, 37.2804], [140.32366, 37.27913], [140.32239, 37.27745], [140.32234, 37.27738], [140.32211, 37.27709], [140.32206, 37.27702], [140.32139, 37.27614], [140.31996, 37.27427], [140.31839, 37.27222], [140.3178, 37.27143], [140.3175, 37.27103], [140.31715, 37.27058], [140.31658, 37.26982], [140.31634, 37.2695], [140.3163, 37.26945], [140.31552, 37.26837], [140.31475, 37.26731], [140.31383, 37.26604], [140.31261, 37.26436], [140.31224, 37.26387], [140.31188, 37.26341], [140.31182, 37.26333], [140.31162, 37.26308], [140.31137, 37.26274], [140.31024, 37.26126], [140.30816, 37.25847], [140.30681, 37.2567], [140.30609, 37.25575], [140.30557, 37.25506], [140.30531, 37.25472], [140.30511, 37.25445], [140.30501, 37.2543], [140.3049, 37.25415], [140.30408, 37.25306], [140.30361, 37.25242], [140.30289, 37.25142], [140.3028, 37.25129], [140.3026, 37.251], [140.30253, 37.25091], [140.30162, 37.24971], [140.30076, 37.24855], [140.30074, 37.24852], [140.30071, 37.24848], [140.3006, 37.24834], [140.30003, 37.24759], [140.29972, 37.2472], [140.29944, 37.24684], [140.29912, 37.24641], [140.29904, 37.24631], [140.2987, 37.24586], [140.2983, 37.24532], [140.29772, 37.24454], [140.29722, 37.24387], [140.29719, 37.24383], [140.29671, 37.24319], [140.29661, 37.24305], [140.29629, 37.24262], [140.29624, 37.24255], [140.29621, 37.24252], [140.29586, 37.24205], [140.2955, 37.24157], [140.29516, 37.24112], [140.29478, 37.24061], [140.29444, 37.24017], [140.29406, 37.23966], [140.29371, 37.23919], [140.29331, 37.23866], [140.29295, 37.23819], [140.29257, 37.23768], [140.2918, 37.23668], [140.29108, 37.23572], [140.29043, 37.23483], [140.29035, 37.23472], [140.28959, 37.2337], [140.28924, 37.23323], [140.28886, 37.2327], [140.28848, 37.23221], [140.28842, 37.23213], [140.28833, 37.232], [140.28776, 37.23122], [140.28719, 37.23047], [140.28716, 37.23043], [140.28704, 37.23028], [140.28597, 37.22886], [140.28486, 37.2274], [140.28388, 37.22613], [140.28338, 37.22548], [140.28323, 37.22528], [140.28275, 37.22467], [140.2827, 37.22461], [140.28237, 37.22418], [140.28226, 37.22403], [140.2821, 37.22383], [140.28206, 37.22378], [140.28178, 37.2234], [140.28173, 37.22333], [140.2817, 37.2233], [140.28123, 37.22269], [140.28095, 37.22232], [140.28071, 37.22201], [140.28061, 37.22188], [140.28045, 37.22168], [140.28041, 37.22163], [140.27989, 37.22095], [140.27981, 37.22085], [140.27969, 37.22068], [140.27959, 37.22055], [140.27896, 37.21973], [140.27879, 37.21951], [140.27869, 37.21938], [140.27843, 37.21904], [140.27743, 37.21772], [140.27681, 37.2169], [140.27628, 37.21624], [140.27591, 37.21576], [140.27546, 37.2152], [140.27512, 37.21474], [140.27449, 37.21401], [140.27384, 37.21324], [140.27332, 37.21264], [140.2729, 37.21218], [140.27259, 37.21186], [140.27213, 37.21138], [140.27157, 37.2108], [140.27149, 37.21072], [140.27135, 37.21057], [140.27085, 37.21005], [140.27068, 37.20987], [140.26954, 37.20868], [140.26866, 37.20776], [140.26777, 37.20683], [140.26652, 37.20549], [140.26518, 37.20408], [140.26457, 37.20343], [140.26446, 37.20332], [140.26444, 37.2033], [140.26331, 37.20214], [140.26213, 37.2009], [140.26183, 37.20058], [140.26179, 37.20054], [140.26136, 37.2001], [140.26132, 37.20006], [140.26112, 37.19984], [140.26001, 37.19871], [140.25924, 37.19789], [140.2592, 37.19786], [140.25863, 37.19725], [140.25857, 37.19718], [140.25845, 37.19706], [140.25793, 37.19652], [140.25721, 37.19577], [140.2568, 37.19535], [140.25563, 37.19412], [140.25446, 37.19289], [140.25319, 37.19156], [140.25202, 37.19034], [140.25176, 37.19006], [140.2508, 37.18903], [140.24958, 37.18778], [140.24911, 37.18727], [140.24891, 37.18706], [140.24845, 37.18659], [140.24767, 37.18577], [140.24716, 37.18523], [140.24684, 37.18488], [140.24667, 37.18474], [140.24649, 37.18459], [140.24426, 37.18225], [140.24376, 37.1817], [140.24211, 37.17998], [140.24131, 37.17912], [140.2408, 37.17859], [140.24056, 37.17834], [140.23839, 37.17604], [140.23762, 37.17524], [140.23754, 37.17516], [140.23748, 37.1751], [140.23689, 37.17447], [140.23684, 37.17442], [140.2367, 37.17427], [140.23444, 37.17188], [140.23384, 37.17126], [140.23377, 37.17118], [140.23241, 37.16974], [140.23118, 37.16844], [140.23084, 37.16809], [140.23083, 37.16807], [140.23059, 37.16779], [140.22799, 37.16497], [140.22795, 37.16493], [140.2279, 37.16487], [140.22678, 37.16369], [140.22612, 37.16299], [140.2255, 37.16233], [140.22549, 37.16232], [140.22465, 37.16143], [140.22239, 37.159], [140.22126, 37.15779], [140.2212, 37.15773], [140.22116, 37.15768], [140.21963, 37.15605], [140.21956, 37.15598], [140.21951, 37.15593], [140.21862, 37.155], [140.21854, 37.15491], [140.2185, 37.15487], [140.21753, 37.15383], [140.2175, 37.15379], [140.21709, 37.15336], [140.21706, 37.15333], [140.21672, 37.15296], [140.2167, 37.15294], [140.21667, 37.1529], [140.2162, 37.15243], [140.21614, 37.15236], [140.2159, 37.1521], [140.21516, 37.15131], [140.21497, 37.15111], [140.2146, 37.15071], [140.21452, 37.15063], [140.21445, 37.15055], [140.21115, 37.14707], [140.21107, 37.14698], [140.21101, 37.14692], [140.20732, 37.14298], [140.20723, 37.14288], [140.20718, 37.14282], [140.2058, 37.14135], [140.20561, 37.14115], [140.20554, 37.14107], [140.20186, 37.13718], [140.20184, 37.13715], [140.20177, 37.13709], [140.19505, 37.12992], [140.18989, 37.12443], [140.18987, 37.12441]]}, "properties": {"id": "GEOM_TOKYO_3005", "route_id": "R_86450D72", "route_name": null, "route_color": "#2D9C5B", "route_text_color": null, "line_name": "東北新幹線", "operator_id": "jr_east", "representation": "service_path", "min_zoom": 0, "max_zoom": 24, "offset_rank": 0}}, {"type": "Feature", "bbox": [140.3882, 37.39681, 140.38904, 37.40043], "geometry": {"type": "LineString", "coordinates": [[140.38904, 37.40043], [140.3882, 37.39681]]}, "properties": {"id": "GEOM_TOKYO_3006", "route_id": "R_86450D72", "route_name": null, "route_color": "#2D9C5B", "route_text_color": null, "line_name": "東北新幹線", "operator_id": "jr_east", "representation": "service_path", "min_zoom": 0, "max_zoom": 24, "offset_rank": 0}}, {"type": "Feature", "bbox": [140.38904, 37.40043, 140.4759, 37.75232], "geometry": {"type": "LineString", "coordinates": [[140.45857, 37.75232], [140.45856, 37.74868], [140.45855, 37.74455], [140.45854, 37.74453], [140.45854, 37.74435], [140.45851, 37.74002], [140.45848, 37.73967], [140.45843, 37.73914], [140.45842, 37.73901], [140.45841, 37.73895], [140.4584, 37.73882], [140.45836, 37.73852], [140.45823, 37.7378], [140.45811, 37.73718], [140.45769, 37.73488], [140.45763, 37.73463], [140.45741, 37.73343], [140.45732, 37.73294], [140.45728, 37.73273], [140.45723, 37.73246], [140.45698, 37.73119], [140.45689, 37.7307], [140.45672, 37.72985], [140.45657, 37.72911], [140.45642, 37.72835], [140.45638, 37.72823], [140.45637, 37.72817], [140.45631, 37.72785], [140.45618, 37.72725], [140.45597, 37.72619], [140.45563, 37.72451], [140.45555, 37.72404], [140.45548, 37.72363], [140.4552, 37.72214], [140.45509, 37.72155], [140.45467, 37.71931], [140.45448, 37.71833], [140.45444, 37.71811], [140.4543, 37.71734], [140.45409, 37.71622], [140.454, 37.71572], [140.45392, 37.71532], [140.45389, 37.71513], [140.45386, 37.71497], [140.4538, 37.71462], [140.45379, 37.71459], [140.45368, 37.71385], [140.45362, 37.71343], [140.45355, 37.71294], [140.45346, 37.71186], [140.45339, 37.71037], [140.45336, 37.7097], [140.45334, 37.70947], [140.45333, 37.70884], [140.45337, 37.708], [140.45342, 37.70736], [140.45343, 37.70729], [140.45355, 37.70614], [140.45355, 37.7061], [140.45359, 37.70565], [140.45361, 37.70559], [140.45366, 37.70504], [140.45374, 37.70434], [140.45388, 37.70365], [140.45398, 37.70327], [140.45413, 37.70274], [140.45428, 37.70231], [140.45453, 37.7016], [140.45488, 37.70067], [140.45516, 37.7], [140.45537, 37.69958], [140.45563, 37.69907], [140.45586, 37.69867], [140.45639, 37.69769], [140.45671, 37.69712], [140.45715, 37.69634], [140.45741, 37.69587], [140.45748, 37.69573], [140.4579, 37.69495], [140.45814, 37.69452], [140.45843, 37.69396], [140.45873, 37.69346], [140.45902, 37.6929], [140.45924, 37.69248], [140.45967, 37.69169], [140.46024, 37.69066], [140.4605, 37.69019], [140.46086, 37.68953], [140.46115, 37.68901], [140.46154, 37.68829], [140.46187, 37.68768], [140.46189, 37.68763], [140.4621, 37.68724], [140.46271, 37.68613], [140.46304, 37.68555], [140.46378, 37.68417], [140.46395, 37.6839], [140.46427, 37.6833], [140.4645, 37.68287], [140.46489, 37.68218], [140.46509, 37.68166], [140.46525, 37.68134], [140.46566, 37.68072], [140.46615, 37.67982], [140.46637, 37.67939], [140.46646, 37.67923], [140.46682, 37.67864], [140.46705, 37.67816], [140.46749, 37.67728], [140.46771, 37.67684], [140.46782, 37.67665], [140.46818, 37.67595], [140.46857, 37.67522], [140.46879, 37.6748], [140.46929, 37.67385], [140.46949, 37.6735], [140.46965, 37.6732], [140.46988, 37.67274], [140.47015, 37.67226], [140.47042, 37.67172], [140.47075, 37.67111], [140.47089, 37.67083], [140.4713, 37.67009], [140.47151, 37.66969], [140.4728, 37.66739], [140.47331, 37.66639], [140.4734, 37.66617], [140.47384, 37.66512], [140.47404, 37.66463], [140.47443, 37.66333], [140.47496, 37.66165], [140.4753, 37.66005], [140.47561, 37.65829], [140.4757, 37.65738], [140.47572, 37.65708], [140.47589, 37.65544], [140.4759, 37.65441], [140.47577, 37.653], [140.47564, 37.65125], [140.47537, 37.64839], [140.47534, 37.64818], [140.47532, 37.64798], [140.47529, 37.64764], [140.47523, 37.64708], [140.47504, 37.64535], [140.47457, 37.64045], [140.47439, 37.63882], [140.47433, 37.63809], [140.47412, 37.63591], [140.47391, 37.6342], [140.47379, 37.63325], [140.47358, 37.63083], [140.47339, 37.62911], [140.47329, 37.62817], [140.4732, 37.62718], [140.47307, 37.62567], [140.47301, 37.62499], [140.4727, 37.62203], [140.4725, 37.62012], [140.47238, 37.61908], [140.47183, 37.61318], [140.47161, 37.61114], [140.47151, 37.61021], [140.47096, 37.60533], [140.47073, 37.60215], [140.47048, 37.59966], [140.47035, 37.59832], [140.46982, 37.59319], [140.46981, 37.59305], [140.4697, 37.59209], [140.46968, 37.59195], [140.4694, 37.58937], [140.46897, 37.58657], [140.46892, 37.58636], [140.46859, 37.58507], [140.46825, 37.58381], [140.46814, 37.58349], [140.46804, 37.5832], [140.46794, 37.58291], [140.46716, 37.58078], [140.46692, 37.58023], [140.46599, 37.57853], [140.46525, 37.57717], [140.46478, 37.57631], [140.46439, 37.57561], [140.46415, 37.5752], [140.46296, 37.57307], [140.46287, 37.57289], [140.46247, 37.57215], [140.46187, 37.57104], [140.46101, 37.56946], [140.45945, 37.56657], [140.45898, 37.56571], [140.4584, 37.56464], [140.45822, 37.56429], [140.4571, 37.56225], [140.45483, 37.55809], [140.45371, 37.55603], [140.45343, 37.55552], [140.45269, 37.55417], [140.45244, 37.55372], [140.45127, 37.55155], [140.45062, 37.55038], [140.45047, 37.55011], [140.44974, 37.54875], [140.44905, 37.54746], [140.44822, 37.54596], [140.44732, 37.54427], [140.44683, 37.5434], [140.44626, 37.54231], [140.44523, 37.54041], [140.4448, 37.53962], [140.44358, 37.5374], [140.44333, 37.5369], [140.44196, 37.53438], [140.44079, 37.53221], [140.44061, 37.5319], [140.43967, 37.53013], [140.43895, 37.52877], [140.43814, 37.5273], [140.43705, 37.52528], [140.43648, 37.52424], [140.43551, 37.52244], [140.4352, 37.52189], [140.43489, 37.5213], [140.43453, 37.52062], [140.43391, 37.51949], [140.43341, 37.51857], [140.43193, 37.51592], [140.43151, 37.51513], [140.43099, 37.51415], [140.43081, 37.51375], [140.4305, 37.51307], [140.43023, 37.51235], [140.42988, 37.51151], [140.42944, 37.51044], [140.429, 37.50935], [140.42814, 37.50724], [140.42736, 37.50536], [140.42675, 37.50385], [140.42641, 37.50304], [140.42626, 37.50266], [140.42613, 37.50234], [140.42559, 37.50093], [140.42547, 37.50063], [140.42515, 37.49981], [140.42461, 37.49841], [140.42428, 37.49749], [140.42414, 37.49717], [140.42391, 37.49661], [140.42367, 37.49599], [140.42327, 37.495], [140.42274, 37.49365], [140.42213, 37.49207], [140.42178, 37.49118], [140.42104, 37.48929], [140.42064, 37.48824], [140.41935, 37.48487], [140.4185, 37.48265], [140.41792, 37.48119], [140.41775, 37.48076], [140.41733, 37.47966], [140.41684, 37.47838], [140.41553, 37.47501], [140.41545, 37.4748], [140.41534, 37.4745], [140.41448, 37.4723], [140.41431, 37.47184], [140.41312, 37.4688], [140.41216, 37.46635], [140.41211, 37.4662], [140.411, 37.46335], [140.41057, 37.46224], [140.41001, 37.46078], [140.40875, 37.45761], [140.40816, 37.45603], [140.40798, 37.45559], [140.40679, 37.45251], [140.40653, 37.45183], [140.40622, 37.45104], [140.40551, 37.44922], [140.40522, 37.44844], [140.40423, 37.4459], [140.40404, 37.44539], [140.40385, 37.44489], [140.40345, 37.44387], [140.40274, 37.44203], [140.40254, 37.44148], [140.40176, 37.43934], [140.40147, 37.43856], [140.40114, 37.43769], [140.40081, 37.43677], [140.40053, 37.43599], [140.4, 37.4345], [140.3995, 37.43305], [140.39939, 37.43272], [140.39897, 37.4314], [140.39867, 37.43042], [140.39809, 37.4287], [140.39763, 37.42722], [140.39747, 37.42671], [140.39728, 37.42615], [140.39667, 37.42434], [140.39636, 37.42335], [140.39623, 37.42298], [140.39513, 37.41971], [140.39468, 37.41848], [140.39385, 37.41582], [140.39324, 37.41391], [140.39223, 37.41077], [140.39151, 37.4086], [140.39122, 37.40779], [140.39039, 37.4052], [140.39024, 37.40473], [140.39007, 37.40421], [140.38904, 37.40043]]}, "properties": {"id": "GEOM_TOKYO_3007", "route_id": "R_86450D72", "route_name": null, "route_color": "#2D9C5B", "route_text_color": null, "line_name": "東北新幹線", "operator_id": "jr_east", "representation": "service_path", "min_zoom": 0, "max_zoom": 24, "offset_rank": 0}}, {"type": "Feature", "bbox": [140.62644, 38.00412, 140.65025, 38.03443], "geometry": {"type": "LineString", "coordinates": [[140.65025, 38.03443], [140.65008, 38.03429], [140.64975, 38.0341], [140.64888, 38.03363], [140.64749, 38.03291], [140.64542, 38.03185], [140.64453, 38.03139], [140.64374, 38.03098], [140.64256, 38.03039], [140.64231, 38.03021], [140.64187, 38.0299], [140.64163, 38.02969], [140.64131, 38.02939], [140.64102, 38.02906], [140.64101, 38.02905], [140.64069, 38.02859], [140.64048, 38.02817], [140.64006, 38.02734], [140.63951, 38.02625], [140.6392, 38.02563], [140.63842, 38.0241], [140.63756, 38.02241], [140.63721, 38.02176], [140.63681, 38.02105], [140.63664, 38.02077], [140.63649, 38.02052], [140.63639, 38.02038], [140.63623, 38.02016], [140.63587, 38.01974], [140.63481, 38.01861], [140.63412, 38.01786], [140.63258, 38.01621], [140.6313, 38.01484], [140.63052, 38.01396], [140.63027, 38.01368], [140.62954, 38.01287], [140.62889, 38.01216], [140.6284, 38.0116], [140.62814, 38.01118], [140.62794, 38.01079], [140.62772, 38.01024], [140.62761, 38.00979], [140.62732, 38.0084], [140.62697, 38.00674], [140.62669, 38.00534], [140.6265, 38.00441], [140.62644, 38.00412]]}, "properties": {"id": "GEOM_TOKYO_3108", "route_id": "R_20E64CE3", "route_name": null, "route_color": "#3AA76D", "route_text_color": null, "line_name": "東北線", "operator_id": "jr_east", "representation": "service_path", "min_zoom": 0, "max_zoom": 24, "offset_rank": 0}}, {"type": "Feature", "bbox": [140.65171, 38.03566, 140.65262, 38.03717], "geometry": {"type": "LineString", "coordinates": [[140.65171, 38.03566], [140.6524, 38.03684], [140.65262, 38.03717]]}, "properties": {"id": "GEOM_TOKYO_3112", "route_id": "R_20E64CE3", "route_name": null, "route_color": "#3AA76D", "route_text_color": null, "line_name": "東北線", "operator_id": "jr_east", "representation": "service_path", "min_zoom": 0, "max_zoom": 24, "offset_rank": 0}}, {"type": "Feature", "bbox": [140.65025, 38.03443, 140.65171, 38.03566], "geometry": {"type": "LineString", "coordinates": [[140.65171, 38.03566], [140.65154, 38.03551], [140.65122, 38.03522], [140.65078, 38.03486], [140.65025, 38.03443]]}, "properties": {"id": "GEOM_TOKYO_3115", "route_id": "R_20E64CE3", "route_name": null, "route_color": "#3AA76D", "route_text_color": null, "line_name": "東北線", "operator_id": "jr_east", "representation": "service_path", "min_zoom": 0, "max_zoom": 24, "offset_rank": 0}}, {"type": "Feature", "bbox": [140.65262, 38.03717, 140.66131, 38.04024], "geometry": {"type": "LineString", "coordinates": [[140.65262, 38.03717], [140.65297, 38.03766], [140.65351, 38.03833], [140.65393, 38.03876], [140.65439, 38.03917], [140.65463, 38.03932], [140.65498, 38.03951], [140.65527, 38.03966], [140.65542, 38.03972], [140.65548, 38.03974], [140.65585, 38.03985], [140.65614, 38.03993], [140.65649, 38.04001], [140.65677, 38.04007], [140.65708, 38.04012], [140.65733, 38.04016], [140.65766, 38.04021], [140.65785, 38.04023], [140.65794, 38.04023], [140.6583, 38.04022], [140.65881, 38.04023], [140.65895, 38.04024], [140.6595, 38.04022], [140.65988, 38.04016], [140.66026, 38.04008], [140.66057, 38.03997], [140.66131, 38.03963]]}, "properties": {"id": "GEOM_TOKYO_3116", "route_id": "R_20E64CE3", "route_name": null, "route_color": "#3AA76D", "route_text_color": null, "line_name": "東北線", "operator_id": "jr_east", "representation": "service_path", "min_zoom": 0, "max_zoom": 24, "offset_rank": 0}}, {"type": "Feature", "bbox": [140.60181, 37.93477, 140.62608, 38.00229], "geometry": {"type": "LineString", "coordinates": [[140.62608, 38.00229], [140.62597, 38.00175], [140.62576, 38.00075], [140.62576, 38.00072], [140.62555, 37.99962], [140.62538, 37.99876], [140.62537, 37.99869], [140.62521, 37.99783], [140.62514, 37.99744], [140.62492, 37.99639], [140.62454, 37.99466], [140.62444, 37.99415], [140.62414, 37.9927], [140.62376, 37.99087], [140.62353, 37.9898], [140.62342, 37.98927], [140.62311, 37.98759], [140.62297, 37.98692], [140.62276, 37.98584], [140.62265, 37.98526], [140.62245, 37.98428], [140.62214, 37.98288], [140.62185, 37.98169], [140.62173, 37.98128], [140.6216, 37.98092], [140.62136, 37.98032], [140.62089, 37.97948], [140.6205, 37.97878], [140.61906, 37.9762], [140.61883, 37.97581], [140.6185, 37.97521], [140.61792, 37.97419], [140.61692, 37.97242], [140.61684, 37.97228], [140.61675, 37.97211], [140.61672, 37.97207], [140.61593, 37.97066], [140.61589, 37.97062], [140.61582, 37.97046], [140.61559, 37.97009], [140.61466, 37.9685], [140.61425, 37.96776], [140.61345, 37.9664], [140.61345, 37.96636], [140.61343, 37.96636], [140.61336, 37.96622], [140.61323, 37.96602], [140.61306, 37.96573], [140.61302, 37.96566], [140.613, 37.96564], [140.61277, 37.96524], [140.61259, 37.9649], [140.61239, 37.96454], [140.61223, 37.96425], [140.61206, 37.96396], [140.61161, 37.96319], [140.61154, 37.96305], [140.61147, 37.96291], [140.61132, 37.96256], [140.61133, 37.96255], [140.61116, 37.96218], [140.61114, 37.96217], [140.61038, 37.96049], [140.61021, 37.96003], [140.6102, 37.95998], [140.61015, 37.95985], [140.61, 37.95947], [140.60997, 37.95938], [140.60995, 37.95929], [140.60994, 37.95928], [140.60971, 37.95865], [140.60946, 37.95811], [140.60925, 37.95778], [140.60908, 37.95754], [140.60873, 37.95713], [140.60841, 37.95682], [140.60779, 37.95629], [140.60743, 37.95603], [140.60727, 37.95593], [140.60707, 37.95581], [140.60651, 37.95544], [140.60617, 37.95519], [140.606, 37.95505], [140.60555, 37.95462], [140.60538, 37.95443], [140.60508, 37.95398], [140.60492, 37.95369], [140.60483, 37.95346], [140.60476, 37.95319], [140.6047, 37.95278], [140.60467, 37.95196], [140.60465, 37.95138], [140.60461, 37.9506], [140.60456, 37.95014], [140.60445, 37.94973], [140.60432, 37.94942], [140.60408, 37.94902], [140.60389, 37.94875], [140.6031, 37.94746], [140.60251, 37.94651], [140.60245, 37.94641], [140.60199, 37.94564], [140.60191, 37.94548], [140.60186, 37.9453], [140.60182, 37.9451], [140.60181, 37.94457], [140.60187, 37.94344], [140.60191, 37.94272], [140.60194, 37.94239], [140.60199, 37.94165], [140.60201, 37.94107], [140.60205, 37.94065], [140.60207, 37.9401], [140.60212, 37.93954], [140.60213, 37.93927], [140.60219, 37.93798], [140.60221, 37.93797], [140.60221, 37.93789], [140.6022, 37.93788], [140.60221, 37.93749], [140.60227, 37.93712], [140.60234, 37.93689], [140.60249, 37.93657], [140.60265, 37.93628], [140.60283, 37.93601], [140.60286, 37.93593], [140.6029, 37.93588], [140.60315, 37.93547], [140.60373, 37.93482], [140.60378, 37.93477]]}, "properties": {"id": "GEOM_TOKYO_3126", "route_id": "R_20E64CE3", "route_name": null, "route_color": "#3AA76D", "route_text_color": null, "line_name": "東北線", "operator_id": "jr_east", "representation": "service_path", "min_zoom": 0, "max_zoom": 24, "offset_rank": 0}}, {"type": "Feature", "bbox": [140.62608, 38.00229, 140.62644, 38.00412], "geometry": {"type": "LineString", "coordinates": [[140.62644, 38.00412], [140.62623, 38.00299], [140.62608, 38.00229]]}, "properties": {"id": "GEOM_TOKYO_3130", "route_id": "R_20E64CE3", "route_name": null, "route_color": "#3AA76D", "route_text_color": null, "line_name": "東北線", "operator_id": "jr_east", "representation": "service_path", "min_zoom": 0, "max_zoom": 24, "offset_rank": 0}}, {"type": "Feature", "bbox": [140.65262, 38.03717, 140.66131, 38.04002], "geometry": {"type": "LineString", "coordinates": [[140.65262, 38.03717], [140.65333, 38.03787], [140.6538, 38.03827], [140.65442, 38.03874], [140.65458, 38.03887], [140.65469, 38.03895], [140.65478, 38.03901], [140.65509, 38.03922], [140.65533, 38.03935], [140.65562, 38.03949], [140.65583, 38.03958], [140.65595, 38.03963], [140.65634, 38.03974], [140.65672, 38.03983], [140.65695, 38.03986], [140.6573, 38.03991], [140.65779, 38.03996], [140.65801, 38.03998], [140.65824, 38.03999], [140.65912, 38.04002], [140.65959, 38.03997], [140.66025, 38.03987], [140.66081, 38.03977], [140.66131, 38.03963]]}, "properties": {"id": "GEOM_TOKYO_3135", "route_id": "R_20E64CE3", "route_name": null, "route_color": "#3AA76D", "route_text_color": null, "line_name": "東北線", "operator_id": "jr_east", "representation": "service_path", "min_zoom": 0, "max_zoom": 24, "offset_rank": 0}}, {"type": "Feature", "bbox": [140.69183, 38.03232, 140.69327, 38.03258], "geometry": {"type": "LineString", "coordinates": [[140.69327, 38.03258], [140.69183, 38.03232]]}, "properties": {"id": "GEOM_TOKYO_3138", "route_id": "R_20E64CE3", "route_name": null, "route_color": "#3AA76D", "route_text_color": null, "line_name": "東北線", "operator_id": "jr_east", "representation": "service_path", "min_zoom": 0, "max_zoom": 24, "offset_rank": 0}}, {"type": "Feature", "bbox": [140.66131, 38.03226, 140.69183, 38.03963], "geometry": {"type": "LineString", "coordinates": [[140.69183, 38.03232], [140.69139, 38.03228], [140.69123, 38.03226], [140.69059, 38.03226], [140.68999, 38.03229], [140.6895, 38.03235], [140.689, 38.03243], [140.68853, 38.03253], [140.68791, 38.03271], [140.68725, 38.03292], [140.6865, 38.03324], [140.6862, 38.03341], [140.68585, 38.03361], [140.68558, 38.03381], [140.68533, 38.03402], [140.68502, 38.03434], [140.68482, 38.03454], [140.68446, 38.03487], [140.68376, 38.03552], [140.68318, 38.03599], [140.68283, 38.03623], [140.68251, 38.03644], [140.68222, 38.0366], [140.68212, 38.03666], [140.68191, 38.03675], [140.68125, 38.03696], [140.68086, 38.03706], [140.68037, 38.03716], [140.67997, 38.03721], [140.67955, 38.03724], [140.67913, 38.03724], [140.67866, 38.03722], [140.67821, 38.03718], [140.67774, 38.03711], [140.6771, 38.03695], [140.67643, 38.03676], [140.6754, 38.03642], [140.67466, 38.0362], [140.6742, 38.03612], [140.67379, 38.03606], [140.67324, 38.03602], [140.6727, 38.03602], [140.67229, 38.03602], [140.67185, 38.03606], [140.67155, 38.0361], [140.67152, 38.03611], [140.67122, 38.03617], [140.6708, 38.03632], [140.66995, 38.03662], [140.66877, 38.03702], [140.66776, 38.03738], [140.66641, 38.03786], [140.66496, 38.03838], [140.66358, 38.03888], [140.66208, 38.03938], [140.66131, 38.03963]]}, "properties": {"id": "GEOM_TOKYO_3139", "route_id": "R_20E64CE3", "route_name": null, "route_color": "#3AA76D", "route_text_color": null, "line_name": "東北線", "operator_id": "jr_east", "representation": "service_path", "min_zoom": 0, "max_zoom": 24, "offset_rank": 0}}, {"type": "Feature", "bbox": [140.69327, 38.03258, 140.73971, 38.04672], "geometry": {"type": "LineString", "coordinates": [[140.73971, 38.04672], [140.73874, 38.04567], [140.73776, 38.04456], [140.73718, 38.04392], [140.73644, 38.0431], [140.73572, 38.04226], [140.73501, 38.04147], [140.73432, 38.04069], [140.73363, 38.03995], [140.73297, 38.03922], [140.73243, 38.03866], [140.73203, 38.03833], [140.73156, 38.03803], [140.73101, 38.03777], [140.73051, 38.03752], [140.72996, 38.03735], [140.72942, 38.03722], [140.72896, 38.03712], [140.72853, 38.03705], [140.72811, 38.03701], [140.72751, 38.03698], [140.72682, 38.03695], [140.72491, 38.03685], [140.72389, 38.0368], [140.72301, 38.03675], [140.72136, 38.03666], [140.71962, 38.03658], [140.7179, 38.03651], [140.71598, 38.03639], [140.71519, 38.03635], [140.71433, 38.03635], [140.71339, 38.03638], [140.71283, 38.03642], [140.71245, 38.03645], [140.71114, 38.03659], [140.70976, 38.03672], [140.70941, 38.03676], [140.70823, 38.03688], [140.70763, 38.03695], [140.70707, 38.03696], [140.70644, 38.03698], [140.70566, 38.03695], [140.70535, 38.03691], [140.70493, 38.03684], [140.70439, 38.03671], [140.70361, 38.03648], [140.70252, 38.03613], [140.702, 38.03596], [140.70153, 38.0358], [140.70016, 38.03537], [140.69843, 38.03476], [140.69754, 38.03445], [140.69718, 38.03428], [140.696, 38.03374], [140.69479, 38.03318], [140.69435, 38.03295], [140.69375, 38.03273], [140.69327, 38.03258]]}, "properties": {"id": "GEOM_TOKYO_3142", "route_id": "R_20E64CE3", "route_name": null, "route_color": "#3AA76D", "route_text_color": null, "line_name": "東北線", "operator_id": "jr_east", "representation": "service_path", "min_zoom": 0, "max_zoom": 24, "offset_rank": 0}}, {"type": "Feature", "bbox": [140.58023, 37.90746, 140.58173, 37.90876], "geometry": {"type": "LineString", "coordinates": [[140.58173, 37.90876], [140.58023, 37.90746]]}, "properties": {"id": "GEOM_TOKYO_3148", "route_id": "R_20E64CE3", "route_name": null, "route_color": "#3AA76D", "route_text_color": null, "line_name": "東北線", "operator_id": "jr_east", "representation": "service_path", "min_zoom": 0, "max_zoom": 24, "offset_rank": 0}}, {"type": "Feature", "bbox": [140.58173, 37.90876, 140.60508, 37.93234], "geometry": {"type": "LineString", "coordinates": [[140.60507, 37.93234], [140.60508, 37.93223], [140.60508, 37.93195], [140.60504, 37.93173], [140.605, 37.93151], [140.60499, 37.93149], [140.60484, 37.93103], [140.60467, 37.93062], [140.6045, 37.93032], [140.60412, 37.92973], [140.60343, 37.92853], [140.60334, 37.92839], [140.60304, 37.9279], [140.60264, 37.92728], [140.60239, 37.92693], [140.60192, 37.92637], [140.60166, 37.92609], [140.60147, 37.9259], [140.60124, 37.92571], [140.60081, 37.92531], [140.59976, 37.92441], [140.59922, 37.92394], [140.59886, 37.92363], [140.59867, 37.92346], [140.59812, 37.92299], [140.5981, 37.92298], [140.59793, 37.92284], [140.59736, 37.92234], [140.59734, 37.92233], [140.59709, 37.92212], [140.59487, 37.9202], [140.59443, 37.91982], [140.59422, 37.91966], [140.59399, 37.91946], [140.59366, 37.91913], [140.59332, 37.91876], [140.59324, 37.91865], [140.59271, 37.91794], [140.59155, 37.91644], [140.59147, 37.91634], [140.59115, 37.91592], [140.59055, 37.91515], [140.59018, 37.9147], [140.58997, 37.91448], [140.58971, 37.91421], [140.58949, 37.91406], [140.58884, 37.91363], [140.58848, 37.91337], [140.5865, 37.91201], [140.58638, 37.91192], [140.58608, 37.91172], [140.58508, 37.91105], [140.58475, 37.91084], [140.58433, 37.91055], [140.58308, 37.90972], [140.58294, 37.90962], [140.58281, 37.90952], [140.58223, 37.90913], [140.58173, 37.90876]]}, "properties": {"id": "GEOM_TOKYO_3151", "route_id": "R_20E64CE3", "route_name": null, "route_color": "#3AA76D", "route_text_color": null, "line_name": "東北線", "operator_id": "jr_east", "representation": "service_path", "min_zoom": 0, "max_zoom": 24, "offset_rank": 0}}, {"type": "Feature", "bbox": [140.60378, 37.93234, 140.60507, 37.93477], "geometry": {"type": "LineString", "coordinates": [[140.60378, 37.93477], [140.60419, 37.93427], [140.60458, 37.9337], [140.60487, 37.93312], [140.60501, 37.9327], [140.60507, 37.93234]]}, "properties": {"id": "GEOM_TOKYO_3155", "route_id": "R_20E64CE3", "route_name": null, "route_color": "#3AA76D", "route_text_color": null, "line_name": "東北線", "operator_id": "jr_east", "representation": "service_path", "min_zoom": 0, "max_zoom": 24, "offset_rank": 0}}, {"type": "Feature", "bbox": [140.51789, 37.85593, 140.53853, 37.87828], "geometry": {"type": "LineString", "coordinates": [[140.51789, 37.85593], [140.51812, 37.85622], [140.51926, 37.85766], [140.52067, 37.85943], [140.52102, 37.85988], [140.52121, 37.86011], [140.52236, 37.86156], [140.52316, 37.86254], [140.52353, 37.86301], [140.52442, 37.86415], [140.52542, 37.86542], [140.52551, 37.86552], [140.52584, 37.86595], [140.52684, 37.86722], [140.52704, 37.86747], [140.52813, 37.8689], [140.52838, 37.86922], [140.52854, 37.86941], [140.52873, 37.86967], [140.52909, 37.87012], [140.52918, 37.87023], [140.52935, 37.87045], [140.52961, 37.87077], [140.53021, 37.87155], [140.53072, 37.8722], [140.53121, 37.87283], [140.53166, 37.87339], [140.53173, 37.87346], [140.53223, 37.87395], [140.53267, 37.87432], [140.53297, 37.87454], [140.5331, 37.87463], [140.53349, 37.8749], [140.53387, 37.87514], [140.53391, 37.87517], [140.53434, 37.87545], [140.53485, 37.8758], [140.53635, 37.87681], [140.53645, 37.87687], [140.53691, 37.87719], [140.5381, 37.87798], [140.53853, 37.87828]]}, "properties": {"id": "GEOM_TOKYO_3157", "route_id": "R_20E64CE3", "route_name": null, "route_color": "#3AA76D", "route_text_color": null, "line_name": "東北線", "operator_id": "jr_east", "representation": "service_path", "min_zoom": 0, "max_zoom": 24, "offset_rank": 0}}, {"type": "Feature", "bbox": [140.45972, 37.74959, 140.4604, 37.75341], "geometry": {"type": "LineString", "coordinates": [[140.45972, 37.75341], [140.45973, 37.75301], [140.45985, 37.75165], [140.45992, 37.75108], [140.45993, 37.75099], [140.45998, 37.75079], [140.46003, 37.75065], [140.46007, 37.75057], [140.46015, 37.75038], [140.4604, 37.74959]]}, "properties": {"id": "GEOM_TOKYO_3158", "route_id": "R_20E64CE3", "route_name": null, "route_color": "#3AA76D", "route_text_color": null, "line_name": "東北線", "operator_id": "jr_east", "representation": "service_path", "min_zoom": 0, "max_zoom": 24, "offset_rank": 0}}, {"type": "Feature", "bbox": [140.44474, 37.68304, 140.44913, 37.68898], "geometry": {"type": "LineString", "coordinates": [[140.4448, 37.68898], [140.44475, 37.6886], [140.44474, 37.68835], [140.44475, 37.68784], [140.44478, 37.68755], [140.44482, 37.68724], [140.44486, 37.68694], [140.44488, 37.6869], [140.44491, 37.68681], [140.445, 37.68656], [140.44514, 37.68617], [140.4453, 37.6859], [140.44546, 37.68558], [140.4456, 37.68538], [140.44582, 37.68512], [140.44614, 37.68478], [140.44631, 37.68461], [140.44667, 37.68434], [140.44803, 37.68353], [140.44834, 37.68338], [140.44855, 37.68329], [140.44913, 37.68304]]}, "properties": {"id": "GEOM_TOKYO_3159", "route_id": "R_20E64CE3", "route_name": null, "route_color": "#3AA76D", "route_text_color": null, "line_name": "東北線", "operator_id": "jr_east", "representation": "service_path", "min_zoom": 0, "max_zoom": 24, "offset_rank": 0}}, {"type": "Feature", "bbox": [140.46668, 37.78926, 140.47683, 37.79904], "geometry": {"type": "LineString", "coordinates": [[140.47683, 37.79904], [140.47664, 37.79878], [140.47555, 37.7972], [140.4749, 37.79627], [140.47421, 37.79526], [140.4732, 37.79383], [140.47315, 37.79376], [140.47301, 37.79356], [140.47291, 37.79344], [140.47287, 37.79338], [140.47253, 37.79296], [140.47211, 37.7925], [140.47167, 37.7921], [140.47138, 37.79187], [140.47101, 37.7916], [140.47086, 37.79151], [140.47074, 37.79144], [140.4699, 37.79099], [140.46949, 37.79077], [140.46883, 37.79042], [140.46754, 37.78972], [140.4672, 37.78954], [140.46687, 37.78937], [140.46668, 37.78926]]}, "properties": {"id": "GEOM_TOKYO_3160", "route_id": "R_20E64CE3", "route_name": null, "route_color": "#3AA76D", "route_text_color": null, "line_name": "東北線", "operator_id": "jr_east", "representation": "service_path", "min_zoom": 0, "max_zoom": 24, "offset_rank": 0}}, {"type": "Feature", "bbox": [140.45249, 37.67729, 140.46035, 37.68007], "geometry": {"type": "LineString", "coordinates": [[140.45249, 37.68007], [140.45268, 37.6798], [140.45281, 37.67964], [140.453, 37.67935], [140.45313, 37.67918], [140.45323, 37.67908], [140.45347, 37.6789], [140.45451, 37.67816], [140.45487, 37.67793], [140.45524, 37.67774], [140.45529, 37.67772], [140.45549, 37.67765], [140.45568, 37.67759], [140.45593, 37.67751], [140.45635, 37.6774], [140.45638, 37.67739], [140.45668, 37.67734], [140.45714, 37.67729], [140.45744, 37.67729], [140.45838, 37.67731], [140.45897, 37.67734], [140.45915, 37.67735], [140.45972, 37.67739], [140.46035, 37.67737]]}, "properties": {"id": "GEOM_TOKYO_3161", "route_id": "R_20E64CE3", "route_name": null, "route_color": "#3AA76D", "route_text_color": null, "line_name": "東北線", "operator_id": "jr_east", "representation": "service_path", "min_zoom": 0, "max_zoom": 24, "offset_rank": 0}}, {"type": "Feature", "bbox": [140.47786, 37.80049, 140.48477, 37.80747], "geometry": {"type": "LineString", "coordinates": [[140.47786, 37.80049], [140.47841, 37.80126], [140.47918, 37.80232], [140.47942, 37.80263], [140.47992, 37.80323], [140.4806, 37.80393], [140.48174, 37.805], [140.48289, 37.80601], [140.48347, 37.80651], [140.48354, 37.80656], [140.48417, 37.80704], [140.48477, 37.80747]]}, "properties": {"id": "GEOM_TOKYO_3162", "route_id": "R_20E64CE3", "route_name": null, "route_color": "#3AA76D", "route_text_color": null, "line_name": "東北線", "operator_id": "jr_east", "representation": "service_path", "min_zoom": 0, "max_zoom": 24, "offset_rank": 0}}, {"type": "Feature", "bbox": [140.45604, 37.72487, 140.46051, 37.74959], "geometry": {"type": "LineString", "coordinates": [[140.45604, 37.72487], [140.45611, 37.72522], [140.45621, 37.72571], [140.45629, 37.72607], [140.45631, 37.72616], [140.45638, 37.72652], [140.45641, 37.72669], [140.45648, 37.72699], [140.4566, 37.7276], [140.45665, 37.72787], [140.45676, 37.72841], [140.45684, 37.72882], [140.45694, 37.72937], [140.45697, 37.72948], [140.45706, 37.72991], [140.4573, 37.73116], [140.45738, 37.73153], [140.45741, 37.73174], [140.45757, 37.73252], [140.4576, 37.73263], [140.45764, 37.73283], [140.45769, 37.73305], [140.45781, 37.7337], [140.45784, 37.73384], [140.45791, 37.73412], [140.45798, 37.73452], [140.45815, 37.73536], [140.45837, 37.73646], [140.45853, 37.73732], [140.45855, 37.73741], [140.45871, 37.73821], [140.45874, 37.73838], [140.45877, 37.73857], [140.45883, 37.73889], [140.45904, 37.73994], [140.45915, 37.74048], [140.45932, 37.74138], [140.45934, 37.74142], [140.45942, 37.74181], [140.45947, 37.74213], [140.45962, 37.74289], [140.45966, 37.74306], [140.45966, 37.74309], [140.45969, 37.74326], [140.45973, 37.74349], [140.45975, 37.74359], [140.4598, 37.7438], [140.45984, 37.74405], [140.4599, 37.74437], [140.46001, 37.74498], [140.46017, 37.74572], [140.46018, 37.74576], [140.46022, 37.74597], [140.46034, 37.74661], [140.46043, 37.74703], [140.46047, 37.74735], [140.46049, 37.74751], [140.46051, 37.74787], [140.46049, 37.74857], [140.46049, 37.74871], [140.46048, 37.74877], [140.4604, 37.74959]]}, "properties": {"id": "GEOM_TOKYO_3163", "route_id": "R_20E64CE3", "route_name": null, "route_color": "#3AA76D", "route_text_color": null, "line_name": "東北線", "operator_id": "jr_east", "representation": "service_path", "min_zoom": 0, "max_zoom": 24, "offset_rank": 0}}, {"type": "Feature", "bbox": [140.46006, 37.74959, 140.4604, 37.75341], "geometry": {"type": "LineString", "coordinates": [[140.46006, 37.75341], [140.46013, 37.75301], [140.46018, 37.75216], [140.46027, 37.7512], [140.46031, 37.75084], [140.46033, 37.75038], [140.4604, 37.74959]]}, "properties": {"id": "GEOM_TOKYO_3164", "route_id": "R_20E64CE3", "route_name": null, "route_color": "#3AA76D", "route_text_color": null, "line_name": "東北線", "operator_id": "jr_east", "representation": "service_path", "min_zoom": 0, "max_zoom": 24, "offset_rank": 0}}, {"type": "Feature", "bbox": [140.48477, 37.80747, 140.48759, 37.81182], "geometry": {"type": "LineString", "coordinates": [[140.48477, 37.80747], [140.48565, 37.80804], [140.48611, 37.80843], [140.48655, 37.80889], [140.48686, 37.80926], [140.48709, 37.80959], [140.48731, 37.81], [140.48745, 37.81034], [140.48752, 37.81059], [140.48754, 37.81066], [140.48757, 37.81085], [140.48758, 37.81088], [140.48759, 37.81105], [140.48759, 37.81135], [140.4875, 37.81182]]}, "properties": {"id": "GEOM_TOKYO_3165", "route_id": "R_20E64CE3", "route_name": null, "route_color": "#3AA76D", "route_text_color": null, "line_name": "東北線", "operator_id": "jr_east", "representation": "service_path", "min_zoom": 0, "max_zoom": 24, "offset_rank": 0}}, {"type": "Feature", "bbox": [140.45972, 37.75341, 140.4598, 37.75522], "geometry": {"type": "LineString", "coordinates": [[140.45972, 37.75341], [140.4598, 37.75522]]}, "properties": {"id": "GEOM_TOKYO_3166", "route_id": "R_20E64CE3", "route_name": null, "route_color": "#3AA76D", "route_text_color": null, "line_name": "東北線", "operator_id": "jr_east", "representation": "service_path", "min_zoom": 0, "max_zoom": 24, "offset_rank": 0}}, {"type": "Feature", "bbox": [140.44913, 37.68135, 140.45152, 37.68304], "geometry": {"type": "LineString", "coordinates": [[140.44913, 37.68304], [140.44973, 37.68279], [140.44997, 37.68268], [140.45016, 37.68258], [140.45019, 37.68256], [140.45057, 37.68227], [140.45105, 37.68187], [140.45123, 37.6817], [140.45152, 37.68135]]}, "properties": {"id": "GEOM_TOKYO_3167", "route_id": "R_20E64CE3", "route_name": null, "route_color": "#3AA76D", "route_text_color": null, "line_name": "東北線", "operator_id": "jr_east", "representation": "service_path", "min_zoom": 0, "max_zoom": 24, "offset_rank": 0}}, {"type": "Feature", "bbox": [140.45563, 37.72276, 140.45604, 37.72487], "geometry": {"type": "LineString", "coordinates": [[140.45563, 37.72276], [140.45604, 37.72487]]}, "properties": {"id": "GEOM_TOKYO_3168", "route_id": "R_20E64CE3", "route_name": null, "route_color": "#3AA76D", "route_text_color": null, "line_name": "東北線", "operator_id": "jr_east", "representation": "service_path", "min_zoom": 0, "max_zoom": 24, "offset_rank": 0}}, {"type": "Feature", "bbox": [140.44429, 37.68304, 140.44913, 37.68898], "geometry": {"type": "LineString", "coordinates": [[140.4448, 37.68898], [140.44459, 37.68838], [140.44452, 37.6882], [140.4444, 37.68779], [140.44437, 37.68757], [140.44429, 37.68703], [140.44429, 37.68651], [140.44431, 37.68616], [140.44436, 37.68602], [140.44443, 37.68586], [140.44452, 37.68562], [140.44471, 37.68518], [140.44492, 37.68485], [140.44509, 37.68464], [140.44525, 37.68447], [140.44549, 37.68424], [140.44569, 37.68412], [140.4459, 37.684], [140.44641, 37.68374], [140.4467, 37.68362], [140.44678, 37.68358], [140.447, 37.68349], [140.44728, 37.68342], [140.44729, 37.6834], [140.44742, 37.68338], [140.44758, 37.68334], [140.44851, 37.68314], [140.44885, 37.68309], [140.44913, 37.68304]]}, "properties": {"id": "GEOM_TOKYO_3169", "route_id": "R_20E64CE3", "route_name": null, "route_color": "#3AA76D", "route_text_color": null, "line_name": "東北線", "operator_id": "jr_east", "representation": "service_path", "min_zoom": 0, "max_zoom": 24, "offset_rank": 0}}, {"type": "Feature", "bbox": [140.48718, 37.81182, 140.49279, 37.82351], "geometry": {"type": "LineString", "coordinates": [[140.49279, 37.82351], [140.49234, 37.82294], [140.49091, 37.8211], [140.48978, 37.81966], [140.48917, 37.81887], [140.48886, 37.81845], [140.48875, 37.8183], [140.48828, 37.81761], [140.48797, 37.81715], [140.48763, 37.8166], [140.48741, 37.81618], [140.48729, 37.81589], [140.48722, 37.81557], [140.48721, 37.81551], [140.48718, 37.81519], [140.48718, 37.81477], [140.48719, 37.81438], [140.48729, 37.81352], [140.48733, 37.81318], [140.48741, 37.81256], [140.4875, 37.81182]]}, "properties": {"id": "GEOM_TOKYO_3170", "route_id": "R_20E64CE3", "route_name": null, "route_color": "#3AA76D", "route_text_color": null, "line_name": "東北線", "operator_id": "jr_east", "representation": "service_path", "min_zoom": 0, "max_zoom": 24, "offset_rank": 0}}, {"type": "Feature", "bbox": [140.47683, 37.79904, 140.47786, 37.80049], "geometry": {"type": "LineString", "coordinates": [[140.47786, 37.80049], [140.4775, 37.79998], [140.47683, 37.79904]]}, "properties": {"id": "GEOM_TOKYO_3171", "route_id": "R_20E64CE3", "route_name": null, "route_color": "#3AA76D", "route_text_color": null, "line_name": "東北線", "operator_id": "jr_east", "representation": "service_path", "min_zoom": 0, "max_zoom": 24, "offset_rank": 0}}, {"type": "Feature", "bbox": [140.48477, 37.80747, 140.4875, 37.81182], "geometry": {"type": "LineString", "coordinates": [[140.48477, 37.80747], [140.48584, 37.80842], [140.48632, 37.80894], [140.48659, 37.80929], [140.48687, 37.80977], [140.4871, 37.81023], [140.48727, 37.81064], [140.48735, 37.81089], [140.48739, 37.811], [140.48747, 37.81139], [140.48749, 37.8117], [140.4875, 37.81182]]}, "properties": {"id": "GEOM_TOKYO_3172", "route_id": "R_20E64CE3", "route_name": null, "route_color": "#3AA76D", "route_text_color": null, "line_name": "東北線", "operator_id": "jr_east", "representation": "service_path", "min_zoom": 0, "max_zoom": 24, "offset_rank": 0}}, {"type": "Feature", "bbox": [140.45152, 37.68007, 140.45249, 37.68135], "geometry": {"type": "LineString", "coordinates": [[140.45152, 37.68135], [140.45249, 37.68007]]}, "properties": {"id": "GEOM_TOKYO_3173", "route_id": "R_20E64CE3", "route_name": null, "route_color": "#3AA76D", "route_text_color": null, "line_name": "東北線", "operator_id": "jr_east", "representation": "service_path", "min_zoom": 0, "max_zoom": 24, "offset_rank": 0}}, {"type": "Feature", "bbox": [140.53853, 37.87828, 140.5403, 37.87948], "geometry": {"type": "LineString", "coordinates": [[140.53853, 37.87828], [140.5403, 37.87948]]}, "properties": {"id": "GEOM_TOKYO_3174", "route_id": "R_20E64CE3", "route_name": null, "route_color": "#3AA76D", "route_text_color": null, "line_name": "東北線", "operator_id": "jr_east", "representation": "service_path", "min_zoom": 0, "max_zoom": 24, "offset_rank": 0}}, {"type": "Feature", "bbox": [140.44513, 37.68985, 140.46044, 37.71951], "geometry": {"type": "LineString", "coordinates": [[140.44513, 37.68985], [140.44589, 37.69119], [140.44639, 37.69208], [140.44737, 37.69388], [140.44779, 37.69466], [140.44782, 37.6947], [140.44993, 37.69861], [140.44995, 37.69864], [140.45025, 37.69914], [140.45029, 37.6992], [140.45048, 37.69944], [140.45083, 37.69985], [140.4509, 37.6999], [140.45101, 37.69998], [140.45171, 37.70052], [140.45214, 37.70079], [140.45235, 37.7009], [140.45279, 37.70115], [140.45292, 37.70122], [140.45316, 37.70131], [140.45353, 37.70146], [140.45387, 37.70159], [140.45419, 37.70172], [140.45492, 37.70203], [140.45515, 37.7021], [140.45529, 37.70217], [140.45536, 37.70221], [140.4557, 37.7024], [140.45585, 37.70248], [140.45623, 37.70274], [140.45638, 37.70284], [140.45673, 37.70313], [140.45689, 37.70326], [140.45711, 37.70351], [140.45716, 37.70355], [140.4573, 37.70369], [140.45782, 37.7043], [140.4582, 37.70482], [140.45843, 37.70518], [140.45872, 37.7056], [140.45891, 37.7059], [140.45924, 37.70641], [140.4594, 37.70668], [140.45969, 37.70717], [140.45991, 37.70756], [140.45999, 37.70772], [140.46008, 37.70789], [140.46023, 37.70824], [140.46024, 37.70829], [140.46027, 37.70844], [140.46033, 37.70872], [140.46037, 37.70902], [140.46041, 37.70932], [140.46043, 37.70956], [140.46044, 37.70961], [140.46043, 37.70981], [140.46039, 37.71011], [140.46037, 37.71019], [140.46031, 37.71039], [140.46028, 37.71051], [140.46013, 37.71092], [140.46003, 37.71116], [140.45988, 37.71148], [140.45963, 37.71189], [140.45955, 37.71204], [140.4593, 37.71238], [140.45911, 37.7126], [140.45886, 37.71288], [140.45881, 37.71292], [140.45861, 37.71312], [140.45841, 37.71331], [140.45812, 37.71355], [140.45747, 37.71405], [140.45735, 37.71416], [140.45648, 37.71486], [140.4564, 37.71493], [140.45619, 37.71511], [140.45594, 37.71539], [140.45568, 37.71574], [140.45562, 37.71585], [140.45557, 37.71591], [140.45538, 37.71626], [140.4553, 37.71647], [140.45527, 37.71655], [140.45517, 37.71685], [140.45508, 37.71726], [140.45503, 37.71757], [140.45503, 37.71809], [140.45503, 37.71816], [140.45504, 37.71839], [140.45504, 37.71895], [140.45507, 37.71951]]}, "properties": {"id": "GEOM_TOKYO_3175", "route_id": "R_20E64CE3", "route_name": null, "route_color": "#3AA76D", "route_text_color": null, "line_name": "東北線", "operator_id": "jr_east", "representation": "service_path", "min_zoom": 0, "max_zoom": 24, "offset_rank": 0}}, {"type": "Feature", "bbox": [140.49279, 37.82351, 140.49397, 37.82504], "geometry": {"type": "LineString", "coordinates": [[140.49397, 37.82504], [140.49279, 37.82351]]}, "properties": {"id": "GEOM_TOKYO_3176", "route_id": "R_20E64CE3", "route_name": null, "route_color": "#3AA76D", "route_text_color": null, "line_name": "東北線", "operator_id": "jr_east", "representation": "service_path", "min_zoom": 0, "max_zoom": 24, "offset_rank": 0}}, {"type": "Feature", "bbox": [140.5403, 37.87948, 140.58023, 37.90746], "geometry": {"type": "LineString", "coordinates": [[140.5403, 37.87948], [140.54048, 37.8796], [140.54128, 37.88015], [140.54179, 37.8805], [140.54251, 37.881], [140.54337, 37.88157], [140.54393, 37.88201], [140.54448, 37.88249], [140.54484, 37.88285], [140.54508, 37.8831], [140.54528, 37.88336], [140.54547, 37.88362], [140.54574, 37.88402], [140.54595, 37.88436], [140.54633, 37.88509], [140.54645, 37.88531], [140.54695, 37.88629], [140.54711, 37.8866], [140.54735, 37.88706], [140.54756, 37.88747], [140.54769, 37.88772], [140.54795, 37.8881], [140.54816, 37.88838], [140.54844, 37.88866], [140.54879, 37.88893], [140.54926, 37.88926], [140.54974, 37.88955], [140.55016, 37.88978], [140.55057, 37.89], [140.55126, 37.89035], [140.55219, 37.89084], [140.55265, 37.89109], [140.55301, 37.89126], [140.55346, 37.89145], [140.5538, 37.89157], [140.55408, 37.89165], [140.55418, 37.89167], [140.55449, 37.89172], [140.55455, 37.89172], [140.55477, 37.89174], [140.55503, 37.89175], [140.5553, 37.89176], [140.55592, 37.89173], [140.55797, 37.89153], [140.55828, 37.89149], [140.55884, 37.89141], [140.5593, 37.89134], [140.55986, 37.89123], [140.55997, 37.89121], [140.56045, 37.8911], [140.56082, 37.89099], [140.56296, 37.89035], [140.56369, 37.89015], [140.56417, 37.89006], [140.56477, 37.89001], [140.56553, 37.89004], [140.56611, 37.89016], [140.56663, 37.89032], [140.567, 37.89047], [140.56745, 37.89068], [140.56779, 37.89088], [140.56797, 37.89102], [140.56825, 37.89126], [140.56846, 37.89146], [140.56863, 37.89162], [140.56877, 37.89176], [140.56905, 37.89209], [140.56913, 37.8922], [140.56931, 37.89246], [140.56947, 37.89277], [140.56955, 37.89294], [140.56962, 37.89312], [140.56967, 37.89332], [140.56974, 37.89373], [140.56978, 37.89446], [140.56979, 37.89494], [140.56978, 37.8956], [140.56974, 37.89622], [140.56965, 37.8973], [140.56963, 37.89769], [140.56966, 37.89797], [140.56971, 37.89833], [140.56984, 37.89882], [140.56988, 37.89897], [140.56999, 37.89934], [140.5702, 37.9001], [140.57021, 37.90015], [140.57026, 37.90032], [140.57035, 37.90062], [140.57052, 37.90116], [140.57068, 37.90151], [140.57084, 37.90177], [140.57111, 37.90212], [140.57134, 37.90232], [140.5715, 37.90244], [140.57181, 37.90268], [140.57221, 37.90292], [140.5726, 37.90313], [140.57286, 37.90324], [140.57417, 37.90367], [140.5747, 37.90388], [140.57513, 37.90407], [140.5755, 37.90424], [140.57597, 37.90448], [140.57609, 37.90454], [140.5767, 37.90489], [140.57688, 37.90499], [140.5769, 37.905], [140.57753, 37.90536], [140.57805, 37.90569], [140.57871, 37.90616], [140.57918, 37.90657], [140.58023, 37.90746]]}, "properties": {"id": "GEOM_TOKYO_3177", "route_id": "R_20E64CE3", "route_name": null, "route_color": "#3AA76D", "route_text_color": null, "line_name": "東北線", "operator_id": "jr_east", "representation": "service_path", "min_zoom": 0, "max_zoom": 24, "offset_rank": 0}}, {"type": "Feature", "bbox": [140.45507, 37.71951, 140.45563, 37.72276], "geometry": {"type": "LineString", "coordinates": [[140.45563, 37.72276], [140.4555, 37.72204], [140.45541, 37.72163], [140.4554, 37.72158], [140.45534, 37.72125], [140.45524, 37.72071], [140.45521, 37.72053], [140.45521, 37.72046], [140.45514, 37.71999], [140.45507, 37.71951]]}, "properties": {"id": "GEOM_TOKYO_3178", "route_id": "R_20E64CE3", "route_name": null, "route_color": "#3AA76D", "route_text_color": null, "line_name": "東北線", "operator_id": "jr_east", "representation": "service_path", "min_zoom": 0, "max_zoom": 24, "offset_rank": 0}}, {"type": "Feature", "bbox": [140.4448, 37.68898, 140.44513, 37.68985], "geometry": {"type": "LineString", "coordinates": [[140.4448, 37.68898], [140.44491, 37.68926], [140.44503, 37.68966], [140.44513, 37.68985]]}, "properties": {"id": "GEOM_TOKYO_3179", "route_id": "R_20E64CE3", "route_name": null, "route_color": "#3AA76D", "route_text_color": null, "line_name": "東北線", "operator_id": "jr_east", "representation": "service_path", "min_zoom": 0, "max_zoom": 24, "offset_rank": 0}}, {"type": "Feature", "bbox": [140.49397, 37.82504, 140.51674, 37.85441], "geometry": {"type": "LineString", "coordinates": [[140.49397, 37.82504], [140.49424, 37.82539], [140.49463, 37.8259], [140.49566, 37.82723], [140.49662, 37.82847], [140.49929, 37.83191], [140.49945, 37.83213], [140.50187, 37.83528], [140.50203, 37.83547], [140.50275, 37.83634], [140.50312, 37.83681], [140.50321, 37.83692], [140.50354, 37.83736], [140.50411, 37.83811], [140.50496, 37.83922], [140.5052, 37.83953], [140.50541, 37.8398], [140.50599, 37.84055], [140.50642, 37.8411], [140.50787, 37.84298], [140.50917, 37.84463], [140.5093, 37.84479], [140.5105, 37.84635], [140.51073, 37.84666], [140.511, 37.847], [140.51166, 37.84786], [140.51247, 37.8489], [140.51263, 37.84911], [140.51478, 37.85191], [140.51493, 37.85209], [140.51536, 37.85265], [140.51609, 37.85357], [140.51674, 37.85441]]}, "properties": {"id": "GEOM_TOKYO_3180", "route_id": "R_20E64CE3", "route_name": null, "route_color": "#3AA76D", "route_text_color": null, "line_name": "東北線", "operator_id": "jr_east", "representation": "service_path", "min_zoom": 0, "max_zoom": 24, "offset_rank": 0}}, {"type": "Feature", "bbox": [140.51674, 37.85441, 140.51789, 37.85593], "geometry": {"type": "LineString", "coordinates": [[140.51674, 37.85441], [140.51789, 37.85593]]}, "properties": {"id": "GEOM_TOKYO_3181", "route_id": "R_20E64CE3", "route_name": null, "route_color": "#3AA76D", "route_text_color": null, "line_name": "東北線", "operator_id": "jr_east", "representation": "service_path", "min_zoom": 0, "max_zoom": 24, "offset_rank": 0}}, {"type": "Feature", "bbox": [140.44513, 37.68985, 140.45507, 37.71951], "geometry": {"type": "LineString", "coordinates": [[140.44513, 37.68985], [140.4454, 37.69053], [140.44541, 37.69057], [140.44559, 37.69096], [140.44582, 37.69143], [140.44601, 37.69179], [140.44626, 37.6923], [140.44716, 37.69409], [140.44887, 37.69751], [140.44888, 37.69752], [140.44923, 37.69823], [140.44931, 37.69841], [140.44957, 37.69892], [140.4496, 37.69897], [140.44979, 37.69928], [140.44993, 37.69948], [140.45019, 37.69975], [140.45055, 37.70009], [140.45074, 37.70026], [140.45109, 37.70057], [140.45124, 37.70071], [140.45138, 37.70085], [140.45142, 37.70089], [140.45161, 37.70112], [140.45201, 37.70171], [140.45215, 37.70198], [140.45226, 37.70217], [140.45252, 37.70273], [140.45284, 37.70368], [140.45296, 37.70413], [140.45312, 37.70468], [140.45317, 37.70496], [140.4532, 37.70504], [140.45324, 37.70555], [140.45324, 37.70611], [140.45322, 37.70657], [140.45312, 37.70711], [140.45286, 37.70826], [140.45283, 37.70838], [140.45277, 37.70863], [140.4526, 37.70938], [140.45255, 37.70967], [140.45231, 37.7108], [140.45228, 37.71095], [140.45227, 37.71096], [140.45225, 37.71109], [140.4522, 37.71149], [140.45216, 37.71209], [140.45217, 37.71257], [140.45222, 37.71302], [140.45231, 37.71351], [140.45241, 37.71384], [140.45254, 37.7142], [140.45271, 37.71461], [140.45273, 37.71463], [140.45273, 37.71467], [140.45278, 37.71474], [140.45285, 37.7149], [140.45331, 37.71585], [140.45339, 37.71604], [140.45341, 37.71605], [140.45361, 37.71648], [140.45399, 37.71722], [140.45495, 37.71913], [140.45507, 37.71951]]}, "properties": {"id": "GEOM_TOKYO_3182", "route_id": "R_20E64CE3", "route_name": null, "route_color": "#3AA76D", "route_text_color": null, "line_name": "東北線", "operator_id": "jr_east", "representation": "service_path", "min_zoom": 0, "max_zoom": 24, "offset_rank": 0}}, {"type": "Feature", "bbox": [140.4598, 37.75341, 140.46006, 37.75522], "geometry": {"type": "LineString", "coordinates": [[140.46006, 37.75341], [140.4598, 37.75522]]}, "properties": {"id": "GEOM_TOKYO_3183", "route_id": "R_20E64CE3", "route_name": null, "route_color": "#3AA76D", "route_text_color": null, "line_name": "東北線", "operator_id": "jr_east", "representation": "service_path", "min_zoom": 0, "max_zoom": 24, "offset_rank": 0}}, {"type": "Feature", "bbox": [140.39003, 37.40251, 140.39009, 37.40279], "geometry": {"type": "LineString", "coordinates": [[140.39003, 37.40251], [140.39009, 37.40279]]}, "properties": {"id": "GEOM_TOKYO_3184", "route_id": "R_20E64CE3", "route_name": null, "route_color": "#3AA76D", "route_text_color": null, "line_name": "東北線", "operator_id": "jr_east", "representation": "service_path", "min_zoom": 0, "max_zoom": 24, "offset_rank": 0}}, {"type": "Feature", "bbox": [140.39009, 37.40279, 140.39064, 37.40473], "geometry": {"type": "LineString", "coordinates": [[140.39009, 37.40279], [140.39064, 37.40473]]}, "properties": {"id": "GEOM_TOKYO_3185", "route_id": "R_20E64CE3", "route_name": null, "route_color": "#3AA76D", "route_text_color": null, "line_name": "東北線", "operator_id": "jr_east", "representation": "service_path", "min_zoom": 0, "max_zoom": 24, "offset_rank": 0}}, {"type": "Feature", "bbox": [140.48364, 37.65404, 140.4841, 37.65592], "geometry": {"type": "LineString", "coordinates": [[140.48364, 37.65592], [140.48388, 37.65517], [140.48401, 37.65461], [140.4841, 37.65404]]}, "properties": {"id": "GEOM_TOKYO_3186", "route_id": "R_20E64CE3", "route_name": null, "route_color": "#3AA76D", "route_text_color": null, "line_name": "東北線", "operator_id": "jr_east", "representation": "service_path", "min_zoom": 0, "max_zoom": 24, "offset_rank": 0}}, {"type": "Feature", "bbox": [140.37788, 37.46352, 140.37895, 37.46935], "geometry": {"type": "LineString", "coordinates": [[140.3787, 37.46352], [140.37832, 37.46433], [140.37815, 37.46483], [140.37804, 37.46528], [140.37793, 37.46588], [140.3779, 37.46617], [140.37788, 37.46655], [140.37791, 37.46691], [140.37798, 37.46731], [140.37816, 37.46787], [140.37837, 37.46834], [140.37877, 37.46906], [140.37895, 37.46935]]}, "properties": {"id": "GEOM_TOKYO_3188", "route_id": "R_20E64CE3", "route_name": null, "route_color": "#3AA76D", "route_text_color": null, "line_name": "東北線", "operator_id": "jr_east", "representation": "service_path", "min_zoom": 0, "max_zoom": 24, "offset_rank": 0}}, {"type": "Feature", "bbox": [140.38316, 37.38764, 140.3886, 37.39693], "geometry": {"type": "LineString", "coordinates": [[140.3886, 37.39693], [140.38834, 37.39595], [140.38803, 37.39482], [140.38771, 37.39362], [140.38743, 37.39302], [140.38705, 37.39204], [140.38674, 37.39162], [140.3863, 37.39111], [140.38511, 37.38979], [140.38491, 37.38957], [140.38479, 37.38944], [140.38316, 37.38764]]}, "properties": {"id": "GEOM_TOKYO_3189", "route_id": "R_20E64CE3", "route_name": null, "route_color": "#3AA76D", "route_text_color": null, "line_name": "東北線", "operator_id": "jr_east", "representation": "service_path", "min_zoom": 0, "max_zoom": 24, "offset_rank": 0}}, {"type": "Feature", "bbox": [140.46035, 37.65592, 140.48364, 37.67737], "geometry": {"type": "LineString", "coordinates": [[140.46035, 37.67737], [140.46142, 37.67715], [140.46181, 37.67703], [140.46201, 37.67698], [140.46208, 37.67696], [140.46235, 37.67687], [140.46288, 37.67666], [140.46327, 37.67646], [140.46356, 37.6763], [140.46382, 37.67613], [140.46405, 37.67594], [140.46409, 37.6759], [140.46417, 37.67583], [140.46442, 37.67557], [140.46465, 37.67529], [140.46492, 37.67492], [140.46516, 37.67448], [140.46526, 37.67428], [140.46541, 37.67385], [140.46542, 37.67382], [140.46566, 37.67292], [140.46576, 37.67246], [140.46581, 37.67223], [140.46614, 37.67079], [140.4662, 37.67064], [140.46632, 37.67039], [140.46642, 37.67025], [140.46674, 37.66969], [140.467, 37.66938], [140.46737, 37.66906], [140.46789, 37.66868], [140.46827, 37.66845], [140.46879, 37.6682], [140.46884, 37.66818], [140.46929, 37.66802], [140.47102, 37.66757], [140.47413, 37.66678], [140.47462, 37.66659], [140.47494, 37.66643], [140.47531, 37.66616], [140.47564, 37.66587], [140.4767, 37.66477], [140.47785, 37.66354], [140.47858, 37.66276], [140.4803, 37.66094], [140.48149, 37.65959], [140.48199, 37.65894], [140.48263, 37.65799], [140.48309, 37.6572], [140.48364, 37.65592]]}, "properties": {"id": "GEOM_TOKYO_3191", "route_id": "R_20E64CE3", "route_name": null, "route_color": "#3AA76D", "route_text_color": null, "line_name": "東北線", "operator_id": "jr_east", "representation": "service_path", "min_zoom": 0, "max_zoom": 24, "offset_rank": 0}}, {"type": "Feature", "bbox": [140.36986, 37.3011, 140.37874, 37.34371], "geometry": {"type": "LineString", "coordinates": [[140.36986, 37.34371], [140.37042, 37.34242], [140.37081, 37.34149], [140.37165, 37.33953], [140.37227, 37.33827], [140.37265, 37.33742], [140.37312, 37.33639], [140.37321, 37.33623], [140.37343, 37.3358], [140.37362, 37.33541], [140.37377, 37.3351], [140.37399, 37.33457], [140.37413, 37.33417], [140.37418, 37.33387], [140.3742, 37.33366], [140.3742, 37.33327], [140.37414, 37.33274], [140.3741, 37.33243], [140.37404, 37.33217], [140.37386, 37.33138], [140.37362, 37.3305], [140.37356, 37.33023], [140.37348, 37.32992], [140.37345, 37.32964], [140.37344, 37.3293], [140.37346, 37.3289], [140.37354, 37.32834], [140.37362, 37.32801], [140.37369, 37.32772], [140.37371, 37.32765], [140.37385, 37.32727], [140.37391, 37.32715], [140.37401, 37.32696], [140.37404, 37.3269], [140.37425, 37.32655], [140.37436, 37.32639], [140.37453, 37.32618], [140.37499, 37.32559], [140.37573, 37.32467], [140.3766, 37.32361], [140.37704, 37.32306], [140.37761, 37.32237], [140.37782, 37.32212], [140.37803, 37.32184], [140.3782, 37.32156], [140.3784, 37.32116], [140.37851, 37.32089], [140.37864, 37.32056], [140.37869, 37.32032], [140.37874, 37.31997], [140.37874, 37.31942], [140.37874, 37.31915], [140.37873, 37.31904], [140.37872, 37.31901], [140.37867, 37.31878], [140.37857, 37.31831], [140.37839, 37.31752], [140.37828, 37.31706], [140.37818, 37.31667], [140.37808, 37.31614], [140.37801, 37.31547], [140.37798, 37.31497], [140.37794, 37.31452], [140.37788, 37.31379], [140.37785, 37.31349], [140.37781, 37.31316], [140.37778, 37.31294], [140.3777, 37.31253], [140.37765, 37.31231], [140.37737, 37.31132], [140.37702, 37.31014], [140.37701, 37.31012], [140.37665, 37.30888], [140.37633, 37.30773], [140.376, 37.3067], [140.37584, 37.30616], [140.37563, 37.30545], [140.37545, 37.30488], [140.37523, 37.30418], [140.37508, 37.3037], [140.37499, 37.30347], [140.37487, 37.30326], [140.37464, 37.30291], [140.3743, 37.30249], [140.37408, 37.30224], [140.37375, 37.30193], [140.3735, 37.30169], [140.37336, 37.30156], [140.37316, 37.3014], [140.3727, 37.3011]]}, "properties": {"id": "GEOM_TOKYO_3193", "route_id": "R_20E64CE3", "route_name": null, "route_color": "#3AA76D", "route_text_color": null, "line_name": "東北線", "operator_id": "jr_east", "representation": "service_path", "min_zoom": 0, "max_zoom": 24, "offset_rank": 0}}, {"type": "Feature", "bbox": [140.36698, 37.34371, 140.36986, 37.35561], "geometry": {"type": "LineString", "coordinates": [[140.36846, 37.35561], [140.36761, 37.3533], [140.36718, 37.35213], [140.36704, 37.35158], [140.36698, 37.35094], [140.367, 37.35046], [140.36715, 37.34976], [140.36748, 37.34906], [140.36841, 37.34696], [140.3686, 37.34652], [140.36974, 37.34401], [140.36986, 37.34371]]}, "properties": {"id": "GEOM_TOKYO_3194", "route_id": "R_20E64CE3", "route_name": null, "route_color": "#3AA76D", "route_text_color": null, "line_name": "東北線", "operator_id": "jr_east", "representation": "service_path", "min_zoom": 0, "max_zoom": 24, "offset_rank": 0}}, {"type": "Feature", "bbox": [140.37895, 37.46935, 140.3872, 37.48164], "geometry": {"type": "LineString", "coordinates": [[140.3872, 37.48164], [140.38561, 37.47929], [140.38541, 37.479], [140.38538, 37.47896], [140.38519, 37.47867], [140.38424, 37.47727], [140.38343, 37.47607], [140.38147, 37.47316], [140.38072, 37.47204], [140.37957, 37.4703], [140.37895, 37.46935]]}, "properties": {"id": "GEOM_TOKYO_3195", "route_id": "R_20E64CE3", "route_name": null, "route_color": "#3AA76D", "route_text_color": null, "line_name": "東北線", "operator_id": "jr_east", "representation": "service_path", "min_zoom": 0, "max_zoom": 24, "offset_rank": 0}}, {"type": "Feature", "bbox": [140.38828, 37.48325, 140.39972, 37.5127], "geometry": {"type": "LineString", "coordinates": [[140.38828, 37.48325], [140.38911, 37.48453], [140.39051, 37.48664], [140.39104, 37.48742], [140.39279, 37.49004], [140.39356, 37.49117], [140.39476, 37.49292], [140.39588, 37.49455], [140.39674, 37.49581], [140.39703, 37.49624], [140.39753, 37.49712], [140.39782, 37.4977], [140.39819, 37.49844], [140.39832, 37.4987], [140.39878, 37.49969], [140.39897, 37.50019], [140.39914, 37.50081], [140.39934, 37.50159], [140.39965, 37.50304], [140.39969, 37.50339], [140.39971, 37.50367], [140.39971, 37.50369], [140.39972, 37.50454], [140.39967, 37.50544], [140.39953, 37.50842], [140.39942, 37.51112], [140.39935, 37.5127]]}, "properties": {"id": "GEOM_TOKYO_3197", "route_id": "R_20E64CE3", "route_name": null, "route_color": "#3AA76D", "route_text_color": null, "line_name": "東北線", "operator_id": "jr_east", "representation": "service_path", "min_zoom": 0, "max_zoom": 24, "offset_rank": 0}}, {"type": "Feature", "bbox": [140.34625, 37.24973, 140.34743, 37.2514], "geometry": {"type": "LineString", "coordinates": [[140.34625, 37.24973], [140.34683, 37.25052], [140.34743, 37.2514]]}, "properties": {"id": "GEOM_TOKYO_3198", "route_id": "R_20E64CE3", "route_name": null, "route_color": "#3AA76D", "route_text_color": null, "line_name": "東北線", "operator_id": "jr_east", "representation": "service_path", "min_zoom": 0, "max_zoom": 24, "offset_rank": 0}}, {"type": "Feature", "bbox": [140.3872, 37.48164, 140.38828, 37.48325], "geometry": {"type": "LineString", "coordinates": [[140.38828, 37.48325], [140.3872, 37.48164]]}, "properties": {"id": "GEOM_TOKYO_3199", "route_id": "R_20E64CE3", "route_name": null, "route_color": "#3AA76D", "route_text_color": null, "line_name": "東北線", "operator_id": "jr_east", "representation": "service_path", "min_zoom": 0, "max_zoom": 24, "offset_rank": 0}}, {"type": "Feature", "bbox": [140.37753, 37.46352, 140.37895, 37.46935], "geometry": {"type": "LineString", "coordinates": [[140.3787, 37.46352], [140.37832, 37.46389], [140.37805, 37.46427], [140.37791, 37.46451], [140.37765, 37.46523], [140.37756, 37.46571], [140.37753, 37.46606], [140.37753, 37.46656], [140.37758, 37.46697], [140.37769, 37.46741], [140.37791, 37.46789], [140.37815, 37.46831], [140.37845, 37.46876], [140.37895, 37.46935]]}, "properties": {"id": "GEOM_TOKYO_3200", "route_id": "R_20E64CE3", "route_name": null, "route_color": "#3AA76D", "route_text_color": null, "line_name": "東北線", "operator_id": "jr_east", "representation": "service_path", "min_zoom": 0, "max_zoom": 24, "offset_rank": 0}}, {"type": "Feature", "bbox": [140.46689, 37.61312, 140.46837, 37.61659], "geometry": {"type": "LineString", "coordinates": [[140.46689, 37.61312], [140.46837, 37.61659]]}, "properties": {"id": "GEOM_TOKYO_3204", "route_id": "R_20E64CE3", "route_name": null, "route_color": "#3AA76D", "route_text_color": null, "line_name": "東北線", "operator_id": "jr_east", "representation": "service_path", "min_zoom": 0, "max_zoom": 24, "offset_rank": 0}}, {"type": "Feature", "bbox": [140.38802, 37.44522, 140.38871, 37.4467], "geometry": {"type": "LineString", "coordinates": [[140.38802, 37.4467], [140.38871, 37.44522]]}, "properties": {"id": "GEOM_TOKYO_3205", "route_id": "R_20E64CE3", "route_name": null, "route_color": "#3AA76D", "route_text_color": null, "line_name": "東北線", "operator_id": "jr_east", "representation": "service_path", "min_zoom": 0, "max_zoom": 24, "offset_rank": 0}}, {"type": "Feature", "bbox": [140.4841, 37.65297, 140.48423, 37.65404], "geometry": {"type": "LineString", "coordinates": [[140.4841, 37.65404], [140.48423, 37.65297]]}, "properties": {"id": "GEOM_TOKYO_3206", "route_id": "R_20E64CE3", "route_name": null, "route_color": "#3AA76D", "route_text_color": null, "line_name": "東北線", "operator_id": "jr_east", "representation": "service_path", "min_zoom": 0, "max_zoom": 24, "offset_rank": 0}}, {"type": "Feature", "bbox": [140.46837, 37.61659, 140.47627, 37.63294], "geometry": {"type": "LineString", "coordinates": [[140.46837, 37.61659], [140.46865, 37.61712], [140.46901, 37.61762], [140.46928, 37.61811], [140.47076, 37.62115], [140.47172, 37.62315], [140.47257, 37.62492], [140.47364, 37.62715], [140.47548, 37.63106], [140.4755, 37.63112], [140.4756, 37.63134], [140.47561, 37.63137], [140.47627, 37.63294]]}, "properties": {"id": "GEOM_TOKYO_3209", "route_id": "R_20E64CE3", "route_name": null, "route_color": "#3AA76D", "route_text_color": null, "line_name": "東北線", "operator_id": "jr_east", "representation": "service_path", "min_zoom": 0, "max_zoom": 24, "offset_rank": 0}}, {"type": "Feature", "bbox": [140.43627, 37.58963, 140.46647, 37.61216], "geometry": {"type": "LineString", "coordinates": [[140.46647, 37.61216], [140.46623, 37.61157], [140.46612, 37.61121], [140.46568, 37.60957], [140.46505, 37.60703], [140.465, 37.60681], [140.46441, 37.60431], [140.46399, 37.60284], [140.4636, 37.60177], [140.46353, 37.60157], [140.46325, 37.60088], [140.46282, 37.60002], [140.4627, 37.5998], [140.46196, 37.59853], [140.46137, 37.59771], [140.46058, 37.59678], [140.4595, 37.59568], [140.45837, 37.59465], [140.457, 37.5934], [140.45647, 37.59298], [140.45604, 37.59266], [140.45525, 37.59223], [140.4548, 37.59201], [140.45403, 37.59173], [140.45336, 37.59154], [140.45225, 37.59132], [140.45134, 37.59121], [140.45068, 37.59116], [140.45042, 37.59115], [140.44957, 37.59116], [140.44516, 37.59127], [140.44448, 37.59125], [140.44385, 37.5912], [140.44315, 37.59111], [140.44281, 37.59105], [140.44193, 37.59089], [140.44064, 37.59062], [140.43781, 37.58998], [140.43627, 37.58963]]}, "properties": {"id": "GEOM_TOKYO_3210", "route_id": "R_20E64CE3", "route_name": null, "route_color": "#3AA76D", "route_text_color": null, "line_name": "東北線", "operator_id": "jr_east", "representation": "service_path", "min_zoom": 0, "max_zoom": 24, "offset_rank": 0}}, {"type": "Feature", "bbox": [140.3886, 37.39693, 140.38913, 37.39936], "geometry": {"type": "LineString", "coordinates": [[140.38913, 37.39936], [140.3886, 37.39693]]}, "properties": {"id": "GEOM_TOKYO_3211", "route_id": "R_20E64CE3", "route_name": null, "route_color": "#3AA76D", "route_text_color": null, "line_name": "東北線", "operator_id": "jr_east", "representation": "service_path", "min_zoom": 0, "max_zoom": 24, "offset_rank": 0}}, {"type": "Feature", "bbox": [140.3787, 37.4467, 140.38802, 37.46352], "geometry": {"type": "LineString", "coordinates": [[140.3787, 37.46352], [140.37918, 37.46295], [140.37994, 37.46199], [140.38054, 37.46114], [140.38078, 37.46069], [140.38089, 37.4604], [140.381, 37.46003], [140.38105, 37.45974], [140.3811, 37.45906], [140.38113, 37.45754], [140.3811, 37.45668], [140.38109, 37.4564], [140.38108, 37.45609], [140.38109, 37.45565], [140.38118, 37.45466], [140.38127, 37.45414], [140.38136, 37.45372], [140.38138, 37.45366], [140.38147, 37.45342], [140.3816, 37.45314], [140.38177, 37.4529], [140.38207, 37.45248], [140.38234, 37.45219], [140.3828, 37.45178], [140.38317, 37.45149], [140.38365, 37.45121], [140.38423, 37.4509], [140.3848, 37.45058], [140.3855, 37.45008], [140.38624, 37.44945], [140.38651, 37.44917], [140.38685, 37.44876], [140.38738, 37.44797], [140.38762, 37.44753], [140.38779, 37.44718], [140.38802, 37.4467]]}, "properties": {"id": "GEOM_TOKYO_3212", "route_id": "R_20E64CE3", "route_name": null, "route_color": "#3AA76D", "route_text_color": null, "line_name": "東北線", "operator_id": "jr_east", "representation": "service_path", "min_zoom": 0, "max_zoom": 24, "offset_rank": 0}}, {"type": "Feature", "bbox": [140.38913, 37.39936, 140.39003, 37.40251], "geometry": {"type": "LineString", "coordinates": [[140.39003, 37.40251], [140.38913, 37.39936]]}, "properties": {"id": "GEOM_TOKYO_3213", "route_id": "R_20E64CE3", "route_name": null, "route_color": "#3AA76D", "route_text_color": null, "line_name": "東北線", "operator_id": "jr_east", "representation": "service_path", "min_zoom": 0, "max_zoom": 24, "offset_rank": 0}}, {"type": "Feature", "bbox": [140.46647, 37.61216, 140.46689, 37.61312], "geometry": {"type": "LineString", "coordinates": [[140.46689, 37.61312], [140.46647, 37.61216]]}, "properties": {"id": "GEOM_TOKYO_3214", "route_id": "R_20E64CE3", "route_name": null, "route_color": "#3AA76D", "route_text_color": null, "line_name": "東北線", "operator_id": "jr_east", "representation": "service_path", "min_zoom": 0, "max_zoom": 24, "offset_rank": 0}}, {"type": "Feature", "bbox": [140.36846, 37.35561, 140.36918, 37.35757], "geometry": {"type": "LineString", "coordinates": [[140.36846, 37.35561], [140.36918, 37.35757]]}, "properties": {"id": "GEOM_TOKYO_3216", "route_id": "R_20E64CE3", "route_name": null, "route_color": "#3AA76D", "route_text_color": null, "line_name": "東北線", "operator_id": "jr_east", "representation": "service_path", "min_zoom": 0, "max_zoom": 24, "offset_rank": 0}}, {"type": "Feature", "bbox": [140.37044, 37.29977, 140.3727, 37.3011], "geometry": {"type": "LineString", "coordinates": [[140.3727, 37.3011], [140.37165, 37.30053], [140.3709, 37.30006], [140.37044, 37.29977]]}, "properties": {"id": "GEOM_TOKYO_3217", "route_id": "R_20E64CE3", "route_name": null, "route_color": "#3AA76D", "route_text_color": null, "line_name": "東北線", "operator_id": "jr_east", "representation": "service_path", "min_zoom": 0, "max_zoom": 24, "offset_rank": 0}}, {"type": "Feature", "bbox": [140.41322, 37.56265, 140.4146, 37.56424], "geometry": {"type": "LineString", "coordinates": [[140.41322, 37.56265], [140.41361, 37.56306], [140.41416, 37.56365], [140.4143, 37.56382], [140.4146, 37.56424]]}, "properties": {"id": "GEOM_TOKYO_3218", "route_id": "R_20E64CE3", "route_name": null, "route_color": "#3AA76D", "route_text_color": null, "line_name": "東北線", "operator_id": "jr_east", "representation": "service_path", "min_zoom": 0, "max_zoom": 24, "offset_rank": 0}}, {"type": "Feature", "bbox": [140.46035, 37.65592, 140.48364, 37.67737], "geometry": {"type": "LineString", "coordinates": [[140.46035, 37.67737], [140.46145, 37.67727], [140.4617, 37.67725], [140.46198, 37.67723], [140.46203, 37.67723], [140.46269, 37.67715], [140.46333, 37.67709], [140.46354, 37.67706], [140.46386, 37.67702], [140.46426, 37.67696], [140.46459, 37.67691], [140.46513, 37.67685], [140.4652, 37.67683], [140.46576, 37.67675], [140.46617, 37.67669], [140.46703, 37.67657], [140.46724, 37.67654], [140.46758, 37.67649], [140.4677, 37.67647], [140.46776, 37.67646], [140.4678, 37.67645], [140.46801, 37.67641], [140.46823, 37.67637], [140.46826, 37.67636], [140.46849, 37.67632], [140.46909, 37.67615], [140.4693, 37.67607], [140.46941, 37.67604], [140.46978, 37.67588], [140.47031, 37.67565], [140.47072, 37.67543], [140.47099, 37.67526], [140.47131, 37.67504], [140.47139, 37.67497], [140.47162, 37.67477], [140.47176, 37.67465], [140.47198, 37.67444], [140.47212, 37.67427], [140.47239, 37.67393], [140.47253, 37.67374], [140.47268, 37.67351], [140.47322, 37.67244], [140.47366, 37.67158], [140.47388, 37.67116], [140.47439, 37.67019], [140.47464, 37.66969], [140.47493, 37.66905], [140.475, 37.66888], [140.47562, 37.66751], [140.47603, 37.66675], [140.47627, 37.66639], [140.47655, 37.66602], [140.47721, 37.66525], [140.47741, 37.66502], [140.47863, 37.66362], [140.48081, 37.66111], [140.48096, 37.66092], [140.4819, 37.65985], [140.48234, 37.65928], [140.48253, 37.65897], [140.48266, 37.6587], [140.4829, 37.65809], [140.48338, 37.65682], [140.48364, 37.65592]]}, "properties": {"id": "GEOM_TOKYO_3222", "route_id": "R_20E64CE3", "route_name": null, "route_color": "#3AA76D", "route_text_color": null, "line_name": "東北線", "operator_id": "jr_east", "representation": "service_path", "min_zoom": 0, "max_zoom": 24, "offset_rank": 0}}, {"type": "Feature", "bbox": [140.32845, 37.20673, 140.34625, 37.24973], "geometry": {"type": "LineString", "coordinates": [[140.32845, 37.20673], [140.32858, 37.20751], [140.32886, 37.20922], [140.32889, 37.20936], [140.32918, 37.21113], [140.32952, 37.21317], [140.32999, 37.21608], [140.33029, 37.21785], [140.33033, 37.21815], [140.33052, 37.21932], [140.33075, 37.22072], [140.33076, 37.22077], [140.33093, 37.22193], [140.33124, 37.22372], [140.33143, 37.2249], [140.33168, 37.22661], [140.3318, 37.22733], [140.33199, 37.22838], [140.33214, 37.22895], [140.33229, 37.22955], [140.33233, 37.22969], [140.33237, 37.22981], [140.33255, 37.23031], [140.33269, 37.23069], [140.33281, 37.23094], [140.33296, 37.23121], [140.33365, 37.23223], [140.33479, 37.23379], [140.33589, 37.23531], [140.33703, 37.23687], [140.33755, 37.2376], [140.33775, 37.23788], [140.33849, 37.23889], [140.33959, 37.2404], [140.34033, 37.24143], [140.34179, 37.24349], [140.3429, 37.24506], [140.34314, 37.24539], [140.34325, 37.24554], [140.34434, 37.24712], [140.34543, 37.24862], [140.34606, 37.24948], [140.34625, 37.24973]]}, "properties": {"id": "GEOM_TOKYO_3224", "route_id": "R_20E64CE3", "route_name": null, "route_color": "#3AA76D", "route_text_color": null, "line_name": "東北線", "operator_id": "jr_east", "representation": "service_path", "min_zoom": 0, "max_zoom": 24, "offset_rank": 0}}, {"type": "Feature", "bbox": [140.38871, 37.40473, 140.39727, 37.44522], "geometry": {"type": "LineString", "coordinates": [[140.39064, 37.40473], [140.39074, 37.40503], [140.39084, 37.40552], [140.39099, 37.40606], [140.39124, 37.40684], [140.39169, 37.40817], [140.39257, 37.41074], [140.39266, 37.41101], [140.39314, 37.41246], [140.39452, 37.41675], [140.39513, 37.41854], [140.39522, 37.41882], [140.39553, 37.41971], [140.39658, 37.42297], [140.39698, 37.42437], [140.39706, 37.42477], [140.39726, 37.42602], [140.39727, 37.42624], [140.39726, 37.42628], [140.39718, 37.42666], [140.39711, 37.427], [140.39693, 37.4277], [140.3968, 37.428], [140.39646, 37.42855], [140.3961, 37.42901], [140.39561, 37.42951], [140.3951, 37.42991], [140.39478, 37.43013], [140.39392, 37.43062], [140.39298, 37.43125], [140.39268, 37.43146], [140.39234, 37.43176], [140.39203, 37.43214], [140.39178, 37.43256], [140.39155, 37.43306], [140.39145, 37.43341], [140.39138, 37.43377], [140.39136, 37.43394], [140.39131, 37.43442], [140.39128, 37.43556], [140.39128, 37.43611], [140.39113, 37.43894], [140.39111, 37.4392], [140.39102, 37.43969], [140.39088, 37.44035], [140.39071, 37.44088], [140.39046, 37.44145], [140.3903, 37.4418], [140.39027, 37.44187], [140.38927, 37.44404], [140.38898, 37.44465], [140.38871, 37.44522]]}, "properties": {"id": "GEOM_TOKYO_3226", "route_id": "R_20E64CE3", "route_name": null, "route_color": "#3AA76D", "route_text_color": null, "line_name": "東北線", "operator_id": "jr_east", "representation": "service_path", "min_zoom": 0, "max_zoom": 24, "offset_rank": 0}}, {"type": "Feature", "bbox": [140.36918, 37.35757, 140.38316, 37.38764], "geometry": {"type": "LineString", "coordinates": [[140.36918, 37.35757], [140.37165, 37.36332], [140.37176, 37.36362], [140.37228, 37.36474], [140.37266, 37.36542], [140.37294, 37.36584], [140.37331, 37.36633], [140.37357, 37.36664], [140.37405, 37.36725], [140.37422, 37.36747], [140.3746, 37.36794], [140.37493, 37.36838], [140.37515, 37.36877], [140.37534, 37.36931], [140.37572, 37.3703], [140.37626, 37.37178], [140.37634, 37.372], [140.37645, 37.37233], [140.3765, 37.37259], [140.37664, 37.37428], [140.37666, 37.37448], [140.37675, 37.37521], [140.37692, 37.37583], [140.37727, 37.37688], [140.37767, 37.37804], [140.37878, 37.38127], [140.37968, 37.38342], [140.3799, 37.3839], [140.38012, 37.38432], [140.38021, 37.38445], [140.38024, 37.38449], [140.38052, 37.38486], [140.38066, 37.38502], [140.38095, 37.38537], [140.38171, 37.38618], [140.3823, 37.38677], [140.38262, 37.3871], [140.38288, 37.38736], [140.38314, 37.38761], [140.38316, 37.38764]]}, "properties": {"id": "GEOM_TOKYO_3227", "route_id": "R_20E64CE3", "route_name": null, "route_color": "#3AA76D", "route_text_color": null, "line_name": "東北線", "operator_id": "jr_east", "representation": "service_path", "min_zoom": 0, "max_zoom": 24, "offset_rank": 0}}, {"type": "Feature", "bbox": [140.47627, 37.63294, 140.48424, 37.65297], "geometry": {"type": "LineString", "coordinates": [[140.48423, 37.65297], [140.48424, 37.65229], [140.48422, 37.65169], [140.48417, 37.65091], [140.48415, 37.65073], [140.48413, 37.65049], [140.48406, 37.64983], [140.48403, 37.64957], [140.4838, 37.64797], [140.48375, 37.64755], [140.48371, 37.64731], [140.48369, 37.64717], [140.48356, 37.64636], [140.48344, 37.64582], [140.48333, 37.64533], [140.48329, 37.64516], [140.48307, 37.64442], [140.48283, 37.64359], [140.48259, 37.64294], [140.48209, 37.64183], [140.48208, 37.6418], [140.48181, 37.64123], [140.48152, 37.6407], [140.4809, 37.6397], [140.4807, 37.6394], [140.47845, 37.63616], [140.47827, 37.63589], [140.4776, 37.63491], [140.47696, 37.63396], [140.4768, 37.63374], [140.47665, 37.63352], [140.47627, 37.63294]]}, "properties": {"id": "GEOM_TOKYO_3228", "route_id": "R_20E64CE3", "route_name": null, "route_color": "#3AA76D", "route_text_color": null, "line_name": "東北線", "operator_id": "jr_east", "representation": "service_path", "min_zoom": 0, "max_zoom": 24, "offset_rank": 0}}, {"type": "Feature", "bbox": [140.34743, 37.2514, 140.37044, 37.29977], "geometry": {"type": "LineString", "coordinates": [[140.34743, 37.2514], [140.34849, 37.25292], [140.3486, 37.25306], [140.34914, 37.25378], [140.34942, 37.25418], [140.35057, 37.25573], [140.35128, 37.25671], [140.35174, 37.25732], [140.35178, 37.25738], [140.35224, 37.25801], [140.35345, 37.25967], [140.35401, 37.26043], [140.35448, 37.26106], [140.35497, 37.26175], [140.35563, 37.26264], [140.35598, 37.26311], [140.35627, 37.26354], [140.35729, 37.26492], [140.35745, 37.26513], [140.35875, 37.26691], [140.3595, 37.26794], [140.35972, 37.26824], [140.36035, 37.26908], [140.36154, 37.27071], [140.36239, 37.27187], [140.36312, 37.27286], [140.36313, 37.27287], [140.36392, 37.27395], [140.36449, 37.27472], [140.3645, 37.27474], [140.36475, 37.27508], [140.36537, 37.27594], [140.36574, 37.27643], [140.36595, 37.27673], [140.36611, 37.27692], [140.36656, 37.27736], [140.36707, 37.27784], [140.36773, 37.27849], [140.36822, 37.279], [140.36853, 37.27941], [140.36884, 37.27989], [140.3692, 37.2805], [140.36947, 37.28099], [140.36973, 37.28151], [140.36999, 37.282], [140.37005, 37.28217], [140.37014, 37.28242], [140.37025, 37.28293], [140.37029, 37.2835], [140.37028, 37.28387], [140.37023, 37.28443], [140.37019, 37.28495], [140.37005, 37.28597], [140.36995, 37.2866], [140.36988, 37.28711], [140.36973, 37.28812], [140.36955, 37.28947], [140.36941, 37.29039], [140.36935, 37.29077], [140.36931, 37.29112], [140.36927, 37.29141], [140.36926, 37.29148], [140.36924, 37.29161], [140.36914, 37.29188], [140.3689, 37.29243], [140.36864, 37.29297], [140.36836, 37.29364], [140.36826, 37.29403], [140.36823, 37.29425], [140.36822, 37.29473], [140.36824, 37.29506], [140.36835, 37.29589], [140.36841, 37.29628], [140.36842, 37.29633], [140.36851, 37.29671], [140.36859, 37.29701], [140.36872, 37.29741], [140.36876, 37.29755], [140.36885, 37.2978], [140.36902, 37.29815], [140.36921, 37.29845], [140.36934, 37.29864], [140.36965, 37.29901], [140.36998, 37.29939], [140.37017, 37.29956], [140.37037, 37.29972], [140.37044, 37.29977]]}, "properties": {"id": "GEOM_TOKYO_3229", "route_id": "R_20E64CE3", "route_name": null, "route_color": "#3AA76D", "route_text_color": null, "line_name": "東北線", "operator_id": "jr_east", "representation": "service_path", "min_zoom": 0, "max_zoom": 24, "offset_rank": 0}}, {"type": "Feature", "bbox": [140.43477, 37.5893, 140.43627, 37.58963], "geometry": {"type": "LineString", "coordinates": [[140.43627, 37.58963], [140.43477, 37.5893]]}, "properties": {"id": "GEOM_TOKYO_3230", "route_id": "R_20E64CE3", "route_name": null, "route_color": "#3AA76D", "route_text_color": null, "line_name": "東北線", "operator_id": "jr_east", "representation": "service_path", "min_zoom": 0, "max_zoom": 24, "offset_rank": 0}}, {"type": "Feature", "bbox": [140.39932, 37.5127, 140.39935, 37.51477], "geometry": {"type": "LineString", "coordinates": [[140.39935, 37.5127], [140.39932, 37.51477]]}, "properties": {"id": "GEOM_TOKYO_3231", "route_id": "R_20E64CE3", "route_name": null, "route_color": "#3AA76D", "route_text_color": null, "line_name": "東北線", "operator_id": "jr_east", "representation": "service_path", "min_zoom": 0, "max_zoom": 24, "offset_rank": 0}}, {"type": "Feature", "bbox": [140.46837, 37.61659, 140.47627, 37.63294], "geometry": {"type": "LineString", "coordinates": [[140.46837, 37.61659], [140.46845, 37.61679], [140.46906, 37.61815], [140.46993, 37.62015], [140.47082, 37.62211], [140.47105, 37.6225], [140.47153, 37.6233], [140.47229, 37.62494], [140.47232, 37.625], [140.47375, 37.62805], [140.47498, 37.63071], [140.47518, 37.63105], [140.47531, 37.63126], [140.47554, 37.63166], [140.47627, 37.63294]]}, "properties": {"id": "GEOM_TOKYO_3233", "route_id": "R_20E64CE3", "route_name": null, "route_color": "#3AA76D", "route_text_color": null, "line_name": "東北線", "operator_id": "jr_east", "representation": "service_path", "min_zoom": 0, "max_zoom": 24, "offset_rank": 0}}, {"type": "Feature", "bbox": [140.4146, 37.56424, 140.43477, 37.5893], "geometry": {"type": "LineString", "coordinates": [[140.43477, 37.5893], [140.43319, 37.58895], [140.43138, 37.58852], [140.4304, 37.58823], [140.42968, 37.58799], [140.429, 37.58774], [140.4283, 37.58744], [140.42775, 37.58717], [140.42716, 37.58685], [140.42635, 37.58636], [140.42555, 37.58588], [140.42467, 37.58531], [140.42404, 37.58485], [140.42349, 37.58438], [140.42295, 37.58385], [140.42256, 37.58342], [140.42229, 37.58314], [140.42192, 37.58271], [140.42135, 37.58202], [140.42109, 37.5816], [140.42062, 37.5808], [140.42046, 37.58051], [140.41867, 37.57733], [140.41859, 37.57718], [140.41851, 37.57704], [140.41794, 37.57608], [140.41746, 37.57522], [140.41699, 37.57438], [140.41673, 37.5739], [140.41657, 37.57352], [140.41638, 37.57303], [140.41629, 37.57271], [140.41619, 37.57233], [140.41612, 37.57198], [140.41603, 37.57152], [140.41599, 37.57129], [140.41588, 37.57051], [140.41564, 37.56905], [140.41543, 37.56757], [140.41517, 37.566], [140.41479, 37.5647], [140.4146, 37.56424]]}, "properties": {"id": "GEOM_TOKYO_3234", "route_id": "R_20E64CE3", "route_name": null, "route_color": "#3AA76D", "route_text_color": null, "line_name": "東北線", "operator_id": "jr_east", "representation": "service_path", "min_zoom": 0, "max_zoom": 24, "offset_rank": 0}}, {"type": "Feature", "bbox": [140.4608, 37.78129, 140.46668, 37.78926], "geometry": {"type": "LineString", "coordinates": [[140.4608, 37.78129], [140.4608, 37.78139], [140.46088, 37.78299], [140.46089, 37.78324], [140.46092, 37.78395], [140.46097, 37.78433], [140.46108, 37.78473], [140.46121, 37.78504], [140.46148, 37.78552], [140.46172, 37.7859], [140.46213, 37.7864], [140.46235, 37.78659], [140.46259, 37.78681], [140.4627, 37.7869], [140.46308, 37.78721], [140.46339, 37.78745], [140.46399, 37.78781], [140.46459, 37.78815], [140.46533, 37.78854], [140.46541, 37.78859], [140.46546, 37.78861], [140.46554, 37.78866], [140.46558, 37.78868], [140.46579, 37.78879], [140.46623, 37.78902], [140.46668, 37.78926]]}, "properties": {"id": "GEOM_TOKYO_3408", "route_id": "R_20E64CE3", "route_name": null, "route_color": "#3AA76D", "route_text_color": null, "line_name": "東北線", "operator_id": "jr_east", "representation": "service_path", "min_zoom": 0, "max_zoom": 24, "offset_rank": 0}}, {"type": "Feature", "bbox": [140.45562, 37.77502, 140.4608, 37.78129], "geometry": {"type": "LineString", "coordinates": [[140.45562, 37.77502], [140.45621, 37.77544], [140.45708, 37.77612], [140.45753, 37.77648], [140.45853, 37.7773], [140.45912, 37.77782], [140.45926, 37.77794], [140.45958, 37.77825], [140.45985, 37.77854], [140.46006, 37.77882], [140.46026, 37.77912], [140.46048, 37.77962], [140.46062, 37.78001], [140.46072, 37.78038], [140.46076, 37.78064], [140.46079, 37.78116], [140.4608, 37.78129]]}, "properties": {"id": "GEOM_TOKYO_3409", "route_id": "R_20E64CE3", "route_name": null, "route_color": "#3AA76D", "route_text_color": null, "line_name": "東北線", "operator_id": "jr_east", "representation": "service_path", "min_zoom": 0, "max_zoom": 24, "offset_rank": 0}}, {"type": "Feature", "bbox": [140.45337, 37.75522, 140.4598, 37.77502], "geometry": {"type": "LineString", "coordinates": [[140.4598, 37.75522], [140.45976, 37.75548], [140.45955, 37.75766], [140.45939, 37.75944], [140.45929, 37.76008], [140.45916, 37.76049], [140.4589, 37.76106], [140.4585, 37.76181], [140.458, 37.76258], [140.45773, 37.763], [140.4573, 37.76367], [140.45677, 37.76448], [140.45677, 37.7645], [140.4565, 37.76493], [140.45527, 37.76685], [140.45497, 37.76731], [140.45434, 37.7683], [140.45398, 37.76894], [140.45378, 37.7694], [140.45361, 37.76986], [140.4535, 37.7703], [140.45343, 37.77068], [140.45339, 37.77111], [140.45337, 37.77153], [140.4534, 37.77181], [140.45349, 37.77211], [140.45381, 37.77291], [140.45391, 37.77315], [140.45406, 37.77339], [140.45425, 37.77365], [140.45463, 37.7741], [140.45473, 37.77421], [140.45503, 37.7745], [140.45531, 37.77476], [140.45562, 37.77502]]}, "properties": {"id": "GEOM_TOKYO_3410", "route_id": "R_20E64CE3", "route_name": null, "route_color": "#3AA76D", "route_text_color": null, "line_name": "東北線", "operator_id": "jr_east", "representation": "service_path", "min_zoom": 0, "max_zoom": 24, "offset_rank": 0}}, {"type": "Feature", "bbox": [140.45562, 37.77502, 140.4608, 37.78129], "geometry": {"type": "LineString", "coordinates": [[140.45562, 37.77502], [140.45572, 37.7751], [140.45645, 37.77578], [140.45734, 37.77659], [140.45847, 37.7776], [140.45877, 37.77786], [140.45902, 37.77812], [140.45924, 37.77835], [140.45968, 37.77882], [140.45997, 37.77922], [140.46015, 37.77954], [140.46038, 37.77997], [140.46059, 37.78048], [140.46075, 37.78099], [140.46079, 37.78116], [140.4608, 37.78129]]}, "properties": {"id": "GEOM_TOKYO_3411", "route_id": "R_20E64CE3", "route_name": null, "route_color": "#3AA76D", "route_text_color": null, "line_name": "東北線", "operator_id": "jr_east", "representation": "service_path", "min_zoom": 0, "max_zoom": 24, "offset_rank": 0}}, {"type": "Feature", "bbox": [140.40832, 37.55942, 140.41322, 37.56265], "geometry": {"type": "LineString", "coordinates": [[140.40832, 37.55942], [140.41047, 37.56065], [140.41102, 37.561], [140.41164, 37.56143], [140.41255, 37.56208], [140.41322, 37.56265]]}, "properties": {"id": "GEOM_TOKYO_3412", "route_id": "R_20E64CE3", "route_name": null, "route_color": "#3AA76D", "route_text_color": null, "line_name": "東北線", "operator_id": "jr_east", "representation": "service_path", "min_zoom": 0, "max_zoom": 24, "offset_rank": 0}}, {"type": "Feature", "bbox": [140.40005, 37.54035, 140.40832, 37.55942], "geometry": {"type": "LineString", "coordinates": [[140.40005, 37.54035], [140.4002, 37.54056], [140.40068, 37.54128], [140.40139, 37.54222], [140.40193, 37.54294], [140.40243, 37.54351], [140.40288, 37.54394], [140.40365, 37.54452], [140.40378, 37.54458], [140.40435, 37.54496], [140.40498, 37.54538], [140.40568, 37.54593], [140.40637, 37.54659], [140.40694, 37.54733], [140.40713, 37.5477], [140.40732, 37.54814], [140.40739, 37.54857], [140.40734, 37.54899], [140.40722, 37.54957], [140.4071, 37.55008], [140.40708, 37.55024], [140.40702, 37.55072], [140.40695, 37.55111], [140.40672, 37.5526], [140.40631, 37.55539], [140.40632, 37.55598], [140.40638, 37.55656], [140.40655, 37.55708], [140.40682, 37.55762], [140.40715, 37.5581], [140.40751, 37.55858], [140.40786, 37.55894], [140.40832, 37.55942]]}, "properties": {"id": "GEOM_TOKYO_3413", "route_id": "R_20E64CE3", "route_name": null, "route_color": "#3AA76D", "route_text_color": null, "line_name": "東北線", "operator_id": "jr_east", "representation": "service_path", "min_zoom": 0, "max_zoom": 24, "offset_rank": 0}}, {"type": "Feature", "bbox": [140.39881, 37.51477, 140.40005, 37.54035], "geometry": {"type": "LineString", "coordinates": [[140.39932, 37.51477], [140.39929, 37.5163], [140.39926, 37.51698], [140.39926, 37.51717], [140.39926, 37.51756], [140.39924, 37.51791], [140.3992, 37.51915], [140.3992, 37.51952], [140.39919, 37.52026], [140.39914, 37.52137], [140.39913, 37.5219], [140.39912, 37.52253], [140.39908, 37.52332], [140.39903, 37.52534], [140.39896, 37.52705], [140.39893, 37.52854], [140.39887, 37.53091], [140.39887, 37.53108], [140.39886, 37.53146], [140.39882, 37.53334], [140.39881, 37.53559], [140.39884, 37.53616], [140.39891, 37.53673], [140.399, 37.53734], [140.39912, 37.53785], [140.39931, 37.53841], [140.39958, 37.53916], [140.3998, 37.53976], [140.40005, 37.54035]]}, "properties": {"id": "GEOM_TOKYO_3414", "route_id": "R_20E64CE3", "route_name": null, "route_color": "#3AA76D", "route_text_color": null, "line_name": "東北線", "operator_id": "jr_east", "representation": "service_path", "min_zoom": 0, "max_zoom": 24, "offset_rank": 0}}, {"type": "Feature", "bbox": [140.40005, 37.54035, 140.40832, 37.55942], "geometry": {"type": "LineString", "coordinates": [[140.40005, 37.54035], [140.40011, 37.54053], [140.40038, 37.54108], [140.40074, 37.54173], [140.40099, 37.54217], [140.4015, 37.54289], [140.40161, 37.54306], [140.40172, 37.54319], [140.40206, 37.54369], [140.40382, 37.54601], [140.4059, 37.54879], [140.4062, 37.54929], [140.4063, 37.54951], [140.40642, 37.54983], [140.40649, 37.55014], [140.40653, 37.55031], [140.40655, 37.55041], [140.40657, 37.55096], [140.40657, 37.55103], [140.40654, 37.55152], [140.4064, 37.55257], [140.40607, 37.55493], [140.40602, 37.55552], [140.40603, 37.55609], [140.40615, 37.55666], [140.40632, 37.5572], [140.40662, 37.55773], [140.40695, 37.5582], [140.40738, 37.55875], [140.40783, 37.55913], [140.40832, 37.55942]]}, "properties": {"id": "GEOM_TOKYO_3415", "route_id": "R_20E64CE3", "route_name": null, "route_color": "#3AA76D", "route_text_color": null, "line_name": "東北線", "operator_id": "jr_east", "representation": "service_path", "min_zoom": 0, "max_zoom": 24, "offset_rank": 0}}]}