{"type": "FeatureCollection", "features": [{"type": "Feature", "bbox": [139.55354499999999, 35.568775, 139.55354499999999, 35.568775], "geometry": {"type": "Point", "coordinates": [139.55354499999999, 35.568775]}, "properties": {"id": "PS_73B8A63A557B", "station_group_id": "SG_277D444BCF77", "name_en": "あざみ野", "name_ja": "あざみ野", "label_rank": 92, "tags": ["tokyo", "v3"]}}, {"type": "Feature", "bbox": [139.487185, 35.415099999999995, 139.487185, 35.415099999999995], "geometry": {"type": "Point", "coordinates": [139.487185, 35.415099999999995]}, "properties": {"id": "PS_837AEE2806F3", "station_group_id": "SG_3DE57D049B43", "name_en": "いずみ中央", "name_ja": "いずみ中央", "label_rank": 72, "tags": ["tokyo", "v3"]}}, {"type": "Feature", "bbox": [139.49512, 35.429495, 139.49512, 35.429495], "geometry": {"type": "Point", "coordinates": [139.49512, 35.429495]}, "properties": {"id": "PS_72AED96CD132", "station_group_id": "SG_BC0CFADDC246", "name_en": "いずみ野", "name_ja": "いずみ野", "label_rank": 72, "tags": ["tokyo", "v3"]}}, {"type": "Feature", "bbox": [139.415885, 35.466845, 139.415885, 35.466845], "geometry": {"type": "Point", "coordinates": [139.415885, 35.466845]}, "properties": {"id": "PS_532552BB7FA5", "station_group_id": "SG_1017209F66A0", "name_en": "かしわ台", "name_ja": "かしわ台", "label_rank": 72, "tags": ["tokyo", "v3"]}}, {"type": "Feature", "bbox": [139.48666500000002, 35.558, 139.48666500000002, 35.558], "geometry": {"type": "Point", "coordinates": [139.48666500000002, 35.558]}, "properties": {"id": "PS_3A8D19643161", "station_group_id": "SG_B2FD0FB4F7D1", "name_en": "こどもの国", "name_ja": "こどもの国", "label_rank": 72, "tags": ["tokyo", "v3"]}}, {"type": "Feature", "bbox": [139.428696, 35.47151, 139.428696, 35.47151], "geometry": {"type": "Point", "coordinates": [139.428696, 35.47151]}, "properties": {"id": "PS_CF54734DA7E1", "station_group_id": "SG_52B3EF968E0F", "name_en": "さがみ野", "name_ja": "さがみ野", "label_rank": 72, "tags": ["tokyo", "v3"]}}, {"type": "Feature", "bbox": [139.48176999999998, 35.517165, 139.48176999999998, 35.517165], "geometry": {"type": "Point", "coordinates": [139.48176999999998, 35.517165]}, "properties": {"id": "PS_A04C096D8152", "station_group_id": "SG_E051C22F7C5E", "name_en": "すずかけ台", "name_ja": "すずかけ台", "label_rank": 72, "tags": ["tokyo", "v3"]}}, {"type": "Feature", "bbox": [139.55867, 35.57737, 139.55867, 35.57737], "geometry": {"type": "Point", "coordinates": [139.55867, 35.57737]}, "properties": {"id": "PS_3B1D5E000426", "station_group_id": "SG_118FEA36EC4D", "name_en": "たまプラーザ", "name_ja": "たまプラーザ", "label_rank": 92, "tags": ["tokyo", "v3"]}}, {"type": "Feature", "bbox": [139.345565, 36.043515, 139.345565, 36.043515], "geometry": {"type": "Point", "coordinates": [139.345565, 36.043515]}, "properties": {"id": "PS_1E4C9B565976", "station_group_id": "SG_B21973B64F28", "name_en": "つきのわ", "name_ja": "つきのわ", "label_rank": 72, "tags": ["tokyo", "v3"]}}, {"type": "Feature", "bbox": [139.45872500000002, 35.510555, 139.45872500000002, 35.510555], "geometry": {"type": "Point", "coordinates": [139.45872500000002, 35.510555]}, "properties": {"id": "PS_5C5D5986B3D7", "station_group_id": "SG_5E92CA4599E2", "name_en": "つきみ野", "name_ja": "つきみ野", "label_rank": 72, "tags": ["tokyo", "v3"]}}, {"type": "Feature", "bbox": [139.48494, 35.527065, 139.48494, 35.527065], "geometry": {"type": "Point", "coordinates": [139.48494, 35.527065]}, "properties": {"id": "PS_C75BA9C74A5C", "station_group_id": "SG_95D522A7C79F", "name_en": "つくし野", "name_ja": "つくし野", "label_rank": 72, "tags": ["tokyo", "v3"]}}, {"type": "Feature", "bbox": [139.464985, 35.618405, 139.464985, 35.618405], "geometry": {"type": "Point", "coordinates": [139.464985, 35.618405]}, "properties": {"id": "PS_8DED9622659A", "station_group_id": "SG_7B63239E8107", "name_en": "はるひ野", "name_ja": "はるひ野", "label_rank": 72, "tags": ["tokyo", "v3"]}}, {"type": "Feature", "bbox": [139.545775, 35.75144, 139.545775, 35.75144], "geometry": {"type": "Point", "coordinates": [139.545775, 35.75144]}, "properties": {"id": "PS_67A6B536BFF8", "station_group_id": "SG_C6345D2EA168", "name_en": "ひばりヶ丘", "name_ja": "ひばりヶ丘", "label_rank": 72, "tags": ["tokyo", "v3"]}}, {"type": "Feature", "bbox": [139.52309, 35.860744999999994, 139.52309, 35.860744999999994], "geometry": {"type": "Point", "coordinates": [139.52309, 35.860744999999994]}, "properties": {"id": "PS_199A2F764F9C", "station_group_id": "SG_287C6ED515CF", "name_en": "ふじみ野", "name_ja": "ふじみ野", "label_rank": 72, "tags": ["tokyo", "v3"]}}, {"type": "Feature", "bbox": [139.550785, 35.8382, 139.550785, 35.8382], "geometry": {"type": "Point", "coordinates": [139.550785, 35.8382]}, "properties": {"id": "PS_BE8A723F6907", "station_group_id": "SG_00D6D0A3BDF2", "name_en": "みずほ台", "name_ja": "みずほ台", "label_rank": 72, "tags": ["tokyo", "v3"]}}, {"type": "Feature", "bbox": [139.23646688181645, 36.09138313331536, 139.23646688181645, 36.09138313331536], "geometry": {"type": "Point", "coordinates": [139.23646688181645, 36.09138313331536]}, "properties": {"id": "PS_122D8C6C1249", "station_group_id": "SG_66D717A3FCB5", "name_en": "みなみ寄居", "name_ja": "みなみ寄居", "label_rank": 72, "tags": ["tokyo", "v3"]}}, {"type": "Feature", "bbox": [139.308465, 35.643625, 139.308465, 35.643625], "geometry": {"type": "Point", "coordinates": [139.308465, 35.643625]}, "properties": {"id": "PS_FF07D0F8198B", "station_group_id": "SG_B7519984D179", "name_en": "めじろ台", "name_ja": "めじろ台", "label_rank": 72, "tags": ["tokyo", "v3"]}}, {"type": "Feature", "bbox": [139.48236, 35.405645, 139.48236, 35.405645], "geometry": {"type": "Point", "coordinates": [139.48236, 35.405645]}, "properties": {"id": "PS_063EFBA301D8", "station_group_id": "SG_FBD9AF98B0B9", "name_en": "ゆめが丘", "name_ja": "ゆめが丘", "label_rank": 72, "tags": ["tokyo", "v3"]}}, {"type": "Feature", "bbox": [139.37008, 35.940215, 139.37008, 35.940215], "geometry": {"type": "Point", "coordinates": [139.37008, 35.940215]}, "properties": {"id": "PS_2B4339D947BA", "station_group_id": "SG_20A61C5640D8", "name_en": "一本松", "name_ja": "一本松", "label_rank": 72, "tags": ["tokyo", "v3"]}}, {"type": "Feature", "bbox": [139.480065, 35.722105, 139.480065, 35.722105], "geometry": {"type": "Point", "coordinates": [139.480065, 35.722105]}, "properties": {"id": "PS_4201C2905B0D", "station_group_id": "SG_88C0DBF828E2", "name_en": "一橋学園", "name_ja": "一橋学園", "label_rank": 72, "tags": ["tokyo", "v3"]}}, {"type": "Feature", "bbox": [139.41986, 35.671315, 139.41986, 35.671315], "geometry": {"type": "Point", "coordinates": [139.41986, 35.671315]}, "properties": {"id": "PS_304FB6C190D5", "station_group_id": "SG_B57657033A4D", "name_en": "万願寺", "name_ja": "万願寺", "label_rank": 72, "tags": ["tokyo", "v3"]}}, {"type": "Feature", "bbox": [138.84537, 35.524253333333334, 138.84537, 35.524253333333334], "geometry": {"type": "Point", "coordinates": [138.84537, 35.524253333333334]}, "properties": {"id": "PS_F9F876BC683D", "station_group_id": "SG_C4BA56AE08D9", "name_en": "三つ峠", "name_ja": "三つ峠", "label_rank": 72, "tags": ["tokyo", "v3"]}}, {"type": "Feature", "bbox": [139.50257, 35.467785, 139.50257, 35.467785], "geometry": {"type": "Point", "coordinates": [139.50257, 35.467785]}, "properties": {"id": "PS_8FA1AFDFCA80", "station_group_id": "SG_ED63BF980AEF", "name_en": "三ツ境", "name_ja": "三ツ境", "label_rank": 72, "tags": ["tokyo", "v3"]}}, {"type": "Feature", "bbox": [139.56063999999998, 35.702695000000006, 139.56063999999998, 35.702695000000006], "geometry": {"type": "Point", "coordinates": [139.56063999999998, 35.702695000000006]}, "properties": {"id": "PS_09994BA2C7A1", "station_group_id": "SG_ACB3EA538C08", "name_en": "三鷹", "name_ja": "三鷹", "label_rank": 92, "tags": ["tokyo", "v3"]}}, {"type": "Feature", "bbox": [139.415865, 35.74576, 139.415865, 35.74576], "geometry": {"type": "Point", "coordinates": [139.415865, 35.74576]}, "properties": {"id": "PS_40F512708A61", "station_group_id": "SG_C404A76A71D8", "name_en": "上北台", "name_ja": "上北台", "label_rank": 72, "tags": ["tokyo", "v3"]}}, {"type": "Feature", "bbox": [138.93806999999998, 35.6094, 138.93806999999998, 35.6094], "geometry": {"type": "Point", "coordinates": [138.93806999999998, 35.6094]}, "properties": {"id": "PS_25D408FBF5BD", "station_group_id": "SG_744D8787F673", "name_en": "上大月", "name_ja": "上大月", "label_rank": 72, "tags": ["tokyo", "v3"]}}, {"type": "Feature", "bbox": [139.51187, 35.87387, 139.51187, 35.87387], "geometry": {"type": "Point", "coordinates": [139.51187, 35.87387]}, "properties": {"id": "PS_93AC28FCF128", "station_group_id": "SG_2DC2E2506BFD", "name_en": "上福岡", "name_ja": "上福岡", "label_rank": 72, "tags": ["tokyo", "v3"]}}, {"type": "Feature", "bbox": [139.115405, 35.618444999999994, 139.115405, 35.618444999999994], "geometry": {"type": "Point", "coordinates": [139.115405, 35.618444999999994]}, "properties": {"id": "PS_0DDDCAA2C176", "station_group_id": "SG_A85D62560181", "name_en": "上野原", "name_ja": "上野原", "label_rank": 72, "tags": ["tokyo", "v3"]}}, {"type": "Feature", "bbox": [138.803765, 35.497965, 138.803765, 35.497965], "geometry": {"type": "Point", "coordinates": [138.803765, 35.497965]}, "properties": {"id": "PS_7F1585E9C9AF", "station_group_id": "SG_95A6F720C0BA", "name_en": "下吉田", "name_ja": "下吉田", "label_rank": 72, "tags": ["tokyo", "v3"]}}, {"type": "Feature", "bbox": [139.441165, 35.779444999999996, 139.441165, 35.779444999999996], "geometry": {"type": "Point", "coordinates": [139.441165, 35.779444999999996]}, "properties": {"id": "PS_2DA9D0492AE3", "station_group_id": "SG_BA7560708A7E", "name_en": "下山口", "name_ja": "下山口", "label_rank": 72, "tags": ["tokyo", "v3"]}}, {"type": "Feature", "bbox": [139.408725, 35.641885, 139.408725, 35.641885], "geometry": {"type": "Point", "coordinates": [139.408725, 35.641885]}, "properties": {"id": "PS_BF9F95D0709D", "station_group_id": "SG_28995EE48ADB", "name_en": "中央大学・明星大学", "name_ja": "中央大学・明星大学", "label_rank": 72, "tags": ["tokyo", "v3"]}}, {"type": "Feature", "bbox": [139.4441, 35.508005, 139.4441, 35.508005], "geometry": {"type": "Point", "coordinates": [139.4441, 35.508005]}, "properties": {"id": "PS_7F4348E14929", "station_group_id": "SG_0CC4843CE16C", "name_en": "中央林間", "name_ja": "中央林間", "label_rank": 92, "tags": ["tokyo", "v3"]}}, {"type": "Feature", "bbox": [139.445115, 35.50781, 139.445115, 35.50781], "geometry": {"type": "Point", "coordinates": [139.445115, 35.50781]}, "properties": {"id": "PS_8E8536A56D89", "station_group_id": "SG_0CC4843CE16C", "name_en": "中央林間", "name_ja": "中央林間", "label_rank": 92, "tags": ["tokyo", "v3"]}}, {"type": "Feature", "bbox": [139.457695, 35.659535000000005, 139.457695, 35.659535000000005], "geometry": {"type": "Point", "coordinates": [139.457695, 35.659535000000005]}, "properties": {"id": "PS_ECF09276302B", "station_group_id": "SG_B52F38078B26", "name_en": "中河原", "name_ja": "中河原", "label_rank": 72, "tags": ["tokyo", "v3"]}}, {"type": "Feature", "bbox": [139.37571, 35.709, 139.37571, 35.709], "geometry": {"type": "Point", "coordinates": [139.37571, 35.709]}, "properties": {"id": "PS_FD6C5E4EF3FA", "station_group_id": "SG_9221DA447FA5", "name_en": "中神", "name_ja": "中神", "label_rank": 72, "tags": ["tokyo", "v3"]}}, {"type": "Feature", "bbox": [139.472695, 35.749525000000006, 139.472695, 35.749525000000006], "geometry": {"type": "Point", "coordinates": [139.472695, 35.749525000000006]}, "properties": {"id": "PS_8F6A11B12FA6", "station_group_id": "SG_C4C0C9A8F3BA", "name_en": "久米川", "name_ja": "久米川", "label_rank": 72, "tags": ["tokyo", "v3"]}}, {"type": "Feature", "bbox": [139.53237000000001, 35.463390000000004, 139.53237000000001, 35.463390000000004], "geometry": {"type": "Point", "coordinates": [139.53237000000001, 35.463390000000004]}, "properties": {"id": "PS_45820BEC23FA", "station_group_id": "SG_A03E8558C764", "name_en": "二俣川", "name_ja": "二俣川", "label_rank": 72, "tags": ["tokyo", "v3"]}}, {"type": "Feature", "bbox": [139.53237000000001, 35.463390000000004, 139.53237000000001, 35.463390000000004], "geometry": {"type": "Point", "coordinates": [139.53237000000001, 35.463390000000004]}, "properties": {"id": "PS_412D5EBBF462", "station_group_id": "SG_A03E8558C764", "name_en": "二俣川", "name_ja": "二俣川", "label_rank": 72, "tags": ["tokyo", "v3"]}}, {"type": "Feature", "bbox": [139.25675, 35.29867, 139.25675, 35.29867], "geometry": {"type": "Point", "coordinates": [139.25675, 35.29867]}, "properties": {"id": "PS_A66D2454FDCC", "station_group_id": "SG_B078E48C366C", "name_en": "二宮", "name_ja": "二宮", "label_rank": 72, "tags": ["tokyo", "v3"]}}, {"type": "Feature", "bbox": [139.493385, 35.600229999999996, 139.493385, 35.600229999999996], "geometry": {"type": "Point", "coordinates": [139.493385, 35.600229999999996]}, "properties": {"id": "PS_A4F3A02D667C", "station_group_id": "SG_4BB9F01888EA", "name_en": "五月台", "name_ja": "五月台", "label_rank": 72, "tags": ["tokyo", "v3"]}}, {"type": "Feature", "bbox": [139.51729, 35.632975, 139.51729, 35.632975], "geometry": {"type": "Point", "coordinates": [139.51729, 35.632975]}, "properties": {"id": "PS_A229869B13A8", "station_group_id": "SG_1F39D26D67A3", "name_en": "京王よみうりランド", "name_ja": "京王よみうりランド", "label_rank": 72, "tags": ["tokyo", "v3"]}}, {"type": "Feature", "bbox": [139.343055, 35.65802, 139.343055, 35.65802], "geometry": {"type": "Point", "coordinates": [139.343055, 35.65802]}, "properties": {"id": "PS_3E21CD6ED898", "station_group_id": "SG_387F68B0CEB8", "name_en": "京王八王子", "name_ja": "京王八王子", "label_rank": 72, "tags": ["tokyo", "v3"]}}, {"type": "Feature", "bbox": [139.400325, 35.624475000000004, 139.400325, 35.624475000000004], "geometry": {"type": "Point", "coordinates": [139.400325, 35.624475000000004]}, "properties": {"id": "PS_39E3FB88C688", "station_group_id": "SG_2FA08460B036", "name_en": "京王堀之内", "name_ja": "京王堀之内", "label_rank": 72, "tags": ["tokyo", "v3"]}}, {"type": "Feature", "bbox": [139.42416500000002, 35.625225, 139.42416500000002, 35.625225], "geometry": {"type": "Point", "coordinates": [139.42416500000002, 35.625225]}, "properties": {"id": "PS_41A770303750", "station_group_id": "SG_C27427544904", "name_en": "京王多摩センター", "name_ja": "京王多摩センター", "label_rank": 72, "tags": ["tokyo", "v3"]}}, {"type": "Feature", "bbox": [139.53634499999998, 35.644099999999995, 139.53634499999998, 35.644099999999995], "geometry": {"type": "Point", "coordinates": [139.53634499999998, 35.644099999999995]}, "properties": {"id": "PS_5D9FA0DC27B1", "station_group_id": "SG_F967CC54DC43", "name_en": "京王多摩川", "name_ja": "京王多摩川", "label_rank": 72, "tags": ["tokyo", "v3"]}}, {"type": "Feature", "bbox": [139.44821000000002, 35.63024, 139.44821000000002, 35.63024], "geometry": {"type": "Point", "coordinates": [139.44821000000002, 35.63024]}, "properties": {"id": "PS_96E8FE99F7FF", "station_group_id": "SG_C98E716750C3", "name_en": "京王永山", "name_ja": "京王永山", "label_rank": 72, "tags": ["tokyo", "v3"]}}, {"type": "Feature", "bbox": [139.33696, 35.644360000000006, 139.33696, 35.644360000000006], "geometry": {"type": "Point", "coordinates": [139.33696, 35.644360000000006]}, "properties": {"id": "PS_AC3B25477981", "station_group_id": "SG_11E1BCA7136C", "name_en": "京王片倉", "name_ja": "京王片倉", "label_rank": 72, "tags": ["tokyo", "v3"]}}, {"type": "Feature", "bbox": [139.531925, 35.634245, 139.531925, 35.634245], "geometry": {"type": "Point", "coordinates": [139.531925, 35.634245]}, "properties": {"id": "PS_507439CC887F", "station_group_id": "SG_5EDB6A9D4D5F", "name_en": "京王稲田堤", "name_ja": "京王稲田堤", "label_rank": 72, "tags": ["tokyo", "v3"]}}, {"type": "Feature", "bbox": [139.36019, 35.837675000000004, 139.36019, 35.837675000000004], "geometry": {"type": "Point", "coordinates": [139.36019, 35.837675000000004]}, "properties": {"id": "PS_6ACA07EE5B19", "station_group_id": "SG_22059381E400", "name_en": "仏子", "name_ja": "仏子", "label_rank": 72, "tags": ["tokyo", "v3"]}}, {"type": "Feature", "bbox": [139.313795, 35.39609, 139.313795, 35.39609], "geometry": {"type": "Point", "coordinates": [139.313795, 35.39609]}, "properties": {"id": "PS_6B25F5F698CB", "station_group_id": "SG_8A0FA3186FD7", "name_en": "伊勢原", "name_ja": "伊勢原", "label_rank": 72, "tags": ["tokyo", "v3"]}}, {"type": "Feature", "bbox": [139.34536500000002, 35.840559999999996, 139.34536500000002, 35.840559999999996], "geometry": {"type": "Point", "coordinates": [139.34536500000002, 35.840559999999996]}, "properties": {"id": "PS_26DA8EC0728C", "station_group_id": "SG_4929D38139B4", "name_en": "元加治", "name_ja": "元加治", "label_rank": 72, "tags": ["tokyo", "v3"]}}, {"type": "Feature", "bbox": [139.427185, 35.832385, 139.427185, 35.832385], "geometry": {"type": "Point", "coordinates": [139.427185, 35.832385]}, "properties": {"id": "PS_26FB8A4F6CB2", "station_group_id": "SG_7B68C25C732F", "name_en": "入曽", "name_ja": "入曽", "label_rank": 72, "tags": ["tokyo", "v3"]}}, {"type": "Feature", "bbox": [139.390265, 35.842805, 139.390265, 35.842805], "geometry": {"type": "Point", "coordinates": [139.390265, 35.842805]}, "properties": {"id": "PS_C1DC032ED9B3", "station_group_id": "SG_854869CEC282", "name_en": "入間市", "name_ja": "入間市", "label_rank": 72, "tags": ["tokyo", "v3"]}}, {"type": "Feature", "bbox": [139.46775, 35.74489, 139.46775, 35.74489], "geometry": {"type": "Point", "coordinates": [139.46775, 35.74489]}, "properties": {"id": "PS_7DE89EC0117D", "station_group_id": "SG_EA8EBC75E986", "name_en": "八坂", "name_ja": "八坂", "label_rank": 72, "tags": ["tokyo", "v3"]}}, {"type": "Feature", "bbox": [139.33882, 35.655505000000005, 139.33882, 35.655505000000005], "geometry": {"type": "Point", "coordinates": [139.33882, 35.655505000000005]}, "properties": {"id": "PS_2AC7A5A8DDDE", "station_group_id": "SG_57376451D8C0", "name_en": "八王子", "name_ja": "八王子", "label_rank": 72, "tags": ["tokyo", "v3"]}}, {"type": "Feature", "bbox": [139.47072, 35.38376, 139.47072, 35.38376], "geometry": {"type": "Point", "coordinates": [139.47072, 35.38376]}, "properties": {"id": "PS_C9E8C6FE4C5B", "station_group_id": "SG_8E8D8C1E7DAD", "name_en": "六会日大前", "name_ja": "六会日大前", "label_rank": 72, "tags": ["tokyo", "v3"]}}, {"type": "Feature", "bbox": [139.468365, 35.668099999999995, 139.468365, 35.668099999999995], "geometry": {"type": "Point", "coordinates": [139.468365, 35.668099999999995]}, "properties": {"id": "PS_A801AE8D3CD3", "station_group_id": "SG_470A87667996", "name_en": "分倍河原", "name_ja": "分倍河原", "label_rank": 72, "tags": ["tokyo", "v3"]}}, {"type": "Feature", "bbox": [138.883735, 35.594425, 138.883735, 35.594425], "geometry": {"type": "Point", "coordinates": [138.883735, 35.594425]}, "properties": {"id": "PS_A0D3F1FEA36F", "station_group_id": "SG_6BEAF412FE2D", "name_en": "初狩", "name_ja": "初狩", "label_rank": 72, "tags": ["tokyo", "v3"]}}, {"type": "Feature", "bbox": [138.74328, 35.672839999999994, 138.74328, 35.672839999999994], "geometry": {"type": "Point", "coordinates": [138.74328, 35.672839999999994]}, "properties": {"id": "PS_1A87F6BB45B6", "station_group_id": "SG_C7BE79ACE24C", "name_en": "勝沼ぶどう郷", "name_ja": "勝沼ぶどう郷", "label_rank": 72, "tags": ["tokyo", "v3"]}}, {"type": "Feature", "bbox": [139.39684499999998, 35.97198, 139.39684499999998, 35.97198], "geometry": {"type": "Point", "coordinates": [139.39684499999998, 35.97198]}, "properties": {"id": "PS_7CF9B07D51C7", "station_group_id": "SG_9974F25B4965", "name_en": "北坂戸", "name_ja": "北坂戸", "label_rank": 72, "tags": ["tokyo", "v3"]}}, {"type": "Feature", "bbox": [139.471795, 35.680855, 139.471795, 35.680855], "geometry": {"type": "Point", "coordinates": [139.471795, 35.680855]}, "properties": {"id": "PS_5E30398CE7A9", "station_group_id": "SG_C11E13C51AA5", "name_en": "北府中", "name_ja": "北府中", "label_rank": 72, "tags": ["tokyo", "v3"]}}, {"type": "Feature", "bbox": [139.533545, 36.03218, 139.533545, 36.03218], "geometry": {"type": "Point", "coordinates": [139.533545, 36.03218]}, "properties": {"id": "PS_2A070FE1B76E", "station_group_id": "SG_FC0EE4C2F730", "name_en": "北本", "name_ja": "北本", "label_rank": 72, "tags": ["tokyo", "v3"]}}, {"type": "Feature", "bbox": [139.35417999999999, 35.644485, 139.35417999999999, 35.644485], "geometry": {"type": "Point", "coordinates": [139.35417999999999, 35.644485]}, "properties": {"id": "PS_5F3AADE13B18", "station_group_id": "SG_653C51560373", "name_en": "北野", "name_ja": "北野", "label_rank": 72, "tags": ["tokyo", "v3"]}}, {"type": "Feature", "bbox": [139.35417999999999, 35.644485, 139.35417999999999, 35.644485], "geometry": {"type": "Point", "coordinates": [139.35417999999999, 35.644485]}, "properties": {"id": "PS_FD034541F515", "station_group_id": "SG_653C51560373", "name_en": "北野", "name_ja": "北野", "label_rank": 72, "tags": ["tokyo", "v3"]}}, {"type": "Feature", "bbox": [139.54456499999998, 35.33794, 139.54456499999998, 35.33794], "geometry": {"type": "Point", "coordinates": [139.54456499999998, 35.33794]}, "properties": {"id": "PS_8B33AAAD2D60", "station_group_id": "SG_EBE466AEA1B4", "name_en": "北鎌倉", "name_ja": "北鎌倉", "label_rank": 72, "tags": ["tokyo", "v3"]}}, {"type": "Feature", "bbox": [139.47695499999998, 36.085494999999995, 139.47695499999998, 36.085494999999995], "geometry": {"type": "Point", "coordinates": [139.47695499999998, 36.085494999999995]}, "properties": {"id": "PS_F591E7C0B242", "station_group_id": "SG_C1B2BA8637F7", "name_en": "北鴻巣", "name_ja": "北鴻巣", "label_rank": 72, "tags": ["tokyo", "v3"]}}, {"type": "Feature", "bbox": [139.51667, 35.52621, 139.51667, 35.52621], "geometry": {"type": "Point", "coordinates": [139.51667, 35.52621]}, "properties": {"id": "PS_0A1B6472903F", "station_group_id": "SG_374F8939C00B", "name_en": "十日市場", "name_ja": "十日市場", "label_rank": 72, "tags": ["tokyo", "v3"]}}, {"type": "Feature", "bbox": [138.887465, 35.53887, 138.887465, 35.53887], "geometry": {"type": "Point", "coordinates": [138.887465, 35.53887]}, "properties": {"id": "PS_1D68B30F4A5F", "station_group_id": "SG_374F8939C00B", "name_en": "十日市場", "name_ja": "十日市場", "label_rank": 72, "tags": ["tokyo", "v3"]}}, {"type": "Feature", "bbox": [139.52634749999999, 35.452545, 139.52634749999999, 35.452545], "geometry": {"type": "Point", "coordinates": [139.52634749999999, 35.452545]}, "properties": {"id": "PS_90C02F14D4DA", "station_group_id": "SG_7A3DD87D0984", "name_en": "南万騎が原", "name_ja": "南万騎が原", "label_rank": 72, "tags": ["tokyo", "v3"]}}, {"type": "Feature", "bbox": [139.519155, 35.90318, 139.519155, 35.90318], "geometry": {"type": "Point", "coordinates": [139.519155, 35.90318]}, "properties": {"id": "PS_AFF6A3BA52F4", "station_group_id": "SG_8D8DF99BACFA", "name_en": "南古谷", "name_ja": "南古谷", "label_rank": 72, "tags": ["tokyo", "v3"]}}, {"type": "Feature", "bbox": [139.45418999999998, 35.889695, 139.45418999999998, 35.889695], "geometry": {"type": "Point", "coordinates": [139.45418999999998, 35.889695]}, "properties": {"id": "PS_0C9CAEBF740C", "station_group_id": "SG_968C0A9503E2", "name_en": "南大塚", "name_ja": "南大塚", "label_rank": 72, "tags": ["tokyo", "v3"]}}, {"type": "Feature", "bbox": [139.37982499999998, 35.614095, 139.37982499999998, 35.614095], "geometry": {"type": "Point", "coordinates": [139.37982499999998, 35.614095]}, "properties": {"id": "PS_2353F284D7C2", "station_group_id": "SG_20586271A7F0", "name_en": "南大沢", "name_ja": "南大沢", "label_rank": 72, "tags": ["tokyo", "v3"]}}, {"type": "Feature", "bbox": [139.39257500000002, 35.65514, 139.39257500000002, 35.65514], "geometry": {"type": "Point", "coordinates": [139.39257500000002, 35.65514]}, "properties": {"id": "PS_A79D834CE052", "station_group_id": "SG_4D3F6BD15554", "name_en": "南平", "name_ja": "南平", "label_rank": 72, "tags": ["tokyo", "v3"]}}, {"type": "Feature", "bbox": [139.448005, 35.495599999999996, 139.448005, 35.495599999999996], "geometry": {"type": "Point", "coordinates": [139.448005, 35.495599999999996]}, "properties": {"id": "PS_AA650350FE5F", "station_group_id": "SG_D332EAB21631", "name_en": "南林間", "name_ja": "南林間", "label_rank": 72, "tags": ["tokyo", "v3"]}}, {"type": "Feature", "bbox": [139.47044, 35.511515, 139.47044, 35.511515], "geometry": {"type": "Point", "coordinates": [139.47044, 35.511515]}, "properties": {"id": "PS_C79FD5EA09C6", "station_group_id": "SG_808E32F3B321", "name_en": "南町田グランベリーパーク", "name_ja": "南町田グランベリーパーク", "label_rank": 92, "tags": ["tokyo", "v3"]}}, {"type": "Feature", "bbox": [139.55695500000002, 36.149625, 139.55695500000002, 36.149625], "geometry": {"type": "Point", "coordinates": [139.55695500000002, 36.149625]}, "properties": {"id": "PS_D98F9010AAED", "station_group_id": "SG_43046F7B6E1E", "name_en": "南羽生", "name_ja": "南羽生", "label_rank": 72, "tags": ["tokyo", "v3"]}}, {"type": "Feature", "bbox": [139.37790999999999, 35.443065000000004, 139.37790999999999, 35.443065000000004], "geometry": {"type": "Point", "coordinates": [139.37790999999999, 35.443065000000004]}, "properties": {"id": "PS_F04F417DBF73", "station_group_id": "SG_33402BE39899", "name_en": "厚木", "name_ja": "厚木", "label_rank": 72, "tags": ["tokyo", "v3"]}}, {"type": "Feature", "bbox": [139.45360499999998, 36.10289, 139.45360499999998, 36.10289], "geometry": {"type": "Point", "coordinates": [139.45360499999998, 36.10289]}, "properties": {"id": "PS_393CF3C03994", "station_group_id": "SG_E8D756F5A067", "name_en": "吹上", "name_ja": "吹上", "label_rank": 72, "tags": ["tokyo", "v3"]}}, {"type": "Feature", "bbox": [139.225905, 35.908325000000005, 139.225905, 35.908325000000005], "geometry": {"type": "Point", "coordinates": [139.225905, 35.908325000000005]}, "properties": {"id": "PS_A73A72DD21E3", "station_group_id": "SG_3AA533FE9ECE", "name_en": "吾野", "name_ja": "吾野", "label_rank": 72, "tags": ["tokyo", "v3"]}}, {"type": "Feature", "bbox": [139.225905, 35.908325000000005, 139.225905, 35.908325000000005], "geometry": {"type": "Point", "coordinates": [139.225905, 35.908325000000005]}, "properties": {"id": "PS_DA0E56386C1B", "station_group_id": "SG_3AA533FE9ECE", "name_en": "吾野", "name_ja": "吾野", "label_rank": 72, "tags": ["tokyo", "v3"]}}, {"type": "Feature", "bbox": [139.411675, 35.616565, 139.411675, 35.616565], "geometry": {"type": "Point", "coordinates": [139.411675, 35.616565]}, "properties": {"id": "PS_FA7CFFC048B1", "station_group_id": "SG_F1F7A815C520", "name_en": "唐木田", "name_ja": "唐木田", "label_rank": 72, "tags": ["tokyo", "v3"]}}, {"type": "Feature", "bbox": [139.473265, 35.36259, 139.473265, 35.36259], "geometry": {"type": "Point", "coordinates": [139.473265, 35.36259]}, "properties": {"id": "PS_A31C296DA49E", "station_group_id": "SG_92FAAA2725B8", "name_en": "善行", "name_ja": "善行", "label_rank": 72, "tags": ["tokyo", "v3"]}}, {"type": "Feature", "bbox": [139.07366000000002, 35.614135, 139.07366000000002, 35.614135], "geometry": {"type": "Point", "coordinates": [139.07366000000002, 35.614135]}, "properties": {"id": "PS_F79296D45C99", "station_group_id": "SG_A5F80963E5A2", "name_en": "四方津", "name_ja": "四方津", "label_rank": 72, "tags": ["tokyo", "v3"]}}, {"type": "Feature", "bbox": [139.48085500000002, 35.700145000000006, 139.48085500000002, 35.700145000000006], "geometry": {"type": "Point", "coordinates": [139.48085500000002, 35.700145000000006]}, "properties": {"id": "PS_98CE260FFD25", "station_group_id": "SG_801264692E20", "name_en": "国分寺", "name_ja": "国分寺", "label_rank": 92, "tags": ["tokyo", "v3"]}}, {"type": "Feature", "bbox": [139.479275, 35.7011, 139.479275, 35.7011], "geometry": {"type": "Point", "coordinates": [139.479275, 35.7011]}, "properties": {"id": "PS_A8ACBBE792F7", "station_group_id": "SG_801264692E20", "name_en": "国分寺", "name_ja": "国分寺", "label_rank": 92, "tags": ["tokyo", "v3"]}}, {"type": "Feature", "bbox": [139.48085500000002, 35.700145000000006, 139.48085500000002, 35.700145000000006], "geometry": {"type": "Point", "coordinates": [139.48085500000002, 35.700145000000006]}, "properties": {"id": "PS_305BA90AFD10", "station_group_id": "SG_801264692E20", "name_en": "国分寺", "name_ja": "国分寺", "label_rank": 92, "tags": ["tokyo", "v3"]}}, {"type": "Feature", "bbox": [139.21495499999997, 35.281395, 139.21495499999997, 35.281395], "geometry": {"type": "Point", "coordinates": [139.21495499999997, 35.281395]}, "properties": {"id": "PS_83A84BE2FA62", "station_group_id": "SG_5448BC2D55B9", "name_en": "国府津", "name_ja": "国府津", "label_rank": 72, "tags": ["tokyo", "v3"]}}, {"type": "Feature", "bbox": [139.446415, 35.699195, 139.446415, 35.699195], "geometry": {"type": "Point", "coordinates": [139.446415, 35.699195]}, "properties": {"id": "PS_4889088449E3", "station_group_id": "SG_4B0855763F7A", "name_en": "国立", "name_ja": "国立", "label_rank": 72, "tags": ["tokyo", "v3"]}}, {"type": "Feature", "bbox": [139.55843, 35.650185, 139.55843, 35.650185], "geometry": {"type": "Point", "coordinates": [139.55843, 35.650185]}, "properties": {"id": "PS_890EA7274236", "station_group_id": "SG_B889956FFDC1", "name_en": "国領", "name_ja": "国領", "label_rank": 72, "tags": ["tokyo", "v3"]}}, {"type": "Feature", "bbox": [139.394045, 35.957049999999995, 139.394045, 35.957049999999995], "geometry": {"type": "Point", "coordinates": [139.394045, 35.957049999999995]}, "properties": {"id": "PS_BA6873E1564A", "station_group_id": "SG_295F1C2062EA", "name_en": "坂戸", "name_ja": "坂戸", "label_rank": 92, "tags": ["tokyo", "v3"]}}, {"type": "Feature", "bbox": [139.39416, 35.95725, 139.39416, 35.95725], "geometry": {"type": "Point", "coordinates": [139.39416, 35.95725]}, "properties": {"id": "PS_1EFAC4DD957F", "station_group_id": "SG_295F1C2062EA", "name_en": "坂戸", "name_ja": "坂戸", "label_rank": 92, "tags": ["tokyo", "v3"]}}, {"type": "Feature", "bbox": [138.734755, 35.705365, 138.734755, 35.705365], "geometry": {"type": "Point", "coordinates": [138.734755, 35.705365]}, "properties": {"id": "PS_1E9594EA3039", "station_group_id": "SG_C69D758CCDA5", "name_en": "塩山", "name_ja": "塩山", "label_rank": 72, "tags": ["tokyo", "v3"]}}, {"type": "Feature", "bbox": [138.487825, 35.687725, 138.487825, 35.687725], "geometry": {"type": "Point", "coordinates": [138.487825, 35.687725]}, "properties": {"id": "PS_42B4EBFED210", "station_group_id": "SG_F951F40EB019", "name_en": "塩崎", "name_ja": "塩崎", "label_rank": 72, "tags": ["tokyo", "v3"]}}, {"type": "Feature", "bbox": [139.422785, 35.623855, 139.422785, 35.623855], "geometry": {"type": "Point", "coordinates": [139.422785, 35.623855]}, "properties": {"id": "PS_5B7385E833CB", "station_group_id": "SG_E36E96B9BDFB", "name_en": "多摩センター", "name_ja": "多摩センター", "label_rank": 72, "tags": ["tokyo", "v3"]}}, {"type": "Feature", "bbox": [139.40552, 35.649525, 139.40552, 35.649525], "geometry": {"type": "Point", "coordinates": [139.40552, 35.649525]}, "properties": {"id": "PS_21B73D0A9BEF", "station_group_id": "SG_F03640D3FD91", "name_en": "多摩動物公園", "name_ja": "多摩動物公園", "label_rank": 72, "tags": ["tokyo", "v3"]}}, {"type": "Feature", "bbox": [139.403815, 35.648534999999995, 139.403815, 35.648534999999995], "geometry": {"type": "Point", "coordinates": [139.403815, 35.648534999999995]}, "properties": {"id": "PS_E59B601F980A", "station_group_id": "SG_F03640D3FD91", "name_en": "多摩動物公園", "name_ja": "多摩動物公園", "label_rank": 72, "tags": ["tokyo", "v3"]}}, {"type": "Feature", "bbox": [139.36692499999998, 35.60174, 139.36692499999998, 35.60174], "geometry": {"type": "Point", "coordinates": [139.36692499999998, 35.60174]}, "properties": {"id": "PS_E3AD0AFD13C0", "station_group_id": "SG_50A3AB03E0B2", "name_en": "多摩境", "name_ja": "多摩境", "label_rank": 72, "tags": ["tokyo", "v3"]}}, {"type": "Feature", "bbox": [139.44271500000002, 35.765785, 139.44271500000002, 35.765785], "geometry": {"type": "Point", "coordinates": [139.44271500000002, 35.765785]}, "properties": {"id": "PS_35AFB1DE42C6", "station_group_id": "SG_783C587B2A95", "name_en": "多摩湖", "name_ja": "多摩湖", "label_rank": 72, "tags": ["tokyo", "v3"]}}, {"type": "Feature", "bbox": [139.44271500000002, 35.765785, 139.44271500000002, 35.765785], "geometry": {"type": "Point", "coordinates": [139.44271500000002, 35.765785]}, "properties": {"id": "PS_3D42578D104E", "station_group_id": "SG_783C587B2A95", "name_en": "多摩湖", "name_ja": "多摩湖", "label_rank": 72, "tags": ["tokyo", "v3"]}}, {"type": "Feature", "bbox": [139.51715000000002, 35.676825, 139.51715000000002, 35.676825], "geometry": {"type": "Point", "coordinates": [139.51715000000002, 35.676825]}, "properties": {"id": "PS_6550FBF23304", "station_group_id": "SG_46AE60E2EB51", "name_en": "多磨", "name_ja": "多磨", "label_rank": 72, "tags": ["tokyo", "v3"]}}, {"type": "Feature", "bbox": [139.50212, 35.66636, 139.50212, 35.66636], "geometry": {"type": "Point", "coordinates": [139.50212, 35.66636]}, "properties": {"id": "PS_9ABDB626AEEF", "station_group_id": "SG_2E49B9F4281B", "name_en": "多磨霊園", "name_ja": "多磨霊園", "label_rank": 72, "tags": ["tokyo", "v3"]}}, {"type": "Feature", "bbox": [139.4615, 35.469795000000005, 139.4615, 35.469795000000005], "geometry": {"type": "Point", "coordinates": [139.4615, 35.469795000000005]}, "properties": {"id": "PS_07F9B313FEFF", "station_group_id": "SG_AE568B1FF4FF", "name_en": "大和", "name_ja": "大和", "label_rank": 72, "tags": ["tokyo", "v3"]}}, {"type": "Feature", "bbox": [139.416445, 35.63686, 139.416445, 35.63686], "geometry": {"type": "Point", "coordinates": [139.416445, 35.63686]}, "properties": {"id": "PS_1FD145EF2B16", "station_group_id": "SG_09829F8D4078", "name_en": "大塚・帝京大学", "name_ja": "大塚・帝京大学", "label_rank": 72, "tags": ["tokyo", "v3"]}}, {"type": "Feature", "bbox": [138.942565, 35.613254999999995, 138.942565, 35.613254999999995], "geometry": {"type": "Point", "coordinates": [138.942565, 35.613254999999995]}, "properties": {"id": "PS_C3AFAD2DBD7F", "station_group_id": "SG_6228EE6F9EAD", "name_en": "大月", "name_ja": "大月", "label_rank": 72, "tags": ["tokyo", "v3"]}}, {"type": "Feature", "bbox": [139.31327499999998, 35.31146, 139.31327499999998, 35.31146], "geometry": {"type": "Point", "coordinates": [139.31327499999998, 35.31146]}, "properties": {"id": "PS_D1B4BDC84370", "station_group_id": "SG_DB1E193B2667", "name_en": "大磯", "name_ja": "大磯", "label_rank": 72, "tags": ["tokyo", "v3"]}}, {"type": "Feature", "bbox": [139.53133000000003, 35.35401, 139.53133000000003, 35.35401], "geometry": {"type": "Point", "coordinates": [139.53133000000003, 35.35401]}, "properties": {"id": "PS_DBA52E5C5D10", "station_group_id": "SG_0490DB6DC24E", "name_en": "大船", "name_ja": "大船", "label_rank": 100, "tags": ["tokyo", "v3"]}}, {"type": "Feature", "bbox": [139.53151000000003, 35.354105000000004, 139.53151000000003, 35.354105000000004], "geometry": {"type": "Point", "coordinates": [139.53151000000003, 35.354105000000004]}, "properties": {"id": "PS_4A549161D1B2", "station_group_id": "SG_0490DB6DC24E", "name_en": "大船", "name_ja": "大船", "label_rank": 100, "tags": ["tokyo", "v3"]}}, {"type": "Feature", "bbox": [139.531165, 35.354155000000006, 139.531165, 35.354155000000006], "geometry": {"type": "Point", "coordinates": [139.531165, 35.354155000000006]}, "properties": {"id": "PS_6255B57623EF", "station_group_id": "SG_0490DB6DC24E", "name_en": "大船", "name_ja": "大船", "label_rank": 100, "tags": ["tokyo", "v3"]}}, {"type": "Feature", "bbox": [139.19368, 36.11731, 139.19368, 36.11731], "geometry": {"type": "Point", "coordinates": [139.19368, 36.11731]}, "properties": {"id": "PS_9BCFF5131650", "station_group_id": "SG_F5E32B3E2387", "name_en": "寄居", "name_ja": "寄居", "label_rank": 72, "tags": ["tokyo", "v3"]}}, {"type": "Feature", "bbox": [138.79483499999998, 35.48359, 138.79483499999998, 35.48359], "geometry": {"type": "Point", "coordinates": [138.79483499999998, 35.48359]}, "properties": {"id": "PS_D69FD0A270E3", "station_group_id": "SG_BD6691181693", "name_en": "富士山", "name_ja": "富士山", "label_rank": 72, "tags": ["tokyo", "v3"]}}, {"type": "Feature", "bbox": [138.79483499999998, 35.48359, 138.79483499999998, 35.48359], "geometry": {"type": "Point", "coordinates": [138.79483499999998, 35.48359]}, "properties": {"id": "PS_C3CF58BEC92C", "station_group_id": "SG_BD6691181693", "name_en": "富士山", "name_ja": "富士山", "label_rank": 72, "tags": ["tokyo", "v3"]}}, {"type": "Feature", "bbox": [138.78181666666669, 35.48953666666667, 138.78181666666669, 35.48953666666667], "geometry": {"type": "Point", "coordinates": [138.78181666666669, 35.48953666666667]}, "properties": {"id": "PS_EE2FB666AADE", "station_group_id": "SG_E99DA0916272", "name_en": "富士急ハイランド", "name_ja": "富士急ハイランド", "label_rank": 72, "tags": ["tokyo", "v3"]}}, {"type": "Feature", "bbox": [139.14516, 35.29677, 139.14516, 35.29677], "geometry": {"type": "Point", "coordinates": [139.14516, 35.29677]}, "properties": {"id": "PS_41694F52E391", "station_group_id": "SG_934189C77F11", "name_en": "富水", "name_ja": "富水", "label_rank": 72, "tags": ["tokyo", "v3"]}}, {"type": "Feature", "bbox": [138.82557, 35.508449999999996, 138.82557, 35.508449999999996], "geometry": {"type": "Point", "coordinates": [138.82557, 35.508449999999996]}, "properties": {"id": "PS_B53A7FF56727", "station_group_id": "SG_A1F94777728A", "name_en": "寿", "name_ja": "寿", "label_rank": 72, "tags": ["tokyo", "v3"]}}, {"type": "Feature", "bbox": [139.302275, 35.776055, 139.302275, 35.776055], "geometry": {"type": "Point", "coordinates": [139.302275, 35.776055]}, "properties": {"id": "PS_C1C279A6EF07", "station_group_id": "SG_F9CC4A891F4A", "name_en": "小作", "name_ja": "小作", "label_rank": 72, "tags": ["tokyo", "v3"]}}, {"type": "Feature", "bbox": [139.46349500000002, 35.737565000000004, 139.46349500000002, 35.737565000000004], "geometry": {"type": "Point", "coordinates": [139.46349500000002, 35.737565000000004]}, "properties": {"id": "PS_F9D99707E0C4", "station_group_id": "SG_DBE22F979F02", "name_en": "小川", "name_ja": "小川", "label_rank": 92, "tags": ["tokyo", "v3"]}}, {"type": "Feature", "bbox": [139.46349500000002, 35.737565000000004, 139.46349500000002, 35.737565000000004], "geometry": {"type": "Point", "coordinates": [139.46349500000002, 35.737565000000004]}, "properties": {"id": "PS_FD5398AD2B33", "station_group_id": "SG_DBE22F979F02", "name_en": "小川", "name_ja": "小川", "label_rank": 92, "tags": ["tokyo", "v3"]}}, {"type": "Feature", "bbox": [139.26065, 36.05873, 139.26065, 36.05873], "geometry": {"type": "Point", "coordinates": [139.26065, 36.05873]}, "properties": {"id": "PS_F552507FCDA8", "station_group_id": "SG_3EABE9D84F14", "name_en": "小川町", "name_ja": "小川町", "label_rank": 72, "tags": ["tokyo", "v3"]}}, {"type": "Feature", "bbox": [139.488445, 35.736914999999996, 139.488445, 35.736914999999996], "geometry": {"type": "Point", "coordinates": [139.488445, 35.736914999999996]}, "properties": {"id": "PS_E582AEB98AB0", "station_group_id": "SG_038269DB2BA4", "name_en": "小平", "name_ja": "小平", "label_rank": 92, "tags": ["tokyo", "v3"]}}, {"type": "Feature", "bbox": [139.488445, 35.736914999999996, 139.488445, 35.736914999999996], "geometry": {"type": "Point", "coordinates": [139.488445, 35.736914999999996]}, "properties": {"id": "PS_35E06B3A8D6D", "station_group_id": "SG_038269DB2BA4", "name_en": "小平", "name_ja": "小平", "label_rank": 92, "tags": ["tokyo", "v3"]}}, {"type": "Feature", "bbox": [139.43804, 35.800585, 139.43804, 35.800585], "geometry": {"type": "Point", "coordinates": [139.43804, 35.800585]}, "properties": {"id": "PS_869989B715C7", "station_group_id": "SG_2BEB26439BD0", "name_en": "小手指", "name_ja": "小手指", "label_rank": 92, "tags": ["tokyo", "v3"]}}, {"type": "Feature", "bbox": [139.15543, 35.256355, 139.15543, 35.256355], "geometry": {"type": "Point", "coordinates": [139.15543, 35.256355]}, "properties": {"id": "PS_F486A33E4BA3", "station_group_id": "SG_8009ABA7B52D", "name_en": "小田原", "name_ja": "小田原", "label_rank": 92, "tags": ["tokyo", "v3"]}}, {"type": "Feature", "bbox": [139.154765, 35.256209999999996, 139.154765, 35.256209999999996], "geometry": {"type": "Point", "coordinates": [139.154765, 35.256209999999996]}, "properties": {"id": "PS_024D750590C9", "station_group_id": "SG_8009ABA7B52D", "name_en": "小田原", "name_ja": "小田原", "label_rank": 92, "tags": ["tokyo", "v3"]}}, {"type": "Feature", "bbox": [139.15577000000002, 35.256095, 139.15577000000002, 35.256095], "geometry": {"type": "Point", "coordinates": [139.15577000000002, 35.256095]}, "properties": {"id": "PS_5D2D025B1593", "station_group_id": "SG_8009ABA7B52D", "name_en": "小田原", "name_ja": "小田原", "label_rank": 92, "tags": ["tokyo", "v3"]}}, {"type": "Feature", "bbox": [139.424375, 35.62493, 139.424375, 35.62493], "geometry": {"type": "Point", "coordinates": [139.424375, 35.62493]}, "properties": {"id": "PS_8B8D3D4B15F3", "station_group_id": "SG_B76C6BDF736F", "name_en": "小田急多摩センター", "name_ja": "小田急多摩センター", "label_rank": 72, "tags": ["tokyo", "v3"]}}, {"type": "Feature", "bbox": [139.44806, 35.629915, 139.44806, 35.629915], "geometry": {"type": "Point", "coordinates": [139.44806, 35.629915]}, "properties": {"id": "PS_EB79FFC19132", "station_group_id": "SG_D013FFB27DC0", "name_en": "小田急永山", "name_ja": "小田急永山", "label_rank": 72, "tags": ["tokyo", "v3"]}}, {"type": "Feature", "bbox": [139.423025, 35.515555, 139.423025, 35.515555], "geometry": {"type": "Point", "coordinates": [139.423025, 35.515555]}, "properties": {"id": "PS_BB2D01E2292F", "station_group_id": "SG_98FB52392C67", "name_en": "小田急相模原", "name_ja": "小田急相模原", "label_rank": 72, "tags": ["tokyo", "v3"]}}, {"type": "Feature", "bbox": [138.682975, 35.685050000000004, 138.682975, 35.685050000000004], "geometry": {"type": "Point", "coordinates": [138.682975, 35.685050000000004]}, "properties": {"id": "PS_B34AFD692583", "station_group_id": "SG_E31C20822F50", "name_en": "山梨市", "name_ja": "山梨市", "label_rank": 72, "tags": ["tokyo", "v3"]}}, {"type": "Feature", "bbox": [139.320755, 35.644355, 139.320755, 35.644355], "geometry": {"type": "Point", "coordinates": [139.320755, 35.644355]}, "properties": {"id": "PS_447DC8A34BE9", "station_group_id": "SG_747C5DDD6FC7", "name_en": "山田", "name_ja": "山田", "label_rank": 72, "tags": ["tokyo", "v3"]}}, {"type": "Feature", "bbox": [139.346475, 35.937605000000005, 139.346475, 35.937605000000005], "geometry": {"type": "Point", "coordinates": [139.346475, 35.937605000000005]}, "properties": {"id": "PS_359BBFB59ACE", "station_group_id": "SG_99F83CF344A0", "name_en": "川角", "name_ja": "川角", "label_rank": 72, "tags": ["tokyo", "v3"]}}, {"type": "Feature", "bbox": [139.483205, 35.906684999999996, 139.483205, 35.906684999999996], "geometry": {"type": "Point", "coordinates": [139.483205, 35.906684999999996]}, "properties": {"id": "PS_35A06C6A05DE", "station_group_id": "SG_005B4F5A5225", "name_en": "川越", "name_ja": "川越", "label_rank": 92, "tags": ["tokyo", "v3"]}}, {"type": "Feature", "bbox": [139.483145, 35.9072, 139.483145, 35.9072], "geometry": {"type": "Point", "coordinates": [139.483145, 35.9072]}, "properties": {"id": "PS_EE36A07D10CF", "station_group_id": "SG_005B4F5A5225", "name_en": "川越", "name_ja": "川越", "label_rank": 92, "tags": ["tokyo", "v3"]}}, {"type": "Feature", "bbox": [139.477095, 35.914135, 139.477095, 35.914135], "geometry": {"type": "Point", "coordinates": [139.477095, 35.914135]}, "properties": {"id": "PS_0C94DC8F8B17", "station_group_id": "SG_44F3EB2C9BDA", "name_en": "川越市", "name_ja": "川越市", "label_rank": 72, "tags": ["tokyo", "v3"]}}, {"type": "Feature", "bbox": [139.54126, 35.551265, 139.54126, 35.551265], "geometry": {"type": "Point", "coordinates": [139.54126, 35.551265]}, "properties": {"id": "PS_94BA2A1D8654", "station_group_id": "SG_7598B5403835", "name_en": "市が尾", "name_ja": "市が尾", "label_rank": 72, "tags": ["tokyo", "v3"]}}, {"type": "Feature", "bbox": [139.551715, 35.649860000000004, 139.551715, 35.649860000000004], "geometry": {"type": "Point", "coordinates": [139.551715, 35.649860000000004]}, "properties": {"id": "PS_FB020B4212BA", "station_group_id": "SG_87776A4B2B60", "name_en": "布田", "name_ja": "布田", "label_rank": 72, "tags": ["tokyo", "v3"]}}, {"type": "Feature", "bbox": [139.513475, 35.460539999999995, 139.513475, 35.460539999999995], "geometry": {"type": "Point", "coordinates": [139.513475, 35.460539999999995]}, "properties": {"id": "PS_B3092C9C4BEC", "station_group_id": "SG_B0CD24DFB322", "name_en": "希望ヶ丘", "name_ja": "希望ヶ丘", "label_rank": 72, "tags": ["tokyo", "v3"]}}, {"type": "Feature", "bbox": [139.349, 35.327659999999995, 139.349, 35.327659999999995], "geometry": {"type": "Point", "coordinates": [139.349, 35.327659999999995]}, "properties": {"id": "PS_85B31E51E4D3", "station_group_id": "SG_AAA70DA30269", "name_en": "平塚", "name_ja": "平塚", "label_rank": 72, "tags": ["tokyo", "v3"]}}, {"type": "Feature", "bbox": [139.349, 35.327439999999996, 139.349, 35.327439999999996], "geometry": {"type": "Point", "coordinates": [139.349, 35.327439999999996]}, "properties": {"id": "PS_0DEBA8D30AFF", "station_group_id": "SG_AAA70DA30269", "name_en": "平塚", "name_ja": "平塚", "label_rank": 72, "tags": ["tokyo", "v3"]}}, {"type": "Feature", "bbox": [139.379895, 35.647310000000004, 139.379895, 35.647310000000004], "geometry": {"type": "Point", "coordinates": [139.379895, 35.647310000000004]}, "properties": {"id": "PS_AF09D4221AEB", "station_group_id": "SG_6A2ACC426AB6", "name_en": "平山城址公園", "name_ja": "平山城址公園", "label_rank": 72, "tags": ["tokyo", "v3"]}}, {"type": "Feature", "bbox": [139.4801, 35.67219, 139.4801, 35.67219], "geometry": {"type": "Point", "coordinates": [139.4801, 35.67219]}, "properties": {"id": "PS_2D2EF6015EE3", "station_group_id": "SG_3DC897E56A4D", "name_en": "府中", "name_ja": "府中", "label_rank": 72, "tags": ["tokyo", "v3"]}}, {"type": "Feature", "bbox": [139.4771, 35.66584, 139.4771, 35.66584], "geometry": {"type": "Point", "coordinates": [139.4771, 35.66584]}, "properties": {"id": "PS_91E27DEAF4D5", "station_group_id": "SG_AA0B0BEDEFAD", "name_en": "府中本町", "name_ja": "府中本町", "label_rank": 72, "tags": ["tokyo", "v3"]}}, {"type": "Feature", "bbox": [139.485165, 35.668355, 139.485165, 35.668355], "geometry": {"type": "Point", "coordinates": [139.485165, 35.668355]}, "properties": {"id": "PS_F2039C066ADB", "station_group_id": "SG_2E674CAF1C2D", "name_en": "府中競馬正門前", "name_ja": "府中競馬正門前", "label_rank": 72, "tags": ["tokyo", "v3"]}}, {"type": "Feature", "bbox": [139.39988499999998, 35.48099, 139.39988499999998, 35.48099], "geometry": {"type": "Point", "coordinates": [139.39988499999998, 35.48099]}, "properties": {"id": "PS_76B7F07A6B1C", "station_group_id": "SG_69B18FB434FF", "name_en": "座間", "name_ja": "座間", "label_rank": 72, "tags": ["tokyo", "v3"]}}, {"type": "Feature", "bbox": [139.50663500000002, 35.42993, 139.50663500000002, 35.42993], "geometry": {"type": "Point", "coordinates": [139.50663500000002, 35.42993]}, "properties": {"id": "PS_F5E9C68B28CE", "station_group_id": "SG_1124CEC31AD0", "name_en": "弥生台", "name_ja": "弥生台", "label_rank": 72, "tags": ["tokyo", "v3"]}}, {"type": "Feature", "bbox": [139.46389, 35.711349999999996, 139.46389, 35.711349999999996], "geometry": {"type": "Point", "coordinates": [139.46389, 35.711349999999996]}, "properties": {"id": "PS_0512217B7953", "station_group_id": "SG_ECF3EC30801B", "name_en": "恋ヶ窪", "name_ja": "恋ヶ窪", "label_rank": 72, "tags": ["tokyo", "v3"]}}, {"type": "Feature", "bbox": [139.49216, 35.5456, 139.49216, 35.5456], "geometry": {"type": "Point", "coordinates": [139.49216, 35.5456]}, "properties": {"id": "PS_F4E4BC9BC752", "station_group_id": "SG_028B5C8B267F", "name_en": "恩田", "name_ja": "恩田", "label_rank": 72, "tags": ["tokyo", "v3"]}}, {"type": "Feature", "bbox": [139.344155, 35.417770000000004, 139.344155, 35.417770000000004], "geometry": {"type": "Point", "coordinates": [139.344155, 35.417770000000004]}, "properties": {"id": "PS_6A9856B12A2D", "station_group_id": "SG_CCC77DC596FE", "name_en": "愛甲石田", "name_ja": "愛甲石田", "label_rank": 72, "tags": ["tokyo", "v3"]}}, {"type": "Feature", "bbox": [139.53431, 35.400435, 139.53431, 35.400435], "geometry": {"type": "Point", "coordinates": [139.53431, 35.400435]}, "properties": {"id": "PS_E16ACE806CA9", "station_group_id": "SG_146DA21B9096", "name_en": "戸塚", "name_ja": "戸塚", "label_rank": 72, "tags": ["tokyo", "v3"]}}, {"type": "Feature", "bbox": [139.47328, 35.78682, 139.47328, 35.78682], "geometry": {"type": "Point", "coordinates": [139.47328, 35.78682]}, "properties": {"id": "PS_0F8A429E2166", "station_group_id": "SG_71D4296B90E8", "name_en": "所沢", "name_ja": "所沢", "label_rank": 100, "tags": ["tokyo", "v3"]}}, {"type": "Feature", "bbox": [139.473445, 35.786685, 139.473445, 35.786685], "geometry": {"type": "Point", "coordinates": [139.473445, 35.786685]}, "properties": {"id": "PS_B6280EE144B8", "station_group_id": "SG_71D4296B90E8", "name_en": "所沢", "name_ja": "所沢", "label_rank": 100, "tags": ["tokyo", "v3"]}}, {"type": "Feature", "bbox": [139.3442, 35.721064999999996, 139.3442, 35.721064999999996], "geometry": {"type": "Point", "coordinates": [139.3442, 35.721064999999996]}, "properties": {"id": "PS_9AA89FFBA2B2", "station_group_id": "SG_7F93B606940D", "name_en": "拝島", "name_ja": "拝島", "label_rank": 72, "tags": ["tokyo", "v3"]}}, {"type": "Feature", "bbox": [139.47050000000002, 35.73092, 139.47050000000002, 35.73092], "geometry": {"type": "Point", "coordinates": [139.47050000000002, 35.73092]}, "properties": {"id": "PS_76A26D1D8783", "station_group_id": "SG_325C1FE74FA3", "name_en": "新小平", "name_ja": "新小平", "label_rank": 72, "tags": ["tokyo", "v3"]}}, {"type": "Feature", "bbox": [139.526745, 35.69592, 139.526745, 35.69592], "geometry": {"type": "Point", "coordinates": [139.526745, 35.69592]}, "properties": {"id": "PS_922FFCA5D134", "station_group_id": "SG_524D2D139B33", "name_en": "新小金井", "name_ja": "新小金井", "label_rank": 72, "tags": ["tokyo", "v3"]}}, {"type": "Feature", "bbox": [138.433145, 35.736869999999996, 138.433145, 35.736869999999996], "geometry": {"type": "Point", "coordinates": [138.433145, 35.736869999999996]}, "properties": {"id": "PS_3C2C2EBF5B12", "station_group_id": "SG_47B195357ABE", "name_en": "新府", "name_ja": "新府", "label_rank": 72, "tags": ["tokyo", "v3"]}}, {"type": "Feature", "bbox": [139.55629, 35.80378, 139.55629, 35.80378], "geometry": {"type": "Point", "coordinates": [139.55629, 35.80378]}, "properties": {"id": "PS_64F4A0BCC013", "station_group_id": "SG_DFF6BF45A066", "name_en": "新座", "name_ja": "新座", "label_rank": 72, "tags": ["tokyo", "v3"]}}, {"type": "Feature", "bbox": [139.45717, 35.805805, 139.45717, 35.805805], "geometry": {"type": "Point", "coordinates": [139.45717, 35.805805]}, "properties": {"id": "PS_FEE4061E4ACD", "station_group_id": "SG_BA76237CC657", "name_en": "新所沢", "name_ja": "新所沢", "label_rank": 72, "tags": ["tokyo", "v3"]}}, {"type": "Feature", "bbox": [139.13945, 35.34461, 139.13945, 35.34461], "geometry": {"type": "Point", "coordinates": [139.13945, 35.34461]}, "properties": {"id": "PS_D459E9A34B16", "station_group_id": "SG_4EE2D97083C1", "name_en": "新松田", "name_ja": "新松田", "label_rank": 72, "tags": ["tokyo", "v3"]}}, {"type": "Feature", "bbox": [139.4973, 35.89102, 139.4973, 35.89102], "geometry": {"type": "Point", "coordinates": [139.4973, 35.89102]}, "properties": {"id": "PS_91DD2E3A1120", "station_group_id": "SG_D5A570CD4AB7", "name_en": "新河岸", "name_ja": "新河岸", "label_rank": 72, "tags": ["tokyo", "v3"]}}, {"type": "Feature", "bbox": [139.43379, 35.874155, 139.43379, 35.874155], "geometry": {"type": "Point", "coordinates": [139.43379, 35.874155]}, "properties": {"id": "PS_023A8B270F87", "station_group_id": "SG_D2AB56A8D685", "name_en": "新狭山", "name_ja": "新狭山", "label_rank": 72, "tags": ["tokyo", "v3"]}}, {"type": "Feature", "bbox": [139.507475, 35.603705, 139.507475, 35.603705], "geometry": {"type": "Point", "coordinates": [139.507475, 35.603705]}, "properties": {"id": "PS_582B3247BDDC", "station_group_id": "SG_210A0724BCF9", "name_en": "新百合ヶ丘", "name_ja": "新百合ヶ丘", "label_rank": 92, "tags": ["tokyo", "v3"]}}, {"type": "Feature", "bbox": [139.507475, 35.603705, 139.507475, 35.603705], "geometry": {"type": "Point", "coordinates": [139.507475, 35.603705]}, "properties": {"id": "PS_4D3EE9B6EBC4", "station_group_id": "SG_210A0724BCF9", "name_en": "新百合ヶ丘", "name_ja": "新百合ヶ丘", "label_rank": 92, "tags": ["tokyo", "v3"]}}, {"type": "Feature", "bbox": [139.49375500000002, 35.778310000000005, 139.49375500000002, 35.778310000000005], "geometry": {"type": "Point", "coordinates": [139.49375500000002, 35.778310000000005]}, "properties": {"id": "PS_95E9DD313BD4", "station_group_id": "SG_39939551085A", "name_en": "新秋津", "name_ja": "新秋津", "label_rank": 72, "tags": ["tokyo", "v3"]}}, {"type": "Feature", "bbox": [139.39343000000002, 35.678545, 139.39343000000002, 35.678545], "geometry": {"type": "Point", "coordinates": [139.39343000000002, 35.678545]}, "properties": {"id": "PS_59D280E90887", "station_group_id": "SG_88210F58D182", "name_en": "日野", "name_ja": "日野", "label_rank": 72, "tags": ["tokyo", "v3"]}}, {"type": "Feature", "bbox": [139.14499999999998, 35.238715, 139.14499999999998, 35.238715], "geometry": {"type": "Point", "coordinates": [139.14499999999998, 35.238715]}, "properties": {"id": "PS_326230A9D2F3", "station_group_id": "SG_BD1EFAECC3BD", "name_en": "早川", "name_ja": "早川", "label_rank": 72, "tags": ["tokyo", "v3"]}}, {"type": "Feature", "bbox": [138.65897999999999, 35.673465, 138.65897999999999, 35.673465], "geometry": {"type": "Point", "coordinates": [138.65897999999999, 35.673465]}, "properties": {"id": "PS_A6A47EEEFCEB", "station_group_id": "SG_B76417BCDC0F", "name_en": "春日居町", "name_ja": "春日居町", "label_rank": 72, "tags": ["tokyo", "v3"]}}, {"type": "Feature", "bbox": [139.361635, 35.71322, 139.361635, 35.71322], "geometry": {"type": "Point", "coordinates": [139.361635, 35.71322]}, "properties": {"id": "PS_31256F276136", "station_group_id": "SG_6A75B7897B8C", "name_en": "昭島", "name_ja": "昭島", "label_rank": 72, "tags": ["tokyo", "v3"]}}, {"type": "Feature", "bbox": [139.48864, 35.656185, 139.48864, 35.656185], "geometry": {"type": "Point", "coordinates": [139.48864, 35.656185]}, "properties": {"id": "PS_0DAF62E3D660", "station_group_id": "SG_83777553E69B", "name_en": "是政", "name_ja": "是政", "label_rank": 72, "tags": ["tokyo", "v3"]}}, {"type": "Feature", "bbox": [138.79798, 35.493325, 138.79798, 35.493325], "geometry": {"type": "Point", "coordinates": [138.79798, 35.493325]}, "properties": {"id": "PS_7DCE19EAFBFB", "station_group_id": "SG_32819B433AE2", "name_en": "月江寺", "name_ja": "月江寺", "label_rank": 72, "tags": ["tokyo", "v3"]}}, {"type": "Feature", "bbox": [139.364375, 35.43921, 139.364375, 35.43921], "geometry": {"type": "Point", "coordinates": [139.364375, 35.43921]}, "properties": {"id": "PS_DC23AD7352FE", "station_group_id": "SG_685FB54ADB48", "name_en": "本厚木", "name_ja": "本厚木", "label_rank": 72, "tags": ["tokyo", "v3"]}}, {"type": "Feature", "bbox": [139.48113, 35.913675, 139.48113, 35.913675], "geometry": {"type": "Point", "coordinates": [139.48113, 35.913675]}, "properties": {"id": "PS_522045A65BAE", "station_group_id": "SG_F5CBD1AB1FA1", "name_en": "本川越", "name_ja": "本川越", "label_rank": 72, "tags": ["tokyo", "v3"]}}, {"type": "Feature", "bbox": [139.550115, 35.367855000000006, 139.550115, 35.367855000000006], "geometry": {"type": "Point", "coordinates": [139.550115, 35.367855000000006]}, "properties": {"id": "PS_3DD9510B9D8A", "station_group_id": "SG_E1331BBD5651", "name_en": "本郷台", "name_ja": "本郷台", "label_rank": 72, "tags": ["tokyo", "v3"]}}, {"type": "Feature", "bbox": [139.47529, 35.331035, 139.47529, 35.331035], "geometry": {"type": "Point", "coordinates": [139.47529, 35.331035]}, "properties": {"id": "PS_F83E484619F2", "station_group_id": "SG_A3D918E360ED", "name_en": "本鵠沼", "name_ja": "本鵠沼", "label_rank": 72, "tags": ["tokyo", "v3"]}}, {"type": "Feature", "bbox": [139.384595, 35.706275, 139.384595, 35.706275], "geometry": {"type": "Point", "coordinates": [139.384595, 35.706275]}, "properties": {"id": "PS_DF5815EAA6E5", "station_group_id": "SG_7CE7482F90C5", "name_en": "東中神", "name_ja": "東中神", "label_rank": 72, "tags": ["tokyo", "v3"]}}, {"type": "Feature", "bbox": [139.53375, 35.76045, 139.53375, 35.76045], "geometry": {"type": "Point", "coordinates": [139.53375, 35.76045]}, "properties": {"id": "PS_EEE9BF0A8597", "station_group_id": "SG_0589A7CC7803", "name_en": "東久留米", "name_ja": "東久留米", "label_rank": 92, "tags": ["tokyo", "v3"]}}, {"type": "Feature", "bbox": [139.26027499999998, 35.89247, 139.26027499999998, 35.89247], "geometry": {"type": "Point", "coordinates": [139.26027499999998, 35.89247]}, "properties": {"id": "PS_E1D055973A5C", "station_group_id": "SG_43864BB7180A", "name_en": "東吾野", "name_ja": "東吾野", "label_rank": 72, "tags": ["tokyo", "v3"]}}, {"type": "Feature", "bbox": [139.434295, 35.732905, 139.434295, 35.732905], "geometry": {"type": "Point", "coordinates": [139.434295, 35.732905]}, "properties": {"id": "PS_F5C620FF6524", "station_group_id": "SG_F3245FA3D55F", "name_en": "東大和市", "name_ja": "東大和市", "label_rank": 72, "tags": ["tokyo", "v3"]}}, {"type": "Feature", "bbox": [139.52375999999998, 35.70156, 139.52375999999998, 35.70156], "geometry": {"type": "Point", "coordinates": [139.52375999999998, 35.70156]}, "properties": {"id": "PS_ED19CD89FB67", "station_group_id": "SG_0BA238D37D3A", "name_en": "東小金井", "name_ja": "東小金井", "label_rank": 72, "tags": ["tokyo", "v3"]}}, {"type": "Feature", "bbox": [138.703055, 35.69434, 138.703055, 35.69434], "geometry": {"type": "Point", "coordinates": [138.703055, 35.69434]}, "properties": {"id": "PS_6B86FC13C389", "station_group_id": "SG_C87E6BE760A5", "name_en": "東山梨", "name_ja": "東山梨", "label_rank": 72, "tags": ["tokyo", "v3"]}}, {"type": "Feature", "bbox": [139.4954, 35.668769999999995, 139.4954, 35.668769999999995], "geometry": {"type": "Point", "coordinates": [139.4954, 35.668769999999995]}, "properties": {"id": "PS_C7FF0DFDBBF9", "station_group_id": "SG_C44FF00C5252", "name_en": "東府中", "name_ja": "東府中", "label_rank": 72, "tags": ["tokyo", "v3"]}}, {"type": "Feature", "bbox": [139.4954, 35.668769999999995, 139.4954, 35.668769999999995], "geometry": {"type": "Point", "coordinates": [139.4954, 35.668769999999995]}, "properties": {"id": "PS_AB110E013E6C", "station_group_id": "SG_C44FF00C5252", "name_en": "東府中", "name_ja": "東府中", "label_rank": 72, "tags": ["tokyo", "v3"]}}, {"type": "Feature", "bbox": [139.55650500000002, 35.429955, 139.55650500000002, 35.429955], "geometry": {"type": "Point", "coordinates": [139.55650500000002, 35.429955]}, "properties": {"id": "PS_821FFA6CE858", "station_group_id": "SG_1390D9C114EC", "name_en": "東戸塚", "name_ja": "東戸塚", "label_rank": 72, "tags": ["tokyo", "v3"]}}, {"type": "Feature", "bbox": [139.51454, 35.79489, 139.51454, 35.79489], "geometry": {"type": "Point", "coordinates": [139.51454, 35.79489]}, "properties": {"id": "PS_1EE762BD1737", "station_group_id": "SG_7581647637E6", "name_en": "東所沢", "name_ja": "東所沢", "label_rank": 72, "tags": ["tokyo", "v3"]}}, {"type": "Feature", "bbox": [139.46586000000002, 35.759965, 139.46586000000002, 35.759965], "geometry": {"type": "Point", "coordinates": [139.46586000000002, 35.759965]}, "properties": {"id": "PS_5A1A147F67FA", "station_group_id": "SG_C22E078A665F", "name_en": "東村山", "name_ja": "東村山", "label_rank": 92, "tags": ["tokyo", "v3"]}}, {"type": "Feature", "bbox": [139.46586000000002, 35.759965, 139.46586000000002, 35.759965], "geometry": {"type": "Point", "coordinates": [139.46586000000002, 35.759965]}, "properties": {"id": "PS_D056173F3A09", "station_group_id": "SG_C22E078A665F", "name_en": "東村山", "name_ja": "東村山", "label_rank": 92, "tags": ["tokyo", "v3"]}}, {"type": "Feature", "bbox": [139.46586000000002, 35.759965, 139.46586000000002, 35.759965], "geometry": {"type": "Point", "coordinates": [139.46586000000002, 35.759965]}, "properties": {"id": "PS_D8F685FC6BD5", "station_group_id": "SG_C22E078A665F", "name_en": "東村山", "name_ja": "東村山", "label_rank": 92, "tags": ["tokyo", "v3"]}}, {"type": "Feature", "bbox": [139.40152, 36.034819999999996, 139.40152, 36.034819999999996], "geometry": {"type": "Point", "coordinates": [139.40152, 36.034819999999996]}, "properties": {"id": "PS_A27EA121A293", "station_group_id": "SG_1BA15A53A719", "name_en": "東松山", "name_ja": "東松山", "label_rank": 72, "tags": ["tokyo", "v3"]}}, {"type": "Feature", "bbox": [139.43912, 35.52002, 139.43912, 35.52002], "geometry": {"type": "Point", "coordinates": [139.43912, 35.52002]}, "properties": {"id": "PS_AC03CF281131", "station_group_id": "SG_B2DF64C0EAE7", "name_en": "東林間", "name_ja": "東林間", "label_rank": 72, "tags": ["tokyo", "v3"]}}, {"type": "Feature", "bbox": [138.87045, 35.536245, 138.87045, 35.536245], "geometry": {"type": "Point", "coordinates": [138.87045, 35.536245]}, "properties": {"id": "PS_C2F55B9A5B63", "station_group_id": "SG_4E83310B6729", "name_en": "東桂", "name_ja": "東桂", "label_rank": 72, "tags": ["tokyo", "v3"]}}, {"type": "Feature", "bbox": [139.23762, 36.07537000000001, 139.23762, 36.07537000000001], "geometry": {"type": "Point", "coordinates": [139.23762, 36.07537000000001]}, "properties": {"id": "PS_F64B0D0E9485", "station_group_id": "SG_1ACAA31D9301", "name_en": "東武竹沢", "name_ja": "東武竹沢", "label_rank": 72, "tags": ["tokyo", "v3"]}}, {"type": "Feature", "bbox": [139.31533000000002, 35.94715, 139.31533000000002, 35.94715], "geometry": {"type": "Point", "coordinates": [139.31533000000002, 35.94715]}, "properties": {"id": "PS_467A27D1800B", "station_group_id": "SG_1E5F77F26E70", "name_en": "東毛呂", "name_ja": "東毛呂", "label_rank": 72, "tags": ["tokyo", "v3"]}}, {"type": "Feature", "bbox": [139.27094, 35.372915000000006, 139.27094, 35.372915000000006], "geometry": {"type": "Point", "coordinates": [139.27094, 35.372915000000006]}, "properties": {"id": "PS_EA0E39FAE000", "station_group_id": "SG_F274D66DAB8B", "name_en": "東海大学前", "name_ja": "東海大学前", "label_rank": 72, "tags": ["tokyo", "v3"]}}, {"type": "Feature", "bbox": [139.272805, 35.789815000000004, 139.272805, 35.789815000000004], "geometry": {"type": "Point", "coordinates": [139.272805, 35.789815000000004]}, "properties": {"id": "PS_2F3714378710", "station_group_id": "SG_22EC62CDDC3C", "name_en": "東青梅", "name_ja": "東青梅", "label_rank": 72, "tags": ["tokyo", "v3"]}}, {"type": "Feature", "bbox": [139.32598000000002, 35.85302, 139.32598000000002, 35.85302], "geometry": {"type": "Point", "coordinates": [139.32598000000002, 35.85302]}, "properties": {"id": "PS_3339CF49F446", "station_group_id": "SG_7FE076EEAD71", "name_en": "東飯能", "name_ja": "東飯能", "label_rank": 72, "tags": ["tokyo", "v3"]}}, {"type": "Feature", "bbox": [139.422035, 35.631795, 139.422035, 35.631795], "geometry": {"type": "Point", "coordinates": [139.422035, 35.631795]}, "properties": {"id": "PS_9E8722F2409F", "station_group_id": "SG_640EADD9CC45", "name_en": "松が谷", "name_ja": "松が谷", "label_rank": 72, "tags": ["tokyo", "v3"]}}, {"type": "Feature", "bbox": [139.56246, 35.830560000000006, 139.56246, 35.830560000000006], "geometry": {"type": "Point", "coordinates": [139.56246, 35.830560000000006]}, "properties": {"id": "PS_15794EDF0E49", "station_group_id": "SG_518C226F4041", "name_en": "柳瀬川", "name_ja": "柳瀬川", "label_rank": 72, "tags": ["tokyo", "v3"]}}, {"type": "Feature", "bbox": [139.40928000000002, 35.689800000000005, 139.40928000000002, 35.689800000000005], "geometry": {"type": "Point", "coordinates": [139.40928000000002, 35.689800000000005]}, "properties": {"id": "PS_850F44E6B4F4", "station_group_id": "SG_E7003A8B194A", "name_en": "柴崎体育館", "name_ja": "柴崎体育館", "label_rank": 72, "tags": ["tokyo", "v3"]}}, {"type": "Feature", "bbox": [139.49755, 35.589569999999995, 139.49755, 35.589569999999995], "geometry": {"type": "Point", "coordinates": [139.49755, 35.589569999999995]}, "properties": {"id": "PS_A91D4E4B8E9F", "station_group_id": "SG_3EDBAE2FC8E3", "name_en": "柿生", "name_ja": "柿生", "label_rank": 72, "tags": ["tokyo", "v3"]}}, {"type": "Feature", "bbox": [139.481295, 35.60575, 139.481295, 35.60575], "geometry": {"type": "Point", "coordinates": [139.481295, 35.60575]}, "properties": {"id": "PS_B1613C48FD8C", "station_group_id": "SG_F43FC2B8CCD0", "name_en": "栗平", "name_ja": "栗平", "label_rank": 72, "tags": ["tokyo", "v3"]}}, {"type": "Feature", "bbox": [139.142575, 35.310649999999995, 139.142575, 35.310649999999995], "geometry": {"type": "Point", "coordinates": [139.142575, 35.310649999999995]}, "properties": {"id": "PS_2BCE50F66CFA", "station_group_id": "SG_74601B2C7ECB", "name_en": "栢山", "name_ja": "栢山", "label_rank": 72, "tags": ["tokyo", "v3"]}}, {"type": "Feature", "bbox": [139.13862999999998, 35.202574999999996, 139.13862999999998, 35.202574999999996], "geometry": {"type": "Point", "coordinates": [139.13862999999998, 35.202574999999996]}, "properties": {"id": "PS_B30119C5C461", "station_group_id": "SG_2C254A397E62", "name_en": "根府川", "name_ja": "根府川", "label_rank": 72, "tags": ["tokyo", "v3"]}}, {"type": "Feature", "bbox": [139.46573999999998, 35.45053, 139.46573999999998, 35.45053], "geometry": {"type": "Point", "coordinates": [139.46573999999998, 35.45053]}, "properties": {"id": "PS_3DCB4EE6051F", "station_group_id": "SG_5BFF38BB7D97", "name_en": "桜ヶ丘", "name_ja": "桜ヶ丘", "label_rank": 72, "tags": ["tokyo", "v3"]}}, {"type": "Feature", "bbox": [139.41655500000002, 35.739035, 139.41655500000002, 35.739035], "geometry": {"type": "Point", "coordinates": [139.41655500000002, 35.739035]}, "properties": {"id": "PS_1005266B550F", "station_group_id": "SG_3A98DC7DCE3A", "name_en": "桜街道", "name_ja": "桜街道", "label_rank": 72, "tags": ["tokyo", "v3"]}}, {"type": "Feature", "bbox": [139.0373, 35.606265, 139.0373, 35.606265], "geometry": {"type": "Point", "coordinates": [139.0373, 35.606265]}, "properties": {"id": "PS_9C9865C15008", "station_group_id": "SG_10A357562B2D", "name_en": "梁川", "name_ja": "梁川", "label_rank": 72, "tags": ["tokyo", "v3"]}}, {"type": "Feature", "bbox": [139.37533000000002, 36.045165, 139.37533000000002, 36.045165], "geometry": {"type": "Point", "coordinates": [139.37533000000002, 36.045165]}, "properties": {"id": "PS_D5C14046FFF6", "station_group_id": "SG_355F125069ED", "name_en": "森林公園", "name_ja": "森林公園", "label_rank": 72, "tags": ["tokyo", "v3"]}}, {"type": "Feature", "bbox": [139.098275, 35.9845, 139.098275, 35.9845], "geometry": {"type": "Point", "coordinates": [139.098275, 35.9845]}, "properties": {"id": "PS_AF8BA9810ADE", "station_group_id": "SG_68B309CFA566", "name_en": "横瀬", "name_ja": "横瀬", "label_rank": 72, "tags": ["tokyo", "v3"]}}, {"type": "Feature", "bbox": [139.34354000000002, 35.59521, 139.34354000000002, 35.59521], "geometry": {"type": "Point", "coordinates": [139.34354000000002, 35.59521]}, "properties": {"id": "PS_3E610173AC45", "station_group_id": "SG_7D047EFA3FA7", "name_en": "橋本", "name_ja": "橋本", "label_rank": 72, "tags": ["tokyo", "v3"]}}, {"type": "Feature", "bbox": [139.181485, 35.9383, 139.181485, 35.9383], "geometry": {"type": "Point", "coordinates": [139.181485, 35.9383]}, "properties": {"id": "PS_C019DA005159", "station_group_id": "SG_05DF836F1D5A", "name_en": "正丸", "name_ja": "正丸", "label_rank": 72, "tags": ["tokyo", "v3"]}}, {"type": "Feature", "bbox": [139.30926, 35.95221, 139.30926, 35.95221], "geometry": {"type": "Point", "coordinates": [139.30926, 35.95221]}, "properties": {"id": "PS_4087B5EF6406", "station_group_id": "SG_EEFAF6F444DD", "name_en": "武州唐沢", "name_ja": "武州唐沢", "label_rank": 72, "tags": ["tokyo", "v3"]}}, {"type": "Feature", "bbox": [139.32619, 35.941995000000006, 139.32619, 35.941995000000006], "geometry": {"type": "Point", "coordinates": [139.32619, 35.941995000000006]}, "properties": {"id": "PS_CB4277F2A826", "station_group_id": "SG_129856F2EDBB", "name_en": "武州長瀬", "name_ja": "武州長瀬", "label_rank": 72, "tags": ["tokyo", "v3"]}}, {"type": "Feature", "bbox": [139.544265, 35.70191, 139.544265, 35.70191], "geometry": {"type": "Point", "coordinates": [139.544265, 35.70191]}, "properties": {"id": "PS_85AD86A0F2B0", "station_group_id": "SG_7AF58CA7BB43", "name_en": "武蔵境", "name_ja": "武蔵境", "label_rank": 92, "tags": ["tokyo", "v3"]}}, {"type": "Feature", "bbox": [139.543555, 35.70209, 139.543555, 35.70209], "geometry": {"type": "Point", "coordinates": [139.543555, 35.70209]}, "properties": {"id": "PS_5667B28E81C0", "station_group_id": "SG_7AF58CA7BB43", "name_en": "武蔵境", "name_ja": "武蔵境", "label_rank": 92, "tags": ["tokyo", "v3"]}}, {"type": "Feature", "bbox": [139.44404, 35.756434999999996, 139.44404, 35.756434999999996], "geometry": {"type": "Point", "coordinates": [139.44404, 35.756434999999996]}, "properties": {"id": "PS_BD1D354AAA25", "station_group_id": "SG_B317D641A268", "name_en": "武蔵大和", "name_ja": "武蔵大和", "label_rank": 72, "tags": ["tokyo", "v3"]}}, {"type": "Feature", "bbox": [139.50592999999998, 35.701035, 139.50592999999998, 35.701035], "geometry": {"type": "Point", "coordinates": [139.50592999999998, 35.701035]}, "properties": {"id": "PS_8E9A67A36495", "station_group_id": "SG_A5AB749277E7", "name_en": "武蔵小金井", "name_ja": "武蔵小金井", "label_rank": 72, "tags": ["tokyo", "v3"]}}, {"type": "Feature", "bbox": [139.32774, 36.044385, 139.32774, 36.044385], "geometry": {"type": "Point", "coordinates": [139.32774, 36.044385]}, "properties": {"id": "PS_F62B9B28CF3C", "station_group_id": "SG_8EEFDE5EF8CC", "name_en": "武蔵嵐山", "name_ja": "武蔵嵐山", "label_rank": 72, "tags": ["tokyo", "v3"]}}, {"type": "Feature", "bbox": [139.28068, 35.885255, 139.28068, 35.885255], "geometry": {"type": "Point", "coordinates": [139.28068, 35.885255]}, "properties": {"id": "PS_2C5046E1DEE8", "station_group_id": "SG_8A828806BD9D", "name_en": "武蔵横手", "name_ja": "武蔵横手", "label_rank": 72, "tags": ["tokyo", "v3"]}}, {"type": "Feature", "bbox": [139.39234499999998, 35.728825, 139.39234499999998, 35.728825], "geometry": {"type": "Point", "coordinates": [139.39234499999998, 35.728825]}, "properties": {"id": "PS_E59D380AA887", "station_group_id": "SG_BA2CFD9E06E5", "name_en": "武蔵砂川", "name_ja": "武蔵砂川", "label_rank": 72, "tags": ["tokyo", "v3"]}}, {"type": "Feature", "bbox": [139.412755, 35.82085, 139.412755, 35.82085], "geometry": {"type": "Point", "coordinates": [139.412755, 35.82085]}, "properties": {"id": "PS_90495F928343", "station_group_id": "SG_74189721BA9D", "name_en": "武蔵藤沢", "name_ja": "武蔵藤沢", "label_rank": 72, "tags": ["tokyo", "v3"]}}, {"type": "Feature", "bbox": [139.511305, 35.664135, 139.511305, 35.664135], "geometry": {"type": "Point", "coordinates": [139.511305, 35.664135]}, "properties": {"id": "PS_DACA139AA683", "station_group_id": "SG_48DDBA4D73FA", "name_en": "武蔵野台", "name_ja": "武蔵野台", "label_rank": 72, "tags": ["tokyo", "v3"]}}, {"type": "Feature", "bbox": [139.37112000000002, 35.901685, 139.37112000000002, 35.901685], "geometry": {"type": "Point", "coordinates": [139.37112000000002, 35.901685]}, "properties": {"id": "PS_6769CC49BE72", "station_group_id": "SG_9EE6DF93BE72", "name_en": "武蔵高萩", "name_ja": "武蔵高萩", "label_rank": 72, "tags": ["tokyo", "v3"]}}, {"type": "Feature", "bbox": [139.25951, 36.13538, 139.25951, 36.13538], "geometry": {"type": "Point", "coordinates": [139.25951, 36.13538]}, "properties": {"id": "PS_568374F19C05", "station_group_id": "SG_B25C84AEEBC5", "name_en": "永田", "name_ja": "永田", "label_rank": 72, "tags": ["tokyo", "v3"]}}, {"type": "Feature", "bbox": [139.55140999999998, 35.558535, 139.55140999999998, 35.558535], "geometry": {"type": "Point", "coordinates": [139.55140999999998, 35.558535]}, "properties": {"id": "PS_C86DD73E2A84", "station_group_id": "SG_ED5F250A15BE", "name_en": "江田", "name_ja": "江田", "label_rank": 72, "tags": ["tokyo", "v3"]}}, {"type": "Feature", "bbox": [138.76938, 35.49798, 138.76938, 35.49798], "geometry": {"type": "Point", "coordinates": [138.76938, 35.49798]}, "properties": {"id": "PS_7C2111EBF7F5", "station_group_id": "SG_D0EC2F3EE720", "name_en": "河口湖", "name_ja": "河口湖", "label_rank": 72, "tags": ["tokyo", "v3"]}}, {"type": "Feature", "bbox": [139.28405500000002, 35.784774999999996, 139.28405500000002, 35.784774999999996], "geometry": {"type": "Point", "coordinates": [139.28405500000002, 35.784774999999996]}, "properties": {"id": "PS_80EEC696CF48", "station_group_id": "SG_E4F91535350F", "name_en": "河辺", "name_ja": "河辺", "label_rank": 72, "tags": ["tokyo", "v3"]}}, {"type": "Feature", "bbox": [139.419565, 35.718845, 139.419565, 35.718845], "geometry": {"type": "Point", "coordinates": [139.419565, 35.718845]}, "properties": {"id": "PS_551F4E33BC65", "station_group_id": "SG_0767DA0F6061", "name_en": "泉体育館", "name_ja": "泉体育館", "label_rank": 72, "tags": ["tokyo", "v3"]}}, {"type": "Feature", "bbox": [139.39096, 35.452835, 139.39096, 35.452835], "geometry": {"type": "Point", "coordinates": [139.39096, 35.452835]}, "properties": {"id": "PS_E18C21E488F5", "station_group_id": "SG_24D45A0F45EA", "name_en": "海老名", "name_ja": "海老名", "label_rank": 72, "tags": ["tokyo", "v3"]}}, {"type": "Feature", "bbox": [139.519895, 35.771964999999994, 139.519895, 35.771964999999994], "geometry": {"type": "Point", "coordinates": [139.519895, 35.771964999999994]}, "properties": {"id": "PS_21AE54C9DEF8", "station_group_id": "SG_9E74BE0AC78E", "name_en": "清瀬", "name_ja": "清瀬", "label_rank": 92, "tags": ["tokyo", "v3"]}}, {"type": "Feature", "bbox": [139.184495, 35.374044999999995, 139.184495, 35.374044999999995], "geometry": {"type": "Point", "coordinates": [139.184495, 35.374044999999995]}, "properties": {"id": "PS_C8AE2EDD45F7", "station_group_id": "SG_7DE28E2DA5E2", "name_en": "渋沢", "name_ja": "渋沢", "label_rank": 72, "tags": ["tokyo", "v3"]}}, {"type": "Feature", "bbox": [139.46647000000002, 35.396545, 139.46647000000002, 35.396545], "geometry": {"type": "Point", "coordinates": [139.46647000000002, 35.396545]}, "properties": {"id": "PS_99341E024BCB", "station_group_id": "SG_D9B5AD29F781", "name_en": "湘南台", "name_ja": "湘南台", "label_rank": 72, "tags": ["tokyo", "v3"]}}, {"type": "Feature", "bbox": [139.48259000000002, 35.4704, 139.48259000000002, 35.4704], "geometry": {"type": "Point", "coordinates": [139.48259000000002, 35.4704]}, "properties": {"id": "PS_227C4F8D92E0", "station_group_id": "SG_6E0FBC6E6C0F", "name_en": "瀬谷", "name_ja": "瀬谷", "label_rank": 72, "tags": ["tokyo", "v3"]}}, {"type": "Feature", "bbox": [139.389925, 36.13981, 139.389925, 36.13981], "geometry": {"type": "Point", "coordinates": [139.389925, 36.13981]}, "properties": {"id": "PS_2A6F656B158B", "station_group_id": "SG_3E5C16A6DE1F", "name_en": "熊谷", "name_ja": "熊谷", "label_rank": 72, "tags": ["tokyo", "v3"]}}, {"type": "Feature", "bbox": [139.389645, 36.1395, 139.389645, 36.1395], "geometry": {"type": "Point", "coordinates": [139.389645, 36.1395]}, "properties": {"id": "PS_A6EB8E4B040E", "station_group_id": "SG_3E5C16A6DE1F", "name_en": "熊谷", "name_ja": "熊谷", "label_rank": 72, "tags": ["tokyo", "v3"]}}, {"type": "Feature", "bbox": [139.482925, 35.309309999999996, 139.482925, 35.309309999999996], "geometry": {"type": "Point", "coordinates": [139.482925, 35.309309999999996]}, "properties": {"id": "PS_70AE80DFD7D5", "station_group_id": "SG_4376D73A06BE", "name_en": "片瀬江ノ島", "name_ja": "片瀬江ノ島", "label_rank": 72, "tags": ["tokyo", "v3"]}}, {"type": "Feature", "bbox": [139.33379000000002, 35.734335, 139.33379000000002, 35.734335], "geometry": {"type": "Point", "coordinates": [139.33379000000002, 35.734335]}, "properties": {"id": "PS_99D77FE6FC38", "station_group_id": "SG_22875E84BB24", "name_en": "牛浜", "name_ja": "牛浜", "label_rank": 72, "tags": ["tokyo", "v3"]}}, {"type": "Feature", "bbox": [139.41702, 35.810405, 139.41702, 35.810405], "geometry": {"type": "Point", "coordinates": [139.41702, 35.810405]}, "properties": {"id": "PS_53A5C6A6151A", "station_group_id": "SG_42A38B810731", "name_en": "狭山ヶ丘", "name_ja": "狭山ヶ丘", "label_rank": 72, "tags": ["tokyo", "v3"]}}, {"type": "Feature", "bbox": [139.41339, 35.85726, 139.41339, 35.85726], "geometry": {"type": "Point", "coordinates": [139.41339, 35.85726]}, "properties": {"id": "PS_99C0F1101058", "station_group_id": "SG_137BD7BBC667", "name_en": "狭山市", "name_ja": "狭山市", "label_rank": 72, "tags": ["tokyo", "v3"]}}, {"type": "Feature", "bbox": [139.293645, 35.64059, 139.293645, 35.64059], "geometry": {"type": "Point", "coordinates": [139.293645, 35.64059]}, "properties": {"id": "PS_D61EE4A81A2C", "station_group_id": "SG_B0B1F993F981", "name_en": "狭間", "name_ja": "狭間", "label_rank": 72, "tags": ["tokyo", "v3"]}}, {"type": "Feature", "bbox": [138.96838, 35.61289, 138.96838, 35.61289], "geometry": {"type": "Point", "coordinates": [138.96838, 35.61289]}, "properties": {"id": "PS_A18F5B120962", "station_group_id": "SG_099ADC569ADD", "name_en": "猿橋", "name_ja": "猿橋", "label_rank": 72, "tags": ["tokyo", "v3"]}}, {"type": "Feature", "bbox": [139.418775, 35.731705000000005, 139.418775, 35.731705000000005], "geometry": {"type": "Point", "coordinates": [139.418775, 35.731705000000005]}, "properties": {"id": "PS_1A6A387CF19B", "station_group_id": "SG_3A556A76E0D7", "name_en": "玉川上水", "name_ja": "玉川上水", "label_rank": 92, "tags": ["tokyo", "v3"]}}, {"type": "Feature", "bbox": [139.417735, 35.732169999999996, 139.417735, 35.732169999999996], "geometry": {"type": "Point", "coordinates": [139.417735, 35.732169999999996]}, "properties": {"id": "PS_0842BCE3F0A1", "station_group_id": "SG_3A556A76E0D7", "name_en": "玉川上水", "name_ja": "玉川上水", "label_rank": 92, "tags": ["tokyo", "v3"]}}, {"type": "Feature", "bbox": [139.46344, 35.563509999999994, 139.46344, 35.563509999999994], "geometry": {"type": "Point", "coordinates": [139.46344, 35.563509999999994]}, "properties": {"id": "PS_2B116FE088C1", "station_group_id": "SG_D5C26B8A41E4", "name_en": "玉川学園前", "name_ja": "玉川学園前", "label_rank": 72, "tags": ["tokyo", "v3"]}}, {"type": "Feature", "bbox": [139.20021, 36.116945, 139.20021, 36.116945], "geometry": {"type": "Point", "coordinates": [139.20021, 36.116945]}, "properties": {"id": "PS_5BB37A7810C2", "station_group_id": "SG_F29814CC4410", "name_en": "玉淀", "name_ja": "玉淀", "label_rank": 72, "tags": ["tokyo", "v3"]}}, {"type": "Feature", "bbox": [139.5418, 35.614940000000004, 139.5418, 35.614940000000004], "geometry": {"type": "Point", "coordinates": [139.5418, 35.614940000000004]}, "properties": {"id": "PS_4BAB8A571159", "station_group_id": "SG_6F3B827A06ED", "name_en": "生田", "name_ja": "生田", "label_rank": 72, "tags": ["tokyo", "v3"]}}, {"type": "Feature", "bbox": [139.50455, 35.535875000000004, 139.50455, 35.535875000000004], "geometry": {"type": "Point", "coordinates": [139.50455, 35.535875000000004]}, "properties": {"id": "PS_56478C84F8B5", "station_group_id": "SG_B9E0321CB9ED", "name_en": "田奈", "name_ja": "田奈", "label_rank": 72, "tags": ["tokyo", "v3"]}}, {"type": "Feature", "bbox": [139.538985, 35.727195, 139.538985, 35.727195], "geometry": {"type": "Point", "coordinates": [139.538985, 35.727195]}, "properties": {"id": "PS_6AF2CF05EA5C", "station_group_id": "SG_58ABAD743C90", "name_en": "田無", "name_ja": "田無", "label_rank": 92, "tags": ["tokyo", "v3"]}}, {"type": "Feature", "bbox": [138.931205, 35.593475, 138.931205, 35.593475], "geometry": {"type": "Point", "coordinates": [138.931205, 35.593475]}, "properties": {"id": "PS_EF1D4EEC4A01", "station_group_id": "SG_D2689304D93A", "name_en": "田野倉", "name_ja": "田野倉", "label_rank": 72, "tags": ["tokyo", "v3"]}}, {"type": "Feature", "bbox": [139.409155, 35.67825, 139.409155, 35.67825], "geometry": {"type": "Point", "coordinates": [139.409155, 35.67825]}, "properties": {"id": "PS_1232F7D07B6E", "station_group_id": "SG_7C841727812E", "name_en": "甲州街道", "name_ja": "甲州街道", "label_rank": 72, "tags": ["tokyo", "v3"]}}, {"type": "Feature", "bbox": [138.56876, 35.667125, 138.56876, 35.667125], "geometry": {"type": "Point", "coordinates": [138.56876, 35.667125]}, "properties": {"id": "PS_4EF2A08ACD09", "station_group_id": "SG_92874CA7310D", "name_en": "甲府", "name_ja": "甲府", "label_rank": 72, "tags": ["tokyo", "v3"]}}, {"type": "Feature", "bbox": [138.78162, 35.639345, 138.78162, 35.639345], "geometry": {"type": "Point", "coordinates": [138.78162, 35.639345]}, "properties": {"id": "PS_E8C22E715DA3", "station_group_id": "SG_DC6F57D78317", "name_en": "甲斐大和", "name_ja": "甲斐大和", "label_rank": 72, "tags": ["tokyo", "v3"]}}, {"type": "Feature", "bbox": [139.23399999999998, 36.107865000000004, 139.23399999999998, 36.107865000000004], "geometry": {"type": "Point", "coordinates": [139.23399999999998, 36.107865000000004]}, "properties": {"id": "PS_7FB909BE5920", "station_group_id": "SG_B7D1A9C07DC0", "name_en": "男衾", "name_ja": "男衾", "label_rank": 72, "tags": ["tokyo", "v3"]}}, {"type": "Feature", "bbox": [139.445085, 35.543915, 139.445085, 35.543915], "geometry": {"type": "Point", "coordinates": [139.445085, 35.543915]}, "properties": {"id": "PS_704A8E96DFD4", "station_group_id": "SG_39803B4401DD", "name_en": "町田", "name_ja": "町田", "label_rank": 92, "tags": ["tokyo", "v3"]}}, {"type": "Feature", "bbox": [139.509525, 35.666305, 139.509525, 35.666305], "geometry": {"type": "Point", "coordinates": [139.509525, 35.666305]}, "properties": {"id": "PS_9672FFE41B9D", "station_group_id": "SG_07D7AE62B776", "name_en": "白糸台", "name_ja": "白糸台", "label_rank": 72, "tags": ["tokyo", "v3"]}}, {"type": "Feature", "bbox": [139.51608, 35.609025, 139.51608, 35.609025], "geometry": {"type": "Point", "coordinates": [139.51608, 35.609025]}, "properties": {"id": "PS_C8C11E95F932", "station_group_id": "SG_F3EC4FF168E7", "name_en": "百合ヶ丘", "name_ja": "百合ヶ丘", "label_rank": 72, "tags": ["tokyo", "v3"]}}, {"type": "Feature", "bbox": [139.431375, 35.657375, 139.431375, 35.657375], "geometry": {"type": "Point", "coordinates": [139.431375, 35.657375]}, "properties": {"id": "PS_E3F09B150666", "station_group_id": "SG_FC1527E79FC7", "name_en": "百草園", "name_ja": "百草園", "label_rank": 72, "tags": ["tokyo", "v3"]}}, {"type": "Feature", "bbox": [139.43541, 35.91754, 139.43541, 35.91754], "geometry": {"type": "Point", "coordinates": [139.43541, 35.91754]}, "properties": {"id": "PS_3D40F3A9E4F0", "station_group_id": "SG_D28A85F021A9", "name_en": "的場", "name_ja": "的場", "label_rank": 72, "tags": ["tokyo", "v3"]}}, {"type": "Feature", "bbox": [139.44115499999998, 35.47054, 139.44115499999998, 35.47054], "geometry": {"type": "Point", "coordinates": [139.44115499999998, 35.47054]}, "properties": {"id": "PS_3545FC83785A", "station_group_id": "SG_1537C3C92D84", "name_en": "相模大塚", "name_ja": "相模大塚", "label_rank": 72, "tags": ["tokyo", "v3"]}}, {"type": "Feature", "bbox": [139.437885, 35.5322, 139.437885, 35.5322], "geometry": {"type": "Point", "coordinates": [139.437885, 35.5322]}, "properties": {"id": "PS_ED78B1CF1AC1", "station_group_id": "SG_7FE32DD54E9E", "name_en": "相模大野", "name_ja": "相模大野", "label_rank": 92, "tags": ["tokyo", "v3"]}}, {"type": "Feature", "bbox": [139.437885, 35.5322, 139.437885, 35.5322], "geometry": {"type": "Point", "coordinates": [139.437885, 35.5322]}, "properties": {"id": "PS_D028DE5C0ADA", "station_group_id": "SG_7FE32DD54E9E", "name_en": "相模大野", "name_ja": "相模大野", "label_rank": 92, "tags": ["tokyo", "v3"]}}, {"type": "Feature", "bbox": [139.188525, 35.617315, 139.188525, 35.617315], "geometry": {"type": "Point", "coordinates": [139.188525, 35.617315]}, "properties": {"id": "PS_DFD4630C418A", "station_group_id": "SG_752DEE7D9361", "name_en": "相模湖", "name_ja": "相模湖", "label_rank": 72, "tags": ["tokyo", "v3"]}}, {"type": "Feature", "bbox": [139.408545, 35.499359999999996, 139.408545, 35.499359999999996], "geometry": {"type": "Point", "coordinates": [139.408545, 35.499359999999996]}, "properties": {"id": "PS_3C303C7C5C05", "station_group_id": "SG_FC9D6751EFC0", "name_en": "相武台前", "name_ja": "相武台前", "label_rank": 72, "tags": ["tokyo", "v3"]}}, {"type": "Feature", "bbox": [139.13225, 35.156925, 139.13225, 35.156925], "geometry": {"type": "Point", "coordinates": [139.13225, 35.156925]}, "properties": {"id": "PS_AC50E405CCCA", "station_group_id": "SG_916AD3F5D297", "name_en": "真鶴", "name_ja": "真鶴", "label_rank": 72, "tags": ["tokyo", "v3"]}}, {"type": "Feature", "bbox": [138.63448499999998, 35.657525, 138.63448499999998, 35.657525], "geometry": {"type": "Point", "coordinates": [138.63448499999998, 35.657525]}, "properties": {"id": "PS_2ED507DED972", "station_group_id": "SG_F7DD78D9E788", "name_en": "石和温泉", "name_ja": "石和温泉", "label_rank": 72, "tags": ["tokyo", "v3"]}}, {"type": "Feature", "bbox": [139.41810500000003, 35.723385, 139.41810500000003, 35.723385], "geometry": {"type": "Point", "coordinates": [139.41810500000003, 35.723385]}, "properties": {"id": "PS_BECC2B7A3C9A", "station_group_id": "SG_8BF52837F026", "name_en": "砂川七番", "name_ja": "砂川七番", "label_rank": 72, "tags": ["tokyo", "v3"]}}, {"type": "Feature", "bbox": [139.327745, 35.742485, 139.327745, 35.742485], "geometry": {"type": "Point", "coordinates": [139.327745, 35.742485]}, "properties": {"id": "PS_5F44D4D0CD1F", "station_group_id": "SG_28F4DA32A5B2", "name_en": "福生", "name_ja": "福生", "label_rank": 72, "tags": ["tokyo", "v3"]}}, {"type": "Feature", "bbox": [138.92924, 35.575194999999994, 138.92924, 35.575194999999994], "geometry": {"type": "Point", "coordinates": [138.92924, 35.575194999999994]}, "properties": {"id": "PS_C299C7C79140", "station_group_id": "SG_E195D66C12C2", "name_en": "禾生", "name_ja": "禾生", "label_rank": 72, "tags": ["tokyo", "v3"]}}, {"type": "Feature", "bbox": [139.496905, 35.778475, 139.496905, 35.778475], "geometry": {"type": "Point", "coordinates": [139.496905, 35.778475]}, "properties": {"id": "PS_7168FD61E2D8", "station_group_id": "SG_5D240CA895CA", "name_en": "秋津", "name_ja": "秋津", "label_rank": 92, "tags": ["tokyo", "v3"]}}, {"type": "Feature", "bbox": [139.22608000000002, 35.37007, 139.22608000000002, 35.37007], "geometry": {"type": "Point", "coordinates": [139.22608000000002, 35.37007]}, "properties": {"id": "PS_DDE0ABF9C21F", "station_group_id": "SG_BE635FE5C927", "name_en": "秦野", "name_ja": "秦野", "label_rank": 72, "tags": ["tokyo", "v3"]}}, {"type": "Feature", "bbox": [139.410755, 35.65523, 139.410755, 35.65523], "geometry": {"type": "Point", "coordinates": [139.410755, 35.65523]}, "properties": {"id": "PS_45828BAF0F0E", "station_group_id": "SG_3B6F2FFF2DA3", "name_en": "程久保", "name_ja": "程久保", "label_rank": 72, "tags": ["tokyo", "v3"]}}, {"type": "Feature", "bbox": [139.50016, 35.636095, 139.50016, 35.636095], "geometry": {"type": "Point", "coordinates": [139.50016, 35.636095]}, "properties": {"id": "PS_453D5FD396D2", "station_group_id": "SG_94F181CC488D", "name_en": "稲城", "name_ja": "稲城", "label_rank": 72, "tags": ["tokyo", "v3"]}}, {"type": "Feature", "bbox": [139.39939, 35.844645, 139.39939, 35.844645], "geometry": {"type": "Point", "coordinates": [139.39939, 35.844645]}, "properties": {"id": "PS_7C9B08A6E804", "station_group_id": "SG_4FF6F770C410", "name_en": "稲荷山公園", "name_ja": "稲荷山公園", "label_rank": 72, "tags": ["tokyo", "v3"]}}, {"type": "Feature", "bbox": [138.41389, 35.75105, 138.41389, 35.75105], "geometry": {"type": "Point", "coordinates": [138.41389, 35.75105]}, "properties": {"id": "PS_6737DBF83164", "station_group_id": "SG_09CF7029873E", "name_en": "穴山", "name_ja": "穴山", "label_rank": 72, "tags": ["tokyo", "v3"]}}, {"type": "Feature", "bbox": [139.413765, 35.697765000000004, 139.413765, 35.697765000000004], "geometry": {"type": "Point", "coordinates": [139.413765, 35.697765000000004]}, "properties": {"id": "PS_BF337EAB2E96", "station_group_id": "SG_D890BBFD35B2", "name_en": "立川", "name_ja": "立川", "label_rank": 92, "tags": ["tokyo", "v3"]}}, {"type": "Feature", "bbox": [139.41377, 35.698025, 139.41377, 35.698025], "geometry": {"type": "Point", "coordinates": [139.41377, 35.698025]}, "properties": {"id": "PS_871D45DEE3EC", "station_group_id": "SG_D890BBFD35B2", "name_en": "立川", "name_ja": "立川", "label_rank": 92, "tags": ["tokyo", "v3"]}}, {"type": "Feature", "bbox": [139.412665, 35.699525, 139.412665, 35.699525], "geometry": {"type": "Point", "coordinates": [139.412665, 35.699525]}, "properties": {"id": "PS_BD40A54E0164", "station_group_id": "SG_1B1BCE8DE220", "name_en": "立川北", "name_ja": "立川北", "label_rank": 72, "tags": ["tokyo", "v3"]}}, {"type": "Feature", "bbox": [139.412575, 35.696169999999995, 139.412575, 35.696169999999995], "geometry": {"type": "Point", "coordinates": [139.412575, 35.696169999999995]}, "properties": {"id": "PS_CA2668A8ACAB", "station_group_id": "SG_115954D4E0D6", "name_en": "立川南", "name_ja": "立川南", "label_rank": 72, "tags": ["tokyo", "v3"]}}, {"type": "Feature", "bbox": [139.41707, 35.71427, 139.41707, 35.71427], "geometry": {"type": "Point", "coordinates": [139.41707, 35.71427]}, "properties": {"id": "PS_8C2FE9A931AE", "station_group_id": "SG_F81AD287D8D9", "name_en": "立飛", "name_ja": "立飛", "label_rank": 72, "tags": ["tokyo", "v3"]}}, {"type": "Feature", "bbox": [138.51935, 35.668675, 138.51935, 35.668675], "geometry": {"type": "Point", "coordinates": [138.51935, 35.668675]}, "properties": {"id": "PS_36922ED4A367", "station_group_id": "SG_C049353351CA", "name_en": "竜王", "name_ja": "竜王", "label_rank": 72, "tags": ["tokyo", "v3"]}}, {"type": "Feature", "bbox": [139.49966, 35.65621, 139.49966, 35.65621], "geometry": {"type": "Point", "coordinates": [139.49966, 35.65621]}, "properties": {"id": "PS_CB9274DB4DF2", "station_group_id": "SG_30ABE2D3FA10", "name_en": "競艇場前", "name_ja": "競艇場前", "label_rank": 72, "tags": ["tokyo", "v3"]}}, {"type": "Feature", "bbox": [139.40626, 35.907579999999996, 139.40626, 35.907579999999996], "geometry": {"type": "Point", "coordinates": [139.40626, 35.907579999999996]}, "properties": {"id": "PS_4B91D1346A30", "station_group_id": "SG_5D235471EA43", "name_en": "笠幡", "name_ja": "笠幡", "label_rank": 72, "tags": ["tokyo", "v3"]}}, {"type": "Feature", "bbox": [138.825365, 35.603989999999996, 138.825365, 35.603989999999996], "geometry": {"type": "Point", "coordinates": [138.825365, 35.603989999999996]}, "properties": {"id": "PS_EE9E19D6F58D", "station_group_id": "SG_58E611C8E5D6", "name_en": "笹子", "name_ja": "笹子", "label_rank": 72, "tags": ["tokyo", "v3"]}}, {"type": "Feature", "bbox": [139.10395, 35.23354, 139.10395, 35.23354], "geometry": {"type": "Point", "coordinates": [139.10395, 35.23354]}, "properties": {"id": "PS_99CF33438C6F", "station_group_id": "SG_3A9873E209B6", "name_en": "箱根湯本", "name_ja": "箱根湯本", "label_rank": 72, "tags": ["tokyo", "v3"]}}, {"type": "Feature", "bbox": [139.33026, 36.17442, 139.33026, 36.17442], "geometry": {"type": "Point", "coordinates": [139.33026, 36.17442]}, "properties": {"id": "PS_57449D63955F", "station_group_id": "SG_BDF5BBF4FF68", "name_en": "籠原", "name_ja": "籠原", "label_rank": 72, "tags": ["tokyo", "v3"]}}, {"type": "Feature", "bbox": [139.52177749999998, 35.439305, 139.52177749999998, 35.439305], "geometry": {"type": "Point", "coordinates": [139.52177749999998, 35.439305]}, "properties": {"id": "PS_27A3E5EE75C4", "station_group_id": "SG_AD970DFF56DD", "name_en": "緑園都市", "name_ja": "緑園都市", "label_rank": 72, "tags": ["tokyo", "v3"]}}, {"type": "Feature", "bbox": [139.3163, 35.757940000000005, 139.3163, 35.757940000000005], "geometry": {"type": "Point", "coordinates": [139.3163, 35.757940000000005]}, "properties": {"id": "PS_C4652393858D", "station_group_id": "SG_3990018BC48A", "name_en": "羽村", "name_ja": "羽村", "label_rank": 72, "tags": ["tokyo", "v3"]}}, {"type": "Feature", "bbox": [139.534015, 36.17019, 139.534015, 36.17019], "geometry": {"type": "Point", "coordinates": [139.534015, 36.17019]}, "properties": {"id": "PS_F484D257CABE", "station_group_id": "SG_CB2D7AA2A76F", "name_en": "羽生", "name_ja": "羽生", "label_rank": 72, "tags": ["tokyo", "v3"]}}, {"type": "Feature", "bbox": [139.44696, 35.650800000000004, 139.44696, 35.650800000000004], "geometry": {"type": "Point", "coordinates": [139.44696, 35.650800000000004]}, "properties": {"id": "PS_9616B4E3B271", "station_group_id": "SG_46B48ECF188E", "name_en": "聖蹟桜ヶ丘", "name_ja": "聖蹟桜ヶ丘", "label_rank": 72, "tags": ["tokyo", "v3"]}}, {"type": "Feature", "bbox": [139.46559000000002, 35.798339999999996, 139.46559000000002, 35.798339999999996], "geometry": {"type": "Point", "coordinates": [139.46559000000002, 35.798339999999996]}, "properties": {"id": "PS_BF03F78D203D", "station_group_id": "SG_995B6F9E357A", "name_en": "航空公園", "name_ja": "航空公園", "label_rank": 72, "tags": ["tokyo", "v3"]}}, {"type": "Feature", "bbox": [139.13600000000002, 35.976405, 139.13600000000002, 35.976405], "geometry": {"type": "Point", "coordinates": [139.13600000000002, 35.976405]}, "properties": {"id": "PS_2B86619E084A", "station_group_id": "SG_E87EBE5E2FAB", "name_en": "芦ヶ久保", "name_ja": "芦ヶ久保", "label_rank": 72, "tags": ["tokyo", "v3"]}}, {"type": "Feature", "bbox": [139.51332, 35.726145, 139.51332, 35.726145], "geometry": {"type": "Point", "coordinates": [139.51332, 35.726145]}, "properties": {"id": "PS_C787FD548A44", "station_group_id": "SG_8FF53A79941E", "name_en": "花小金井", "name_ja": "花小金井", "label_rank": 92, "tags": ["tokyo", "v3"]}}, {"type": "Feature", "bbox": [139.40866, 35.948930000000004, 139.40866, 35.948930000000004], "geometry": {"type": "Point", "coordinates": [139.40866, 35.948930000000004]}, "properties": {"id": "PS_2E05C20D3ABA", "station_group_id": "SG_DFC225A640AD", "name_en": "若葉", "name_ja": "若葉", "label_rank": 72, "tags": ["tokyo", "v3"]}}, {"type": "Feature", "bbox": [139.47234, 35.619365, 139.47234, 35.619365], "geometry": {"type": "Point", "coordinates": [139.47234, 35.619365]}, "properties": {"id": "PS_6D541A9B0E71", "station_group_id": "SG_91D320349BA4", "name_en": "若葉台", "name_ja": "若葉台", "label_rank": 72, "tags": ["tokyo", "v3"]}}, {"type": "Feature", "bbox": [139.40800000000002, 35.330645000000004, 139.40800000000002, 35.330645000000004], "geometry": {"type": "Point", "coordinates": [139.40800000000002, 35.330645000000004]}, "properties": {"id": "PS_4DC7B5B50631", "station_group_id": "SG_7283A327294A", "name_en": "茅ヶ崎", "name_ja": "茅ヶ崎", "label_rank": 72, "tags": ["tokyo", "v3"]}}, {"type": "Feature", "bbox": [139.47682500000002, 35.74078, 139.47682500000002, 35.74078], "geometry": {"type": "Point", "coordinates": [139.47682500000002, 35.74078]}, "properties": {"id": "PS_D8882C4153FE", "station_group_id": "SG_BBE12549901B", "name_en": "萩山", "name_ja": "萩山", "label_rank": 92, "tags": ["tokyo", "v3"]}}, {"type": "Feature", "bbox": [139.47682500000002, 35.74078, 139.47682500000002, 35.74078], "geometry": {"type": "Point", "coordinates": [139.47682500000002, 35.74078]}, "properties": {"id": "PS_162DBF0BFF75", "station_group_id": "SG_BBE12549901B", "name_en": "萩山", "name_ja": "萩山", "label_rank": 92, "tags": ["tokyo", "v3"]}}, {"type": "Feature", "bbox": [138.812175, 35.50216, 138.812175, 35.50216], "geometry": {"type": "Point", "coordinates": [138.812175, 35.50216]}, "properties": {"id": "PS_6B1C4C8E7CF1", "station_group_id": "SG_7A06A76F7E2A", "name_en": "葭池温泉前", "name_ja": "葭池温泉前", "label_rank": 72, "tags": ["tokyo", "v3"]}}, {"type": "Feature", "bbox": [139.52758, 35.5434, 139.52758, 35.5434], "geometry": {"type": "Point", "coordinates": [139.52758, 35.5434]}, "properties": {"id": "PS_426A8AE3BE0B", "station_group_id": "SG_2B385D976478", "name_en": "藤が丘", "name_ja": "藤が丘", "label_rank": 72, "tags": ["tokyo", "v3"]}}, {"type": "Feature", "bbox": [139.48712, 35.338595, 139.48712, 35.338595], "geometry": {"type": "Point", "coordinates": [139.48712, 35.338595]}, "properties": {"id": "PS_CDC8C25D287E", "station_group_id": "SG_131B226E4056", "name_en": "藤沢", "name_ja": "藤沢", "label_rank": 92, "tags": ["tokyo", "v3"]}}, {"type": "Feature", "bbox": [139.48642, 35.33883, 139.48642, 35.33883], "geometry": {"type": "Point", "coordinates": [139.48642, 35.33883]}, "properties": {"id": "PS_63D7B05558DB", "station_group_id": "SG_131B226E4056", "name_en": "藤沢", "name_ja": "藤沢", "label_rank": 92, "tags": ["tokyo", "v3"]}}, {"type": "Feature", "bbox": [139.47584, 35.34821, 139.47584, 35.34821], "geometry": {"type": "Point", "coordinates": [139.47584, 35.34821]}, "properties": {"id": "PS_05BFAF4C4642", "station_group_id": "SG_E0EC7C59119C", "name_en": "藤沢本町", "name_ja": "藤沢本町", "label_rank": 72, "tags": ["tokyo", "v3"]}}, {"type": "Feature", "bbox": [139.15133, 35.615995, 139.15133, 35.615995], "geometry": {"type": "Point", "coordinates": [139.15133, 35.615995]}, "properties": {"id": "PS_B26CCB52D65C", "station_group_id": "SG_FB65A76E3581", "name_en": "藤野", "name_ja": "藤野", "label_rank": 72, "tags": ["tokyo", "v3"]}}, {"type": "Feature", "bbox": [139.151955, 35.28507, 139.151955, 35.28507], "geometry": {"type": "Point", "coordinates": [139.151955, 35.28507]}, "properties": {"id": "PS_DE1E078EA268", "station_group_id": "SG_229B5BC9B1D5", "name_en": "螢田", "name_ja": "螢田", "label_rank": 72, "tags": ["tokyo", "v3"]}}, {"type": "Feature", "bbox": [139.432085, 36.113895, 139.432085, 36.113895], "geometry": {"type": "Point", "coordinates": [139.432085, 36.113895]}, "properties": {"id": "PS_8388EBB80E55", "station_group_id": "SG_30EC223C449F", "name_en": "行田", "name_ja": "行田", "label_rank": 72, "tags": ["tokyo", "v3"]}}, {"type": "Feature", "bbox": [139.312005, 35.656275, 139.312005, 35.656275], "geometry": {"type": "Point", "coordinates": [139.312005, 35.656275]}, "properties": {"id": "PS_B6D563D387CC", "station_group_id": "SG_848E2EDE0551", "name_en": "西八王子", "name_ja": "西八王子", "label_rank": 72, "tags": ["tokyo", "v3"]}}, {"type": "Feature", "bbox": [139.202415, 35.926995000000005, 139.202415, 35.926995000000005], "geometry": {"type": "Point", "coordinates": [139.202415, 35.926995000000005]}, "properties": {"id": "PS_C0E98FC224EA", "station_group_id": "SG_7E0BF5720E58", "name_en": "西吾野", "name_ja": "西吾野", "label_rank": 72, "tags": ["tokyo", "v3"]}}, {"type": "Feature", "bbox": [139.465925, 35.69973, 139.465925, 35.69973], "geometry": {"type": "Point", "coordinates": [139.465925, 35.69973]}, "properties": {"id": "PS_989BA4B824AA", "station_group_id": "SG_CF68AF38F71F", "name_en": "西国分寺", "name_ja": "西国分寺", "label_rank": 92, "tags": ["tokyo", "v3"]}}, {"type": "Feature", "bbox": [139.465985, 35.69991, 139.465985, 35.69991], "geometry": {"type": "Point", "coordinates": [139.465985, 35.69991]}, "properties": {"id": "PS_96A5D23485BE", "station_group_id": "SG_CF68AF38F71F", "name_en": "西国分寺", "name_ja": "西国分寺", "label_rank": 92, "tags": ["tokyo", "v3"]}}, {"type": "Feature", "bbox": [139.35646, 35.93176, 139.35646, 35.93176], "geometry": {"type": "Point", "coordinates": [139.35646, 35.93176]}, "properties": {"id": "PS_3908CF60413F", "station_group_id": "SG_45E4C241D1FC", "name_en": "西大家", "name_ja": "西大家", "label_rank": 72, "tags": ["tokyo", "v3"]}}, {"type": "Feature", "bbox": [139.459935, 35.919095, 139.459935, 35.919095], "geometry": {"type": "Point", "coordinates": [139.459935, 35.919095]}, "properties": {"id": "PS_A66285D18874", "station_group_id": "SG_093A2A4B41EE", "name_en": "西川越", "name_ja": "西川越", "label_rank": 72, "tags": ["tokyo", "v3"]}}, {"type": "Feature", "bbox": [139.45614, 35.788830000000004, 139.45614, 35.788830000000004], "geometry": {"type": "Point", "coordinates": [139.45614, 35.788830000000004]}, "properties": {"id": "PS_92A4972F4249", "station_group_id": "SG_A823B32488A9", "name_en": "西所沢", "name_ja": "西所沢", "label_rank": 92, "tags": ["tokyo", "v3"]}}, {"type": "Feature", "bbox": [139.45614, 35.788830000000004, 139.45614, 35.788830000000004], "geometry": {"type": "Point", "coordinates": [139.45614, 35.788830000000004]}, "properties": {"id": "PS_384A3CD0F681", "station_group_id": "SG_A823B32488A9", "name_en": "西所沢", "name_ja": "西所沢", "label_rank": 92, "tags": ["tokyo", "v3"]}}, {"type": "Feature", "bbox": [139.448895, 35.767735, 139.448895, 35.767735], "geometry": {"type": "Point", "coordinates": [139.448895, 35.767735]}, "properties": {"id": "PS_88E8D194CB8B", "station_group_id": "SG_5CB5F77DD90C", "name_en": "西武園", "name_ja": "西武園", "label_rank": 72, "tags": ["tokyo", "v3"]}}, {"type": "Feature", "bbox": [139.44019, 35.76903, 139.44019, 35.76903], "geometry": {"type": "Point", "coordinates": [139.44019, 35.76903]}, "properties": {"id": "PS_6219243204D3", "station_group_id": "SG_3E9212646859", "name_en": "西武園ゆうえんち", "name_ja": "西武園ゆうえんち", "label_rank": 72, "tags": ["tokyo", "v3"]}}, {"type": "Feature", "bbox": [139.5524, 35.72858, 139.5524, 35.72858], "geometry": {"type": "Point", "coordinates": [139.5524, 35.72858]}, "properties": {"id": "PS_70FBE563AD9A", "station_group_id": "SG_89AA73E8C561", "name_en": "西武柳沢", "name_ja": "西武柳沢", "label_rank": 72, "tags": ["tokyo", "v3"]}}, {"type": "Feature", "bbox": [139.42044, 35.771575, 139.42044, 35.771575], "geometry": {"type": "Point", "coordinates": [139.42044, 35.771575]}, "properties": {"id": "PS_F4FA84D44405", "station_group_id": "SG_731477659A7A", "name_en": "西武球場前", "name_ja": "西武球場前", "label_rank": 72, "tags": ["tokyo", "v3"]}}, {"type": "Feature", "bbox": [139.420235, 35.77078, 139.420235, 35.77078], "geometry": {"type": "Point", "coordinates": [139.420235, 35.77078]}, "properties": {"id": "PS_952E1497DB21", "station_group_id": "SG_731477659A7A", "name_en": "西武球場前", "name_ja": "西武球場前", "label_rank": 72, "tags": ["tokyo", "v3"]}}, {"type": "Feature", "bbox": [139.08299499999998, 35.99001, 139.08299499999998, 35.99001], "geometry": {"type": "Point", "coordinates": [139.08299499999998, 35.99001]}, "properties": {"id": "PS_F1A6B73B2ADB", "station_group_id": "SG_D5B9E8B2C060", "name_en": "西武秩父", "name_ja": "西武秩父", "label_rank": 72, "tags": ["tokyo", "v3"]}}, {"type": "Feature", "bbox": [139.369655, 35.72618, 139.369655, 35.72618], "geometry": {"type": "Point", "coordinates": [139.369655, 35.72618]}, "properties": {"id": "PS_3FD30351F08D", "station_group_id": "SG_BCD944DEEC08", "name_en": "西武立川", "name_ja": "西武立川", "label_rank": 72, "tags": ["tokyo", "v3"]}}, {"type": "Feature", "bbox": [139.39339, 35.703546, 139.39339, 35.703546], "geometry": {"type": "Point", "coordinates": [139.39339, 35.703546]}, "properties": {"id": "PS_C75096F68ECE", "station_group_id": "SG_62F42B2C3678", "name_en": "西立川", "name_ja": "西立川", "label_rank": 72, "tags": ["tokyo", "v3"]}}, {"type": "Feature", "bbox": [139.529505, 35.65732, 139.529505, 35.65732], "geometry": {"type": "Point", "coordinates": [139.529505, 35.65732]}, "properties": {"id": "PS_778E0EB876A2", "station_group_id": "SG_FFF88CAF2F6A", "name_en": "西調布", "name_ja": "西調布", "label_rank": 72, "tags": ["tokyo", "v3"]}}, {"type": "Feature", "bbox": [139.52804, 35.614734999999996, 139.52804, 35.614734999999996], "geometry": {"type": "Point", "coordinates": [139.52804, 35.614734999999996]}, "properties": {"id": "PS_13AEAD8BE63D", "station_group_id": "SG_1E28D5D8A323", "name_en": "読売ランド前", "name_ja": "読売ランド前", "label_rank": 72, "tags": ["tokyo", "v3"]}}, {"type": "Feature", "bbox": [139.544735, 35.65177, 139.544735, 35.65177], "geometry": {"type": "Point", "coordinates": [139.544735, 35.65177]}, "properties": {"id": "PS_FCE4843458F2", "station_group_id": "SG_258117F0C665", "name_en": "調布", "name_ja": "調布", "label_rank": 100, "tags": ["tokyo", "v3"]}}, {"type": "Feature", "bbox": [139.544735, 35.65177, 139.544735, 35.65177], "geometry": {"type": "Point", "coordinates": [139.544735, 35.65177]}, "properties": {"id": "PS_CAD06058A81F", "station_group_id": "SG_258117F0C665", "name_en": "調布", "name_ja": "調布", "label_rank": 100, "tags": ["tokyo", "v3"]}}, {"type": "Feature", "bbox": [138.90463, 35.5506, 138.90463, 35.5506], "geometry": {"type": "Point", "coordinates": [138.90463, 35.5506]}, "properties": {"id": "PS_071BB288659D", "station_group_id": "SG_EC3C5F175B11", "name_en": "谷村町", "name_ja": "谷村町", "label_rank": 72, "tags": ["tokyo", "v3"]}}, {"type": "Feature", "bbox": [139.38145500000002, 35.65945, 139.38145500000002, 35.65945], "geometry": {"type": "Point", "coordinates": [139.38145500000002, 35.65945]}, "properties": {"id": "PS_69102E8B7EE7", "station_group_id": "SG_9E3F811ECFDF", "name_en": "豊田", "name_ja": "豊田", "label_rank": 72, "tags": ["tokyo", "v3"]}}, {"type": "Feature", "bbox": [139.299615, 35.962805, 139.299615, 35.962805], "geometry": {"type": "Point", "coordinates": [139.299615, 35.962805]}, "properties": {"id": "PS_59B03E56DE7B", "station_group_id": "SG_B37AD6BCCF68", "name_en": "越生", "name_ja": "越生", "label_rank": 72, "tags": ["tokyo", "v3"]}}, {"type": "Feature", "bbox": [139.154505, 35.271770000000004, 139.154505, 35.271770000000004], "geometry": {"type": "Point", "coordinates": [139.154505, 35.271770000000004]}, "properties": {"id": "PS_BCBCE8CA7699", "station_group_id": "SG_4B96F3F3C627", "name_en": "足柄", "name_ja": "足柄", "label_rank": 72, "tags": ["tokyo", "v3"]}}, {"type": "Feature", "bbox": [139.445895, 35.336845, 139.445895, 35.336845], "geometry": {"type": "Point", "coordinates": [139.445895, 35.336845]}, "properties": {"id": "PS_FD3D031FADF7", "station_group_id": "SG_BF82F99B51A1", "name_en": "辻堂", "name_ja": "辻堂", "label_rank": 72, "tags": ["tokyo", "v3"]}}, {"type": "Feature", "bbox": [138.907455, 35.557204999999996, 138.907455, 35.557204999999996], "geometry": {"type": "Point", "coordinates": [138.907455, 35.557204999999996]}, "properties": {"id": "PS_9EA0ADD645C3", "station_group_id": "SG_E4491A9D5F07", "name_en": "都留市", "name_ja": "都留市", "label_rank": 72, "tags": ["tokyo", "v3"]}}, {"type": "Feature", "bbox": [138.89663000000002, 35.542585, 138.89663000000002, 35.542585], "geometry": {"type": "Point", "coordinates": [138.89663000000002, 35.542585]}, "properties": {"id": "PS_A0D2D09D27FC", "station_group_id": "SG_DDF93F84B5DC", "name_en": "都留文科大学前", "name_ja": "都留文科大学前", "label_rank": 72, "tags": ["tokyo", "v3"]}}, {"type": "Feature", "bbox": [138.59930500000002, 35.659499999999994, 138.59930500000002, 35.659499999999994], "geometry": {"type": "Point", "coordinates": [138.59930500000002, 35.659499999999994]}, "properties": {"id": "PS_3B67337A2692", "station_group_id": "SG_D801F4B0908A", "name_en": "酒折", "name_ja": "酒折", "label_rank": 72, "tags": ["tokyo", "v3"]}}, {"type": "Feature", "bbox": [139.20863500000002, 36.113725, 139.20863500000002, 36.113725], "geometry": {"type": "Point", "coordinates": [139.20863500000002, 36.113725]}, "properties": {"id": "PS_E00E32D36270", "station_group_id": "SG_BB09B8A8D681", "name_en": "鉢形", "name_ja": "鉢形", "label_rank": 72, "tags": ["tokyo", "v3"]}}, {"type": "Feature", "bbox": [139.55045, 35.31931, 139.55045, 35.31931], "geometry": {"type": "Point", "coordinates": [139.55045, 35.31931]}, "properties": {"id": "PS_31173C060FB2", "station_group_id": "SG_9142EA45C126", "name_en": "鎌倉", "name_ja": "鎌倉", "label_rank": 72, "tags": ["tokyo", "v3"]}}, {"type": "Feature", "bbox": [139.465325, 35.41225, 139.465325, 35.41225], "geometry": {"type": "Point", "coordinates": [139.465325, 35.41225]}, "properties": {"id": "PS_63295838600F", "station_group_id": "SG_7BDE9EF11DD3", "name_en": "長後", "name_ja": "長後", "label_rank": 72, "tags": ["tokyo", "v3"]}}, {"type": "Feature", "bbox": [139.36588, 35.64278, 139.36588, 35.64278], "geometry": {"type": "Point", "coordinates": [139.36588, 35.64278]}, "properties": {"id": "PS_54967383DFC4", "station_group_id": "SG_E37FD3D34E5F", "name_en": "長沼", "name_ja": "長沼", "label_rank": 72, "tags": ["tokyo", "v3"]}}, {"type": "Feature", "bbox": [139.4941, 35.53193, 139.4941, 35.53193], "geometry": {"type": "Point", "coordinates": [139.4941, 35.53193]}, "properties": {"id": "PS_67106AAB0C8C", "station_group_id": "SG_6FE28E939417", "name_en": "長津田", "name_ja": "長津田", "label_rank": 92, "tags": ["tokyo", "v3"]}}, {"type": "Feature", "bbox": [139.494245, 35.53183, 139.494245, 35.53183], "geometry": {"type": "Point", "coordinates": [139.494245, 35.53183]}, "properties": {"id": "PS_432A5870436E", "station_group_id": "SG_6FE28E939417", "name_en": "長津田", "name_ja": "長津田", "label_rank": 92, "tags": ["tokyo", "v3"]}}, {"type": "Feature", "bbox": [139.13581, 35.326495, 139.13581, 35.326495], "geometry": {"type": "Point", "coordinates": [139.13581, 35.326495]}, "properties": {"id": "PS_4A5B75181F6B", "station_group_id": "SG_F6381223F77B", "name_en": "開成", "name_ja": "開成", "label_rank": 72, "tags": ["tokyo", "v3"]}}, {"type": "Feature", "bbox": [139.44404500000002, 35.925425, 139.44404500000002, 35.925425], "geometry": {"type": "Point", "coordinates": [139.44404500000002, 35.925425]}, "properties": {"id": "PS_175A6405CBC2", "station_group_id": "SG_4220EE36F74E", "name_en": "霞ヶ関", "name_ja": "霞ヶ関", "label_rank": 92, "tags": ["tokyo", "v3"]}}, {"type": "Feature", "bbox": [139.258125, 35.790545, 139.258125, 35.790545], "geometry": {"type": "Point", "coordinates": [139.258125, 35.790545]}, "properties": {"id": "PS_C61D44F4D615", "station_group_id": "SG_C41314B866A9", "name_en": "青梅", "name_ja": "青梅", "label_rank": 72, "tags": ["tokyo", "v3"]}}, {"type": "Feature", "bbox": [139.47656999999998, 35.730990000000006, 139.47656999999998, 35.730990000000006], "geometry": {"type": "Point", "coordinates": [139.47656999999998, 35.730990000000006]}, "properties": {"id": "PS_D4DA4C9556AC", "station_group_id": "SG_AE6C71F2500E", "name_en": "青梅街道", "name_ja": "青梅街道", "label_rank": 72, "tags": ["tokyo", "v3"]}}, {"type": "Feature", "bbox": [139.5173, 35.542855, 139.5173, 35.542855], "geometry": {"type": "Point", "coordinates": [139.5173, 35.542855]}, "properties": {"id": "PS_69FBA7580E1B", "station_group_id": "SG_E970F2E11534", "name_en": "青葉台", "name_ja": "青葉台", "label_rank": 92, "tags": ["tokyo", "v3"]}}, {"type": "Feature", "bbox": [138.45139999999998, 35.709565, 138.45139999999998, 35.709565], "geometry": {"type": "Point", "coordinates": [138.45139999999998, 35.709565]}, "properties": {"id": "PS_41BCDE35049A", "station_group_id": "SG_2C0B1F4F148B", "name_en": "韮崎", "name_ja": "韮崎", "label_rank": 72, "tags": ["tokyo", "v3"]}}, {"type": "Feature", "bbox": [139.52366, 35.659985, 139.52366, 35.659985], "geometry": {"type": "Point", "coordinates": [139.52366, 35.659985]}, "properties": {"id": "PS_693F7A251B4C", "station_group_id": "SG_DBEF627C769E", "name_en": "飛田給", "name_ja": "飛田給", "label_rank": 72, "tags": ["tokyo", "v3"]}}, {"type": "Feature", "bbox": [139.31883, 35.851214999999996, 139.31883, 35.851214999999996], "geometry": {"type": "Point", "coordinates": [139.31883, 35.851214999999996]}, "properties": {"id": "PS_26E84491BB70", "station_group_id": "SG_0EA20F7ACEB7", "name_en": "飯能", "name_ja": "飯能", "label_rank": 72, "tags": ["tokyo", "v3"]}}, {"type": "Feature", "bbox": [139.39767999999998, 36.002955, 139.39767999999998, 36.002955], "geometry": {"type": "Point", "coordinates": [139.39767999999998, 36.002955]}, "properties": {"id": "PS_634DDBAC5CE0", "station_group_id": "SG_4B385D621717", "name_en": "高坂", "name_ja": "高坂", "label_rank": 72, "tags": ["tokyo", "v3"]}}, {"type": "Feature", "bbox": [139.28170999999998, 35.641655, 139.28170999999998, 35.641655], "geometry": {"type": "Point", "coordinates": [139.28170999999998, 35.641655]}, "properties": {"id": "PS_6711E6875A88", "station_group_id": "SG_75BCC6320848", "name_en": "高尾", "name_ja": "高尾", "label_rank": 92, "tags": ["tokyo", "v3"]}}, {"type": "Feature", "bbox": [139.282635, 35.642375, 139.282635, 35.642375], "geometry": {"type": "Point", "coordinates": [139.282635, 35.642375]}, "properties": {"id": "PS_B77A81115F33", "station_group_id": "SG_75BCC6320848", "name_en": "高尾", "name_ja": "高尾", "label_rank": 92, "tags": ["tokyo", "v3"]}}, {"type": "Feature", "bbox": [139.269815, 35.63238, 139.269815, 35.63238], "geometry": {"type": "Point", "coordinates": [139.269815, 35.63238]}, "properties": {"id": "PS_AFF6B06F14D6", "station_group_id": "SG_5E28A0BB30E8", "name_en": "高尾山口", "name_ja": "高尾山口", "label_rank": 72, "tags": ["tokyo", "v3"]}}, {"type": "Feature", "bbox": [139.4131, 35.662274999999994, 139.4131, 35.662274999999994], "geometry": {"type": "Point", "coordinates": [139.4131, 35.662274999999994]}, "properties": {"id": "PS_12B5402E129E", "station_group_id": "SG_D06FA6A64702", "name_en": "高幡不動", "name_ja": "高幡不動", "label_rank": 92, "tags": ["tokyo", "v3"]}}, {"type": "Feature", "bbox": [139.4131, 35.662274999999994, 139.4131, 35.662274999999994], "geometry": {"type": "Point", "coordinates": [139.4131, 35.662274999999994]}, "properties": {"id": "PS_56F41FEFABF4", "station_group_id": "SG_D06FA6A64702", "name_en": "高幡不動", "name_ja": "高幡不動", "label_rank": 92, "tags": ["tokyo", "v3"]}}, {"type": "Feature", "bbox": [139.415235, 35.66129, 139.415235, 35.66129], "geometry": {"type": "Point", "coordinates": [139.415235, 35.66129]}, "properties": {"id": "PS_9CC1D212FCEA", "station_group_id": "SG_D06FA6A64702", "name_en": "高幡不動", "name_ja": "高幡不動", "label_rank": 92, "tags": ["tokyo", "v3"]}}, {"type": "Feature", "bbox": [139.46471, 35.432145, 139.46471, 35.432145], "geometry": {"type": "Point", "coordinates": [139.46471, 35.432145]}, "properties": {"id": "PS_B950EB46CE67", "station_group_id": "SG_BCE2C3E13EC2", "name_en": "高座渋谷", "name_ja": "高座渋谷", "label_rank": 72, "tags": ["tokyo", "v3"]}}, {"type": "Feature", "bbox": [139.413275, 35.710045, 139.413275, 35.710045], "geometry": {"type": "Point", "coordinates": [139.413275, 35.710045]}, "properties": {"id": "PS_6EE2AA9914BE", "station_group_id": "SG_7723D21DD378", "name_en": "高松", "name_ja": "高松", "label_rank": 72, "tags": ["tokyo", "v3"]}}, {"type": "Feature", "bbox": [139.30437999999998, 35.882025, 139.30437999999998, 35.882025], "geometry": {"type": "Point", "coordinates": [139.30437999999998, 35.882025]}, "properties": {"id": "PS_472EAB8577FE", "station_group_id": "SG_82FE63221162", "name_en": "高麗", "name_ja": "高麗", "label_rank": 72, "tags": ["tokyo", "v3"]}}, {"type": "Feature", "bbox": [139.33813, 35.896370000000005, 139.33813, 35.896370000000005], "geometry": {"type": "Point", "coordinates": [139.33813, 35.896370000000005]}, "properties": {"id": "PS_51C85F9908AA", "station_group_id": "SG_3F0BB20683F7", "name_en": "高麗川", "name_ja": "高麗川", "label_rank": 72, "tags": ["tokyo", "v3"]}}, {"type": "Feature", "bbox": [139.003485, 35.60804, 139.003485, 35.60804], "geometry": {"type": "Point", "coordinates": [139.003485, 35.60804]}, "properties": {"id": "PS_4622D48D4C82", "station_group_id": "SG_8BEBF5CE67D4", "name_en": "鳥沢", "name_ja": "鳥沢", "label_rank": 72, "tags": ["tokyo", "v3"]}}, {"type": "Feature", "bbox": [139.180165, 35.275729999999996, 139.180165, 35.275729999999996], "geometry": {"type": "Point", "coordinates": [139.180165, 35.275729999999996]}, "properties": {"id": "PS_23DE9BCC3FA7", "station_group_id": "SG_E26B09974CA7", "name_en": "鴨宮", "name_ja": "鴨宮", "label_rank": 72, "tags": ["tokyo", "v3"]}}, {"type": "Feature", "bbox": [139.50958500000002, 36.05924, 139.50958500000002, 36.05924], "geometry": {"type": "Point", "coordinates": [139.50958500000002, 36.05924]}, "properties": {"id": "PS_77F07B620247", "station_group_id": "SG_1A06EF02A40E", "name_en": "鴻巣", "name_ja": "鴻巣", "label_rank": 72, "tags": ["tokyo", "v3"]}}, {"type": "Feature", "bbox": [139.47122000000002, 35.320750000000004, 139.47122000000002, 35.320750000000004], "geometry": {"type": "Point", "coordinates": [139.47122000000002, 35.320750000000004]}, "properties": {"id": "PS_547A33129760", "station_group_id": "SG_8D79723E9632", "name_en": "鵠沼海岸", "name_ja": "鵠沼海岸", "label_rank": 72, "tags": ["tokyo", "v3"]}}, {"type": "Feature", "bbox": [139.549985, 35.47509, 139.549985, 35.47509], "geometry": {"type": "Point", "coordinates": [139.549985, 35.47509]}, "properties": {"id": "PS_7E79D1CEC43F", "station_group_id": "SG_FB05C2FA42F4", "name_en": "鶴ヶ峰", "name_ja": "鶴ヶ峰", "label_rank": 72, "tags": ["tokyo", "v3"]}}, {"type": "Feature", "bbox": [139.42401999999998, 35.93672, 139.42401999999998, 35.93672], "geometry": {"type": "Point", "coordinates": [139.42401999999998, 35.93672]}, "properties": {"id": "PS_C0B8ABB1E001", "station_group_id": "SG_C1DF47F338AA", "name_en": "鶴ヶ島", "name_ja": "鶴ヶ島", "label_rank": 72, "tags": ["tokyo", "v3"]}}, {"type": "Feature", "bbox": [139.48182500000001, 35.583110000000005, 139.48182500000001, 35.583110000000005], "geometry": {"type": "Point", "coordinates": [139.48182500000001, 35.583110000000005]}, "properties": {"id": "PS_854B06BEDD0E", "station_group_id": "SG_08A2746F2386", "name_en": "鶴川", "name_ja": "鶴川", "label_rank": 72, "tags": ["tokyo", "v3"]}}, {"type": "Feature", "bbox": [139.27728, 35.380624999999995, 139.27728, 35.380624999999995], "geometry": {"type": "Point", "coordinates": [139.27728, 35.380624999999995]}, "properties": {"id": "PS_8AD4E8752ABC", "station_group_id": "SG_364ECA044BBF", "name_en": "鶴巻温泉", "name_ja": "鶴巻温泉", "label_rank": 72, "tags": ["tokyo", "v3"]}}, {"type": "Feature", "bbox": [139.539455, 35.845600000000005, 139.539455, 35.845600000000005], "geometry": {"type": "Point", "coordinates": [139.539455, 35.845600000000005]}, "properties": {"id": "PS_7210250C87ED", "station_group_id": "SG_AEBD5AF87047", "name_en": "鶴瀬", "name_ja": "鶴瀬", "label_rank": 72, "tags": ["tokyo", "v3"]}}, {"type": "Feature", "bbox": [139.45064, 35.490570000000005, 139.45064, 35.490570000000005], "geometry": {"type": "Point", "coordinates": [139.45064, 35.490570000000005]}, "properties": {"id": "PS_99ED4935F9C9", "station_group_id": "SG_8839378BA1FE", "name_en": "鶴間", "name_ja": "鶴間", "label_rank": 72, "tags": ["tokyo", "v3"]}}, {"type": "Feature", "bbox": [139.46106, 35.72301, 139.46106, 35.72301], "geometry": {"type": "Point", "coordinates": [139.46106, 35.72301]}, "properties": {"id": "PS_E02EA1299225", "station_group_id": "SG_71ECF546BC05", "name_en": "鷹の台", "name_ja": "鷹の台", "label_rank": 72, "tags": ["tokyo", "v3"]}}, {"type": "Feature", "bbox": [139.47075, 35.613145, 139.47075, 35.613145], "geometry": {"type": "Point", "coordinates": [139.47075, 35.613145]}, "properties": {"id": "PS_6CB9B797257C", "station_group_id": "SG_858F39E1D82C", "name_en": "黒川", "name_ja": "黒川", "label_rank": 72, "tags": ["tokyo", "v3"]}}]}