{"type": "FeatureCollection", "features": [{"type": "Feature", "bbox": [139.54289, 35.65211, 139.54356, 35.65231], "geometry": {"type": "LineString", "coordinates": [[139.54289, 35.65231], [139.54356, 35.65211]]}, "properties": {"id": "GEOM_TOKYO_0054", "route_id": "R_50E71696", "route_name": "京王線", "route_color": "#F18A00", "route_text_color": "#ffffff", "line_name": "京王線", "operator_id": "keio", "representation": "service_path", "min_zoom": 0, "max_zoom": 24, "offset_rank": 0}}, {"type": "Feature", "bbox": [139.54356, 35.65143, 139.54591, 35.65211], "geometry": {"type": "LineString", "coordinates": [[139.54356, 35.65211], [139.54591, 35.65143]]}, "properties": {"id": "GEOM_TOKYO_0055", "route_id": "R_50E71696", "route_name": "京王線", "route_color": "#F18A00", "route_text_color": "#ffffff", "line_name": "京王線", "operator_id": "keio", "representation": "service_path", "min_zoom": 0, "max_zoom": 24, "offset_rank": 0}}, {"type": "Feature", "bbox": [139.41397, 35.66142, 139.41503, 35.66188], "geometry": {"type": "LineString", "coordinates": [[139.41503, 35.66142], [139.41464, 35.66159], [139.41397, 35.66188]]}, "properties": {"id": "GEOM_TOKYO_0056", "route_id": "R_50E71696", "route_name": "京王線", "route_color": "#F18A00", "route_text_color": "#ffffff", "line_name": "京王線", "operator_id": "keio", "representation": "service_path", "min_zoom": 0, "max_zoom": 24, "offset_rank": 0}}, {"type": "Feature", "bbox": [139.41223, 35.66188, 139.41397, 35.66267], "geometry": {"type": "LineString", "coordinates": [[139.41397, 35.66188], [139.41223, 35.66267]]}, "properties": {"id": "GEOM_TOKYO_0057", "route_id": "R_50E71696", "route_name": "京王線", "route_color": "#F18A00", "route_text_color": "#ffffff", "line_name": "京王線", "operator_id": "keio", "representation": "service_path", "min_zoom": 0, "max_zoom": 24, "offset_rank": 0}}, {"type": "Feature", "bbox": [139.45845, 35.65966, 139.46816, 35.66739], "geometry": {"type": "LineString", "coordinates": [[139.45845, 35.65966], [139.45855, 35.65966], [139.46121, 35.66008], [139.46271, 35.66032], [139.46363, 35.66052], [139.46411, 35.66066], [139.4645, 35.66082], [139.46485, 35.66102], [139.46524, 35.66126], [139.46571, 35.66161], [139.46602, 35.66187], [139.46629, 35.66214], [139.46653, 35.66245], [139.4668, 35.66296], [139.46701, 35.66346], [139.46713, 35.66386], [139.46738, 35.66472], [139.46744, 35.66494], [139.46787, 35.6664], [139.46797, 35.66674], [139.46816, 35.66739]]}, "properties": {"id": "GEOM_TOKYO_0058", "route_id": "R_50E71696", "route_name": "京王線", "route_color": "#F18A00", "route_text_color": "#ffffff", "line_name": "京王線", "operator_id": "keio", "representation": "service_path", "min_zoom": 0, "max_zoom": 24, "offset_rank": 0}}, {"type": "Feature", "bbox": [139.36507, 35.64276, 139.36669, 35.6428], "geometry": {"type": "LineString", "coordinates": [[139.36507, 35.6428], [139.36669, 35.64276]]}, "properties": {"id": "GEOM_TOKYO_0059", "route_id": "R_50E71696", "route_name": "京王線", "route_color": "#F18A00", "route_text_color": "#ffffff", "line_name": "京王線", "operator_id": "keio", "representation": "service_path", "min_zoom": 0, "max_zoom": 24, "offset_rank": 0}}, {"type": "Feature", "bbox": [139.51209, 35.66034, 139.52288, 35.66396], "geometry": {"type": "LineString", "coordinates": [[139.51209, 35.66396], [139.51397, 35.6636], [139.5141, 35.66358], [139.51439, 35.66353], [139.51478, 35.66346], [139.51644, 35.66319], [139.51683, 35.66308], [139.51713, 35.66296], [139.51896, 35.66213], [139.51996, 35.66168], [139.52004, 35.66164], [139.52111, 35.66114], [139.52288, 35.66034]]}, "properties": {"id": "GEOM_TOKYO_0061", "route_id": "R_50E71696", "route_name": "京王線", "route_color": "#F18A00", "route_text_color": "#ffffff", "line_name": "京王線", "operator_id": "keio", "representation": "service_path", "min_zoom": 0, "max_zoom": 24, "offset_rank": 0}}, {"type": "Feature", "bbox": [139.38057, 35.64794, 139.39213, 35.65473], "geometry": {"type": "LineString", "coordinates": [[139.39213, 35.65473], [139.39095, 35.65365], [139.39076, 35.65349], [139.39042, 35.65327], [139.38977, 35.6529], [139.38923, 35.6526], [139.38718, 35.65156], [139.38558, 35.65078], [139.38317, 35.64962], [139.38212, 35.64911], [139.3818, 35.64894], [139.38153, 35.64877], [139.38131, 35.64859], [139.38057, 35.64794]]}, "properties": {"id": "GEOM_TOKYO_0062", "route_id": "R_50E71696", "route_name": "京王線", "route_color": "#F18A00", "route_text_color": "#ffffff", "line_name": "京王線", "operator_id": "keio", "representation": "service_path", "min_zoom": 0, "max_zoom": 24, "offset_rank": 0}}, {"type": "Feature", "bbox": [139.43193, 35.65064, 139.44616, 35.65723], "geometry": {"type": "LineString", "coordinates": [[139.44616, 35.65068], [139.44603, 35.65067], [139.44564, 35.65064], [139.44544, 35.65064], [139.44486, 35.65074], [139.44249, 35.65127], [139.43856, 35.65217], [139.43803, 35.65232], [139.43773, 35.6524], [139.43746, 35.6525], [139.43726, 35.65265], [139.43698, 35.65287], [139.43656, 35.65328], [139.43489, 35.65512], [139.43373, 35.65626], [139.43339, 35.65657], [139.43311, 35.65678], [139.43287, 35.65692], [139.43256, 35.65704], [139.43193, 35.65723]]}, "properties": {"id": "GEOM_TOKYO_0063", "route_id": "R_50E71696", "route_name": "京王線", "route_color": "#F18A00", "route_text_color": "#ffffff", "line_name": "京王線", "operator_id": "keio", "representation": "service_path", "min_zoom": 0, "max_zoom": 24, "offset_rank": 0}}, {"type": "Feature", "bbox": [139.55907, 35.65045, 139.56589, 35.65365], "geometry": {"type": "LineString", "coordinates": [[139.55907, 35.65045], [139.56011, 35.65094], [139.56089, 35.6513], [139.5629, 35.65225], [139.56311, 35.65235], [139.5635, 35.65253], [139.56392, 35.65273], [139.56589, 35.65365]]}, "properties": {"id": "GEOM_TOKYO_0065", "route_id": "R_50E71696", "route_name": "京王線", "route_color": "#F18A00", "route_text_color": "#ffffff", "line_name": "京王線", "operator_id": "keio", "representation": "service_path", "min_zoom": 0, "max_zoom": 24, "offset_rank": 0}}, {"type": "Feature", "bbox": [139.44776, 35.65092, 139.45694, 35.65941], "geometry": {"type": "LineString", "coordinates": [[139.44776, 35.65092], [139.44784, 35.65094], [139.44801, 35.65097], [139.44833, 35.65106], [139.4485, 35.65113], [139.44876, 35.65125], [139.44904, 35.65144], [139.44935, 35.65179], [139.44951, 35.65202], [139.44964, 35.65227], [139.44985, 35.65277], [139.45085, 35.65566], [139.45131, 35.65701], [139.4515, 35.6575], [139.45165, 35.65781], [139.45176, 35.65796], [139.45207, 35.65825], [139.45237, 35.65849], [139.4527, 35.65867], [139.4529, 35.65875], [139.45319, 35.65882], [139.45426, 35.65899], [139.45684, 35.6594], [139.45694, 35.65941]]}, "properties": {"id": "GEOM_TOKYO_0068", "route_id": "R_50E71696", "route_name": "京王線", "route_color": "#F18A00", "route_text_color": "#ffffff", "line_name": "京王線", "operator_id": "keio", "representation": "service_path", "min_zoom": 0, "max_zoom": 24, "offset_rank": 0}}, {"type": "Feature", "bbox": [139.41503, 35.65752, 139.43082, 35.66142], "geometry": {"type": "LineString", "coordinates": [[139.41503, 35.66142], [139.4155, 35.66124], [139.41592, 35.66111], [139.41624, 35.66102], [139.41727, 35.66076], [139.41778, 35.66063], [139.42018, 35.66004], [139.42187, 35.65963], [139.42613, 35.65861], [139.43082, 35.65752]]}, "properties": {"id": "GEOM_TOKYO_0069", "route_id": "R_50E71696", "route_name": "京王線", "route_color": "#F18A00", "route_text_color": "#ffffff", "line_name": "京王線", "operator_id": "keio", "representation": "service_path", "min_zoom": 0, "max_zoom": 24, "offset_rank": 0}}, {"type": "Feature", "bbox": [139.52444, 35.65772, 139.52866, 35.65963], "geometry": {"type": "LineString", "coordinates": [[139.52444, 35.65963], [139.52559, 35.65912], [139.52775, 35.65815], [139.52866, 35.65772]]}, "properties": {"id": "GEOM_TOKYO_0071", "route_id": "R_50E71696", "route_name": "京王線", "route_color": "#F18A00", "route_text_color": "#ffffff", "line_name": "京王線", "operator_id": "keio", "representation": "service_path", "min_zoom": 0, "max_zoom": 24, "offset_rank": 0}}, {"type": "Feature", "bbox": [139.39302, 35.65555, 139.41223, 35.66384], "geometry": {"type": "LineString", "coordinates": [[139.41223, 35.66267], [139.4112, 35.66308], [139.41087, 35.66322], [139.41061, 35.66331], [139.41042, 35.66337], [139.41006, 35.66343], [139.40915, 35.66354], [139.40806, 35.66367], [139.40744, 35.66374], [139.4057, 35.66384], [139.40519, 35.66383], [139.40503, 35.6638], [139.40486, 35.66377], [139.40462, 35.66368], [139.404, 35.66337], [139.40325, 35.663], [139.4022, 35.66249], [139.40099, 35.66185], [139.40092, 35.66181], [139.39981, 35.66122], [139.39904, 35.66078], [139.39864, 35.66054], [139.39839, 35.66035], [139.3981, 35.6601], [139.39704, 35.65918], [139.39621, 35.65843], [139.39464, 35.65701], [139.39302, 35.65555]]}, "properties": {"id": "GEOM_TOKYO_0073", "route_id": "R_50E71696", "route_name": "京王線", "route_color": "#F18A00", "route_text_color": "#ffffff", "line_name": "京王線", "operator_id": "keio", "representation": "service_path", "min_zoom": 0, "max_zoom": 24, "offset_rank": 0}}, {"type": "Feature", "bbox": [139.45694, 35.65941, 139.45845, 35.65966], "geometry": {"type": "LineString", "coordinates": [[139.45694, 35.65941], [139.45709, 35.65943], [139.45754, 35.65951], [139.45845, 35.65966]]}, "properties": {"id": "GEOM_TOKYO_0074", "route_id": "R_50E71696", "route_name": "京王線", "route_color": "#F18A00", "route_text_color": "#ffffff", "line_name": "京王線", "operator_id": "keio", "representation": "service_path", "min_zoom": 0, "max_zoom": 24, "offset_rank": 0}}, {"type": "Feature", "bbox": [139.49478, 35.66854, 139.49602, 35.669], "geometry": {"type": "LineString", "coordinates": [[139.49602, 35.66854], [139.49478, 35.669]]}, "properties": {"id": "GEOM_TOKYO_0075", "route_id": "R_50E71696", "route_name": "京王線", "route_color": "#F18A00", "route_text_color": "#ffffff", "line_name": "京王線", "operator_id": "keio", "representation": "service_path", "min_zoom": 0, "max_zoom": 24, "offset_rank": 0}}, {"type": "Feature", "bbox": [139.51052, 35.66396, 139.51209, 35.66431], "geometry": {"type": "LineString", "coordinates": [[139.51052, 35.66431], [139.51209, 35.66396]]}, "properties": {"id": "GEOM_TOKYO_0076", "route_id": "R_50E71696", "route_name": "京王線", "route_color": "#F18A00", "route_text_color": "#ffffff", "line_name": "京王線", "operator_id": "keio", "representation": "service_path", "min_zoom": 0, "max_zoom": 24, "offset_rank": 0}}, {"type": "Feature", "bbox": [139.36669, 35.64259, 139.37922, 35.64668], "geometry": {"type": "LineString", "coordinates": [[139.37922, 35.64668], [139.37861, 35.64611], [139.37716, 35.64492], [139.37686, 35.64467], [139.37555, 35.64363], [139.3749, 35.64315], [139.37458, 35.64295], [139.37432, 35.64282], [139.37414, 35.64273], [139.374, 35.64268], [139.37379, 35.64262], [139.37356, 35.6426], [139.37314, 35.64259], [139.3718, 35.64263], [139.37058, 35.64267], [139.37005, 35.64268], [139.36943, 35.6427], [139.36934, 35.64271], [139.36674, 35.64276], [139.36669, 35.64276]]}, "properties": {"id": "GEOM_TOKYO_0078", "route_id": "R_50E71696", "route_name": "京王線", "route_color": "#F18A00", "route_text_color": "#ffffff", "line_name": "京王線", "operator_id": "keio", "representation": "service_path", "min_zoom": 0, "max_zoom": 24, "offset_rank": 0}}, {"type": "Feature", "bbox": [139.43082, 35.65723, 139.43193, 35.65752], "geometry": {"type": "LineString", "coordinates": [[139.43082, 35.65752], [139.43193, 35.65723]]}, "properties": {"id": "GEOM_TOKYO_0079", "route_id": "R_50E71696", "route_name": "京王線", "route_color": "#F18A00", "route_text_color": "#ffffff", "line_name": "京王線", "operator_id": "keio", "representation": "service_path", "min_zoom": 0, "max_zoom": 24, "offset_rank": 0}}, {"type": "Feature", "bbox": [139.55108, 35.64979, 139.55235, 35.64993], "geometry": {"type": "LineString", "coordinates": [[139.55108, 35.64993], [139.55235, 35.64979]]}, "properties": {"id": "GEOM_TOKYO_0080", "route_id": "R_50E71696", "route_name": "京王線", "route_color": "#F18A00", "route_text_color": "#ffffff", "line_name": "京王線", "operator_id": "keio", "representation": "service_path", "min_zoom": 0, "max_zoom": 24, "offset_rank": 0}}, {"type": "Feature", "bbox": [139.37922, 35.64668, 139.38057, 35.64794], "geometry": {"type": "LineString", "coordinates": [[139.38057, 35.64794], [139.37922, 35.64668]]}, "properties": {"id": "GEOM_TOKYO_0081", "route_id": "R_50E71696", "route_name": "京王線", "route_color": "#F18A00", "route_text_color": "#ffffff", "line_name": "京王線", "operator_id": "keio", "representation": "service_path", "min_zoom": 0, "max_zoom": 24, "offset_rank": 0}}, {"type": "Feature", "bbox": [139.50117, 35.66602, 139.50307, 35.6667], "geometry": {"type": "LineString", "coordinates": [[139.50117, 35.6667], [139.50307, 35.66602]]}, "properties": {"id": "GEOM_TOKYO_0082", "route_id": "R_50E71696", "route_name": "京王線", "route_color": "#F18A00", "route_text_color": "#ffffff", "line_name": "京王線", "operator_id": "keio", "representation": "service_path", "min_zoom": 0, "max_zoom": 24, "offset_rank": 0}}, {"type": "Feature", "bbox": [139.55779, 35.64992, 139.55907, 35.65045], "geometry": {"type": "LineString", "coordinates": [[139.55779, 35.64992], [139.55907, 35.65045]]}, "properties": {"id": "GEOM_TOKYO_0083", "route_id": "R_50E71696", "route_name": "京王線", "route_color": "#F18A00", "route_text_color": "#ffffff", "line_name": "京王線", "operator_id": "keio", "representation": "service_path", "min_zoom": 0, "max_zoom": 24, "offset_rank": 0}}, {"type": "Feature", "bbox": [139.54591, 35.64993, 139.55108, 35.65143], "geometry": {"type": "LineString", "coordinates": [[139.54591, 35.65143], [139.54628, 35.65131], [139.54864, 35.6506], [139.55108, 35.64993]]}, "properties": {"id": "GEOM_TOKYO_0085", "route_id": "R_50E71696", "route_name": "京王線", "route_color": "#F18A00", "route_text_color": "#ffffff", "line_name": "京王線", "operator_id": "keio", "representation": "service_path", "min_zoom": 0, "max_zoom": 24, "offset_rank": 0}}, {"type": "Feature", "bbox": [139.46816, 35.66739, 139.46857, 35.66881], "geometry": {"type": "LineString", "coordinates": [[139.46816, 35.66739], [139.46818, 35.66746], [139.46851, 35.6686], [139.46857, 35.66881]]}, "properties": {"id": "GEOM_TOKYO_0086", "route_id": "R_50E71696", "route_name": "京王線", "route_color": "#F18A00", "route_text_color": "#ffffff", "line_name": "京王線", "operator_id": "keio", "representation": "service_path", "min_zoom": 0, "max_zoom": 24, "offset_rank": 0}}, {"type": "Feature", "bbox": [139.52866, 35.65692, 139.53035, 35.65772], "geometry": {"type": "LineString", "coordinates": [[139.52866, 35.65772], [139.53035, 35.65692]]}, "properties": {"id": "GEOM_TOKYO_0087", "route_id": "R_50E71696", "route_name": "京王線", "route_color": "#F18A00", "route_text_color": "#ffffff", "line_name": "京王線", "operator_id": "keio", "representation": "service_path", "min_zoom": 0, "max_zoom": 24, "offset_rank": 0}}, {"type": "Feature", "bbox": [139.46857, 35.66881, 139.47941, 35.67295], "geometry": {"type": "LineString", "coordinates": [[139.47941, 35.67234], [139.47931, 35.67235], [139.47651, 35.67287], [139.47609, 35.67293], [139.47593, 35.67294], [139.47559, 35.67295], [139.47516, 35.67294], [139.47485, 35.67292], [139.47462, 35.6729], [139.47433, 35.67285], [139.47408, 35.6728], [139.47395, 35.67278], [139.47377, 35.67274], [139.4733, 35.67265], [139.47172, 35.6723], [139.47067, 35.67205], [139.47043, 35.67195], [139.47026, 35.67187], [139.47003, 35.67171], [139.4698, 35.67151], [139.46946, 35.67111], [139.46925, 35.67077], [139.46906, 35.67029], [139.46891, 35.6699], [139.46857, 35.66881]]}, "properties": {"id": "GEOM_TOKYO_0088", "route_id": "R_50E71696", "route_name": "京王線", "route_color": "#F18A00", "route_text_color": "#ffffff", "line_name": "京王線", "operator_id": "keio", "representation": "service_path", "min_zoom": 0, "max_zoom": 24, "offset_rank": 0}}, {"type": "Feature", "bbox": [139.53035, 35.65231, 139.54289, 35.65692], "geometry": {"type": "LineString", "coordinates": [[139.53035, 35.65692], [139.53157, 35.65634], [139.5323, 35.65601], [139.53271, 35.65581], [139.53327, 35.65554], [139.53465, 35.65489], [139.53507, 35.6547], [139.53572, 35.65446], [139.53642, 35.65422], [139.53713, 35.654], [139.53818, 35.65369], [139.54089, 35.65289], [139.54289, 35.65231]]}, "properties": {"id": "GEOM_TOKYO_0089", "route_id": "R_50E71696", "route_name": "京王線", "route_color": "#F18A00", "route_text_color": "#ffffff", "line_name": "京王線", "operator_id": "keio", "representation": "service_path", "min_zoom": 0, "max_zoom": 24, "offset_rank": 0}}, {"type": "Feature", "bbox": [139.50307, 35.66431, 139.51052, 35.66602], "geometry": {"type": "LineString", "coordinates": [[139.50307, 35.66602], [139.50362, 35.66581], [139.50451, 35.66556], [139.50514, 35.66541], [139.50701, 35.66503], [139.50726, 35.66497], [139.50742, 35.66494], [139.50773, 35.66488], [139.51052, 35.66431]]}, "properties": {"id": "GEOM_TOKYO_0090", "route_id": "R_50E71696", "route_name": "京王線", "route_color": "#F18A00", "route_text_color": "#ffffff", "line_name": "京王線", "operator_id": "keio", "representation": "service_path", "min_zoom": 0, "max_zoom": 24, "offset_rank": 0}}, {"type": "Feature", "bbox": [139.39213, 35.65473, 139.39302, 35.65555], "geometry": {"type": "LineString", "coordinates": [[139.39302, 35.65555], [139.39213, 35.65473]]}, "properties": {"id": "GEOM_TOKYO_0091", "route_id": "R_50E71696", "route_name": "京王線", "route_color": "#F18A00", "route_text_color": "#ffffff", "line_name": "京王線", "operator_id": "keio", "representation": "service_path", "min_zoom": 0, "max_zoom": 24, "offset_rank": 0}}, {"type": "Feature", "bbox": [139.44616, 35.65068, 139.44776, 35.65092], "geometry": {"type": "LineString", "coordinates": [[139.44616, 35.65068], [139.4467, 35.65076], [139.44776, 35.65092]]}, "properties": {"id": "GEOM_TOKYO_0093", "route_id": "R_50E71696", "route_name": "京王線", "route_color": "#F18A00", "route_text_color": "#ffffff", "line_name": "京王線", "operator_id": "keio", "representation": "service_path", "min_zoom": 0, "max_zoom": 24, "offset_rank": 0}}, {"type": "Feature", "bbox": [139.49602, 35.6667, 139.50117, 35.66854], "geometry": {"type": "LineString", "coordinates": [[139.49602, 35.66854], [139.49679, 35.66828], [139.49825, 35.66776], [139.50002, 35.66714], [139.50117, 35.6667]]}, "properties": {"id": "GEOM_TOKYO_0094", "route_id": "R_50E71696", "route_name": "京王線", "route_color": "#F18A00", "route_text_color": "#ffffff", "line_name": "京王線", "operator_id": "keio", "representation": "service_path", "min_zoom": 0, "max_zoom": 24, "offset_rank": 0}}, {"type": "Feature", "bbox": [139.48079, 35.66935, 139.49376, 35.67204], "geometry": {"type": "LineString", "coordinates": [[139.49376, 35.66935], [139.49207, 35.6699], [139.49034, 35.67027], [139.48904, 35.67051], [139.48725, 35.67084], [139.48544, 35.67116], [139.48257, 35.67172], [139.48089, 35.67203], [139.48079, 35.67204]]}, "properties": {"id": "GEOM_TOKYO_0095", "route_id": "R_50E71696", "route_name": "京王線", "route_color": "#F18A00", "route_text_color": "#ffffff", "line_name": "京王線", "operator_id": "keio", "representation": "service_path", "min_zoom": 0, "max_zoom": 24, "offset_rank": 0}}, {"type": "Feature", "bbox": [139.49376, 35.669, 139.49478, 35.66935], "geometry": {"type": "LineString", "coordinates": [[139.49478, 35.669], [139.49376, 35.66935]]}, "properties": {"id": "GEOM_TOKYO_0096", "route_id": "R_50E71696", "route_name": "京王線", "route_color": "#F18A00", "route_text_color": "#ffffff", "line_name": "京王線", "operator_id": "keio", "representation": "service_path", "min_zoom": 0, "max_zoom": 24, "offset_rank": 0}}, {"type": "Feature", "bbox": [139.55235, 35.64953, 139.55779, 35.64992], "geometry": {"type": "LineString", "coordinates": [[139.55235, 35.64979], [139.55329, 35.64973], [139.55442, 35.64965], [139.55554, 35.64957], [139.55633, 35.64953], [139.55655, 35.64955], [139.55691, 35.64962], [139.55715, 35.64969], [139.55744, 35.6498], [139.55779, 35.64992]]}, "properties": {"id": "GEOM_TOKYO_0097", "route_id": "R_50E71696", "route_name": "京王線", "route_color": "#F18A00", "route_text_color": "#ffffff", "line_name": "京王線", "operator_id": "keio", "representation": "service_path", "min_zoom": 0, "max_zoom": 24, "offset_rank": 0}}, {"type": "Feature", "bbox": [139.52288, 35.65963, 139.52444, 35.66034], "geometry": {"type": "LineString", "coordinates": [[139.52288, 35.66034], [139.52444, 35.65963]]}, "properties": {"id": "GEOM_TOKYO_0100", "route_id": "R_50E71696", "route_name": "京王線", "route_color": "#F18A00", "route_text_color": "#ffffff", "line_name": "京王線", "operator_id": "keio", "representation": "service_path", "min_zoom": 0, "max_zoom": 24, "offset_rank": 0}}, {"type": "Feature", "bbox": [139.34246, 35.65755, 139.34365, 35.65849], "geometry": {"type": "LineString", "coordinates": [[139.34246, 35.65849], [139.34271, 35.65823], [139.34309, 35.65793], [139.34365, 35.65755]]}, "properties": {"id": "GEOM_TOKYO_0101", "route_id": "R_50E71696", "route_name": "京王線", "route_color": "#F18A00", "route_text_color": "#ffffff", "line_name": "京王線", "operator_id": "keio", "representation": "service_path", "min_zoom": 0, "max_zoom": 24, "offset_rank": 0}}, {"type": "Feature", "bbox": [139.35528, 35.6428, 139.36507, 35.64402], "geometry": {"type": "LineString", "coordinates": [[139.35528, 35.64402], [139.35537, 35.64398], [139.35691, 35.64338], [139.35738, 35.64319], [139.35764, 35.64312], [139.35798, 35.64305], [139.3583, 35.64301], [139.35884, 35.64297], [139.3614, 35.64289], [139.36496, 35.6428], [139.36507, 35.6428]]}, "properties": {"id": "GEOM_TOKYO_0102", "route_id": "R_50E71696", "route_name": "京王線", "route_color": "#F18A00", "route_text_color": "#ffffff", "line_name": "京王線", "operator_id": "keio", "representation": "service_path", "min_zoom": 0, "max_zoom": 24, "offset_rank": 0}}, {"type": "Feature", "bbox": [139.34365, 35.64565, 139.35131, 35.65755], "geometry": {"type": "LineString", "coordinates": [[139.34365, 35.65755], [139.34501, 35.65666], [139.3456, 35.65628], [139.34584, 35.6561], [139.34598, 35.65597], [139.34612, 35.65583], [139.34624, 35.65567], [139.34638, 35.65542], [139.3466, 35.65485], [139.347, 35.65384], [139.34712, 35.65352], [139.34718, 35.65336], [139.34774, 35.65181], [139.34852, 35.64962], [139.34882, 35.64875], [139.34902, 35.64816], [139.34921, 35.64771], [139.34937, 35.6474], [139.34967, 35.64699], [139.34997, 35.64665], [139.35049, 35.64621], [139.3506, 35.64612], [139.35094, 35.64587], [139.35131, 35.64565]]}, "properties": {"id": "GEOM_TOKYO_0103", "route_id": "R_50E71696", "route_name": "京王線", "route_color": "#F18A00", "route_text_color": "#ffffff", "line_name": "京王線", "operator_id": "keio", "representation": "service_path", "min_zoom": 0, "max_zoom": 24, "offset_rank": 0}}, {"type": "Feature", "bbox": [139.35131, 35.64495, 139.35308, 35.64565], "geometry": {"type": "LineString", "coordinates": [[139.35131, 35.64565], [139.35188, 35.64543], [139.35204, 35.64536], [139.35282, 35.64505], [139.35296, 35.64499], [139.35308, 35.64495]]}, "properties": {"id": "GEOM_TOKYO_0104", "route_id": "R_50E71696", "route_name": "京王線", "route_color": "#F18A00", "route_text_color": "#ffffff", "line_name": "京王線", "operator_id": "keio", "representation": "service_path", "min_zoom": 0, "max_zoom": 24, "offset_rank": 0}}, {"type": "Feature", "bbox": [139.35308, 35.64402, 139.35528, 35.64495], "geometry": {"type": "LineString", "coordinates": [[139.35308, 35.64495], [139.3536, 35.64473], [139.35429, 35.64444], [139.35452, 35.64434], [139.35528, 35.64402]]}, "properties": {"id": "GEOM_TOKYO_0105", "route_id": "R_50E71696", "route_name": "京王線", "route_color": "#F18A00", "route_text_color": "#ffffff", "line_name": "京王線", "operator_id": "keio", "representation": "service_path", "min_zoom": 0, "max_zoom": 24, "offset_rank": 0}}, {"type": "Feature", "bbox": [139.49478, 35.66854, 139.49602, 35.669], "geometry": {"type": "LineString", "coordinates": [[139.49602, 35.66854], [139.49478, 35.669]]}, "properties": {"id": "GEOM_TOKYO_0107", "route_id": "R_A4411EE9", "route_name": null, "route_color": "#F18A00", "route_text_color": null, "line_name": "競馬場線", "operator_id": "keio", "representation": "service_path", "min_zoom": 0, "max_zoom": 24, "offset_rank": 0}}, {"type": "Feature", "bbox": [139.49376, 35.669, 139.49478, 35.66935], "geometry": {"type": "LineString", "coordinates": [[139.49478, 35.669], [139.49376, 35.66935]]}, "properties": {"id": "GEOM_TOKYO_0108", "route_id": "R_A4411EE9", "route_name": null, "route_color": "#F18A00", "route_text_color": null, "line_name": "競馬場線", "operator_id": "keio", "representation": "service_path", "min_zoom": 0, "max_zoom": 24, "offset_rank": 0}}, {"type": "Feature", "bbox": [139.48449, 35.66833, 139.48584, 35.66838], "geometry": {"type": "LineString", "coordinates": [[139.48584, 35.66833], [139.48449, 35.66838]]}, "properties": {"id": "GEOM_TOKYO_0109", "route_id": "R_A4411EE9", "route_name": null, "route_color": "#F18A00", "route_text_color": null, "line_name": "競馬場線", "operator_id": "keio", "representation": "service_path", "min_zoom": 0, "max_zoom": 24, "offset_rank": 0}}, {"type": "Feature", "bbox": [139.48584, 35.66829, 139.49376, 35.66935], "geometry": {"type": "LineString", "coordinates": [[139.49376, 35.66935], [139.49285, 35.6693], [139.49233, 35.66927], [139.49182, 35.66915], [139.49133, 35.66901], [139.48978, 35.66865], [139.48871, 35.66842], [139.48747, 35.66831], [139.48692, 35.66829], [139.48657, 35.6683], [139.48584, 35.66833]]}, "properties": {"id": "GEOM_TOKYO_0110", "route_id": "R_A4411EE9", "route_name": null, "route_color": "#F18A00", "route_text_color": null, "line_name": "競馬場線", "operator_id": "keio", "representation": "service_path", "min_zoom": 0, "max_zoom": 24, "offset_rank": 0}}, {"type": "Feature", "bbox": [139.29295, 35.64044, 139.29434, 35.64074], "geometry": {"type": "LineString", "coordinates": [[139.29295, 35.64074], [139.29434, 35.64044]]}, "properties": {"id": "GEOM_TOKYO_0111", "route_id": "R_7DC141B7", "route_name": "高尾線", "route_color": "#F18A00", "route_text_color": "#ffffff", "line_name": "高尾線", "operator_id": "keio", "representation": "service_path", "min_zoom": 0, "max_zoom": 24, "offset_rank": 0}}, {"type": "Feature", "bbox": [139.29434, 35.64033, 139.30777, 35.6434], "geometry": {"type": "LineString", "coordinates": [[139.29434, 35.64044], [139.29485, 35.64037], [139.29528, 35.64033], [139.29557, 35.64033], [139.29594, 35.64033], [139.29643, 35.64037], [139.29692, 35.64043], [139.29764, 35.64058], [139.29861, 35.6408], [139.30032, 35.64121], [139.30056, 35.64128], [139.30218, 35.64169], [139.30299, 35.64188], [139.30383, 35.6421], [139.30419, 35.64221], [139.3045, 35.64232], [139.30535, 35.64259], [139.30585, 35.64276], [139.30642, 35.64296], [139.30673, 35.64307], [139.30725, 35.64324], [139.30777, 35.6434]]}, "properties": {"id": "GEOM_TOKYO_0113", "route_id": "R_7DC141B7", "route_name": "高尾線", "route_color": "#F18A00", "route_text_color": "#ffffff", "line_name": "高尾線", "operator_id": "keio", "representation": "service_path", "min_zoom": 0, "max_zoom": 24, "offset_rank": 0}}, {"type": "Feature", "bbox": [139.33739, 35.64364, 139.35131, 35.64674], "geometry": {"type": "LineString", "coordinates": [[139.33739, 35.64424], [139.33788, 35.64409], [139.33835, 35.64397], [139.33877, 35.64386], [139.33946, 35.6437], [139.33971, 35.64367], [139.33993, 35.64366], [139.34026, 35.64364], [139.34075, 35.64366], [139.34109, 35.6437], [139.3416, 35.64382], [139.34199, 35.64397], [139.34234, 35.64412], [139.34292, 35.64441], [139.34331, 35.64466], [139.34356, 35.64486], [139.34488, 35.64587], [139.34517, 35.64605], [139.34553, 35.64625], [139.34581, 35.64636], [139.34616, 35.64647], [139.34636, 35.64652], [139.34707, 35.64667], [139.34745, 35.64671], [139.34782, 35.64674], [139.34804, 35.64674], [139.34824, 35.64673], [139.34826, 35.64672], [139.34836, 35.64671], [139.34846, 35.6467], [139.34863, 35.64667], [139.34883, 35.64662], [139.34914, 35.64652], [139.34946, 35.6464], [139.35018, 35.6461], [139.35038, 35.64602], [139.35131, 35.64565]]}, "properties": {"id": "GEOM_TOKYO_0114", "route_id": "R_7DC141B7", "route_name": "高尾線", "route_color": "#F18A00", "route_text_color": "#ffffff", "line_name": "高尾線", "operator_id": "keio", "representation": "service_path", "min_zoom": 0, "max_zoom": 24, "offset_rank": 0}}, {"type": "Feature", "bbox": [139.35131, 35.64495, 139.35308, 35.64565], "geometry": {"type": "LineString", "coordinates": [[139.35131, 35.64565], [139.35188, 35.64543], [139.35204, 35.64536], [139.35282, 35.64505], [139.35296, 35.64499], [139.35308, 35.64495]]}, "properties": {"id": "GEOM_TOKYO_0115", "route_id": "R_7DC141B7", "route_name": "高尾線", "route_color": "#F18A00", "route_text_color": "#ffffff", "line_name": "高尾線", "operator_id": "keio", "representation": "service_path", "min_zoom": 0, "max_zoom": 24, "offset_rank": 0}}, {"type": "Feature", "bbox": [139.35308, 35.64402, 139.35528, 35.64495], "geometry": {"type": "LineString", "coordinates": [[139.35308, 35.64495], [139.3536, 35.64473], [139.35429, 35.64444], [139.35452, 35.64434], [139.35528, 35.64402]]}, "properties": {"id": "GEOM_TOKYO_0116", "route_id": "R_7DC141B7", "route_name": "高尾線", "route_color": "#F18A00", "route_text_color": "#ffffff", "line_name": "高尾線", "operator_id": "keio", "representation": "service_path", "min_zoom": 0, "max_zoom": 24, "offset_rank": 0}}, {"type": "Feature", "bbox": [139.28248, 35.64074, 139.29295, 35.642], "geometry": {"type": "LineString", "coordinates": [[139.28248, 35.64182], [139.28258, 35.64184], [139.28312, 35.64194], [139.28328, 35.64196], [139.2836, 35.642], [139.28396, 35.642], [139.28431, 35.64194], [139.28457, 35.64188], [139.28495, 35.64178], [139.28577, 35.64156], [139.28605, 35.64153], [139.28628, 35.64153], [139.28671, 35.64155], [139.28797, 35.64168], [139.28867, 35.64172], [139.28882, 35.64171], [139.28897, 35.6417], [139.28924, 35.64165], [139.29008, 35.64145], [139.29132, 35.64115], [139.29295, 35.64074]]}, "properties": {"id": "GEOM_TOKYO_0117", "route_id": "R_7DC141B7", "route_name": "高尾線", "route_color": "#F18A00", "route_text_color": "#ffffff", "line_name": "高尾線", "operator_id": "keio", "representation": "service_path", "min_zoom": 0, "max_zoom": 24, "offset_rank": 0}}, {"type": "Feature", "bbox": [139.33653, 35.64424, 139.33739, 35.64448], "geometry": {"type": "LineString", "coordinates": [[139.33653, 35.64448], [139.33739, 35.64424]]}, "properties": {"id": "GEOM_TOKYO_0118", "route_id": "R_7DC141B7", "route_name": "高尾線", "route_color": "#F18A00", "route_text_color": "#ffffff", "line_name": "高尾線", "operator_id": "keio", "representation": "service_path", "min_zoom": 0, "max_zoom": 24, "offset_rank": 0}}, {"type": "Feature", "bbox": [139.30777, 35.6434, 139.30916, 35.64385], "geometry": {"type": "LineString", "coordinates": [[139.30777, 35.6434], [139.30834, 35.64359], [139.30846, 35.64363], [139.30884, 35.64375], [139.30916, 35.64385]]}, "properties": {"id": "GEOM_TOKYO_0119", "route_id": "R_7DC141B7", "route_name": "高尾線", "route_color": "#F18A00", "route_text_color": "#ffffff", "line_name": "高尾線", "operator_id": "keio", "representation": "service_path", "min_zoom": 0, "max_zoom": 24, "offset_rank": 0}}, {"type": "Feature", "bbox": [139.32115, 35.6442, 139.33653, 35.64561], "geometry": {"type": "LineString", "coordinates": [[139.32115, 35.64433], [139.32162, 35.64428], [139.32264, 35.64422], [139.32322, 35.6442], [139.3236, 35.64422], [139.32396, 35.64428], [139.32442, 35.64436], [139.32579, 35.64469], [139.32683, 35.64494], [139.32776, 35.64514], [139.32874, 35.64537], [139.32949, 35.6455], [139.33015, 35.64557], [139.33064, 35.64561], [139.331, 35.64561], [139.33127, 35.64561], [139.33176, 35.64558], [139.33227, 35.64553], [139.33268, 35.64546], [139.33323, 35.64537], [139.33353, 35.6453], [139.33409, 35.64516], [139.33512, 35.64488], [139.33653, 35.64448]]}, "properties": {"id": "GEOM_TOKYO_0120", "route_id": "R_7DC141B7", "route_name": "高尾線", "route_color": "#F18A00", "route_text_color": "#ffffff", "line_name": "高尾線", "operator_id": "keio", "representation": "service_path", "min_zoom": 0, "max_zoom": 24, "offset_rank": 0}}, {"type": "Feature", "bbox": [139.30916, 35.64385, 139.32036, 35.64482], "geometry": {"type": "LineString", "coordinates": [[139.30916, 35.64385], [139.30947, 35.64395], [139.30987, 35.64408], [139.31015, 35.64418], [139.31141, 35.64455], [139.31206, 35.64468], [139.31281, 35.64478], [139.31349, 35.64482], [139.31391, 35.64482], [139.31482, 35.64476], [139.31516, 35.64473], [139.31661, 35.64462], [139.31692, 35.6446], [139.32036, 35.64438]]}, "properties": {"id": "GEOM_TOKYO_0121", "route_id": "R_7DC141B7", "route_name": "高尾線", "route_color": "#F18A00", "route_text_color": "#ffffff", "line_name": "高尾線", "operator_id": "keio", "representation": "service_path", "min_zoom": 0, "max_zoom": 24, "offset_rank": 0}}, {"type": "Feature", "bbox": [139.32036, 35.64433, 139.32115, 35.64438], "geometry": {"type": "LineString", "coordinates": [[139.32036, 35.64438], [139.32115, 35.64433]]}, "properties": {"id": "GEOM_TOKYO_0122", "route_id": "R_7DC141B7", "route_name": "高尾線", "route_color": "#F18A00", "route_text_color": "#ffffff", "line_name": "高尾線", "operator_id": "keio", "representation": "service_path", "min_zoom": 0, "max_zoom": 24, "offset_rank": 0}}, {"type": "Feature", "bbox": [139.28094, 35.64149, 139.28248, 35.64182], "geometry": {"type": "LineString", "coordinates": [[139.28094, 35.64149], [139.28248, 35.64182]]}, "properties": {"id": "GEOM_TOKYO_0123", "route_id": "R_7DC141B7", "route_name": "高尾線", "route_color": "#F18A00", "route_text_color": "#ffffff", "line_name": "高尾線", "operator_id": "keio", "representation": "service_path", "min_zoom": 0, "max_zoom": 24, "offset_rank": 0}}, {"type": "Feature", "bbox": [139.27013, 35.63284, 139.28094, 35.64149], "geometry": {"type": "LineString", "coordinates": [[139.27013, 35.63284], [139.27016, 35.63289], [139.27041, 35.63329], [139.2706, 35.63365], [139.27088, 35.63421], [139.27097, 35.63444], [139.27143, 35.63542], [139.27172, 35.63597], [139.27189, 35.63645], [139.27191, 35.63661], [139.27192, 35.6368], [139.2719, 35.63714], [139.27188, 35.63756], [139.27188, 35.63779], [139.27189, 35.63806], [139.27194, 35.63827], [139.272, 35.63849], [139.27209, 35.63869], [139.27216, 35.63882], [139.2723, 35.63898], [139.27247, 35.63914], [139.27262, 35.63925], [139.27293, 35.63946], [139.27344, 35.63976], [139.27399, 35.64004], [139.27432, 35.64021], [139.27457, 35.64032], [139.27481, 35.6404], [139.27508, 35.64045], [139.27556, 35.64053], [139.27671, 35.64069], [139.27728, 35.64078], [139.27783, 35.64088], [139.27876, 35.64103], [139.27944, 35.64115], [139.28009, 35.64129], [139.28089, 35.64148], [139.28094, 35.64149]]}, "properties": {"id": "GEOM_TOKYO_0124", "route_id": "R_7DC141B7", "route_name": "高尾線", "route_color": "#F18A00", "route_text_color": "#ffffff", "line_name": "高尾線", "operator_id": "keio", "representation": "service_path", "min_zoom": 0, "max_zoom": 24, "offset_rank": 0}}, {"type": "Feature", "bbox": [139.51593, 35.63292, 139.51865, 35.63303], "geometry": {"type": "LineString", "coordinates": [[139.51865, 35.63303], [139.51749, 35.63297], [139.51674, 35.63294], [139.51593, 35.63292]]}, "properties": {"id": "GEOM_TOKYO_0125", "route_id": "R_EEFEDD1F", "route_name": "相模原線", "route_color": "#F18A00", "route_text_color": "#ffffff", "line_name": "相模原線", "operator_id": "keio", "representation": "service_path", "min_zoom": 0, "max_zoom": 24, "offset_rank": 0}}, {"type": "Feature", "bbox": [139.53297, 35.63473, 139.53572, 35.64339], "geometry": {"type": "LineString", "coordinates": [[139.53297, 35.63473], [139.53334, 35.63506], [139.53366, 35.63539], [139.53394, 35.6358], [139.53413, 35.63613], [139.53426, 35.63641], [139.53442, 35.63685], [139.53448, 35.63709], [139.53456, 35.63742], [139.5347, 35.63819], [139.53476, 35.6387], [139.53481, 35.63917], [139.53489, 35.63982], [139.53492, 35.64005], [139.53501, 35.64067], [139.5351, 35.64125], [139.53521, 35.64191], [139.53532, 35.64233], [139.53543, 35.64272], [139.53556, 35.64306], [139.53572, 35.64339]]}, "properties": {"id": "GEOM_TOKYO_0126", "route_id": "R_EEFEDD1F", "route_name": "相模原線", "route_color": "#F18A00", "route_text_color": "#ffffff", "line_name": "相模原線", "operator_id": "keio", "representation": "service_path", "min_zoom": 0, "max_zoom": 24, "offset_rank": 0}}, {"type": "Feature", "bbox": [139.54289, 35.65211, 139.54356, 35.65231], "geometry": {"type": "LineString", "coordinates": [[139.54289, 35.65231], [139.54356, 35.65211]]}, "properties": {"id": "GEOM_TOKYO_0127", "route_id": "R_EEFEDD1F", "route_name": "相模原線", "route_color": "#F18A00", "route_text_color": "#ffffff", "line_name": "相模原線", "operator_id": "keio", "representation": "service_path", "min_zoom": 0, "max_zoom": 24, "offset_rank": 0}}, {"type": "Feature", "bbox": [139.53697, 35.64481, 139.54289, 35.65231], "geometry": {"type": "LineString", "coordinates": [[139.53697, 35.64481], [139.53705, 35.64488], [139.53732, 35.64519], [139.53747, 35.64538], [139.53759, 35.64555], [139.53769, 35.64573], [139.53826, 35.64688], [139.53878, 35.64791], [139.53956, 35.64946], [139.5397, 35.64974], [139.53982, 35.64998], [139.53997, 35.65028], [139.54029, 35.65092], [139.54048, 35.65125], [139.54067, 35.65156], [139.54085, 35.65175], [139.54098, 35.65186], [139.54123, 35.65204], [139.54146, 35.65215], [139.54163, 35.65222], [139.5419, 35.65227], [139.54206, 35.65229], [139.54253, 35.6523], [139.54289, 35.65231]]}, "properties": {"id": "GEOM_TOKYO_0128", "route_id": "R_EEFEDD1F", "route_name": "相模原線", "route_color": "#F18A00", "route_text_color": "#ffffff", "line_name": "相模原線", "operator_id": "keio", "representation": "service_path", "min_zoom": 0, "max_zoom": 24, "offset_rank": 0}}, {"type": "Feature", "bbox": [139.47342, 35.61909, 139.49905, 35.63592], "geometry": {"type": "LineString", "coordinates": [[139.47342, 35.61928], [139.47523, 35.61916], [139.47604, 35.61912], [139.47661, 35.61909], [139.47714, 35.61911], [139.47733, 35.61911], [139.47781, 35.61916], [139.47799, 35.61918], [139.47831, 35.61923], [139.47862, 35.61929], [139.47899, 35.61937], [139.47949, 35.61949], [139.48027, 35.61972], [139.48058, 35.61983], [139.48101, 35.62], [139.48116, 35.62007], [139.4816, 35.62026], [139.48192, 35.62042], [139.48214, 35.62055], [139.48259, 35.62086], [139.48326, 35.62135], [139.48379, 35.6218], [139.48437, 35.62237], [139.48464, 35.62261], [139.48483, 35.62282], [139.48641, 35.62456], [139.48676, 35.62492], [139.48708, 35.62526], [139.48724, 35.62544], [139.4886, 35.62688], [139.48874, 35.62702], [139.49039, 35.62875], [139.49118, 35.62955], [139.49133, 35.62973], [139.49167, 35.63009], [139.49212, 35.63057], [139.49239, 35.63085], [139.49342, 35.63196], [139.4946, 35.63317], [139.49468, 35.63325], [139.49495, 35.6335], [139.49525, 35.63376], [139.49571, 35.63408], [139.49621, 35.63439], [139.49679, 35.63476], [139.49693, 35.63485], [139.49715, 35.63499], [139.49745, 35.63519], [139.49767, 35.63531], [139.49797, 35.63548], [139.49847, 35.63572], [139.49865, 35.63579], [139.49893, 35.63589], [139.49905, 35.63592]]}, "properties": {"id": "GEOM_TOKYO_0129", "route_id": "R_EEFEDD1F", "route_name": "相模原線", "route_color": "#F18A00", "route_text_color": "#ffffff", "line_name": "相模原線", "operator_id": "keio", "representation": "service_path", "min_zoom": 0, "max_zoom": 24, "offset_rank": 0}}, {"type": "Feature", "bbox": [139.39934, 35.62398, 139.40131, 35.62497], "geometry": {"type": "LineString", "coordinates": [[139.40131, 35.62497], [139.39934, 35.62398]]}, "properties": {"id": "GEOM_TOKYO_0130", "route_id": "R_EEFEDD1F", "route_name": "相模原線", "route_color": "#F18A00", "route_text_color": "#ffffff", "line_name": "相模原線", "operator_id": "keio", "representation": "service_path", "min_zoom": 0, "max_zoom": 24, "offset_rank": 0}}, {"type": "Feature", "bbox": [139.37874, 35.61361, 139.38091, 35.61458], "geometry": {"type": "LineString", "coordinates": [[139.38091, 35.61458], [139.37996, 35.61414], [139.37959, 35.61396], [139.37874, 35.61361]]}, "properties": {"id": "GEOM_TOKYO_0131", "route_id": "R_EEFEDD1F", "route_name": "相模原線", "route_color": "#F18A00", "route_text_color": "#ffffff", "line_name": "相模原線", "operator_id": "keio", "representation": "service_path", "min_zoom": 0, "max_zoom": 24, "offset_rank": 0}}, {"type": "Feature", "bbox": [139.42317, 35.62487, 139.42516, 35.62558], "geometry": {"type": "LineString", "coordinates": [[139.42516, 35.62558], [139.42317, 35.62487]]}, "properties": {"id": "GEOM_TOKYO_0132", "route_id": "R_EEFEDD1F", "route_name": "相模原線", "route_color": "#F18A00", "route_text_color": "#ffffff", "line_name": "相模原線", "operator_id": "keio", "representation": "service_path", "min_zoom": 0, "max_zoom": 24, "offset_rank": 0}}, {"type": "Feature", "bbox": [139.38091, 35.61458, 139.39934, 35.62398], "geometry": {"type": "LineString", "coordinates": [[139.39934, 35.62398], [139.39925, 35.62393], [139.39739, 35.62298], [139.39725, 35.62291], [139.39652, 35.62253], [139.39548, 35.62201], [139.39515, 35.62183], [139.3936, 35.62103], [139.39321, 35.62085], [139.39279, 35.62063], [139.39243, 35.62044], [139.39162, 35.62002], [139.39098, 35.61969], [139.38962, 35.619], [139.38952, 35.61894], [139.38825, 35.61828], [139.38814, 35.61823], [139.38722, 35.61777], [139.38631, 35.6173], [139.38576, 35.61703], [139.38477, 35.61653], [139.38336, 35.6158], [139.38134, 35.6148], [139.38091, 35.61458]]}, "properties": {"id": "GEOM_TOKYO_0133", "route_id": "R_EEFEDD1F", "route_name": "相模原線", "route_color": "#F18A00", "route_text_color": "#ffffff", "line_name": "相模原線", "operator_id": "keio", "representation": "service_path", "min_zoom": 0, "max_zoom": 24, "offset_rank": 0}}, {"type": "Feature", "bbox": [139.40131, 35.62331, 139.42317, 35.62629], "geometry": {"type": "LineString", "coordinates": [[139.42317, 35.62487], [139.42291, 35.62477], [139.42137, 35.62421], [139.42082, 35.62401], [139.42057, 35.62392], [139.42013, 35.62379], [139.4196, 35.62364], [139.41921, 35.62355], [139.41842, 35.62342], [139.41826, 35.62339], [139.41785, 35.62333], [139.41743, 35.62331], [139.41717, 35.62331], [139.41663, 35.62334], [139.41651, 35.62335], [139.41603, 35.62338], [139.41563, 35.62342], [139.41528, 35.62347], [139.41513, 35.62351], [139.41478, 35.62357], [139.41435, 35.62369], [139.41361, 35.62393], [139.41306, 35.62413], [139.41268, 35.62427], [139.41201, 35.62455], [139.4118, 35.62464], [139.41103, 35.62501], [139.4102, 35.62543], [139.40949, 35.62572], [139.40884, 35.62594], [139.40838, 35.62605], [139.40794, 35.62613], [139.40786, 35.62615], [139.40747, 35.6262], [139.40743, 35.62621], [139.4071, 35.62626], [139.40645, 35.62628], [139.40587, 35.62629], [139.40542, 35.62628], [139.405, 35.62625], [139.40496, 35.62625], [139.40478, 35.62623], [139.40439, 35.62618], [139.40387, 35.62605], [139.40339, 35.62591], [139.40298, 35.62575], [139.40258, 35.62559], [139.40245, 35.62553], [139.40217, 35.6254], [139.40143, 35.62503], [139.40131, 35.62497]]}, "properties": {"id": "GEOM_TOKYO_0134", "route_id": "R_EEFEDD1F", "route_name": "相模原線", "route_color": "#F18A00", "route_text_color": "#ffffff", "line_name": "相模原線", "operator_id": "keio", "representation": "service_path", "min_zoom": 0, "max_zoom": 24, "offset_rank": 0}}, {"type": "Feature", "bbox": [139.3665, 35.60114, 139.36735, 35.60234], "geometry": {"type": "LineString", "coordinates": [[139.36735, 35.60234], [139.36709, 35.60196], [139.36694, 35.60175], [139.3665, 35.60114]]}, "properties": {"id": "GEOM_TOKYO_0135", "route_id": "R_EEFEDD1F", "route_name": "相模原線", "route_color": "#F18A00", "route_text_color": "#ffffff", "line_name": "相模原線", "operator_id": "keio", "representation": "service_path", "min_zoom": 0, "max_zoom": 24, "offset_rank": 0}}, {"type": "Feature", "bbox": [139.50127, 35.63292, 139.51593, 35.63628], "geometry": {"type": "LineString", "coordinates": [[139.51593, 35.63292], [139.51581, 35.63292], [139.51448, 35.63292], [139.51349, 35.63294], [139.51243, 35.63296], [139.51188, 35.63301], [139.51099, 35.63312], [139.5105, 35.6332], [139.50998, 35.63332], [139.5094, 35.63348], [139.50888, 35.63364], [139.50791, 35.63404], [139.50731, 35.63433], [139.50599, 35.63498], [139.50564, 35.63516], [139.50545, 35.63524], [139.50485, 35.63553], [139.50433, 35.63575], [139.50394, 35.63588], [139.5036, 35.636], [139.50272, 35.6362], [139.50228, 35.63626], [139.50191, 35.63628], [139.50127, 35.63627]]}, "properties": {"id": "GEOM_TOKYO_0136", "route_id": "R_EEFEDD1F", "route_name": "相模原線", "route_color": "#F18A00", "route_text_color": "#ffffff", "line_name": "相模原線", "operator_id": "keio", "representation": "service_path", "min_zoom": 0, "max_zoom": 24, "offset_rank": 0}}, {"type": "Feature", "bbox": [139.47126, 35.61928, 139.47342, 35.61945], "geometry": {"type": "LineString", "coordinates": [[139.47342, 35.61928], [139.47126, 35.61945]]}, "properties": {"id": "GEOM_TOKYO_0137", "route_id": "R_EEFEDD1F", "route_name": "相模原線", "route_color": "#F18A00", "route_text_color": "#ffffff", "line_name": "相模原線", "operator_id": "keio", "representation": "service_path", "min_zoom": 0, "max_zoom": 24, "offset_rank": 0}}, {"type": "Feature", "bbox": [139.44707, 35.62993, 139.44935, 35.63055], "geometry": {"type": "LineString", "coordinates": [[139.44935, 35.62993], [139.44893, 35.63005], [139.44731, 35.63048], [139.44707, 35.63055]]}, "properties": {"id": "GEOM_TOKYO_0138", "route_id": "R_EEFEDD1F", "route_name": "相模原線", "route_color": "#F18A00", "route_text_color": "#ffffff", "line_name": "相模原線", "operator_id": "keio", "representation": "service_path", "min_zoom": 0, "max_zoom": 24, "offset_rank": 0}}, {"type": "Feature", "bbox": [139.49905, 35.63592, 139.50127, 35.63627], "geometry": {"type": "LineString", "coordinates": [[139.49905, 35.63592], [139.4994, 35.636], [139.49985, 35.6361], [139.5005, 35.63622], [139.50066, 35.63623], [139.50091, 35.63627], [139.50127, 35.63627]]}, "properties": {"id": "GEOM_TOKYO_0139", "route_id": "R_EEFEDD1F", "route_name": "相模原線", "route_color": "#F18A00", "route_text_color": "#ffffff", "line_name": "相模原線", "operator_id": "keio", "representation": "service_path", "min_zoom": 0, "max_zoom": 24, "offset_rank": 0}}, {"type": "Feature", "bbox": [139.36735, 35.60234, 139.37874, 35.61361], "geometry": {"type": "LineString", "coordinates": [[139.37874, 35.61361], [139.37691, 35.61277], [139.3763, 35.61248], [139.37601, 35.61231], [139.3757, 35.61213], [139.3752, 35.6118], [139.37467, 35.61141], [139.37432, 35.61113], [139.374, 35.61084], [139.3734, 35.61024], [139.37323, 35.61005], [139.37234, 35.60905], [139.3718, 35.60828], [139.37144, 35.60779], [139.3703, 35.60625], [139.36927, 35.60486], [139.36812, 35.60332], [139.3676, 35.60266], [139.36735, 35.60234]]}, "properties": {"id": "GEOM_TOKYO_0140", "route_id": "R_EEFEDD1F", "route_name": "相模原線", "route_color": "#F18A00", "route_text_color": "#ffffff", "line_name": "相模原線", "operator_id": "keio", "representation": "service_path", "min_zoom": 0, "max_zoom": 24, "offset_rank": 0}}, {"type": "Feature", "bbox": [139.54356, 35.65143, 139.54591, 35.65211], "geometry": {"type": "LineString", "coordinates": [[139.54356, 35.65211], [139.54591, 35.65143]]}, "properties": {"id": "GEOM_TOKYO_0141", "route_id": "R_EEFEDD1F", "route_name": "相模原線", "route_color": "#F18A00", "route_text_color": "#ffffff", "line_name": "相模原線", "operator_id": "keio", "representation": "service_path", "min_zoom": 0, "max_zoom": 24, "offset_rank": 0}}, {"type": "Feature", "bbox": [139.51865, 35.63303, 139.53088, 35.63376], "geometry": {"type": "LineString", "coordinates": [[139.51865, 35.63303], [139.51883, 35.63304], [139.51929, 35.63308], [139.51972, 35.63311], [139.51986, 35.63312], [139.52073, 35.63318], [139.52167, 35.63326], [139.52217, 35.63329], [139.52284, 35.63335], [139.52346, 35.63338], [139.52361, 35.63338], [139.52457, 35.63341], [139.5264, 35.63347], [139.52758, 35.6335], [139.52817, 35.63352], [139.52904, 35.63354], [139.52953, 35.63355], [139.52992, 35.63359], [139.53032, 35.63363], [139.5306, 35.63369], [139.53088, 35.63376]]}, "properties": {"id": "GEOM_TOKYO_0142", "route_id": "R_EEFEDD1F", "route_name": "相模原線", "route_color": "#F18A00", "route_text_color": "#ffffff", "line_name": "相模原線", "operator_id": "keio", "representation": "service_path", "min_zoom": 0, "max_zoom": 24, "offset_rank": 0}}, {"type": "Feature", "bbox": [139.53088, 35.63376, 139.53297, 35.63473], "geometry": {"type": "LineString", "coordinates": [[139.53088, 35.63376], [139.53106, 35.63381], [139.53139, 35.6339], [139.53157, 35.63397], [139.53173, 35.63402], [139.53187, 35.63408], [139.53206, 35.63416], [139.53237, 35.63431], [139.53258, 35.63444], [139.53289, 35.63467], [139.53297, 35.63473]]}, "properties": {"id": "GEOM_TOKYO_0143", "route_id": "R_EEFEDD1F", "route_name": "相模原線", "route_color": "#F18A00", "route_text_color": "#ffffff", "line_name": "相模原線", "operator_id": "keio", "representation": "service_path", "min_zoom": 0, "max_zoom": 24, "offset_rank": 0}}, {"type": "Feature", "bbox": [139.44935, 35.61945, 139.47126, 35.62993], "geometry": {"type": "LineString", "coordinates": [[139.47126, 35.61945], [139.47109, 35.61946], [139.47088, 35.61948], [139.47061, 35.6195], [139.47006, 35.61954], [139.46903, 35.61962], [139.46827, 35.61968], [139.46769, 35.61972], [139.467, 35.61984], [139.46598, 35.62007], [139.46528, 35.62029], [139.46482, 35.62044], [139.46446, 35.62059], [139.46395, 35.6208], [139.46336, 35.62113], [139.46279, 35.62146], [139.46232, 35.62177], [139.46182, 35.62214], [139.46113, 35.62274], [139.46109, 35.62278], [139.46015, 35.62349], [139.45919, 35.62426], [139.45861, 35.62474], [139.45814, 35.62512], [139.45774, 35.62548], [139.45738, 35.62577], [139.45677, 35.6263], [139.45628, 35.62666], [139.45525, 35.62746], [139.45485, 35.62774], [139.4547, 35.62784], [139.45376, 35.62838], [139.45246, 35.62884], [139.45146, 35.62919], [139.45025, 35.62961], [139.44966, 35.62985], [139.44935, 35.62993]]}, "properties": {"id": "GEOM_TOKYO_0144", "route_id": "R_EEFEDD1F", "route_name": "相模原線", "route_color": "#F18A00", "route_text_color": "#ffffff", "line_name": "相模原線", "operator_id": "keio", "representation": "service_path", "min_zoom": 0, "max_zoom": 24, "offset_rank": 0}}, {"type": "Feature", "bbox": [139.53572, 35.64339, 139.53697, 35.64481], "geometry": {"type": "LineString", "coordinates": [[139.53572, 35.64339], [139.53582, 35.64355], [139.53596, 35.64375], [139.53616, 35.64397], [139.53635, 35.64418], [139.53697, 35.64481]]}, "properties": {"id": "GEOM_TOKYO_0145", "route_id": "R_EEFEDD1F", "route_name": "相模原線", "route_color": "#F18A00", "route_text_color": "#ffffff", "line_name": "相模原線", "operator_id": "keio", "representation": "service_path", "min_zoom": 0, "max_zoom": 24, "offset_rank": 0}}, {"type": "Feature", "bbox": [139.42516, 35.62558, 139.44707, 35.63098], "geometry": {"type": "LineString", "coordinates": [[139.44707, 35.63055], [139.44598, 35.63078], [139.44518, 35.63091], [139.44464, 35.63097], [139.44403, 35.63098], [139.44287, 35.6309], [139.44192, 35.63078], [139.44097, 35.63061], [139.44025, 35.63045], [139.43994, 35.63036], [139.43906, 35.63009], [139.43797, 35.62972], [139.43731, 35.62953], [139.43604, 35.62915], [139.43404, 35.62853], [139.4327, 35.62811], [139.43167, 35.62783], [139.43098, 35.62761], [139.42969, 35.62722], [139.42913, 35.62703], [139.42863, 35.62685], [139.42783, 35.62657], [139.4269, 35.6262], [139.42652, 35.62607], [139.42529, 35.62562], [139.42516, 35.62558]]}, "properties": {"id": "GEOM_TOKYO_0146", "route_id": "R_EEFEDD1F", "route_name": "相模原線", "route_color": "#F18A00", "route_text_color": "#ffffff", "line_name": "相模原線", "operator_id": "keio", "representation": "service_path", "min_zoom": 0, "max_zoom": 24, "offset_rank": 0}}, {"type": "Feature", "bbox": [139.34438, 35.59331, 139.3665, 35.60114], "geometry": {"type": "LineString", "coordinates": [[139.3665, 35.60114], [139.36645, 35.60107], [139.36601, 35.60048], [139.36548, 35.59978], [139.36529, 35.59957], [139.36491, 35.59918], [139.36439, 35.59869], [139.36398, 35.59836], [139.36367, 35.59812], [139.36304, 35.5977], [139.36241, 35.59737], [139.36178, 35.59709], [139.36074, 35.59668], [139.3601, 35.59644], [139.3588, 35.59605], [139.35608, 35.59529], [139.35469, 35.59491], [139.35339, 35.59454], [139.352, 35.59416], [139.34985, 35.59358], [139.3494, 35.59345], [139.34901, 35.59338], [139.34851, 35.59332], [139.34826, 35.59331], [139.34786, 35.59331], [139.34754, 35.59334], [139.34721, 35.5934], [139.34685, 35.59347], [139.34653, 35.59357], [139.34623, 35.59369], [139.34567, 35.59396], [139.34544, 35.59409], [139.34485, 35.59442], [139.34438, 35.5947]]}, "properties": {"id": "GEOM_TOKYO_0147", "route_id": "R_EEFEDD1F", "route_name": "相模原線", "route_color": "#F18A00", "route_text_color": "#ffffff", "line_name": "相模原線", "operator_id": "keio", "representation": "service_path", "min_zoom": 0, "max_zoom": 24, "offset_rank": 0}}, {"type": "Feature", "bbox": [139.3427, 35.5947, 139.34438, 35.59572], "geometry": {"type": "LineString", "coordinates": [[139.34438, 35.5947], [139.3427, 35.59572]]}, "properties": {"id": "GEOM_TOKYO_0148", "route_id": "R_EEFEDD1F", "route_name": "相模原線", "route_color": "#F18A00", "route_text_color": "#ffffff", "line_name": "相模原線", "operator_id": "keio", "representation": "service_path", "min_zoom": 0, "max_zoom": 24, "offset_rank": 0}}, {"type": "Feature", "bbox": [139.41397, 35.66142, 139.41503, 35.66188], "geometry": {"type": "LineString", "coordinates": [[139.41503, 35.66142], [139.41464, 35.66159], [139.41397, 35.66188]]}, "properties": {"id": "GEOM_TOKYO_0149", "route_id": "R_2CEF5206", "route_name": "動物園線", "route_color": "#F18A00", "route_text_color": "#ffffff", "line_name": "動物園線", "operator_id": "keio", "representation": "service_path", "min_zoom": 0, "max_zoom": 24, "offset_rank": 0}}, {"type": "Feature", "bbox": [139.40644, 35.65004, 139.41571, 35.66142], "geometry": {"type": "LineString", "coordinates": [[139.40644, 35.65004], [139.40698, 35.65031], [139.4072, 35.6504], [139.40744, 35.65053], [139.40784, 35.65076], [139.40814, 35.65102], [139.40834, 35.6512], [139.40852, 35.65143], [139.40878, 35.65201], [139.40902, 35.65261], [139.40917, 35.65292], [139.40934, 35.65318], [139.4095, 35.65341], [139.40971, 35.65361], [139.41024, 35.65404], [139.4105, 35.65422], [139.41067, 35.65439], [139.41103, 35.65495], [139.41147, 35.65565], [139.41167, 35.65593], [139.41232, 35.65654], [139.41266, 35.65683], [139.41302, 35.65708], [139.41317, 35.65717], [139.41331, 35.65723], [139.41369, 35.65733], [139.4145, 35.65761], [139.41474, 35.65771], [139.41511, 35.65791], [139.4153, 35.65805], [139.41537, 35.65816], [139.41547, 35.6584], [139.41561, 35.65895], [139.41564, 35.65916], [139.41568, 35.65938], [139.41569, 35.65956], [139.4157, 35.65977], [139.41571, 35.66001], [139.41568, 35.66037], [139.41561, 35.66063], [139.41547, 35.66097], [139.41503, 35.66142]]}, "properties": {"id": "GEOM_TOKYO_0150", "route_id": "R_2CEF5206", "route_name": "動物園線", "route_color": "#F18A00", "route_text_color": "#ffffff", "line_name": "動物園線", "operator_id": "keio", "representation": "service_path", "min_zoom": 0, "max_zoom": 24, "offset_rank": 0}}, {"type": "Feature", "bbox": [139.4046, 35.64901, 139.40644, 35.65004], "geometry": {"type": "LineString", "coordinates": [[139.4046, 35.64901], [139.40608, 35.64987], [139.40644, 35.65004]]}, "properties": {"id": "GEOM_TOKYO_0151", "route_id": "R_2CEF5206", "route_name": "動物園線", "route_color": "#F18A00", "route_text_color": "#ffffff", "line_name": "動物園線", "operator_id": "keio", "representation": "service_path", "min_zoom": 0, "max_zoom": 24, "offset_rank": 0}}, {"type": "Feature", "bbox": [139.41223, 35.66188, 139.41397, 35.66267], "geometry": {"type": "LineString", "coordinates": [[139.41397, 35.66188], [139.41223, 35.66267]]}, "properties": {"id": "GEOM_TOKYO_0152", "route_id": "R_2CEF5206", "route_name": "動物園線", "route_color": "#F18A00", "route_text_color": "#ffffff", "line_name": "動物園線", "operator_id": "keio", "representation": "service_path", "min_zoom": 0, "max_zoom": 24, "offset_rank": 0}}, {"type": "Feature", "bbox": [139.4358, 35.52066, 139.43876, 35.52606], "geometry": {"type": "LineString", "coordinates": [[139.43876, 35.52066], [139.43774, 35.52251], [139.4366, 35.52464], [139.4358, 35.52606]]}, "properties": {"id": "GEOM_TOKYO_0495", "route_id": "R_3C82054B", "route_name": null, "route_color": "#2B78D0", "route_text_color": null, "line_name": "江ノ島線", "operator_id": "odakyu", "representation": "service_path", "min_zoom": 0, "max_zoom": 24, "offset_rank": 0}}, {"type": "Feature", "bbox": [139.45098, 35.47064, 139.46107, 35.48991], "geometry": {"type": "LineString", "coordinates": [[139.46107, 35.47064], [139.46103, 35.47071], [139.46081, 35.4711], [139.46042, 35.47183], [139.45968, 35.47328], [139.4592, 35.4742], [139.45917, 35.47426], [139.45877, 35.47504], [139.4581, 35.47633], [139.45732, 35.4778], [139.45641, 35.47953], [139.45595, 35.48041], [139.45568, 35.48093], [139.45542, 35.48144], [139.45487, 35.48249], [139.45459, 35.48301], [139.45416, 35.48383], [139.45335, 35.48539], [139.4533, 35.48548], [139.45227, 35.48743], [139.45165, 35.48865], [139.45098, 35.48991]]}, "properties": {"id": "GEOM_TOKYO_0496", "route_id": "R_3C82054B", "route_name": null, "route_color": "#2B78D0", "route_text_color": null, "line_name": "江ノ島線", "operator_id": "odakyu", "representation": "service_path", "min_zoom": 0, "max_zoom": 24, "offset_rank": 0}}, {"type": "Feature", "bbox": [139.4647, 35.4128, 139.4657, 35.43159], "geometry": {"type": "LineString", "coordinates": [[139.4647, 35.43159], [139.46474, 35.43067], [139.46484, 35.4292], [139.46487, 35.42875], [139.46494, 35.42785], [139.46496, 35.42759], [139.46504, 35.42623], [139.4651, 35.42542], [139.46516, 35.42465], [139.46518, 35.42446], [139.46525, 35.42344], [139.46531, 35.42261], [139.46542, 35.42123], [139.46549, 35.41993], [139.46551, 35.41958], [139.46567, 35.41729], [139.4657, 35.41676], [139.46569, 35.41638], [139.46559, 35.41481], [139.46538, 35.4128]]}, "properties": {"id": "GEOM_TOKYO_0497", "route_id": "R_3C82054B", "route_name": null, "route_color": "#2B78D0", "route_text_color": null, "line_name": "江ノ島線", "operator_id": "odakyu", "representation": "service_path", "min_zoom": 0, "max_zoom": 24, "offset_rank": 0}}, {"type": "Feature", "bbox": [139.4647, 35.43159, 139.46472, 35.4327], "geometry": {"type": "LineString", "coordinates": [[139.4647, 35.43159], [139.46472, 35.4327]]}, "properties": {"id": "GEOM_TOKYO_0498", "route_id": "R_3C82054B", "route_name": null, "route_color": "#2B78D0", "route_text_color": null, "line_name": "江ノ島線", "operator_id": "odakyu", "representation": "service_path", "min_zoom": 0, "max_zoom": 24, "offset_rank": 0}}, {"type": "Feature", "bbox": [139.44832, 35.49123, 139.4503, 35.49499], "geometry": {"type": "LineString", "coordinates": [[139.4503, 35.49123], [139.45007, 35.49167], [139.44926, 35.49319], [139.44886, 35.49397], [139.44832, 35.49499]]}, "properties": {"id": "GEOM_TOKYO_0500", "route_id": "R_3C82054B", "route_name": null, "route_color": "#2B78D0", "route_text_color": null, "line_name": "江ノ島線", "operator_id": "odakyu", "representation": "service_path", "min_zoom": 0, "max_zoom": 24, "offset_rank": 0}}, {"type": "Feature", "bbox": [139.4503, 35.48991, 139.45098, 35.49123], "geometry": {"type": "LineString", "coordinates": [[139.45098, 35.48991], [139.4503, 35.49123]]}, "properties": {"id": "GEOM_TOKYO_0502", "route_id": "R_3C82054B", "route_name": null, "route_color": "#2B78D0", "route_text_color": null, "line_name": "江ノ島線", "operator_id": "odakyu", "representation": "service_path", "min_zoom": 0, "max_zoom": 24, "offset_rank": 0}}, {"type": "Feature", "bbox": [139.46472, 35.4327, 139.4657, 35.45], "geometry": {"type": "LineString", "coordinates": [[139.46472, 35.4327], [139.46479, 35.43387], [139.46488, 35.43535], [139.46494, 35.43626], [139.46496, 35.43659], [139.46498, 35.43693], [139.46506, 35.43838], [139.46507, 35.43845], [139.46515, 35.43996], [139.4652, 35.44099], [139.46523, 35.44151], [139.46531, 35.44289], [139.46544, 35.44482], [139.46548, 35.4457], [139.46558, 35.44783], [139.46561, 35.4484], [139.4657, 35.45]]}, "properties": {"id": "GEOM_TOKYO_0503", "route_id": "R_3C82054B", "route_name": null, "route_color": "#2B78D0", "route_text_color": null, "line_name": "江ノ島線", "operator_id": "odakyu", "representation": "service_path", "min_zoom": 0, "max_zoom": 24, "offset_rank": 0}}, {"type": "Feature", "bbox": [139.43551, 35.52606, 139.43698, 35.53111], "geometry": {"type": "LineString", "coordinates": [[139.4358, 35.52606], [139.43573, 35.52636], [139.43565, 35.52668], [139.43555, 35.52723], [139.43551, 35.52763], [139.43551, 35.52803], [139.43556, 35.52844], [139.43563, 35.52882], [139.43573, 35.52913], [139.43587, 35.52947], [139.436, 35.52975], [139.43621, 35.53008], [139.43638, 35.53034], [139.43698, 35.53111]]}, "properties": {"id": "GEOM_TOKYO_0504", "route_id": "R_3C82054B", "route_name": null, "route_color": "#2B78D0", "route_text_color": null, "line_name": "江ノ島線", "operator_id": "odakyu", "representation": "service_path", "min_zoom": 0, "max_zoom": 24, "offset_rank": 0}}, {"type": "Feature", "bbox": [139.44408, 35.50738, 139.44412, 35.50863], "geometry": {"type": "LineString", "coordinates": [[139.44412, 35.50738], [139.44408, 35.50863]]}, "properties": {"id": "GEOM_TOKYO_0505", "route_id": "R_3C82054B", "route_name": null, "route_color": "#2B78D0", "route_text_color": null, "line_name": "江ノ島線", "operator_id": "odakyu", "representation": "service_path", "min_zoom": 0, "max_zoom": 24, "offset_rank": 0}}, {"type": "Feature", "bbox": [139.46193, 35.45106, 139.46624, 35.46895], "geometry": {"type": "LineString", "coordinates": [[139.46578, 35.45106], [139.46585, 35.45217], [139.46586, 35.45231], [139.46595, 35.45393], [139.46604, 35.45569], [139.46605, 35.45583], [139.46611, 35.45702], [139.46622, 35.45899], [139.46624, 35.45938], [139.46621, 35.45978], [139.4662, 35.46001], [139.4662, 35.46004], [139.46616, 35.46023], [139.46614, 35.46034], [139.46607, 35.46064], [139.46596, 35.46094], [139.46584, 35.46123], [139.46576, 35.46147], [139.46562, 35.46174], [139.46522, 35.46253], [139.46441, 35.46414], [139.46374, 35.46546], [139.46281, 35.46725], [139.46221, 35.4684], [139.46193, 35.46895]]}, "properties": {"id": "GEOM_TOKYO_0511", "route_id": "R_3C82054B", "route_name": null, "route_color": "#2B78D0", "route_text_color": null, "line_name": "江ノ島線", "operator_id": "odakyu", "representation": "service_path", "min_zoom": 0, "max_zoom": 24, "offset_rank": 0}}, {"type": "Feature", "bbox": [139.46107, 35.46895, 139.46193, 35.47064], "geometry": {"type": "LineString", "coordinates": [[139.46193, 35.46895], [139.46153, 35.46972], [139.46135, 35.47007], [139.46107, 35.47064]]}, "properties": {"id": "GEOM_TOKYO_0514", "route_id": "R_3C82054B", "route_name": null, "route_color": "#2B78D0", "route_text_color": null, "line_name": "江ノ島線", "operator_id": "odakyu", "representation": "service_path", "min_zoom": 0, "max_zoom": 24, "offset_rank": 0}}, {"type": "Feature", "bbox": [139.43876, 35.51938, 139.43948, 35.52066], "geometry": {"type": "LineString", "coordinates": [[139.43948, 35.51938], [139.43902, 35.5202], [139.43884, 35.52053], [139.43876, 35.52066]]}, "properties": {"id": "GEOM_TOKYO_0516", "route_id": "R_3C82054B", "route_name": null, "route_color": "#2B78D0", "route_text_color": null, "line_name": "江ノ島線", "operator_id": "odakyu", "representation": "service_path", "min_zoom": 0, "max_zoom": 24, "offset_rank": 0}}, {"type": "Feature", "bbox": [139.43948, 35.50863, 139.44408, 35.51938], "geometry": {"type": "LineString", "coordinates": [[139.44408, 35.50863], [139.44401, 35.50981], [139.44394, 35.5105], [139.44389, 35.51084], [139.44381, 35.51113], [139.4437, 35.51145], [139.44355, 35.51183], [139.44314, 35.51259], [139.44268, 35.51345], [139.44155, 35.51552], [139.44062, 35.51721], [139.43948, 35.51938]]}, "properties": {"id": "GEOM_TOKYO_0517", "route_id": "R_3C82054B", "route_name": null, "route_color": "#2B78D0", "route_text_color": null, "line_name": "江ノ島線", "operator_id": "odakyu", "representation": "service_path", "min_zoom": 0, "max_zoom": 24, "offset_rank": 0}}, {"type": "Feature", "bbox": [139.4657, 35.45, 139.46578, 35.45106], "geometry": {"type": "LineString", "coordinates": [[139.4657, 35.45], [139.46578, 35.45106]]}, "properties": {"id": "GEOM_TOKYO_0518", "route_id": "R_3C82054B", "route_name": null, "route_color": "#2B78D0", "route_text_color": null, "line_name": "江ノ島線", "operator_id": "odakyu", "representation": "service_path", "min_zoom": 0, "max_zoom": 24, "offset_rank": 0}}, {"type": "Feature", "bbox": [139.44412, 35.49621, 139.44769, 35.50738], "geometry": {"type": "LineString", "coordinates": [[139.44769, 35.49621], [139.44703, 35.49752], [139.4461, 35.4993], [139.44543, 35.50059], [139.44516, 35.50107], [139.44472, 35.50187], [139.44445, 35.50258], [139.44431, 35.50298], [139.44426, 35.50325], [139.44425, 35.5036], [139.44419, 35.50419], [139.44417, 35.50461], [139.44416, 35.5054], [139.44412, 35.50738]]}, "properties": {"id": "GEOM_TOKYO_0520", "route_id": "R_3C82054B", "route_name": null, "route_color": "#2B78D0", "route_text_color": null, "line_name": "江ノ島線", "operator_id": "odakyu", "representation": "service_path", "min_zoom": 0, "max_zoom": 24, "offset_rank": 0}}, {"type": "Feature", "bbox": [139.43698, 35.53111, 139.43879, 35.53329], "geometry": {"type": "LineString", "coordinates": [[139.43879, 35.53329], [139.43698, 35.53111]]}, "properties": {"id": "GEOM_TOKYO_0526", "route_id": "R_3C82054B", "route_name": null, "route_color": "#2B78D0", "route_text_color": null, "line_name": "江ノ島線", "operator_id": "odakyu", "representation": "service_path", "min_zoom": 0, "max_zoom": 24, "offset_rank": 0}}, {"type": "Feature", "bbox": [139.43474, 35.52606, 139.43698, 35.53111], "geometry": {"type": "LineString", "coordinates": [[139.43698, 35.53111], [139.43614, 35.53057], [139.43576, 35.53034], [139.43546, 35.53014], [139.43526, 35.53], [139.43512, 35.52985], [139.43499, 35.52966], [139.43487, 35.52931], [139.43476, 35.5289], [139.43474, 35.52879], [139.43474, 35.52869], [139.43474, 35.52847], [139.43476, 35.52822], [139.43481, 35.52798], [139.43487, 35.52783], [139.43498, 35.5276], [139.43511, 35.52737], [139.43548, 35.52668], [139.4358, 35.52606]]}, "properties": {"id": "GEOM_TOKYO_0527", "route_id": "R_3C82054B", "route_name": null, "route_color": "#2B78D0", "route_text_color": null, "line_name": "江ノ島線", "operator_id": "odakyu", "representation": "service_path", "min_zoom": 0, "max_zoom": 24, "offset_rank": 0}}, {"type": "Feature", "bbox": [139.44769, 35.49499, 139.44832, 35.49621], "geometry": {"type": "LineString", "coordinates": [[139.44832, 35.49499], [139.44769, 35.49621]]}, "properties": {"id": "GEOM_TOKYO_0528", "route_id": "R_3C82054B", "route_name": null, "route_color": "#2B78D0", "route_text_color": null, "line_name": "江ノ島線", "operator_id": "odakyu", "representation": "service_path", "min_zoom": 0, "max_zoom": 24, "offset_rank": 0}}, {"type": "Feature", "bbox": [139.51514, 35.60866, 139.51702, 35.60939], "geometry": {"type": "LineString", "coordinates": [[139.51514, 35.60866], [139.51702, 35.60939]]}, "properties": {"id": "GEOM_TOKYO_0555", "route_id": "R_71E9E9F5", "route_name": null, "route_color": "#2B78D0", "route_text_color": null, "line_name": "小田原線", "operator_id": "odakyu", "representation": "service_path", "min_zoom": 0, "max_zoom": 24, "offset_rank": 0}}, {"type": "Feature", "bbox": [139.46393, 35.56428, 139.48078, 35.5829], "geometry": {"type": "LineString", "coordinates": [[139.48078, 35.5829], [139.47983, 35.58266], [139.47901, 35.58243], [139.47865, 35.58229], [139.47831, 35.58215], [139.478, 35.582], [139.47761, 35.5818], [139.47734, 35.58166], [139.47718, 35.58154], [139.47686, 35.58126], [139.4764, 35.58087], [139.47628, 35.58075], [139.4762, 35.58067], [139.4761, 35.58056], [139.47588, 35.58033], [139.47569, 35.58005], [139.4752, 35.57923], [139.47424, 35.57766], [139.47335, 35.5762], [139.47333, 35.57617], [139.47286, 35.57544], [139.47234, 35.57466], [139.47209, 35.5743], [139.47168, 35.57379], [139.471, 35.573], [139.47078, 35.57274], [139.47027, 35.57213], [139.46993, 35.57171], [139.46962, 35.57129], [139.46904, 35.57036], [139.46881, 35.57], [139.4687, 35.56985], [139.46847, 35.56956], [139.46838, 35.56939], [139.46786, 35.56835], [139.46771, 35.56806], [139.46736, 35.56752], [139.46713, 35.5672], [139.46697, 35.56701], [139.46678, 35.56683], [139.46652, 35.56661], [139.46634, 35.56647], [139.46598, 35.56623], [139.46543, 35.56589], [139.4652, 35.56576], [139.46498, 35.56558], [139.46482, 35.56543], [139.46466, 35.56526], [139.46446, 35.56501], [139.46423, 35.5647], [139.46393, 35.56428]]}, "properties": {"id": "GEOM_TOKYO_0558", "route_id": "R_71E9E9F5", "route_name": null, "route_color": "#2B78D0", "route_text_color": null, "line_name": "小田原線", "operator_id": "odakyu", "representation": "service_path", "min_zoom": 0, "max_zoom": 24, "offset_rank": 0}}, {"type": "Feature", "bbox": [139.52902, 35.6145, 139.54065, 35.61482], "geometry": {"type": "LineString", "coordinates": [[139.52902, 35.61463], [139.52959, 35.6146], [139.53009, 35.61456], [139.53154, 35.6145], [139.53226, 35.6145], [139.53528, 35.61458], [139.538, 35.61463], [139.53931, 35.61467], [139.54065, 35.61482]]}, "properties": {"id": "GEOM_TOKYO_0560", "route_id": "R_71E9E9F5", "route_name": null, "route_color": "#2B78D0", "route_text_color": null, "line_name": "小田原線", "operator_id": "odakyu", "representation": "service_path", "min_zoom": 0, "max_zoom": 24, "offset_rank": 0}}, {"type": "Feature", "bbox": [139.49799, 35.59023, 139.50288, 35.60006], "geometry": {"type": "LineString", "coordinates": [[139.49799, 35.59023], [139.49815, 35.59052], [139.49888, 35.59189], [139.49933, 35.59268], [139.49983, 35.59367], [139.50006, 35.59424], [139.50034, 35.59553], [139.50049, 35.59619], [139.50064, 35.59677], [139.5008, 35.59725], [139.50112, 35.59791], [139.50143, 35.59841], [139.5017, 35.5988], [139.50182, 35.59896], [139.50196, 35.59916], [139.50203, 35.59924], [139.50217, 35.59939], [139.50246, 35.59967], [139.50288, 35.60006]]}, "properties": {"id": "GEOM_TOKYO_0561", "route_id": "R_71E9E9F5", "route_name": null, "route_color": "#2B78D0", "route_text_color": null, "line_name": "小田原線", "operator_id": "odakyu", "representation": "service_path", "min_zoom": 0, "max_zoom": 24, "offset_rank": 0}}, {"type": "Feature", "bbox": [139.54065, 35.61482, 139.54295, 35.61506], "geometry": {"type": "LineString", "coordinates": [[139.54065, 35.61482], [139.54295, 35.61506]]}, "properties": {"id": "GEOM_TOKYO_0562", "route_id": "R_71E9E9F5", "route_name": null, "route_color": "#2B78D0", "route_text_color": null, "line_name": "小田原線", "operator_id": "odakyu", "representation": "service_path", "min_zoom": 0, "max_zoom": 24, "offset_rank": 0}}, {"type": "Feature", "bbox": [139.52706, 35.61463, 139.52902, 35.61484], "geometry": {"type": "LineString", "coordinates": [[139.52706, 35.61484], [139.52902, 35.61463]]}, "properties": {"id": "GEOM_TOKYO_0564", "route_id": "R_71E9E9F5", "route_name": null, "route_color": "#2B78D0", "route_text_color": null, "line_name": "小田原線", "operator_id": "odakyu", "representation": "service_path", "min_zoom": 0, "max_zoom": 24, "offset_rank": 0}}, {"type": "Feature", "bbox": [139.44442, 35.54312, 139.44575, 35.54471], "geometry": {"type": "LineString", "coordinates": [[139.44575, 35.54471], [139.44499, 35.54386], [139.44485, 35.54369], [139.44442, 35.54312]]}, "properties": {"id": "GEOM_TOKYO_0568", "route_id": "R_71E9E9F5", "route_name": null, "route_color": "#2B78D0", "route_text_color": null, "line_name": "小田原線", "operator_id": "odakyu", "representation": "service_path", "min_zoom": 0, "max_zoom": 24, "offset_rank": 0}}, {"type": "Feature", "bbox": [139.51702, 35.60939, 139.52706, 35.61489], "geometry": {"type": "LineString", "coordinates": [[139.51702, 35.60939], [139.51791, 35.60977], [139.5192, 35.61039], [139.51983, 35.61077], [139.52042, 35.61122], [139.52091, 35.61168], [139.52123, 35.612], [139.52163, 35.61248], [139.52239, 35.61335], [139.52292, 35.61381], [139.52321, 35.61403], [139.5238, 35.61437], [139.52417, 35.61454], [139.52478, 35.61473], [139.52529, 35.61483], [139.52572, 35.61488], [139.52619, 35.61489], [139.52652, 35.61489], [139.52706, 35.61484]]}, "properties": {"id": "GEOM_TOKYO_0569", "route_id": "R_71E9E9F5", "route_name": null, "route_color": "#2B78D0", "route_text_color": null, "line_name": "小田原線", "operator_id": "odakyu", "representation": "service_path", "min_zoom": 0, "max_zoom": 24, "offset_rank": 0}}, {"type": "Feature", "bbox": [139.49711, 35.58891, 139.49799, 35.59023], "geometry": {"type": "LineString", "coordinates": [[139.49711, 35.58891], [139.49799, 35.59023]]}, "properties": {"id": "GEOM_TOKYO_0570", "route_id": "R_71E9E9F5", "route_name": null, "route_color": "#2B78D0", "route_text_color": null, "line_name": "小田原線", "operator_id": "odakyu", "representation": "service_path", "min_zoom": 0, "max_zoom": 24, "offset_rank": 0}}, {"type": "Feature", "bbox": [139.46295, 35.56274, 139.46393, 35.56428], "geometry": {"type": "LineString", "coordinates": [[139.46393, 35.56428], [139.46295, 35.56274]]}, "properties": {"id": "GEOM_TOKYO_0571", "route_id": "R_71E9E9F5", "route_name": null, "route_color": "#2B78D0", "route_text_color": null, "line_name": "小田原線", "operator_id": "odakyu", "representation": "service_path", "min_zoom": 0, "max_zoom": 24, "offset_rank": 0}}, {"type": "Feature", "bbox": [139.54295, 35.61506, 139.56355, 35.61683], "geometry": {"type": "LineString", "coordinates": [[139.54295, 35.61506], [139.54522, 35.61531], [139.54541, 35.61533], [139.54806, 35.61552], [139.5514, 35.61557], [139.55477, 35.61554], [139.55629, 35.61556], [139.5566, 35.61555], [139.55696, 35.61555], [139.55896, 35.61556], [139.55976, 35.6156], [139.56049, 35.61568], [139.56111, 35.61583], [139.56131, 35.61589], [139.56142, 35.61593], [139.56181, 35.61608], [139.56256, 35.61637], [139.56355, 35.61683]]}, "properties": {"id": "GEOM_TOKYO_0572", "route_id": "R_71E9E9F5", "route_name": null, "route_color": "#2B78D0", "route_text_color": null, "line_name": "小田原線", "operator_id": "odakyu", "representation": "service_path", "min_zoom": 0, "max_zoom": 24, "offset_rank": 0}}, {"type": "Feature", "bbox": [139.44575, 35.54471, 139.46295, 35.56274], "geometry": {"type": "LineString", "coordinates": [[139.46295, 35.56274], [139.46288, 35.56262], [139.46273, 35.56237], [139.46254, 35.56206], [139.46236, 35.56169], [139.46218, 35.56123], [139.46186, 35.56021], [139.46171, 35.5596], [139.46162, 35.55921], [139.46155, 35.5587], [139.4615, 35.55829], [139.46148, 35.55773], [139.46145, 35.55652], [139.4614, 35.55572], [139.46135, 35.55535], [139.4613, 35.55511], [139.46126, 35.55488], [139.46118, 35.55463], [139.46103, 35.55432], [139.46079, 35.55386], [139.46068, 35.55367], [139.46038, 35.5532], [139.46025, 35.553], [139.45991, 35.55249], [139.45964, 35.55216], [139.45929, 35.55184], [139.45882, 35.55149], [139.45837, 35.55118], [139.45785, 35.55091], [139.45735, 35.55069], [139.45712, 35.5506], [139.45686, 35.55054], [139.45656, 35.55049], [139.45554, 35.55034], [139.45415, 35.55016], [139.45405, 35.55015], [139.45337, 35.55008], [139.4529, 35.54997], [139.45235, 35.54982], [139.45198, 35.54969], [139.45172, 35.54957], [139.45143, 35.54944], [139.45072, 35.549], [139.44913, 35.54793], [139.44831, 35.54734], [139.44789, 35.54702], [139.44758, 35.54678], [139.44702, 35.54624], [139.4467, 35.54592], [139.44642, 35.54561], [139.44622, 35.54534], [139.44575, 35.54471]]}, "properties": {"id": "GEOM_TOKYO_0577", "route_id": "R_71E9E9F5", "route_name": null, "route_color": "#2B78D0", "route_text_color": null, "line_name": "小田原線", "operator_id": "odakyu", "representation": "service_path", "min_zoom": 0, "max_zoom": 24, "offset_rank": 0}}, {"type": "Feature", "bbox": [139.50828, 35.60435, 139.51514, 35.60866], "geometry": {"type": "LineString", "coordinates": [[139.50828, 35.60435], [139.50887, 35.60482], [139.50946, 35.60534], [139.50969, 35.60554], [139.50994, 35.60576], [139.51073, 35.60642], [139.51167, 35.60718], [139.51224, 35.60756], [139.51272, 35.60779], [139.51342, 35.60805], [139.51514, 35.60866]]}, "properties": {"id": "GEOM_TOKYO_0578", "route_id": "R_71E9E9F5", "route_name": null, "route_color": "#2B78D0", "route_text_color": null, "line_name": "小田原線", "operator_id": "odakyu", "representation": "service_path", "min_zoom": 0, "max_zoom": 24, "offset_rank": 0}}, {"type": "Feature", "bbox": [139.48287, 35.58332, 139.49711, 35.58891], "geometry": {"type": "LineString", "coordinates": [[139.48287, 35.58332], [139.48401, 35.58354], [139.48453, 35.58365], [139.4856, 35.58388], [139.48718, 35.58419], [139.48737, 35.58423], [139.48748, 35.58426], [139.48757, 35.58428], [139.48852, 35.5845], [139.49043, 35.58489], [139.49079, 35.58499], [139.49151, 35.58523], [139.49214, 35.58548], [139.49321, 35.58591], [139.49403, 35.58626], [139.49429, 35.5864], [139.49462, 35.58658], [139.49491, 35.58677], [139.49523, 35.58698], [139.49562, 35.58727], [139.49592, 35.58753], [139.49624, 35.58789], [139.49643, 35.58809], [139.4968, 35.58848], [139.49711, 35.58891]]}, "properties": {"id": "GEOM_TOKYO_0581", "route_id": "R_71E9E9F5", "route_name": null, "route_color": "#2B78D0", "route_text_color": null, "line_name": "小田原線", "operator_id": "odakyu", "representation": "service_path", "min_zoom": 0, "max_zoom": 24, "offset_rank": 0}}, {"type": "Feature", "bbox": [139.48078, 35.5829, 139.48287, 35.58332], "geometry": {"type": "LineString", "coordinates": [[139.48287, 35.58332], [139.48078, 35.5829]]}, "properties": {"id": "GEOM_TOKYO_0583", "route_id": "R_71E9E9F5", "route_name": null, "route_color": "#2B78D0", "route_text_color": null, "line_name": "小田原線", "operator_id": "odakyu", "representation": "service_path", "min_zoom": 0, "max_zoom": 24, "offset_rank": 0}}, {"type": "Feature", "bbox": [139.50288, 35.60006, 139.50667, 35.60306], "geometry": {"type": "LineString", "coordinates": [[139.50288, 35.60006], [139.50298, 35.60012], [139.50319, 35.6003], [139.50335, 35.60041], [139.50429, 35.60118], [139.50546, 35.6021], [139.50572, 35.60231], [139.50667, 35.60306]]}, "properties": {"id": "GEOM_TOKYO_0584", "route_id": "R_71E9E9F5", "route_name": null, "route_color": "#2B78D0", "route_text_color": null, "line_name": "小田原線", "operator_id": "odakyu", "representation": "service_path", "min_zoom": 0, "max_zoom": 24, "offset_rank": 0}}, {"type": "Feature", "bbox": [139.50667, 35.60306, 139.50828, 35.60435], "geometry": {"type": "LineString", "coordinates": [[139.50667, 35.60306], [139.50828, 35.60435]]}, "properties": {"id": "GEOM_TOKYO_0585", "route_id": "R_71E9E9F5", "route_name": null, "route_color": "#2B78D0", "route_text_color": null, "line_name": "小田原線", "operator_id": "odakyu", "representation": "service_path", "min_zoom": 0, "max_zoom": 24, "offset_rank": 0}}, {"type": "Feature", "bbox": [139.40909, 35.49995, 139.42242, 35.51486], "geometry": {"type": "LineString", "coordinates": [[139.42242, 35.51486], [139.42214, 35.51454], [139.42001, 35.51217], [139.41892, 35.51098], [139.41706, 35.5089], [139.41575, 35.50744], [139.41568, 35.50737], [139.41478, 35.50638], [139.41423, 35.50576], [139.41382, 35.50529], [139.41324, 35.50461], [139.4129, 35.50421], [139.41207, 35.50325], [139.4118, 35.50298], [139.4116, 35.50277], [139.41134, 35.50247], [139.41035, 35.50135], [139.40999, 35.50094], [139.40993, 35.50087], [139.40988, 35.50081], [139.40956, 35.50044], [139.40909, 35.49995]]}, "properties": {"id": "GEOM_TOKYO_0586", "route_id": "R_71E9E9F5", "route_name": null, "route_color": "#2B78D0", "route_text_color": null, "line_name": "小田原線", "operator_id": "odakyu", "representation": "service_path", "min_zoom": 0, "max_zoom": 24, "offset_rank": 0}}, {"type": "Feature", "bbox": [139.43879, 35.53329, 139.44442, 35.54312], "geometry": {"type": "LineString", "coordinates": [[139.44442, 35.54312], [139.44437, 35.54305], [139.44411, 35.54273], [139.44376, 35.54225], [139.44366, 35.54211], [139.44345, 35.54183], [139.4433, 35.54161], [139.44314, 35.54129], [139.44294, 35.54063], [139.44269, 35.53961], [139.4424, 35.53843], [139.44224, 35.53785], [139.4421, 35.53748], [139.44191, 35.53709], [139.44175, 35.53671], [139.44163, 35.53656], [139.44111, 35.53596], [139.44031, 35.53505], [139.44012, 35.53483], [139.43957, 35.53419], [139.43879, 35.53329]]}, "properties": {"id": "GEOM_TOKYO_0587", "route_id": "R_71E9E9F5", "route_name": null, "route_color": "#2B78D0", "route_text_color": null, "line_name": "小田原線", "operator_id": "odakyu", "representation": "service_path", "min_zoom": 0, "max_zoom": 24, "offset_rank": 0}}, {"type": "Feature", "bbox": [139.39182, 35.45355, 139.4, 35.48025], "geometry": {"type": "LineString", "coordinates": [[139.39991, 35.48025], [139.39991, 35.48013], [139.39992, 35.47995], [139.39992, 35.4796], [139.39996, 35.47893], [139.39999, 35.47837], [139.4, 35.478], [139.4, 35.47763], [139.4, 35.47744], [139.39996, 35.47696], [139.39991, 35.47613], [139.39981, 35.47515], [139.39976, 35.4745], [139.3997, 35.47386], [139.39969, 35.47373], [139.39968, 35.47364], [139.39967, 35.47353], [139.39963, 35.47308], [139.39956, 35.47234], [139.39951, 35.47155], [139.3995, 35.47146], [139.3995, 35.4714], [139.39945, 35.47096], [139.39937, 35.47014], [139.39929, 35.4691], [139.39922, 35.46825], [139.39921, 35.46807], [139.3992, 35.46799], [139.39914, 35.4673], [139.39911, 35.46693], [139.3991, 35.46682], [139.39898, 35.46531], [139.39897, 35.46525], [139.39896, 35.46514], [139.39889, 35.46424], [139.39886, 35.46393], [139.39883, 35.46359], [139.39882, 35.46347], [139.3988, 35.46318], [139.39877, 35.46283], [139.39872, 35.4625], [139.39866, 35.46226], [139.39859, 35.46206], [139.39854, 35.46194], [139.39847, 35.46177], [139.39838, 35.46162], [139.39837, 35.46161], [139.39834, 35.46154], [139.39829, 35.46145], [139.39823, 35.46135], [139.39784, 35.46072], [139.39757, 35.4603], [139.39752, 35.46022], [139.39738, 35.46], [139.39702, 35.45945], [139.39667, 35.45889], [139.39607, 35.45796], [139.39582, 35.45754], [139.39561, 35.45718], [139.39545, 35.45694], [139.39526, 35.45666], [139.39514, 35.45651], [139.39506, 35.4564], [139.39489, 35.4562], [139.3948, 35.45609], [139.39466, 35.45592], [139.39421, 35.45548], [139.3935, 35.45486], [139.39267, 35.45421], [139.39182, 35.45355]]}, "properties": {"id": "GEOM_TOKYO_0588", "route_id": "R_71E9E9F5", "route_name": null, "route_color": "#2B78D0", "route_text_color": null, "line_name": "小田原線", "operator_id": "odakyu", "representation": "service_path", "min_zoom": 0, "max_zoom": 24, "offset_rank": 0}}, {"type": "Feature", "bbox": [139.3652, 35.43986, 139.37752, 35.44297], "geometry": {"type": "LineString", "coordinates": [[139.3652, 35.43986], [139.36588, 35.44029], [139.36608, 35.44039], [139.36612, 35.44041], [139.36625, 35.44047], [139.36669, 35.44065], [139.36728, 35.44081], [139.36738, 35.44084], [139.36765, 35.4409], [139.36803, 35.44099], [139.36861, 35.44113], [139.36882, 35.44119], [139.36892, 35.44121], [139.36979, 35.44141], [139.37008, 35.44148], [139.37027, 35.44152], [139.37036, 35.44153], [139.37056, 35.44157], [139.37078, 35.44161], [139.37098, 35.44165], [139.3711, 35.44167], [139.37111, 35.44168], [139.37163, 35.44178], [139.37168, 35.44179], [139.37181, 35.44182], [139.37252, 35.44197], [139.37431, 35.44233], [139.37578, 35.44263], [139.37637, 35.44275], [139.37718, 35.44291], [139.37752, 35.44297]]}, "properties": {"id": "GEOM_TOKYO_0589", "route_id": "R_71E9E9F5", "route_name": null, "route_color": "#2B78D0", "route_text_color": null, "line_name": "小田原線", "operator_id": "odakyu", "representation": "service_path", "min_zoom": 0, "max_zoom": 24, "offset_rank": 0}}, {"type": "Feature", "bbox": [139.42242, 35.51486, 139.42363, 35.51625], "geometry": {"type": "LineString", "coordinates": [[139.42363, 35.51625], [139.42242, 35.51486]]}, "properties": {"id": "GEOM_TOKYO_0590", "route_id": "R_71E9E9F5", "route_name": null, "route_color": "#2B78D0", "route_text_color": null, "line_name": "小田原線", "operator_id": "odakyu", "representation": "service_path", "min_zoom": 0, "max_zoom": 24, "offset_rank": 0}}, {"type": "Feature", "bbox": [139.36355, 35.43856, 139.3652, 35.43986], "geometry": {"type": "LineString", "coordinates": [[139.36355, 35.43856], [139.3652, 35.43986]]}, "properties": {"id": "GEOM_TOKYO_0591", "route_id": "R_71E9E9F5", "route_name": null, "route_color": "#2B78D0", "route_text_color": null, "line_name": "小田原線", "operator_id": "odakyu", "representation": "service_path", "min_zoom": 0, "max_zoom": 24, "offset_rank": 0}}, {"type": "Feature", "bbox": [139.37752, 35.44297, 139.3783, 35.44316], "geometry": {"type": "LineString", "coordinates": [[139.37752, 35.44297], [139.37807, 35.4431], [139.3783, 35.44316]]}, "properties": {"id": "GEOM_TOKYO_0592", "route_id": "R_71E9E9F5", "route_name": null, "route_color": "#2B78D0", "route_text_color": null, "line_name": "小田原線", "operator_id": "odakyu", "representation": "service_path", "min_zoom": 0, "max_zoom": 24, "offset_rank": 0}}, {"type": "Feature", "bbox": [139.42363, 35.51625, 139.43698, 35.53111], "geometry": {"type": "LineString", "coordinates": [[139.43698, 35.53111], [139.43569, 35.52987], [139.43461, 35.52864], [139.43401, 35.52799], [139.43159, 35.52526], [139.43011, 35.52357], [139.42933, 35.52268], [139.42853, 35.5218], [139.42678, 35.51984], [139.42497, 35.51781], [139.42363, 35.51625]]}, "properties": {"id": "GEOM_TOKYO_0593", "route_id": "R_71E9E9F5", "route_name": null, "route_color": "#2B78D0", "route_text_color": null, "line_name": "小田原線", "operator_id": "odakyu", "representation": "service_path", "min_zoom": 0, "max_zoom": 24, "offset_rank": 0}}, {"type": "Feature", "bbox": [139.39978, 35.48173, 139.408, 35.49877], "geometry": {"type": "LineString", "coordinates": [[139.408, 35.49877], [139.40766, 35.4984], [139.40761, 35.49835], [139.40756, 35.49829], [139.40744, 35.49814], [139.40741, 35.49809], [139.40702, 35.49761], [139.4068, 35.49734], [139.40581, 35.49617], [139.40553, 35.49583], [139.40539, 35.49567], [139.40487, 35.49504], [139.40413, 35.49416], [139.40348, 35.49338], [139.40325, 35.4931], [139.40313, 35.49295], [139.40278, 35.49252], [139.40247, 35.49215], [139.40215, 35.49176], [139.40153, 35.49098], [139.40096, 35.49024], [139.4005, 35.48962], [139.40035, 35.48939], [139.40025, 35.48914], [139.40009, 35.48876], [139.40002, 35.48853], [139.39999, 35.48839], [139.39991, 35.48801], [139.39987, 35.4878], [139.39983, 35.48741], [139.39981, 35.48729], [139.3998, 35.48721], [139.39979, 35.48705], [139.39979, 35.48666], [139.39978, 35.48579], [139.39979, 35.48487], [139.3998, 35.48419], [139.3998, 35.48402], [139.3998, 35.48388], [139.39983, 35.48272], [139.39986, 35.48173]]}, "properties": {"id": "GEOM_TOKYO_0594", "route_id": "R_71E9E9F5", "route_name": null, "route_color": "#2B78D0", "route_text_color": null, "line_name": "小田原線", "operator_id": "odakyu", "representation": "service_path", "min_zoom": 0, "max_zoom": 24, "offset_rank": 0}}, {"type": "Feature", "bbox": [139.408, 35.49877, 139.40909, 35.49995], "geometry": {"type": "LineString", "coordinates": [[139.40909, 35.49995], [139.408, 35.49877]]}, "properties": {"id": "GEOM_TOKYO_0595", "route_id": "R_71E9E9F5", "route_name": null, "route_color": "#2B78D0", "route_text_color": null, "line_name": "小田原線", "operator_id": "odakyu", "representation": "service_path", "min_zoom": 0, "max_zoom": 24, "offset_rank": 0}}, {"type": "Feature", "bbox": [139.39986, 35.48025, 139.39991, 35.48173], "geometry": {"type": "LineString", "coordinates": [[139.39986, 35.48173], [139.39991, 35.48025]]}, "properties": {"id": "GEOM_TOKYO_0596", "route_id": "R_71E9E9F5", "route_name": null, "route_color": "#2B78D0", "route_text_color": null, "line_name": "小田原線", "operator_id": "odakyu", "representation": "service_path", "min_zoom": 0, "max_zoom": 24, "offset_rank": 0}}, {"type": "Feature", "bbox": [139.3783, 35.44316, 139.3901, 35.45212], "geometry": {"type": "LineString", "coordinates": [[139.3901, 35.45212], [139.38967, 35.45178], [139.38904, 35.45126], [139.38879, 35.45105], [139.38765, 35.4501], [139.38688, 35.44946], [139.38637, 35.44904], [139.38619, 35.44888], [139.38595, 35.44867], [139.38544, 35.44828], [139.38529, 35.44814], [139.38457, 35.44753], [139.38398, 35.44707], [139.38275, 35.44601], [139.38217, 35.44555], [139.38159, 35.44509], [139.38107, 35.44467], [139.38095, 35.44458], [139.38065, 35.44434], [139.38032, 35.4441], [139.37988, 35.44384], [139.37938, 35.44356], [139.37916, 35.44347], [139.3791, 35.44344], [139.37897, 35.4434], [139.37881, 35.44333], [139.37872, 35.4433], [139.37864, 35.44327], [139.37857, 35.44324], [139.37854, 35.44323], [139.37846, 35.44321], [139.3783, 35.44316]]}, "properties": {"id": "GEOM_TOKYO_0597", "route_id": "R_71E9E9F5", "route_name": null, "route_color": "#2B78D0", "route_text_color": null, "line_name": "小田原線", "operator_id": "odakyu", "representation": "service_path", "min_zoom": 0, "max_zoom": 24, "offset_rank": 0}}, {"type": "Feature", "bbox": [139.3901, 35.45212, 139.39182, 35.45355], "geometry": {"type": "LineString", "coordinates": [[139.39182, 35.45355], [139.39127, 35.45309], [139.3912, 35.45303], [139.3901, 35.45212]]}, "properties": {"id": "GEOM_TOKYO_0598", "route_id": "R_71E9E9F5", "route_name": null, "route_color": "#2B78D0", "route_text_color": null, "line_name": "小田原線", "operator_id": "odakyu", "representation": "service_path", "min_zoom": 0, "max_zoom": 24, "offset_rank": 0}}, {"type": "Feature", "bbox": [139.34465, 35.41817, 139.36355, 35.43856], "geometry": {"type": "LineString", "coordinates": [[139.34465, 35.41817], [139.34518, 35.41858], [139.34545, 35.41879], [139.34558, 35.4189], [139.34646, 35.41959], [139.34699, 35.41993], [139.34739, 35.42025], [139.3476, 35.42041], [139.34782, 35.42059], [139.34855, 35.42117], [139.34864, 35.42124], [139.3495, 35.42189], [139.3499, 35.42222], [139.35022, 35.42252], [139.35037, 35.4227], [139.35052, 35.42292], [139.35103, 35.42374], [139.35132, 35.4242], [139.35144, 35.42439], [139.35151, 35.4245], [139.35194, 35.42521], [139.35287, 35.42663], [139.35289, 35.42666], [139.35321, 35.42719], [139.35391, 35.42833], [139.35415, 35.4287], [139.35435, 35.42908], [139.35445, 35.42922], [139.35453, 35.42933], [139.35473, 35.42961], [139.35499, 35.42994], [139.35542, 35.43036], [139.35664, 35.43156], [139.35719, 35.4322], [139.35776, 35.43279], [139.35816, 35.4332], [139.35826, 35.4333], [139.3585, 35.43354], [139.35904, 35.43408], [139.35918, 35.43423], [139.35944, 35.4345], [139.35979, 35.43487], [139.35993, 35.43502], [139.36015, 35.43524], [139.36141, 35.43655], [139.36221, 35.43739], [139.36243, 35.43759], [139.36277, 35.43795], [139.36279, 35.43795], [139.36292, 35.43807], [139.36347, 35.4385], [139.36355, 35.43856]]}, "properties": {"id": "GEOM_TOKYO_0607", "route_id": "R_71E9E9F5", "route_name": null, "route_color": "#2B78D0", "route_text_color": null, "line_name": "小田原線", "operator_id": "odakyu", "representation": "service_path", "min_zoom": 0, "max_zoom": 24, "offset_rank": 0}}, {"type": "Feature", "bbox": [139.31439, 35.39638, 139.34366, 35.41737], "geometry": {"type": "LineString", "coordinates": [[139.31439, 35.39638], [139.31502, 35.39671], [139.31538, 35.39689], [139.31574, 35.39706], [139.31755, 35.39796], [139.31806, 35.39822], [139.31828, 35.39835], [139.31861, 35.39857], [139.31898, 35.3988], [139.3191, 35.39889], [139.32054, 35.39988], [139.3211, 35.40027], [139.32195, 35.40084], [139.32246, 35.4012], [139.32384, 35.40216], [139.32514, 35.40304], [139.3254, 35.40322], [139.3267, 35.4041], [139.32757, 35.4047], [139.32793, 35.40495], [139.32825, 35.40516], [139.32864, 35.40543], [139.32995, 35.40633], [139.33056, 35.40674], [139.33068, 35.40682], [139.33183, 35.40761], [139.33191, 35.40767], [139.33198, 35.40772], [139.33228, 35.40792], [139.33236, 35.40798], [139.33339, 35.40866], [139.33423, 35.40925], [139.33447, 35.40945], [139.33465, 35.40962], [139.335, 35.41], [139.3357, 35.41092], [139.33576, 35.41099], [139.33606, 35.4114], [139.33611, 35.41145], [139.33625, 35.41165], [139.33626, 35.41165], [139.33664, 35.41213], [139.33691, 35.41244], [139.33743, 35.41293], [139.33768, 35.41313], [139.33806, 35.41341], [139.33909, 35.41406], [139.33927, 35.41416], [139.34013, 35.41471], [139.34119, 35.41545], [139.34175, 35.41585], [139.34241, 35.41635], [139.34356, 35.4173], [139.34366, 35.41737]]}, "properties": {"id": "GEOM_TOKYO_0614", "route_id": "R_71E9E9F5", "route_name": null, "route_color": "#2B78D0", "route_text_color": null, "line_name": "小田原線", "operator_id": "odakyu", "representation": "service_path", "min_zoom": 0, "max_zoom": 24, "offset_rank": 0}}, {"type": "Feature", "bbox": [139.34366, 35.41737, 139.34465, 35.41817], "geometry": {"type": "LineString", "coordinates": [[139.34465, 35.41817], [139.34366, 35.41737]]}, "properties": {"id": "GEOM_TOKYO_0626", "route_id": "R_71E9E9F5", "route_name": null, "route_color": "#2B78D0", "route_text_color": null, "line_name": "小田原線", "operator_id": "odakyu", "representation": "service_path", "min_zoom": 0, "max_zoom": 24, "offset_rank": 0}}, {"type": "Feature", "bbox": [139.43698, 35.53111, 139.43879, 35.53329], "geometry": {"type": "LineString", "coordinates": [[139.43879, 35.53329], [139.43698, 35.53111]]}, "properties": {"id": "GEOM_TOKYO_0630", "route_id": "R_71E9E9F5", "route_name": null, "route_color": "#2B78D0", "route_text_color": null, "line_name": "小田原線", "operator_id": "odakyu", "representation": "service_path", "min_zoom": 0, "max_zoom": 24, "offset_rank": 0}}, {"type": "Feature", "bbox": [139.47032, 35.61275, 139.47118, 35.61354], "geometry": {"type": "LineString", "coordinates": [[139.47118, 35.61275], [139.47086, 35.61303], [139.47064, 35.61323], [139.47032, 35.61354]]}, "properties": {"id": "GEOM_TOKYO_0631", "route_id": "R_D0EAA77F", "route_name": null, "route_color": "#2B78D0", "route_text_color": null, "line_name": "多摩線", "operator_id": "odakyu", "representation": "service_path", "min_zoom": 0, "max_zoom": 24, "offset_rank": 0}}, {"type": "Feature", "bbox": [139.42342, 35.62459, 139.42533, 35.62527], "geometry": {"type": "LineString", "coordinates": [[139.42533, 35.62527], [139.42342, 35.62459]]}, "properties": {"id": "GEOM_TOKYO_0632", "route_id": "R_D0EAA77F", "route_name": null, "route_color": "#2B78D0", "route_text_color": null, "line_name": "多摩線", "operator_id": "odakyu", "representation": "service_path", "min_zoom": 0, "max_zoom": 24, "offset_rank": 0}}, {"type": "Feature", "bbox": [139.41218, 35.61732, 139.42342, 35.62459], "geometry": {"type": "LineString", "coordinates": [[139.42342, 35.62459], [139.42334, 35.62456], [139.42246, 35.6242], [139.4209, 35.62356], [139.42006, 35.62322], [139.41993, 35.62317], [139.41911, 35.62283], [139.41831, 35.62247], [139.4182, 35.62242], [139.41718, 35.62197], [139.41638, 35.6216], [139.41611, 35.62145], [139.41572, 35.62121], [139.41529, 35.62092], [139.41507, 35.62077], [139.41483, 35.62058], [139.41444, 35.62023], [139.41411, 35.61991], [139.41384, 35.61959], [139.4133, 35.6189], [139.41266, 35.61803], [139.41218, 35.61732]]}, "properties": {"id": "GEOM_TOKYO_0633", "route_id": "R_D0EAA77F", "route_name": null, "route_color": "#2B78D0", "route_text_color": null, "line_name": "多摩線", "operator_id": "odakyu", "representation": "service_path", "min_zoom": 0, "max_zoom": 24, "offset_rank": 0}}, {"type": "Feature", "bbox": [139.41117, 35.61581, 139.41218, 35.61732], "geometry": {"type": "LineString", "coordinates": [[139.41218, 35.61732], [139.41117, 35.61581]]}, "properties": {"id": "GEOM_TOKYO_0634", "route_id": "R_D0EAA77F", "route_name": null, "route_color": "#2B78D0", "route_text_color": null, "line_name": "多摩線", "operator_id": "odakyu", "representation": "service_path", "min_zoom": 0, "max_zoom": 24, "offset_rank": 0}}, {"type": "Feature", "bbox": [139.50667, 35.60306, 139.50828, 35.60435], "geometry": {"type": "LineString", "coordinates": [[139.50667, 35.60306], [139.50828, 35.60435]]}, "properties": {"id": "GEOM_TOKYO_0635", "route_id": "R_D0EAA77F", "route_name": null, "route_color": "#2B78D0", "route_text_color": null, "line_name": "多摩線", "operator_id": "odakyu", "representation": "service_path", "min_zoom": 0, "max_zoom": 24, "offset_rank": 0}}, {"type": "Feature", "bbox": [139.4927, 35.6, 139.49407, 35.60046], "geometry": {"type": "LineString", "coordinates": [[139.49407, 35.6], [139.4927, 35.60046]]}, "properties": {"id": "GEOM_TOKYO_0636", "route_id": "R_D0EAA77F", "route_name": null, "route_color": "#2B78D0", "route_text_color": null, "line_name": "多摩線", "operator_id": "odakyu", "representation": "service_path", "min_zoom": 0, "max_zoom": 24, "offset_rank": 0}}, {"type": "Feature", "bbox": [139.47118, 35.60605, 139.48074, 35.61275], "geometry": {"type": "LineString", "coordinates": [[139.48074, 35.60605], [139.48015, 35.60638], [139.47887, 35.60712], [139.47856, 35.6073], [139.47771, 35.60779], [139.47689, 35.60826], [139.47629, 35.60865], [139.47558, 35.6091], [139.47489, 35.60959], [139.47411, 35.61018], [139.47345, 35.61073], [139.47225, 35.6118], [139.47118, 35.61275]]}, "properties": {"id": "GEOM_TOKYO_0637", "route_id": "R_D0EAA77F", "route_name": null, "route_color": "#2B78D0", "route_text_color": null, "line_name": "多摩線", "operator_id": "odakyu", "representation": "service_path", "min_zoom": 0, "max_zoom": 24, "offset_rank": 0}}, {"type": "Feature", "bbox": [139.42533, 35.62527, 139.44696, 35.63078], "geometry": {"type": "LineString", "coordinates": [[139.44696, 35.63024], [139.44658, 35.63032], [139.44608, 35.63046], [139.44564, 35.63056], [139.44524, 35.63063], [139.4447, 35.63069], [139.44428, 35.63075], [139.44383, 35.63078], [139.44336, 35.63078], [139.4426, 35.63074], [139.44205, 35.63065], [139.44137, 35.63054], [139.44084, 35.63042], [139.44032, 35.63028], [139.43975, 35.63012], [139.43799, 35.62958], [139.43687, 35.62923], [139.43611, 35.62901], [139.43471, 35.62857], [139.43331, 35.62816], [139.43241, 35.62789], [139.43135, 35.62757], [139.43003, 35.6271], [139.42875, 35.62667], [139.42761, 35.62623], [139.42653, 35.62578], [139.42545, 35.62532], [139.42533, 35.62527]]}, "properties": {"id": "GEOM_TOKYO_0638", "route_id": "R_D0EAA77F", "route_name": null, "route_color": "#2B78D0", "route_text_color": null, "line_name": "多摩線", "operator_id": "odakyu", "representation": "service_path", "min_zoom": 0, "max_zoom": 24, "offset_rank": 0}}, {"type": "Feature", "bbox": [139.44916, 35.6191, 139.46423, 35.62959], "geometry": {"type": "LineString", "coordinates": [[139.46423, 35.6191], [139.46367, 35.61961], [139.4627, 35.62051], [139.46137, 35.62172], [139.46121, 35.62187], [139.46081, 35.62226], [139.46045, 35.62261], [139.45989, 35.62311], [139.45953, 35.62342], [139.45872, 35.62419], [139.45792, 35.62497], [139.45746, 35.62543], [139.45683, 35.62603], [139.4562, 35.62653], [139.4553, 35.62716], [139.45458, 35.62761], [139.45394, 35.62795], [139.45228, 35.62853], [139.45094, 35.629], [139.44949, 35.6295], [139.44916, 35.62959]]}, "properties": {"id": "GEOM_TOKYO_0639", "route_id": "R_D0EAA77F", "route_name": null, "route_color": "#2B78D0", "route_text_color": null, "line_name": "多摩線", "operator_id": "odakyu", "representation": "service_path", "min_zoom": 0, "max_zoom": 24, "offset_rank": 0}}, {"type": "Feature", "bbox": [139.48074, 35.60545, 139.48185, 35.60605], "geometry": {"type": "LineString", "coordinates": [[139.48185, 35.60545], [139.48074, 35.60605]]}, "properties": {"id": "GEOM_TOKYO_0640", "route_id": "R_D0EAA77F", "route_name": null, "route_color": "#2B78D0", "route_text_color": null, "line_name": "多摩線", "operator_id": "odakyu", "representation": "service_path", "min_zoom": 0, "max_zoom": 24, "offset_rank": 0}}, {"type": "Feature", "bbox": [139.46423, 35.61771, 139.46574, 35.6191], "geometry": {"type": "LineString", "coordinates": [[139.46423, 35.6191], [139.46463, 35.61873], [139.46532, 35.6181], [139.46574, 35.61771]]}, "properties": {"id": "GEOM_TOKYO_0641", "route_id": "R_D0EAA77F", "route_name": null, "route_color": "#2B78D0", "route_text_color": null, "line_name": "多摩線", "operator_id": "odakyu", "representation": "service_path", "min_zoom": 0, "max_zoom": 24, "offset_rank": 0}}, {"type": "Feature", "bbox": [139.46574, 35.61354, 139.47032, 35.61771], "geometry": {"type": "LineString", "coordinates": [[139.47032, 35.61354], [139.47027, 35.61359], [139.46905, 35.61469], [139.4688, 35.61492], [139.46774, 35.61588], [139.46717, 35.61642], [139.46601, 35.61748], [139.46574, 35.61771]]}, "properties": {"id": "GEOM_TOKYO_0642", "route_id": "R_D0EAA77F", "route_name": null, "route_color": "#2B78D0", "route_text_color": null, "line_name": "多摩線", "operator_id": "odakyu", "representation": "service_path", "min_zoom": 0, "max_zoom": 24, "offset_rank": 0}}, {"type": "Feature", "bbox": [139.48185, 35.60046, 139.4927, 35.60545], "geometry": {"type": "LineString", "coordinates": [[139.4927, 35.60046], [139.49248, 35.60055], [139.48964, 35.60154], [139.48859, 35.60193], [139.48788, 35.60222], [139.48716, 35.60257], [139.48637, 35.60297], [139.48601, 35.60316], [139.48458, 35.60391], [139.48354, 35.60448], [139.48185, 35.60545]]}, "properties": {"id": "GEOM_TOKYO_0643", "route_id": "R_D0EAA77F", "route_name": null, "route_color": "#2B78D0", "route_text_color": null, "line_name": "多摩線", "operator_id": "odakyu", "representation": "service_path", "min_zoom": 0, "max_zoom": 24, "offset_rank": 0}}, {"type": "Feature", "bbox": [139.44696, 35.62959, 139.44916, 35.63024], "geometry": {"type": "LineString", "coordinates": [[139.44916, 35.62959], [139.44866, 35.62975], [139.44775, 35.63001], [139.44696, 35.63024]]}, "properties": {"id": "GEOM_TOKYO_0644", "route_id": "R_D0EAA77F", "route_name": null, "route_color": "#2B78D0", "route_text_color": null, "line_name": "多摩線", "operator_id": "odakyu", "representation": "service_path", "min_zoom": 0, "max_zoom": 24, "offset_rank": 0}}, {"type": "Feature", "bbox": [139.49407, 35.59886, 139.50288, 35.60006], "geometry": {"type": "LineString", "coordinates": [[139.49407, 35.6], [139.4968, 35.59908], [139.49699, 35.59901], [139.49719, 35.59898], [139.49748, 35.59894], [139.49763, 35.59891], [139.49786, 35.59889], [139.49828, 35.59887], [139.49904, 35.59886], [139.49952, 35.59887], [139.49959, 35.59888], [139.49984, 35.59891], [139.50008, 35.59895], [139.50042, 35.59902], [139.50103, 35.5992], [139.50166, 35.59944], [139.50238, 35.59979], [139.50288, 35.60006]]}, "properties": {"id": "GEOM_TOKYO_0645", "route_id": "R_D0EAA77F", "route_name": null, "route_color": "#2B78D0", "route_text_color": null, "line_name": "多摩線", "operator_id": "odakyu", "representation": "service_path", "min_zoom": 0, "max_zoom": 24, "offset_rank": 0}}, {"type": "Feature", "bbox": [139.50288, 35.60006, 139.50667, 35.60306], "geometry": {"type": "LineString", "coordinates": [[139.50288, 35.60006], [139.50298, 35.60012], [139.50319, 35.6003], [139.50335, 35.60041], [139.50429, 35.60118], [139.50546, 35.6021], [139.50572, 35.60231], [139.50667, 35.60306]]}, "properties": {"id": "GEOM_TOKYO_0646", "route_id": "R_D0EAA77F", "route_name": null, "route_color": "#2B78D0", "route_text_color": null, "line_name": "多摩線", "operator_id": "odakyu", "representation": "service_path", "min_zoom": 0, "max_zoom": 24, "offset_rank": 0}}, {"type": "Feature", "bbox": [139.48921, 35.65584, 139.49904, 35.65616], "geometry": {"type": "LineString", "coordinates": [[139.48921, 35.65616], [139.49168, 35.65604], [139.49679, 35.65584], [139.49757, 35.65585], [139.49803, 35.65587], [139.49856, 35.65595], [139.49904, 35.65607]]}, "properties": {"id": "GEOM_TOKYO_0816", "route_id": "R_594DE0D4", "route_name": "多摩川線", "route_color": "#00A15F", "route_text_color": "#ffffff", "line_name": "多摩川線", "operator_id": "seibu", "representation": "service_path", "min_zoom": 0, "max_zoom": 24, "offset_rank": 0}}, {"type": "Feature", "bbox": [139.49904, 35.65607, 139.50028, 35.65635], "geometry": {"type": "LineString", "coordinates": [[139.49904, 35.65607], [139.50028, 35.65635]]}, "properties": {"id": "GEOM_TOKYO_0817", "route_id": "R_594DE0D4", "route_name": "多摩川線", "route_color": "#00A15F", "route_text_color": "#ffffff", "line_name": "多摩川線", "operator_id": "seibu", "representation": "service_path", "min_zoom": 0, "max_zoom": 24, "offset_rank": 0}}, {"type": "Feature", "bbox": [139.5103, 35.66682, 139.51692, 35.67634], "geometry": {"type": "LineString", "coordinates": [[139.51692, 35.67634], [139.51677, 35.67601], [139.51671, 35.67587], [139.51634, 35.67508], [139.51604, 35.67444], [139.51567, 35.67367], [139.5154, 35.67309], [139.515, 35.67226], [139.51458, 35.67136], [139.51414, 35.67046], [139.51384, 35.6699], [139.51347, 35.66943], [139.51287, 35.6688], [139.5123, 35.66823], [139.5103, 35.66682]]}, "properties": {"id": "GEOM_TOKYO_0818", "route_id": "R_594DE0D4", "route_name": "多摩川線", "route_color": "#00A15F", "route_text_color": "#ffffff", "line_name": "多摩川線", "operator_id": "seibu", "representation": "service_path", "min_zoom": 0, "max_zoom": 24, "offset_rank": 0}}, {"type": "Feature", "bbox": [139.50875, 35.66579, 139.5103, 35.66682], "geometry": {"type": "LineString", "coordinates": [[139.50875, 35.66579], [139.5103, 35.66682]]}, "properties": {"id": "GEOM_TOKYO_0821", "route_id": "R_594DE0D4", "route_name": "多摩川線", "route_color": "#00A15F", "route_text_color": "#ffffff", "line_name": "多摩川線", "operator_id": "seibu", "representation": "service_path", "min_zoom": 0, "max_zoom": 24, "offset_rank": 0}}, {"type": "Feature", "bbox": [139.50028, 35.65635, 139.50875, 35.66579], "geometry": {"type": "LineString", "coordinates": [[139.50028, 35.65635], [139.50063, 35.65644], [139.50134, 35.65665], [139.50174, 35.65682], [139.50202, 35.65698], [139.50231, 35.6572], [139.50255, 35.65748], [139.50277, 35.65784], [139.50285, 35.65802], [139.50296, 35.65827], [139.50327, 35.6593], [139.5037, 35.66092], [139.50392, 35.66169], [139.50409, 35.66206], [139.50436, 35.66241], [139.50465, 35.66274], [139.50525, 35.66325], [139.50608, 35.66385], [139.50737, 35.66473], [139.50775, 35.66506], [139.5083, 35.66546], [139.50875, 35.66579]]}, "properties": {"id": "GEOM_TOKYO_0822", "route_id": "R_594DE0D4", "route_name": "多摩川線", "route_color": "#00A15F", "route_text_color": "#ffffff", "line_name": "多摩川線", "operator_id": "seibu", "representation": "service_path", "min_zoom": 0, "max_zoom": 24, "offset_rank": 0}}, {"type": "Feature", "bbox": [139.48807, 35.65616, 139.48921, 35.65621], "geometry": {"type": "LineString", "coordinates": [[139.48921, 35.65616], [139.48807, 35.65621]]}, "properties": {"id": "GEOM_TOKYO_0823", "route_id": "R_594DE0D4", "route_name": "多摩川線", "route_color": "#00A15F", "route_text_color": "#ffffff", "line_name": "多摩川線", "operator_id": "seibu", "representation": "service_path", "min_zoom": 0, "max_zoom": 24, "offset_rank": 0}}, {"type": "Feature", "bbox": [139.41094, 35.65554, 139.41516, 35.66095], "geometry": {"type": "LineString", "coordinates": [[139.41516, 35.66095], [139.41514, 35.6609], [139.41508, 35.66071], [139.41484, 35.66035], [139.41415, 35.65954], [139.41389, 35.65919], [139.41361, 35.65879], [139.41338, 35.65841], [139.41295, 35.65766], [139.41281, 35.65746], [139.41263, 35.65727], [139.41238, 35.65702], [139.41208, 35.65678], [139.41171, 35.65648], [139.41148, 35.65624], [139.41135, 35.6561], [139.41121, 35.65594], [139.41108, 35.65577], [139.41098, 35.65561], [139.41094, 35.65554]]}, "properties": {"id": "GEOM_TOKYO_0930", "route_id": "R_E05060FC", "route_name": null, "route_color": "#54C0D8", "route_text_color": null, "line_name": "多摩都市モノレール線", "operator_id": "tama_monorail", "representation": "service_path", "min_zoom": 0, "max_zoom": 24, "offset_rank": 0}}, {"type": "Feature", "bbox": [139.42192, 35.63147, 139.42215, 35.63212], "geometry": {"type": "LineString", "coordinates": [[139.42215, 35.63147], [139.42192, 35.63212]]}, "properties": {"id": "GEOM_TOKYO_0931", "route_id": "R_E05060FC", "route_name": null, "route_color": "#54C0D8", "route_text_color": null, "line_name": "多摩都市モノレール線", "operator_id": "tama_monorail", "representation": "service_path", "min_zoom": 0, "max_zoom": 24, "offset_rank": 0}}, {"type": "Feature", "bbox": [139.41057, 35.65492, 139.41094, 35.65554], "geometry": {"type": "LineString", "coordinates": [[139.41057, 35.65492], [139.41094, 35.65554]]}, "properties": {"id": "GEOM_TOKYO_0932", "route_id": "R_E05060FC", "route_name": null, "route_color": "#54C0D8", "route_text_color": null, "line_name": "多摩都市モノレール線", "operator_id": "tama_monorail", "representation": "service_path", "min_zoom": 0, "max_zoom": 24, "offset_rank": 0}}, {"type": "Feature", "bbox": [139.41676, 35.63212, 139.42192, 35.63666], "geometry": {"type": "LineString", "coordinates": [[139.42192, 35.63212], [139.42189, 35.63218], [139.42169, 35.63269], [139.42139, 35.63331], [139.42117, 35.6336], [139.4209, 35.63386], [139.42057, 35.63414], [139.4195, 35.63486], [139.41786, 35.63593], [139.41683, 35.63662], [139.41676, 35.63666]]}, "properties": {"id": "GEOM_TOKYO_0933", "route_id": "R_E05060FC", "route_name": null, "route_color": "#54C0D8", "route_text_color": null, "line_name": "多摩都市モノレール線", "operator_id": "tama_monorail", "representation": "service_path", "min_zoom": 0, "max_zoom": 24, "offset_rank": 0}}, {"type": "Feature", "bbox": [139.40372, 35.64821, 139.40391, 35.64886], "geometry": {"type": "LineString", "coordinates": [[139.40372, 35.64821], [139.40391, 35.64886]]}, "properties": {"id": "GEOM_TOKYO_0934", "route_id": "R_E05060FC", "route_name": null, "route_color": "#54C0D8", "route_text_color": null, "line_name": "多摩都市モノレール線", "operator_id": "tama_monorail", "representation": "service_path", "min_zoom": 0, "max_zoom": 24, "offset_rank": 0}}, {"type": "Feature", "bbox": [139.42267, 35.62352, 139.4229, 35.62419], "geometry": {"type": "LineString", "coordinates": [[139.42267, 35.62352], [139.4229, 35.62419]]}, "properties": {"id": "GEOM_TOKYO_0935", "route_id": "R_E05060FC", "route_name": null, "route_color": "#54C0D8", "route_text_color": null, "line_name": "多摩都市モノレール線", "operator_id": "tama_monorail", "representation": "service_path", "min_zoom": 0, "max_zoom": 24, "offset_rank": 0}}, {"type": "Feature", "bbox": [139.40391, 35.64886, 139.41057, 35.65492], "geometry": {"type": "LineString", "coordinates": [[139.40391, 35.64886], [139.40393, 35.64894], [139.40401, 35.6492], [139.40408, 35.64936], [139.40422, 35.6495], [139.40444, 35.64968], [139.40478, 35.64989], [139.40513, 35.6501], [139.4055, 35.65027], [139.40585, 35.65041], [139.40666, 35.6506], [139.40705, 35.65069], [139.40734, 35.6508], [139.40758, 35.65093], [139.40783, 35.65114], [139.40813, 35.65142], [139.40829, 35.65169], [139.40852, 35.65223], [139.40875, 35.65289], [139.40889, 35.65313], [139.40902, 35.65335], [139.40918, 35.65353], [139.40939, 35.65375], [139.40961, 35.65394], [139.40986, 35.65412], [139.41012, 35.65431], [139.41028, 35.65447], [139.41043, 35.65466], [139.41055, 35.65488], [139.41057, 35.65492]]}, "properties": {"id": "GEOM_TOKYO_0937", "route_id": "R_E05060FC", "route_name": null, "route_color": "#54C0D8", "route_text_color": null, "line_name": "多摩都市モノレール線", "operator_id": "tama_monorail", "representation": "service_path", "min_zoom": 0, "max_zoom": 24, "offset_rank": 0}}, {"type": "Feature", "bbox": [139.40349, 35.64204, 139.40837, 35.64821], "geometry": {"type": "LineString", "coordinates": [[139.40837, 35.64204], [139.40746, 35.64235], [139.40705, 35.64247], [139.4064, 35.64259], [139.40586, 35.64267], [139.40527, 35.64281], [139.40498, 35.6429], [139.40463, 35.64304], [139.40442, 35.64316], [139.40428, 35.64329], [139.40419, 35.6434], [139.40413, 35.64353], [139.40411, 35.64357], [139.40403, 35.64384], [139.40398, 35.64406], [139.40397, 35.6442], [139.40398, 35.6444], [139.40403, 35.64515], [139.40404, 35.64544], [139.40395, 35.64578], [139.40384, 35.64599], [139.40357, 35.6465], [139.40349, 35.64671], [139.40349, 35.64693], [139.40351, 35.64725], [139.40371, 35.64814], [139.40372, 35.64821]]}, "properties": {"id": "GEOM_TOKYO_0938", "route_id": "R_E05060FC", "route_name": null, "route_color": "#54C0D8", "route_text_color": null, "line_name": "多摩都市モノレール線", "operator_id": "tama_monorail", "representation": "service_path", "min_zoom": 0, "max_zoom": 24, "offset_rank": 0}}, {"type": "Feature", "bbox": [139.40837, 35.64173, 139.40908, 35.64204], "geometry": {"type": "LineString", "coordinates": [[139.40908, 35.64173], [139.40837, 35.64204]]}, "properties": {"id": "GEOM_TOKYO_0940", "route_id": "R_E05060FC", "route_name": null, "route_color": "#54C0D8", "route_text_color": null, "line_name": "多摩都市モノレール線", "operator_id": "tama_monorail", "representation": "service_path", "min_zoom": 0, "max_zoom": 24, "offset_rank": 0}}, {"type": "Feature", "bbox": [139.40908, 35.63706, 139.41613, 35.64173], "geometry": {"type": "LineString", "coordinates": [[139.41613, 35.63706], [139.41606, 35.63711], [139.4153, 35.63767], [139.4147, 35.63816], [139.41445, 35.6384], [139.41377, 35.63933], [139.4135, 35.63963], [139.41317, 35.63989], [139.41282, 35.6401], [139.41214, 35.64041], [139.40916, 35.64169], [139.40908, 35.64173]]}, "properties": {"id": "GEOM_TOKYO_0941", "route_id": "R_E05060FC", "route_name": null, "route_color": "#54C0D8", "route_text_color": null, "line_name": "多摩都市モノレール線", "operator_id": "tama_monorail", "representation": "service_path", "min_zoom": 0, "max_zoom": 24, "offset_rank": 0}}, {"type": "Feature", "bbox": [139.42215, 35.62419, 139.42379, 35.63147], "geometry": {"type": "LineString", "coordinates": [[139.4229, 35.62419], [139.42292, 35.62426], [139.42341, 35.6257], [139.42364, 35.62641], [139.42376, 35.62685], [139.42379, 35.62717], [139.42378, 35.62749], [139.42374, 35.62777], [139.42368, 35.62802], [139.42324, 35.62905], [139.42315, 35.62924], [139.4229, 35.62977], [139.42245, 35.63076], [139.4223, 35.63113], [139.42217, 35.63141], [139.42215, 35.63147]]}, "properties": {"id": "GEOM_TOKYO_0942", "route_id": "R_E05060FC", "route_name": null, "route_color": "#54C0D8", "route_text_color": null, "line_name": "多摩都市モノレール線", "operator_id": "tama_monorail", "representation": "service_path", "min_zoom": 0, "max_zoom": 24, "offset_rank": 0}}, {"type": "Feature", "bbox": [139.41962, 35.67104, 139.4201, 35.67159], "geometry": {"type": "LineString", "coordinates": [[139.41962, 35.67159], [139.4201, 35.67104]]}, "properties": {"id": "GEOM_TOKYO_0943", "route_id": "R_E05060FC", "route_name": null, "route_color": "#54C0D8", "route_text_color": null, "line_name": "多摩都市モノレール線", "operator_id": "tama_monorail", "representation": "service_path", "min_zoom": 0, "max_zoom": 24, "offset_rank": 0}}, {"type": "Feature", "bbox": [139.40946, 35.67159, 139.41962, 35.67807], "geometry": {"type": "LineString", "coordinates": [[139.40946, 35.67807], [139.41091, 35.67716], [139.41351, 35.67553], [139.41519, 35.67448], [139.41714, 35.67326], [139.41851, 35.67239], [139.41926, 35.67189], [139.41962, 35.67159]]}, "properties": {"id": "GEOM_TOKYO_0944", "route_id": "R_E05060FC", "route_name": null, "route_color": "#54C0D8", "route_text_color": null, "line_name": "多摩都市モノレール線", "operator_id": "tama_monorail", "representation": "service_path", "min_zoom": 0, "max_zoom": 24, "offset_rank": 0}}, {"type": "Feature", "bbox": [139.41531, 35.66163, 139.42062, 35.67104], "geometry": {"type": "LineString", "coordinates": [[139.41531, 35.66163], [139.41534, 35.6617], [139.41553, 35.66221], [139.41554, 35.66224], [139.41566, 35.66245], [139.41575, 35.66259], [139.41593, 35.66279], [139.41623, 35.66307], [139.417, 35.66374], [139.41778, 35.66443], [139.41843, 35.66501], [139.41879, 35.6654], [139.41914, 35.66587], [139.4195, 35.66642], [139.4202, 35.6676], [139.42052, 35.66824], [139.42062, 35.66853], [139.42062, 35.66878], [139.42062, 35.66922], [139.42052, 35.6699], [139.42048, 35.67026], [139.42044, 35.67043], [139.42038, 35.6706], [139.4201, 35.67104]]}, "properties": {"id": "GEOM_TOKYO_0945", "route_id": "R_E05060FC", "route_name": null, "route_color": "#54C0D8", "route_text_color": null, "line_name": "多摩都市モノレール線", "operator_id": "tama_monorail", "representation": "service_path", "min_zoom": 0, "max_zoom": 24, "offset_rank": 0}}, {"type": "Feature", "bbox": [139.41613, 35.63666, 139.41676, 35.63706], "geometry": {"type": "LineString", "coordinates": [[139.41676, 35.63666], [139.41613, 35.63706]]}, "properties": {"id": "GEOM_TOKYO_0946", "route_id": "R_E05060FC", "route_name": null, "route_color": "#54C0D8", "route_text_color": null, "line_name": "多摩都市モノレール線", "operator_id": "tama_monorail", "representation": "service_path", "min_zoom": 0, "max_zoom": 24, "offset_rank": 0}}, {"type": "Feature", "bbox": [139.41516, 35.66095, 139.41531, 35.66163], "geometry": {"type": "LineString", "coordinates": [[139.41516, 35.66095], [139.41531, 35.66163]]}, "properties": {"id": "GEOM_TOKYO_0947", "route_id": "R_E05060FC", "route_name": null, "route_color": "#54C0D8", "route_text_color": null, "line_name": "多摩都市モノレール線", "operator_id": "tama_monorail", "representation": "service_path", "min_zoom": 0, "max_zoom": 24, "offset_rank": 0}}, {"type": "Feature", "bbox": [139.15582, 35.25741, 139.59111, 35.48638], "geometry": {"type": "LineString", "coordinates": [[139.15582, 35.25741], [139.15594, 35.25752], [139.16043, 35.26191], [139.16057, 35.26205], [139.1608, 35.26227], [139.16119, 35.26265], [139.16123, 35.26269], [139.16157, 35.26302], [139.16268, 35.26411], [139.16291, 35.26433], [139.1658, 35.26716], [139.16615, 35.2675], [139.16642, 35.26776], [139.16782, 35.26913], [139.17077, 35.272], [139.17232, 35.27352], [139.1732, 35.27431], [139.17399, 35.27499], [139.17413, 35.2751], [139.17476, 35.27562], [139.17489, 35.27573], [139.17511, 35.27591], [139.17527, 35.27604], [139.17536, 35.27611], [139.17595, 35.27653], [139.17608, 35.27662], [139.17675, 35.2771], [139.17916, 35.27864], [139.18203, 35.28019], [139.1826, 35.28047], [139.18883, 35.28337], [139.18949, 35.28367], [139.18961, 35.28372], [139.1897, 35.28377], [139.19055, 35.28416], [139.1912, 35.28446], [139.19142, 35.28456], [139.19148, 35.28459], [139.19184, 35.28475], [139.19213, 35.28489], [139.19313, 35.28534], [139.19636, 35.28683], [139.19667, 35.28697], [139.19836, 35.28778], [139.1999, 35.28849], [139.20357, 35.29016], [139.20401, 35.29036], [139.20512, 35.29088], [139.21261, 35.29431], [139.21476, 35.29532], [139.21687, 35.29631], [139.21743, 35.29655], [139.21757, 35.29661], [139.2188, 35.29718], [139.21941, 35.29746], [139.21976, 35.29762], [139.22111, 35.29825], [139.22125, 35.29831], [139.22133, 35.29835], [139.22144, 35.2984], [139.22265, 35.29896], [139.22277, 35.29901], [139.22322, 35.29922], [139.22345, 35.29933], [139.22368, 35.29943], [139.22389, 35.29953], [139.22395, 35.29956], [139.22517, 35.30009], [139.2253, 35.30014], [139.22619, 35.3005], [139.22631, 35.30054], [139.22752, 35.30102], [139.22925, 35.30165], [139.23048, 35.30206], [139.2322, 35.30253], [139.23346, 35.30288], [139.23456, 35.3032], [139.23535, 35.30342], [139.23557, 35.30348], [139.23674, 35.3038], [139.23691, 35.30385], [139.23771, 35.30408], [139.23832, 35.30425], [139.2431, 35.30562], [139.24682, 35.3067], [139.24687, 35.30677], [139.24716, 35.30687], [139.24725, 35.30691], [139.2477, 35.30704], [139.24795, 35.30712], [139.24839, 35.30725], [139.24857, 35.3073], [139.24908, 35.30746], [139.24915, 35.30748], [139.25056, 35.30789], [139.25197, 35.30831], [139.25325, 35.30868], [139.25426, 35.30898], [139.25494, 35.30918], [139.255, 35.3092], [139.25545, 35.30934], [139.25557, 35.30937], [139.2563, 35.30958], [139.25639, 35.3096], [139.2572, 35.30983], [139.25729, 35.30985], [139.2575, 35.30992], [139.25793, 35.31004], [139.25798, 35.31005], [139.25836, 35.31016], [139.25843, 35.31018], [139.25905, 35.31037], [139.2603, 35.31072], [139.26066, 35.31082], [139.26101, 35.31092], [139.26112, 35.31095], [139.26157, 35.3111], [139.26166, 35.31112], [139.26256, 35.31138], [139.26442, 35.31189], [139.26488, 35.31201], [139.26602, 35.31231], [139.26668, 35.31252], [139.26761, 35.31282], [139.26785, 35.31291], [139.27007, 35.31376], [139.27121, 35.31428], [139.27225, 35.31478], [139.27272, 35.31504], [139.27337, 35.31543], [139.27471, 35.31619], [139.276, 35.31693], [139.27675, 35.31738], [139.2775, 35.31782], [139.278, 35.31811], [139.27975, 35.31913], [139.28082, 35.31976], [139.28225, 35.32059], [139.28377, 35.32148], [139.28532, 35.3224], [139.28652, 35.32306], [139.28731, 35.32354], [139.28831, 35.32418], [139.2889, 35.32462], [139.28944, 35.32509], [139.28993, 35.32552], [139.29089, 35.32638], [139.29167, 35.32711], [139.29285, 35.3282], [139.29306, 35.3284], [139.29328, 35.32861], [139.29477, 35.32995], [139.29567, 35.33076], [139.29589, 35.33095], [139.29684, 35.33178], [139.29721, 35.33215], [139.2978, 35.33269], [139.29853, 35.33335], [139.29902, 35.3338], [139.29925, 35.33401], [139.30023, 35.33489], [139.30081, 35.33539], [139.301, 35.33556], [139.30126, 35.3358], [139.30187, 35.33631], [139.3022, 35.33661], [139.30247, 35.33685], [139.30302, 35.33745], [139.30407, 35.33857], [139.30507, 35.33965], [139.30633, 35.341], [139.30661, 35.3413], [139.30725, 35.34199], [139.30758, 35.34235], [139.30886, 35.3437], [139.30909, 35.34395], [139.30913, 35.344], [139.30947, 35.34437], [139.31056, 35.34554], [139.31075, 35.34574], [139.31103, 35.34605], [139.31116, 35.34619], [139.31199, 35.34707], [139.3122, 35.34731], [139.31277, 35.34792], [139.31296, 35.34815], [139.314, 35.34923], [139.31528, 35.35058], [139.31626, 35.3516], [139.31649, 35.35183], [139.3173, 35.35268], [139.31738, 35.35277], [139.3189, 35.35436], [139.31961, 35.35501], [139.31996, 35.35532], [139.32022, 35.35553], [139.3214, 35.35642], [139.32223, 35.35701], [139.32321, 35.3577], [139.32521, 35.35913], [139.32595, 35.35965], [139.327, 35.36042], [139.32733, 35.36066], [139.32858, 35.36156], [139.32997, 35.36256], [139.3302, 35.36273], [139.33412, 35.36555], [139.33439, 35.36573], [139.33623, 35.36707], [139.3365, 35.36726], [139.3381, 35.36841], [139.33868, 35.36884], [139.34055, 35.37018], [139.34172, 35.37102], [139.3425, 35.37157], [139.3429, 35.37187], [139.3439, 35.37259], [139.34509, 35.37345], [139.34541, 35.37369], [139.34651, 35.37447], [139.3473, 35.37504], [139.34785, 35.37544], [139.34847, 35.37589], [139.34902, 35.37628], [139.34932, 35.37652], [139.35091, 35.37766], [139.35117, 35.37785], [139.35229, 35.37864], [139.35272, 35.37896], [139.35284, 35.37904], [139.35306, 35.37921], [139.3548, 35.38046], [139.35505, 35.38064], [139.35525, 35.38079], [139.35539, 35.38089], [139.3555, 35.38098], [139.356, 35.38134], [139.35615, 35.38145], [139.35624, 35.38152], [139.35742, 35.38237], [139.35772, 35.38258], [139.35935, 35.38376], [139.36037, 35.3845], [139.36145, 35.38525], [139.36151, 35.3853], [139.36171, 35.38542], [139.36194, 35.38556], [139.36203, 35.38562], [139.3623, 35.38579], [139.36362, 35.38661], [139.36462, 35.38718], [139.36506, 35.38739], [139.36553, 35.38763], [139.36611, 35.3879], [139.36667, 35.38818], [139.36808, 35.38882], [139.36927, 35.38937], [139.36979, 35.3896], [139.37024, 35.38981], [139.3714, 35.39034], [139.3718, 35.39053], [139.37397, 35.39145], [139.374, 35.39146], [139.37573, 35.39223], [139.37805, 35.39323], [139.37843, 35.39341], [139.37963, 35.39394], [139.38162, 35.39481], [139.38216, 35.39505], [139.38239, 35.39516], [139.38262, 35.39526], [139.38378, 35.39577], [139.38404, 35.39588], [139.38435, 35.39602], [139.38469, 35.39616], [139.38515, 35.39636], [139.38674, 35.39706], [139.3876, 35.39744], [139.3884, 35.39779], [139.38934, 35.39821], [139.38986, 35.39844], [139.39136, 35.3991], [139.39182, 35.3993], [139.39277, 35.39973], [139.39423, 35.40035], [139.39533, 35.40084], [139.39666, 35.40142], [139.39689, 35.40152], [139.3995, 35.40267], [139.39974, 35.40278], [139.40106, 35.40335], [139.40382, 35.40455], [139.40527, 35.4052], [139.40643, 35.40571], [139.40796, 35.40638], [139.41148, 35.40793], [139.4121, 35.4082], [139.41234, 35.4083], [139.41462, 35.40933], [139.41508, 35.40952], [139.41868, 35.41114], [139.42113, 35.41224], [139.42307, 35.41308], [139.42479, 35.41386], [139.42638, 35.41458], [139.42861, 35.41562], [139.42898, 35.41579], [139.43033, 35.41641], [139.43088, 35.41666], [139.4311, 35.41676], [139.43321, 35.41774], [139.43436, 35.41826], [139.43586, 35.41894], [139.43754, 35.4197], [139.43785, 35.41984], [139.43805, 35.41993], [139.43957, 35.42062], [139.44045, 35.42101], [139.44099, 35.42126], [139.44102, 35.42127], [139.44228, 35.42184], [139.44262, 35.42199], [139.44294, 35.42213], [139.44343, 35.42236], [139.44374, 35.4225], [139.4449, 35.42302], [139.44506, 35.42309], [139.44583, 35.42344], [139.44693, 35.42394], [139.44785, 35.42436], [139.44832, 35.42457], [139.45085, 35.42573], [139.45102, 35.4258], [139.45107, 35.42583], [139.45259, 35.42652], [139.4533, 35.42685], [139.45342, 35.4269], [139.45524, 35.42769], [139.45541, 35.42776], [139.45697, 35.42844], [139.45761, 35.42874], [139.45795, 35.42889], [139.45889, 35.42933], [139.45912, 35.42943], [139.45981, 35.42974], [139.45992, 35.42979], [139.46018, 35.42991], [139.46086, 35.43022], [139.46107, 35.43031], [139.46113, 35.43033], [139.46139, 35.43045], [139.46187, 35.43065], [139.46207, 35.43073], [139.46211, 35.43075], [139.46303, 35.43113], [139.46358, 35.43135], [139.46374, 35.43141], [139.46382, 35.43144], [139.46393, 35.43149], [139.46408, 35.43154], [139.46441, 35.43167], [139.46626, 35.4324], [139.46726, 35.43274], [139.4679, 35.43297], [139.46912, 35.4334], [139.47025, 35.43381], [139.47062, 35.43395], [139.47291, 35.43481], [139.47321, 35.43492], [139.47356, 35.43505], [139.47397, 35.43519], [139.47429, 35.4353], [139.47587, 35.43587], [139.47741, 35.43644], [139.47747, 35.43646], [139.47772, 35.43656], [139.47778, 35.43658], [139.47823, 35.43675], [139.47829, 35.43677], [139.47846, 35.43683], [139.47854, 35.43686], [139.47893, 35.43701], [139.47986, 35.43736], [139.48004, 35.43742], [139.48177, 35.43808], [139.48185, 35.43811], [139.48193, 35.43814], [139.48201, 35.43817], [139.48226, 35.43826], [139.48258, 35.43838], [139.48329, 35.43864], [139.48339, 35.43868], [139.48362, 35.43876], [139.48419, 35.43896], [139.48431, 35.439], [139.48454, 35.43907], [139.48466, 35.43912], [139.4853, 35.43935], [139.48538, 35.43938], [139.48548, 35.43942], [139.48554, 35.43944], [139.48705, 35.44001], [139.48713, 35.44004], [139.4885, 35.44054], [139.48894, 35.44069], [139.48926, 35.44081], [139.49138, 35.44158], [139.49167, 35.44168], [139.49217, 35.44186], [139.49383, 35.44246], [139.49401, 35.44253], [139.49404, 35.44253], [139.49523, 35.44299], [139.49571, 35.44316], [139.49594, 35.44324], [139.4968, 35.4435], [139.49855, 35.44415], [139.50027, 35.44479], [139.50249, 35.44562], [139.5042, 35.44627], [139.50492, 35.44653], [139.50649, 35.44704], [139.50939, 35.4479], [139.50986, 35.44804], [139.51347, 35.4491], [139.51615, 35.44996], [139.51626, 35.44999], [139.51872, 35.45104], [139.52105, 35.45223], [139.52268, 35.45313], [139.52548, 35.45479], [139.52569, 35.45492], [139.52718, 35.4558], [139.52737, 35.45591], [139.53057, 35.45782], [139.53146, 35.45837], [139.53247, 35.45893], [139.53461, 35.46023], [139.53629, 35.46122], [139.53903, 35.46284], [139.5415, 35.46432], [139.54216, 35.46469], [139.54233, 35.4648], [139.54251, 35.46491], [139.54346, 35.46547], [139.54474, 35.46625], [139.54654, 35.4673], [139.54751, 35.46786], [139.54783, 35.46805], [139.54791, 35.46809], [139.5502, 35.46949], [139.55044, 35.46963], [139.55053, 35.46968], [139.55066, 35.46976], [139.55126, 35.47012], [139.55244, 35.47082], [139.5535, 35.47145], [139.55366, 35.47155], [139.55405, 35.47177], [139.55524, 35.47248], [139.55619, 35.47303], [139.55771, 35.47393], [139.5586, 35.47449], [139.56025, 35.47544], [139.5611, 35.47594], [139.56133, 35.47608], [139.56229, 35.47665], [139.5629, 35.477], [139.56368, 35.47743], [139.56386, 35.47753], [139.56473, 35.47796], [139.56532, 35.47828], [139.56582, 35.47853], [139.56651, 35.47885], [139.56687, 35.479], [139.56941, 35.47996], [139.57003, 35.48018], [139.57048, 35.48032], [139.57156, 35.48064], [139.57202, 35.48078], [139.57253, 35.48091], [139.57409, 35.48128], [139.57544, 35.48162], [139.57662, 35.48192], [139.57718, 35.48205], [139.58086, 35.48293], [139.58127, 35.48303], [139.58172, 35.48314], [139.58294, 35.48344], [139.58528, 35.48409], [139.5854, 35.48413], [139.58569, 35.48421], [139.58577, 35.48423], [139.588, 35.485], [139.58914, 35.48547], [139.58987, 35.48578], [139.59002, 35.48585], [139.5907, 35.48617], [139.59083, 35.48624], [139.59111, 35.48638]]}, "properties": {"id": "GEOM_TOKYO_0951", "route_id": "R_3B2E9FFD", "route_name": null, "route_color": "#1F78FF", "route_text_color": null, "line_name": "東海道新幹線", "operator_id": "東海旅客鉄道", "representation": "service_path", "min_zoom": 0, "max_zoom": 24, "offset_rank": 0}}, {"type": "Feature", "bbox": [139.48656, 35.55761, 139.48677, 35.55839], "geometry": {"type": "LineString", "coordinates": [[139.48677, 35.55761], [139.48656, 35.55839]]}, "properties": {"id": "GEOM_TOKYO_1234", "route_id": "R_446823A8", "route_name": null, "route_color": "#D9485F", "route_text_color": null, "line_name": "こどもの国線", "operator_id": "tokyu", "representation": "service_path", "min_zoom": 0, "max_zoom": 24, "offset_rank": 0}}, {"type": "Feature", "bbox": [139.49176, 35.54524, 139.49256, 35.54596], "geometry": {"type": "LineString", "coordinates": [[139.49176, 35.54596], [139.49222, 35.54554], [139.49256, 35.54524]]}, "properties": {"id": "GEOM_TOKYO_1235", "route_id": "R_446823A8", "route_name": null, "route_color": "#D9485F", "route_text_color": null, "line_name": "こどもの国線", "operator_id": "tokyu", "representation": "service_path", "min_zoom": 0, "max_zoom": 24, "offset_rank": 0}}, {"type": "Feature", "bbox": [139.48677, 35.54596, 139.49176, 35.55761], "geometry": {"type": "LineString", "coordinates": [[139.49176, 35.54596], [139.49119, 35.54649], [139.49095, 35.54674], [139.49084, 35.5469], [139.49079, 35.54704], [139.49074, 35.54724], [139.49066, 35.54773], [139.49039, 35.5493], [139.49039, 35.54931], [139.49014, 35.55087], [139.49, 35.55175], [139.48988, 35.55239], [139.48982, 35.55262], [139.48974, 35.5528], [139.48959, 35.55302], [139.4894, 35.55326], [139.48917, 35.5535], [139.48874, 35.55401], [139.48805, 35.55477], [139.48773, 35.55517], [139.48747, 35.55549], [139.48733, 35.55571], [139.48724, 35.55591], [139.48716, 35.55612], [139.48701, 35.55663], [139.48677, 35.55761]]}, "properties": {"id": "GEOM_TOKYO_1236", "route_id": "R_446823A8", "route_name": null, "route_color": "#D9485F", "route_text_color": null, "line_name": "こどもの国線", "operator_id": "tokyu", "representation": "service_path", "min_zoom": 0, "max_zoom": 24, "offset_rank": 0}}, {"type": "Feature", "bbox": [139.49117, 35.53201, 139.49401, 35.54524], "geometry": {"type": "LineString", "coordinates": [[139.49284, 35.53201], [139.49256, 35.53206], [139.4922, 35.53216], [139.49199, 35.53225], [139.49183, 35.53235], [139.49167, 35.5325], [139.49138, 35.53287], [139.49124, 35.53311], [139.49119, 35.53328], [139.49117, 35.53351], [139.4912, 35.53374], [139.49127, 35.534], [139.49139, 35.53434], [139.49182, 35.53551], [139.49233, 35.53696], [139.49241, 35.53718], [139.49275, 35.53819], [139.49278, 35.53828], [139.4929, 35.53859], [139.49317, 35.53948], [139.49365, 35.54086], [139.49372, 35.54107], [139.49387, 35.54147], [139.494, 35.54191], [139.49401, 35.54213], [139.49399, 35.54234], [139.49355, 35.54356], [139.49335, 35.54419], [139.4933, 35.54428], [139.49312, 35.54463], [139.493, 35.54483], [139.49285, 35.54498], [139.49256, 35.54524]]}, "properties": {"id": "GEOM_TOKYO_1237", "route_id": "R_446823A8", "route_name": null, "route_color": "#D9485F", "route_text_color": null, "line_name": "こどもの国線", "operator_id": "tokyu", "representation": "service_path", "min_zoom": 0, "max_zoom": 24, "offset_rank": 0}}, {"type": "Feature", "bbox": [139.49284, 35.53185, 139.49536, 35.53201], "geometry": {"type": "LineString", "coordinates": [[139.49536, 35.53185], [139.49284, 35.53201]]}, "properties": {"id": "GEOM_TOKYO_1238", "route_id": "R_446823A8", "route_name": null, "route_color": "#D9485F", "route_text_color": null, "line_name": "こどもの国線", "operator_id": "tokyu", "representation": "service_path", "min_zoom": 0, "max_zoom": 24, "offset_rank": 0}}, {"type": "Feature", "bbox": [139.55955, 35.57763, 139.57255, 35.57921], "geometry": {"type": "LineString", "coordinates": [[139.55955, 35.57763], [139.56003, 35.57769], [139.56033, 35.57773], [139.5606, 35.57777], [139.56217, 35.57782], [139.56227, 35.57782], [139.56276, 35.57784], [139.56285, 35.57784], [139.56354, 35.57785], [139.5649, 35.5779], [139.56528, 35.57791], [139.56549, 35.57792], [139.56633, 35.57795], [139.56854, 35.57801], [139.56913, 35.57804], [139.56949, 35.57805], [139.56958, 35.57805], [139.57025, 35.57812], [139.57066, 35.57821], [139.57113, 35.57838], [139.57155, 35.57856], [139.572, 35.57881], [139.57255, 35.57921]]}, "properties": {"id": "GEOM_TOKYO_1335", "route_id": "R_AC3B1654", "route_name": null, "route_color": "#D9485F", "route_text_color": null, "line_name": "田園都市線", "operator_id": "tokyu", "representation": "service_path", "min_zoom": 0, "max_zoom": 24, "offset_rank": 0}}, {"type": "Feature", "bbox": [139.51665, 35.54282, 139.51795, 35.54289], "geometry": {"type": "LineString", "coordinates": [[139.51795, 35.54289], [139.51665, 35.54282]]}, "properties": {"id": "GEOM_TOKYO_1337", "route_id": "R_AC3B1654", "route_name": null, "route_color": "#D9485F", "route_text_color": null, "line_name": "田園都市線", "operator_id": "tokyu", "representation": "service_path", "min_zoom": 0, "max_zoom": 24, "offset_rank": 0}}, {"type": "Feature", "bbox": [139.55362, 35.56914, 139.55779, 35.57711], "geometry": {"type": "LineString", "coordinates": [[139.55779, 35.57711], [139.5573, 35.57691], [139.55662, 35.57654], [139.5561, 35.57615], [139.55516, 35.57502], [139.55509, 35.57492], [139.55483, 35.57442], [139.55455, 35.57386], [139.55447, 35.57359], [139.5544, 35.57334], [139.55438, 35.5732], [139.55425, 35.57256], [139.55404, 35.57142], [139.55376, 35.56992], [139.55374, 35.56981], [139.55364, 35.56925], [139.55362, 35.56914]]}, "properties": {"id": "GEOM_TOKYO_1338", "route_id": "R_AC3B1654", "route_name": null, "route_color": "#D9485F", "route_text_color": null, "line_name": "田園都市線", "operator_id": "tokyu", "representation": "service_path", "min_zoom": 0, "max_zoom": 24, "offset_rank": 0}}, {"type": "Feature", "bbox": [139.54082, 35.55081, 139.5417, 35.55172], "geometry": {"type": "LineString", "coordinates": [[139.5417, 35.55172], [139.54082, 35.55081]]}, "properties": {"id": "GEOM_TOKYO_1339", "route_id": "R_AC3B1654", "route_name": null, "route_color": "#D9485F", "route_text_color": null, "line_name": "田園都市線", "operator_id": "tokyu", "representation": "service_path", "min_zoom": 0, "max_zoom": 24, "offset_rank": 0}}, {"type": "Feature", "bbox": [139.55779, 35.57711, 139.55955, 35.57763], "geometry": {"type": "LineString", "coordinates": [[139.55955, 35.57763], [139.55884, 35.57751], [139.55842, 35.57737], [139.55779, 35.57711]]}, "properties": {"id": "GEOM_TOKYO_1342", "route_id": "R_AC3B1654", "route_name": null, "route_color": "#D9485F", "route_text_color": null, "line_name": "田園都市線", "operator_id": "tokyu", "representation": "service_path", "min_zoom": 0, "max_zoom": 24, "offset_rank": 0}}, {"type": "Feature", "bbox": [139.55347, 35.56841, 139.55362, 35.56914], "geometry": {"type": "LineString", "coordinates": [[139.55362, 35.56914], [139.55355, 35.56879], [139.55347, 35.56841]]}, "properties": {"id": "GEOM_TOKYO_1343", "route_id": "R_AC3B1654", "route_name": null, "route_color": "#D9485F", "route_text_color": null, "line_name": "田園都市線", "operator_id": "tokyu", "representation": "service_path", "min_zoom": 0, "max_zoom": 24, "offset_rank": 0}}, {"type": "Feature", "bbox": [139.52805, 35.54347, 139.54082, 35.55081], "geometry": {"type": "LineString", "coordinates": [[139.54082, 35.55081], [139.54007, 35.55004], [139.53952, 35.54948], [139.53927, 35.54923], [139.53904, 35.549], [139.53871, 35.54865], [139.53828, 35.54819], [139.53741, 35.54731], [139.53679, 35.54666], [139.5363, 35.54631], [139.53536, 35.54574], [139.53513, 35.54565], [139.53492, 35.54557], [139.53364, 35.54516], [139.53321, 35.54501], [139.53268, 35.54484], [139.53058, 35.54418], [139.53007, 35.54404], [139.52933, 35.54379], [139.52882, 35.54364], [139.52851, 35.54357], [139.52817, 35.5435], [139.52805, 35.54347]]}, "properties": {"id": "GEOM_TOKYO_1348", "route_id": "R_AC3B1654", "route_name": null, "route_color": "#D9485F", "route_text_color": null, "line_name": "田園都市線", "operator_id": "tokyu", "representation": "service_path", "min_zoom": 0, "max_zoom": 24, "offset_rank": 0}}, {"type": "Feature", "bbox": [139.50404, 35.53542, 139.50506, 35.53633], "geometry": {"type": "LineString", "coordinates": [[139.50506, 35.53633], [139.50478, 35.5361], [139.50449, 35.53584], [139.50404, 35.53542]]}, "properties": {"id": "GEOM_TOKYO_1349", "route_id": "R_AC3B1654", "route_name": null, "route_color": "#D9485F", "route_text_color": null, "line_name": "田園都市線", "operator_id": "tokyu", "representation": "service_path", "min_zoom": 0, "max_zoom": 24, "offset_rank": 0}}, {"type": "Feature", "bbox": [139.55163, 35.55889, 139.55347, 35.56841], "geometry": {"type": "LineString", "coordinates": [[139.55347, 35.56841], [139.55296, 35.56563], [139.55282, 35.56434], [139.55281, 35.56339], [139.5528, 35.56303], [139.55273, 35.56177], [139.55264, 35.56119], [139.55249, 35.56074], [139.55175, 35.55915], [139.55163, 35.55889]]}, "properties": {"id": "GEOM_TOKYO_1350", "route_id": "R_AC3B1654", "route_name": null, "route_color": "#D9485F", "route_text_color": null, "line_name": "田園都市線", "operator_id": "tokyu", "representation": "service_path", "min_zoom": 0, "max_zoom": 24, "offset_rank": 0}}, {"type": "Feature", "bbox": [139.52711, 35.54333, 139.52805, 35.54347], "geometry": {"type": "LineString", "coordinates": [[139.52805, 35.54347], [139.52711, 35.54333]]}, "properties": {"id": "GEOM_TOKYO_1351", "route_id": "R_AC3B1654", "route_name": null, "route_color": "#D9485F", "route_text_color": null, "line_name": "田園都市線", "operator_id": "tokyu", "representation": "service_path", "min_zoom": 0, "max_zoom": 24, "offset_rank": 0}}, {"type": "Feature", "bbox": [139.55119, 35.55818, 139.55163, 35.55889], "geometry": {"type": "LineString", "coordinates": [[139.55163, 35.55889], [139.55119, 35.55818]]}, "properties": {"id": "GEOM_TOKYO_1353", "route_id": "R_AC3B1654", "route_name": null, "route_color": "#D9485F", "route_text_color": null, "line_name": "田園都市線", "operator_id": "tokyu", "representation": "service_path", "min_zoom": 0, "max_zoom": 24, "offset_rank": 0}}, {"type": "Feature", "bbox": [139.50506, 35.53633, 139.51665, 35.54282], "geometry": {"type": "LineString", "coordinates": [[139.51665, 35.54282], [139.51534, 35.54275], [139.5144, 35.54262], [139.51347, 35.54243], [139.51334, 35.54241], [139.51247, 35.54215], [139.51154, 35.54171], [139.51065, 35.54124], [139.51027, 35.54096], [139.50924, 35.54006], [139.50753, 35.53855], [139.50707, 35.53812], [139.50506, 35.53633]]}, "properties": {"id": "GEOM_TOKYO_1355", "route_id": "R_AC3B1654", "route_name": null, "route_color": "#D9485F", "route_text_color": null, "line_name": "田園都市線", "operator_id": "tokyu", "representation": "service_path", "min_zoom": 0, "max_zoom": 24, "offset_rank": 0}}, {"type": "Feature", "bbox": [139.51795, 35.54289, 139.52711, 35.54333], "geometry": {"type": "LineString", "coordinates": [[139.52711, 35.54333], [139.52674, 35.54326], [139.52647, 35.54325], [139.52636, 35.54325], [139.52583, 35.54323], [139.52263, 35.54305], [139.52122, 35.54306], [139.52055, 35.54302], [139.52008, 35.543], [139.51908, 35.54295], [139.51795, 35.54289]]}, "properties": {"id": "GEOM_TOKYO_1356", "route_id": "R_AC3B1654", "route_name": null, "route_color": "#D9485F", "route_text_color": null, "line_name": "田園都市線", "operator_id": "tokyu", "representation": "service_path", "min_zoom": 0, "max_zoom": 24, "offset_rank": 0}}, {"type": "Feature", "bbox": [139.5417, 35.55172, 139.55119, 35.55818], "geometry": {"type": "LineString", "coordinates": [[139.55119, 35.55818], [139.55107, 35.55807], [139.55052, 35.55752], [139.55036, 35.55741], [139.55019, 35.55729], [139.55013, 35.55726], [139.54716, 35.5558], [139.54444, 35.55443], [139.54402, 35.55409], [139.54292, 35.55319], [139.5417, 35.55172]]}, "properties": {"id": "GEOM_TOKYO_1357", "route_id": "R_AC3B1654", "route_name": null, "route_color": "#D9485F", "route_text_color": null, "line_name": "田園都市線", "operator_id": "tokyu", "representation": "service_path", "min_zoom": 0, "max_zoom": 24, "offset_rank": 0}}, {"type": "Feature", "bbox": [139.49536, 35.53184, 139.50404, 35.53542], "geometry": {"type": "LineString", "coordinates": [[139.50404, 35.53542], [139.50371, 35.53514], [139.50345, 35.53493], [139.50253, 35.53407], [139.50175, 35.53337], [139.50091, 35.53267], [139.50051, 35.53242], [139.49988, 35.53213], [139.49913, 35.53193], [139.49781, 35.53185], [139.4968, 35.53184], [139.49536, 35.53185]]}, "properties": {"id": "GEOM_TOKYO_1359", "route_id": "R_AC3B1654", "route_name": null, "route_color": "#D9485F", "route_text_color": null, "line_name": "田園都市線", "operator_id": "tokyu", "representation": "service_path", "min_zoom": 0, "max_zoom": 24, "offset_rank": 0}}, {"type": "Feature", "bbox": [139.46939, 35.51144, 139.47149, 35.51159], "geometry": {"type": "LineString", "coordinates": [[139.46939, 35.51144], [139.47149, 35.51159]]}, "properties": {"id": "GEOM_TOKYO_1360", "route_id": "R_AC3B1654", "route_name": null, "route_color": "#D9485F", "route_text_color": null, "line_name": "田園都市線", "operator_id": "tokyu", "representation": "service_path", "min_zoom": 0, "max_zoom": 24, "offset_rank": 0}}, {"type": "Feature", "bbox": [139.48472, 35.52621, 139.48516, 35.52792], "geometry": {"type": "LineString", "coordinates": [[139.48472, 35.52621], [139.48516, 35.52792]]}, "properties": {"id": "GEOM_TOKYO_1361", "route_id": "R_AC3B1654", "route_name": null, "route_color": "#D9485F", "route_text_color": null, "line_name": "田園都市線", "operator_id": "tokyu", "representation": "service_path", "min_zoom": 0, "max_zoom": 24, "offset_rank": 0}}, {"type": "Feature", "bbox": [139.47149, 35.51159, 139.4813, 35.51649], "geometry": {"type": "LineString", "coordinates": [[139.47149, 35.51159], [139.47222, 35.51167], [139.47282, 35.51177], [139.47354, 35.51193], [139.47393, 35.51205], [139.47426, 35.51214], [139.47525, 35.51254], [139.47594, 35.51286], [139.47604, 35.51292], [139.47759, 35.51382], [139.47912, 35.51473], [139.47975, 35.51513], [139.48003, 35.51533], [139.48042, 35.51565], [139.48087, 35.51608], [139.4813, 35.51649]]}, "properties": {"id": "GEOM_TOKYO_1362", "route_id": "R_AC3B1654", "route_name": null, "route_color": "#D9485F", "route_text_color": null, "line_name": "田園都市線", "operator_id": "tokyu", "representation": "service_path", "min_zoom": 0, "max_zoom": 24, "offset_rank": 0}}, {"type": "Feature", "bbox": [139.48516, 35.52792, 139.49313, 35.53181], "geometry": {"type": "LineString", "coordinates": [[139.48516, 35.52792], [139.48525, 35.5283], [139.4856, 35.52939], [139.48574, 35.52981], [139.48585, 35.53005], [139.48595, 35.53024], [139.48612, 35.53046], [139.48615, 35.5305], [139.48634, 35.53069], [139.48654, 35.53087], [139.48673, 35.53102], [139.48689, 35.53113], [139.48703, 35.53121], [139.48726, 35.53132], [139.48754, 35.53143], [139.48793, 35.53153], [139.48827, 35.5316], [139.48854, 35.53164], [139.48902, 35.53166], [139.48998, 35.53168], [139.49025, 35.53169], [139.49064, 35.53171], [139.49197, 35.53176], [139.49313, 35.53181]]}, "properties": {"id": "GEOM_TOKYO_1363", "route_id": "R_AC3B1654", "route_name": null, "route_color": "#D9485F", "route_text_color": null, "line_name": "田園都市線", "operator_id": "tokyu", "representation": "service_path", "min_zoom": 0, "max_zoom": 24, "offset_rank": 0}}, {"type": "Feature", "bbox": [139.4813, 35.51649, 139.48224, 35.51784], "geometry": {"type": "LineString", "coordinates": [[139.4813, 35.51649], [139.48162, 35.51689], [139.48183, 35.51717], [139.48224, 35.51784]]}, "properties": {"id": "GEOM_TOKYO_1364", "route_id": "R_AC3B1654", "route_name": null, "route_color": "#D9485F", "route_text_color": null, "line_name": "田園都市線", "operator_id": "tokyu", "representation": "service_path", "min_zoom": 0, "max_zoom": 24, "offset_rank": 0}}, {"type": "Feature", "bbox": [139.44594, 35.50788, 139.45788, 35.51036], "geometry": {"type": "LineString", "coordinates": [[139.44594, 35.50788], [139.44768, 35.50804], [139.44922, 35.5082], [139.44978, 35.50831], [139.45118, 35.50865], [139.45218, 35.5089], [139.45265, 35.50903], [139.4539, 35.50934], [139.45587, 35.50983], [139.45608, 35.50988], [139.45711, 35.51013], [139.45788, 35.51036]]}, "properties": {"id": "GEOM_TOKYO_1365", "route_id": "R_AC3B1654", "route_name": null, "route_color": "#D9485F", "route_text_color": null, "line_name": "田園都市線", "operator_id": "tokyu", "representation": "service_path", "min_zoom": 0, "max_zoom": 24, "offset_rank": 0}}, {"type": "Feature", "bbox": [139.49313, 35.53181, 139.49536, 35.53185], "geometry": {"type": "LineString", "coordinates": [[139.49313, 35.53181], [139.49536, 35.53185]]}, "properties": {"id": "GEOM_TOKYO_1366", "route_id": "R_AC3B1654", "route_name": null, "route_color": "#D9485F", "route_text_color": null, "line_name": "田園都市線", "operator_id": "tokyu", "representation": "service_path", "min_zoom": 0, "max_zoom": 24, "offset_rank": 0}}, {"type": "Feature", "bbox": [139.44429, 35.50774, 139.44594, 35.50788], "geometry": {"type": "LineString", "coordinates": [[139.44429, 35.50774], [139.44594, 35.50788]]}, "properties": {"id": "GEOM_TOKYO_1367", "route_id": "R_AC3B1654", "route_name": null, "route_color": "#D9485F", "route_text_color": null, "line_name": "田園都市線", "operator_id": "tokyu", "representation": "service_path", "min_zoom": 0, "max_zoom": 24, "offset_rank": 0}}, {"type": "Feature", "bbox": [139.45957, 35.51075, 139.46939, 35.51144], "geometry": {"type": "LineString", "coordinates": [[139.45957, 35.51075], [139.46004, 35.51085], [139.46042, 35.51092], [139.46087, 35.51096], [139.46176, 35.51101], [139.46269, 35.51108], [139.46472, 35.51119], [139.46619, 35.51128], [139.46813, 35.51137], [139.46939, 35.51144]]}, "properties": {"id": "GEOM_TOKYO_1368", "route_id": "R_AC3B1654", "route_name": null, "route_color": "#D9485F", "route_text_color": null, "line_name": "田園都市線", "operator_id": "tokyu", "representation": "service_path", "min_zoom": 0, "max_zoom": 24, "offset_rank": 0}}, {"type": "Feature", "bbox": [139.45788, 35.51036, 139.45957, 35.51075], "geometry": {"type": "LineString", "coordinates": [[139.45788, 35.51036], [139.45822, 35.51044], [139.45957, 35.51075]]}, "properties": {"id": "GEOM_TOKYO_1369", "route_id": "R_AC3B1654", "route_name": null, "route_color": "#D9485F", "route_text_color": null, "line_name": "田園都市線", "operator_id": "tokyu", "representation": "service_path", "min_zoom": 0, "max_zoom": 24, "offset_rank": 0}}, {"type": "Feature", "bbox": [139.48224, 35.51784, 139.48472, 35.52621], "geometry": {"type": "LineString", "coordinates": [[139.48224, 35.51784], [139.4824, 35.51823], [139.48276, 35.5191], [139.48304, 35.51988], [139.48314, 35.52027], [139.48383, 35.52293], [139.48422, 35.52445], [139.48472, 35.52621]]}, "properties": {"id": "GEOM_TOKYO_1370", "route_id": "R_AC3B1654", "route_name": null, "route_color": "#D9485F", "route_text_color": null, "line_name": "田園都市線", "operator_id": "tokyu", "representation": "service_path", "min_zoom": 0, "max_zoom": 24, "offset_rank": 0}}, {"type": "Feature", "bbox": [139.38242, 35.66008, 139.39303, 35.67778], "geometry": {"type": "LineString", "coordinates": [[139.39303, 35.67778], [139.39281, 35.67737], [139.39265, 35.677], [139.39245, 35.67641], [139.39218, 35.67542], [139.39092, 35.6709], [139.39067, 35.6699], [139.39044, 35.66909], [139.39013, 35.66802], [139.38983, 35.66715], [139.38958, 35.6666], [139.3892, 35.66592], [139.38891, 35.66545], [139.38847, 35.66483], [139.38815, 35.66443], [139.38767, 35.66388], [139.38734, 35.66355], [139.38691, 35.66313], [139.38642, 35.6627], [139.38594, 35.66233], [139.3856, 35.6621], [139.38499, 35.66169], [139.38405, 35.66111], [139.38242, 35.66008]]}, "properties": {"id": "GEOM_TOKYO_2694", "route_id": "R_3F47F0D7", "route_name": null, "route_color": "#F15A24", "route_text_color": null, "line_name": "中央線", "operator_id": "jr_east", "representation": "service_path", "min_zoom": 0, "max_zoom": 24, "offset_rank": 0}}, {"type": "Feature", "bbox": [139.38049, 35.65882, 139.38242, 35.66008], "geometry": {"type": "LineString", "coordinates": [[139.38049, 35.65882], [139.3814, 35.65942], [139.38164, 35.65957], [139.38242, 35.66008]]}, "properties": {"id": "GEOM_TOKYO_2695", "route_id": "R_3F47F0D7", "route_name": null, "route_color": "#F15A24", "route_text_color": null, "line_name": "中央線", "operator_id": "jr_east", "representation": "service_path", "min_zoom": 0, "max_zoom": 24, "offset_rank": 0}}, {"type": "Feature", "bbox": [139.31299, 35.65574, 139.33754, 35.65931], "geometry": {"type": "LineString", "coordinates": [[139.33754, 35.65574], [139.33663, 35.6559], [139.33625, 35.65596], [139.33592, 35.65601], [139.33572, 35.65605], [139.33495, 35.65617], [139.33418, 35.65631], [139.33383, 35.65638], [139.33328, 35.65647], [139.33223, 35.65661], [139.33143, 35.6567], [139.33011, 35.65684], [139.32956, 35.65689], [139.32922, 35.65694], [139.32887, 35.657], [139.32852, 35.65708], [139.32799, 35.6572], [139.32718, 35.6574], [139.32508, 35.65791], [139.32384, 35.65824], [139.32307, 35.65843], [139.32222, 35.65863], [139.3205, 35.65906], [139.31956, 35.65928], [139.31918, 35.65931], [139.31885, 35.65931], [139.31849, 35.6593], [139.31784, 35.65921], [139.3175, 35.65912], [139.31719, 35.65902], [139.31694, 35.65892], [139.31666, 35.65877], [139.31555, 35.65817], [139.31436, 35.65754], [139.31299, 35.65681]]}, "properties": {"id": "GEOM_TOKYO_2697", "route_id": "R_3F47F0D7", "route_name": null, "route_color": "#F15A24", "route_text_color": null, "line_name": "中央線", "operator_id": "jr_east", "representation": "service_path", "min_zoom": 0, "max_zoom": 24, "offset_rank": 0}}, {"type": "Feature", "bbox": [139.31102, 35.65574, 139.31299, 35.65681], "geometry": {"type": "LineString", "coordinates": [[139.31299, 35.65681], [139.31102, 35.65574]]}, "properties": {"id": "GEOM_TOKYO_2698", "route_id": "R_3F47F0D7", "route_name": null, "route_color": "#F15A24", "route_text_color": null, "line_name": "中央線", "operator_id": "jr_east", "representation": "service_path", "min_zoom": 0, "max_zoom": 24, "offset_rank": 0}}, {"type": "Feature", "bbox": [139.33754, 35.65527, 139.3401, 35.65574], "geometry": {"type": "LineString", "coordinates": [[139.3401, 35.65527], [139.339, 35.65547], [139.33754, 35.65574]]}, "properties": {"id": "GEOM_TOKYO_2699", "route_id": "R_3F47F0D7", "route_name": null, "route_color": "#F15A24", "route_text_color": null, "line_name": "中央線", "operator_id": "jr_east", "representation": "service_path", "min_zoom": 0, "max_zoom": 24, "offset_rank": 0}}, {"type": "Feature", "bbox": [139.3401, 35.65428, 139.34577, 35.65527], "geometry": {"type": "LineString", "coordinates": [[139.34577, 35.65428], [139.34456, 35.65451], [139.34409, 35.65459], [139.34377, 35.65464], [139.34316, 35.65474], [139.3427, 35.65482], [139.34134, 35.65505], [139.3401, 35.65527]]}, "properties": {"id": "GEOM_TOKYO_2700", "route_id": "R_3F47F0D7", "route_name": null, "route_color": "#F15A24", "route_text_color": null, "line_name": "中央線", "operator_id": "jr_east", "representation": "service_path", "min_zoom": 0, "max_zoom": 24, "offset_rank": 0}}, {"type": "Feature", "bbox": [139.34577, 35.65005, 139.38049, 35.65882], "geometry": {"type": "LineString", "coordinates": [[139.34577, 35.65428], [139.34624, 35.65418], [139.34678, 35.65407], [139.34683, 35.65405], [139.3472, 35.65397], [139.34767, 35.65384], [139.34809, 35.6537], [139.34867, 35.65349], [139.34904, 35.65333], [139.34948, 35.65311], [139.35002, 35.65281], [139.35104, 35.65229], [139.35192, 35.65184], [139.35203, 35.65179], [139.35247, 35.65159], [139.3534, 35.65115], [139.35428, 35.65072], [139.35469, 35.65054], [139.35498, 35.65042], [139.35535, 35.6503], [139.35591, 35.65016], [139.35631, 35.6501], [139.3567, 35.65006], [139.35711, 35.65005], [139.3574, 35.65007], [139.35755, 35.65009], [139.35816, 35.65021], [139.35834, 35.65025], [139.35865, 35.65034], [139.35893, 35.65044], [139.3596, 35.65073], [139.36088, 35.65137], [139.36099, 35.65143], [139.36153, 35.65168], [139.36192, 35.65185], [139.36224, 35.65196], [139.36259, 35.65205], [139.36292, 35.65211], [139.36332, 35.65217], [139.36361, 35.65219], [139.36418, 35.65221], [139.36495, 35.65216], [139.36536, 35.65209], [139.36593, 35.65203], [139.36632, 35.65198], [139.36696, 35.65194], [139.36762, 35.65194], [139.36803, 35.65198], [139.36874, 35.65209], [139.36935, 35.65222], [139.36965, 35.65232], [139.37009, 35.65248], [139.37023, 35.65255], [139.37056, 35.6527], [139.37107, 35.65297], [139.37149, 35.6532], [139.37166, 35.6533], [139.3718, 35.65339], [139.37405, 35.65478], [139.37619, 35.65611], [139.37718, 35.65674], [139.37757, 35.65698], [139.37862, 35.65763], [139.37947, 35.65815], [139.38049, 35.65882]]}, "properties": {"id": "GEOM_TOKYO_2781", "route_id": "R_3F47F0D7", "route_name": null, "route_color": "#F15A24", "route_text_color": null, "line_name": "中央線", "operator_id": "jr_east", "representation": "service_path", "min_zoom": 0, "max_zoom": 24, "offset_rank": 0}}, {"type": "Feature", "bbox": [139.28394, 35.64283, 139.31102, 35.65574], "geometry": {"type": "LineString", "coordinates": [[139.31102, 35.65574], [139.30812, 35.65419], [139.305, 35.65254], [139.30494, 35.6525], [139.30373, 35.65187], [139.3007, 35.65025], [139.29933, 35.64952], [139.29821, 35.64893], [139.29672, 35.64812], [139.29573, 35.6476], [139.29526, 35.64735], [139.29417, 35.64677], [139.29315, 35.64622], [139.29231, 35.64584], [139.29112, 35.6454], [139.28953, 35.64483], [139.28588, 35.64352], [139.28549, 35.64339], [139.28394, 35.64283]]}, "properties": {"id": "GEOM_TOKYO_2792", "route_id": "R_3F47F0D7", "route_name": null, "route_color": "#F15A24", "route_text_color": null, "line_name": "中央線", "operator_id": "jr_east", "representation": "service_path", "min_zoom": 0, "max_zoom": 24, "offset_rank": 0}}, {"type": "Feature", "bbox": [139.25807, 35.63996, 139.28133, 35.64202], "geometry": {"type": "LineString", "coordinates": [[139.28133, 35.64192], [139.28066, 35.64168], [139.28011, 35.64152], [139.27962, 35.64139], [139.27886, 35.64127], [139.27814, 35.64119], [139.27716, 35.64112], [139.27687, 35.64112], [139.27668, 35.64113], [139.27635, 35.64116], [139.27533, 35.64127], [139.27446, 35.64135], [139.27374, 35.64142], [139.27203, 35.64157], [139.2707, 35.64169], [139.27001, 35.64175], [139.26906, 35.64184], [139.26776, 35.64195], [139.2672, 35.642], [139.26669, 35.64202], [139.26637, 35.64201], [139.26626, 35.642], [139.26578, 35.64195], [139.26523, 35.64185], [139.26486, 35.64175], [139.26307, 35.64128], [139.26231, 35.64108], [139.26145, 35.64083], [139.25973, 35.6404], [139.25807, 35.63996]]}, "properties": {"id": "GEOM_TOKYO_2800", "route_id": "R_3F47F0D7", "route_name": null, "route_color": "#F15A24", "route_text_color": null, "line_name": "中央線", "operator_id": "jr_east", "representation": "service_path", "min_zoom": 0, "max_zoom": 24, "offset_rank": 0}}, {"type": "Feature", "bbox": [139.28133, 35.64192, 139.28394, 35.64283], "geometry": {"type": "LineString", "coordinates": [[139.28394, 35.64283], [139.28133, 35.64192]]}, "properties": {"id": "GEOM_TOKYO_2806", "route_id": "R_3F47F0D7", "route_name": null, "route_color": "#F15A24", "route_text_color": null, "line_name": "中央線", "operator_id": "jr_east", "representation": "service_path", "min_zoom": 0, "max_zoom": 24, "offset_rank": 0}}, {"type": "Feature", "bbox": [139.53605, 35.41219, 139.55652, 35.42876], "geometry": {"type": "LineString", "coordinates": [[139.53605, 35.41219], [139.53663, 35.41287], [139.53735, 35.41347], [139.5379, 35.41386], [139.53835, 35.41414], [139.53892, 35.41445], [139.53977, 35.41492], [139.54168, 35.41596], [139.54319, 35.41674], [139.5451, 35.41773], [139.54675, 35.41862], [139.54762, 35.41908], [139.54922, 35.41994], [139.55065, 35.42063], [139.55143, 35.42106], [139.55183, 35.42128], [139.55292, 35.422], [139.55357, 35.42258], [139.55409, 35.42317], [139.5545, 35.4237], [139.55493, 35.42438], [139.55527, 35.42514], [139.55595, 35.42676], [139.55633, 35.42775], [139.55642, 35.42805], [139.55652, 35.42876]]}, "properties": {"id": "GEOM_TOKYO_2916", "route_id": "R_09EB5226", "route_name": null, "route_color": "#F28E1C", "route_text_color": null, "line_name": "東海道線", "operator_id": "jr_east", "representation": "service_path", "min_zoom": 0, "max_zoom": 24, "offset_rank": 0}}, {"type": "Feature", "bbox": [139.55649, 35.42876, 139.55652, 35.43115], "geometry": {"type": "LineString", "coordinates": [[139.55652, 35.42876], [139.55651, 35.42939], [139.5565, 35.43017], [139.5565, 35.43057], [139.55649, 35.43115]]}, "properties": {"id": "GEOM_TOKYO_2917", "route_id": "R_09EB5226", "route_name": null, "route_color": "#F28E1C", "route_text_color": null, "line_name": "東海道線", "operator_id": "jr_east", "representation": "service_path", "min_zoom": 0, "max_zoom": 24, "offset_rank": 0}}, {"type": "Feature", "bbox": [139.53605, 35.41219, 139.57961, 35.44699], "geometry": {"type": "LineString", "coordinates": [[139.53605, 35.41219], [139.53631, 35.4124], [139.53684, 35.41284], [139.53764, 35.41339], [139.53807, 35.41366], [139.53981, 35.41476], [139.54026, 35.415], [139.54331, 35.41662], [139.54736, 35.41875], [139.54953, 35.41994], [139.5508, 35.42055], [139.55186, 35.42116], [139.55199, 35.42123], [139.55262, 35.42162], [139.55309, 35.42193], [139.55369, 35.42246], [139.55407, 35.42283], [139.55441, 35.42323], [139.55485, 35.42384], [139.55507, 35.42425], [139.55531, 35.42482], [139.55621, 35.42668], [139.55665, 35.42762], [139.55684, 35.4284], [139.55686, 35.42859], [139.55687, 35.42874], [139.55688, 35.4289], [139.55688, 35.42926], [139.55689, 35.42942], [139.5569, 35.4302], [139.5569, 35.43039], [139.55689, 35.43049], [139.5569, 35.43158], [139.55708, 35.43256], [139.55741, 35.4335], [139.55786, 35.43431], [139.55821, 35.43477], [139.55943, 35.43612], [139.5598, 35.43659], [139.56012, 35.43693], [139.56128, 35.4382], [139.56187, 35.43878], [139.56211, 35.43901], [139.56242, 35.43921], [139.56587, 35.44101], [139.5693, 35.44266], [139.56987, 35.44295], [139.57451, 35.44528], [139.57557, 35.44582], [139.57668, 35.4464], [139.57746, 35.44673], [139.57852, 35.44695], [139.57961, 35.44699]]}, "properties": {"id": "GEOM_TOKYO_2922", "route_id": "R_09EB5226", "route_name": null, "route_color": "#F28E1C", "route_text_color": null, "line_name": "東海道線", "operator_id": "jr_east", "representation": "service_path", "min_zoom": 0, "max_zoom": 24, "offset_rank": 0}}, {"type": "Feature", "bbox": [139.55642, 35.43115, 139.57961, 35.44709], "geometry": {"type": "LineString", "coordinates": [[139.55649, 35.43115], [139.55651, 35.43227], [139.55644, 35.43349], [139.55642, 35.4342], [139.55643, 35.43507], [139.55665, 35.43598], [139.55706, 35.43671], [139.55753, 35.43734], [139.55838, 35.43804], [139.55846, 35.43809], [139.55956, 35.4388], [139.56073, 35.43933], [139.56236, 35.43997], [139.56377, 35.44054], [139.56585, 35.44135], [139.56687, 35.44178], [139.56922, 35.44293], [139.57024, 35.44342], [139.57288, 35.44474], [139.5749, 35.44566], [139.57669, 35.44663], [139.5773, 35.44687], [139.57782, 35.44701], [139.57836, 35.44709], [139.57892, 35.44708], [139.57961, 35.44699]]}, "properties": {"id": "GEOM_TOKYO_2923", "route_id": "R_09EB5226", "route_name": null, "route_color": "#F28E1C", "route_text_color": null, "line_name": "東海道線", "operator_id": "jr_east", "representation": "service_path", "min_zoom": 0, "max_zoom": 24, "offset_rank": 0}}, {"type": "Feature", "bbox": [139.47201, 35.66638, 139.477, 35.68023], "geometry": {"type": "LineString", "coordinates": [[139.47201, 35.68023], [139.47207, 35.67997], [139.47209, 35.67984], [139.47211, 35.67969], [139.47214, 35.67955], [139.47222, 35.67923], [139.47248, 35.67836], [139.47361, 35.67536], [139.47391, 35.67467], [139.47451, 35.67314], [139.4759, 35.6699], [139.47664, 35.66772], [139.47695, 35.66675], [139.47699, 35.6666], [139.47699, 35.66656], [139.477, 35.66649], [139.47699, 35.66643], [139.47698, 35.66638]]}, "properties": {"id": "GEOM_TOKYO_3448", "route_id": "R_1BE18C58", "route_name": null, "route_color": "#FF6F00", "route_text_color": null, "line_name": "武蔵野線", "operator_id": "jr_east", "representation": "service_path", "min_zoom": 0, "max_zoom": 24, "offset_rank": 0}}, {"type": "Feature", "bbox": [139.47698, 35.6653, 139.47722, 35.66638], "geometry": {"type": "LineString", "coordinates": [[139.47722, 35.6653], [139.47707, 35.66577], [139.47698, 35.66638]]}, "properties": {"id": "GEOM_TOKYO_3449", "route_id": "R_1BE18C58", "route_name": null, "route_color": "#FF6F00", "route_text_color": null, "line_name": "武蔵野線", "operator_id": "jr_east", "representation": "service_path", "min_zoom": 0, "max_zoom": 24, "offset_rank": 0}}]}