{"type": "FeatureCollection", "features": [{"type": "Feature", "bbox": [139.01219, 36.32059, 139.01249, 36.32395], "geometry": {"type": "LineString", "coordinates": [[139.01249, 36.32059], [139.01243, 36.32143], [139.01224, 36.32339], [139.01219, 36.32395]]}, "properties": {"id": "GEOM_TOKYO_2207", "route_id": "R_7E54B177", "route_name": null, "route_color": "#F28E1C", "route_text_color": null, "line_name": "高崎線", "operator_id": "jr_east", "representation": "service_path", "min_zoom": 0, "max_zoom": 24, "offset_rank": 0}}, {"type": "Feature", "bbox": [139.04299, 36.301, 139.04751, 36.30264], "geometry": {"type": "LineString", "coordinates": [[139.04751, 36.301], [139.0472, 36.30111], [139.04682, 36.30126], [139.04635, 36.30142], [139.04593, 36.30157], [139.04527, 36.30182], [139.04463, 36.30206], [139.04425, 36.30219], [139.04405, 36.30228], [139.04342, 36.30249], [139.04316, 36.30258], [139.04299, 36.30264]]}, "properties": {"id": "GEOM_TOKYO_2208", "route_id": "R_7E54B177", "route_name": null, "route_color": "#F28E1C", "route_text_color": null, "line_name": "高崎線", "operator_id": "jr_east", "representation": "service_path", "min_zoom": 0, "max_zoom": 24, "offset_rank": 0}}, {"type": "Feature", "bbox": [139.02989, 36.30264, 139.04299, 36.3075], "geometry": {"type": "LineString", "coordinates": [[139.02989, 36.3075], [139.03029, 36.30742], [139.03073, 36.30728], [139.03152, 36.30703], [139.03196, 36.30691], [139.03241, 36.30675], [139.03305, 36.30652], [139.03374, 36.30628], [139.03422, 36.30611], [139.03476, 36.30591], [139.03527, 36.30572], [139.03605, 36.30544], [139.03653, 36.30526], [139.03713, 36.30504], [139.03749, 36.3049], [139.03784, 36.30474], [139.03836, 36.30448], [139.03874, 36.30428], [139.03908, 36.30413], [139.0394, 36.30399], [139.03995, 36.30376], [139.04037, 36.30361], [139.04088, 36.30342], [139.04175, 36.3031], [139.04217, 36.30296], [139.04281, 36.30274], [139.04299, 36.30264]]}, "properties": {"id": "GEOM_TOKYO_2209", "route_id": "R_7E54B177", "route_name": null, "route_color": "#F28E1C", "route_text_color": null, "line_name": "高崎線", "operator_id": "jr_east", "representation": "service_path", "min_zoom": 0, "max_zoom": 24, "offset_rank": 0}}, {"type": "Feature", "bbox": [139.01249, 36.3075, 139.02989, 36.32059], "geometry": {"type": "LineString", "coordinates": [[139.01249, 36.32059], [139.01255, 36.31992], [139.01262, 36.3191], [139.01265, 36.31878], [139.01268, 36.31856], [139.01269, 36.31823], [139.01274, 36.31785], [139.01278, 36.31762], [139.01283, 36.31748], [139.0129, 36.31725], [139.01302, 36.31698], [139.01305, 36.31691], [139.01314, 36.31672], [139.01341, 36.31629], [139.01358, 36.31607], [139.01363, 36.316], [139.01378, 36.31584], [139.01399, 36.31561], [139.01406, 36.31555], [139.01411, 36.31551], [139.01424, 36.31541], [139.01479, 36.31508], [139.01495, 36.31499], [139.01503, 36.31494], [139.01543, 36.31473], [139.016, 36.31442], [139.01659, 36.31408], [139.01697, 36.3139], [139.01928, 36.31271], [139.0201, 36.31227], [139.02078, 36.3119], [139.02133, 36.31161], [139.02199, 36.31126], [139.02264, 36.31091], [139.02328, 36.31056], [139.02354, 36.31042], [139.02412, 36.31015], [139.02425, 36.31008], [139.02455, 36.30991], [139.02541, 36.30947], [139.02609, 36.30913], [139.02681, 36.30876], [139.02739, 36.30845], [139.02768, 36.30831], [139.02801, 36.30815], [139.0284, 36.30801], [139.02882, 36.30787], [139.02912, 36.30777], [139.0293, 36.30771], [139.0296, 36.30759], [139.02989, 36.3075]]}, "properties": {"id": "GEOM_TOKYO_2210", "route_id": "R_7E54B177", "route_name": null, "route_color": "#F28E1C", "route_text_color": null, "line_name": "高崎線", "operator_id": "jr_east", "representation": "service_path", "min_zoom": 0, "max_zoom": 24, "offset_rank": 0}}, {"type": "Feature", "bbox": [139.04751, 36.29961, 139.05137, 36.301], "geometry": {"type": "LineString", "coordinates": [[139.05137, 36.29961], [139.05082, 36.2998], [139.05011, 36.30005], [139.04933, 36.30033], [139.04859, 36.30061], [139.04751, 36.301]]}, "properties": {"id": "GEOM_TOKYO_2211", "route_id": "R_7E54B177", "route_name": null, "route_color": "#F28E1C", "route_text_color": null, "line_name": "高崎線", "operator_id": "jr_east", "representation": "service_path", "min_zoom": 0, "max_zoom": 24, "offset_rank": 0}}, {"type": "Feature", "bbox": [139.02989, 36.30264, 139.04299, 36.3075], "geometry": {"type": "LineString", "coordinates": [[139.02989, 36.3075], [139.0315, 36.30688], [139.03195, 36.3067], [139.03275, 36.3064], [139.03323, 36.30621], [139.0339, 36.30595], [139.03452, 36.30571], [139.03507, 36.30551], [139.03548, 36.30534], [139.03597, 36.30516], [139.03625, 36.30504], [139.03675, 36.30484], [139.03711, 36.30469], [139.03757, 36.3045], [139.03781, 36.3044], [139.0382, 36.30423], [139.03864, 36.30403], [139.03896, 36.3039], [139.03923, 36.30379], [139.03967, 36.30363], [139.03986, 36.30356], [139.03992, 36.30355], [139.04031, 36.30342], [139.04055, 36.30334], [139.04093, 36.30324], [139.04134, 36.30313], [139.04166, 36.30304], [139.04204, 36.30293], [139.04234, 36.30284], [139.04264, 36.30276], [139.04277, 36.30272], [139.04299, 36.30264]]}, "properties": {"id": "GEOM_TOKYO_2212", "route_id": "R_7E54B177", "route_name": null, "route_color": "#F28E1C", "route_text_color": null, "line_name": "高崎線", "operator_id": "jr_east", "representation": "service_path", "min_zoom": 0, "max_zoom": 24, "offset_rank": 0}}, {"type": "Feature", "bbox": [139.28287, 36.17515, 139.32852, 36.19097], "geometry": {"type": "LineString", "coordinates": [[139.32852, 36.17515], [139.3277, 36.17548], [139.32714, 36.17572], [139.32615, 36.17613], [139.32558, 36.17638], [139.32536, 36.17647], [139.32311, 36.1774], [139.32245, 36.17769], [139.32055, 36.17848], [139.31856, 36.17932], [139.31719, 36.17989], [139.31673, 36.18009], [139.31538, 36.18066], [139.31447, 36.18105], [139.31272, 36.18177], [139.312, 36.18208], [139.31011, 36.18288], [139.30952, 36.18312], [139.30758, 36.18393], [139.30707, 36.18416], [139.30689, 36.18423], [139.30616, 36.18452], [139.30448, 36.18524], [139.30415, 36.18538], [139.30336, 36.18567], [139.30283, 36.18589], [139.30202, 36.18614], [139.30112, 36.18639], [139.29906, 36.18691], [139.29844, 36.18706], [139.29661, 36.18752], [139.29597, 36.18768], [139.29473, 36.188], [139.29269, 36.18851], [139.29166, 36.18877], [139.28983, 36.18923], [139.28886, 36.18946], [139.2872, 36.18989], [139.28654, 36.19005], [139.28602, 36.19018], [139.28575, 36.19025], [139.28476, 36.1905], [139.28423, 36.19062], [139.28287, 36.19097]]}, "properties": {"id": "GEOM_TOKYO_2213", "route_id": "R_7E54B177", "route_name": null, "route_color": "#F28E1C", "route_text_color": null, "line_name": "高崎線", "operator_id": "jr_east", "representation": "service_path", "min_zoom": 0, "max_zoom": 24, "offset_rank": 0}}, {"type": "Feature", "bbox": [139.10367, 36.27238, 139.10696, 36.27383], "geometry": {"type": "LineString", "coordinates": [[139.10696, 36.27238], [139.10648, 36.27258], [139.1057, 36.27293], [139.10487, 36.27329], [139.10367, 36.27383]]}, "properties": {"id": "GEOM_TOKYO_2214", "route_id": "R_7E54B177", "route_name": null, "route_color": "#F28E1C", "route_text_color": null, "line_name": "高崎線", "operator_id": "jr_east", "representation": "service_path", "min_zoom": 0, "max_zoom": 24, "offset_rank": 0}}, {"type": "Feature", "bbox": [139.27982, 36.19097, 139.28287, 36.19172], "geometry": {"type": "LineString", "coordinates": [[139.28287, 36.19097], [139.27982, 36.19172]]}, "properties": {"id": "GEOM_TOKYO_2215", "route_id": "R_7E54B177", "route_name": null, "route_color": "#F28E1C", "route_text_color": null, "line_name": "高崎線", "operator_id": "jr_east", "representation": "service_path", "min_zoom": 0, "max_zoom": 24, "offset_rank": 0}}, {"type": "Feature", "bbox": [139.18652, 36.23558, 139.18975, 36.23702], "geometry": {"type": "LineString", "coordinates": [[139.18975, 36.23558], [139.18796, 36.23638], [139.18652, 36.23702]]}, "properties": {"id": "GEOM_TOKYO_2217", "route_id": "R_7E54B177", "route_name": null, "route_color": "#F28E1C", "route_text_color": null, "line_name": "高崎線", "operator_id": "jr_east", "representation": "service_path", "min_zoom": 0, "max_zoom": 24, "offset_rank": 0}}, {"type": "Feature", "bbox": [139.23572, 36.20496, 139.23926, 36.20652], "geometry": {"type": "LineString", "coordinates": [[139.23926, 36.20496], [139.23773, 36.20562], [139.2368, 36.20603], [139.23572, 36.20652]]}, "properties": {"id": "GEOM_TOKYO_2218", "route_id": "R_7E54B177", "route_name": null, "route_color": "#F28E1C", "route_text_color": null, "line_name": "高崎線", "operator_id": "jr_east", "representation": "service_path", "min_zoom": 0, "max_zoom": 24, "offset_rank": 0}}, {"type": "Feature", "bbox": [139.15042, 36.23702, 139.18652, 36.25304], "geometry": {"type": "LineString", "coordinates": [[139.18652, 36.23702], [139.18582, 36.23733], [139.1853, 36.23756], [139.18488, 36.23774], [139.18379, 36.23823], [139.18234, 36.23887], [139.18137, 36.23931], [139.18022, 36.23981], [139.17882, 36.24044], [139.17745, 36.24104], [139.17669, 36.24138], [139.17557, 36.24189], [139.175, 36.24215], [139.1747, 36.24228], [139.17161, 36.24364], [139.1701, 36.24431], [139.16889, 36.24484], [139.16674, 36.2458], [139.16584, 36.2462], [139.16499, 36.24657], [139.16399, 36.24702], [139.16236, 36.24774], [139.16029, 36.24865], [139.15909, 36.24917], [139.15817, 36.2496], [139.15688, 36.25017], [139.15611, 36.25051], [139.15568, 36.25071], [139.15445, 36.25126], [139.15318, 36.25183], [139.15158, 36.25254], [139.15042, 36.25304]]}, "properties": {"id": "GEOM_TOKYO_2219", "route_id": "R_7E54B177", "route_name": null, "route_color": "#F28E1C", "route_text_color": null, "line_name": "高崎線", "operator_id": "jr_east", "representation": "service_path", "min_zoom": 0, "max_zoom": 24, "offset_rank": 0}}, {"type": "Feature", "bbox": [139.14761, 36.25304, 139.15042, 36.25421], "geometry": {"type": "LineString", "coordinates": [[139.14761, 36.25421], [139.14793, 36.25407], [139.14895, 36.25365], [139.15016, 36.25315], [139.15042, 36.25304]]}, "properties": {"id": "GEOM_TOKYO_2222", "route_id": "R_7E54B177", "route_name": null, "route_color": "#F28E1C", "route_text_color": null, "line_name": "高崎線", "operator_id": "jr_east", "representation": "service_path", "min_zoom": 0, "max_zoom": 24, "offset_rank": 0}}, {"type": "Feature", "bbox": [139.07997, 36.27383, 139.10367, 36.28287], "geometry": {"type": "LineString", "coordinates": [[139.10367, 36.27383], [139.10321, 36.27402], [139.10263, 36.27426], [139.10248, 36.27433], [139.10227, 36.27442], [139.1017, 36.27468], [139.10143, 36.2748], [139.10121, 36.27489], [139.1007, 36.27511], [139.10005, 36.27539], [139.09965, 36.27557], [139.0991, 36.27581], [139.09863, 36.276], [139.09794, 36.27631], [139.09764, 36.27644], [139.09727, 36.27661], [139.09672, 36.27686], [139.09671, 36.27686], [139.09629, 36.27705], [139.0959, 36.27723], [139.09545, 36.27742], [139.09502, 36.2776], [139.09468, 36.27775], [139.09393, 36.27806], [139.09358, 36.27822], [139.09302, 36.27847], [139.09248, 36.2787], [139.09215, 36.27885], [139.09174, 36.27903], [139.09135, 36.27919], [139.09088, 36.2794], [139.09042, 36.27961], [139.09028, 36.27968], [139.09017, 36.27974], [139.08966, 36.27996], [139.08892, 36.28031], [139.08841, 36.28053], [139.08835, 36.28056], [139.08765, 36.28084], [139.08721, 36.281], [139.08682, 36.28116], [139.0864, 36.28132], [139.08603, 36.28143], [139.08558, 36.28157], [139.08517, 36.28169], [139.08437, 36.28186], [139.08373, 36.28202], [139.08325, 36.28212], [139.08272, 36.28225], [139.08221, 36.28236], [139.08083, 36.28268], [139.07997, 36.28287]]}, "properties": {"id": "GEOM_TOKYO_2224", "route_id": "R_7E54B177", "route_name": null, "route_color": "#F28E1C", "route_text_color": null, "line_name": "高崎線", "operator_id": "jr_east", "representation": "service_path", "min_zoom": 0, "max_zoom": 24, "offset_rank": 0}}, {"type": "Feature", "bbox": [139.10696, 36.25421, 139.14761, 36.27238], "geometry": {"type": "LineString", "coordinates": [[139.10696, 36.27238], [139.10774, 36.27204], [139.10933, 36.27135], [139.10973, 36.27118], [139.11034, 36.27091], [139.113, 36.26972], [139.11386, 36.26934], [139.11553, 36.26861], [139.11637, 36.26825], [139.11654, 36.26818], [139.11684, 36.26805], [139.11757, 36.26773], [139.11829, 36.26741], [139.11885, 36.26717], [139.11957, 36.26684], [139.12, 36.26664], [139.12074, 36.26629], [139.12113, 36.26613], [139.12149, 36.26595], [139.12176, 36.26583], [139.12181, 36.26581], [139.12213, 36.26567], [139.12253, 36.2655], [139.12271, 36.26542], [139.12313, 36.26524], [139.12326, 36.26518], [139.12363, 36.26502], [139.12387, 36.26491], [139.12422, 36.26475], [139.12489, 36.26445], [139.12655, 36.26371], [139.12731, 36.26336], [139.12734, 36.26335], [139.12738, 36.26333], [139.12747, 36.2633], [139.12823, 36.26295], [139.12889, 36.26265], [139.12913, 36.26254], [139.12957, 36.26234], [139.12994, 36.26217], [139.13007, 36.26212], [139.1303, 36.26202], [139.13064, 36.26187], [139.13088, 36.26175], [139.13172, 36.26138], [139.13218, 36.26117], [139.13421, 36.26025], [139.13483, 36.25997], [139.13523, 36.25979], [139.13535, 36.25973], [139.13595, 36.25946], [139.13692, 36.25903], [139.13696, 36.259], [139.13735, 36.25883], [139.13792, 36.25858], [139.13884, 36.25816], [139.13901, 36.25809], [139.13955, 36.25784], [139.13964, 36.25782], [139.13979, 36.25774], [139.14045, 36.25745], [139.14195, 36.25677], [139.14206, 36.25672], [139.14216, 36.25667], [139.14343, 36.25609], [139.14356, 36.25603], [139.14397, 36.25585], [139.14428, 36.25571], [139.14451, 36.25561], [139.14521, 36.25529], [139.1458, 36.25502], [139.14652, 36.2547], [139.14715, 36.25442], [139.14745, 36.25429], [139.14761, 36.25421]]}, "properties": {"id": "GEOM_TOKYO_2225", "route_id": "R_7E54B177", "route_name": null, "route_color": "#F28E1C", "route_text_color": null, "line_name": "高崎線", "operator_id": "jr_east", "representation": "service_path", "min_zoom": 0, "max_zoom": 24, "offset_rank": 0}}, {"type": "Feature", "bbox": [139.18975, 36.20652, 139.23572, 36.23558], "geometry": {"type": "LineString", "coordinates": [[139.23572, 36.20652], [139.23487, 36.20691], [139.2343, 36.20717], [139.23394, 36.20734], [139.23274, 36.20792], [139.2321, 36.20822], [139.23167, 36.20843], [139.23143, 36.20856], [139.23106, 36.20875], [139.23062, 36.20901], [139.23019, 36.20927], [139.22949, 36.20973], [139.22859, 36.21035], [139.22803, 36.21073], [139.22713, 36.21139], [139.22634, 36.21191], [139.22551, 36.21245], [139.22541, 36.21251], [139.22488, 36.21285], [139.22386, 36.21349], [139.22323, 36.21389], [139.22277, 36.21416], [139.22242, 36.21433], [139.22213, 36.21447], [139.22189, 36.21458], [139.22169, 36.21466], [139.22115, 36.21487], [139.22032, 36.21516], [139.21963, 36.2154], [139.2191, 36.21558], [139.21806, 36.21596], [139.21704, 36.21631], [139.21573, 36.21678], [139.21547, 36.21688], [139.21482, 36.21711], [139.21349, 36.2176], [139.21308, 36.21775], [139.21264, 36.21793], [139.21245, 36.21801], [139.21229, 36.2181], [139.21207, 36.21821], [139.21188, 36.21831], [139.21162, 36.21845], [139.2115, 36.21852], [139.21125, 36.2187], [139.21101, 36.21887], [139.21069, 36.21913], [139.21053, 36.21926], [139.21025, 36.2195], [139.20984, 36.21987], [139.20932, 36.22034], [139.20906, 36.2206], [139.20828, 36.2213], [139.20797, 36.22158], [139.20734, 36.22214], [139.20638, 36.22299], [139.2056, 36.2237], [139.20476, 36.22446], [139.20418, 36.22499], [139.20353, 36.22557], [139.20285, 36.22619], [139.20197, 36.22696], [139.20036, 36.22842], [139.20016, 36.2286], [139.19914, 36.2295], [139.19842, 36.23015], [139.19819, 36.23035], [139.19725, 36.2312], [139.19654, 36.23185], [139.19586, 36.23246], [139.19515, 36.23303], [139.1946, 36.23342], [139.19368, 36.23384], [139.19237, 36.23443], [139.19189, 36.23464], [139.19044, 36.23527], [139.18975, 36.23558]]}, "properties": {"id": "GEOM_TOKYO_2226", "route_id": "R_7E54B177", "route_name": null, "route_color": "#F28E1C", "route_text_color": null, "line_name": "高崎線", "operator_id": "jr_east", "representation": "service_path", "min_zoom": 0, "max_zoom": 24, "offset_rank": 0}}, {"type": "Feature", "bbox": [139.23926, 36.19172, 139.27982, 36.20496], "geometry": {"type": "LineString", "coordinates": [[139.27982, 36.19172], [139.27952, 36.19181], [139.27816, 36.19215], [139.27755, 36.19231], [139.27671, 36.19253], [139.27668, 36.19254], [139.27528, 36.19289], [139.27474, 36.19304], [139.27386, 36.19328], [139.27271, 36.19361], [139.27239, 36.1937], [139.27209, 36.19379], [139.27174, 36.19388], [139.27114, 36.19402], [139.2708, 36.1941], [139.27017, 36.1942], [139.26937, 36.19429], [139.2686, 36.19438], [139.26778, 36.19444], [139.26708, 36.1945], [139.26627, 36.19455], [139.26598, 36.19457], [139.26567, 36.1946], [139.2649, 36.19469], [139.26424, 36.19476], [139.2635, 36.19485], [139.26267, 36.19499], [139.2621, 36.19511], [139.26151, 36.19527], [139.26111, 36.19538], [139.26076, 36.1955], [139.2603, 36.19564], [139.26014, 36.19571], [139.25996, 36.19578], [139.25969, 36.1959], [139.25918, 36.19612], [139.25712, 36.19704], [139.2557, 36.19767], [139.2552, 36.19789], [139.25322, 36.19877], [139.25234, 36.19917], [139.25064, 36.19991], [139.24958, 36.20039], [139.24828, 36.20099], [139.24782, 36.20121], [139.24679, 36.20172], [139.24614, 36.20202], [139.24509, 36.20247], [139.24421, 36.20284], [139.2431, 36.20331], [139.24203, 36.20377], [139.24121, 36.20413], [139.24043, 36.20446], [139.23964, 36.20479], [139.23926, 36.20496]]}, "properties": {"id": "GEOM_TOKYO_2227", "route_id": "R_7E54B177", "route_name": null, "route_color": "#F28E1C", "route_text_color": null, "line_name": "高崎線", "operator_id": "jr_east", "representation": "service_path", "min_zoom": 0, "max_zoom": 24, "offset_rank": 0}}, {"type": "Feature", "bbox": [139.05137, 36.29533, 139.06314, 36.29961], "geometry": {"type": "LineString", "coordinates": [[139.05137, 36.29961], [139.0519, 36.29944], [139.0525, 36.29922], [139.05256, 36.2992], [139.05276, 36.29911], [139.05308, 36.299], [139.05362, 36.29881], [139.05412, 36.29863], [139.05465, 36.29844], [139.05529, 36.29821], [139.05564, 36.29808], [139.05613, 36.2979], [139.05657, 36.29773], [139.05707, 36.29755], [139.05756, 36.29738], [139.05789, 36.29725], [139.05822, 36.29713], [139.05868, 36.29696], [139.05904, 36.29682], [139.05947, 36.29667], [139.06002, 36.29647], [139.06045, 36.29632], [139.0606, 36.29625], [139.06101, 36.29611], [139.06156, 36.2959], [139.06217, 36.29568], [139.06257, 36.29553], [139.06261, 36.29552], [139.06294, 36.29541], [139.06314, 36.29533]]}, "properties": {"id": "GEOM_TOKYO_2228", "route_id": "R_7E54B177", "route_name": null, "route_color": "#F28E1C", "route_text_color": null, "line_name": "高崎線", "operator_id": "jr_east", "representation": "service_path", "min_zoom": 0, "max_zoom": 24, "offset_rank": 0}}, {"type": "Feature", "bbox": [139.06314, 36.28455, 139.07288, 36.29533], "geometry": {"type": "LineString", "coordinates": [[139.06314, 36.29533], [139.0638, 36.29489], [139.06405, 36.29475], [139.06455, 36.29439], [139.06488, 36.29411], [139.0652, 36.29381], [139.06556, 36.29344], [139.06579, 36.29319], [139.06601, 36.29292], [139.06607, 36.29283], [139.06626, 36.29256], [139.0664, 36.29234], [139.06657, 36.29203], [139.06677, 36.29164], [139.06686, 36.2914], [139.067, 36.29108], [139.06714, 36.29066], [139.0674, 36.28998], [139.06755, 36.2896], [139.06762, 36.28942], [139.06777, 36.28906], [139.06785, 36.28889], [139.0681, 36.28837], [139.06836, 36.28785], [139.06852, 36.2876], [139.0687, 36.28735], [139.06871, 36.28733], [139.06882, 36.28721], [139.06903, 36.28695], [139.0692, 36.28677], [139.0695, 36.28648], [139.06975, 36.28626], [139.07007, 36.28601], [139.0703, 36.28584], [139.07056, 36.28566], [139.07078, 36.28552], [139.07103, 36.28537], [139.07125, 36.28525], [139.07158, 36.2851], [139.07176, 36.28501], [139.072, 36.2849], [139.07229, 36.28476], [139.07288, 36.28455]]}, "properties": {"id": "GEOM_TOKYO_2229", "route_id": "R_7E54B177", "route_name": null, "route_color": "#F28E1C", "route_text_color": null, "line_name": "高崎線", "operator_id": "jr_east", "representation": "service_path", "min_zoom": 0, "max_zoom": 24, "offset_rank": 0}}, {"type": "Feature", "bbox": [139.06314, 36.28455, 139.07288, 36.29533], "geometry": {"type": "LineString", "coordinates": [[139.06314, 36.29533], [139.06436, 36.29489], [139.065, 36.29466], [139.06556, 36.29447], [139.06588, 36.29434], [139.06634, 36.29412], [139.06666, 36.29396], [139.06711, 36.29363], [139.06751, 36.29323], [139.06786, 36.29281], [139.06813, 36.29245], [139.06839, 36.292], [139.06853, 36.29172], [139.06875, 36.29117], [139.0688, 36.29102], [139.06905, 36.29036], [139.06929, 36.28973], [139.0696, 36.2889], [139.06992, 36.28808], [139.07008, 36.28764], [139.07012, 36.28753], [139.07034, 36.28697], [139.07061, 36.28645], [139.07077, 36.28623], [139.07091, 36.28604], [139.07102, 36.28592], [139.07112, 36.2858], [139.07126, 36.28566], [139.07169, 36.2853], [139.07172, 36.28527], [139.07181, 36.2852], [139.07186, 36.28517], [139.07194, 36.2851], [139.07228, 36.28488], [139.07288, 36.28455]]}, "properties": {"id": "GEOM_TOKYO_2230", "route_id": "R_7E54B177", "route_name": null, "route_color": "#F28E1C", "route_text_color": null, "line_name": "高崎線", "operator_id": "jr_east", "representation": "service_path", "min_zoom": 0, "max_zoom": 24, "offset_rank": 0}}, {"type": "Feature", "bbox": [139.07288, 36.28287, 139.07997, 36.28455], "geometry": {"type": "LineString", "coordinates": [[139.07288, 36.28455], [139.07296, 36.28451], [139.07318, 36.28443], [139.07358, 36.28431], [139.07403, 36.2842], [139.0745, 36.2841], [139.07505, 36.28397], [139.0758, 36.2838], [139.07632, 36.28368], [139.07696, 36.28354], [139.07747, 36.28343], [139.07765, 36.28337], [139.07813, 36.28327], [139.07868, 36.28316], [139.07915, 36.28305], [139.07978, 36.2829], [139.07997, 36.28287]]}, "properties": {"id": "GEOM_TOKYO_2231", "route_id": "R_7E54B177", "route_name": null, "route_color": "#F28E1C", "route_text_color": null, "line_name": "高崎線", "operator_id": "jr_east", "representation": "service_path", "min_zoom": 0, "max_zoom": 24, "offset_rank": 0}}, {"type": "Feature", "bbox": [139.05937, 37.91144, 139.06412, 37.91257], "geometry": {"type": "LineString", "coordinates": [[139.06412, 37.91257], [139.05937, 37.91144]]}, "properties": {"id": "GEOM_TOKYO_2305", "route_id": "R_D6BC8A01", "route_name": null, "route_color": "#E65045", "route_text_color": null, "line_name": "上越新幹線", "operator_id": "jr_east", "representation": "service_path", "min_zoom": 0, "max_zoom": 24, "offset_rank": 0}}, {"type": "Feature", "bbox": [138.83881, 37.16949, 138.92387, 37.44585], "geometry": {"type": "LineString", "coordinates": [[138.92294, 37.16949], [138.92295, 37.16971], [138.9231, 37.17151], [138.92329, 37.17374], [138.92357, 37.17687], [138.92358, 37.17696], [138.92362, 37.17741], [138.92363, 37.17753], [138.92369, 37.1786], [138.92385, 37.18101], [138.92387, 37.18258], [138.92385, 37.18334], [138.92383, 37.18423], [138.92383, 37.18424], [138.92376, 37.18585], [138.92367, 37.18713], [138.92354, 37.18826], [138.92345, 37.18895], [138.92329, 37.18985], [138.92298, 37.19123], [138.92267, 37.19253], [138.92247, 37.19317], [138.92242, 37.19332], [138.92213, 37.19429], [138.92184, 37.19515], [138.92152, 37.19601], [138.92114, 37.1969], [138.9207, 37.19783], [138.92026, 37.19869], [138.91978, 37.19955], [138.91889, 37.20098], [138.91852, 37.20156], [138.91792, 37.20249], [138.91698, 37.20395], [138.916, 37.20548], [138.91413, 37.20834], [138.91253, 37.21086], [138.91184, 37.21194], [138.91057, 37.21392], [138.90922, 37.21603], [138.90769, 37.2184], [138.90671, 37.21993], [138.90563, 37.22161], [138.90538, 37.22198], [138.9046, 37.22319], [138.9035, 37.22492], [138.90154, 37.2279], [138.9011, 37.22864], [138.8997, 37.23085], [138.89945, 37.23124], [138.89928, 37.23145], [138.89885, 37.23216], [138.8986, 37.23255], [138.89775, 37.23384], [138.89716, 37.23479], [138.89671, 37.23548], [138.89582, 37.23684], [138.89432, 37.23918], [138.89344, 37.24053], [138.89318, 37.24093], [138.89213, 37.24255], [138.89131, 37.2438], [138.89029, 37.24542], [138.88952, 37.24655], [138.88871, 37.24788], [138.88829, 37.24851], [138.88803, 37.2489], [138.8869, 37.25063], [138.88533, 37.25303], [138.88334, 37.25607], [138.8825, 37.25739], [138.88242, 37.25752], [138.88116, 37.25943], [138.87867, 37.26328], [138.87813, 37.26409], [138.87809, 37.26417], [138.87633, 37.26685], [138.8752, 37.26864], [138.87344, 37.27133], [138.87291, 37.27214], [138.8718, 37.27386], [138.87117, 37.27485], [138.87023, 37.27637], [138.87015, 37.2765], [138.86913, 37.27806], [138.8682, 37.27952], [138.86718, 37.28108], [138.86617, 37.2826], [138.86516, 37.28412], [138.86503, 37.28433], [138.86487, 37.28458], [138.86399, 37.28592], [138.86291, 37.28761], [138.86183, 37.28927], [138.86085, 37.29077], [138.85986, 37.2923], [138.85879, 37.29393], [138.85773, 37.29557], [138.85693, 37.2968], [138.85651, 37.29745], [138.85556, 37.29891], [138.85486, 37.3], [138.85468, 37.30028], [138.85446, 37.30061], [138.85372, 37.30176], [138.85275, 37.30319], [138.85181, 37.30467], [138.85172, 37.30482], [138.85075, 37.30626], [138.84979, 37.30776], [138.84948, 37.30824], [138.84893, 37.3091], [138.84884, 37.30924], [138.8479, 37.31073], [138.84762, 37.31111], [138.84671, 37.31253], [138.84584, 37.31386], [138.84486, 37.31538], [138.84452, 37.31589], [138.84379, 37.31707], [138.84378, 37.31708], [138.84298, 37.31841], [138.84258, 37.31913], [138.84212, 37.32012], [138.84149, 37.3217], [138.84093, 37.32312], [138.84089, 37.32324], [138.84043, 37.3247], [138.84022, 37.32559], [138.84006, 37.32626], [138.83999, 37.32644], [138.83968, 37.32785], [138.83962, 37.328], [138.83932, 37.32944], [138.83914, 37.33095], [138.8391, 37.33131], [138.83896, 37.33244], [138.83884, 37.33404], [138.83883, 37.33451], [138.83881, 37.33495], [138.83884, 37.33636], [138.83885, 37.33671], [138.8389, 37.33698], [138.83903, 37.33809], [138.83916, 37.33918], [138.83923, 37.33972], [138.8393, 37.34027], [138.83936, 37.34077], [138.83943, 37.34136], [138.83956, 37.34247], [138.83971, 37.34356], [138.83988, 37.34463], [138.84002, 37.34573], [138.84017, 37.34683], [138.84031, 37.34793], [138.84045, 37.34904], [138.84053, 37.34973], [138.84057, 37.35011], [138.84072, 37.35126], [138.84086, 37.35236], [138.84099, 37.35347], [138.84114, 37.35457], [138.84127, 37.3557], [138.84133, 37.35608], [138.84143, 37.35679], [138.84144, 37.35687], [138.84159, 37.35789], [138.84172, 37.35894], [138.84185, 37.36001], [138.84198, 37.36105], [138.84212, 37.36209], [138.84226, 37.36313], [138.8424, 37.36417], [138.84251, 37.36504], [138.84254, 37.36521], [138.84267, 37.36625], [138.8428, 37.3673], [138.84294, 37.36836], [138.84307, 37.36941], [138.84321, 37.37045], [138.84335, 37.37151], [138.84349, 37.37256], [138.84367, 37.37401], [138.84401, 37.37654], [138.84419, 37.37794], [138.84442, 37.37968], [138.84458, 37.3809], [138.84472, 37.38201], [138.84486, 37.38313], [138.84495, 37.38375], [138.84502, 37.38424], [138.84516, 37.38535], [138.84529, 37.38646], [138.84544, 37.38758], [138.84559, 37.3887], [138.84574, 37.38982], [138.84587, 37.39091], [138.846, 37.39199], [138.84609, 37.39272], [138.84613, 37.3931], [138.84625, 37.39422], [138.84636, 37.39533], [138.84648, 37.39644], [138.84659, 37.39757], [138.8467, 37.39869], [138.84682, 37.39981], [138.84694, 37.40092], [138.84702, 37.4017], [138.84705, 37.40204], [138.84717, 37.40316], [138.84728, 37.40427], [138.84738, 37.40538], [138.84747, 37.40648], [138.84758, 37.40757], [138.84769, 37.40868], [138.84779, 37.40981], [138.84787, 37.41069], [138.84789, 37.41094], [138.848, 37.41206], [138.8481, 37.41318], [138.84821, 37.41429], [138.84831, 37.41541], [138.84841, 37.41653], [138.84853, 37.41768], [138.84858, 37.41817], [138.84861, 37.41885], [138.8487, 37.41968], [138.849, 37.42254], [138.84921, 37.42452], [138.84962, 37.42854], [138.84963, 37.42866], [138.84996, 37.43169], [138.85028, 37.43486], [138.85048, 37.43682], [138.8506, 37.43764], [138.85064, 37.43794], [138.85072, 37.43849], [138.85081, 37.43907], [138.85093, 37.43965], [138.85101, 37.43998], [138.85118, 37.44056], [138.85133, 37.44105], [138.85151, 37.44157], [138.85179, 37.44226], [138.85227, 37.44344], [138.85255, 37.44417], [138.85286, 37.44496], [138.85322, 37.44585]]}, "properties": {"id": "GEOM_TOKYO_2310", "route_id": "R_D6BC8A01", "route_name": null, "route_color": "#E65045", "route_text_color": null, "line_name": "上越新幹線", "operator_id": "jr_east", "representation": "service_path", "min_zoom": 0, "max_zoom": 24, "offset_rank": 0}}, {"type": "Feature", "bbox": [138.85472, 37.44968, 138.93767, 37.64588], "geometry": {"type": "LineString", "coordinates": [[138.85472, 37.44968], [138.85526, 37.45104], [138.85567, 37.45207], [138.85693, 37.45532], [138.8581, 37.45828], [138.85845, 37.45915], [138.85864, 37.45963], [138.85966, 37.46227], [138.86071, 37.46498], [138.86091, 37.46541], [138.86147, 37.46689], [138.86199, 37.46822], [138.86333, 37.47164], [138.86454, 37.47473], [138.86485, 37.47552], [138.86496, 37.4758], [138.86567, 37.4776], [138.8657, 37.47769], [138.86689, 37.48064], [138.86812, 37.48379], [138.86896, 37.48597], [138.86905, 37.48618], [138.86935, 37.48694], [138.87003, 37.4887], [138.87057, 37.49009], [138.87179, 37.49316], [138.87202, 37.49373], [138.87263, 37.49522], [138.87321, 37.49666], [138.87395, 37.49853], [138.87466, 37.5002], [138.87526, 37.50172], [138.87527, 37.50175], [138.87574, 37.503], [138.8761, 37.50394], [138.87643, 37.50477], [138.87655, 37.50507], [138.87696, 37.50612], [138.87741, 37.50728], [138.87772, 37.50811], [138.87827, 37.50949], [138.87851, 37.51011], [138.87929, 37.51212], [138.87978, 37.51337], [138.88007, 37.51412], [138.88085, 37.51613], [138.88163, 37.51813], [138.88184, 37.51868], [138.88233, 37.51994], [138.8824, 37.52014], [138.88277, 37.52106], [138.88319, 37.52214], [138.88397, 37.52413], [138.8846, 37.52554], [138.88507, 37.52662], [138.88571, 37.52812], [138.88634, 37.52959], [138.88657, 37.53014], [138.8874, 37.53209], [138.88827, 37.53411], [138.88913, 37.53613], [138.88997, 37.53811], [138.88999, 37.53815], [138.89084, 37.54016], [138.8917, 37.54218], [138.89248, 37.54398], [138.89257, 37.5442], [138.89288, 37.54493], [138.89343, 37.54622], [138.89429, 37.54824], [138.89516, 37.55026], [138.89602, 37.55227], [138.89652, 37.55345], [138.89688, 37.55429], [138.89774, 37.55631], [138.89859, 37.5583], [138.89944, 37.5603], [138.90015, 37.56197], [138.90029, 37.5623], [138.90114, 37.5643], [138.90198, 37.56631], [138.90284, 37.56832], [138.9037, 37.57033], [138.90377, 37.57049], [138.90442, 37.57202], [138.90456, 37.57235], [138.90542, 37.57436], [138.90628, 37.57638], [138.90713, 37.5784], [138.90799, 37.58041], [138.90804, 37.58054], [138.90885, 37.58243], [138.90971, 37.58446], [138.91051, 37.58633], [138.91241, 37.59067], [138.9126, 37.59112], [138.91383, 37.594], [138.91596, 37.5989], [138.91627, 37.59962], [138.91787, 37.60336], [138.91857, 37.60501], [138.91976, 37.60778], [138.91992, 37.60814], [138.92099, 37.61051], [138.92286, 37.61486], [138.92364, 37.61663], [138.92382, 37.61704], [138.92524, 37.62034], [138.92567, 37.62135], [138.92616, 37.62251], [138.92625, 37.62272], [138.9274, 37.62527], [138.92789, 37.62636], [138.92842, 37.62748], [138.93025, 37.63112], [138.93032, 37.63127], [138.93167, 37.63395], [138.93248, 37.63556], [138.93322, 37.63703], [138.93328, 37.63715], [138.93407, 37.63874], [138.93473, 37.64006], [138.93486, 37.64028], [138.93599, 37.64256], [138.93767, 37.64588]]}, "properties": {"id": "GEOM_TOKYO_2311", "route_id": "R_D6BC8A01", "route_name": null, "route_color": "#E65045", "route_text_color": null, "line_name": "上越新幹線", "operator_id": "jr_east", "representation": "service_path", "min_zoom": 0, "max_zoom": 24, "offset_rank": 0}}, {"type": "Feature", "bbox": [138.93949, 37.64956, 139.05937, 37.91144], "geometry": {"type": "LineString", "coordinates": [[138.93949, 37.64956], [138.94073, 37.65196], [138.94122, 37.65296], [138.94286, 37.65626], [138.94504, 37.66058], [138.94541, 37.66131], [138.94686, 37.66425], [138.94962, 37.66965], [138.94978, 37.66999], [138.9501, 37.67062], [138.95113, 37.67256], [138.95236, 37.67494], [138.95309, 37.67635], [138.95365, 37.67742], [138.95393, 37.67796], [138.95433, 37.67874], [138.95477, 37.67956], [138.95497, 37.67995], [138.95526, 37.68052], [138.95552, 37.681], [138.95565, 37.68127], [138.9559, 37.68176], [138.95619, 37.68231], [138.95659, 37.68312], [138.95688, 37.68368], [138.95722, 37.68433], [138.9575, 37.68486], [138.95808, 37.68601], [138.95822, 37.68627], [138.95861, 37.68702], [138.95883, 37.68743], [138.96009, 37.6899], [138.96044, 37.69059], [138.9612, 37.69208], [138.96139, 37.69245], [138.96148, 37.69264], [138.96261, 37.69487], [138.96355, 37.69666], [138.96422, 37.698], [138.96464, 37.69882], [138.96506, 37.69965], [138.96574, 37.70097], [138.96576, 37.70101], [138.96588, 37.70125], [138.9663, 37.70208], [138.96716, 37.70371], [138.96761, 37.70462], [138.96875, 37.70694], [138.96886, 37.70719], [138.96943, 37.70835], [138.96988, 37.70938], [138.96993, 37.70949], [138.97004, 37.70976], [138.97092, 37.71196], [138.97106, 37.71231], [138.97205, 37.7148], [138.97301, 37.71718], [138.97328, 37.71796], [138.97342, 37.71838], [138.9736, 37.71894], [138.97383, 37.71969], [138.97421, 37.72095], [138.97451, 37.72209], [138.97501, 37.72437], [138.97505, 37.72463], [138.97546, 37.72679], [138.97549, 37.72695], [138.97555, 37.72723], [138.97597, 37.72971], [138.9764, 37.7322], [138.97682, 37.7346], [138.97692, 37.73516], [138.97726, 37.737], [138.9777, 37.73945], [138.97811, 37.74176], [138.97851, 37.74408], [138.97856, 37.74436], [138.97901, 37.74691], [138.97945, 37.74946], [138.97966, 37.75066], [138.97976, 37.75125], [138.9801, 37.75298], [138.98048, 37.75503], [138.98113, 37.75859], [138.98174, 37.76189], [138.98202, 37.76339], [138.98228, 37.76494], [138.98271, 37.76735], [138.98334, 37.77081], [138.98379, 37.77331], [138.98418, 37.77542], [138.9846, 37.77782], [138.98464, 37.77808], [138.98481, 37.77889], [138.98506, 37.78041], [138.98521, 37.78127], [138.98545, 37.78259], [138.98559, 37.78334], [138.98595, 37.78537], [138.98627, 37.78707], [138.98663, 37.7891], [138.98712, 37.79184], [138.98719, 37.79226], [138.98749, 37.79395], [138.98808, 37.79727], [138.98876, 37.80101], [138.98879, 37.80118], [138.98934, 37.80426], [138.98951, 37.80524], [138.98998, 37.80728], [138.99035, 37.80894], [138.99063, 37.80998], [138.99065, 37.81006], [138.99108, 37.8115], [138.99154, 37.81286], [138.99196, 37.81411], [138.99265, 37.81618], [138.99302, 37.81719], [138.99373, 37.81898], [138.9947, 37.82147], [138.99471, 37.8215], [138.99558, 37.82359], [138.99676, 37.82637], [138.99724, 37.82758], [138.99732, 37.82776], [138.99766, 37.82862], [138.99798, 37.82935], [138.99859, 37.83085], [138.99975, 37.83357], [139.00088, 37.8363], [139.00173, 37.83837], [139.00233, 37.83986], [139.00392, 37.84377], [139.00521, 37.84693], [139.00539, 37.84736], [139.00672, 37.85057], [139.00788, 37.85341], [139.00873, 37.85548], [139.00907, 37.8563], [139.01052, 37.85977], [139.01177, 37.86288], [139.01224, 37.86403], [139.01299, 37.86588], [139.01386, 37.86801], [139.01498, 37.87073], [139.01569, 37.87239], [139.01578, 37.87257], [139.01617, 37.87341], [139.01679, 37.8746], [139.01753, 37.87595], [139.01835, 37.87729], [139.01868, 37.87781], [139.0191, 37.87842], [139.02035, 37.88009], [139.02076, 37.88061], [139.02123, 37.8812], [139.02207, 37.88216], [139.02336, 37.88366], [139.02438, 37.88484], [139.02476, 37.88528], [139.02544, 37.88606], [139.02702, 37.88787], [139.02712, 37.88799], [139.02801, 37.88901], [139.03048, 37.89187], [139.03193, 37.89357], [139.03287, 37.89462], [139.03351, 37.89535], [139.03431, 37.89626], [139.03476, 37.89675], [139.03534, 37.89732], [139.03606, 37.89802], [139.03701, 37.89891], [139.03874, 37.90049], [139.04077, 37.90215], [139.04175, 37.90296], [139.04355, 37.90439], [139.04572, 37.90609], [139.0461, 37.90636], [139.04657, 37.90668], [139.04727, 37.9071], [139.04799, 37.90748], [139.04858, 37.90775], [139.04915, 37.90798], [139.04979, 37.90824], [139.05394, 37.90977], [139.05576, 37.91042], [139.05642, 37.91063], [139.05822, 37.91114], [139.05937, 37.91144]]}, "properties": {"id": "GEOM_TOKYO_2312", "route_id": "R_D6BC8A01", "route_name": null, "route_color": "#E65045", "route_text_color": null, "line_name": "上越新幹線", "operator_id": "jr_east", "representation": "service_path", "min_zoom": 0, "max_zoom": 24, "offset_rank": 0}}, {"type": "Feature", "bbox": [138.92253, 37.16568, 138.92294, 37.16949], "geometry": {"type": "LineString", "coordinates": [[138.92253, 37.16568], [138.92266, 37.16719], [138.92281, 37.16852], [138.92294, 37.16949]]}, "properties": {"id": "GEOM_TOKYO_2313", "route_id": "R_D6BC8A01", "route_name": null, "route_color": "#E65045", "route_text_color": null, "line_name": "上越新幹線", "operator_id": "jr_east", "representation": "service_path", "min_zoom": 0, "max_zoom": 24, "offset_rank": 0}}, {"type": "Feature", "bbox": [138.85322, 37.44585, 138.85472, 37.44968], "geometry": {"type": "LineString", "coordinates": [[138.85472, 37.44968], [138.85322, 37.44585]]}, "properties": {"id": "GEOM_TOKYO_2314", "route_id": "R_D6BC8A01", "route_name": null, "route_color": "#E65045", "route_text_color": null, "line_name": "上越新幹線", "operator_id": "jr_east", "representation": "service_path", "min_zoom": 0, "max_zoom": 24, "offset_rank": 0}}, {"type": "Feature", "bbox": [138.93767, 37.64588, 138.93949, 37.64956], "geometry": {"type": "LineString", "coordinates": [[138.93767, 37.64588], [138.93879, 37.64814], [138.93949, 37.64956]]}, "properties": {"id": "GEOM_TOKYO_2315", "route_id": "R_D6BC8A01", "route_name": null, "route_color": "#E65045", "route_text_color": null, "line_name": "上越新幹線", "operator_id": "jr_east", "representation": "service_path", "min_zoom": 0, "max_zoom": 24, "offset_rank": 0}}, {"type": "Feature", "bbox": [138.97724, 36.69118, 138.97794, 36.69495], "geometry": {"type": "LineString", "coordinates": [[138.97794, 36.69118], [138.97772, 36.69229], [138.97749, 36.69354], [138.97724, 36.69495]]}, "properties": {"id": "GEOM_TOKYO_2316", "route_id": "R_D6BC8A01", "route_name": null, "route_color": "#E65045", "route_text_color": null, "line_name": "上越新幹線", "operator_id": "jr_east", "representation": "service_path", "min_zoom": 0, "max_zoom": 24, "offset_rank": 0}}, {"type": "Feature", "bbox": [138.81079, 36.69495, 138.97724, 36.93397], "geometry": {"type": "LineString", "coordinates": [[138.81079, 36.93397], [138.81231, 36.93224], [138.81262, 36.93191], [138.81437, 36.92983], [138.81597, 36.92801], [138.81659, 36.92729], [138.81756, 36.92618], [138.81923, 36.92425], [138.82038, 36.92289], [138.82096, 36.92214], [138.82207, 36.92056], [138.82262, 36.91974], [138.82273, 36.91956], [138.82289, 36.91933], [138.82296, 36.91921], [138.82306, 36.91904], [138.82323, 36.91873], [138.82347, 36.91833], [138.8236, 36.91812], [138.82379, 36.91782], [138.82405, 36.91742], [138.82424, 36.91711], [138.82436, 36.91693], [138.82459, 36.91658], [138.82482, 36.91621], [138.82522, 36.91557], [138.82543, 36.91523], [138.82582, 36.91457], [138.82603, 36.91422], [138.82635, 36.9137], [138.82658, 36.91329], [138.82678, 36.913], [138.827, 36.91265], [138.82727, 36.91218], [138.82754, 36.91176], [138.82759, 36.91168], [138.82773, 36.91145], [138.82778, 36.91136], [138.82795, 36.91107], [138.82803, 36.91096], [138.82828, 36.91055], [138.82857, 36.91005], [138.82888, 36.90957], [138.82929, 36.90891], [138.82953, 36.90852], [138.82979, 36.90809], [138.83005, 36.90768], [138.83037, 36.90715], [138.83079, 36.90649], [138.83101, 36.90612], [138.83113, 36.90596], [138.83134, 36.90562], [138.83156, 36.90521], [138.83181, 36.90481], [138.83206, 36.90438], [138.83232, 36.90394], [138.83252, 36.90361], [138.8326, 36.90348], [138.83282, 36.9031], [138.83314, 36.90257], [138.83337, 36.90224], [138.83368, 36.90176], [138.83384, 36.90149], [138.83407, 36.9011], [138.83442, 36.90056], [138.83474, 36.90009], [138.83502, 36.89957], [138.83525, 36.89918], [138.83555, 36.89871], [138.83579, 36.89833], [138.83603, 36.89792], [138.83633, 36.89739], [138.83666, 36.89689], [138.83692, 36.89649], [138.8372, 36.89604], [138.83746, 36.89561], [138.8375, 36.89556], [138.83765, 36.8953], [138.83782, 36.89503], [138.83799, 36.89471], [138.83814, 36.89442], [138.83839, 36.89399], [138.83856, 36.89372], [138.83874, 36.89343], [138.83885, 36.89325], [138.83901, 36.89306], [138.83916, 36.89281], [138.83937, 36.89245], [138.83963, 36.89204], [138.83992, 36.89157], [138.84014, 36.89124], [138.84038, 36.89085], [138.84062, 36.89048], [138.8409, 36.89006], [138.84125, 36.88955], [138.84153, 36.88913], [138.84175, 36.88883], [138.84202, 36.88842], [138.84223, 36.88811], [138.8425, 36.8877], [138.84259, 36.88756], [138.84276, 36.8873], [138.84284, 36.88718], [138.84306, 36.88687], [138.8433, 36.88657], [138.8435, 36.88632], [138.84378, 36.88601], [138.84396, 36.88579], [138.84417, 36.88552], [138.84433, 36.88538], [138.84454, 36.88511], [138.84472, 36.88492], [138.8449, 36.88469], [138.84525, 36.8843], [138.84556, 36.88397], [138.84569, 36.88381], [138.84603, 36.88345], [138.84629, 36.88316], [138.8466, 36.88284], [138.84691, 36.8825], [138.84711, 36.8823], [138.84739, 36.88203], [138.84768, 36.88173], [138.84796, 36.88147], [138.84819, 36.88125], [138.84844, 36.88098], [138.84878, 36.88059], [138.84904, 36.88031], [138.84908, 36.88027], [138.84927, 36.88008], [138.84943, 36.87988], [138.84965, 36.87963], [138.84982, 36.87947], [138.85016, 36.87916], [138.85044, 36.87881], [138.8508, 36.87846], [138.85107, 36.87819], [138.85131, 36.878], [138.85164, 36.87771], [138.85191, 36.87748], [138.85209, 36.87732], [138.85232, 36.87709], [138.8526, 36.87682], [138.85288, 36.87656], [138.85306, 36.87637], [138.85333, 36.87611], [138.85346, 36.87599], [138.85395, 36.87552], [138.85427, 36.87528], [138.85489, 36.87476], [138.85516, 36.87453], [138.85555, 36.87422], [138.85598, 36.87384], [138.85628, 36.87359], [138.85638, 36.87351], [138.85675, 36.8732], [138.85729, 36.87273], [138.85778, 36.87233], [138.85827, 36.87193], [138.85868, 36.87165], [138.85918, 36.87125], [138.85957, 36.87094], [138.86, 36.87063], [138.86038, 36.87035], [138.86075, 36.8701], [138.86111, 36.86984], [138.86149, 36.86956], [138.86185, 36.86931], [138.86225, 36.86902], [138.86247, 36.86886], [138.86271, 36.86867], [138.86312, 36.86835], [138.86345, 36.86811], [138.86372, 36.86791], [138.86424, 36.86753], [138.86449, 36.86736], [138.86465, 36.86725], [138.86504, 36.86697], [138.86578, 36.86641], [138.86627, 36.86607], [138.86666, 36.86579], [138.86712, 36.86544], [138.86758, 36.86512], [138.86798, 36.86484], [138.86861, 36.86435], [138.86916, 36.86395], [138.86951, 36.86371], [138.87005, 36.86334], [138.87071, 36.86285], [138.87134, 36.86238], [138.87181, 36.86199], [138.87232, 36.86162], [138.87334, 36.86086], [138.87411, 36.86032], [138.87513, 36.85956], [138.8762, 36.85876], [138.87697, 36.8582], [138.87819, 36.85731], [138.87981, 36.85612], [138.88004, 36.85595], [138.88132, 36.85503], [138.88259, 36.8541], [138.88374, 36.85329], [138.8851, 36.85229], [138.88673, 36.85108], [138.88829, 36.84993], [138.89022, 36.84854], [138.89209, 36.84717], [138.89369, 36.846], [138.89529, 36.84481], [138.89653, 36.8439], [138.89729, 36.84334], [138.89957, 36.8417], [138.90164, 36.84018], [138.90305, 36.8391], [138.90462, 36.83796], [138.90475, 36.83786], [138.90623, 36.83676], [138.90672, 36.83642], [138.9069, 36.83627], [138.9073, 36.83598], [138.90774, 36.83565], [138.90805, 36.83543], [138.90853, 36.83508], [138.90895, 36.83476], [138.90963, 36.83427], [138.91018, 36.83386], [138.9111, 36.83318], [138.91173, 36.83272], [138.9123, 36.8323], [138.91271, 36.83201], [138.91321, 36.83163], [138.91363, 36.83132], [138.91425, 36.83087], [138.91469, 36.83055], [138.91494, 36.83037], [138.91518, 36.83019], [138.91553, 36.82993], [138.91571, 36.8298], [138.91609, 36.82951], [138.91649, 36.82922], [138.91685, 36.82895], [138.91727, 36.82865], [138.91791, 36.82819], [138.91891, 36.82744], [138.91976, 36.82681], [138.92107, 36.82587], [138.92252, 36.82479], [138.92345, 36.82411], [138.92393, 36.82376], [138.92421, 36.82355], [138.92517, 36.82287], [138.92622, 36.82207], [138.92719, 36.82138], [138.92816, 36.82066], [138.9288, 36.82018], [138.92965, 36.81954], [138.93016, 36.81919], [138.93076, 36.81874], [138.93132, 36.81831], [138.93165, 36.81808], [138.93216, 36.81771], [138.93248, 36.81747], [138.93307, 36.81702], [138.93364, 36.8166], [138.93423, 36.81618], [138.9353, 36.8154], [138.9363, 36.81468], [138.93683, 36.81428], [138.93785, 36.81353], [138.93866, 36.81294], [138.93996, 36.81198], [138.94038, 36.81167], [138.94095, 36.81125], [138.94202, 36.81047], [138.94296, 36.80978], [138.94403, 36.80899], [138.94491, 36.80836], [138.94584, 36.80768], [138.94646, 36.80721], [138.94694, 36.80687], [138.94744, 36.80645], [138.94804, 36.80597], [138.94853, 36.80556], [138.94853, 36.80555], [138.94923, 36.80494], [138.94996, 36.80425], [138.95075, 36.80351], [138.95111, 36.80314], [138.95166, 36.80256], [138.95209, 36.8021], [138.95276, 36.80139], [138.95311, 36.80099], [138.95341, 36.80062], [138.95376, 36.80021], [138.95417, 36.79972], [138.95437, 36.79947], [138.95481, 36.79893], [138.95499, 36.79868], [138.9552, 36.79839], [138.95555, 36.79793], [138.95621, 36.79702], [138.95663, 36.79641], [138.95695, 36.79595], [138.95761, 36.79493], [138.95824, 36.79389], [138.95869, 36.79308], [138.95911, 36.79231], [138.95949, 36.79156], [138.96006, 36.7903], [138.9601, 36.79021], [138.96082, 36.7885], [138.96124, 36.7874], [138.96137, 36.78697], [138.96159, 36.78634], [138.96181, 36.78567], [138.96234, 36.78384], [138.96271, 36.78232], [138.96285, 36.78159], [138.96297, 36.78101], [138.96314, 36.78011], [138.96324, 36.77943], [138.96335, 36.77842], [138.96343, 36.77785], [138.96346, 36.77757], [138.96355, 36.77635], [138.96362, 36.77528], [138.96369, 36.77434], [138.96376, 36.77347], [138.96383, 36.77257], [138.96391, 36.77142], [138.96396, 36.77083], [138.96399, 36.77026], [138.96409, 36.76921], [138.96419, 36.76781], [138.96432, 36.76649], [138.96446, 36.76431], [138.96453, 36.76346], [138.96459, 36.76255], [138.96471, 36.76106], [138.96485, 36.75987], [138.96502, 36.75843], [138.96522, 36.75704], [138.96527, 36.75655], [138.96534, 36.75619], [138.96548, 36.75528], [138.9656, 36.75448], [138.96576, 36.75368], [138.96578, 36.75359], [138.96585, 36.75309], [138.96589, 36.75285], [138.96594, 36.75251], [138.966, 36.75225], [138.96635, 36.75052], [138.96675, 36.74849], [138.96708, 36.74698], [138.9671, 36.74688], [138.96743, 36.7452], [138.96792, 36.74266], [138.96838, 36.74036], [138.96884, 36.73797], [138.96897, 36.73732], [138.96949, 36.73465], [138.9699, 36.73247], [138.97024, 36.7307], [138.97056, 36.72907], [138.97067, 36.72851], [138.97092, 36.72724], [138.97145, 36.72457], [138.97154, 36.72414], [138.97197, 36.72192], [138.97231, 36.72017], [138.97239, 36.71973], [138.97276, 36.71794], [138.97293, 36.71707], [138.97302, 36.71661], [138.97311, 36.71616], [138.97319, 36.71584], [138.97353, 36.71399], [138.97359, 36.71367], [138.97378, 36.71272], [138.974, 36.71153], [138.97406, 36.71126], [138.97424, 36.71036], [138.97432, 36.70986], [138.97457, 36.70854], [138.97469, 36.70793], [138.97493, 36.70673], [138.97502, 36.70625], [138.97507, 36.70603], [138.97547, 36.70399], [138.97578, 36.70236], [138.97584, 36.70207], [138.976, 36.70124], [138.97607, 36.70084], [138.97623, 36.69995], [138.97637, 36.69931], [138.97646, 36.69886], [138.97663, 36.69805], [138.97672, 36.69762], [138.97675, 36.69741], [138.97678, 36.69725], [138.97688, 36.69677], [138.977, 36.69616], [138.97724, 36.69495]]}, "properties": {"id": "GEOM_TOKYO_2317", "route_id": "R_D6BC8A01", "route_name": null, "route_color": "#E65045", "route_text_color": null, "line_name": "上越新幹線", "operator_id": "jr_east", "representation": "service_path", "min_zoom": 0, "max_zoom": 24, "offset_rank": 0}}, {"type": "Feature", "bbox": [138.78768, 36.93901, 138.92253, 37.16568], "geometry": {"type": "LineString", "coordinates": [[138.80646, 36.93901], [138.80587, 36.93969], [138.80557, 36.94001], [138.80546, 36.94015], [138.80472, 36.94101], [138.804, 36.94185], [138.80362, 36.94229], [138.80274, 36.9433], [138.80249, 36.94361], [138.8022, 36.94397], [138.80178, 36.94448], [138.80138, 36.94501], [138.80112, 36.94535], [138.80059, 36.94611], [138.80026, 36.9466], [138.79956, 36.94761], [138.79884, 36.94867], [138.79764, 36.95053], [138.79716, 36.95131], [138.79637, 36.95249], [138.79561, 36.95368], [138.79516, 36.95435], [138.7946, 36.95521], [138.79452, 36.95533], [138.79393, 36.95627], [138.79331, 36.95727], [138.79277, 36.95821], [138.79212, 36.95943], [138.79141, 36.96082], [138.79074, 36.96228], [138.79023, 36.96348], [138.79009, 36.96382], [138.78961, 36.96516], [138.78902, 36.96687], [138.78874, 36.96778], [138.78857, 36.96838], [138.78842, 36.96895], [138.78839, 36.96908], [138.78836, 36.9693], [138.78826, 36.96989], [138.78809, 36.97096], [138.788, 36.9716], [138.78788, 36.97237], [138.78779, 36.97317], [138.78772, 36.97383], [138.7877, 36.97422], [138.78768, 36.97477], [138.78768, 36.97525], [138.7877, 36.97582], [138.78774, 36.97658], [138.78779, 36.97731], [138.78785, 36.9778], [138.78788, 36.97806], [138.78794, 36.97842], [138.78807, 36.97922], [138.7882, 36.97984], [138.78836, 36.9805], [138.78851, 36.98111], [138.78866, 36.98169], [138.78888, 36.98244], [138.78928, 36.98356], [138.78946, 36.98401], [138.78982, 36.98485], [138.79006, 36.98539], [138.79025, 36.98578], [138.79044, 36.98613], [138.79068, 36.98665], [138.79071, 36.98674], [138.79142, 36.9881], [138.79173, 36.98866], [138.79239, 36.98979], [138.79304, 36.99083], [138.79358, 36.99161], [138.79385, 36.99201], [138.79417, 36.99253], [138.79464, 36.9932], [138.79493, 36.99367], [138.79502, 36.99377], [138.79564, 36.99472], [138.79599, 36.99532], [138.79659, 36.99618], [138.79733, 36.99733], [138.79812, 36.99849], [138.79942, 37.00049], [138.79998, 37.00133], [138.80083, 37.00262], [138.8011, 37.00306], [138.80136, 37.00346], [138.80166, 37.0039], [138.80204, 37.00448], [138.80213, 37.00462], [138.80335, 37.00649], [138.80362, 37.0069], [138.80417, 37.00772], [138.80466, 37.00847], [138.80495, 37.00891], [138.80522, 37.00931], [138.80546, 37.00968], [138.80548, 37.00971], [138.806, 37.0105], [138.8061, 37.01064], [138.80628, 37.01091], [138.80643, 37.01114], [138.80659, 37.01138], [138.80731, 37.01246], [138.80756, 37.01283], [138.80763, 37.01294], [138.80845, 37.01415], [138.809, 37.01499], [138.80959, 37.01585], [138.81011, 37.01661], [138.81092, 37.01785], [138.81177, 37.01911], [138.81287, 37.02075], [138.81325, 37.02134], [138.81359, 37.02186], [138.81435, 37.02298], [138.81458, 37.02331], [138.81545, 37.02461], [138.81567, 37.02494], [138.81677, 37.02657], [138.8172, 37.02721], [138.81728, 37.02738], [138.81797, 37.02837], [138.81823, 37.02879], [138.81839, 37.02904], [138.81879, 37.02967], [138.81963, 37.03088], [138.82145, 37.03364], [138.82192, 37.03433], [138.82233, 37.03493], [138.82279, 37.03563], [138.82323, 37.03629], [138.82359, 37.03683], [138.82391, 37.03731], [138.82443, 37.03807], [138.82487, 37.03875], [138.82548, 37.03966], [138.82605, 37.0405], [138.82621, 37.04074], [138.82687, 37.04173], [138.82788, 37.04323], [138.82796, 37.04334], [138.82827, 37.0438], [138.82879, 37.04458], [138.82963, 37.04585], [138.82992, 37.04628], [138.83007, 37.0465], [138.83057, 37.04724], [138.83076, 37.04752], [138.8315, 37.04864], [138.83193, 37.04925], [138.8326, 37.05023], [138.83313, 37.05103], [138.83363, 37.05176], [138.8339, 37.05216], [138.83434, 37.05282], [138.83474, 37.05343], [138.83556, 37.05465], [138.83611, 37.05545], [138.83636, 37.05584], [138.83688, 37.05662], [138.83739, 37.05738], [138.83765, 37.05777], [138.83782, 37.05801], [138.83874, 37.05938], [138.83879, 37.05946], [138.83897, 37.05974], [138.83985, 37.06104], [138.84034, 37.06177], [138.8409, 37.0626], [138.8412, 37.06304], [138.84198, 37.06421], [138.84255, 37.06504], [138.84312, 37.0659], [138.84391, 37.06707], [138.84411, 37.06737], [138.84491, 37.06854], [138.84512, 37.06886], [138.84604, 37.07021], [138.84664, 37.07111], [138.8468, 37.07136], [138.84715, 37.07188], [138.84739, 37.07224], [138.84784, 37.07292], [138.84801, 37.07319], [138.84839, 37.07377], [138.84872, 37.07424], [138.84929, 37.07509], [138.84939, 37.07523], [138.85002, 37.07617], [138.85049, 37.07687], [138.85101, 37.07765], [138.85157, 37.07849], [138.85202, 37.07915], [138.85264, 37.08006], [138.85362, 37.08151], [138.85396, 37.08204], [138.85462, 37.083], [138.85473, 37.08316], [138.85519, 37.08384], [138.85592, 37.0849], [138.85666, 37.086], [138.85692, 37.08639], [138.85804, 37.08801], [138.85866, 37.08887], [138.86014, 37.09086], [138.86169, 37.09281], [138.8628, 37.09402], [138.86325, 37.09451], [138.86422, 37.09553], [138.86567, 37.0969], [138.86778, 37.09891], [138.86998, 37.10088], [138.8718, 37.10252], [138.87205, 37.10276], [138.8728, 37.10347], [138.87457, 37.10502], [138.87504, 37.10545], [138.87661, 37.10687], [138.87846, 37.10852], [138.8795, 37.10943], [138.88019, 37.11003], [138.8819, 37.11162], [138.88372, 37.11323], [138.88553, 37.11484], [138.88693, 37.11611], [138.88737, 37.11651], [138.88922, 37.11816], [138.89104, 37.11978], [138.89285, 37.1214], [138.89439, 37.12279], [138.89461, 37.12299], [138.89637, 37.12462], [138.89835, 37.12633], [138.90005, 37.12786], [138.90136, 37.12904], [138.90184, 37.12946], [138.90258, 37.13011], [138.90406, 37.13143], [138.90481, 37.13209], [138.90517, 37.13243], [138.9068, 37.13388], [138.90823, 37.13511], [138.90853, 37.13537], [138.91023, 37.13693], [138.91053, 37.13721], [138.91227, 37.13881], [138.91396, 37.14052], [138.9152, 37.1419], [138.91531, 37.14203], [138.91536, 37.1421], [138.91588, 37.14269], [138.91654, 37.14358], [138.91764, 37.14514], [138.91782, 37.14546], [138.91876, 37.14708], [138.91952, 37.14872], [138.92007, 37.15009], [138.92008, 37.15013], [138.92027, 37.15068], [138.92063, 37.15187], [138.92078, 37.15241], [138.92108, 37.15364], [138.92137, 37.15496], [138.92141, 37.15517], [138.92148, 37.15554], [138.92157, 37.15635], [138.92164, 37.15707], [138.9218, 37.15845], [138.92187, 37.15901], [138.92193, 37.15992], [138.9221, 37.16132], [138.92212, 37.16174], [138.92227, 37.16305], [138.92235, 37.16399], [138.92251, 37.16553], [138.92253, 37.16568]]}, "properties": {"id": "GEOM_TOKYO_2318", "route_id": "R_D6BC8A01", "route_name": null, "route_color": "#E65045", "route_text_color": null, "line_name": "上越新幹線", "operator_id": "jr_east", "representation": "service_path", "min_zoom": 0, "max_zoom": 24, "offset_rank": 0}}, {"type": "Feature", "bbox": [138.80646, 36.93694, 138.80824, 36.93901], "geometry": {"type": "LineString", "coordinates": [[138.80824, 36.93694], [138.80744, 36.93787], [138.80646, 36.93901]]}, "properties": {"id": "GEOM_TOKYO_2319", "route_id": "R_D6BC8A01", "route_name": null, "route_color": "#E65045", "route_text_color": null, "line_name": "上越新幹線", "operator_id": "jr_east", "representation": "service_path", "min_zoom": 0, "max_zoom": 24, "offset_rank": 0}}, {"type": "Feature", "bbox": [138.80824, 36.93397, 138.81079, 36.93694], "geometry": {"type": "LineString", "coordinates": [[138.80824, 36.93694], [138.80879, 36.93625], [138.81079, 36.93397]]}, "properties": {"id": "GEOM_TOKYO_2320", "route_id": "R_D6BC8A01", "route_name": null, "route_color": "#E65045", "route_text_color": null, "line_name": "上越新幹線", "operator_id": "jr_east", "representation": "service_path", "min_zoom": 0, "max_zoom": 24, "offset_rank": 0}}, {"type": "Feature", "bbox": [139.01277, 36.32111, 139.0132, 36.3248], "geometry": {"type": "LineString", "coordinates": [[139.0132, 36.32111], [139.01317, 36.32134], [139.01315, 36.32162], [139.01283, 36.32435], [139.01277, 36.3248]]}, "properties": {"id": "GEOM_TOKYO_2321", "route_id": "R_D6BC8A01", "route_name": null, "route_color": "#E65045", "route_text_color": null, "line_name": "上越新幹線", "operator_id": "jr_east", "representation": "service_path", "min_zoom": 0, "max_zoom": 24, "offset_rank": 0}}, {"type": "Feature", "bbox": [138.99996, 36.3248, 139.01277, 36.3548], "geometry": {"type": "LineString", "coordinates": [[139.01277, 36.3248], [139.01273, 36.32525], [139.01271, 36.32542], [139.01249, 36.32713], [139.01226, 36.32899], [139.01213, 36.33015], [139.01191, 36.33197], [139.01178, 36.33304], [139.01162, 36.33422], [139.01159, 36.33439], [139.01151, 36.33484], [139.01148, 36.33517], [139.01141, 36.33568], [139.01133, 36.33609], [139.0113, 36.33627], [139.01126, 36.33648], [139.01111, 36.3371], [139.01095, 36.33766], [139.01065, 36.33869], [139.01042, 36.33936], [139.01028, 36.33979], [139.0099, 36.3408], [139.00971, 36.34125], [139.00926, 36.34216], [139.0089, 36.34283], [139.00849, 36.34354], [139.00787, 36.34449], [139.00757, 36.34493], [139.00741, 36.34516], [139.00636, 36.34652], [139.00603, 36.34695], [139.00552, 36.34763], [139.00545, 36.34771], [139.00431, 36.34921], [139.00374, 36.34994], [139.00343, 36.35035], [139.00202, 36.35219], [139.00092, 36.35361], [139.00046, 36.35418], [138.99996, 36.3548]]}, "properties": {"id": "GEOM_TOKYO_2322", "route_id": "R_D6BC8A01", "route_name": null, "route_color": "#E65045", "route_text_color": null, "line_name": "上越新幹線", "operator_id": "jr_east", "representation": "service_path", "min_zoom": 0, "max_zoom": 24, "offset_rank": 0}}, {"type": "Feature", "bbox": [138.96582, 36.3548, 138.99996, 36.6856], "geometry": {"type": "LineString", "coordinates": [[138.99996, 36.3548], [138.99878, 36.3564], [138.99827, 36.35718], [138.99794, 36.35774], [138.99785, 36.35787], [138.99757, 36.35832], [138.99728, 36.3588], [138.99681, 36.35957], [138.99667, 36.35976], [138.9966, 36.35989], [138.99648, 36.36008], [138.99637, 36.36031], [138.99626, 36.3605], [138.99617, 36.36069], [138.99604, 36.36093], [138.99587, 36.36129], [138.99573, 36.36159], [138.99564, 36.36178], [138.99558, 36.36192], [138.99541, 36.36229], [138.99533, 36.36247], [138.99527, 36.36265], [138.99518, 36.36286], [138.99513, 36.36298], [138.99499, 36.36332], [138.99483, 36.36375], [138.99475, 36.36397], [138.9946, 36.36439], [138.99451, 36.36465], [138.99435, 36.36509], [138.99423, 36.36547], [138.99408, 36.36597], [138.99398, 36.36631], [138.99388, 36.36667], [138.99373, 36.36727], [138.99364, 36.36769], [138.99355, 36.36812], [138.99347, 36.36853], [138.99339, 36.36895], [138.99325, 36.36974], [138.99312, 36.37047], [138.99304, 36.37097], [138.99295, 36.3716], [138.99294, 36.37167], [138.99289, 36.37197], [138.9928, 36.37255], [138.99276, 36.37282], [138.99269, 36.37333], [138.99262, 36.37369], [138.99256, 36.3741], [138.99249, 36.37456], [138.99242, 36.37507], [138.99233, 36.37558], [138.99227, 36.37598], [138.99217, 36.37668], [138.99206, 36.37745], [138.992, 36.37789], [138.9919, 36.37847], [138.99181, 36.37907], [138.99172, 36.37967], [138.99167, 36.38003], [138.99161, 36.38045], [138.99158, 36.38062], [138.99154, 36.38086], [138.99145, 36.38147], [138.99134, 36.38215], [138.99128, 36.38266], [138.99122, 36.3831], [138.99114, 36.38355], [138.99112, 36.38372], [138.99104, 36.38424], [138.991, 36.38452], [138.99094, 36.3849], [138.99089, 36.38519], [138.99083, 36.38558], [138.99079, 36.38585], [138.99074, 36.38622], [138.99067, 36.3866], [138.99064, 36.38679], [138.9906, 36.38711], [138.99049, 36.38778], [138.99043, 36.38816], [138.99033, 36.38894], [138.99019, 36.38977], [138.99013, 36.39015], [138.99003, 36.39088], [138.98997, 36.3913], [138.98979, 36.39247], [138.98975, 36.39274], [138.98972, 36.39294], [138.98968, 36.39322], [138.98948, 36.39457], [138.98942, 36.39494], [138.98937, 36.39522], [138.98931, 36.39556], [138.98924, 36.39606], [138.98917, 36.39658], [138.98905, 36.39734], [138.98895, 36.3978], [138.98889, 36.39834], [138.98884, 36.39872], [138.98871, 36.39963], [138.98864, 36.40005], [138.98857, 36.40051], [138.98825, 36.40261], [138.98797, 36.4044], [138.98774, 36.4059], [138.98762, 36.40676], [138.98756, 36.40712], [138.9875, 36.40757], [138.98749, 36.40767], [138.98745, 36.4079], [138.98733, 36.40859], [138.98709, 36.41025], [138.98701, 36.41077], [138.98694, 36.41122], [138.9869, 36.41152], [138.9868, 36.41211], [138.98673, 36.41252], [138.98652, 36.41392], [138.98645, 36.41438], [138.9864, 36.41474], [138.98632, 36.41522], [138.98611, 36.41656], [138.98611, 36.41661], [138.98608, 36.41679], [138.98602, 36.41726], [138.98593, 36.4178], [138.98585, 36.41827], [138.9858, 36.41858], [138.98568, 36.41932], [138.98564, 36.4198], [138.98547, 36.42092], [138.98535, 36.42181], [138.98508, 36.42359], [138.98493, 36.42435], [138.9848, 36.42528], [138.98476, 36.42556], [138.98468, 36.42609], [138.98467, 36.42613], [138.98462, 36.4265], [138.98443, 36.4279], [138.98431, 36.42864], [138.98417, 36.42963], [138.9841, 36.4301], [138.98381, 36.43184], [138.98354, 36.43369], [138.98343, 36.4344], [138.98314, 36.43636], [138.98295, 36.43758], [138.98279, 36.43858], [138.98275, 36.43887], [138.9826, 36.4398], [138.98235, 36.44147], [138.9822, 36.44243], [138.98195, 36.44429], [138.98189, 36.44464], [138.98151, 36.4473], [138.98148, 36.44753], [138.98133, 36.44847], [138.98107, 36.45004], [138.98098, 36.45066], [138.98066, 36.45269], [138.98054, 36.45349], [138.98027, 36.45534], [138.98015, 36.45628], [138.98011, 36.45647], [138.9799, 36.45775], [138.97984, 36.45828], [138.97952, 36.46028], [138.97942, 36.46106], [138.97912, 36.46292], [138.97899, 36.46382], [138.97879, 36.46518], [138.97867, 36.46597], [138.97856, 36.4667], [138.97847, 36.46733], [138.97815, 36.46946], [138.97812, 36.4697], [138.97772, 36.4722], [138.97765, 36.47265], [138.97732, 36.47485], [138.97729, 36.47506], [138.9771, 36.47628], [138.97704, 36.47667], [138.97697, 36.47718], [138.97681, 36.47821], [138.97674, 36.47869], [138.97646, 36.48038], [138.97635, 36.48116], [138.97619, 36.48228], [138.97605, 36.4832], [138.97593, 36.48386], [138.97575, 36.48521], [138.97574, 36.48523], [138.97568, 36.48556], [138.97563, 36.48587], [138.97545, 36.48713], [138.97526, 36.48834], [138.97508, 36.48959], [138.97502, 36.49003], [138.97485, 36.49104], [138.97465, 36.49247], [138.97439, 36.49414], [138.97439, 36.49418], [138.9742, 36.49538], [138.97402, 36.49657], [138.97379, 36.49817], [138.97359, 36.4995], [138.97334, 36.50093], [138.97314, 36.50224], [138.97302, 36.50312], [138.97292, 36.50362], [138.97279, 36.50453], [138.97271, 36.50507], [138.97258, 36.50588], [138.97248, 36.50655], [138.97239, 36.507], [138.97224, 36.50815], [138.97212, 36.50883], [138.97208, 36.50904], [138.97201, 36.50947], [138.97194, 36.51005], [138.97188, 36.51046], [138.97178, 36.51097], [138.97174, 36.51129], [138.9717, 36.5116], [138.97161, 36.51208], [138.97156, 36.51249], [138.9715, 36.51285], [138.97145, 36.5132], [138.97137, 36.51359], [138.9713, 36.51401], [138.97127, 36.51437], [138.97119, 36.51517], [138.97115, 36.51575], [138.9711, 36.51642], [138.97108, 36.51678], [138.97103, 36.51749], [138.97101, 36.51793], [138.97101, 36.51801], [138.97098, 36.51857], [138.97093, 36.51907], [138.97089, 36.51955], [138.97089, 36.52012], [138.97086, 36.52053], [138.9708, 36.52107], [138.97077, 36.52167], [138.97075, 36.52207], [138.97071, 36.5227], [138.97068, 36.52333], [138.97065, 36.52379], [138.97062, 36.52423], [138.9706, 36.52464], [138.97056, 36.52518], [138.97053, 36.52564], [138.97049, 36.52617], [138.97046, 36.52672], [138.97043, 36.52701], [138.9704, 36.52745], [138.97038, 36.52791], [138.97034, 36.52854], [138.97031, 36.52893], [138.97027, 36.52957], [138.97027, 36.52962], [138.97023, 36.53014], [138.97021, 36.5307], [138.97017, 36.53121], [138.97012, 36.53179], [138.97009, 36.53235], [138.97004, 36.53311], [138.97001, 36.53369], [138.96997, 36.53423], [138.96992, 36.53514], [138.96988, 36.53564], [138.96986, 36.53608], [138.9698, 36.53709], [138.96979, 36.53743], [138.96974, 36.53794], [138.96973, 36.53848], [138.96972, 36.53858], [138.9697, 36.53889], [138.96967, 36.53935], [138.96963, 36.5398], [138.96961, 36.54022], [138.96958, 36.54069], [138.96956, 36.54105], [138.96952, 36.54151], [138.96951, 36.54185], [138.96947, 36.54239], [138.96945, 36.5429], [138.96943, 36.54306], [138.96941, 36.54345], [138.9694, 36.54371], [138.96933, 36.54436], [138.9693, 36.54467], [138.9693, 36.54474], [138.9693, 36.54517], [138.96928, 36.54538], [138.96925, 36.54571], [138.96922, 36.54629], [138.96919, 36.54674], [138.96916, 36.54732], [138.96913, 36.54773], [138.96911, 36.54813], [138.96908, 36.54856], [138.96904, 36.5493], [138.969, 36.54963], [138.969, 36.54984], [138.96897, 36.55036], [138.96894, 36.55076], [138.96892, 36.55111], [138.96889, 36.55168], [138.96885, 36.55211], [138.96882, 36.55252], [138.9688, 36.55297], [138.96877, 36.55343], [138.96876, 36.55368], [138.96875, 36.55392], [138.96872, 36.55432], [138.96869, 36.55475], [138.96867, 36.55511], [138.96865, 36.55553], [138.96862, 36.55594], [138.96858, 36.55648], [138.96855, 36.55697], [138.96851, 36.5576], [138.96847, 36.55815], [138.96845, 36.55863], [138.9684, 36.55919], [138.96838, 36.55973], [138.96833, 36.5602], [138.9683, 36.56062], [138.96827, 36.56118], [138.96824, 36.5617], [138.96821, 36.56239], [138.96819, 36.56268], [138.96818, 36.56281], [138.96814, 36.56335], [138.96811, 36.56378], [138.96808, 36.56419], [138.96805, 36.56471], [138.96802, 36.56523], [138.96798, 36.56575], [138.96795, 36.56626], [138.96793, 36.56672], [138.96788, 36.56716], [138.96787, 36.56762], [138.96783, 36.568], [138.96781, 36.56846], [138.9678, 36.56881], [138.96776, 36.56927], [138.96773, 36.56968], [138.96771, 36.56998], [138.9677, 36.5703], [138.96767, 36.57063], [138.96765, 36.57096], [138.96764, 36.57124], [138.96761, 36.57157], [138.96761, 36.57168], [138.9676, 36.57189], [138.96756, 36.57232], [138.96754, 36.57271], [138.96754, 36.57304], [138.96749, 36.57352], [138.96747, 36.57381], [138.96745, 36.57434], [138.96743, 36.57471], [138.96743, 36.57495], [138.96742, 36.57546], [138.96742, 36.5759], [138.96742, 36.57634], [138.96742, 36.57688], [138.96744, 36.57752], [138.96743, 36.57792], [138.96746, 36.57834], [138.9675, 36.57873], [138.96751, 36.57905], [138.96754, 36.57952], [138.96757, 36.57986], [138.9676, 36.58024], [138.96761, 36.58053], [138.96764, 36.58069], [138.96768, 36.58092], [138.96775, 36.58152], [138.96783, 36.58224], [138.96789, 36.58265], [138.96797, 36.58314], [138.96803, 36.58354], [138.9681, 36.58401], [138.96817, 36.58442], [138.96823, 36.58482], [138.96827, 36.58513], [138.96833, 36.58556], [138.96838, 36.58594], [138.96843, 36.58627], [138.96846, 36.58645], [138.96849, 36.58682], [138.96851, 36.58737], [138.9685, 36.58778], [138.9684, 36.5891], [138.96828, 36.58969], [138.96801, 36.59058], [138.96753, 36.59182], [138.96701, 36.59331], [138.96671, 36.59439], [138.96664, 36.59462], [138.96629, 36.59596], [138.96614, 36.59707], [138.96598, 36.5986], [138.96592, 36.59956], [138.96589, 36.59999], [138.96586, 36.60046], [138.96585, 36.601], [138.96583, 36.60153], [138.96582, 36.60216], [138.96582, 36.60293], [138.96583, 36.60335], [138.96585, 36.60398], [138.96592, 36.60535], [138.96596, 36.60593], [138.96604, 36.6071], [138.96612, 36.60774], [138.96625, 36.60891], [138.96645, 36.61018], [138.96657, 36.61086], [138.96687, 36.61226], [138.96688, 36.61232], [138.96702, 36.61296], [138.96727, 36.61409], [138.96746, 36.61489], [138.96771, 36.61592], [138.9679, 36.61674], [138.96817, 36.61786], [138.96845, 36.61907], [138.96877, 36.62046], [138.96895, 36.62117], [138.96906, 36.62165], [138.96928, 36.62258], [138.96971, 36.6244], [138.97003, 36.62574], [138.97026, 36.62681], [138.97033, 36.62702], [138.97046, 36.62766], [138.97084, 36.62913], [138.97103, 36.63006], [138.97121, 36.63076], [138.97144, 36.63174], [138.97164, 36.6326], [138.97195, 36.63387], [138.97214, 36.63466], [138.97237, 36.6357], [138.97251, 36.63626], [138.97262, 36.63679], [138.97275, 36.6373], [138.9728, 36.63749], [138.97303, 36.63846], [138.97332, 36.63969], [138.97349, 36.64044], [138.97366, 36.64113], [138.97402, 36.64271], [138.97447, 36.64452], [138.97472, 36.64561], [138.97484, 36.64616], [138.97513, 36.64738], [138.97552, 36.64898], [138.97596, 36.65086], [138.97623, 36.65203], [138.97637, 36.65266], [138.97676, 36.65425], [138.97698, 36.65519], [138.97723, 36.65626], [138.97742, 36.65711], [138.97758, 36.65778], [138.97764, 36.65801], [138.97804, 36.65973], [138.97836, 36.66108], [138.97867, 36.66244], [138.97906, 36.66404], [138.97929, 36.66501], [138.97944, 36.66567], [138.97967, 36.66664], [138.97988, 36.66753], [138.97994, 36.66774], [138.98012, 36.66859], [138.98039, 36.66977], [138.9805, 36.67008], [138.98059, 36.6718], [138.98065, 36.67359], [138.98064, 36.67456], [138.98061, 36.67553], [138.98052, 36.67678], [138.98041, 36.67762], [138.98032, 36.67833], [138.98013, 36.67942], [138.97969, 36.6818], [138.97955, 36.68255], [138.97937, 36.68355], [138.97911, 36.68493], [138.97897, 36.6856]]}, "properties": {"id": "GEOM_TOKYO_2323", "route_id": "R_D6BC8A01", "route_name": null, "route_color": "#E65045", "route_text_color": null, "line_name": "上越新幹線", "operator_id": "jr_east", "representation": "service_path", "min_zoom": 0, "max_zoom": 24, "offset_rank": 0}}, {"type": "Feature", "bbox": [138.97794, 36.6856, 138.97897, 36.69118], "geometry": {"type": "LineString", "coordinates": [[138.97897, 36.6856], [138.97886, 36.68618], [138.97865, 36.68743], [138.97842, 36.68862], [138.97829, 36.68938], [138.978, 36.69094], [138.97794, 36.69118]]}, "properties": {"id": "GEOM_TOKYO_2324", "route_id": "R_D6BC8A01", "route_name": null, "route_color": "#E65045", "route_text_color": null, "line_name": "上越新幹線", "operator_id": "jr_east", "representation": "service_path", "min_zoom": 0, "max_zoom": 24, "offset_rank": 0}}, {"type": "Feature", "bbox": [139.0132, 36.21958, 139.1779, 36.32111], "geometry": {"type": "LineString", "coordinates": [[139.1779, 36.21958], [139.17716, 36.21994], [139.17598, 36.22052], [139.17524, 36.22087], [139.17437, 36.22129], [139.17378, 36.22158], [139.17361, 36.22167], [139.17298, 36.22196], [139.17163, 36.22263], [139.17079, 36.22305], [139.16976, 36.22355], [139.16865, 36.22408], [139.16773, 36.22454], [139.16678, 36.22499], [139.16622, 36.22525], [139.16531, 36.22568], [139.16464, 36.22601], [139.16426, 36.2262], [139.16416, 36.22625], [139.16316, 36.22675], [139.16217, 36.22722], [139.16157, 36.22752], [139.16098, 36.22781], [139.16063, 36.22797], [139.15987, 36.22835], [139.15852, 36.22901], [139.157, 36.22974], [139.1564, 36.23004], [139.15592, 36.23027], [139.15548, 36.23049], [139.15509, 36.23068], [139.15489, 36.23077], [139.15475, 36.23083], [139.15457, 36.23092], [139.15374, 36.23133], [139.15317, 36.23161], [139.15273, 36.23183], [139.15252, 36.23193], [139.15221, 36.23209], [139.1519, 36.23223], [139.15137, 36.23249], [139.15044, 36.23295], [139.14986, 36.23323], [139.14976, 36.23328], [139.14913, 36.23358], [139.14873, 36.23376], [139.14832, 36.23397], [139.14777, 36.23425], [139.14716, 36.23454], [139.14661, 36.23481], [139.14596, 36.23512], [139.14538, 36.23539], [139.14478, 36.2357], [139.14432, 36.23593], [139.14377, 36.23619], [139.14263, 36.23674], [139.14132, 36.23738], [139.14025, 36.2379], [139.13966, 36.23818], [139.13883, 36.23859], [139.13764, 36.23917], [139.13675, 36.23962], [139.13585, 36.2401], [139.13469, 36.24073], [139.13366, 36.24126], [139.13239, 36.24194], [139.13143, 36.24247], [139.13092, 36.24276], [139.13043, 36.24303], [139.12977, 36.2434], [139.12903, 36.24381], [139.12867, 36.24401], [139.12754, 36.24463], [139.12678, 36.24507], [139.12615, 36.24541], [139.12525, 36.24591], [139.12434, 36.24641], [139.1237, 36.24679], [139.12262, 36.24741], [139.12181, 36.24789], [139.12146, 36.24808], [139.1198, 36.24897], [139.11741, 36.2503], [139.11575, 36.25122], [139.1145, 36.25192], [139.1136, 36.25242], [139.11278, 36.25288], [139.1123, 36.25315], [139.11198, 36.25332], [139.11144, 36.25363], [139.11091, 36.25392], [139.11044, 36.25417], [139.11015, 36.25433], [139.10938, 36.25475], [139.10879, 36.25508], [139.10877, 36.25509], [139.10824, 36.25538], [139.10773, 36.25567], [139.10759, 36.25574], [139.107, 36.25607], [139.10643, 36.25639], [139.10605, 36.25661], [139.10575, 36.25677], [139.10529, 36.25703], [139.10486, 36.25727], [139.10454, 36.25745], [139.10398, 36.25776], [139.10357, 36.25798], [139.103, 36.25829], [139.10286, 36.25837], [139.10242, 36.25862], [139.10197, 36.25888], [139.10146, 36.25916], [139.10099, 36.25943], [139.10015, 36.25989], [139.09965, 36.26017], [139.09925, 36.26038], [139.0987, 36.26068], [139.09826, 36.26093], [139.09736, 36.26143], [139.09712, 36.26157], [139.09656, 36.26188], [139.09592, 36.26224], [139.09522, 36.26263], [139.09464, 36.26295], [139.09438, 36.2631], [139.0938, 36.26343], [139.09372, 36.26348], [139.09325, 36.26373], [139.09295, 36.26388], [139.09246, 36.26416], [139.09207, 36.26437], [139.09143, 36.26472], [139.09052, 36.26525], [139.09018, 36.26543], [139.08999, 36.26554], [139.08973, 36.26567], [139.08918, 36.26597], [139.08847, 36.26638], [139.08782, 36.26675], [139.0871, 36.26713], [139.08655, 36.26744], [139.0858, 36.26787], [139.0852, 36.26819], [139.08456, 36.26854], [139.08259, 36.26962], [139.08189, 36.27002], [139.0812, 36.27041], [139.07958, 36.2713], [139.07809, 36.27212], [139.07693, 36.27273], [139.07604, 36.27318], [139.07555, 36.27341], [139.07532, 36.27352], [139.07483, 36.27374], [139.07388, 36.27415], [139.07328, 36.2744], [139.07209, 36.2749], [139.07166, 36.27508], [139.07108, 36.27532], [139.07088, 36.2754], [139.07052, 36.27555], [139.06998, 36.27577], [139.06953, 36.27596], [139.06902, 36.27618], [139.0684, 36.27643], [139.06789, 36.27663], [139.06737, 36.27685], [139.06681, 36.27707], [139.06614, 36.27734], [139.06548, 36.2776], [139.06544, 36.27761], [139.06515, 36.27774], [139.06484, 36.27787], [139.06442, 36.27804], [139.06394, 36.27824], [139.06348, 36.27842], [139.06308, 36.27858], [139.06289, 36.27866], [139.06259, 36.27879], [139.06207, 36.279], [139.06172, 36.27914], [139.06141, 36.27926], [139.0611, 36.27939], [139.06076, 36.27953], [139.06009, 36.27981], [139.05951, 36.28005], [139.05899, 36.28026], [139.05848, 36.28047], [139.05811, 36.28063], [139.05555, 36.28168], [139.05315, 36.28266], [139.0508, 36.28361], [139.0486, 36.28452], [139.04836, 36.28463], [139.04552, 36.2858], [139.04158, 36.28742], [139.04093, 36.28769], [139.04054, 36.28785], [139.04001, 36.28807], [139.03933, 36.28836], [139.03876, 36.2886], [139.03873, 36.28861], [139.03823, 36.28882], [139.03782, 36.28899], [139.03744, 36.28914], [139.03703, 36.28931], [139.03686, 36.28938], [139.03653, 36.28952], [139.03631, 36.28961], [139.03595, 36.28975], [139.03551, 36.28994], [139.03518, 36.29007], [139.03461, 36.2903], [139.03423, 36.29047], [139.03398, 36.29057], [139.03342, 36.29082], [139.03292, 36.29106], [139.03257, 36.29122], [139.03211, 36.29144], [139.03186, 36.29156], [139.03154, 36.29173], [139.03116, 36.29192], [139.03089, 36.29207], [139.03054, 36.29225], [139.03028, 36.2924], [139.02983, 36.29265], [139.02948, 36.29285], [139.02912, 36.29308], [139.02908, 36.29311], [139.02889, 36.29322], [139.02861, 36.2934], [139.02821, 36.29365], [139.02788, 36.29387], [139.02761, 36.29406], [139.02731, 36.29426], [139.02702, 36.29446], [139.02664, 36.29473], [139.0263, 36.29499], [139.026, 36.29521], [139.02544, 36.29562], [139.02508, 36.29592], [139.02467, 36.29625], [139.0242, 36.29665], [139.02392, 36.29689], [139.02372, 36.29706], [139.02332, 36.29744], [139.02295, 36.29778], [139.02258, 36.29814], [139.02247, 36.29825], [139.02217, 36.29856], [139.02154, 36.29921], [139.02135, 36.29942], [139.02132, 36.29944], [139.0211, 36.29969], [139.02092, 36.29989], [139.02047, 36.30038], [139.0201, 36.30082], [139.01992, 36.30104], [139.01965, 36.30139], [139.01942, 36.30169], [139.01917, 36.30201], [139.01891, 36.30238], [139.01859, 36.30285], [139.01853, 36.30294], [139.01845, 36.30307], [139.01794, 36.30385], [139.01774, 36.30418], [139.01759, 36.30442], [139.01739, 36.30475], [139.01725, 36.30501], [139.01706, 36.30534], [139.01691, 36.30563], [139.01677, 36.3059], [139.01664, 36.30616], [139.01651, 36.30642], [139.01645, 36.30654], [139.01625, 36.30698], [139.01612, 36.3073], [139.01609, 36.30735], [139.01599, 36.30757], [139.01589, 36.30782], [139.01573, 36.30825], [139.01557, 36.30864], [139.01546, 36.30894], [139.01529, 36.30943], [139.01515, 36.30981], [139.015, 36.31027], [139.01494, 36.31049], [139.01478, 36.31101], [139.01465, 36.3115], [139.01459, 36.31175], [139.01451, 36.31206], [139.01443, 36.31242], [139.01436, 36.31273], [139.0143, 36.31311], [139.01425, 36.31339], [139.01419, 36.31374], [139.01414, 36.31406], [139.01408, 36.31451], [139.01404, 36.31485], [139.01401, 36.31519], [139.01399, 36.31546], [139.01396, 36.31567], [139.01392, 36.31598], [139.0139, 36.31616], [139.01389, 36.31629], [139.01386, 36.31649], [139.01384, 36.31673], [139.01379, 36.3172], [139.01373, 36.31773], [139.01371, 36.31791], [139.01367, 36.31834], [139.01362, 36.31874], [139.0136, 36.31894], [139.01358, 36.31907], [139.01356, 36.31931], [139.01353, 36.31947], [139.01348, 36.31971], [139.01342, 36.32002], [139.01333, 36.32043], [139.01328, 36.32067], [139.0132, 36.32111]]}, "properties": {"id": "GEOM_TOKYO_2325", "route_id": "R_D6BC8A01", "route_name": null, "route_color": "#E65045", "route_text_color": null, "line_name": "上越新幹線", "operator_id": "jr_east", "representation": "service_path", "min_zoom": 0, "max_zoom": 24, "offset_rank": 0}}, {"type": "Feature", "bbox": [139.1779, 36.21779, 139.18155, 36.21958], "geometry": {"type": "LineString", "coordinates": [[139.1779, 36.21958], [139.17834, 36.21937], [139.1789, 36.2191], [139.17944, 36.21883], [139.17998, 36.21856], [139.18071, 36.21821], [139.18119, 36.21797], [139.18155, 36.21779]]}, "properties": {"id": "GEOM_TOKYO_2326", "route_id": "R_D6BC8A01", "route_name": null, "route_color": "#E65045", "route_text_color": null, "line_name": "上越新幹線", "operator_id": "jr_east", "representation": "service_path", "min_zoom": 0, "max_zoom": 24, "offset_rank": 0}}, {"type": "Feature", "bbox": [139.18155, 36.14006, 139.38814, 36.21779], "geometry": {"type": "LineString", "coordinates": [[139.38814, 36.14006], [139.38689, 36.1405], [139.38651, 36.14064], [139.38406, 36.14155], [139.38155, 36.14247], [139.3799, 36.14308], [139.3795, 36.14324], [139.37919, 36.14335], [139.37853, 36.1436], [139.37647, 36.14441], [139.37535, 36.14485], [139.37179, 36.14627], [139.37147, 36.14639], [139.37026, 36.14682], [139.36898, 36.14729], [139.36843, 36.14749], [139.36759, 36.14779], [139.36662, 36.14813], [139.3658, 36.1484], [139.36369, 36.14911], [139.36226, 36.14956], [139.36058, 36.15007], [139.35807, 36.15068], [139.35794, 36.15072], [139.35655, 36.151], [139.3553, 36.15123], [139.35382, 36.15148], [139.35246, 36.15168], [139.35109, 36.15184], [139.34965, 36.15197], [139.34829, 36.15208], [139.34716, 36.15217], [139.34685, 36.1522], [139.34539, 36.1523], [139.34367, 36.15243], [139.34177, 36.15257], [139.33986, 36.1527], [139.33823, 36.15282], [139.33659, 36.15296], [139.33612, 36.153], [139.33464, 36.15312], [139.33328, 36.15322], [139.33212, 36.15332], [139.32992, 36.15346], [139.32871, 36.15354], [139.32716, 36.15364], [139.32578, 36.15374], [139.32508, 36.15378], [139.3238, 36.15387], [139.32154, 36.15406], [139.31918, 36.15428], [139.31735, 36.15452], [139.31521, 36.15482], [139.31412, 36.15503], [139.31303, 36.15524], [139.31168, 36.15555], [139.31058, 36.15581], [139.30875, 36.15634], [139.30784, 36.15666], [139.30664, 36.15709], [139.30553, 36.1575], [139.30382, 36.15823], [139.3038, 36.15824], [139.30248, 36.15883], [139.301, 36.15954], [139.29961, 36.16021], [139.29859, 36.16071], [139.29645, 36.16174], [139.29517, 36.16236], [139.29425, 36.16282], [139.29362, 36.16313], [139.29208, 36.16388], [139.28983, 36.165], [139.2895, 36.16516], [139.28822, 36.16581], [139.28665, 36.16659], [139.2846, 36.1676], [139.28338, 36.1682], [139.28146, 36.16915], [139.28002, 36.16983], [139.27979, 36.16993], [139.27798, 36.17079], [139.27787, 36.17085], [139.27649, 36.17152], [139.27446, 36.17247], [139.27241, 36.17346], [139.27019, 36.17454], [139.26889, 36.17517], [139.26845, 36.17539], [139.26651, 36.17633], [139.26536, 36.17688], [139.26277, 36.17815], [139.26159, 36.17873], [139.25894, 36.18002], [139.2588, 36.18009], [139.25644, 36.18125], [139.25492, 36.18199], [139.25277, 36.18304], [139.24969, 36.18456], [139.24945, 36.18468], [139.24679, 36.186], [139.24612, 36.18635], [139.2452, 36.18679], [139.24461, 36.18707], [139.24386, 36.18744], [139.24334, 36.1877], [139.24303, 36.18785], [139.24242, 36.18815], [139.242, 36.18835], [139.24171, 36.18849], [139.24109, 36.18879], [139.24002, 36.1893], [139.23933, 36.18964], [139.23874, 36.18992], [139.23811, 36.19023], [139.23749, 36.19054], [139.23634, 36.19109], [139.23549, 36.19151], [139.2351, 36.1917], [139.23457, 36.19196], [139.23383, 36.19232], [139.23272, 36.19286], [139.23159, 36.19341], [139.23021, 36.19408], [139.22876, 36.1948], [139.22792, 36.19521], [139.2271, 36.1956], [139.2254, 36.19644], [139.22438, 36.19692], [139.22432, 36.19695], [139.22356, 36.19732], [139.22173, 36.19821], [139.22052, 36.19879], [139.21921, 36.19945], [139.21762, 36.20022], [139.21606, 36.20098], [139.21481, 36.20158], [139.21439, 36.20178], [139.21318, 36.20239], [139.21201, 36.20295], [139.21138, 36.20326], [139.21078, 36.20356], [139.20972, 36.20407], [139.20888, 36.20447], [139.20812, 36.20484], [139.20739, 36.2052], [139.20664, 36.20557], [139.20609, 36.20584], [139.20558, 36.2061], [139.20531, 36.20623], [139.20485, 36.20645], [139.20409, 36.20683], [139.20335, 36.2072], [139.20247, 36.20763], [139.2017, 36.20799], [139.20095, 36.20835], [139.20014, 36.20875], [139.19975, 36.20894], [139.19884, 36.20938], [139.19828, 36.20966], [139.19773, 36.20993], [139.19697, 36.2103], [139.19595, 36.21079], [139.1958, 36.21086], [139.19498, 36.21127], [139.19432, 36.21158], [139.19428, 36.2116], [139.19379, 36.21184], [139.19311, 36.21217], [139.19214, 36.21264], [139.19115, 36.21312], [139.1903, 36.21353], [139.18951, 36.21393], [139.18832, 36.2145], [139.18705, 36.21513], [139.18639, 36.21545], [139.18545, 36.2159], [139.18495, 36.21614], [139.18481, 36.21622], [139.18455, 36.21635], [139.18399, 36.21661], [139.18335, 36.21693], [139.18266, 36.21725], [139.18172, 36.21771], [139.18155, 36.21779]]}, "properties": {"id": "GEOM_TOKYO_2327", "route_id": "R_D6BC8A01", "route_name": null, "route_color": "#E65045", "route_text_color": null, "line_name": "上越新幹線", "operator_id": "jr_east", "representation": "service_path", "min_zoom": 0, "max_zoom": 24, "offset_rank": 0}}, {"type": "Feature", "bbox": [138.18749, 36.64188, 138.19025, 36.64375], "geometry": {"type": "LineString", "coordinates": [[138.18749, 36.64188], [138.19025, 36.64375]]}, "properties": {"id": "GEOM_TOKYO_3529", "route_id": "R_F3B5B6DF", "route_name": null, "route_color": "#2C62C9", "route_text_color": null, "line_name": "北陸新幹線", "operator_id": "jr_east", "representation": "service_path", "min_zoom": 0, "max_zoom": 24, "offset_rank": 0}}, {"type": "Feature", "bbox": [139.01277, 36.32111, 139.0132, 36.3248], "geometry": {"type": "LineString", "coordinates": [[139.0132, 36.32111], [139.01317, 36.32134], [139.01315, 36.32162], [139.01283, 36.32435], [139.01277, 36.3248]]}, "properties": {"id": "GEOM_TOKYO_3530", "route_id": "R_F3B5B6DF", "route_name": null, "route_color": "#2C62C9", "route_text_color": null, "line_name": "北陸新幹線", "operator_id": "jr_east", "representation": "service_path", "min_zoom": 0, "max_zoom": 24, "offset_rank": 0}}, {"type": "Feature", "bbox": [138.99996, 36.3248, 139.01277, 36.3548], "geometry": {"type": "LineString", "coordinates": [[139.01277, 36.3248], [139.01273, 36.32525], [139.01271, 36.32542], [139.01249, 36.32713], [139.01226, 36.32899], [139.01213, 36.33015], [139.01191, 36.33197], [139.01178, 36.33304], [139.01162, 36.33422], [139.01159, 36.33439], [139.01151, 36.33484], [139.01148, 36.33517], [139.01141, 36.33568], [139.01133, 36.33609], [139.0113, 36.33627], [139.01126, 36.33648], [139.01111, 36.3371], [139.01095, 36.33766], [139.01065, 36.33869], [139.01042, 36.33936], [139.01028, 36.33979], [139.0099, 36.3408], [139.00971, 36.34125], [139.00926, 36.34216], [139.0089, 36.34283], [139.00849, 36.34354], [139.00787, 36.34449], [139.00757, 36.34493], [139.00741, 36.34516], [139.00636, 36.34652], [139.00603, 36.34695], [139.00552, 36.34763], [139.00545, 36.34771], [139.00431, 36.34921], [139.00374, 36.34994], [139.00343, 36.35035], [139.00202, 36.35219], [139.00092, 36.35361], [139.00046, 36.35418], [138.99996, 36.3548]]}, "properties": {"id": "GEOM_TOKYO_3531", "route_id": "R_F3B5B6DF", "route_name": null, "route_color": "#2C62C9", "route_text_color": null, "line_name": "北陸新幹線", "operator_id": "jr_east", "representation": "service_path", "min_zoom": 0, "max_zoom": 24, "offset_rank": 0}}, {"type": "Feature", "bbox": [138.85084, 36.3548, 138.99996, 36.37982], "geometry": {"type": "LineString", "coordinates": [[138.85084, 36.36261], [138.85233, 36.36275], [138.85285, 36.36282], [138.8532, 36.36286], [138.85382, 36.36295], [138.85434, 36.36302], [138.85501, 36.36312], [138.8554, 36.36318], [138.85581, 36.36325], [138.85635, 36.36334], [138.85697, 36.36343], [138.85764, 36.36354], [138.85796, 36.3636], [138.85866, 36.36371], [138.85914, 36.36379], [138.85951, 36.36385], [138.85991, 36.36391], [138.86037, 36.36398], [138.86087, 36.36406], [138.8616, 36.36418], [138.86176, 36.3642], [138.86207, 36.36425], [138.86288, 36.36438], [138.86319, 36.36443], [138.86357, 36.36449], [138.86386, 36.36454], [138.86426, 36.3646], [138.8647, 36.36467], [138.865, 36.36472], [138.86519, 36.36475], [138.86548, 36.3648], [138.86577, 36.36484], [138.86618, 36.36491], [138.86672, 36.36499], [138.86705, 36.36504], [138.86731, 36.36508], [138.86771, 36.36515], [138.86816, 36.36522], [138.8682, 36.36523], [138.8685, 36.36527], [138.86892, 36.36534], [138.86914, 36.36537], [138.86958, 36.36544], [138.87002, 36.36551], [138.87032, 36.36555], [138.87064, 36.36561], [138.87094, 36.36565], [138.87133, 36.36572], [138.87183, 36.36579], [138.87421, 36.36617], [138.87716, 36.36664], [138.87989, 36.36706], [138.88121, 36.36727], [138.8815, 36.36731], [138.88217, 36.36742], [138.88345, 36.36761], [138.88469, 36.3678], [138.88632, 36.36806], [138.88754, 36.36826], [138.88798, 36.36833], [138.88857, 36.36845], [138.88885, 36.36849], [138.88922, 36.36858], [138.89078, 36.3689], [138.89116, 36.36896], [138.89156, 36.36905], [138.89216, 36.36919], [138.89306, 36.36938], [138.8938, 36.36954], [138.89497, 36.36978], [138.89511, 36.36981], [138.89605, 36.37002], [138.89846, 36.37056], [138.90097, 36.3711], [138.90173, 36.37126], [138.90361, 36.37167], [138.90618, 36.3722], [138.90838, 36.37267], [138.91014, 36.37304], [138.91142, 36.37332], [138.91246, 36.37354], [138.91297, 36.37364], [138.91438, 36.37395], [138.91453, 36.37398], [138.91558, 36.3742], [138.916, 36.3743], [138.91687, 36.37448], [138.91755, 36.37464], [138.91825, 36.37479], [138.91842, 36.37482], [138.91861, 36.37487], [138.92033, 36.37523], [138.92199, 36.37559], [138.92337, 36.37588], [138.92512, 36.37626], [138.92589, 36.37642], [138.92656, 36.37657], [138.92729, 36.37673], [138.92768, 36.3768], [138.93002, 36.3773], [138.93114, 36.37752], [138.93135, 36.37757], [138.93267, 36.37786], [138.93313, 36.37796], [138.93473, 36.3783], [138.93616, 36.37858], [138.93774, 36.37889], [138.93855, 36.37904], [138.93939, 36.37917], [138.93992, 36.37925], [138.94064, 36.37934], [138.94074, 36.37936], [138.94137, 36.37943], [138.94196, 36.37951], [138.942, 36.37951], [138.943, 36.3796], [138.94356, 36.37964], [138.94421, 36.37968], [138.94522, 36.37974], [138.94605, 36.3798], [138.94675, 36.37982], [138.94693, 36.37982], [138.94778, 36.37982], [138.94881, 36.37981], [138.94959, 36.37978], [138.94967, 36.37978], [138.95027, 36.37976], [138.95075, 36.37974], [138.95098, 36.37973], [138.95192, 36.37966], [138.95259, 36.37961], [138.95323, 36.37954], [138.95364, 36.37949], [138.95502, 36.37933], [138.95549, 36.37926], [138.95557, 36.37925], [138.95578, 36.37921], [138.95653, 36.3791], [138.9575, 36.37894], [138.95844, 36.37877], [138.95918, 36.3786], [138.96033, 36.3783], [138.96162, 36.37797], [138.96271, 36.37768], [138.96387, 36.37732], [138.96517, 36.37689], [138.96599, 36.37659], [138.96604, 36.37657], [138.96704, 36.3762], [138.96714, 36.37616], [138.96812, 36.37576], [138.96907, 36.37535], [138.9701, 36.37489], [138.97157, 36.3742], [138.97347, 36.37316], [138.9739, 36.37292], [138.97515, 36.37222], [138.97625, 36.3716], [138.9767, 36.37135], [138.97713, 36.3711], [138.98059, 36.36913], [138.98265, 36.36794], [138.98423, 36.36704], [138.98748, 36.36519], [138.98922, 36.36417], [138.98977, 36.36382], [138.99007, 36.36364], [138.99042, 36.36341], [138.99149, 36.36268], [138.99289, 36.36167], [138.99302, 36.36157], [138.99441, 36.36047], [138.99594, 36.35916], [138.99681, 36.35837], [138.998, 36.35704], [138.99996, 36.3548]]}, "properties": {"id": "GEOM_TOKYO_3532", "route_id": "R_F3B5B6DF", "route_name": null, "route_color": "#2C62C9", "route_text_color": null, "line_name": "北陸新幹線", "operator_id": "jr_east", "representation": "service_path", "min_zoom": 0, "max_zoom": 24, "offset_rank": 0}}, {"type": "Feature", "bbox": [138.84756, 36.36247, 138.85084, 36.36261], "geometry": {"type": "LineString", "coordinates": [[138.85084, 36.36261], [138.8506, 36.36259], [138.85015, 36.36256], [138.8496, 36.36253], [138.84881, 36.3625], [138.84756, 36.36247]]}, "properties": {"id": "GEOM_TOKYO_3533", "route_id": "R_F3B5B6DF", "route_name": null, "route_color": "#2C62C9", "route_text_color": null, "line_name": "北陸新幹線", "operator_id": "jr_east", "representation": "service_path", "min_zoom": 0, "max_zoom": 24, "offset_rank": 0}}, {"type": "Feature", "bbox": [138.63319, 36.34255, 138.63677, 36.34264], "geometry": {"type": "LineString", "coordinates": [[138.63677, 36.34255], [138.63567, 36.34258], [138.63404, 36.34262], [138.63319, 36.34264]]}, "properties": {"id": "GEOM_TOKYO_3534", "route_id": "R_F3B5B6DF", "route_name": null, "route_color": "#2C62C9", "route_text_color": null, "line_name": "北陸新幹線", "operator_id": "jr_east", "representation": "service_path", "min_zoom": 0, "max_zoom": 24, "offset_rank": 0}}, {"type": "Feature", "bbox": [138.24913, 36.39518, 138.25133, 36.3971], "geometry": {"type": "LineString", "coordinates": [[138.25133, 36.39518], [138.25023, 36.39614], [138.24913, 36.3971]]}, "properties": {"id": "GEOM_TOKYO_3535", "route_id": "R_F3B5B6DF", "route_name": null, "route_color": "#2C62C9", "route_text_color": null, "line_name": "北陸新幹線", "operator_id": "jr_east", "representation": "service_path", "min_zoom": 0, "max_zoom": 24, "offset_rank": 0}}, {"type": "Feature", "bbox": [138.63677, 36.34245, 138.84756, 36.39825], "geometry": {"type": "LineString", "coordinates": [[138.84756, 36.36247], [138.84691, 36.36247], [138.84565, 36.36251], [138.84453, 36.3626], [138.84346, 36.36268], [138.84291, 36.36274], [138.84226, 36.36281], [138.84192, 36.36285], [138.84005, 36.36311], [138.83914, 36.36326], [138.83868, 36.36334], [138.83798, 36.36349], [138.83721, 36.36365], [138.83673, 36.36378], [138.83608, 36.36395], [138.8356, 36.36407], [138.8345, 36.36442], [138.83367, 36.36468], [138.83267, 36.36502], [138.83169, 36.36541], [138.83111, 36.36565], [138.83006, 36.36612], [138.82963, 36.36632], [138.82925, 36.3665], [138.82866, 36.36679], [138.82865, 36.3668], [138.82786, 36.36721], [138.82692, 36.36773], [138.82642, 36.36803], [138.82595, 36.36833], [138.82551, 36.3686], [138.82513, 36.36886], [138.82467, 36.36917], [138.82424, 36.36947], [138.82395, 36.36969], [138.82344, 36.37007], [138.82309, 36.37036], [138.82274, 36.37064], [138.82232, 36.371], [138.82184, 36.37141], [138.82116, 36.37202], [138.82051, 36.37264], [138.82039, 36.37275], [138.82015, 36.37299], [138.81943, 36.3737], [138.81837, 36.37478], [138.81799, 36.37515], [138.81733, 36.37582], [138.81684, 36.37632], [138.81645, 36.37673], [138.81519, 36.37799], [138.81484, 36.37835], [138.81415, 36.37904], [138.81343, 36.37977], [138.8133, 36.3799], [138.8125, 36.38067], [138.81158, 36.38151], [138.81078, 36.3822], [138.81008, 36.38279], [138.80942, 36.38334], [138.80885, 36.38379], [138.80882, 36.3838], [138.80838, 36.38413], [138.80779, 36.38456], [138.80707, 36.38506], [138.80654, 36.38541], [138.80596, 36.38578], [138.80591, 36.38582], [138.80548, 36.38608], [138.80505, 36.38635], [138.8045, 36.38668], [138.80374, 36.38711], [138.80239, 36.38783], [138.80205, 36.38802], [138.80137, 36.38835], [138.80093, 36.38856], [138.8, 36.38897], [138.799, 36.3894], [138.79798, 36.38982], [138.79739, 36.39005], [138.79641, 36.39042], [138.79637, 36.39043], [138.79525, 36.39082], [138.79439, 36.3911], [138.79358, 36.39134], [138.79289, 36.39154], [138.79225, 36.39171], [138.79086, 36.39206], [138.78981, 36.39229], [138.78879, 36.3925], [138.78769, 36.3927], [138.78707, 36.3928], [138.78649, 36.39289], [138.78582, 36.393], [138.78578, 36.393], [138.78428, 36.39318], [138.78327, 36.39329], [138.78208, 36.3934], [138.77911, 36.39365], [138.77782, 36.39377], [138.77623, 36.39389], [138.7752, 36.39398], [138.77481, 36.39401], [138.77406, 36.39407], [138.77291, 36.39416], [138.77232, 36.39421], [138.77132, 36.39431], [138.77071, 36.39435], [138.76928, 36.39448], [138.76719, 36.39467], [138.76586, 36.39479], [138.76313, 36.39503], [138.76194, 36.39514], [138.76016, 36.3953], [138.75898, 36.3954], [138.75699, 36.39558], [138.75625, 36.39565], [138.75618, 36.39566], [138.75522, 36.39574], [138.75466, 36.39579], [138.75369, 36.39588], [138.75149, 36.39607], [138.74972, 36.39623], [138.74923, 36.39627], [138.74871, 36.39631], [138.74816, 36.39636], [138.74684, 36.39647], [138.74533, 36.3966], [138.74293, 36.3968], [138.74146, 36.39693], [138.73976, 36.39708], [138.73697, 36.39733], [138.73472, 36.39755], [138.7324, 36.39775], [138.73044, 36.39792], [138.73036, 36.39793], [138.72858, 36.39806], [138.72803, 36.3981], [138.72634, 36.3982], [138.72521, 36.39825], [138.72463, 36.39824], [138.72295, 36.39823], [138.72132, 36.39819], [138.7202, 36.39814], [138.71938, 36.39806], [138.7191, 36.39804], [138.71791, 36.39791], [138.7169, 36.39779], [138.71582, 36.39764], [138.71471, 36.39746], [138.71357, 36.39726], [138.71267, 36.39707], [138.71216, 36.39695], [138.71151, 36.39679], [138.71057, 36.39657], [138.71, 36.39643], [138.70861, 36.39603], [138.70847, 36.39599], [138.70746, 36.39566], [138.70594, 36.39512], [138.70444, 36.39457], [138.70244, 36.39371], [138.70144, 36.39328], [138.70013, 36.39272], [138.69922, 36.39233], [138.69865, 36.39209], [138.69845, 36.392], [138.69767, 36.39167], [138.69719, 36.39145], [138.69604, 36.39097], [138.69475, 36.39042], [138.69368, 36.38996], [138.69267, 36.38954], [138.69188, 36.38921], [138.69077, 36.38875], [138.68961, 36.38828], [138.68881, 36.38794], [138.68742, 36.38738], [138.68669, 36.38707], [138.68574, 36.38669], [138.68464, 36.38625], [138.68389, 36.38594], [138.68315, 36.38561], [138.68212, 36.38516], [138.6816, 36.38492], [138.68101, 36.38464], [138.6804, 36.38435], [138.67966, 36.38397], [138.67892, 36.38356], [138.67874, 36.38346], [138.67828, 36.38319], [138.67781, 36.38289], [138.67708, 36.38243], [138.67652, 36.38205], [138.67609, 36.38176], [138.67566, 36.38145], [138.67513, 36.38107], [138.67433, 36.38044], [138.67373, 36.37994], [138.67325, 36.37952], [138.67288, 36.37919], [138.67251, 36.37884], [138.67216, 36.3785], [138.67181, 36.37814], [138.67146, 36.37776], [138.67103, 36.37728], [138.67051, 36.3767], [138.6702, 36.37633], [138.66989, 36.37595], [138.66959, 36.37557], [138.66907, 36.37479], [138.66854, 36.374], [138.66801, 36.37317], [138.66753, 36.37242], [138.66694, 36.37149], [138.66628, 36.37043], [138.66604, 36.37005], [138.66565, 36.36942], [138.66555, 36.36926], [138.66478, 36.36803], [138.66408, 36.3669], [138.66327, 36.36561], [138.6625, 36.36439], [138.66144, 36.36266], [138.66067, 36.36136], [138.66047, 36.36102], [138.65975, 36.35984], [138.65901, 36.35864], [138.65826, 36.35744], [138.6577, 36.35653], [138.65704, 36.35545], [138.65644, 36.3545], [138.65597, 36.35373], [138.6557, 36.3533], [138.65556, 36.35307], [138.65508, 36.35227], [138.65457, 36.35144], [138.65382, 36.35022], [138.65332, 36.3494], [138.65308, 36.349], [138.65283, 36.3486], [138.65227, 36.3478], [138.65161, 36.34697], [138.65113, 36.34642], [138.65053, 36.34586], [138.65016, 36.34554], [138.64987, 36.3453], [138.64942, 36.34495], [138.64892, 36.3446], [138.64871, 36.34443], [138.64821, 36.34412], [138.64802, 36.34401], [138.6479, 36.34395], [138.64773, 36.34386], [138.64757, 36.34377], [138.64756, 36.34377], [138.64736, 36.34368], [138.64697, 36.34351], [138.64657, 36.34336], [138.6458, 36.34311], [138.64551, 36.34302], [138.64509, 36.3429], [138.64474, 36.3428], [138.6443, 36.3427], [138.64378, 36.34259], [138.64337, 36.34253], [138.64313, 36.3425], [138.64244, 36.34246], [138.64122, 36.34245], [138.64023, 36.34249], [138.63784, 36.34254], [138.6371, 36.34255], [138.63677, 36.34255]]}, "properties": {"id": "GEOM_TOKYO_3536", "route_id": "R_F3B5B6DF", "route_name": null, "route_color": "#2C62C9", "route_text_color": null, "line_name": "北陸新幹線", "operator_id": "jr_east", "representation": "service_path", "min_zoom": 0, "max_zoom": 24, "offset_rank": 0}}, {"type": "Feature", "bbox": [138.13063, 36.3971, 138.24913, 36.64188], "geometry": {"type": "LineString", "coordinates": [[138.24913, 36.3971], [138.24905, 36.39718], [138.2487, 36.3975], [138.24818, 36.398], [138.24762, 36.39856], [138.24688, 36.39928], [138.24636, 36.39973], [138.24596, 36.40004], [138.24549, 36.40038], [138.2452, 36.40059], [138.2449, 36.40078], [138.24458, 36.40098], [138.24407, 36.40129], [138.24288, 36.40192], [138.24232, 36.40221], [138.24154, 36.4026], [138.24095, 36.40288], [138.24032, 36.40318], [138.23936, 36.40363], [138.23853, 36.40402], [138.23781, 36.40439], [138.23771, 36.40444], [138.236, 36.4053], [138.23471, 36.40599], [138.23285, 36.407], [138.23117, 36.40798], [138.22991, 36.40878], [138.22877, 36.4095], [138.22872, 36.40953], [138.22775, 36.41026], [138.2262, 36.4115], [138.2248, 36.41271], [138.2227, 36.4146], [138.22188, 36.41548], [138.22127, 36.41619], [138.22096, 36.41655], [138.22048, 36.41718], [138.21921, 36.419], [138.21912, 36.41913], [138.21898, 36.41943], [138.21881, 36.41978], [138.21802, 36.42113], [138.21774, 36.42156], [138.21717, 36.42257], [138.21677, 36.42337], [138.21623, 36.42447], [138.21547, 36.42623], [138.21464, 36.42813], [138.2145, 36.42845], [138.21383, 36.42998], [138.21309, 36.43177], [138.21274, 36.43273], [138.21257, 36.4332], [138.21233, 36.43401], [138.21209, 36.43481], [138.2119, 36.43561], [138.21173, 36.43631], [138.21159, 36.4371], [138.21158, 36.43712], [138.21142, 36.438], [138.21107, 36.44008], [138.21077, 36.44168], [138.21055, 36.44299], [138.21038, 36.44394], [138.21014, 36.44559], [138.21006, 36.44605], [138.20975, 36.44785], [138.20944, 36.44994], [138.20913, 36.45167], [138.20881, 36.45318], [138.20832, 36.45495], [138.20831, 36.455], [138.208, 36.45593], [138.20726, 36.45787], [138.20647, 36.45964], [138.20601, 36.46051], [138.20579, 36.46091], [138.20484, 36.46257], [138.20435, 36.4633], [138.20433, 36.46334], [138.20346, 36.46461], [138.20297, 36.46528], [138.20167, 36.46688], [138.20037, 36.46831], [138.19906, 36.46968], [138.19867, 36.47003], [138.19795, 36.47068], [138.197, 36.47152], [138.19507, 36.47321], [138.19411, 36.47407], [138.19283, 36.47523], [138.19212, 36.47585], [138.19132, 36.47656], [138.19044, 36.47731], [138.18943, 36.47819], [138.1872, 36.48011], [138.18354, 36.48328], [138.18285, 36.48388], [138.18275, 36.48396], [138.18129, 36.48522], [138.17934, 36.48692], [138.17802, 36.48806], [138.17635, 36.48951], [138.17356, 36.49193], [138.17199, 36.4933], [138.17177, 36.4935], [138.17042, 36.49468], [138.16942, 36.49556], [138.16789, 36.49686], [138.16706, 36.4976], [138.16631, 36.49824], [138.16549, 36.49897], [138.1646, 36.49975], [138.16381, 36.50042], [138.16366, 36.50055], [138.16243, 36.50164], [138.16084, 36.5031], [138.16048, 36.50338], [138.16012, 36.5037], [138.15924, 36.50451], [138.15916, 36.50459], [138.15833, 36.50533], [138.1577, 36.5059], [138.15648, 36.507], [138.15576, 36.50763], [138.15501, 36.50828], [138.15399, 36.50916], [138.15311, 36.50993], [138.15224, 36.51071], [138.15173, 36.51114], [138.15162, 36.51123], [138.15109, 36.51169], [138.15043, 36.51227], [138.14961, 36.51299], [138.14873, 36.51374], [138.14781, 36.51454], [138.14691, 36.51535], [138.14595, 36.51619], [138.14504, 36.51698], [138.14476, 36.51724], [138.14419, 36.51775], [138.14388, 36.51802], [138.14292, 36.51884], [138.14232, 36.51935], [138.14157, 36.52003], [138.14073, 36.52087], [138.14002, 36.52159], [138.13947, 36.52219], [138.13881, 36.52291], [138.13823, 36.52358], [138.13775, 36.52415], [138.13733, 36.5247], [138.13727, 36.52477], [138.13704, 36.52508], [138.13643, 36.52592], [138.1358, 36.52686], [138.1355, 36.52729], [138.135, 36.52806], [138.13448, 36.52896], [138.13404, 36.52976], [138.13371, 36.53041], [138.13349, 36.53086], [138.13316, 36.53155], [138.1328, 36.53244], [138.13262, 36.53292], [138.13248, 36.53332], [138.13194, 36.53489], [138.13181, 36.53529], [138.13155, 36.53617], [138.13123, 36.53731], [138.1311, 36.53779], [138.13098, 36.53839], [138.13087, 36.53904], [138.13085, 36.53916], [138.13081, 36.53946], [138.13078, 36.53976], [138.1307, 36.54073], [138.13065, 36.54177], [138.13063, 36.54219], [138.13064, 36.54404], [138.13064, 36.54488], [138.13063, 36.54626], [138.13064, 36.54682], [138.13065, 36.54817], [138.13065, 36.54849], [138.13066, 36.54877], [138.13068, 36.5499], [138.13071, 36.55052], [138.13074, 36.55143], [138.13077, 36.55269], [138.1308, 36.55351], [138.13085, 36.55458], [138.13088, 36.55537], [138.13098, 36.55649], [138.1311, 36.55717], [138.13111, 36.55728], [138.13138, 36.55867], [138.13156, 36.55942], [138.13179, 36.56036], [138.1319, 36.56074], [138.1319, 36.56076], [138.13203, 36.56121], [138.13229, 36.56187], [138.13273, 36.56285], [138.13291, 36.56328], [138.13326, 36.564], [138.13357, 36.56468], [138.13372, 36.56507], [138.13402, 36.56582], [138.13459, 36.56729], [138.13487, 36.56799], [138.13538, 36.56931], [138.13545, 36.56946], [138.13572, 36.57015], [138.13625, 36.57142], [138.13651, 36.57213], [138.13702, 36.57343], [138.13713, 36.57373], [138.13749, 36.57468], [138.13788, 36.57571], [138.13821, 36.5766], [138.13824, 36.57669], [138.13853, 36.57745], [138.13879, 36.57815], [138.13928, 36.57944], [138.13957, 36.58019], [138.14001, 36.5814], [138.14027, 36.58206], [138.14081, 36.5834], [138.14115, 36.58418], [138.14158, 36.58519], [138.14207, 36.58643], [138.14261, 36.58778], [138.14305, 36.58887], [138.14381, 36.59076], [138.14464, 36.59285], [138.14537, 36.59468], [138.14601, 36.59636], [138.14606, 36.5965], [138.147, 36.59894], [138.14781, 36.60109], [138.14834, 36.60244], [138.14865, 36.60335], [138.14882, 36.6038], [138.14897, 36.60447], [138.14909, 36.60502], [138.14949, 36.60685], [138.15, 36.60912], [138.15052, 36.61161], [138.15101, 36.6139], [138.15102, 36.61393], [138.15141, 36.61571], [138.15195, 36.6179], [138.1524, 36.61964], [138.15266, 36.62049], [138.15296, 36.62134], [138.15319, 36.62191], [138.1535, 36.62267], [138.15354, 36.62277], [138.15365, 36.62304], [138.15388, 36.62348], [138.15417, 36.62394], [138.15457, 36.62453], [138.15512, 36.62525], [138.15555, 36.6257], [138.15597, 36.62614], [138.15655, 36.6267], [138.15721, 36.62729], [138.15788, 36.6278], [138.15831, 36.62807], [138.15881, 36.62834], [138.15958, 36.62877], [138.16046, 36.62922], [138.16064, 36.62931], [138.16325, 36.63073], [138.16642, 36.6325], [138.16758, 36.63315], [138.16834, 36.63356], [138.1689, 36.63391], [138.16977, 36.63442], [138.17177, 36.63559], [138.17314, 36.63639], [138.17422, 36.63691], [138.17484, 36.63717], [138.17565, 36.63747], [138.17612, 36.6376], [138.17713, 36.63786], [138.17942, 36.63824], [138.17961, 36.63829], [138.18028, 36.63844], [138.18103, 36.63864], [138.18146, 36.63878], [138.18228, 36.6391], [138.18279, 36.63933], [138.18341, 36.63965], [138.18431, 36.6401], [138.18576, 36.6409], [138.18651, 36.64134], [138.18749, 36.64188]]}, "properties": {"id": "GEOM_TOKYO_3537", "route_id": "R_F3B5B6DF", "route_name": null, "route_color": "#2C62C9", "route_text_color": null, "line_name": "北陸新幹線", "operator_id": "jr_east", "representation": "service_path", "min_zoom": 0, "max_zoom": 24, "offset_rank": 0}}, {"type": "Feature", "bbox": [138.46347, 36.27763, 138.46582, 36.27867], "geometry": {"type": "LineString", "coordinates": [[138.46582, 36.27867], [138.46499, 36.2783], [138.46347, 36.27763]]}, "properties": {"id": "GEOM_TOKYO_3538", "route_id": "R_F3B5B6DF", "route_name": null, "route_color": "#2C62C9", "route_text_color": null, "line_name": "北陸新幹線", "operator_id": "jr_east", "representation": "service_path", "min_zoom": 0, "max_zoom": 24, "offset_rank": 0}}, {"type": "Feature", "bbox": [138.25133, 36.27169, 138.46347, 36.39518], "geometry": {"type": "LineString", "coordinates": [[138.46347, 36.27763], [138.46265, 36.27725], [138.46253, 36.2772], [138.46188, 36.27691], [138.46153, 36.27675], [138.46025, 36.2762], [138.45872, 36.27553], [138.45859, 36.27548], [138.45681, 36.27476], [138.45554, 36.27428], [138.45421, 36.27383], [138.45308, 36.27349], [138.45148, 36.27308], [138.45032, 36.2728], [138.44882, 36.2725], [138.44821, 36.2724], [138.44697, 36.27219], [138.44589, 36.27204], [138.44444, 36.27187], [138.44359, 36.2718], [138.44285, 36.27174], [138.44222, 36.27171], [138.44165, 36.2717], [138.4406, 36.27169], [138.43888, 36.27172], [138.4372, 36.27178], [138.43718, 36.27178], [138.43632, 36.27181], [138.43617, 36.27183], [138.43558, 36.27188], [138.43488, 36.27196], [138.43384, 36.27208], [138.43371, 36.2721], [138.43314, 36.27218], [138.43301, 36.2722], [138.43224, 36.27233], [138.43086, 36.27259], [138.43031, 36.27271], [138.43013, 36.27275], [138.42969, 36.27285], [138.42774, 36.27335], [138.4267, 36.27364], [138.42503, 36.27416], [138.42418, 36.27445], [138.4233, 36.27478], [138.42254, 36.27509], [138.42126, 36.27565], [138.41996, 36.27626], [138.41941, 36.27652], [138.41885, 36.27682], [138.41779, 36.27738], [138.41686, 36.27791], [138.41673, 36.27799], [138.41524, 36.27887], [138.4131, 36.28015], [138.4113, 36.28125], [138.40953, 36.28234], [138.40798, 36.2833], [138.40747, 36.28361], [138.40638, 36.28428], [138.40593, 36.28454], [138.40415, 36.28564], [138.40355, 36.28601], [138.40234, 36.28674], [138.40055, 36.28783], [138.39922, 36.28866], [138.3969, 36.29006], [138.39511, 36.29116], [138.39469, 36.29142], [138.3933, 36.29227], [138.39152, 36.29335], [138.38583, 36.29684], [138.38568, 36.29693], [138.38515, 36.29725], [138.38392, 36.29801], [138.38212, 36.2991], [138.38122, 36.29965], [138.38074, 36.29994], [138.38032, 36.3002], [138.37897, 36.30102], [138.3775, 36.30192], [138.37676, 36.30237], [138.3754, 36.3032], [138.37361, 36.3043], [138.37187, 36.30535], [138.37154, 36.30555], [138.37107, 36.30581], [138.37074, 36.306], [138.37019, 36.30631], [138.36921, 36.30688], [138.36792, 36.30766], [138.36699, 36.30823], [138.36607, 36.30878], [138.36481, 36.30955], [138.36395, 36.31008], [138.36304, 36.31062], [138.36183, 36.31136], [138.36173, 36.31142], [138.36084, 36.31198], [138.35994, 36.31252], [138.35906, 36.31305], [138.35817, 36.3136], [138.35729, 36.31413], [138.3564, 36.31469], [138.35551, 36.31522], [138.35417, 36.31604], [138.35297, 36.31677], [138.35238, 36.31713], [138.35107, 36.31792], [138.35019, 36.31845], [138.34886, 36.31925], [138.3471, 36.32029], [138.34524, 36.32137], [138.344, 36.32207], [138.34161, 36.32339], [138.34031, 36.32412], [138.33891, 36.32491], [138.33845, 36.32516], [138.33661, 36.32619], [138.33526, 36.32694], [138.33433, 36.32746], [138.33389, 36.3277], [138.33341, 36.32798], [138.3325, 36.32848], [138.33248, 36.32849], [138.33169, 36.32893], [138.32976, 36.33], [138.32839, 36.33078], [138.32755, 36.33125], [138.32607, 36.33207], [138.32379, 36.33334], [138.32334, 36.33359], [138.3224, 36.33411], [138.32102, 36.33487], [138.32054, 36.33513], [138.3192, 36.33587], [138.31909, 36.33593], [138.31848, 36.33626], [138.31811, 36.33646], [138.31715, 36.33698], [138.31642, 36.33739], [138.31588, 36.33769], [138.31486, 36.33827], [138.31348, 36.33903], [138.31293, 36.33934], [138.31114, 36.34032], [138.30977, 36.34109], [138.30886, 36.34159], [138.30749, 36.34236], [138.30727, 36.34248], [138.30606, 36.34315], [138.30474, 36.34389], [138.30347, 36.34458], [138.30247, 36.34515], [138.302, 36.3454], [138.30044, 36.34628], [138.29917, 36.34699], [138.29813, 36.34758], [138.29776, 36.34778], [138.29677, 36.34833], [138.29592, 36.3488], [138.29497, 36.34931], [138.29258, 36.3506], [138.29021, 36.35193], [138.28913, 36.35253], [138.28897, 36.35265], [138.2889, 36.35269], [138.28832, 36.35305], [138.28699, 36.35387], [138.28586, 36.35458], [138.28442, 36.35549], [138.28326, 36.35623], [138.28288, 36.35649], [138.28281, 36.35654], [138.28172, 36.35724], [138.28077, 36.35793], [138.28022, 36.35838], [138.27947, 36.35903], [138.27842, 36.36005], [138.27774, 36.36074], [138.27707, 36.36145], [138.27676, 36.36181], [138.27613, 36.36253], [138.27553, 36.36326], [138.27495, 36.36401], [138.27468, 36.36439], [138.27413, 36.36516], [138.27384, 36.36563], [138.27336, 36.36645], [138.27126, 36.3702], [138.27082, 36.37105], [138.27066, 36.37136], [138.27018, 36.37232], [138.26979, 36.37318], [138.26944, 36.374], [138.26939, 36.37414], [138.26927, 36.37439], [138.26915, 36.37467], [138.26891, 36.3752], [138.26889, 36.37524], [138.26853, 36.37605], [138.26819, 36.37676], [138.26787, 36.37743], [138.26767, 36.37783], [138.26738, 36.37838], [138.26712, 36.37886], [138.26688, 36.37929], [138.26662, 36.37974], [138.26642, 36.38009], [138.26629, 36.38034], [138.26618, 36.38053], [138.26601, 36.38079], [138.26574, 36.38121], [138.26548, 36.38159], [138.26531, 36.38184], [138.26494, 36.38231], [138.2646, 36.3827], [138.26426, 36.3831], [138.26393, 36.38346], [138.26345, 36.38397], [138.26322, 36.38422], [138.2628, 36.38461], [138.2624, 36.38502], [138.26201, 36.38541], [138.26163, 36.38575], [138.26085, 36.38649], [138.26017, 36.38711], [138.25963, 36.38763], [138.25918, 36.38808], [138.25907, 36.38819], [138.25902, 36.38824], [138.25863, 36.38863], [138.25804, 36.38921], [138.25744, 36.38978], [138.25708, 36.39012], [138.25672, 36.39047], [138.25594, 36.39119], [138.25525, 36.39183], [138.25463, 36.39235], [138.25423, 36.39269], [138.2532, 36.39357], [138.25244, 36.39424], [138.25162, 36.39494], [138.25133, 36.39518]]}, "properties": {"id": "GEOM_TOKYO_3539", "route_id": "R_F3B5B6DF", "route_name": null, "route_color": "#2C62C9", "route_text_color": null, "line_name": "北陸新幹線", "operator_id": "jr_east", "representation": "service_path", "min_zoom": 0, "max_zoom": 24, "offset_rank": 0}}, {"type": "Feature", "bbox": [138.46582, 36.27867, 138.63319, 36.34327], "geometry": {"type": "LineString", "coordinates": [[138.46582, 36.27867], [138.46589, 36.2787], [138.46596, 36.27873], [138.46664, 36.27903], [138.46812, 36.27969], [138.46914, 36.28012], [138.47163, 36.2812], [138.47302, 36.28185], [138.47398, 36.28229], [138.47537, 36.28291], [138.47634, 36.28335], [138.47705, 36.28371], [138.47778, 36.28411], [138.47811, 36.28429], [138.47877, 36.28466], [138.47971, 36.2852], [138.48078, 36.28585], [138.48214, 36.28667], [138.48268, 36.28701], [138.48328, 36.28743], [138.48421, 36.28808], [138.48496, 36.28859], [138.48622, 36.28943], [138.48653, 36.28963], [138.48748, 36.29027], [138.48833, 36.29084], [138.48959, 36.29168], [138.49085, 36.29254], [138.4921, 36.2934], [138.49272, 36.29381], [138.49403, 36.29468], [138.49521, 36.29546], [138.49576, 36.29583], [138.49686, 36.29656], [138.49731, 36.29686], [138.49816, 36.29741], [138.50017, 36.29874], [138.50149, 36.29961], [138.50262, 36.30035], [138.50414, 36.30133], [138.5043, 36.30143], [138.50516, 36.30198], [138.50563, 36.30227], [138.50701, 36.3031], [138.50731, 36.30328], [138.50805, 36.30373], [138.50813, 36.30377], [138.50954, 36.30452], [138.51055, 36.30502], [138.51146, 36.30548], [138.51267, 36.30606], [138.51308, 36.30626], [138.51387, 36.3066], [138.51443, 36.30683], [138.51528, 36.30718], [138.516, 36.30745], [138.51771, 36.30808], [138.52041, 36.30908], [138.52109, 36.30934], [138.52141, 36.30946], [138.52302, 36.31006], [138.52689, 36.3115], [138.5274, 36.31171], [138.52774, 36.31186], [138.52881, 36.31232], [138.52958, 36.31267], [138.53083, 36.31323], [138.53168, 36.31366], [138.53279, 36.3142], [138.53358, 36.31462], [138.53451, 36.31514], [138.536, 36.31599], [138.53639, 36.31622], [138.53691, 36.31655], [138.53759, 36.31697], [138.539, 36.31787], [138.53912, 36.31794], [138.53952, 36.3182], [138.54017, 36.31863], [138.54085, 36.3191], [138.54163, 36.31963], [138.54241, 36.3202], [138.54317, 36.32076], [138.54374, 36.32121], [138.54437, 36.32171], [138.54493, 36.3222], [138.54556, 36.32274], [138.54621, 36.32334], [138.54677, 36.32388], [138.5471, 36.32417], [138.54848, 36.32539], [138.54961, 36.32637], [138.54968, 36.32643], [138.55005, 36.32674], [138.55025, 36.32691], [138.55046, 36.32709], [138.55178, 36.3282], [138.5522, 36.32854], [138.55283, 36.32907], [138.55322, 36.32935], [138.55373, 36.32973], [138.55528, 36.33088], [138.55596, 36.33135], [138.5568, 36.33188], [138.55788, 36.33253], [138.55893, 36.33314], [138.55996, 36.33371], [138.5605, 36.33399], [138.56139, 36.33442], [138.56235, 36.33487], [138.56325, 36.33527], [138.56426, 36.33568], [138.56531, 36.33605], [138.56652, 36.33647], [138.56776, 36.33686], [138.5689, 36.33723], [138.56987, 36.3375], [138.57098, 36.33777], [138.57137, 36.33787], [138.57252, 36.33814], [138.57373, 36.33841], [138.57537, 36.3387], [138.57734, 36.33901], [138.58011, 36.33945], [138.58179, 36.33973], [138.58288, 36.33992], [138.58377, 36.34007], [138.58485, 36.34024], [138.58856, 36.3408], [138.59141, 36.34123], [138.5916, 36.34125], [138.59946, 36.34244], [138.59976, 36.34248], [138.60051, 36.3426], [138.60281, 36.34292], [138.60372, 36.34304], [138.60487, 36.34317], [138.60579, 36.34324], [138.60636, 36.34326], [138.60777, 36.34327], [138.60993, 36.34325], [138.61077, 36.34324], [138.61109, 36.34323], [138.61467, 36.34315], [138.61936, 36.34306], [138.62185, 36.343], [138.62189, 36.343], [138.62277, 36.34301], [138.62378, 36.34299], [138.6255, 36.34294], [138.6265, 36.34291], [138.62715, 36.34289], [138.62964, 36.34288], [138.63019, 36.34285], [138.63051, 36.34283], [138.63276, 36.34266], [138.63319, 36.34264]]}, "properties": {"id": "GEOM_TOKYO_3540", "route_id": "R_F3B5B6DF", "route_name": null, "route_color": "#2C62C9", "route_text_color": null, "line_name": "北陸新幹線", "operator_id": "jr_east", "representation": "service_path", "min_zoom": 0, "max_zoom": 24, "offset_rank": 0}}, {"type": "Feature", "bbox": [139.5276, 36.24573, 139.52802, 36.24746], "geometry": {"type": "LineString", "coordinates": [[139.52802, 36.24573], [139.52787, 36.24638], [139.52773, 36.24689], [139.5276, 36.24746]]}, "properties": {"id": "GEOM_TOKYO_3567", "route_id": "R_7581302C", "route_name": "伊勢崎線", "route_color": "#1F78FF", "route_text_color": "#ffffff", "line_name": "伊勢崎線", "operator_id": "tobu", "representation": "service_path", "min_zoom": 0, "max_zoom": 24, "offset_rank": 0}}, {"type": "Feature", "bbox": [139.52341, 36.24996, 139.5257, 36.2526], "geometry": {"type": "LineString", "coordinates": [[139.5257, 36.24996], [139.52564, 36.25004], [139.5254, 36.2503], [139.52503, 36.25073], [139.52445, 36.25138], [139.52382, 36.2521], [139.52359, 36.25235], [139.52341, 36.2526]]}, "properties": {"id": "GEOM_TOKYO_3568", "route_id": "R_7581302C", "route_name": "伊勢崎線", "route_color": "#1F78FF", "route_text_color": "#ffffff", "line_name": "伊勢崎線", "operator_id": "tobu", "representation": "service_path", "min_zoom": 0, "max_zoom": 24, "offset_rank": 0}}, {"type": "Feature", "bbox": [139.5257, 36.24746, 139.5276, 36.24996], "geometry": {"type": "LineString", "coordinates": [[139.5276, 36.24746], [139.52749, 36.24776], [139.52731, 36.24804], [139.52723, 36.24817], [139.52693, 36.24855], [139.52654, 36.24903], [139.5257, 36.24996]]}, "properties": {"id": "GEOM_TOKYO_3569", "route_id": "R_7581302C", "route_name": "伊勢崎線", "route_color": "#1F78FF", "route_text_color": "#ffffff", "line_name": "伊勢崎線", "operator_id": "tobu", "representation": "service_path", "min_zoom": 0, "max_zoom": 24, "offset_rank": 0}}, {"type": "Feature", "bbox": [139.45845, 36.30469, 139.45889, 36.30572], "geometry": {"type": "LineString", "coordinates": [[139.45845, 36.30572], [139.45889, 36.30469]]}, "properties": {"id": "GEOM_TOKYO_3570", "route_id": "R_7581302C", "route_name": "伊勢崎線", "route_color": "#1F78FF", "route_text_color": "#ffffff", "line_name": "伊勢崎線", "operator_id": "tobu", "representation": "service_path", "min_zoom": 0, "max_zoom": 24, "offset_rank": 0}}, {"type": "Feature", "bbox": [139.38008, 36.29397, 139.40177, 36.30776], "geometry": {"type": "LineString", "coordinates": [[139.40177, 36.30776], [139.40134, 36.30749], [139.40127, 36.30746], [139.40123, 36.30743], [139.40115, 36.30738], [139.40113, 36.30737], [139.4011, 36.30736], [139.40092, 36.30724], [139.40087, 36.30721], [139.40048, 36.30697], [139.40009, 36.30674], [139.40002, 36.30669], [139.39998, 36.30667], [139.39987, 36.30658], [139.39966, 36.30646], [139.39937, 36.30628], [139.39931, 36.30623], [139.39924, 36.30619], [139.39922, 36.30617], [139.39916, 36.30613], [139.39886, 36.30591], [139.39838, 36.30553], [139.39811, 36.30529], [139.39811, 36.30528], [139.39747, 36.30469], [139.39704, 36.30428], [139.39683, 36.30409], [139.3968, 36.30406], [139.39671, 36.30398], [139.39629, 36.30358], [139.39533, 36.30271], [139.39492, 36.30233], [139.39485, 36.30226], [139.39445, 36.30189], [139.39396, 36.30143], [139.39387, 36.30135], [139.39374, 36.30123], [139.39326, 36.30079], [139.39302, 36.30059], [139.39295, 36.30051], [139.39269, 36.30028], [139.39246, 36.30005], [139.39217, 36.2998], [139.39189, 36.29954], [139.39161, 36.29927], [139.39139, 36.29909], [139.39127, 36.29896], [139.39096, 36.29868], [139.39074, 36.29847], [139.38995, 36.29774], [139.3895, 36.29733], [139.38935, 36.29719], [139.38906, 36.29692], [139.38857, 36.29647], [139.38846, 36.29637], [139.38825, 36.29617], [139.38725, 36.29523], [139.387, 36.29499], [139.38694, 36.29494], [139.38686, 36.29488], [139.38677, 36.29481], [139.38657, 36.29468], [139.38643, 36.29458], [139.38634, 36.29452], [139.38603, 36.29437], [139.38574, 36.29425], [139.3855, 36.29417], [139.38518, 36.29409], [139.38479, 36.29402], [139.38469, 36.29401], [139.38458, 36.29399], [139.38443, 36.29399], [139.38419, 36.29397], [139.38393, 36.29397], [139.3835, 36.29397], [139.3828, 36.29398], [139.38172, 36.29401], [139.38008, 36.2941]]}, "properties": {"id": "GEOM_TOKYO_3571", "route_id": "R_7581302C", "route_name": "伊勢崎線", "route_color": "#1F78FF", "route_text_color": "#ffffff", "line_name": "伊勢崎線", "operator_id": "tobu", "representation": "service_path", "min_zoom": 0, "max_zoom": 24, "offset_rank": 0}}, {"type": "Feature", "bbox": [139.52702, 36.22572, 139.52707, 36.22698], "geometry": {"type": "LineString", "coordinates": [[139.52702, 36.22572], [139.52707, 36.22698]]}, "properties": {"id": "GEOM_TOKYO_3572", "route_id": "R_7581302C", "route_name": "伊勢崎線", "route_color": "#1F78FF", "route_text_color": "#ffffff", "line_name": "伊勢崎線", "operator_id": "tobu", "representation": "service_path", "min_zoom": 0, "max_zoom": 24, "offset_rank": 0}}, {"type": "Feature", "bbox": [139.47172, 36.29024, 139.473, 36.29101], "geometry": {"type": "LineString", "coordinates": [[139.473, 36.29024], [139.47172, 36.29101]]}, "properties": {"id": "GEOM_TOKYO_3573", "route_id": "R_7581302C", "route_name": "伊勢崎線", "route_color": "#1F78FF", "route_text_color": "#ffffff", "line_name": "伊勢崎線", "operator_id": "tobu", "representation": "service_path", "min_zoom": 0, "max_zoom": 24, "offset_rank": 0}}, {"type": "Feature", "bbox": [139.52653, 36.20954, 139.52702, 36.22572], "geometry": {"type": "LineString", "coordinates": [[139.52653, 36.20954], [139.52654, 36.21007], [139.52657, 36.21095], [139.52663, 36.21282], [139.52667, 36.21433], [139.52671, 36.21541], [139.52675, 36.21699], [139.52678, 36.21787], [139.52678, 36.21789], [139.52679, 36.21814], [139.5268, 36.21847], [139.52686, 36.22013], [139.52687, 36.22049], [139.52687, 36.22063], [139.52689, 36.22101], [139.52695, 36.22299], [139.52699, 36.22455], [139.52702, 36.22572]]}, "properties": {"id": "GEOM_TOKYO_3574", "route_id": "R_7581302C", "route_name": "伊勢崎線", "route_color": "#1F78FF", "route_text_color": "#ffffff", "line_name": "伊勢崎線", "operator_id": "tobu", "representation": "service_path", "min_zoom": 0, "max_zoom": 24, "offset_rank": 0}}, {"type": "Feature", "bbox": [139.52707, 36.22698, 139.5286, 36.24573], "geometry": {"type": "LineString", "coordinates": [[139.52707, 36.22698], [139.52708, 36.22725], [139.5271, 36.22784], [139.52711, 36.22821], [139.52716, 36.22988], [139.5272, 36.23083], [139.52725, 36.23247], [139.52727, 36.23303], [139.52731, 36.23429], [139.52733, 36.23476], [139.52736, 36.23576], [139.52738, 36.23668], [139.52739, 36.23686], [139.52741, 36.23743], [139.52745, 36.23792], [139.52751, 36.23828], [139.52763, 36.23872], [139.52775, 36.23906], [139.5279, 36.23958], [139.52815, 36.24042], [139.52833, 36.24098], [139.52845, 36.24144], [139.52855, 36.24197], [139.5286, 36.24234], [139.52859, 36.24281], [139.52858, 36.24314], [139.52854, 36.24336], [139.52846, 36.2438], [139.52832, 36.24439], [139.52817, 36.24513], [139.52802, 36.24573]]}, "properties": {"id": "GEOM_TOKYO_3576", "route_id": "R_7581302C", "route_name": "伊勢崎線", "route_color": "#1F78FF", "route_text_color": "#ffffff", "line_name": "伊勢崎線", "operator_id": "tobu", "representation": "service_path", "min_zoom": 0, "max_zoom": 24, "offset_rank": 0}}, {"type": "Feature", "bbox": [139.37226, 36.29431, 139.37779, 36.2947], "geometry": {"type": "LineString", "coordinates": [[139.37779, 36.29431], [139.37759, 36.29433], [139.37734, 36.29435], [139.37709, 36.29438], [139.37659, 36.29441], [139.37226, 36.2947]]}, "properties": {"id": "GEOM_TOKYO_3577", "route_id": "R_7581302C", "route_name": "伊勢崎線", "route_color": "#1F78FF", "route_text_color": "#ffffff", "line_name": "伊勢崎線", "operator_id": "tobu", "representation": "service_path", "min_zoom": 0, "max_zoom": 24, "offset_rank": 0}}, {"type": "Feature", "bbox": [139.4326, 36.32662, 139.44756, 36.33143], "geometry": {"type": "LineString", "coordinates": [[139.4326, 36.32662], [139.43274, 36.32671], [139.43316, 36.32695], [139.43355, 36.32718], [139.43366, 36.32724], [139.43397, 36.32742], [139.43436, 36.32765], [139.43441, 36.32768], [139.43538, 36.32823], [139.43624, 36.32875], [139.43733, 36.32938], [139.43738, 36.32941], [139.43804, 36.32977], [139.43868, 36.33004], [139.439, 36.33017], [139.43955, 36.33036], [139.4398, 36.33046], [139.44003, 36.33054], [139.44031, 36.33064], [139.44063, 36.33076], [139.44089, 36.33084], [139.44174, 36.33112], [139.44195, 36.33119], [139.44219, 36.33126], [139.44255, 36.33135], [139.44289, 36.3314], [139.44329, 36.33143], [139.44391, 36.33142], [139.44429, 36.33137], [139.44436, 36.33136], [139.44442, 36.33134], [139.44476, 36.33124], [139.4451, 36.33113], [139.44522, 36.33108], [139.44539, 36.33102], [139.44546, 36.33099], [139.44561, 36.33093], [139.44569, 36.33089], [139.44589, 36.3308], [139.44642, 36.33054], [139.44684, 36.33029], [139.44716, 36.3301], [139.44734, 36.32999], [139.44743, 36.32994], [139.44756, 36.32986]]}, "properties": {"id": "GEOM_TOKYO_3578", "route_id": "R_7581302C", "route_name": "伊勢崎線", "route_color": "#1F78FF", "route_text_color": "#ffffff", "line_name": "伊勢崎線", "operator_id": "tobu", "representation": "service_path", "min_zoom": 0, "max_zoom": 24, "offset_rank": 0}}, {"type": "Feature", "bbox": [139.45522, 36.30572, 139.45845, 36.31517], "geometry": {"type": "LineString", "coordinates": [[139.45845, 36.30572], [139.4584, 36.30585], [139.45821, 36.30635], [139.45805, 36.30681], [139.45785, 36.30728], [139.45773, 36.30759], [139.4575, 36.30815], [139.45744, 36.30828], [139.45741, 36.30837], [139.45738, 36.30849], [139.45725, 36.30883], [139.45717, 36.30904], [139.45673, 36.31019], [139.45669, 36.31028], [139.45666, 36.31038], [139.45662, 36.31047], [139.45652, 36.31071], [139.45639, 36.31104], [139.45638, 36.3111], [139.45634, 36.31119], [139.45623, 36.31149], [139.45611, 36.31181], [139.45607, 36.31192], [139.456, 36.31208], [139.45587, 36.31243], [139.45569, 36.31311], [139.45565, 36.31322], [139.45545, 36.31409], [139.45539, 36.31434], [139.45526, 36.31498], [139.45522, 36.31517]]}, "properties": {"id": "GEOM_TOKYO_3579", "route_id": "R_7581302C", "route_name": "伊勢崎線", "route_color": "#1F78FF", "route_text_color": "#ffffff", "line_name": "伊勢崎線", "operator_id": "tobu", "representation": "service_path", "min_zoom": 0, "max_zoom": 24, "offset_rank": 0}}, {"type": "Feature", "bbox": [139.40177, 36.30776, 139.40303, 36.30854], "geometry": {"type": "LineString", "coordinates": [[139.40303, 36.30854], [139.40295, 36.30849], [139.40264, 36.30831], [139.40217, 36.30802], [139.40177, 36.30776]]}, "properties": {"id": "GEOM_TOKYO_3580", "route_id": "R_7581302C", "route_name": "伊勢崎線", "route_color": "#1F78FF", "route_text_color": "#ffffff", "line_name": "伊勢崎線", "operator_id": "tobu", "representation": "service_path", "min_zoom": 0, "max_zoom": 24, "offset_rank": 0}}, {"type": "Feature", "bbox": [139.52619, 36.17113, 139.53377, 36.20823], "geometry": {"type": "LineString", "coordinates": [[139.53377, 36.17113], [139.53323, 36.17298], [139.53262, 36.17511], [139.5323, 36.17621], [139.5321, 36.1769], [139.53161, 36.17861], [139.5314, 36.1793], [139.53091, 36.18102], [139.53045, 36.1826], [139.52983, 36.18476], [139.52976, 36.18498], [139.52968, 36.18528], [139.52952, 36.18585], [139.52921, 36.18691], [139.52912, 36.18722], [139.52904, 36.1875], [139.52874, 36.1885], [139.52871, 36.18863], [139.5286, 36.18904], [139.52817, 36.19049], [139.52792, 36.19137], [139.52788, 36.19149], [139.52767, 36.19223], [139.52734, 36.19339], [139.52711, 36.19418], [139.52703, 36.19444], [139.52697, 36.19468], [139.52672, 36.19549], [139.5266, 36.19594], [139.52653, 36.19621], [139.52643, 36.19674], [139.52635, 36.19717], [139.52632, 36.19735], [139.52631, 36.19743], [139.52623, 36.19814], [139.5262, 36.19852], [139.52619, 36.19877], [139.52619, 36.1992], [139.52619, 36.19922], [139.52624, 36.20053], [139.52628, 36.20145], [139.52632, 36.20299], [139.5264, 36.20513], [139.52644, 36.20693], [139.52648, 36.20823]]}, "properties": {"id": "GEOM_TOKYO_3581", "route_id": "R_7581302C", "route_name": "伊勢崎線", "route_color": "#1F78FF", "route_text_color": "#ffffff", "line_name": "伊勢崎線", "operator_id": "tobu", "representation": "service_path", "min_zoom": 0, "max_zoom": 24, "offset_rank": 0}}, {"type": "Feature", "bbox": [139.45889, 36.29101, 139.47172, 36.30469], "geometry": {"type": "LineString", "coordinates": [[139.45889, 36.30469], [139.45895, 36.30451], [139.45911, 36.30407], [139.45917, 36.30392], [139.45921, 36.30379], [139.45924, 36.30371], [139.45946, 36.30312], [139.45948, 36.30308], [139.45972, 36.3024], [139.45983, 36.30211], [139.45991, 36.30192], [139.45994, 36.30181], [139.46031, 36.30082], [139.46047, 36.30045], [139.46054, 36.30028], [139.46093, 36.29967], [139.46097, 36.2996], [139.46144, 36.29888], [139.46147, 36.29883], [139.46167, 36.29854], [139.46191, 36.2982], [139.462, 36.29809], [139.46203, 36.29805], [139.46212, 36.29793], [139.46251, 36.29746], [139.46256, 36.29741], [139.46261, 36.29735], [139.46306, 36.29687], [139.4632, 36.29674], [139.46362, 36.29633], [139.46382, 36.29616], [139.46386, 36.29612], [139.46404, 36.29598], [139.46406, 36.29595], [139.46408, 36.29593], [139.46453, 36.29558], [139.46456, 36.29555], [139.46462, 36.29551], [139.46465, 36.29549], [139.46473, 36.29542], [139.46518, 36.29509], [139.46604, 36.2945], [139.4665, 36.29419], [139.46653, 36.29417], [139.46656, 36.29416], [139.46719, 36.29376], [139.46781, 36.29338], [139.46824, 36.29311], [139.46826, 36.2931], [139.46831, 36.29307], [139.46834, 36.29305], [139.46849, 36.29295], [139.46856, 36.29292], [139.46913, 36.29257], [139.47001, 36.29202], [139.47006, 36.292], [139.47041, 36.29178], [139.4705, 36.29173], [139.47095, 36.29146], [139.47132, 36.29123], [139.47167, 36.29103], [139.47172, 36.29101]]}, "properties": {"id": "GEOM_TOKYO_3582", "route_id": "R_7581302C", "route_name": "伊勢崎線", "route_color": "#1F78FF", "route_text_color": "#ffffff", "line_name": "伊勢崎線", "operator_id": "tobu", "representation": "service_path", "min_zoom": 0, "max_zoom": 24, "offset_rank": 0}}, {"type": "Feature", "bbox": [139.52648, 36.20823, 139.52653, 36.20954], "geometry": {"type": "LineString", "coordinates": [[139.52648, 36.20823], [139.52653, 36.20954]]}, "properties": {"id": "GEOM_TOKYO_3583", "route_id": "R_7581302C", "route_name": "伊勢崎線", "route_color": "#1F78FF", "route_text_color": "#ffffff", "line_name": "伊勢崎線", "operator_id": "tobu", "representation": "service_path", "min_zoom": 0, "max_zoom": 24, "offset_rank": 0}}, {"type": "Feature", "bbox": [139.49973, 36.27333, 139.50091, 36.27403], "geometry": {"type": "LineString", "coordinates": [[139.50091, 36.27333], [139.49973, 36.27403]]}, "properties": {"id": "GEOM_TOKYO_3587", "route_id": "R_7581302C", "route_name": "伊勢崎線", "route_color": "#1F78FF", "route_text_color": "#ffffff", "line_name": "伊勢崎線", "operator_id": "tobu", "representation": "service_path", "min_zoom": 0, "max_zoom": 24, "offset_rank": 0}}, {"type": "Feature", "bbox": [139.40303, 36.30854, 139.43142, 36.32595], "geometry": {"type": "LineString", "coordinates": [[139.40303, 36.30854], [139.40314, 36.30861], [139.40356, 36.30888], [139.40368, 36.30895], [139.40464, 36.30955], [139.40548, 36.31007], [139.40562, 36.31016], [139.40573, 36.31022], [139.40595, 36.31035], [139.40615, 36.31048], [139.40625, 36.31054], [139.40636, 36.31061], [139.40652, 36.31071], [139.40666, 36.3108], [139.40685, 36.31092], [139.40706, 36.31105], [139.40725, 36.31116], [139.40735, 36.31122], [139.40777, 36.31148], [139.40782, 36.31151], [139.40796, 36.31159], [139.40817, 36.31173], [139.40835, 36.31184], [139.40866, 36.31203], [139.40885, 36.31214], [139.40956, 36.31257], [139.40978, 36.31271], [139.40994, 36.3128], [139.41015, 36.31294], [139.4103, 36.31302], [139.4107, 36.31328], [139.41088, 36.31338], [139.41107, 36.3135], [139.41181, 36.31394], [139.41248, 36.31435], [139.4126, 36.31442], [139.41299, 36.31466], [139.41344, 36.31494], [139.41429, 36.31545], [139.41612, 36.31654], [139.41698, 36.31707], [139.41715, 36.31719], [139.41721, 36.31722], [139.41733, 36.31729], [139.41752, 36.3174], [139.41787, 36.31762], [139.41859, 36.31804], [139.41874, 36.31813], [139.41948, 36.31859], [139.4195, 36.3186], [139.42086, 36.31946], [139.422, 36.32017], [139.42233, 36.32038], [139.423, 36.3208], [139.4235, 36.3211], [139.42431, 36.32159], [139.42492, 36.32197], [139.42546, 36.3223], [139.42564, 36.32243], [139.42655, 36.32297], [139.42668, 36.32306], [139.4269, 36.3232], [139.42744, 36.32354], [139.42794, 36.32385], [139.42814, 36.32397], [139.4282, 36.32401], [139.4283, 36.32407], [139.42843, 36.32415], [139.42853, 36.32421], [139.42861, 36.32426], [139.42921, 36.32463], [139.43074, 36.32554], [139.43142, 36.32595]]}, "properties": {"id": "GEOM_TOKYO_3588", "route_id": "R_7581302C", "route_name": "伊勢崎線", "route_color": "#1F78FF", "route_text_color": "#ffffff", "line_name": "伊勢崎線", "operator_id": "tobu", "representation": "service_path", "min_zoom": 0, "max_zoom": 24, "offset_rank": 0}}, {"type": "Feature", "bbox": [139.44756, 36.32901, 139.4488, 36.32986], "geometry": {"type": "LineString", "coordinates": [[139.4488, 36.32901], [139.44756, 36.32986]]}, "properties": {"id": "GEOM_TOKYO_3590", "route_id": "R_7581302C", "route_name": "伊勢崎線", "route_color": "#1F78FF", "route_text_color": "#ffffff", "line_name": "伊勢崎線", "operator_id": "tobu", "representation": "service_path", "min_zoom": 0, "max_zoom": 24, "offset_rank": 0}}, {"type": "Feature", "bbox": [139.4488, 36.31614, 139.45496, 36.32901], "geometry": {"type": "LineString", "coordinates": [[139.4488, 36.32901], [139.4489, 36.32895], [139.44955, 36.3285], [139.45028, 36.32799], [139.45043, 36.32789], [139.45055, 36.3278], [139.45088, 36.32758], [139.45114, 36.32738], [139.45158, 36.32706], [139.45189, 36.32684], [139.45193, 36.32681], [139.45207, 36.32668], [139.45213, 36.32663], [139.45219, 36.32655], [139.4523, 36.3264], [139.45244, 36.32618], [139.45254, 36.32596], [139.45271, 36.32545], [139.45275, 36.32533], [139.45283, 36.32499], [139.453, 36.32428], [139.45304, 36.32414], [139.4532, 36.32348], [139.45341, 36.32262], [139.45347, 36.32235], [139.45353, 36.32212], [139.4537, 36.32137], [139.45374, 36.32115], [139.45384, 36.32078], [139.45386, 36.32072], [139.45388, 36.3206], [139.45421, 36.31931], [139.45428, 36.31905], [139.45433, 36.31883], [139.45435, 36.31881], [139.45441, 36.31853], [139.45449, 36.31823], [139.45452, 36.31812], [139.45459, 36.31787], [139.45462, 36.31774], [139.4547, 36.31741], [139.45488, 36.31649], [139.45496, 36.31614]]}, "properties": {"id": "GEOM_TOKYO_3591", "route_id": "R_7581302C", "route_name": "伊勢崎線", "route_color": "#1F78FF", "route_text_color": "#ffffff", "line_name": "伊勢崎線", "operator_id": "tobu", "representation": "service_path", "min_zoom": 0, "max_zoom": 24, "offset_rank": 0}}, {"type": "Feature", "bbox": [139.50091, 36.2526, 139.52341, 36.27333], "geometry": {"type": "LineString", "coordinates": [[139.52341, 36.2526], [139.52325, 36.25275], [139.52305, 36.25298], [139.52289, 36.25316], [139.52249, 36.25363], [139.52237, 36.25377], [139.52192, 36.2543], [139.52101, 36.25534], [139.52007, 36.25642], [139.51889, 36.25777], [139.51812, 36.25867], [139.51739, 36.25948], [139.51663, 36.26033], [139.51595, 36.26113], [139.51592, 36.26116], [139.51515, 36.26203], [139.51443, 36.26282], [139.51373, 36.26365], [139.51306, 36.26439], [139.51233, 36.26527], [139.51166, 36.26607], [139.51113, 36.26668], [139.51069, 36.26714], [139.51014, 36.26771], [139.50973, 36.26806], [139.50935, 36.26835], [139.50904, 36.26856], [139.50756, 36.26947], [139.50663, 36.26999], [139.50642, 36.27012], [139.50518, 36.27084], [139.50399, 36.27152], [139.50299, 36.27212], [139.50201, 36.27269], [139.50091, 36.27333]]}, "properties": {"id": "GEOM_TOKYO_3592", "route_id": "R_7581302C", "route_name": "伊勢崎線", "route_color": "#1F78FF", "route_text_color": "#ffffff", "line_name": "伊勢崎線", "operator_id": "tobu", "representation": "service_path", "min_zoom": 0, "max_zoom": 24, "offset_rank": 0}}, {"type": "Feature", "bbox": [139.473, 36.27403, 139.49973, 36.29024], "geometry": {"type": "LineString", "coordinates": [[139.49973, 36.27403], [139.49946, 36.27419], [139.49793, 36.27513], [139.49713, 36.27563], [139.49707, 36.27566], [139.49677, 36.27586], [139.49652, 36.27602], [139.4962, 36.27623], [139.49611, 36.2763], [139.49562, 36.27658], [139.49519, 36.27684], [139.49513, 36.27687], [139.49511, 36.27688], [139.49495, 36.27699], [139.49406, 36.27751], [139.49383, 36.27764], [139.49353, 36.27783], [139.49344, 36.27788], [139.49338, 36.27791], [139.49295, 36.27818], [139.4928, 36.27828], [139.4927, 36.27834], [139.4926, 36.2784], [139.49251, 36.27846], [139.49245, 36.27849], [139.49199, 36.27876], [139.49173, 36.27893], [139.49166, 36.27897], [139.49162, 36.27899], [139.49159, 36.27901], [139.49036, 36.27975], [139.48985, 36.28006], [139.48886, 36.28065], [139.48878, 36.28069], [139.48877, 36.28071], [139.48811, 36.2811], [139.48622, 36.28224], [139.48535, 36.28277], [139.48517, 36.28288], [139.48472, 36.28316], [139.48441, 36.28334], [139.48412, 36.28352], [139.484, 36.2836], [139.48371, 36.28377], [139.48347, 36.28392], [139.48306, 36.28415], [139.483, 36.28419], [139.48285, 36.28429], [139.48259, 36.28445], [139.48203, 36.28478], [139.48193, 36.28484], [139.4817, 36.28499], [139.48149, 36.28511], [139.48133, 36.28521], [139.48108, 36.28536], [139.48098, 36.28542], [139.48088, 36.28548], [139.47982, 36.28613], [139.47873, 36.28678], [139.47862, 36.28686], [139.47843, 36.28697], [139.47837, 36.287], [139.4783, 36.28704], [139.47825, 36.28708], [139.47799, 36.28724], [139.47754, 36.28751], [139.4774, 36.2876], [139.47698, 36.28786], [139.47664, 36.28806], [139.47629, 36.28827], [139.47607, 36.28841], [139.47586, 36.28853], [139.47576, 36.28859], [139.47488, 36.28913], [139.47457, 36.28931], [139.47451, 36.28934], [139.47441, 36.28941], [139.47319, 36.29014], [139.473, 36.29024]]}, "properties": {"id": "GEOM_TOKYO_3593", "route_id": "R_7581302C", "route_name": "伊勢崎線", "route_color": "#1F78FF", "route_text_color": "#ffffff", "line_name": "伊勢崎線", "operator_id": "tobu", "representation": "service_path", "min_zoom": 0, "max_zoom": 24, "offset_rank": 0}}, {"type": "Feature", "bbox": [139.37779, 36.2941, 139.38008, 36.29431], "geometry": {"type": "LineString", "coordinates": [[139.38008, 36.2941], [139.37931, 36.29416], [139.37883, 36.2942], [139.3785, 36.29422], [139.3781, 36.29427], [139.37779, 36.29431]]}, "properties": {"id": "GEOM_TOKYO_3596", "route_id": "R_7581302C", "route_name": "伊勢崎線", "route_color": "#1F78FF", "route_text_color": "#ffffff", "line_name": "伊勢崎線", "operator_id": "tobu", "representation": "service_path", "min_zoom": 0, "max_zoom": 24, "offset_rank": 0}}, {"type": "Feature", "bbox": [139.43142, 36.32595, 139.4326, 36.32662], "geometry": {"type": "LineString", "coordinates": [[139.4326, 36.32662], [139.43142, 36.32595]]}, "properties": {"id": "GEOM_TOKYO_3597", "route_id": "R_7581302C", "route_name": "伊勢崎線", "route_color": "#1F78FF", "route_text_color": "#ffffff", "line_name": "伊勢崎線", "operator_id": "tobu", "representation": "service_path", "min_zoom": 0, "max_zoom": 24, "offset_rank": 0}}, {"type": "Feature", "bbox": [139.45496, 36.31517, 139.45522, 36.31614], "geometry": {"type": "LineString", "coordinates": [[139.45496, 36.31614], [139.45522, 36.31517]]}, "properties": {"id": "GEOM_TOKYO_3599", "route_id": "R_7581302C", "route_name": "伊勢崎線", "route_color": "#1F78FF", "route_text_color": "#ffffff", "line_name": "伊勢崎線", "operator_id": "tobu", "representation": "service_path", "min_zoom": 0, "max_zoom": 24, "offset_rank": 0}}, {"type": "Feature", "bbox": [139.20157, 36.31735, 139.20206, 36.31882], "geometry": {"type": "LineString", "coordinates": [[139.20157, 36.31882], [139.20206, 36.31735]]}, "properties": {"id": "GEOM_TOKYO_3645", "route_id": "R_7581302C", "route_name": "伊勢崎線", "route_color": "#1F78FF", "route_text_color": "#ffffff", "line_name": "伊勢崎線", "operator_id": "tobu", "representation": "service_path", "min_zoom": 0, "max_zoom": 24, "offset_rank": 0}}, {"type": "Feature", "bbox": [139.19581, 36.31882, 139.20157, 36.32628], "geometry": {"type": "LineString", "coordinates": [[139.20157, 36.31882], [139.20143, 36.31926], [139.20121, 36.31997], [139.20107, 36.32036], [139.20086, 36.32101], [139.20076, 36.32134], [139.20063, 36.32171], [139.20054, 36.32199], [139.20045, 36.32225], [139.20037, 36.32249], [139.20031, 36.32268], [139.20025, 36.32285], [139.20015, 36.32308], [139.20007, 36.32326], [139.19996, 36.32343], [139.19949, 36.32425], [139.1993, 36.32452], [139.19911, 36.32473], [139.19888, 36.32498], [139.19863, 36.32521], [139.19839, 36.32537], [139.1982, 36.3255], [139.19796, 36.32564], [139.19773, 36.32576], [139.19754, 36.32585], [139.19728, 36.32595], [139.197, 36.32606], [139.19683, 36.3261], [139.1966, 36.32615], [139.1963, 36.3262], [139.19581, 36.32628]]}, "properties": {"id": "GEOM_TOKYO_3646", "route_id": "R_7581302C", "route_name": "伊勢崎線", "route_color": "#1F78FF", "route_text_color": "#ffffff", "line_name": "伊勢崎線", "operator_id": "tobu", "representation": "service_path", "min_zoom": 0, "max_zoom": 24, "offset_rank": 0}}, {"type": "Feature", "bbox": [139.1941, 36.32628, 139.19581, 36.32656], "geometry": {"type": "LineString", "coordinates": [[139.19581, 36.32628], [139.1941, 36.32656]]}, "properties": {"id": "GEOM_TOKYO_3647", "route_id": "R_7581302C", "route_name": "伊勢崎線", "route_color": "#1F78FF", "route_text_color": "#ffffff", "line_name": "伊勢崎線", "operator_id": "tobu", "representation": "service_path", "min_zoom": 0, "max_zoom": 24, "offset_rank": 0}}, {"type": "Feature", "bbox": [139.2233, 36.29506, 139.22446, 36.29577], "geometry": {"type": "LineString", "coordinates": [[139.22446, 36.29506], [139.2233, 36.29577]]}, "properties": {"id": "GEOM_TOKYO_3648", "route_id": "R_7581302C", "route_name": "伊勢崎線", "route_color": "#1F78FF", "route_text_color": "#ffffff", "line_name": "伊勢崎線", "operator_id": "tobu", "representation": "service_path", "min_zoom": 0, "max_zoom": 24, "offset_rank": 0}}, {"type": "Feature", "bbox": [139.20206, 36.29577, 139.2233, 36.31735], "geometry": {"type": "LineString", "coordinates": [[139.20206, 36.31735], [139.20215, 36.317], [139.20226, 36.31667], [139.20238, 36.31636], [139.20245, 36.3162], [139.20257, 36.316], [139.20271, 36.31579], [139.2028, 36.31565], [139.20292, 36.3155], [139.20307, 36.31534], [139.20318, 36.31521], [139.2033, 36.31509], [139.2036, 36.31483], [139.20382, 36.31466], [139.20408, 36.31449], [139.20435, 36.31435], [139.20457, 36.31425], [139.20524, 36.31399], [139.20548, 36.3139], [139.20596, 36.31372], [139.20629, 36.31359], [139.20647, 36.31352], [139.20682, 36.31338], [139.20706, 36.31331], [139.20729, 36.31322], [139.2075, 36.31315], [139.20769, 36.31307], [139.20793, 36.31299], [139.20828, 36.31286], [139.20835, 36.31284], [139.20862, 36.31273], [139.20879, 36.31266], [139.20892, 36.31261], [139.20909, 36.31253], [139.20924, 36.31245], [139.20946, 36.31233], [139.2098, 36.31212], [139.21006, 36.31194], [139.2102, 36.31182], [139.21038, 36.31167], [139.21059, 36.31147], [139.21076, 36.31128], [139.211, 36.31097], [139.21168, 36.31005], [139.21197, 36.30965], [139.21285, 36.30846], [139.21324, 36.30789], [139.21368, 36.30729], [139.21411, 36.3067], [139.2147, 36.30587], [139.21481, 36.3057], [139.21507, 36.30535], [139.21531, 36.30501], [139.21557, 36.30466], [139.21591, 36.30418], [139.21613, 36.30386], [139.21634, 36.30358], [139.21679, 36.30295], [139.21702, 36.30263], [139.21737, 36.30216], [139.21787, 36.30147], [139.21817, 36.30107], [139.21836, 36.30081], [139.21925, 36.29954], [139.21939, 36.29936], [139.21947, 36.29925], [139.21959, 36.29908], [139.2201, 36.29838], [139.22036, 36.29807], [139.22047, 36.29796], [139.22059, 36.29783], [139.22083, 36.2976], [139.22103, 36.29744], [139.22121, 36.29726], [139.22146, 36.29706], [139.22161, 36.29692], [139.22174, 36.29683], [139.22189, 36.29671], [139.22207, 36.29657], [139.2224, 36.29633], [139.22273, 36.29611], [139.22299, 36.29595], [139.2233, 36.29577]]}, "properties": {"id": "GEOM_TOKYO_3649", "route_id": "R_7581302C", "route_name": "伊勢崎線", "route_color": "#1F78FF", "route_text_color": "#ffffff", "line_name": "伊勢崎線", "operator_id": "tobu", "representation": "service_path", "min_zoom": 0, "max_zoom": 24, "offset_rank": 0}}, {"type": "Feature", "bbox": [139.28287, 36.26966, 139.31224, 36.27279], "geometry": {"type": "LineString", "coordinates": [[139.31224, 36.27117], [139.31126, 36.27089], [139.31048, 36.27067], [139.30963, 36.27043], [139.30915, 36.27032], [139.30876, 36.27023], [139.30798, 36.27006], [139.30728, 36.26995], [139.30669, 36.26986], [139.30586, 36.26976], [139.30506, 36.2697], [139.30477, 36.26969], [139.30448, 36.26969], [139.30398, 36.26966], [139.30346, 36.26966], [139.30262, 36.26968], [139.30207, 36.26971], [139.30127, 36.26979], [139.30055, 36.26988], [139.29977, 36.27], [139.2985, 36.27021], [139.29707, 36.27046], [139.29674, 36.27052], [139.29561, 36.2707], [139.29443, 36.27091], [139.29325, 36.2711], [139.29164, 36.27136], [139.29007, 36.27163], [139.2867, 36.27216], [139.28588, 36.2723], [139.28568, 36.27234], [139.28558, 36.27235], [139.28542, 36.27238], [139.28287, 36.27279]]}, "properties": {"id": "GEOM_TOKYO_3650", "route_id": "R_7581302C", "route_name": "伊勢崎線", "route_color": "#1F78FF", "route_text_color": "#ffffff", "line_name": "伊勢崎線", "operator_id": "tobu", "representation": "service_path", "min_zoom": 0, "max_zoom": 24, "offset_rank": 0}}, {"type": "Feature", "bbox": [139.25454, 36.27688, 139.25797, 36.27745], "geometry": {"type": "LineString", "coordinates": [[139.25797, 36.27688], [139.25454, 36.27745]]}, "properties": {"id": "GEOM_TOKYO_3651", "route_id": "R_7581302C", "route_name": "伊勢崎線", "route_color": "#1F78FF", "route_text_color": "#ffffff", "line_name": "伊勢崎線", "operator_id": "tobu", "representation": "service_path", "min_zoom": 0, "max_zoom": 24, "offset_rank": 0}}, {"type": "Feature", "bbox": [139.22446, 36.27745, 139.25454, 36.29506], "geometry": {"type": "LineString", "coordinates": [[139.22446, 36.29506], [139.22499, 36.29474], [139.22519, 36.29462], [139.22604, 36.29408], [139.22636, 36.29388], [139.22657, 36.29376], [139.22681, 36.29361], [139.22766, 36.29308], [139.22785, 36.29296], [139.22817, 36.29276], [139.22861, 36.29249], [139.2292, 36.29212], [139.22949, 36.29194], [139.23009, 36.29156], [139.23031, 36.29143], [139.23045, 36.29133], [139.23061, 36.29123], [139.23093, 36.29103], [139.23131, 36.2908], [139.23197, 36.29039], [139.23226, 36.29021], [139.2331, 36.28969], [139.23393, 36.28917], [139.23413, 36.28904], [139.23452, 36.2888], [139.2347, 36.28868], [139.23494, 36.28854], [139.23511, 36.28844], [139.23533, 36.2883], [139.23616, 36.28778], [139.23679, 36.2874], [139.2377, 36.28684], [139.23801, 36.28665], [139.23891, 36.28608], [139.2395, 36.28571], [139.23966, 36.28562], [139.23974, 36.28557], [139.24011, 36.28533], [139.24052, 36.28508], [139.24131, 36.28459], [139.2418, 36.28428], [139.24223, 36.28402], [139.2426, 36.28378], [139.24311, 36.28346], [139.24427, 36.28274], [139.24458, 36.28255], [139.2448, 36.28242], [139.24501, 36.28229], [139.24538, 36.28206], [139.24624, 36.28151], [139.24679, 36.28115], [139.24898, 36.27978], [139.25039, 36.2789], [139.25106, 36.2785], [139.25129, 36.27838], [139.25168, 36.27819], [139.252, 36.27805], [139.25243, 36.27792], [139.25284, 36.27779], [139.2532, 36.2777], [139.25366, 36.2776], [139.25454, 36.27745]]}, "properties": {"id": "GEOM_TOKYO_3652", "route_id": "R_7581302C", "route_name": "伊勢崎線", "route_color": "#1F78FF", "route_text_color": "#ffffff", "line_name": "伊勢崎線", "operator_id": "tobu", "representation": "service_path", "min_zoom": 0, "max_zoom": 24, "offset_rank": 0}}, {"type": "Feature", "bbox": [139.25797, 36.27309, 139.28108, 36.27688], "geometry": {"type": "LineString", "coordinates": [[139.28108, 36.27309], [139.27781, 36.27364], [139.27606, 36.27391], [139.27413, 36.27424], [139.27183, 36.27461], [139.27153, 36.27466], [139.27121, 36.27471], [139.27081, 36.27477], [139.26884, 36.2751], [139.26792, 36.27525], [139.26477, 36.27577], [139.2616, 36.27629], [139.25996, 36.27656], [139.25797, 36.27688]]}, "properties": {"id": "GEOM_TOKYO_3653", "route_id": "R_7581302C", "route_name": "伊勢崎線", "route_color": "#1F78FF", "route_text_color": "#ffffff", "line_name": "伊勢崎線", "operator_id": "tobu", "representation": "service_path", "min_zoom": 0, "max_zoom": 24, "offset_rank": 0}}, {"type": "Feature", "bbox": [139.31377, 36.27161, 139.34837, 36.28257], "geometry": {"type": "LineString", "coordinates": [[139.34837, 36.28257], [139.34784, 36.2822], [139.34762, 36.28207], [139.34742, 36.28194], [139.34709, 36.28175], [139.34669, 36.28155], [139.34591, 36.28122], [139.3455, 36.28106], [139.34505, 36.28089], [139.3445, 36.2807], [139.3434, 36.28036], [139.34009, 36.27938], [139.3387, 36.27897], [139.33744, 36.27859], [139.33667, 36.27837], [139.33519, 36.27792], [139.33405, 36.27759], [139.33257, 36.27714], [139.33109, 36.27671], [139.32837, 36.2759], [139.32703, 36.2755], [139.32684, 36.27544], [139.32303, 36.27432], [139.31927, 36.27322], [139.31745, 36.27268], [139.3166, 36.27243], [139.31377, 36.27161]]}, "properties": {"id": "GEOM_TOKYO_3654", "route_id": "R_7581302C", "route_name": "伊勢崎線", "route_color": "#1F78FF", "route_text_color": "#ffffff", "line_name": "伊勢崎線", "operator_id": "tobu", "representation": "service_path", "min_zoom": 0, "max_zoom": 24, "offset_rank": 0}}, {"type": "Feature", "bbox": [139.28108, 36.27279, 139.28287, 36.27309], "geometry": {"type": "LineString", "coordinates": [[139.28287, 36.27279], [139.28108, 36.27309]]}, "properties": {"id": "GEOM_TOKYO_3655", "route_id": "R_7581302C", "route_name": "伊勢崎線", "route_color": "#1F78FF", "route_text_color": "#ffffff", "line_name": "伊勢崎線", "operator_id": "tobu", "representation": "service_path", "min_zoom": 0, "max_zoom": 24, "offset_rank": 0}}, {"type": "Feature", "bbox": [139.31224, 36.27117, 139.31377, 36.27161], "geometry": {"type": "LineString", "coordinates": [[139.31377, 36.27161], [139.31224, 36.27117]]}, "properties": {"id": "GEOM_TOKYO_3656", "route_id": "R_7581302C", "route_name": "伊勢崎線", "route_color": "#1F78FF", "route_text_color": "#ffffff", "line_name": "伊勢崎線", "operator_id": "tobu", "representation": "service_path", "min_zoom": 0, "max_zoom": 24, "offset_rank": 0}}, {"type": "Feature", "bbox": [139.34837, 36.28257, 139.34961, 36.28338], "geometry": {"type": "LineString", "coordinates": [[139.34961, 36.28338], [139.34837, 36.28257]]}, "properties": {"id": "GEOM_TOKYO_3657", "route_id": "R_7581302C", "route_name": "伊勢崎線", "route_color": "#1F78FF", "route_text_color": "#ffffff", "line_name": "伊勢崎線", "operator_id": "tobu", "representation": "service_path", "min_zoom": 0, "max_zoom": 24, "offset_rank": 0}}, {"type": "Feature", "bbox": [139.34961, 36.28338, 139.37226, 36.2947], "geometry": {"type": "LineString", "coordinates": [[139.37226, 36.2947], [139.37214, 36.29465], [139.37201, 36.2946], [139.37178, 36.29454], [139.37126, 36.29438], [139.37112, 36.29433], [139.37065, 36.29418], [139.36998, 36.29395], [139.36935, 36.29372], [139.36848, 36.29342], [139.36748, 36.29306], [139.36678, 36.29282], [139.36611, 36.29257], [139.365, 36.29219], [139.36271, 36.29137], [139.36223, 36.2912], [139.36188, 36.29105], [139.36155, 36.29091], [139.36125, 36.29078], [139.36113, 36.29072], [139.36088, 36.29062], [139.36076, 36.29056], [139.36049, 36.29043], [139.36001, 36.29017], [139.35936, 36.28983], [139.35821, 36.28907], [139.35779, 36.28879], [139.35612, 36.28767], [139.35333, 36.28583], [139.35198, 36.28494], [139.34961, 36.28338]]}, "properties": {"id": "GEOM_TOKYO_3658", "route_id": "R_7581302C", "route_name": "伊勢崎線", "route_color": "#1F78FF", "route_text_color": "#ffffff", "line_name": "伊勢崎線", "operator_id": "tobu", "representation": "service_path", "min_zoom": 0, "max_zoom": 24, "offset_rank": 0}}, {"type": "Feature", "bbox": [139.37779, 36.2941, 139.38008, 36.29431], "geometry": {"type": "LineString", "coordinates": [[139.38008, 36.2941], [139.37931, 36.29416], [139.37883, 36.2942], [139.3785, 36.29422], [139.3781, 36.29427], [139.37779, 36.29431]]}, "properties": {"id": "GEOM_TOKYO_3722", "route_id": "R_8B11A847", "route_name": "桐生線", "route_color": "#1F78FF", "route_text_color": "#ffffff", "line_name": "桐生線", "operator_id": "tobu", "representation": "service_path", "min_zoom": 0, "max_zoom": 24, "offset_rank": 0}}, {"type": "Feature", "bbox": [139.37226, 36.29431, 139.37779, 36.2947], "geometry": {"type": "LineString", "coordinates": [[139.37779, 36.29431], [139.37759, 36.29433], [139.37734, 36.29435], [139.37709, 36.29438], [139.37659, 36.29441], [139.37226, 36.2947]]}, "properties": {"id": "GEOM_TOKYO_3723", "route_id": "R_8B11A847", "route_name": "桐生線", "route_color": "#1F78FF", "route_text_color": "#ffffff", "line_name": "桐生線", "operator_id": "tobu", "representation": "service_path", "min_zoom": 0, "max_zoom": 24, "offset_rank": 0}}, {"type": "Feature", "bbox": [139.27642, 36.4255, 139.27714, 36.42574], "geometry": {"type": "LineString", "coordinates": [[139.27714, 36.42574], [139.27642, 36.4255]]}, "properties": {"id": "GEOM_TOKYO_3724", "route_id": "R_8B11A847", "route_name": "桐生線", "route_color": "#1F78FF", "route_text_color": "#ffffff", "line_name": "桐生線", "operator_id": "tobu", "representation": "service_path", "min_zoom": 0, "max_zoom": 24, "offset_rank": 0}}, {"type": "Feature", "bbox": [139.31507, 36.35819, 139.31647, 36.35933], "geometry": {"type": "LineString", "coordinates": [[139.31647, 36.35819], [139.31631, 36.35832], [139.31603, 36.35855], [139.31569, 36.35883], [139.31535, 36.3591], [139.31507, 36.35933]]}, "properties": {"id": "GEOM_TOKYO_3725", "route_id": "R_8B11A847", "route_name": "桐生線", "route_color": "#1F78FF", "route_text_color": "#ffffff", "line_name": "桐生線", "operator_id": "tobu", "representation": "service_path", "min_zoom": 0, "max_zoom": 24, "offset_rank": 0}}, {"type": "Feature", "bbox": [139.30633, 36.38465, 139.30676, 36.38555], "geometry": {"type": "LineString", "coordinates": [[139.30633, 36.38465], [139.30636, 36.38473], [139.30644, 36.38492], [139.30653, 36.38511], [139.3066, 36.38525], [139.30668, 36.3854], [139.30676, 36.38555]]}, "properties": {"id": "GEOM_TOKYO_3726", "route_id": "R_8B11A847", "route_name": "桐生線", "route_color": "#1F78FF", "route_text_color": "#ffffff", "line_name": "桐生線", "operator_id": "tobu", "representation": "service_path", "min_zoom": 0, "max_zoom": 24, "offset_rank": 0}}, {"type": "Feature", "bbox": [139.35519, 36.2947, 139.37226, 36.31292], "geometry": {"type": "LineString", "coordinates": [[139.37226, 36.2947], [139.37178, 36.29472], [139.37103, 36.29475], [139.36968, 36.29486], [139.36886, 36.29494], [139.3676, 36.29504], [139.36722, 36.29509], [139.36686, 36.29513], [139.36654, 36.2952], [139.36633, 36.29524], [139.36598, 36.29532], [139.3654, 36.29549], [139.36493, 36.29566], [139.36471, 36.29576], [139.36442, 36.29591], [139.36394, 36.2962], [139.36368, 36.2964], [139.36366, 36.29641], [139.36335, 36.29667], [139.36308, 36.29693], [139.36279, 36.29725], [139.36233, 36.29787], [139.36215, 36.29815], [139.3619, 36.29864], [139.36134, 36.2998], [139.36096, 36.30064], [139.36051, 36.30156], [139.35977, 36.30316], [139.35952, 36.30369], [139.35912, 36.30454], [139.35893, 36.30494], [139.35885, 36.30511], [139.35849, 36.30588], [139.35804, 36.30684], [139.35787, 36.30723], [139.35767, 36.30765], [139.35735, 36.30832], [139.35702, 36.30904], [139.35617, 36.31083], [139.35519, 36.31292]]}, "properties": {"id": "GEOM_TOKYO_3727", "route_id": "R_8B11A847", "route_name": "桐生線", "route_color": "#1F78FF", "route_text_color": "#ffffff", "line_name": "桐生線", "operator_id": "tobu", "representation": "service_path", "min_zoom": 0, "max_zoom": 24, "offset_rank": 0}}, {"type": "Feature", "bbox": [139.30377, 36.41021, 139.30406, 36.41106], "geometry": {"type": "LineString", "coordinates": [[139.30406, 36.41021], [139.30377, 36.41106]]}, "properties": {"id": "GEOM_TOKYO_3728", "route_id": "R_8B11A847", "route_name": "桐生線", "route_color": "#1F78FF", "route_text_color": "#ffffff", "line_name": "桐生線", "operator_id": "tobu", "representation": "service_path", "min_zoom": 0, "max_zoom": 24, "offset_rank": 0}}, {"type": "Feature", "bbox": [139.34058, 36.33249, 139.34215, 36.33356], "geometry": {"type": "LineString", "coordinates": [[139.34215, 36.33249], [139.34058, 36.33356]]}, "properties": {"id": "GEOM_TOKYO_3729", "route_id": "R_8B11A847", "route_name": "桐生線", "route_color": "#1F78FF", "route_text_color": "#ffffff", "line_name": "桐生線", "operator_id": "tobu", "representation": "service_path", "min_zoom": 0, "max_zoom": 24, "offset_rank": 0}}, {"type": "Feature", "bbox": [139.31999, 36.39446, 139.32018, 36.39559], "geometry": {"type": "LineString", "coordinates": [[139.32018, 36.39446], [139.32014, 36.3948], [139.3201, 36.39507], [139.32005, 36.39535], [139.31999, 36.39559]]}, "properties": {"id": "GEOM_TOKYO_3730", "route_id": "R_8B11A847", "route_name": "桐生線", "route_color": "#1F78FF", "route_text_color": "#ffffff", "line_name": "桐生線", "operator_id": "tobu", "representation": "service_path", "min_zoom": 0, "max_zoom": 24, "offset_rank": 0}}, {"type": "Feature", "bbox": [139.34215, 36.31388, 139.35474, 36.33249], "geometry": {"type": "LineString", "coordinates": [[139.35474, 36.31388], [139.35421, 36.31501], [139.35336, 36.31682], [139.35311, 36.31736], [139.35257, 36.31855], [139.35177, 36.32027], [139.35158, 36.32068], [139.35131, 36.32124], [139.3507, 36.32254], [139.35044, 36.32308], [139.35026, 36.32346], [139.34979, 36.32447], [139.34917, 36.32579], [139.34881, 36.32654], [139.34862, 36.32696], [139.34825, 36.32774], [139.34814, 36.32796], [139.34798, 36.3282], [139.34775, 36.32848], [139.34758, 36.32867], [139.34733, 36.32892], [139.34706, 36.32915], [139.34686, 36.32929], [139.34615, 36.32978], [139.34415, 36.33114], [139.34215, 36.33249]]}, "properties": {"id": "GEOM_TOKYO_3731", "route_id": "R_8B11A847", "route_name": "桐生線", "route_color": "#1F78FF", "route_text_color": "#ffffff", "line_name": "桐生線", "operator_id": "tobu", "representation": "service_path", "min_zoom": 0, "max_zoom": 24, "offset_rank": 0}}, {"type": "Feature", "bbox": [139.30406, 36.39559, 139.31999, 36.41021], "geometry": {"type": "LineString", "coordinates": [[139.31999, 36.39559], [139.3199, 36.39585], [139.3198, 36.39607], [139.3197, 36.39628], [139.31951, 36.39662], [139.31933, 36.39696], [139.31915, 36.39723], [139.31899, 36.39743], [139.31883, 36.39762], [139.31865, 36.39779], [139.31834, 36.39804], [139.3181, 36.3982], [139.3178, 36.39839], [139.31723, 36.39873], [139.31687, 36.39893], [139.31658, 36.3991], [139.31631, 36.39927], [139.31609, 36.3994], [139.31563, 36.39973], [139.31537, 36.39995], [139.31513, 36.40017], [139.31468, 36.40057], [139.31438, 36.40084], [139.31399, 36.4012], [139.31377, 36.4014], [139.31358, 36.40156], [139.31341, 36.40172], [139.31328, 36.40187], [139.31324, 36.40192], [139.31316, 36.402], [139.31311, 36.40208], [139.31306, 36.40216], [139.31301, 36.40225], [139.31293, 36.40242], [139.31282, 36.40265], [139.3127, 36.40293], [139.31261, 36.40314], [139.31252, 36.40333], [139.31239, 36.40358], [139.31223, 36.40384], [139.31206, 36.40405], [139.31176, 36.40437], [139.31139, 36.40477], [139.31132, 36.40484], [139.31119, 36.40496], [139.31107, 36.40507], [139.31078, 36.40532], [139.31049, 36.40554], [139.31002, 36.40588], [139.30967, 36.40612], [139.30935, 36.40635], [139.30903, 36.40657], [139.3088, 36.40671], [139.30854, 36.40688], [139.30772, 36.40738], [139.30704, 36.40776], [139.30653, 36.40805], [139.30586, 36.40843], [139.30558, 36.40863], [139.30529, 36.40887], [139.30496, 36.40915], [139.30462, 36.40946], [139.30435, 36.40976], [139.30417, 36.41], [139.30406, 36.41021]]}, "properties": {"id": "GEOM_TOKYO_3732", "route_id": "R_8B11A847", "route_name": "桐生線", "route_color": "#1F78FF", "route_text_color": "#ffffff", "line_name": "桐生線", "operator_id": "tobu", "representation": "service_path", "min_zoom": 0, "max_zoom": 24, "offset_rank": 0}}, {"type": "Feature", "bbox": [139.30529, 36.35933, 139.31507, 36.38465], "geometry": {"type": "LineString", "coordinates": [[139.31507, 36.35933], [139.31504, 36.35935], [139.31495, 36.35941], [139.31467, 36.35965], [139.31438, 36.35987], [139.31383, 36.36031], [139.3135, 36.36058], [139.31317, 36.36086], [139.3127, 36.36124], [139.31233, 36.36153], [139.31197, 36.36184], [139.31149, 36.36224], [139.31125, 36.36246], [139.31102, 36.36269], [139.31059, 36.36319], [139.3104, 36.36345], [139.31017, 36.36375], [139.30971, 36.36434], [139.30946, 36.3647], [139.3092, 36.36505], [139.3088, 36.36558], [139.30852, 36.36595], [139.30825, 36.36634], [139.30821, 36.36638], [139.30758, 36.36722], [139.30733, 36.36758], [139.30705, 36.36795], [139.30662, 36.36859], [139.30649, 36.36887], [139.30636, 36.36913], [139.30625, 36.36944], [139.30619, 36.36973], [139.30613, 36.36998], [139.30605, 36.37042], [139.30596, 36.37101], [139.30586, 36.37159], [139.3058, 36.37203], [139.30574, 36.37244], [139.30566, 36.37302], [139.30559, 36.37344], [139.30553, 36.37386], [139.30542, 36.37455], [139.30536, 36.37491], [139.30536, 36.37494], [139.30533, 36.37523], [139.3053, 36.37555], [139.3053, 36.37567], [139.30529, 36.37579], [139.3053, 36.37603], [139.30532, 36.37627], [139.30534, 36.37675], [139.30537, 36.37702], [139.3054, 36.37731], [139.30546, 36.37791], [139.30553, 36.37841], [139.30556, 36.37871], [139.30562, 36.37918], [139.30568, 36.3795], [139.30571, 36.37989], [139.3058, 36.38052], [139.30586, 36.38106], [139.30592, 36.38154], [139.30597, 36.38197], [139.30604, 36.38245], [139.3061, 36.38294], [139.30617, 36.38354], [139.30621, 36.3839], [139.30625, 36.38421], [139.30629, 36.38445], [139.30633, 36.38465]]}, "properties": {"id": "GEOM_TOKYO_3733", "route_id": "R_8B11A847", "route_name": "桐生線", "route_color": "#1F78FF", "route_text_color": "#ffffff", "line_name": "桐生線", "operator_id": "tobu", "representation": "service_path", "min_zoom": 0, "max_zoom": 24, "offset_rank": 0}}, {"type": "Feature", "bbox": [139.31647, 36.33356, 139.34058, 36.35819], "geometry": {"type": "LineString", "coordinates": [[139.34058, 36.33356], [139.33992, 36.33402], [139.33816, 36.33523], [139.33672, 36.33621], [139.33636, 36.33648], [139.3362, 36.33659], [139.33566, 36.33697], [139.3352, 36.33729], [139.33479, 36.33758], [139.33436, 36.33788], [139.3334, 36.33854], [139.33305, 36.33879], [139.3327, 36.33905], [139.3324, 36.33928], [139.33208, 36.33952], [139.33182, 36.33971], [139.33157, 36.33991], [139.33132, 36.34014], [139.33113, 36.34033], [139.33104, 36.34044], [139.33089, 36.3406], [139.33052, 36.34111], [139.33028, 36.34144], [139.32997, 36.34184], [139.32967, 36.34226], [139.32928, 36.34277], [139.32885, 36.34335], [139.32818, 36.34425], [139.32793, 36.34459], [139.32762, 36.345], [139.32728, 36.34545], [139.32668, 36.34628], [139.32635, 36.34674], [139.326, 36.34723], [139.32593, 36.34733], [139.32578, 36.34753], [139.32559, 36.34781], [139.32531, 36.34818], [139.32484, 36.34886], [139.32473, 36.349], [139.3246, 36.34921], [139.3245, 36.34933], [139.32421, 36.34974], [139.3237, 36.35045], [139.32343, 36.3508], [139.32326, 36.35106], [139.32322, 36.35111], [139.3229, 36.35154], [139.32245, 36.35216], [139.32224, 36.35245], [139.32193, 36.35286], [139.3216, 36.3533], [139.32134, 36.35365], [139.3211, 36.35397], [139.32088, 36.35425], [139.32061, 36.35459], [139.32023, 36.35503], [139.32002, 36.35526], [139.3198, 36.35546], [139.31961, 36.35563], [139.31942, 36.3558], [139.31921, 36.35597], [139.31893, 36.35619], [139.3186, 36.35646], [139.31817, 36.35682], [139.31769, 36.35721], [139.31726, 36.35754], [139.31682, 36.3579], [139.31647, 36.35819]]}, "properties": {"id": "GEOM_TOKYO_3734", "route_id": "R_8B11A847", "route_name": "桐生線", "route_color": "#1F78FF", "route_text_color": "#ffffff", "line_name": "桐生線", "operator_id": "tobu", "representation": "service_path", "min_zoom": 0, "max_zoom": 24, "offset_rank": 0}}, {"type": "Feature", "bbox": [139.35474, 36.31292, 139.35519, 36.31388], "geometry": {"type": "LineString", "coordinates": [[139.35519, 36.31292], [139.35474, 36.31388]]}, "properties": {"id": "GEOM_TOKYO_3735", "route_id": "R_8B11A847", "route_name": "桐生線", "route_color": "#1F78FF", "route_text_color": "#ffffff", "line_name": "桐生線", "operator_id": "tobu", "representation": "service_path", "min_zoom": 0, "max_zoom": 24, "offset_rank": 0}}, {"type": "Feature", "bbox": [139.30676, 36.38555, 139.3202, 36.39446], "geometry": {"type": "LineString", "coordinates": [[139.30676, 36.38555], [139.30687, 36.38569], [139.30701, 36.38589], [139.30717, 36.38604], [139.30732, 36.3862], [139.30749, 36.38633], [139.30768, 36.38646], [139.3078, 36.38654], [139.30796, 36.38665], [139.3084, 36.38686], [139.30875, 36.38701], [139.30917, 36.38719], [139.30949, 36.3873], [139.31001, 36.38746], [139.31042, 36.38759], [139.31115, 36.3878], [139.3117, 36.38799], [139.31239, 36.38822], [139.31298, 36.38845], [139.31367, 36.38872], [139.31409, 36.38889], [139.31475, 36.3892], [139.31526, 36.38948], [139.31551, 36.38962], [139.3156, 36.38967], [139.31609, 36.38993], [139.31639, 36.39011], [139.31667, 36.39028], [139.31701, 36.39047], [139.31734, 36.39067], [139.31754, 36.39078], [139.31787, 36.39097], [139.31812, 36.39112], [139.31861, 36.3914], [139.31888, 36.39156], [139.3191, 36.39172], [139.31923, 36.39184], [139.3194, 36.392], [139.31957, 36.3922], [139.31969, 36.39239], [139.31981, 36.39259], [139.31992, 36.39278], [139.32, 36.39301], [139.3201, 36.3933], [139.32016, 36.39357], [139.32018, 36.39385], [139.3202, 36.39409], [139.3202, 36.3943], [139.32018, 36.39446]]}, "properties": {"id": "GEOM_TOKYO_3736", "route_id": "R_8B11A847", "route_name": "桐生線", "route_color": "#1F78FF", "route_text_color": "#ffffff", "line_name": "桐生線", "operator_id": "tobu", "representation": "service_path", "min_zoom": 0, "max_zoom": 24, "offset_rank": 0}}, {"type": "Feature", "bbox": [139.2989, 36.41106, 139.30377, 36.41857], "geometry": {"type": "LineString", "coordinates": [[139.30377, 36.41106], [139.3037, 36.41132], [139.30349, 36.41197], [139.30313, 36.41299], [139.30289, 36.41364], [139.30272, 36.4142], [139.30254, 36.41468], [139.30239, 36.415], [139.30227, 36.41519], [139.30218, 36.41529], [139.30172, 36.41577], [139.30135, 36.41617], [139.30093, 36.41662], [139.30012, 36.41744], [139.29997, 36.41759], [139.29953, 36.41803], [139.29928, 36.41827], [139.2989, 36.41857]]}, "properties": {"id": "GEOM_TOKYO_3737", "route_id": "R_8B11A847", "route_name": "桐生線", "route_color": "#1F78FF", "route_text_color": "#ffffff", "line_name": "桐生線", "operator_id": "tobu", "representation": "service_path", "min_zoom": 0, "max_zoom": 24, "offset_rank": 0}}, {"type": "Feature", "bbox": [139.5257, 36.24746, 139.5276, 36.24996], "geometry": {"type": "LineString", "coordinates": [[139.5276, 36.24746], [139.52749, 36.24776], [139.52731, 36.24804], [139.52723, 36.24817], [139.52693, 36.24855], [139.52654, 36.24903], [139.5257, 36.24996]]}, "properties": {"id": "GEOM_TOKYO_3743", "route_id": "R_99693EF0", "route_name": "佐野線", "route_color": "#1F78FF", "route_text_color": "#ffffff", "line_name": "佐野線", "operator_id": "tobu", "representation": "service_path", "min_zoom": 0, "max_zoom": 24, "offset_rank": 0}}, {"type": "Feature", "bbox": [139.5276, 36.24573, 139.52802, 36.24746], "geometry": {"type": "LineString", "coordinates": [[139.52802, 36.24573], [139.52787, 36.24638], [139.52773, 36.24689], [139.5276, 36.24746]]}, "properties": {"id": "GEOM_TOKYO_3744", "route_id": "R_99693EF0", "route_name": "佐野線", "route_color": "#1F78FF", "route_text_color": "#ffffff", "line_name": "佐野線", "operator_id": "tobu", "representation": "service_path", "min_zoom": 0, "max_zoom": 24, "offset_rank": 0}}, {"type": "Feature", "bbox": [139.53694, 36.26165, 139.53802, 36.26203], "geometry": {"type": "LineString", "coordinates": [[139.53802, 36.26203], [139.53694, 36.26165]]}, "properties": {"id": "GEOM_TOKYO_3746", "route_id": "R_99693EF0", "route_name": "佐野線", "route_color": "#1F78FF", "route_text_color": "#ffffff", "line_name": "佐野線", "operator_id": "tobu", "representation": "service_path", "min_zoom": 0, "max_zoom": 24, "offset_rank": 0}}, {"type": "Feature", "bbox": [139.52294, 36.2526, 139.53694, 36.26165], "geometry": {"type": "LineString", "coordinates": [[139.52341, 36.2526], [139.52333, 36.25287], [139.52321, 36.25316], [139.52311, 36.25338], [139.52299, 36.25383], [139.52294, 36.25413], [139.52294, 36.25446], [139.52297, 36.25485], [139.52305, 36.25522], [139.5232, 36.25559], [139.52327, 36.25582], [139.52348, 36.25615], [139.52368, 36.25639], [139.52395, 36.25671], [139.52411, 36.25685], [139.52431, 36.25701], [139.52449, 36.25714], [139.52475, 36.25729], [139.52516, 36.25751], [139.52566, 36.25774], [139.52633, 36.25798], [139.52738, 36.25833], [139.52845, 36.25871], [139.52924, 36.25897], [139.52963, 36.25911], [139.53046, 36.2594], [139.53172, 36.25984], [139.53278, 36.26021], [139.53412, 36.26068], [139.53546, 36.26116], [139.53673, 36.26158], [139.53694, 36.26165]]}, "properties": {"id": "GEOM_TOKYO_3747", "route_id": "R_99693EF0", "route_name": "佐野線", "route_color": "#1F78FF", "route_text_color": "#ffffff", "line_name": "佐野線", "operator_id": "tobu", "representation": "service_path", "min_zoom": 0, "max_zoom": 24, "offset_rank": 0}}, {"type": "Feature", "bbox": [139.52341, 36.24996, 139.5257, 36.2526], "geometry": {"type": "LineString", "coordinates": [[139.5257, 36.24996], [139.52564, 36.25004], [139.5254, 36.2503], [139.52503, 36.25073], [139.52445, 36.25138], [139.52382, 36.2521], [139.52359, 36.25235], [139.52341, 36.2526]]}, "properties": {"id": "GEOM_TOKYO_3748", "route_id": "R_99693EF0", "route_name": "佐野線", "route_color": "#1F78FF", "route_text_color": "#ffffff", "line_name": "佐野線", "operator_id": "tobu", "representation": "service_path", "min_zoom": 0, "max_zoom": 24, "offset_rank": 0}}, {"type": "Feature", "bbox": [139.53802, 36.26203, 139.56469, 36.28985], "geometry": {"type": "LineString", "coordinates": [[139.56469, 36.28985], [139.56425, 36.28907], [139.56384, 36.28833], [139.56364, 36.28793], [139.56348, 36.28756], [139.56325, 36.28717], [139.56288, 36.28653], [139.56246, 36.2858], [139.56198, 36.28501], [139.56156, 36.28428], [139.56107, 36.28346], [139.56072, 36.28287], [139.56038, 36.2823], [139.56014, 36.28192], [139.55991, 36.28151], [139.55948, 36.2808], [139.55918, 36.2803], [139.55884, 36.27975], [139.55842, 36.27907], [139.55813, 36.2786], [139.55777, 36.27799], [139.55755, 36.27762], [139.55732, 36.27716], [139.55723, 36.27693], [139.55719, 36.27672], [139.55719, 36.27652], [139.5572, 36.27626], [139.55724, 36.27602], [139.5573, 36.27566], [139.55734, 36.2753], [139.55737, 36.27497], [139.55739, 36.27465], [139.55737, 36.27437], [139.55732, 36.27415], [139.55723, 36.27391], [139.55709, 36.27363], [139.5569, 36.27331], [139.55677, 36.27315], [139.55651, 36.27285], [139.55607, 36.27234], [139.55573, 36.27195], [139.5557, 36.27192], [139.55515, 36.27128], [139.55462, 36.27068], [139.55399, 36.26997], [139.55393, 36.2699], [139.55375, 36.26969], [139.55344, 36.26933], [139.5529, 36.26875], [139.55274, 36.26857], [139.55231, 36.26813], [139.55171, 36.26759], [139.55151, 36.26745], [139.55105, 36.26709], [139.54994, 36.2664], [139.54864, 36.26579], [139.54748, 36.26531], [139.54552, 36.26462], [139.54405, 36.2641], [139.54367, 36.26396], [139.54244, 36.26355], [139.54103, 36.26306], [139.53985, 36.26267], [139.53853, 36.26222], [139.53802, 36.26203]]}, "properties": {"id": "GEOM_TOKYO_3754", "route_id": "R_99693EF0", "route_name": "佐野線", "route_color": "#1F78FF", "route_text_color": "#ffffff", "line_name": "佐野線", "operator_id": "tobu", "representation": "service_path", "min_zoom": 0, "max_zoom": 24, "offset_rank": 0}}, {"type": "Feature", "bbox": [139.37774, 36.29378, 139.38057, 36.29406], "geometry": {"type": "LineString", "coordinates": [[139.37774, 36.29406], [139.38057, 36.29378]]}, "properties": {"id": "GEOM_TOKYO_3759", "route_id": "R_AE1CF018", "route_name": "小泉線", "route_color": "#1F78FF", "route_text_color": "#ffffff", "line_name": "小泉線", "operator_id": "tobu", "representation": "service_path", "min_zoom": 0, "max_zoom": 24, "offset_rank": 0}}, {"type": "Feature", "bbox": [139.42809, 36.2596, 139.42903, 36.25983], "geometry": {"type": "LineString", "coordinates": [[139.42903, 36.2596], [139.42809, 36.25983]]}, "properties": {"id": "GEOM_TOKYO_3760", "route_id": "R_AE1CF018", "route_name": "小泉線", "route_color": "#1F78FF", "route_text_color": "#ffffff", "line_name": "小泉線", "operator_id": "tobu", "representation": "service_path", "min_zoom": 0, "max_zoom": 24, "offset_rank": 0}}, {"type": "Feature", "bbox": [139.42903, 36.2569, 139.4452, 36.2596], "geometry": {"type": "LineString", "coordinates": [[139.4452, 36.2569], [139.44494, 36.25693], [139.44483, 36.25693], [139.44454, 36.25697], [139.4438, 36.25704], [139.44352, 36.25707], [139.44336, 36.2571], [139.44265, 36.25718], [139.44228, 36.25721], [139.44224, 36.25723], [139.44119, 36.25734], [139.4401, 36.25746], [139.43919, 36.25759], [139.43859, 36.25766], [139.43771, 36.25778], [139.43693, 36.2579], [139.43686, 36.25792], [139.43671, 36.25794], [139.43638, 36.258], [139.43624, 36.25802], [139.43571, 36.25812], [139.43533, 36.25819], [139.43514, 36.25824], [139.43506, 36.25826], [139.43492, 36.25829], [139.43476, 36.25832], [139.43399, 36.2585], [139.4339, 36.25852], [139.43376, 36.25854], [139.43332, 36.25865], [139.43293, 36.25873], [139.43281, 36.25876], [139.43244, 36.25884], [139.4323, 36.25887], [139.43207, 36.25893], [139.43172, 36.259], [139.43157, 36.25903], [139.43142, 36.25907], [139.43089, 36.25919], [139.43041, 36.25929], [139.43014, 36.25935], [139.42991, 36.25941], [139.42982, 36.25943], [139.42944, 36.25951], [139.42932, 36.25954], [139.42903, 36.2596]]}, "properties": {"id": "GEOM_TOKYO_3761", "route_id": "R_AE1CF018", "route_name": "小泉線", "route_color": "#1F78FF", "route_text_color": "#ffffff", "line_name": "小泉線", "operator_id": "tobu", "representation": "service_path", "min_zoom": 0, "max_zoom": 24, "offset_rank": 0}}, {"type": "Feature", "bbox": [139.50501, 36.24903, 139.50613, 36.24913], "geometry": {"type": "LineString", "coordinates": [[139.50613, 36.24913], [139.50501, 36.24903]]}, "properties": {"id": "GEOM_TOKYO_3762", "route_id": "R_AE1CF018", "route_name": "小泉線", "route_color": "#1F78FF", "route_text_color": "#ffffff", "line_name": "小泉線", "operator_id": "tobu", "representation": "service_path", "min_zoom": 0, "max_zoom": 24, "offset_rank": 0}}, {"type": "Feature", "bbox": [139.42548, 36.25983, 139.42809, 36.2604], "geometry": {"type": "LineString", "coordinates": [[139.42809, 36.25983], [139.42787, 36.25988], [139.42783, 36.25989], [139.42776, 36.2599], [139.42722, 36.26002], [139.42698, 36.26007], [139.42685, 36.2601], [139.42665, 36.26014], [139.42652, 36.26017], [139.42646, 36.26018], [139.42598, 36.26028], [139.42548, 36.2604]]}, "properties": {"id": "GEOM_TOKYO_3763", "route_id": "R_AE1CF018", "route_name": "小泉線", "route_color": "#1F78FF", "route_text_color": "#ffffff", "line_name": "小泉線", "operator_id": "tobu", "representation": "service_path", "min_zoom": 0, "max_zoom": 24, "offset_rank": 0}}, {"type": "Feature", "bbox": [139.40881, 36.25925, 139.41975, 36.26267], "geometry": {"type": "LineString", "coordinates": [[139.41975, 36.26164], [139.41916, 36.26176], [139.41694, 36.26222], [139.41641, 36.26233], [139.4163, 36.26235], [139.41574, 36.26246], [139.41566, 36.26249], [139.41504, 36.2626], [139.41464, 36.26266], [139.41387, 36.26267], [139.41356, 36.26264], [139.41315, 36.2626], [139.41261, 36.26251], [139.41258, 36.2625], [139.41255, 36.2625], [139.41222, 36.26242], [139.4118, 36.2623], [139.41165, 36.26225], [139.41154, 36.2622], [139.41151, 36.26219], [139.41138, 36.26214], [139.41101, 36.26196], [139.41067, 36.26175], [139.41063, 36.26174], [139.41028, 36.26144], [139.41017, 36.26132], [139.40996, 36.26111], [139.40976, 36.26089], [139.40951, 36.26053], [139.40939, 36.26032], [139.40935, 36.26027], [139.40905, 36.25973], [139.40899, 36.2596], [139.40897, 36.25957], [139.40882, 36.25929], [139.40881, 36.25925]]}, "properties": {"id": "GEOM_TOKYO_3764", "route_id": "R_AE1CF018", "route_name": "小泉線", "route_color": "#1F78FF", "route_text_color": "#ffffff", "line_name": "小泉線", "operator_id": "tobu", "representation": "service_path", "min_zoom": 0, "max_zoom": 24, "offset_rank": 0}}, {"type": "Feature", "bbox": [139.40872, 36.27851, 139.40948, 36.27919], "geometry": {"type": "LineString", "coordinates": [[139.40948, 36.27851], [139.40872, 36.27919]]}, "properties": {"id": "GEOM_TOKYO_3765", "route_id": "R_AE1CF018", "route_name": "小泉線", "route_color": "#1F78FF", "route_text_color": "#ffffff", "line_name": "小泉線", "operator_id": "tobu", "representation": "service_path", "min_zoom": 0, "max_zoom": 24, "offset_rank": 0}}, {"type": "Feature", "bbox": [139.40821, 36.25808, 139.40881, 36.25925], "geometry": {"type": "LineString", "coordinates": [[139.40881, 36.25925], [139.40821, 36.25808]]}, "properties": {"id": "GEOM_TOKYO_3766", "route_id": "R_AE1CF018", "route_name": "小泉線", "route_color": "#1F78FF", "route_text_color": "#ffffff", "line_name": "小泉線", "operator_id": "tobu", "representation": "service_path", "min_zoom": 0, "max_zoom": 24, "offset_rank": 0}}, {"type": "Feature", "bbox": [139.47001, 36.24786, 139.50501, 36.25847], "geometry": {"type": "LineString", "coordinates": [[139.50501, 36.24903], [139.50427, 36.24896], [139.50264, 36.2488], [139.50056, 36.24863], [139.49969, 36.24854], [139.49765, 36.24835], [139.49677, 36.24827], [139.49364, 36.24808], [139.49302, 36.24804], [139.49228, 36.248], [139.49207, 36.24799], [139.49186, 36.24798], [139.49163, 36.24797], [139.4915, 36.24796], [139.49086, 36.24793], [139.48971, 36.24788], [139.48893, 36.24786], [139.48826, 36.24786], [139.48802, 36.24789], [139.48782, 36.24794], [139.48751, 36.24804], [139.48721, 36.24814], [139.48703, 36.24819], [139.48647, 36.24838], [139.48587, 36.24858], [139.48425, 36.24912], [139.48329, 36.24944], [139.48326, 36.24945], [139.48293, 36.24956], [139.47868, 36.25098], [139.47721, 36.25148], [139.47673, 36.25165], [139.47648, 36.25177], [139.47627, 36.25189], [139.47601, 36.2521], [139.47565, 36.25258], [139.47527, 36.25316], [139.47521, 36.25328], [139.47475, 36.25439], [139.47434, 36.25528], [139.47423, 36.2555], [139.47413, 36.25572], [139.47402, 36.25594], [139.47393, 36.25611], [139.47359, 36.25663], [139.47347, 36.25679], [139.47339, 36.25689], [139.47325, 36.25706], [139.47281, 36.25755], [139.47258, 36.25777], [139.47229, 36.25799], [139.47208, 36.2581], [139.47202, 36.25815], [139.47189, 36.2582], [139.47179, 36.25825], [139.47161, 36.25831], [139.47128, 36.25838], [139.47087, 36.25844], [139.47059, 36.25847], [139.47048, 36.25847], [139.47039, 36.25847], [139.47001, 36.25845]]}, "properties": {"id": "GEOM_TOKYO_3767", "route_id": "R_AE1CF018", "route_name": "小泉線", "route_color": "#1F78FF", "route_text_color": "#ffffff", "line_name": "小泉線", "operator_id": "tobu", "representation": "service_path", "min_zoom": 0, "max_zoom": 24, "offset_rank": 0}}, {"type": "Feature", "bbox": [139.4452, 36.25673, 139.44698, 36.2569], "geometry": {"type": "LineString", "coordinates": [[139.44698, 36.25673], [139.4452, 36.2569]]}, "properties": {"id": "GEOM_TOKYO_3768", "route_id": "R_AE1CF018", "route_name": "小泉線", "route_color": "#1F78FF", "route_text_color": "#ffffff", "line_name": "小泉線", "operator_id": "tobu", "representation": "service_path", "min_zoom": 0, "max_zoom": 24, "offset_rank": 0}}, {"type": "Feature", "bbox": [139.5276, 36.24573, 139.52802, 36.24746], "geometry": {"type": "LineString", "coordinates": [[139.52802, 36.24573], [139.52787, 36.24638], [139.52773, 36.24689], [139.5276, 36.24746]]}, "properties": {"id": "GEOM_TOKYO_3769", "route_id": "R_AE1CF018", "route_name": "小泉線", "route_color": "#1F78FF", "route_text_color": "#ffffff", "line_name": "小泉線", "operator_id": "tobu", "representation": "service_path", "min_zoom": 0, "max_zoom": 24, "offset_rank": 0}}, {"type": "Feature", "bbox": [139.5257, 36.24746, 139.5276, 36.24996], "geometry": {"type": "LineString", "coordinates": [[139.5276, 36.24746], [139.52749, 36.24776], [139.52731, 36.24804], [139.52723, 36.24817], [139.52693, 36.24855], [139.52654, 36.24903], [139.5257, 36.24996]]}, "properties": {"id": "GEOM_TOKYO_3770", "route_id": "R_AE1CF018", "route_name": "小泉線", "route_color": "#1F78FF", "route_text_color": "#ffffff", "line_name": "小泉線", "operator_id": "tobu", "representation": "service_path", "min_zoom": 0, "max_zoom": 24, "offset_rank": 0}}, {"type": "Feature", "bbox": [139.50613, 36.24913, 139.5257, 36.25071], "geometry": {"type": "LineString", "coordinates": [[139.5257, 36.24996], [139.52539, 36.25016], [139.525, 36.2504], [139.52465, 36.25055], [139.5243, 36.25065], [139.52386, 36.25071], [139.52362, 36.25071], [139.52308, 36.25069], [139.52252, 36.25065], [139.52152, 36.25057], [139.52079, 36.2505], [139.51993, 36.25042], [139.51866, 36.2503], [139.51714, 36.25016], [139.51647, 36.25009], [139.51529, 36.24999], [139.51281, 36.24976], [139.51129, 36.24961], [139.50896, 36.2494], [139.50752, 36.24927], [139.50613, 36.24913]]}, "properties": {"id": "GEOM_TOKYO_3771", "route_id": "R_AE1CF018", "route_name": "小泉線", "route_color": "#1F78FF", "route_text_color": "#ffffff", "line_name": "小泉線", "operator_id": "tobu", "representation": "service_path", "min_zoom": 0, "max_zoom": 24, "offset_rank": 0}}, {"type": "Feature", "bbox": [139.40948, 36.2604, 139.42548, 36.27851], "geometry": {"type": "LineString", "coordinates": [[139.40948, 36.27851], [139.4099, 36.27814], [139.41115, 36.27699], [139.41154, 36.27667], [139.41179, 36.27648], [139.41211, 36.27625], [139.41243, 36.27605], [139.41309, 36.27566], [139.41401, 36.27512], [139.41419, 36.27502], [139.41429, 36.27497], [139.41441, 36.27489], [139.41502, 36.27454], [139.41524, 36.27441], [139.41563, 36.27418], [139.41606, 36.27392], [139.41633, 36.27377], [139.41639, 36.27373], [139.41645, 36.2737], [139.41652, 36.27366], [139.41699, 36.27339], [139.41763, 36.27304], [139.41779, 36.27293], [139.41815, 36.27274], [139.41874, 36.27241], [139.41957, 36.27193], [139.41989, 36.27175], [139.42053, 36.27138], [139.42075, 36.27124], [139.42079, 36.27121], [139.42085, 36.27117], [139.42096, 36.27109], [139.42107, 36.27101], [139.42114, 36.27095], [139.42121, 36.2709], [139.4213, 36.27081], [139.42151, 36.27061], [139.42168, 36.27042], [139.42177, 36.27028], [139.42185, 36.27017], [139.42194, 36.26999], [139.42201, 36.2698], [139.42212, 36.2695], [139.42216, 36.2694], [139.42222, 36.26924], [139.42231, 36.26887], [139.42233, 36.26868], [139.42234, 36.26851], [139.42234, 36.26824], [139.42235, 36.26819], [139.42235, 36.26802], [139.42238, 36.26667], [139.42242, 36.26543], [139.42245, 36.2646], [139.42245, 36.26458], [139.42245, 36.26455], [139.42248, 36.26375], [139.42248, 36.26372], [139.42249, 36.26365], [139.42251, 36.26328], [139.42258, 36.26295], [139.4226, 36.2629], [139.42262, 36.26285], [139.42268, 36.26272], [139.42271, 36.26266], [139.42273, 36.26262], [139.42277, 36.26253], [139.4229, 36.2623], [139.42299, 36.26216], [139.42303, 36.26209], [139.42314, 36.26192], [139.4232, 36.26183], [139.42326, 36.26175], [139.42328, 36.26172], [139.42333, 36.26167], [139.42346, 36.26152], [139.42348, 36.2615], [139.4237, 36.26132], [139.42399, 36.26111], [139.42418, 36.26099], [139.4244, 36.26088], [139.42473, 36.26071], [139.42508, 36.26058], [139.42548, 36.2604]]}, "properties": {"id": "GEOM_TOKYO_3772", "route_id": "R_AE1CF018", "route_name": "小泉線", "route_color": "#1F78FF", "route_text_color": "#ffffff", "line_name": "小泉線", "operator_id": "tobu", "representation": "service_path", "min_zoom": 0, "max_zoom": 24, "offset_rank": 0}}, {"type": "Feature", "bbox": [139.46907, 36.25844, 139.47001, 36.25845], "geometry": {"type": "LineString", "coordinates": [[139.47001, 36.25845], [139.46907, 36.25844]]}, "properties": {"id": "GEOM_TOKYO_3773", "route_id": "R_AE1CF018", "route_name": "小泉線", "route_color": "#1F78FF", "route_text_color": "#ffffff", "line_name": "小泉線", "operator_id": "tobu", "representation": "service_path", "min_zoom": 0, "max_zoom": 24, "offset_rank": 0}}, {"type": "Feature", "bbox": [139.42075, 36.2604, 139.42548, 36.26142], "geometry": {"type": "LineString", "coordinates": [[139.42075, 36.26142], [139.42438, 36.26063], [139.42445, 36.26061], [139.42447, 36.26061], [139.42498, 36.2605], [139.42548, 36.2604]]}, "properties": {"id": "GEOM_TOKYO_3774", "route_id": "R_AE1CF018", "route_name": "小泉線", "route_color": "#1F78FF", "route_text_color": "#ffffff", "line_name": "小泉線", "operator_id": "tobu", "representation": "service_path", "min_zoom": 0, "max_zoom": 24, "offset_rank": 0}}, {"type": "Feature", "bbox": [139.38057, 36.27919, 139.40872, 36.29378], "geometry": {"type": "LineString", "coordinates": [[139.40872, 36.27919], [139.40858, 36.27932], [139.40679, 36.28087], [139.40667, 36.28099], [139.40654, 36.2811], [139.40609, 36.2815], [139.406, 36.28157], [139.40512, 36.28233], [139.40503, 36.28243], [139.40492, 36.28252], [139.40475, 36.28267], [139.4045, 36.28289], [139.40416, 36.28317], [139.40369, 36.28354], [139.40328, 36.28382], [139.40307, 36.28395], [139.40261, 36.28418], [139.40258, 36.2842], [139.40199, 36.28449], [139.40155, 36.28471], [139.40139, 36.28479], [139.40113, 36.28493], [139.40036, 36.28532], [139.39998, 36.28552], [139.39962, 36.2857], [139.39939, 36.28583], [139.39828, 36.28639], [139.39744, 36.28683], [139.39738, 36.28686], [139.39713, 36.28699], [139.39679, 36.28716], [139.39664, 36.28723], [139.39645, 36.28733], [139.39568, 36.28771], [139.39552, 36.28779], [139.39548, 36.28781], [139.39484, 36.28812], [139.39476, 36.28817], [139.39437, 36.28837], [139.39376, 36.28869], [139.39368, 36.28874], [139.39336, 36.2889], [139.39273, 36.28922], [139.3927, 36.28923], [139.39234, 36.28943], [139.39181, 36.28976], [139.39179, 36.28977], [139.39126, 36.29003], [139.39081, 36.29025], [139.39071, 36.2903], [139.39012, 36.29061], [139.38971, 36.29086], [139.38937, 36.2911], [139.38865, 36.29166], [139.38788, 36.29228], [139.38742, 36.29264], [139.38691, 36.29301], [139.38659, 36.29322], [139.38633, 36.29335], [139.38606, 36.29345], [139.38593, 36.29349], [139.3858, 36.29353], [139.38542, 36.2936], [139.38531, 36.29362], [139.38511, 36.29365], [139.3848, 36.29369], [139.38447, 36.29372], [139.38406, 36.29373], [139.38393, 36.29373], [139.3837, 36.29374], [139.38332, 36.29375], [139.38299, 36.29377], [139.38245, 36.29378], [139.3811, 36.29378], [139.38057, 36.29378]]}, "properties": {"id": "GEOM_TOKYO_3775", "route_id": "R_AE1CF018", "route_name": "小泉線", "route_color": "#1F78FF", "route_text_color": "#ffffff", "line_name": "小泉線", "operator_id": "tobu", "representation": "service_path", "min_zoom": 0, "max_zoom": 24, "offset_rank": 0}}, {"type": "Feature", "bbox": [139.41975, 36.26142, 139.42075, 36.26164], "geometry": {"type": "LineString", "coordinates": [[139.42075, 36.26142], [139.41975, 36.26164]]}, "properties": {"id": "GEOM_TOKYO_3776", "route_id": "R_AE1CF018", "route_name": "小泉線", "route_color": "#1F78FF", "route_text_color": "#ffffff", "line_name": "小泉線", "operator_id": "tobu", "representation": "service_path", "min_zoom": 0, "max_zoom": 24, "offset_rank": 0}}, {"type": "Feature", "bbox": [139.44698, 36.2566, 139.46907, 36.25844], "geometry": {"type": "LineString", "coordinates": [[139.46907, 36.25844], [139.46899, 36.25843], [139.46835, 36.25841], [139.46704, 36.25835], [139.46681, 36.25834], [139.46672, 36.25835], [139.46671, 36.25834], [139.46585, 36.2583], [139.46456, 36.25823], [139.46421, 36.25821], [139.4639, 36.25819], [139.46385, 36.25818], [139.4637, 36.25817], [139.46361, 36.25815], [139.46329, 36.25812], [139.46187, 36.25795], [139.46091, 36.25783], [139.46052, 36.25779], [139.46042, 36.25777], [139.4603, 36.25777], [139.45975, 36.2577], [139.45888, 36.25761], [139.45835, 36.25754], [139.45798, 36.2575], [139.45683, 36.25738], [139.45678, 36.25737], [139.45671, 36.25737], [139.45567, 36.25725], [139.45557, 36.25724], [139.45467, 36.25713], [139.45423, 36.25708], [139.45363, 36.25702], [139.45351, 36.25701], [139.45271, 36.25692], [139.45235, 36.25688], [139.45209, 36.25684], [139.45189, 36.25681], [139.45166, 36.2568], [139.45097, 36.25671], [139.4505, 36.25666], [139.44971, 36.2566], [139.44878, 36.2566], [139.44869, 36.25661], [139.44818, 36.25663], [139.44816, 36.25663], [139.44782, 36.25666], [139.44738, 36.2567], [139.44698, 36.25673]]}, "properties": {"id": "GEOM_TOKYO_3777", "route_id": "R_AE1CF018", "route_name": "小泉線", "route_color": "#1F78FF", "route_text_color": "#ffffff", "line_name": "小泉線", "operator_id": "tobu", "representation": "service_path", "min_zoom": 0, "max_zoom": 24, "offset_rank": 0}}, {"type": "Feature", "bbox": [139.27714, 36.41939, 139.29753, 36.4275], "geometry": {"type": "LineString", "coordinates": [[139.29753, 36.41939], [139.29707, 36.41967], [139.29685, 36.4198], [139.29648, 36.42009], [139.29527, 36.42083], [139.29223, 36.42271], [139.2913, 36.4233], [139.28872, 36.42485], [139.28661, 36.42612], [139.28641, 36.42624], [139.28586, 36.42657], [139.28549, 36.42678], [139.28517, 36.42695], [139.28472, 36.42712], [139.28433, 36.42724], [139.28345, 36.42743], [139.28307, 36.42748], [139.28275, 36.4275], [139.28238, 36.42748], [139.28212, 36.42744], [139.28141, 36.4273], [139.27744, 36.42584], [139.27714, 36.42574]]}, "properties": {"id": "GEOM_TOKYO_4034", "route_id": "R_8B11A847", "route_name": "桐生線", "route_color": "#1F78FF", "route_text_color": "#ffffff", "line_name": "桐生線", "operator_id": "tobu", "representation": "service_path", "min_zoom": 0, "max_zoom": 24, "offset_rank": 0}}, {"type": "Feature", "bbox": [139.29815, 36.41857, 139.2989, 36.41901], "geometry": {"type": "LineString", "coordinates": [[139.2989, 36.41857], [139.29855, 36.41877], [139.29815, 36.41901]]}, "properties": {"id": "GEOM_TOKYO_4035", "route_id": "R_8B11A847", "route_name": "桐生線", "route_color": "#1F78FF", "route_text_color": "#ffffff", "line_name": "桐生線", "operator_id": "tobu", "representation": "service_path", "min_zoom": 0, "max_zoom": 24, "offset_rank": 0}}, {"type": "Feature", "bbox": [138.19025, 36.64375, 138.3740657, 36.8439844], "geometry": {"type": "LineString", "coordinates": [[138.19025, 36.64375], [138.19073342, 36.64407387], [138.19241094, 36.6454718], [138.19318724, 36.6461321], [138.19368395, 36.64650984], [138.19572957, 36.64784091], [138.19621926, 36.64817737], [138.19697439, 36.6487526], [138.19827714, 36.64978172], [138.19856178, 36.6499926], [138.1993946, 36.65056367], [138.20057957, 36.65131082], [138.20326931, 36.65310779], [138.20472554, 36.65411668], [138.20658152, 36.65531593], [138.21396213, 36.66004582], [138.22300329, 36.66568911], [138.23042721, 36.67049562], [138.23492439, 36.67332242], [138.23777974, 36.67504991], [138.24525482, 36.67940536], [138.24733685, 36.68078545], [138.24851468, 36.68163016], [138.25010892, 36.68286748], [138.25282151, 36.68524694], [138.26143991, 36.69309916], [138.26762651, 36.69863855], [138.26871155, 36.6995713], [138.27095776, 36.70126547], [138.27312783, 36.70265508], [138.28053271, 36.70731882], [138.29456201, 36.71617042], [138.29789326, 36.71824531], [138.30107222, 36.72014888], [138.30390853, 36.72167173], [138.30571692, 36.7225093], [138.31036163, 36.72452708], [138.31822337, 36.72801061], [138.32100258, 36.72955251], [138.32319169, 36.73103729], [138.326028, 36.73307411], [138.32901661, 36.73585332], [138.33086307, 36.73769978], [138.33312831, 36.74063128], [138.33444178, 36.74266809], [138.33615499, 36.74588513], [138.33691642, 36.74763641], [138.33773495, 36.75001587], [138.33826795, 36.75201462], [138.33859156, 36.75370879], [138.33899131, 36.7569639], [138.33958141, 36.76195125], [138.34001923, 36.76438781], [138.3405332, 36.76657692], [138.34114234, 36.76851856], [138.34201798, 36.77078381], [138.34340759, 36.77356302], [138.34487333, 36.77599958], [138.34668287, 36.77835411], [138.34821048, 36.7801387], [138.34996652, 36.78198041], [138.35199382, 36.78377928], [138.35393546, 36.78532117], [138.35807573, 36.78847634], [138.36080259, 36.79056074], [138.36210177, 36.79166005], [138.36335813, 36.79278792], [138.36482864, 36.79424415], [138.36634197, 36.79591453], [138.36742701, 36.79731365], [138.3684121, 36.79866995], [138.37002538, 36.80116838], [138.37078205, 36.80265316], [138.37172431, 36.80469474], [138.37273796, 36.8074216], [138.37336614, 36.80977727], [138.37378017, 36.81214721], [138.3740086, 36.81431728], [138.3740657, 36.81643024], [138.37392294, 36.81885729], [138.37375161, 36.82042774], [138.37338042, 36.82246932], [138.37285218, 36.82441096], [138.3724096, 36.82588146], [138.37165293, 36.82790876], [138.37008249, 36.83106393], [138.36886896, 36.83296274], [138.36819795, 36.83400494], [138.36568524, 36.83723149], [138.36181624, 36.84181433], [138.35998167, 36.8439844]]}, "properties": {"id": "GEOM_TOKYO_4143", "route_id": "R_F3B5B6DF", "route_name": null, "route_color": "#2C62C9", "route_text_color": null, "line_name": "北陸新幹線", "operator_id": "jr_east", "representation": "service_path", "min_zoom": 0, "max_zoom": 24, "offset_rank": 0}}, {"type": "Feature", "bbox": [138.35804003, 36.8439844, 138.35998167, 36.846302], "geometry": {"type": "LineString", "coordinates": [[138.35998167, 36.8439844], [138.35804003, 36.846302]]}, "properties": {"id": "GEOM_TOKYO_4144", "route_id": "R_F3B5B6DF", "route_name": null, "route_color": "#2C62C9", "route_text_color": null, "line_name": "北陸新幹線", "operator_id": "jr_east", "representation": "service_path", "min_zoom": 0, "max_zoom": 24, "offset_rank": 0}}, {"type": "Feature", "bbox": [138.24960275, 36.846302, 138.35804003, 37.08026308], "geometry": {"type": "LineString", "coordinates": [[138.35804003, 36.846302], [138.35162471, 36.85394869], [138.3448718, 36.86201507], [138.3398321, 36.86801131], [138.33096623, 36.87854756], [138.32381357, 36.88705651], [138.31499053, 36.89756421], [138.30710975, 36.9069726], [138.30562497, 36.9088143], [138.30375471, 36.91145551], [138.30172741, 36.91499614], [138.30067093, 36.9172376], [138.29947168, 36.92027855], [138.29874357, 36.92259138], [138.29824388, 36.92470434], [138.29768709, 36.92833064], [138.29745866, 36.93178562], [138.29713029, 36.93918099], [138.29671627, 36.94808969], [138.29625941, 36.95839751], [138.2961452, 36.96099588], [138.29613092, 36.96380841], [138.29625941, 36.96616407], [138.29655922, 36.96883383], [138.2978013, 36.97658611], [138.29947168, 36.98712237], [138.30168458, 37.00101366], [138.30328358, 37.01127865], [138.30348345, 37.01277771], [138.30354056, 37.01494778], [138.30348345, 37.01760326], [138.30314081, 37.02031585], [138.3024127, 37.02341391], [138.30164175, 37.02572674], [138.30035684, 37.02869631], [138.29865791, 37.03169443], [138.29601671, 37.03539211], [138.29056298, 37.0429588], [138.28606398, 37.04919505], [138.28397005, 37.05180056], [138.28166197, 37.05437038], [138.27913974, 37.05676173], [138.27553486, 37.05972416], [138.27026064, 37.06328413], [138.26330845, 37.0677947], [138.26146198, 37.06918431], [138.25896831, 37.0713163], [138.25559899, 37.07453333], [138.24960275, 37.08026308]]}, "properties": {"id": "GEOM_TOKYO_4145", "route_id": "R_F3B5B6DF", "route_name": null, "route_color": "#2C62C9", "route_text_color": null, "line_name": "北陸新幹線", "operator_id": "jr_east", "representation": "service_path", "min_zoom": 0, "max_zoom": 24, "offset_rank": 0}}, {"type": "Feature", "bbox": [138.24733988, 37.08026308, 138.24960275, 37.08247122], "geometry": {"type": "LineString", "coordinates": [[138.24960275, 37.08026308], [138.24733988, 37.08247122]]}, "properties": {"id": "GEOM_TOKYO_4146", "route_id": "R_F3B5B6DF", "route_name": null, "route_color": "#2C62C9", "route_text_color": null, "line_name": "北陸新幹線", "operator_id": "jr_east", "representation": "service_path", "min_zoom": 0, "max_zoom": 24, "offset_rank": 0}}, {"type": "Feature", "bbox": [137.86292785, 37.04357131, 138.24733988, 37.111691], "geometry": {"type": "LineString", "coordinates": [[138.24733988, 37.08247122], [138.24303008, 37.08659244], [138.24125025, 37.08824855], [138.23807129, 37.09084692], [138.23510172, 37.09303602], [138.22969559, 37.0968622], [138.22421331, 37.10076451], [138.22111049, 37.10270615], [138.21798864, 37.10447647], [138.21458125, 37.10607547], [138.21090736, 37.10756025], [138.2068718, 37.10889275], [138.20300755, 37.10990164], [138.19821056, 37.11087246], [138.19501256, 37.11127221], [138.18861657, 37.111691], [138.18494268, 37.11159582], [138.18227769, 37.11146257], [138.17843248, 37.11108185], [138.17202459, 37.11006107], [138.16374406, 37.10861435], [138.15491151, 37.10707246], [138.13695609, 37.10396917], [138.11475572, 37.10022152], [138.10212078, 37.09882953], [138.08398929, 37.09565295], [138.0667144, 37.09269052], [138.06007571, 37.09151269], [138.05707759, 37.091013], [138.03387784, 37.08865734], [138.00157666, 37.08540937], [137.9925466, 37.08451708], [137.98426608, 37.08358909], [137.97259482, 37.08144757], [137.96270816, 37.07969867], [137.95956727, 37.07902052], [137.9550344, 37.07787838], [137.95067999, 37.07612948], [137.94639696, 37.07398796], [137.94000811, 37.06981201], [137.93051406, 37.06328039], [137.92715902, 37.0610318], [137.92341136, 37.05871182], [137.91905695, 37.05649892], [137.9162016, 37.05532109], [137.91281087, 37.05421464], [137.90727862, 37.05282266], [137.90210329, 37.05214451], [137.89318031, 37.05100237], [137.88796929, 37.05032422], [137.88437155, 37.04958183], [137.88171607, 37.0489251], [137.86952371, 37.04545584], [137.86292785, 37.04357131]]}, "properties": {"id": "GEOM_TOKYO_4147", "route_id": "R_CC6EF6BA", "route_name": null, "route_color": "#2C62C9", "route_text_color": null, "line_name": "北陸新幹線", "operator_id": "西日本旅客鉄道", "representation": "service_path", "min_zoom": 0, "max_zoom": 24, "offset_rank": 0}}, {"type": "Feature", "bbox": [137.85965847, 37.0426576, 137.86292785, 37.04357131], "geometry": {"type": "LineString", "coordinates": [[137.86292785, 37.04357131], [137.85965847, 37.0426576]]}, "properties": {"id": "GEOM_TOKYO_4148", "route_id": "R_CC6EF6BA", "route_name": null, "route_color": "#2C62C9", "route_text_color": null, "line_name": "北陸新幹線", "operator_id": "西日本旅客鉄道", "representation": "service_path", "min_zoom": 0, "max_zoom": 24, "offset_rank": 0}}, {"type": "Feature", "bbox": [137.48227208, 36.8751489, 137.85965847, 37.0426576], "geometry": {"type": "LineString", "coordinates": [[137.85965847, 37.0426576], [137.85689591, 37.04187], [137.85249391, 37.04060888], [137.84991219, 37.03979987], [137.84704494, 37.03878859], [137.8398905, 37.03602455], [137.82791229, 37.03121328], [137.82243001, 37.02902894], [137.82008862, 37.02798673], [137.81149401, 37.02373226], [137.80806759, 37.02209043], [137.80665419, 37.02149081], [137.80498381, 37.02086263], [137.8025282, 37.0200203], [137.7991339, 37.01908041], [137.79523158, 37.01829995], [137.77880379, 37.01510195], [137.77421619, 37.01420727], [137.77128469, 37.01344585], [137.76791537, 37.01236081], [137.76258538, 37.01022882], [137.74332126, 37.00291911], [137.73789609, 37.00084422], [137.73587831, 37.00017797], [137.72902546, 36.99802694], [137.72483761, 36.99678962], [137.71461545, 36.99366777], [137.70713442, 36.99134541], [137.69849222, 36.98854717], [137.69044012, 36.98618674], [137.68309235, 36.98401667], [137.67372679, 36.98127553], [137.66491326, 36.9785915], [137.65948809, 36.97695443], [137.65431039, 36.9753364], [137.65006543, 36.97381354], [137.64580143, 36.97206226], [137.6300732, 36.96425049], [137.60849149, 36.95347153], [137.59057414, 36.94445338], [137.57168122, 36.9350783], [137.55133683, 36.924918], [137.52927923, 36.91382971], [137.51764366, 36.90804762], [137.51565681, 36.90695307], [137.51346771, 36.90557298], [137.51131787, 36.90407868], [137.50866239, 36.90196572], [137.50662081, 36.90002408], [137.50397961, 36.89714017], [137.49708393, 36.88934506], [137.49512117, 36.88719849], [137.49297966, 36.88502842], [137.48488473, 36.87750456], [137.48227208, 36.8751489]]}, "properties": {"id": "GEOM_TOKYO_4149", "route_id": "R_CC6EF6BA", "route_name": null, "route_color": "#2C62C9", "route_text_color": null, "line_name": "北陸新幹線", "operator_id": "西日本旅客鉄道", "representation": "service_path", "min_zoom": 0, "max_zoom": 24, "offset_rank": 0}}, {"type": "Feature", "bbox": [137.47997947, 36.87298002, 137.48227208, 36.8751489], "geometry": {"type": "LineString", "coordinates": [[137.48227208, 36.8751489], [137.47997947, 36.87298002]]}, "properties": {"id": "GEOM_TOKYO_4150", "route_id": "R_CC6EF6BA", "route_name": null, "route_color": "#2C62C9", "route_text_color": null, "line_name": "北陸新幹線", "operator_id": "西日本旅客鉄道", "representation": "service_path", "min_zoom": 0, "max_zoom": 24, "offset_rank": 0}}, {"type": "Feature", "bbox": [137.21489472, 36.69810703, 137.47997947, 36.87298002], "geometry": {"type": "LineString", "coordinates": [[137.47997947, 36.87298002], [137.47593365, 36.86925691], [137.47273327, 36.86629448], [137.4708535, 36.8644028], [137.46779589, 36.86102397], [137.46396496, 36.85662197], [137.45734609, 36.849041], [137.45546156, 36.84669961], [137.45435749, 36.84502447], [137.45123563, 36.83948509], [137.44794246, 36.83364113], [137.44306932, 36.82475147], [137.43709212, 36.81405341], [137.43467459, 36.8096752], [137.42671767, 36.7953794], [137.42447146, 36.79176262], [137.42277728, 36.78964966], [137.42138767, 36.78810777], [137.41872268, 36.78546181], [137.41660972, 36.78374859], [137.41415411, 36.78197828], [137.41034698, 36.77973206], [137.40052456, 36.77447821], [137.39058793, 36.76899594], [137.37730102, 36.76189562], [137.37349388, 36.75966845], [137.37124767, 36.75824077], [137.36898243, 36.75666081], [137.35145056, 36.74386883], [137.33332858, 36.73056288], [137.32156453, 36.72184454], [137.31830942, 36.71959833], [137.31613936, 36.71828486], [137.31356954, 36.7169714], [137.31130429, 36.71588637], [137.30791594, 36.71459194], [137.30450855, 36.71352594], [137.30062527, 36.7126503], [137.29700849, 36.71209826], [137.29348689, 36.71175562], [137.28929904, 36.71166044], [137.28591068, 36.7118508], [137.28343604, 36.71209826], [137.27921012, 36.71282162], [137.27228113, 36.71449676], [137.26276329, 36.71695237], [137.25922265, 36.71786608], [137.25735715, 36.71822776], [137.25551069, 36.71838004], [137.25309316, 36.71834197], [137.25113248, 36.71817065], [137.24890531, 36.71763765], [137.24736341, 36.71712369], [137.24509817, 36.71613383], [137.24367049, 36.71527722], [137.24224281, 36.71419219], [137.2404725, 36.71242187], [137.23957782, 36.71114648], [137.23803593, 36.70840534], [137.23586586, 36.7040652], [137.23512347, 36.70286596], [137.23424783, 36.70172381], [137.23272497, 36.70056264], [137.23143054, 36.69989639], [137.22979823, 36.6992349], [137.22835628, 36.69891367], [137.22292397, 36.69811417], [137.22263844, 36.69810703], [137.22205309, 36.69812488], [137.22152485, 36.69818199], [137.22098233, 36.69830334], [137.22005791, 36.69864598], [137.21644732, 36.70016289], [137.21489472, 36.70078155]]}, "properties": {"id": "GEOM_TOKYO_4151", "route_id": "R_CC6EF6BA", "route_name": null, "route_color": "#2C62C9", "route_text_color": null, "line_name": "北陸新幹線", "operator_id": "西日本旅客鉄道", "representation": "service_path", "min_zoom": 0, "max_zoom": 24, "offset_rank": 0}}, {"type": "Feature", "bbox": [138.24733988, 37.08026308, 138.24960275, 37.08247122], "geometry": {"type": "LineString", "coordinates": [[138.24960275, 37.08026308], [138.24733988, 37.08247122]]}, "properties": {"id": "GEOM_TOKYO_4158", "route_id": "R_CC6EF6BA", "route_name": null, "route_color": "#2C62C9", "route_text_color": null, "line_name": "北陸新幹線", "operator_id": "西日本旅客鉄道", "representation": "service_path", "min_zoom": 0, "max_zoom": 24, "offset_rank": 0}}, {"type": "Feature", "bbox": [139.29753, 36.41901, 139.29815, 36.41939], "geometry": {"type": "LineString", "coordinates": [[139.29815, 36.41901], [139.29794, 36.41914], [139.29753, 36.41939]]}, "properties": {"id": "GEOM_TOKYO_4225", "route_id": "R_8B11A847", "route_name": "桐生線", "route_color": "#1F78FF", "route_text_color": "#ffffff", "line_name": "桐生線", "operator_id": "tobu", "representation": "service_path", "min_zoom": 0, "max_zoom": 24, "offset_rank": 0}}]}