{"type": "FeatureCollection", "features": [{"type": "Feature", "bbox": [139.63459, 35.67868, 139.63572, 35.67907], "geometry": {"type": "LineString", "coordinates": [[139.63572, 35.67868], [139.63459, 35.67907]]}, "properties": {"id": "TRACK_TOKYO_0001", "line_name": "井の頭線", "station_group_ids": [], "mode": "private", "operator_id": "keio", "line_color": "#F18A00", "tags": ["tokyo", "track_centerline"]}}, {"type": "Feature", "bbox": [139.61581, 35.68178, 139.62701, 35.68323], "geometry": {"type": "LineString", "coordinates": [[139.61581, 35.68323], [139.61615, 35.68321], [139.61677, 35.68317], [139.61712, 35.68315], [139.61759, 35.6831], [139.61816, 35.68303], [139.61859, 35.68297], [139.61912, 35.6829], [139.61952, 35.68286], [139.62001, 35.68279], [139.62106, 35.68266], [139.62126, 35.68265], [139.62178, 35.68257], [139.62351, 35.68235], [139.6258, 35.68206], [139.62643, 35.68198], [139.62701, 35.68178]]}, "properties": {"id": "TRACK_TOKYO_0005", "line_name": "井の頭線", "station_group_ids": [], "mode": "private", "operator_id": "keio", "line_color": "#F18A00", "tags": ["tokyo", "track_centerline"]}}, {"type": "Feature", "bbox": [139.63572, 35.67648, 139.64203, 35.67868], "geometry": {"type": "LineString", "coordinates": [[139.64203, 35.67648], [139.64006, 35.67715], [139.63882, 35.67758], [139.63658, 35.67837], [139.63572, 35.67868]]}, "properties": {"id": "TRACK_TOKYO_0008", "line_name": "井の頭線", "station_group_ids": [], "mode": "private", "operator_id": "keio", "line_color": "#F18A00", "tags": ["tokyo", "track_centerline"]}}, {"type": "Feature", "bbox": [139.61465, 35.68323, 139.61581, 35.68329], "geometry": {"type": "LineString", "coordinates": [[139.61465, 35.68329], [139.61581, 35.68323]]}, "properties": {"id": "TRACK_TOKYO_0010", "line_name": "井の頭線", "station_group_ids": [], "mode": "private", "operator_id": "keio", "line_color": "#F18A00", "tags": ["tokyo", "track_centerline"]}}, {"type": "Feature", "bbox": [139.62701, 35.68137, 139.62814, 35.68178], "geometry": {"type": "LineString", "coordinates": [[139.62814, 35.68137], [139.62701, 35.68178]]}, "properties": {"id": "TRACK_TOKYO_0012", "line_name": "井の頭線", "station_group_ids": [], "mode": "private", "operator_id": "keio", "line_color": "#F18A00", "tags": ["tokyo", "track_centerline"]}}, {"type": "Feature", "bbox": [139.62814, 35.67907, 139.63459, 35.68137], "geometry": {"type": "LineString", "coordinates": [[139.63459, 35.67907], [139.63325, 35.67954], [139.63208, 35.67997], [139.63041, 35.68057], [139.62814, 35.68137]]}, "properties": {"id": "TRACK_TOKYO_0014", "line_name": "井の頭線", "station_group_ids": [], "mode": "private", "operator_id": "keio", "line_color": "#F18A00", "tags": ["tokyo", "track_centerline"]}}, {"type": "Feature", "bbox": [139.64331, 35.66954, 139.65028, 35.67597], "geometry": {"type": "LineString", "coordinates": [[139.65028, 35.66954], [139.6502, 35.66983], [139.65018, 35.6699], [139.65026, 35.67039], [139.6501, 35.67105], [139.64983, 35.67151], [139.64941, 35.6719], [139.64911, 35.67213], [139.64747, 35.6733], [139.64715, 35.67352], [139.64595, 35.67437], [139.64456, 35.67532], [139.64391, 35.67569], [139.64331, 35.67597]]}, "properties": {"id": "TRACK_TOKYO_0015", "line_name": "井の頭線", "station_group_ids": [], "mode": "private", "operator_id": "keio", "line_color": "#F18A00", "tags": ["tokyo", "track_centerline"]}}, {"type": "Feature", "bbox": [139.64203, 35.67597, 139.64331, 35.67648], "geometry": {"type": "LineString", "coordinates": [[139.64331, 35.67597], [139.64203, 35.67648]]}, "properties": {"id": "TRACK_TOKYO_0016", "line_name": "井の頭線", "station_group_ids": [], "mode": "private", "operator_id": "keio", "line_color": "#F18A00", "tags": ["tokyo", "track_centerline"]}}, {"type": "Feature", "bbox": [139.58342, 35.6922, 139.58874, 35.69704], "geometry": {"type": "LineString", "coordinates": [[139.58342, 35.69704], [139.58378, 35.69676], [139.58407, 35.69649], [139.58458, 35.69595], [139.585, 35.69546], [139.58536, 35.69505], [139.58558, 35.69477], [139.58582, 35.69449], [139.58608, 35.69418], [139.58639, 35.69381], [139.58665, 35.69354], [139.58684, 35.6933], [139.58715, 35.69302], [139.58739, 35.69281], [139.58758, 35.6927], [139.58806, 35.69249], [139.58844, 35.69232], [139.58874, 35.6922]]}, "properties": {"id": "TRACK_TOKYO_0023", "line_name": "井の頭線", "station_group_ids": [], "mode": "private", "operator_id": "keio", "line_color": "#F18A00", "tags": ["tokyo", "track_centerline"]}}, {"type": "Feature", "bbox": [139.58016, 35.70205, 139.58046, 35.70253], "geometry": {"type": "LineString", "coordinates": [[139.58046, 35.70205], [139.58016, 35.70253]]}, "properties": {"id": "TRACK_TOKYO_0024", "line_name": "井の頭線", "station_group_ids": [], "mode": "private", "operator_id": "keio", "line_color": "#F18A00", "tags": ["tokyo", "track_centerline"]}}, {"type": "Feature", "bbox": [139.58985, 35.6884, 139.59888, 35.6919], "geometry": {"type": "LineString", "coordinates": [[139.58985, 35.6919], [139.59014, 35.69181], [139.5904, 35.69173], [139.59071, 35.69162], [139.59073, 35.69162], [139.59097, 35.69155], [139.59121, 35.69146], [139.59156, 35.69134], [139.59185, 35.69125], [139.59232, 35.69109], [139.5926, 35.691], [139.59295, 35.69089], [139.59332, 35.69073], [139.59362, 35.69066], [139.59405, 35.69051], [139.59435, 35.69042], [139.59477, 35.69028], [139.59516, 35.69015], [139.59554, 35.69002], [139.59582, 35.68991], [139.59607, 35.68982], [139.5964, 35.6897], [139.59663, 35.6896], [139.59695, 35.68947], [139.59725, 35.68934], [139.59749, 35.68922], [139.59812, 35.68887], [139.59846, 35.68868], [139.59867, 35.68854], [139.59888, 35.6884]]}, "properties": {"id": "TRACK_TOKYO_0025", "line_name": "井の頭線", "station_group_ids": [], "mode": "private", "operator_id": "keio", "line_color": "#F18A00", "tags": ["tokyo", "track_centerline"]}}, {"type": "Feature", "bbox": [139.58282, 35.69704, 139.58342, 35.69755], "geometry": {"type": "LineString", "coordinates": [[139.58282, 35.69755], [139.58342, 35.69704]]}, "properties": {"id": "TRACK_TOKYO_0026", "line_name": "井の頭線", "station_group_ids": [], "mode": "private", "operator_id": "keio", "line_color": "#F18A00", "tags": ["tokyo", "track_centerline"]}}, {"type": "Feature", "bbox": [139.58046, 35.69755, 139.58282, 35.70205], "geometry": {"type": "LineString", "coordinates": [[139.58282, 35.69755], [139.58278, 35.6976], [139.58245, 35.69806], [139.58234, 35.69821], [139.58219, 35.69839], [139.5821, 35.69851], [139.58203, 35.69864], [139.58197, 35.69876], [139.58191, 35.6989], [139.58181, 35.6992], [139.58172, 35.69947], [139.58168, 35.69962], [139.58162, 35.69988], [139.58157, 35.70007], [139.5815, 35.70027], [139.58139, 35.70054], [139.58126, 35.70079], [139.58111, 35.70104], [139.58096, 35.70127], [139.58077, 35.70157], [139.58046, 35.70205]]}, "properties": {"id": "TRACK_TOKYO_0027", "line_name": "井の頭線", "station_group_ids": [], "mode": "private", "operator_id": "keio", "line_color": "#F18A00", "tags": ["tokyo", "track_centerline"]}}, {"type": "Feature", "bbox": [139.59888, 35.68788, 139.59977, 35.6884], "geometry": {"type": "LineString", "coordinates": [[139.59888, 35.6884], [139.59977, 35.68788]]}, "properties": {"id": "TRACK_TOKYO_0028", "line_name": "井の頭線", "station_group_ids": [], "mode": "private", "operator_id": "keio", "line_color": "#F18A00", "tags": ["tokyo", "track_centerline"]}}, {"type": "Feature", "bbox": [139.58874, 35.6919, 139.58985, 35.6922], "geometry": {"type": "LineString", "coordinates": [[139.58874, 35.6922], [139.58985, 35.6919]]}, "properties": {"id": "TRACK_TOKYO_0029", "line_name": "井の頭線", "station_group_ids": [], "mode": "private", "operator_id": "keio", "line_color": "#F18A00", "tags": ["tokyo", "track_centerline"]}}, {"type": "Feature", "bbox": [139.60658, 35.68461, 139.60782, 35.68504], "geometry": {"type": "LineString", "coordinates": [[139.60658, 35.68504], [139.60702, 35.68487], [139.60751, 35.6847], [139.60782, 35.68461]]}, "properties": {"id": "TRACK_TOKYO_0030", "line_name": "井の頭線", "station_group_ids": [], "mode": "private", "operator_id": "keio", "line_color": "#F18A00", "tags": ["tokyo", "track_centerline"]}}, {"type": "Feature", "bbox": [139.59977, 35.68504, 139.60658, 35.68788], "geometry": {"type": "LineString", "coordinates": [[139.59977, 35.68788], [139.59992, 35.68778], [139.60004, 35.6877], [139.60051, 35.68744], [139.60083, 35.68727], [139.60133, 35.68701], [139.60176, 35.68681], [139.60226, 35.68657], [139.60274, 35.68641], [139.60341, 35.68616], [139.604, 35.68594], [139.60448, 35.68577], [139.60463, 35.68572], [139.60501, 35.68558], [139.60528, 35.68549], [139.60559, 35.68538], [139.60598, 35.68525], [139.60658, 35.68504]]}, "properties": {"id": "TRACK_TOKYO_0031", "line_name": "井の頭線", "station_group_ids": [], "mode": "private", "operator_id": "keio", "line_color": "#F18A00", "tags": ["tokyo", "track_centerline"]}}, {"type": "Feature", "bbox": [139.60782, 35.68329, 139.61465, 35.68461], "geometry": {"type": "LineString", "coordinates": [[139.60782, 35.68461], [139.60819, 35.68448], [139.60866, 35.68431], [139.60897, 35.68421], [139.60914, 35.68415], [139.60936, 35.68408], [139.60961, 35.684], [139.60982, 35.68394], [139.61013, 35.68383], [139.61036, 35.68377], [139.61077, 35.68364], [139.61101, 35.68357], [139.61172, 35.68343], [139.61203, 35.68341], [139.61289, 35.68336], [139.61351, 35.68334], [139.614, 35.68332], [139.61465, 35.68329]]}, "properties": {"id": "TRACK_TOKYO_0032", "line_name": "井の頭線", "station_group_ids": [], "mode": "private", "operator_id": "keio", "line_color": "#F18A00", "tags": ["tokyo", "track_centerline"]}}, {"type": "Feature", "bbox": [139.69791, 35.68815, 139.69932, 35.68871], "geometry": {"type": "LineString", "coordinates": [[139.69932, 35.68871], [139.69791, 35.68815]]}, "properties": {"id": "TRACK_TOKYO_0033", "line_name": "京王線", "station_group_ids": [], "mode": "private", "operator_id": "keio", "line_color": "#F18A00", "tags": ["tokyo", "track_centerline"]}}, {"type": "Feature", "bbox": [139.67821, 35.6769, 139.68792, 35.68114], "geometry": {"type": "LineString", "coordinates": [[139.68792, 35.68114], [139.68706, 35.68058], [139.68628, 35.68013], [139.6856, 35.67985], [139.68429, 35.67941], [139.68379, 35.67922], [139.68279, 35.67886], [139.68246, 35.67874], [139.68154, 35.67831], [139.6803, 35.6777], [139.67946, 35.67727], [139.67892, 35.6771], [139.67821, 35.6769]]}, "properties": {"id": "TRACK_TOKYO_0034", "line_name": "京王線", "station_group_ids": [], "mode": "private", "operator_id": "keio", "line_color": "#F18A00", "tags": ["tokyo", "track_centerline"]}}, {"type": "Feature", "bbox": [139.68792, 35.68114, 139.68862, 35.6817], "geometry": {"type": "LineString", "coordinates": [[139.68862, 35.6817], [139.68792, 35.68114]]}, "properties": {"id": "TRACK_TOKYO_0035", "line_name": "京王線", "station_group_ids": [], "mode": "private", "operator_id": "keio", "line_color": "#F18A00", "tags": ["tokyo", "track_centerline"]}}, {"type": "Feature", "bbox": [139.69917, 35.6895, 139.69925, 35.69047], "geometry": {"type": "LineString", "coordinates": [[139.69917, 35.69047], [139.69925, 35.6895]]}, "properties": {"id": "TRACK_TOKYO_0039", "line_name": "京王線", "station_group_ids": [], "mode": "private", "operator_id": "keio", "line_color": "#F18A00", "tags": ["tokyo", "track_centerline"]}}, {"type": "Feature", "bbox": [139.66789, 35.67388, 139.67349, 35.67578], "geometry": {"type": "LineString", "coordinates": [[139.66789, 35.67388], [139.67217, 35.67533], [139.67349, 35.67578]]}, "properties": {"id": "TRACK_TOKYO_0040", "line_name": "京王線", "station_group_ids": [], "mode": "private", "operator_id": "keio", "line_color": "#F18A00", "tags": ["tokyo", "track_centerline"]}}, {"type": "Feature", "bbox": [139.68862, 35.6817, 139.69791, 35.68815], "geometry": {"type": "LineString", "coordinates": [[139.69791, 35.68815], [139.69701, 35.68778], [139.69582, 35.68731], [139.69509, 35.687], [139.69448, 35.6867], [139.69407, 35.68642], [139.6929, 35.68558], [139.6913, 35.68445], [139.69072, 35.68402], [139.69042, 35.68367], [139.69012, 35.68332], [139.68981, 35.68295], [139.68944, 35.6826], [139.68918, 35.68227], [139.68896, 35.682], [139.68862, 35.6817]]}, "properties": {"id": "TRACK_TOKYO_0042", "line_name": "京王線", "station_group_ids": [], "mode": "private", "operator_id": "keio", "line_color": "#F18A00", "tags": ["tokyo", "track_centerline"]}}, {"type": "Feature", "bbox": [139.67349, 35.67576, 139.67723, 35.67662], "geometry": {"type": "LineString", "coordinates": [[139.67723, 35.67662], [139.67624, 35.67641], [139.6751, 35.67613], [139.67416, 35.6759], [139.67384, 35.67576], [139.67349, 35.67578]]}, "properties": {"id": "TRACK_TOKYO_0047", "line_name": "京王線", "station_group_ids": [], "mode": "private", "operator_id": "keio", "line_color": "#F18A00", "tags": ["tokyo", "track_centerline"]}}, {"type": "Feature", "bbox": [139.67723, 35.67662, 139.67821, 35.6769], "geometry": {"type": "LineString", "coordinates": [[139.67821, 35.6769], [139.67723, 35.67662]]}, "properties": {"id": "TRACK_TOKYO_0048", "line_name": "京王線", "station_group_ids": [], "mode": "private", "operator_id": "keio", "line_color": "#F18A00", "tags": ["tokyo", "track_centerline"]}}, {"type": "Feature", "bbox": [139.66646, 35.67344, 139.66789, 35.67388], "geometry": {"type": "LineString", "coordinates": [[139.66789, 35.67388], [139.66646, 35.67344]]}, "properties": {"id": "TRACK_TOKYO_0049", "line_name": "京王線", "station_group_ids": [], "mode": "private", "operator_id": "keio", "line_color": "#F18A00", "tags": ["tokyo", "track_centerline"]}}, {"type": "Feature", "bbox": [139.66005, 35.67131, 139.66646, 35.67344], "geometry": {"type": "LineString", "coordinates": [[139.66646, 35.67344], [139.66427, 35.67274], [139.66177, 35.67189], [139.66086, 35.67158], [139.66005, 35.67131]]}, "properties": {"id": "TRACK_TOKYO_0053", "line_name": "京王線", "station_group_ids": [], "mode": "private", "operator_id": "keio", "line_color": "#F18A00", "tags": ["tokyo", "track_centerline"]}}, {"type": "Feature", "bbox": [139.67349, 35.67578, 139.69931, 35.6895], "geometry": {"type": "LineString", "coordinates": [[139.69925, 35.6895], [139.69929, 35.68871], [139.69931, 35.68838], [139.69921, 35.68831], [139.69914, 35.68826], [139.69895, 35.68813], [139.69829, 35.68788], [139.69826, 35.68786], [139.6973, 35.68744], [139.69655, 35.68709], [139.69567, 35.68688], [139.69516, 35.68657], [139.6946, 35.6862], [139.69407, 35.68577], [139.69352, 35.6853], [139.69302, 35.68481], [139.69255, 35.68437], [139.69191, 35.68391], [139.69138, 35.68361], [139.6904, 35.68312], [139.68948, 35.68264], [139.68914, 35.6824], [139.68854, 35.68195], [139.68803, 35.68149], [139.68762, 35.68117], [139.68697, 35.68073], [139.68656, 35.68048], [139.68636, 35.68036], [139.68575, 35.68006], [139.68423, 35.67956], [139.68357, 35.67932], [139.68278, 35.67905], [139.68239, 35.67891], [139.68183, 35.67865], [139.68051, 35.67798], [139.6794, 35.67741], [139.6785, 35.67713], [139.6775, 35.67684], [139.67659, 35.67664], [139.67519, 35.67635], [139.67349, 35.67578]]}, "properties": {"id": "TRACK_TOKYO_0106", "line_name": "京王線", "station_group_ids": [], "mode": "private", "operator_id": "keio", "line_color": "#F18A00", "tags": ["tokyo", "track_centerline"]}}, {"type": "Feature", "bbox": [139.82093, 35.71916, 139.82779, 35.72665], "geometry": {"type": "LineString", "coordinates": [[139.82093, 35.71916], [139.8212, 35.71939], [139.82221, 35.72024], [139.82233, 35.72036], [139.82264, 35.72067], [139.82308, 35.72119], [139.82406, 35.72233], [139.82423, 35.72254], [139.82622, 35.72482], [139.82747, 35.72627], [139.82767, 35.72651], [139.82779, 35.72665]]}, "properties": {"id": "TRACK_TOKYO_0153", "line_name": "押上線", "station_group_ids": [], "mode": "private", "operator_id": "keisei", "line_color": "#2457C5", "tags": ["tokyo", "track_centerline"]}}, {"type": "Feature", "bbox": [139.83398, 35.73126, 139.83533, 35.73217], "geometry": {"type": "LineString", "coordinates": [[139.83398, 35.73126], [139.83533, 35.73217]]}, "properties": {"id": "TRACK_TOKYO_0154", "line_name": "押上線", "station_group_ids": [], "mode": "private", "operator_id": "keisei", "line_color": "#2457C5", "tags": ["tokyo", "track_centerline"]}}, {"type": "Feature", "bbox": [139.84734, 35.73804, 139.84898, 35.73834], "geometry": {"type": "LineString", "coordinates": [[139.84734, 35.73804], [139.84898, 35.73834]]}, "properties": {"id": "TRACK_TOKYO_0155", "line_name": "押上線", "station_group_ids": [], "mode": "private", "operator_id": "keisei", "line_color": "#2457C5", "tags": ["tokyo", "track_centerline"]}}, {"type": "Feature", "bbox": [139.82889, 35.72774, 139.83398, 35.73126], "geometry": {"type": "LineString", "coordinates": [[139.82889, 35.72774], [139.82926, 35.72807], [139.82937, 35.72815], [139.83144, 35.72955], [139.83398, 35.73126]]}, "properties": {"id": "TRACK_TOKYO_0156", "line_name": "押上線", "station_group_ids": [], "mode": "private", "operator_id": "keisei", "line_color": "#2457C5", "tags": ["tokyo", "track_centerline"]}}, {"type": "Feature", "bbox": [139.82779, 35.72665, 139.82889, 35.72774], "geometry": {"type": "LineString", "coordinates": [[139.82889, 35.72774], [139.82827, 35.7272], [139.82779, 35.72665]]}, "properties": {"id": "TRACK_TOKYO_0157", "line_name": "押上線", "station_group_ids": [], "mode": "private", "operator_id": "keisei", "line_color": "#2457C5", "tags": ["tokyo", "track_centerline"]}}, {"type": "Feature", "bbox": [139.81158, 35.70972, 139.81324, 35.71072], "geometry": {"type": "LineString", "coordinates": [[139.81158, 35.70972], [139.81324, 35.71072]]}, "properties": {"id": "TRACK_TOKYO_0158", "line_name": "押上線", "station_group_ids": [], "mode": "private", "operator_id": "keisei", "line_color": "#2457C5", "tags": ["tokyo", "track_centerline"]}}, {"type": "Feature", "bbox": [139.83533, 35.73217, 139.84734, 35.73804], "geometry": {"type": "LineString", "coordinates": [[139.83533, 35.73217], [139.83684, 35.73321], [139.83704, 35.73335], [139.83775, 35.73383], [139.83981, 35.73524], [139.84088, 35.73599], [139.84089, 35.736], [139.84154, 35.73643], [139.84222, 35.7368], [139.84286, 35.73709], [139.84342, 35.73728], [139.8439, 35.7374], [139.84418, 35.73747], [139.845, 35.73762], [139.84538, 35.73769], [139.84672, 35.73793], [139.84734, 35.73804]]}, "properties": {"id": "TRACK_TOKYO_0159", "line_name": "押上線", "station_group_ids": [], "mode": "private", "operator_id": "keisei", "line_color": "#2457C5", "tags": ["tokyo", "track_centerline"]}}, {"type": "Feature", "bbox": [139.84898, 35.73834, 139.85558, 35.74497], "geometry": {"type": "LineString", "coordinates": [[139.84898, 35.73834], [139.84979, 35.73854], [139.85006, 35.73864], [139.85028, 35.73871], [139.85065, 35.7389], [139.85096, 35.73912], [139.8512, 35.73938], [139.85127, 35.73947], [139.85181, 35.74015], [139.85237, 35.74086], [139.85515, 35.74442], [139.85558, 35.74497]]}, "properties": {"id": "TRACK_TOKYO_0160", "line_name": "押上線", "station_group_ids": [], "mode": "private", "operator_id": "keisei", "line_color": "#2457C5", "tags": ["tokyo", "track_centerline"]}}, {"type": "Feature", "bbox": [139.81324, 35.71072, 139.81963, 35.71812], "geometry": {"type": "LineString", "coordinates": [[139.81324, 35.71072], [139.81421, 35.7114], [139.81476, 35.71184], [139.81508, 35.7121], [139.81561, 35.71269], [139.81589, 35.71308], [139.81698, 35.71487], [139.81712, 35.7151], [139.81773, 35.71609], [139.81816, 35.71681], [139.81841, 35.71709], [139.81852, 35.7172], [139.81861, 35.71728], [139.81875, 35.71742], [139.81955, 35.71806], [139.81963, 35.71812]]}, "properties": {"id": "TRACK_TOKYO_0161", "line_name": "押上線", "station_group_ids": [], "mode": "private", "operator_id": "keisei", "line_color": "#2457C5", "tags": ["tokyo", "track_centerline"]}}, {"type": "Feature", "bbox": [139.81963, 35.71812, 139.82093, 35.71916], "geometry": {"type": "LineString", "coordinates": [[139.81963, 35.71812], [139.82093, 35.71916]]}, "properties": {"id": "TRACK_TOKYO_0162", "line_name": "押上線", "station_group_ids": [], "mode": "private", "operator_id": "keisei", "line_color": "#2457C5", "tags": ["tokyo", "track_centerline"]}}, {"type": "Feature", "bbox": [139.79749, 35.74177, 139.81144, 35.74393], "geometry": {"type": "LineString", "coordinates": [[139.79749, 35.74227], [139.79759, 35.74224], [139.79875, 35.74188], [139.79933, 35.74178], [139.79992, 35.74177], [139.80033, 35.74181], [139.80077, 35.74191], [139.80186, 35.7423], [139.80284, 35.74262], [139.80356, 35.74277], [139.80456, 35.74289], [139.8048, 35.74291], [139.80581, 35.743], [139.80612, 35.74306], [139.80641, 35.74311], [139.80766, 35.74335], [139.80793, 35.7434], [139.80975, 35.74372], [139.81049, 35.74383], [139.81053, 35.74384], [139.81091, 35.74388], [139.81128, 35.74393], [139.81144, 35.74393]]}, "properties": {"id": "TRACK_TOKYO_0255", "line_name": "本線", "station_group_ids": [], "mode": "private", "operator_id": "keisei", "line_color": "#2457C5", "tags": ["tokyo", "track_centerline"]}}, {"type": "Feature", "bbox": [139.81226, 35.744, 139.82706, 35.74765], "geometry": {"type": "LineString", "coordinates": [[139.81226, 35.744], [139.813, 35.74407], [139.81321, 35.7441], [139.81341, 35.74412], [139.81356, 35.74416], [139.81386, 35.74424], [139.81401, 35.74428], [139.81436, 35.7444], [139.81495, 35.74461], [139.81644, 35.74514], [139.81902, 35.74603], [139.82188, 35.74702], [139.82295, 35.74738], [139.82325, 35.74746], [139.82355, 35.7475], [139.82383, 35.74753], [139.82468, 35.74756], [139.82493, 35.74757], [139.82658, 35.74763], [139.8269, 35.74764], [139.82706, 35.74765]]}, "properties": {"id": "TRACK_TOKYO_0259", "line_name": "本線", "station_group_ids": [], "mode": "private", "operator_id": "keisei", "line_color": "#2457C5", "tags": ["tokyo", "track_centerline"]}}, {"type": "Feature", "bbox": [139.7686, 35.72854, 139.77348, 35.73693], "geometry": {"type": "LineString", "coordinates": [[139.77086, 35.72854], [139.77065, 35.72873], [139.77043, 35.72892], [139.77015, 35.7292], [139.76981, 35.72963], [139.76973, 35.72972], [139.76931, 35.73043], [139.76923, 35.73059], [139.76903, 35.73103], [139.76867, 35.73203], [139.76862, 35.73244], [139.7686, 35.73276], [139.76862, 35.73305], [139.76868, 35.73334], [139.7688, 35.73361], [139.76894, 35.73386], [139.76918, 35.7341], [139.76956, 35.73439], [139.77081, 35.73521], [139.77344, 35.7369], [139.77348, 35.73693]]}, "properties": {"id": "TRACK_TOKYO_0263", "line_name": "本線", "station_group_ids": [], "mode": "private", "operator_id": "keisei", "line_color": "#2457C5", "tags": ["tokyo", "track_centerline"]}}, {"type": "Feature", "bbox": [139.77462, 35.73761, 139.78108, 35.74197], "geometry": {"type": "LineString", "coordinates": [[139.77462, 35.73761], [139.77468, 35.73765], [139.77571, 35.73828], [139.77769, 35.73947], [139.77825, 35.73982], [139.77892, 35.74028], [139.78028, 35.74131], [139.781, 35.7419], [139.78108, 35.74197]]}, "properties": {"id": "TRACK_TOKYO_0266", "line_name": "本線", "station_group_ids": [], "mode": "private", "operator_id": "keisei", "line_color": "#2457C5", "tags": ["tokyo", "track_centerline"]}}, {"type": "Feature", "bbox": [139.83944, 35.74755, 139.84033, 35.74768], "geometry": {"type": "LineString", "coordinates": [[139.83944, 35.74768], [139.84033, 35.74755]]}, "properties": {"id": "TRACK_TOKYO_0267", "line_name": "本線", "station_group_ids": [], "mode": "private", "operator_id": "keisei", "line_color": "#2457C5", "tags": ["tokyo", "track_centerline"]}}, {"type": "Feature", "bbox": [139.78108, 35.74197, 139.78197, 35.74264], "geometry": {"type": "LineString", "coordinates": [[139.78108, 35.74197], [139.78166, 35.74241], [139.78197, 35.74264]]}, "properties": {"id": "TRACK_TOKYO_0268", "line_name": "本線", "station_group_ids": [], "mode": "private", "operator_id": "keisei", "line_color": "#2457C5", "tags": ["tokyo", "track_centerline"]}}, {"type": "Feature", "bbox": [139.78197, 35.74255, 139.79661, 35.74471], "geometry": {"type": "LineString", "coordinates": [[139.78197, 35.74264], [139.78222, 35.74277], [139.78256, 35.74294], [139.78317, 35.74316], [139.78368, 35.74329], [139.78485, 35.74347], [139.78583, 35.74373], [139.78609, 35.74376], [139.78779, 35.7438], [139.78806, 35.74383], [139.78909, 35.74416], [139.78967, 35.74435], [139.79069, 35.74464], [139.79116, 35.7447], [139.79158, 35.74471], [139.79212, 35.74462], [139.79289, 35.74441], [139.79329, 35.74424], [139.79375, 35.74396], [139.79529, 35.74305], [139.79595, 35.74278], [139.79654, 35.74258], [139.79661, 35.74255]]}, "properties": {"id": "TRACK_TOKYO_0269", "line_name": "本線", "station_group_ids": [], "mode": "private", "operator_id": "keisei", "line_color": "#2457C5", "tags": ["tokyo", "track_centerline"]}}, {"type": "Feature", "bbox": [139.77348, 35.73693, 139.77462, 35.73761], "geometry": {"type": "LineString", "coordinates": [[139.77348, 35.73693], [139.77406, 35.73728], [139.77451, 35.73755], [139.77462, 35.73761]]}, "properties": {"id": "TRACK_TOKYO_0273", "line_name": "本線", "station_group_ids": [], "mode": "private", "operator_id": "keisei", "line_color": "#2457C5", "tags": ["tokyo", "track_centerline"]}}, {"type": "Feature", "bbox": [139.77086, 35.72748, 139.77215, 35.72854], "geometry": {"type": "LineString", "coordinates": [[139.77215, 35.72748], [139.77109, 35.72835], [139.77086, 35.72854]]}, "properties": {"id": "TRACK_TOKYO_0276", "line_name": "本線", "station_group_ids": [], "mode": "private", "operator_id": "keisei", "line_color": "#2457C5", "tags": ["tokyo", "track_centerline"]}}, {"type": "Feature", "bbox": [139.84033, 35.74432, 139.85558, 35.74755], "geometry": {"type": "LineString", "coordinates": [[139.84033, 35.74755], [139.84044, 35.74753], [139.84077, 35.74748], [139.84371, 35.747], [139.84455, 35.74684], [139.84511, 35.74673], [139.84665, 35.74645], [139.8482, 35.74613], [139.84906, 35.74589], [139.85157, 35.74497], [139.85326, 35.74435], [139.85362, 35.74432], [139.85396, 35.74433], [139.85451, 35.74446], [139.85499, 35.74465], [139.85558, 35.74497]]}, "properties": {"id": "TRACK_TOKYO_0284", "line_name": "本線", "station_group_ids": [], "mode": "private", "operator_id": "keisei", "line_color": "#2457C5", "tags": ["tokyo", "track_centerline"]}}, {"type": "Feature", "bbox": [139.7734, 35.71081, 139.77362, 35.71181], "geometry": {"type": "LineString", "coordinates": [[139.77362, 35.71081], [139.7734, 35.71181]]}, "properties": {"id": "TRACK_TOKYO_0286", "line_name": "本線", "station_group_ids": [], "mode": "private", "operator_id": "keisei", "line_color": "#2457C5", "tags": ["tokyo", "track_centerline"]}}, {"type": "Feature", "bbox": [139.82802, 35.74765, 139.83944, 35.74786], "geometry": {"type": "LineString", "coordinates": [[139.82802, 35.74765], [139.82878, 35.74766], [139.82924, 35.74767], [139.82965, 35.74767], [139.82988, 35.74768], [139.83178, 35.74772], [139.83288, 35.74775], [139.83418, 35.74778], [139.83658, 35.74784], [139.83784, 35.74786], [139.83812, 35.74785], [139.83944, 35.74768]]}, "properties": {"id": "TRACK_TOKYO_0288", "line_name": "本線", "station_group_ids": [], "mode": "private", "operator_id": "keisei", "line_color": "#2457C5", "tags": ["tokyo", "track_centerline"]}}, {"type": "Feature", "bbox": [139.79661, 35.74227, 139.79749, 35.74255], "geometry": {"type": "LineString", "coordinates": [[139.79661, 35.74255], [139.79749, 35.74227]]}, "properties": {"id": "TRACK_TOKYO_0289", "line_name": "本線", "station_group_ids": [], "mode": "private", "operator_id": "keisei", "line_color": "#2457C5", "tags": ["tokyo", "track_centerline"]}}, {"type": "Feature", "bbox": [139.77215, 35.71181, 139.77494, 35.72748], "geometry": {"type": "LineString", "coordinates": [[139.7734, 35.71181], [139.77306, 35.71284], [139.77296, 35.71349], [139.773, 35.7137], [139.7731, 35.71394], [139.77323, 35.71442], [139.7726, 35.71582], [139.77235, 35.71642], [139.77226, 35.7169], [139.77235, 35.71745], [139.77254, 35.71783], [139.7735, 35.71875], [139.77397, 35.71923], [139.77416, 35.71949], [139.7743, 35.71973], [139.77436, 35.72013], [139.774, 35.72085], [139.77365, 35.72152], [139.77367, 35.72185], [139.77393, 35.72263], [139.77412, 35.72306], [139.77435, 35.72339], [139.77446, 35.72354], [139.77456, 35.7237], [139.77467, 35.72386], [139.77472, 35.72396], [139.77476, 35.72405], [139.77485, 35.72425], [139.77489, 35.72443], [139.77494, 35.72462], [139.77493, 35.72483], [139.77488, 35.72504], [139.77474, 35.72525], [139.77453, 35.72548], [139.77371, 35.72618], [139.77273, 35.727], [139.77215, 35.72748]]}, "properties": {"id": "TRACK_TOKYO_0291", "line_name": "本線", "station_group_ids": [], "mode": "private", "operator_id": "keisei", "line_color": "#2457C5", "tags": ["tokyo", "track_centerline"]}}, {"type": "Feature", "bbox": [139.82706, 35.74765, 139.82802, 35.74765], "geometry": {"type": "LineString", "coordinates": [[139.82706, 35.74765], [139.82802, 35.74765]]}, "properties": {"id": "TRACK_TOKYO_0293", "line_name": "本線", "station_group_ids": [], "mode": "private", "operator_id": "keisei", "line_color": "#2457C5", "tags": ["tokyo", "track_centerline"]}}, {"type": "Feature", "bbox": [139.81144, 35.74393, 139.81226, 35.744], "geometry": {"type": "LineString", "coordinates": [[139.81144, 35.74393], [139.81226, 35.744]]}, "properties": {"id": "TRACK_TOKYO_0294", "line_name": "本線", "station_group_ids": [], "mode": "private", "operator_id": "keisei", "line_color": "#2457C5", "tags": ["tokyo", "track_centerline"]}}, {"type": "Feature", "bbox": [139.78118, 35.70677, 139.7835, 35.70699], "geometry": {"type": "LineString", "coordinates": [[139.78118, 35.70699], [139.7835, 35.70677]]}, "properties": {"id": "TRACK_TOKYO_0468", "line_name": "常磐新線", "station_group_ids": [], "mode": "urban", "operator_id": "tsukuba_express", "line_color": "#2BB673", "tags": ["tokyo", "track_centerline"]}}, {"type": "Feature", "bbox": [139.84529, 35.80816, 139.87804, 35.82396], "geometry": {"type": "LineString", "coordinates": [[139.84529, 35.80816], [139.85009, 35.81163], [139.85111, 35.81236], [139.85273, 35.81328], [139.85731, 35.81598], [139.85938, 35.81713], [139.86065, 35.8177], [139.86262, 35.8183], [139.86891, 35.81976], [139.87301, 35.82059], [139.87448, 35.82113], [139.8755, 35.82167], [139.87632, 35.82224], [139.87712, 35.82291], [139.87762, 35.82342], [139.87804, 35.82396]]}, "properties": {"id": "TRACK_TOKYO_0469", "line_name": "常磐新線", "station_group_ids": [], "mode": "urban", "operator_id": "tsukuba_express", "line_color": "#2BB673", "tags": ["tokyo", "track_centerline"]}}, {"type": "Feature", "bbox": [139.79092, 35.71478, 139.79844, 35.73233], "geometry": {"type": "LineString", "coordinates": [[139.79261, 35.71478], [139.79265, 35.71523], [139.79266, 35.71581], [139.79268, 35.71616], [139.7927, 35.71667], [139.7927, 35.71722], [139.79272, 35.71771], [139.79271, 35.71815], [139.79269, 35.71858], [139.79263, 35.71882], [139.79252, 35.71909], [139.79234, 35.71936], [139.79208, 35.71978], [139.79179, 35.72029], [139.79158, 35.72063], [139.79141, 35.72093], [139.79123, 35.7213], [139.7912, 35.72182], [139.79117, 35.72238], [139.79114, 35.72295], [139.7911, 35.72378], [139.79102, 35.72468], [139.79097, 35.72552], [139.79092, 35.72651], [139.79092, 35.72686], [139.79096, 35.72745], [139.79106, 35.72796], [139.79118, 35.72827], [139.79142, 35.72866], [139.7916, 35.72891], [139.792, 35.72938], [139.79239, 35.7297], [139.79277, 35.72992], [139.79322, 35.73015], [139.79369, 35.73034], [139.79426, 35.7305], [139.7949, 35.73062], [139.79555, 35.73076], [139.79599, 35.73087], [139.79647, 35.731], [139.797, 35.7312], [139.79741, 35.73141], [139.79776, 35.73164], [139.79814, 35.732], [139.79844, 35.73233]]}, "properties": {"id": "TRACK_TOKYO_0472", "line_name": "常磐新線", "station_group_ids": [], "mode": "urban", "operator_id": "tsukuba_express", "line_color": "#2BB673", "tags": ["tokyo", "track_centerline"]}}, {"type": "Feature", "bbox": [139.79844, 35.73233, 139.79946, 35.73364], "geometry": {"type": "LineString", "coordinates": [[139.79844, 35.73233], [139.79946, 35.73364]]}, "properties": {"id": "TRACK_TOKYO_0473", "line_name": "常磐新線", "station_group_ids": [], "mode": "urban", "operator_id": "tsukuba_express", "line_color": "#2BB673", "tags": ["tokyo", "track_centerline"]}}, {"type": "Feature", "bbox": [139.77395, 35.6976, 139.77455, 35.70054], "geometry": {"type": "LineString", "coordinates": [[139.77395, 35.6976], [139.77435, 35.69877], [139.77455, 35.70054]]}, "properties": {"id": "TRACK_TOKYO_0474", "line_name": "常磐新線", "station_group_ids": [], "mode": "urban", "operator_id": "tsukuba_express", "line_color": "#2BB673", "tags": ["tokyo", "track_centerline"]}}, {"type": "Feature", "bbox": [139.82028, 35.77281, 139.82171, 35.78394], "geometry": {"type": "LineString", "coordinates": [[139.82028, 35.77281], [139.82038, 35.77402], [139.82047, 35.77465], [139.82056, 35.77519], [139.82088, 35.77653], [139.82106, 35.77744], [139.8212, 35.77822], [139.82122, 35.77846], [139.82132, 35.78019], [139.82139, 35.78111], [139.82145, 35.78209], [139.82149, 35.78279], [139.82161, 35.78343], [139.82171, 35.78394]]}, "properties": {"id": "TRACK_TOKYO_0476", "line_name": "常磐新線", "station_group_ids": [], "mode": "urban", "operator_id": "tsukuba_express", "line_color": "#2BB673", "tags": ["tokyo", "track_centerline"]}}, {"type": "Feature", "bbox": [139.82021, 35.77119, 139.82021, 35.77122], "geometry": {"type": "LineString", "coordinates": [[139.82021, 35.77119], [139.82021, 35.77122]]}, "properties": {"id": "TRACK_TOKYO_0477", "line_name": "常磐新線", "station_group_ids": [], "mode": "urban", "operator_id": "tsukuba_express", "line_color": "#2BB673", "tags": ["tokyo", "track_centerline"]}}, {"type": "Feature", "bbox": [139.80554, 35.75104, 139.82021, 35.77119], "geometry": {"type": "LineString", "coordinates": [[139.80554, 35.75104], [139.80594, 35.75285], [139.80622, 35.75351], [139.80659, 35.75413], [139.80715, 35.75491], [139.80807, 35.75599], [139.80867, 35.75666], [139.80924, 35.7573], [139.80982, 35.758], [139.81071, 35.75905], [139.81153, 35.75968], [139.81223, 35.76013], [139.81309, 35.76044], [139.81376, 35.76067], [139.81449, 35.76089], [139.81503, 35.76105], [139.81539, 35.76124], [139.81584, 35.76154], [139.81626, 35.76192], [139.81659, 35.76229], [139.81695, 35.76275], [139.81739, 35.7634], [139.81794, 35.76427], [139.8183, 35.76502], [139.81857, 35.76565], [139.81878, 35.76623], [139.81901, 35.76683], [139.81929, 35.76763], [139.81977, 35.76874], [139.82005, 35.76947], [139.82015, 35.76982], [139.82021, 35.77119]]}, "properties": {"id": "TRACK_TOKYO_0478", "line_name": "常磐新線", "station_group_ids": [], "mode": "urban", "operator_id": "tsukuba_express", "line_color": "#2BB673", "tags": ["tokyo", "track_centerline"]}}, {"type": "Feature", "bbox": [139.82021, 35.77119, 139.82028, 35.77281], "geometry": {"type": "LineString", "coordinates": [[139.82021, 35.77119], [139.82028, 35.77281]]}, "properties": {"id": "TRACK_TOKYO_0479", "line_name": "常磐新線", "station_group_ids": [], "mode": "urban", "operator_id": "tsukuba_express", "line_color": "#2BB673", "tags": ["tokyo", "track_centerline"]}}, {"type": "Feature", "bbox": [139.7835, 35.70636, 139.7923, 35.71308], "geometry": {"type": "LineString", "coordinates": [[139.7835, 35.70677], [139.78858, 35.70636], [139.7891, 35.70637], [139.78946, 35.70643], [139.78976, 35.70654], [139.79005, 35.70669], [139.79026, 35.70686], [139.79052, 35.70709], [139.79077, 35.70747], [139.79149, 35.70952], [139.79166, 35.71011], [139.79205, 35.71145], [139.79216, 35.71193], [139.7923, 35.71308]]}, "properties": {"id": "TRACK_TOKYO_0480", "line_name": "常磐新線", "station_group_ids": [], "mode": "urban", "operator_id": "tsukuba_express", "line_color": "#2BB673", "tags": ["tokyo", "track_centerline"]}}, {"type": "Feature", "bbox": [139.77449, 35.70054, 139.78118, 35.70751], "geometry": {"type": "LineString", "coordinates": [[139.77455, 35.70054], [139.77461, 35.70106], [139.77449, 35.70267], [139.77534, 35.7068], [139.77548, 35.70701], [139.77565, 35.70715], [139.77584, 35.70728], [139.77603, 35.70738], [139.7763, 35.70747], [139.77665, 35.70751], [139.78118, 35.70699]]}, "properties": {"id": "TRACK_TOKYO_0484", "line_name": "常磐新線", "station_group_ids": [], "mode": "urban", "operator_id": "tsukuba_express", "line_color": "#2BB673", "tags": ["tokyo", "track_centerline"]}}, {"type": "Feature", "bbox": [139.84418, 35.80737, 139.84529, 35.80816], "geometry": {"type": "LineString", "coordinates": [[139.84418, 35.80737], [139.84529, 35.80816]]}, "properties": {"id": "TRACK_TOKYO_0485", "line_name": "常磐新線", "station_group_ids": [], "mode": "urban", "operator_id": "tsukuba_express", "line_color": "#2BB673", "tags": ["tokyo", "track_centerline"]}}, {"type": "Feature", "bbox": [139.8219, 35.78562, 139.84418, 35.80737], "geometry": {"type": "LineString", "coordinates": [[139.84418, 35.80737], [139.83865, 35.80358], [139.8327, 35.8005], [139.83236, 35.80031], [139.8321, 35.80021], [139.8274, 35.7991], [139.82694, 35.79898], [139.82649, 35.79877], [139.82619, 35.79859], [139.82585, 35.79838], [139.82549, 35.79808], [139.82508, 35.79765], [139.82242, 35.7946], [139.82221, 35.79422], [139.82209, 35.79382], [139.82202, 35.79335], [139.82205, 35.78798], [139.82202, 35.78661], [139.82192, 35.78584], [139.8219, 35.78562]]}, "properties": {"id": "TRACK_TOKYO_0487", "line_name": "常磐新線", "station_group_ids": [], "mode": "urban", "operator_id": "tsukuba_express", "line_color": "#2BB673", "tags": ["tokyo", "track_centerline"]}}, {"type": "Feature", "bbox": [139.7923, 35.71308, 139.79261, 35.71478], "geometry": {"type": "LineString", "coordinates": [[139.79261, 35.71478], [139.7923, 35.71308]]}, "properties": {"id": "TRACK_TOKYO_0488", "line_name": "常磐新線", "station_group_ids": [], "mode": "urban", "operator_id": "tsukuba_express", "line_color": "#2BB673", "tags": ["tokyo", "track_centerline"]}}, {"type": "Feature", "bbox": [139.79946, 35.73364, 139.80481, 35.74869], "geometry": {"type": "LineString", "coordinates": [[139.79946, 35.73364], [139.79979, 35.73421], [139.80015, 35.73484], [139.80032, 35.73527], [139.80106, 35.73726], [139.80141, 35.73859], [139.80189, 35.74018], [139.80241, 35.74178], [139.80259, 35.74247], [139.80287, 35.74339], [139.80328, 35.74472], [139.80384, 35.74633], [139.80417, 35.74704], [139.80481, 35.74869]]}, "properties": {"id": "TRACK_TOKYO_0489", "line_name": "常磐新線", "station_group_ids": [], "mode": "urban", "operator_id": "tsukuba_express", "line_color": "#2BB673", "tags": ["tokyo", "track_centerline"]}}, {"type": "Feature", "bbox": [139.82171, 35.78394, 139.8219, 35.78562], "geometry": {"type": "LineString", "coordinates": [[139.82171, 35.78394], [139.8219, 35.78562]]}, "properties": {"id": "TRACK_TOKYO_0491", "line_name": "常磐新線", "station_group_ids": [], "mode": "urban", "operator_id": "tsukuba_express", "line_color": "#2BB673", "tags": ["tokyo", "track_centerline"]}}, {"type": "Feature", "bbox": [139.80481, 35.74869, 139.80554, 35.75104], "geometry": {"type": "LineString", "coordinates": [[139.80481, 35.74869], [139.80554, 35.75104]]}, "properties": {"id": "TRACK_TOKYO_0493", "line_name": "常磐新線", "station_group_ids": [], "mode": "urban", "operator_id": "tsukuba_express", "line_color": "#2BB673", "tags": ["tokyo", "track_centerline"]}}, {"type": "Feature", "bbox": [139.69817, 35.68316, 139.69913, 35.68395], "geometry": {"type": "LineString", "coordinates": [[139.69817, 35.68316], [139.69885, 35.68372], [139.69913, 35.68395]]}, "properties": {"id": "TRACK_TOKYO_0531", "line_name": "小田原線", "station_group_ids": [], "mode": "private", "operator_id": "odakyu", "line_color": "#2B78D0", "tags": ["tokyo", "track_centerline"]}}, {"type": "Feature", "bbox": [139.69913, 35.68395, 139.70086, 35.69047], "geometry": {"type": "LineString", "coordinates": [[139.69964, 35.69047], [139.69969, 35.68991], [139.69978, 35.68939], [139.69993, 35.68891], [139.70003, 35.68859], [139.70014, 35.68823], [139.70028, 35.68788], [139.70064, 35.687], [139.70074, 35.68672], [139.70084, 35.68636], [139.70086, 35.686], [139.70079, 35.68568], [139.70064, 35.68536], [139.70038, 35.685], [139.70001, 35.68463], [139.69913, 35.68395]]}, "properties": {"id": "TRACK_TOKYO_0532", "line_name": "小田原線", "station_group_ids": [], "mode": "private", "operator_id": "odakyu", "line_color": "#2B78D0", "tags": ["tokyo", "track_centerline"]}}, {"type": "Feature", "bbox": [139.69388, 35.67908, 139.69817, 35.68316], "geometry": {"type": "LineString", "coordinates": [[139.69388, 35.67908], [139.69465, 35.68015], [139.69509, 35.68067], [139.69537, 35.68093], [139.69665, 35.68197], [139.69694, 35.6822], [139.69817, 35.68316]]}, "properties": {"id": "TRACK_TOKYO_0534", "line_name": "小田原線", "station_group_ids": [], "mode": "private", "operator_id": "odakyu", "line_color": "#2B78D0", "tags": ["tokyo", "track_centerline"]}}, {"type": "Feature", "bbox": [139.69329, 35.67813, 139.69388, 35.67908], "geometry": {"type": "LineString", "coordinates": [[139.69329, 35.67813], [139.69388, 35.67908]]}, "properties": {"id": "TRACK_TOKYO_0537", "line_name": "小田原線", "station_group_ids": [], "mode": "private", "operator_id": "odakyu", "line_color": "#2B78D0", "tags": ["tokyo", "track_centerline"]}}, {"type": "Feature", "bbox": [139.68964, 35.67007, 139.69329, 35.67813], "geometry": {"type": "LineString", "coordinates": [[139.68964, 35.67007], [139.69, 35.67056], [139.69014, 35.67084], [139.69024, 35.67116], [139.69042, 35.67187], [139.69057, 35.67242], [139.69077, 35.67314], [139.69091, 35.67356], [139.69108, 35.674], [139.69125, 35.67443], [139.69149, 35.6749], [139.69173, 35.67538], [139.69196, 35.67584], [139.69231, 35.67647], [139.69283, 35.67735], [139.69307, 35.67777], [139.69329, 35.67813]]}, "properties": {"id": "TRACK_TOKYO_0539", "line_name": "小田原線", "station_group_ids": [], "mode": "private", "operator_id": "odakyu", "line_color": "#2B78D0", "tags": ["tokyo", "track_centerline"]}}, {"type": "Feature", "bbox": [139.69964, 35.69047, 139.69971, 35.69189], "geometry": {"type": "LineString", "coordinates": [[139.69971, 35.69189], [139.69965, 35.69136], [139.69964, 35.69047]]}, "properties": {"id": "TRACK_TOKYO_0540", "line_name": "小田原線", "station_group_ids": [], "mode": "private", "operator_id": "odakyu", "line_color": "#2B78D0", "tags": ["tokyo", "track_centerline"]}}, {"type": "Feature", "bbox": [139.67342, 35.71477, 139.68594, 35.71576], "geometry": {"type": "LineString", "coordinates": [[139.68594, 35.71501], [139.68467, 35.7149], [139.6835, 35.71478], [139.68291, 35.71478], [139.68229, 35.71477], [139.68192, 35.71478], [139.68164, 35.71482], [139.67931, 35.71537], [139.67915, 35.71541], [139.67894, 35.71546], [139.67799, 35.71567], [139.67684, 35.71576], [139.67588, 35.71575], [139.67542, 35.71571], [139.67472, 35.71566], [139.67431, 35.71561], [139.67351, 35.71555], [139.67342, 35.71555]]}, "properties": {"id": "TRACK_TOKYO_0716", "line_name": "新宿線", "station_group_ids": [], "mode": "private", "operator_id": "seibu", "line_color": "#00A15F", "tags": ["tokyo", "track_centerline"]}}, {"type": "Feature", "bbox": [139.66561, 35.71602, 139.67177, 35.71906], "geometry": {"type": "LineString", "coordinates": [[139.67177, 35.71602], [139.66974, 35.71717], [139.66868, 35.71776], [139.66835, 35.71795], [139.66749, 35.71843], [139.66686, 35.71874], [139.66648, 35.7189], [139.66594, 35.71901], [139.66561, 35.71906]]}, "properties": {"id": "TRACK_TOKYO_0717", "line_name": "新宿線", "station_group_ids": [], "mode": "private", "operator_id": "seibu", "line_color": "#00A15F", "tags": ["tokyo", "track_centerline"]}}, {"type": "Feature", "bbox": [139.67177, 35.71555, 139.67342, 35.71602], "geometry": {"type": "LineString", "coordinates": [[139.67342, 35.71555], [139.67273, 35.71572], [139.67207, 35.71592], [139.67177, 35.71602]]}, "properties": {"id": "TRACK_TOKYO_0718", "line_name": "新宿線", "station_group_ids": [], "mode": "private", "operator_id": "seibu", "line_color": "#00A15F", "tags": ["tokyo", "track_centerline"]}}, {"type": "Feature", "bbox": [139.61465, 35.72462, 139.61658, 35.7247], "geometry": {"type": "LineString", "coordinates": [[139.61658, 35.72462], [139.61541, 35.72467], [139.61465, 35.7247]]}, "properties": {"id": "TRACK_TOKYO_0719", "line_name": "新宿線", "station_group_ids": [], "mode": "private", "operator_id": "seibu", "line_color": "#00A15F", "tags": ["tokyo", "track_centerline"]}}, {"type": "Feature", "bbox": [139.66407, 35.71906, 139.66561, 35.71926], "geometry": {"type": "LineString", "coordinates": [[139.66561, 35.71906], [139.66407, 35.71926]]}, "properties": {"id": "TRACK_TOKYO_0720", "line_name": "新宿線", "station_group_ids": [], "mode": "private", "operator_id": "seibu", "line_color": "#00A15F", "tags": ["tokyo", "track_centerline"]}}, {"type": "Feature", "bbox": [139.64482, 35.72202, 139.64604, 35.72236], "geometry": {"type": "LineString", "coordinates": [[139.64604, 35.72202], [139.64482, 35.72236]]}, "properties": {"id": "TRACK_TOKYO_0721", "line_name": "新宿線", "station_group_ids": [], "mode": "private", "operator_id": "seibu", "line_color": "#00A15F", "tags": ["tokyo", "track_centerline"]}}, {"type": "Feature", "bbox": [139.65415, 35.71897, 139.66407, 35.71963], "geometry": {"type": "LineString", "coordinates": [[139.66407, 35.71926], [139.66259, 35.71952], [139.66164, 35.71962], [139.66122, 35.71963], [139.66085, 35.71959], [139.66006, 35.71951], [139.65875, 35.71933], [139.65644, 35.71901], [139.65599, 35.71897], [139.65573, 35.71898], [139.65532, 35.71903], [139.65415, 35.71939]]}, "properties": {"id": "TRACK_TOKYO_0722", "line_name": "新宿線", "station_group_ids": [], "mode": "private", "operator_id": "seibu", "line_color": "#00A15F", "tags": ["tokyo", "track_centerline"]}}, {"type": "Feature", "bbox": [139.68594, 35.71501, 139.68735, 35.71513], "geometry": {"type": "LineString", "coordinates": [[139.68735, 35.71513], [139.68594, 35.71501]]}, "properties": {"id": "TRACK_TOKYO_0723", "line_name": "新宿線", "station_group_ids": [], "mode": "private", "operator_id": "seibu", "line_color": "#00A15F", "tags": ["tokyo", "track_centerline"]}}, {"type": "Feature", "bbox": [139.62538, 35.72263, 139.63905, 35.72379], "geometry": {"type": "LineString", "coordinates": [[139.63905, 35.72263], [139.63879, 35.72264], [139.63723, 35.72271], [139.63591, 35.72271], [139.6349, 35.72272], [139.63458, 35.72273], [139.63392, 35.72278], [139.63299, 35.72288], [139.62777, 35.72351], [139.62538, 35.72379]]}, "properties": {"id": "TRACK_TOKYO_0724", "line_name": "新宿線", "station_group_ids": [], "mode": "private", "operator_id": "seibu", "line_color": "#00A15F", "tags": ["tokyo", "track_centerline"]}}, {"type": "Feature", "bbox": [139.61658, 35.72395, 139.62409, 35.72462], "geometry": {"type": "LineString", "coordinates": [[139.61658, 35.72462], [139.61695, 35.72459], [139.61746, 35.72455], [139.61806, 35.72451], [139.61865, 35.72448], [139.61909, 35.72445], [139.61948, 35.72444], [139.61994, 35.72441], [139.62045, 35.72437], [139.62093, 35.72431], [139.62138, 35.72426], [139.62178, 35.72422], [139.62409, 35.72395]]}, "properties": {"id": "TRACK_TOKYO_0725", "line_name": "新宿線", "station_group_ids": [], "mode": "private", "operator_id": "seibu", "line_color": "#00A15F", "tags": ["tokyo", "track_centerline"]}}, {"type": "Feature", "bbox": [139.63905, 35.72261, 139.64064, 35.72263], "geometry": {"type": "LineString", "coordinates": [[139.64064, 35.72261], [139.63905, 35.72263]]}, "properties": {"id": "TRACK_TOKYO_0726", "line_name": "新宿線", "station_group_ids": [], "mode": "private", "operator_id": "seibu", "line_color": "#00A15F", "tags": ["tokyo", "track_centerline"]}}, {"type": "Feature", "bbox": [139.64604, 35.71977, 139.65288, 35.72202], "geometry": {"type": "LineString", "coordinates": [[139.65288, 35.71977], [139.65081, 35.72047], [139.64762, 35.7215], [139.64604, 35.72202]]}, "properties": {"id": "TRACK_TOKYO_0727", "line_name": "新宿線", "station_group_ids": [], "mode": "private", "operator_id": "seibu", "line_color": "#00A15F", "tags": ["tokyo", "track_centerline"]}}, {"type": "Feature", "bbox": [139.65288, 35.71939, 139.65415, 35.71977], "geometry": {"type": "LineString", "coordinates": [[139.65415, 35.71939], [139.65345, 35.7196], [139.65288, 35.71977]]}, "properties": {"id": "TRACK_TOKYO_0728", "line_name": "新宿線", "station_group_ids": [], "mode": "private", "operator_id": "seibu", "line_color": "#00A15F", "tags": ["tokyo", "track_centerline"]}}, {"type": "Feature", "bbox": [139.7037, 35.71176, 139.70429, 35.71311], "geometry": {"type": "LineString", "coordinates": [[139.7037, 35.71176], [139.70401, 35.71258], [139.70429, 35.71311]]}, "properties": {"id": "TRACK_TOKYO_0729", "line_name": "新宿線", "station_group_ids": [], "mode": "private", "operator_id": "seibu", "line_color": "#00A15F", "tags": ["tokyo", "track_centerline"]}}, {"type": "Feature", "bbox": [139.69586, 35.71311, 139.70493, 35.71624], "geometry": {"type": "LineString", "coordinates": [[139.70429, 35.71311], [139.70446, 35.71337], [139.70465, 35.71372], [139.70483, 35.71411], [139.70489, 35.71427], [139.70492, 35.71454], [139.70493, 35.71458], [139.70491, 35.71484], [139.7048, 35.7152], [139.70465, 35.71537], [139.70451, 35.71553], [139.70436, 35.71565], [139.70401, 35.71583], [139.70369, 35.71593], [139.70333, 35.716], [139.70283, 35.71604], [139.70077, 35.71615], [139.69904, 35.71624], [139.69846, 35.71623], [139.69816, 35.71623], [139.69794, 35.7162], [139.69762, 35.71615], [139.69729, 35.71607], [139.69665, 35.7159], [139.69612, 35.71577], [139.69586, 35.71573]]}, "properties": {"id": "TRACK_TOKYO_0730", "line_name": "新宿線", "station_group_ids": [], "mode": "private", "operator_id": "seibu", "line_color": "#00A15F", "tags": ["tokyo", "track_centerline"]}}, {"type": "Feature", "bbox": [139.69474, 35.71567, 139.69586, 35.71573], "geometry": {"type": "LineString", "coordinates": [[139.69586, 35.71573], [139.6955, 35.7157], [139.69506, 35.71567], [139.69474, 35.71568]]}, "properties": {"id": "TRACK_TOKYO_0731", "line_name": "新宿線", "station_group_ids": [], "mode": "private", "operator_id": "seibu", "line_color": "#00A15F", "tags": ["tokyo", "track_centerline"]}}, {"type": "Feature", "bbox": [139.68735, 35.71513, 139.69474, 35.71588], "geometry": {"type": "LineString", "coordinates": [[139.69474, 35.71568], [139.69418, 35.71574], [139.69294, 35.71585], [139.69209, 35.71588], [139.69176, 35.71588], [139.69142, 35.71585], [139.69116, 35.71583], [139.68986, 35.71556], [139.6895, 35.7155], [139.68791, 35.71519], [139.68735, 35.71513]]}, "properties": {"id": "TRACK_TOKYO_0732", "line_name": "新宿線", "station_group_ids": [], "mode": "private", "operator_id": "seibu", "line_color": "#00A15F", "tags": ["tokyo", "track_centerline"]}}, {"type": "Feature", "bbox": [139.64064, 35.72236, 139.64482, 35.72261], "geometry": {"type": "LineString", "coordinates": [[139.64482, 35.72236], [139.64394, 35.72253], [139.64355, 35.72258], [139.6431, 35.72258], [139.64121, 35.72261], [139.64064, 35.72261]]}, "properties": {"id": "TRACK_TOKYO_0733", "line_name": "新宿線", "station_group_ids": [], "mode": "private", "operator_id": "seibu", "line_color": "#00A15F", "tags": ["tokyo", "track_centerline"]}}, {"type": "Feature", "bbox": [139.62409, 35.72379, 139.62538, 35.72395], "geometry": {"type": "LineString", "coordinates": [[139.62538, 35.72379], [139.62409, 35.72395]]}, "properties": {"id": "TRACK_TOKYO_0734", "line_name": "新宿線", "station_group_ids": [], "mode": "private", "operator_id": "seibu", "line_color": "#00A15F", "tags": ["tokyo", "track_centerline"]}}, {"type": "Feature", "bbox": [139.70004, 35.6953, 139.70012, 35.69704], "geometry": {"type": "LineString", "coordinates": [[139.70004, 35.6953], [139.70004, 35.69605], [139.70012, 35.69704]]}, "properties": {"id": "TRACK_TOKYO_0735", "line_name": "新宿線", "station_group_ids": [], "mode": "private", "operator_id": "seibu", "line_color": "#00A15F", "tags": ["tokyo", "track_centerline"]}}, {"type": "Feature", "bbox": [139.70012, 35.69704, 139.7037, 35.71176], "geometry": {"type": "LineString", "coordinates": [[139.70012, 35.69704], [139.70019, 35.69777], [139.70023, 35.69825], [139.70037, 35.69969], [139.70074, 35.70308], [139.70075, 35.7031], [139.70079, 35.70342], [139.70087, 35.70381], [139.70093, 35.70405], [139.70124, 35.70501], [139.70209, 35.70736], [139.70336, 35.71082], [139.7037, 35.71176]]}, "properties": {"id": "TRACK_TOKYO_0736", "line_name": "新宿線", "station_group_ids": [], "mode": "private", "operator_id": "seibu", "line_color": "#00A15F", "tags": ["tokyo", "track_centerline"]}}, {"type": "Feature", "bbox": [139.5628, 35.72868, 139.56435, 35.72883], "geometry": {"type": "LineString", "coordinates": [[139.56435, 35.72868], [139.5628, 35.72883]]}, "properties": {"id": "TRACK_TOKYO_0744", "line_name": "新宿線", "station_group_ids": [], "mode": "private", "operator_id": "seibu", "line_color": "#00A15F", "tags": ["tokyo", "track_centerline"]}}, {"type": "Feature", "bbox": [139.60369, 35.7247, 139.61465, 35.72521], "geometry": {"type": "LineString", "coordinates": [[139.60369, 35.72521], [139.60414, 35.72519], [139.60472, 35.72516], [139.60527, 35.72514], [139.60616, 35.72508], [139.60665, 35.72507], [139.60714, 35.72503], [139.60789, 35.725], [139.60841, 35.72497], [139.60889, 35.72494], [139.60983, 35.7249], [139.61005, 35.7249], [139.6105, 35.72488], [139.61119, 35.72486], [139.61183, 35.72482], [139.61232, 35.72481], [139.61242, 35.7248], [139.61324, 35.72477], [139.614, 35.72473], [139.61412, 35.72473], [139.61442, 35.72471], [139.61465, 35.7247]]}, "properties": {"id": "TRACK_TOKYO_0745", "line_name": "新宿線", "station_group_ids": [], "mode": "private", "operator_id": "seibu", "line_color": "#00A15F", "tags": ["tokyo", "track_centerline"]}}, {"type": "Feature", "bbox": [139.55294, 35.72863, 139.5628, 35.72913], "geometry": {"type": "LineString", "coordinates": [[139.55294, 35.72863], [139.55346, 35.72867], [139.55412, 35.72873], [139.55459, 35.72876], [139.55504, 35.7288], [139.55541, 35.72884], [139.55598, 35.72889], [139.55653, 35.72894], [139.55702, 35.72899], [139.55754, 35.72904], [139.55814, 35.72909], [139.55875, 35.72913], [139.5594, 35.72912], [139.55969, 35.72909], [139.56022, 35.72904], [139.56072, 35.729], [139.56153, 35.72893], [139.56237, 35.72885], [139.5625, 35.72885], [139.56264, 35.72883], [139.5628, 35.72883]]}, "properties": {"id": "TRACK_TOKYO_0749", "line_name": "新宿線", "station_group_ids": [], "mode": "private", "operator_id": "seibu", "line_color": "#00A15F", "tags": ["tokyo", "track_centerline"]}}, {"type": "Feature", "bbox": [139.57721, 35.72628, 139.59158, 35.72754], "geometry": {"type": "LineString", "coordinates": [[139.57721, 35.72754], [139.57791, 35.72748], [139.57825, 35.72745], [139.57994, 35.7273], [139.5801, 35.72729], [139.58056, 35.72724], [139.58071, 35.72723], [139.58184, 35.72715], [139.58202, 35.72712], [139.58345, 35.72701], [139.58436, 35.72693], [139.58602, 35.72677], [139.58619, 35.72676], [139.58672, 35.72672], [139.58757, 35.72664], [139.58854, 35.72655], [139.58864, 35.72654], [139.58872, 35.72653], [139.59011, 35.7264], [139.5903, 35.72639], [139.59096, 35.72633], [139.59158, 35.72628]]}, "properties": {"id": "TRACK_TOKYO_0750", "line_name": "新宿線", "station_group_ids": [], "mode": "private", "operator_id": "seibu", "line_color": "#00A15F", "tags": ["tokyo", "track_centerline"]}}, {"type": "Feature", "bbox": [139.56435, 35.72769, 139.57552, 35.72868], "geometry": {"type": "LineString", "coordinates": [[139.56435, 35.72868], [139.56477, 35.72864], [139.56502, 35.72862], [139.56562, 35.72857], [139.56657, 35.72848], [139.56666, 35.72847], [139.56687, 35.72845], [139.56765, 35.72839], [139.56893, 35.72828], [139.57048, 35.72813], [139.57145, 35.72804], [139.57268, 35.72793], [139.57293, 35.7279], [139.57343, 35.72786], [139.57439, 35.72779], [139.57552, 35.72769]]}, "properties": {"id": "TRACK_TOKYO_0754", "line_name": "新宿線", "station_group_ids": [], "mode": "private", "operator_id": "seibu", "line_color": "#00A15F", "tags": ["tokyo", "track_centerline"]}}, {"type": "Feature", "bbox": [139.59158, 35.72611, 139.593, 35.72628], "geometry": {"type": "LineString", "coordinates": [[139.593, 35.72611], [139.59158, 35.72628]]}, "properties": {"id": "TRACK_TOKYO_0756", "line_name": "新宿線", "station_group_ids": [], "mode": "private", "operator_id": "seibu", "line_color": "#00A15F", "tags": ["tokyo", "track_centerline"]}}, {"type": "Feature", "bbox": [139.60222, 35.72521, 139.60369, 35.7253], "geometry": {"type": "LineString", "coordinates": [[139.60369, 35.72521], [139.60222, 35.7253]]}, "properties": {"id": "TRACK_TOKYO_0762", "line_name": "新宿線", "station_group_ids": [], "mode": "private", "operator_id": "seibu", "line_color": "#00A15F", "tags": ["tokyo", "track_centerline"]}}, {"type": "Feature", "bbox": [139.57552, 35.72754, 139.57721, 35.72769], "geometry": {"type": "LineString", "coordinates": [[139.57721, 35.72754], [139.57552, 35.72769]]}, "properties": {"id": "TRACK_TOKYO_0765", "line_name": "新宿線", "station_group_ids": [], "mode": "private", "operator_id": "seibu", "line_color": "#00A15F", "tags": ["tokyo", "track_centerline"]}}, {"type": "Feature", "bbox": [139.593, 35.7253, 139.60222, 35.72611], "geometry": {"type": "LineString", "coordinates": [[139.593, 35.72611], [139.59313, 35.7261], [139.59417, 35.72598], [139.59436, 35.72596], [139.5954, 35.72585], [139.59655, 35.72572], [139.59793, 35.72555], [139.59808, 35.72553], [139.59901, 35.72548], [139.59947, 35.72544], [139.59976, 35.72542], [139.60028, 35.7254], [139.60107, 35.72536], [139.60162, 35.72534], [139.60177, 35.72533], [139.60222, 35.7253]]}, "properties": {"id": "TRACK_TOKYO_0769", "line_name": "新宿線", "station_group_ids": [], "mode": "private", "operator_id": "seibu", "line_color": "#00A15F", "tags": ["tokyo", "track_centerline"]}}, {"type": "Feature", "bbox": [139.66964, 35.74167, 139.67588, 35.74502], "geometry": {"type": "LineString", "coordinates": [[139.67588, 35.74501], [139.67546, 35.74501], [139.67509, 35.74502], [139.67463, 35.74502], [139.67406, 35.74489], [139.66964, 35.74167]]}, "properties": {"id": "TRACK_TOKYO_0792", "line_name": "西武有楽町線", "station_group_ids": [], "mode": "private", "operator_id": "seibu", "line_color": "#00A15F", "tags": ["tokyo", "track_centerline"]}}, {"type": "Feature", "bbox": [139.6785, 35.74291, 139.68054, 35.74388], "geometry": {"type": "LineString", "coordinates": [[139.6785, 35.74388], [139.68054, 35.74291]]}, "properties": {"id": "TRACK_TOKYO_0793", "line_name": "西武有楽町線", "station_group_ids": [], "mode": "private", "operator_id": "seibu", "line_color": "#00A15F", "tags": ["tokyo", "track_centerline"]}}, {"type": "Feature", "bbox": [139.67588, 35.74388, 139.6785, 35.74501], "geometry": {"type": "LineString", "coordinates": [[139.67588, 35.74501], [139.6785, 35.74388]]}, "properties": {"id": "TRACK_TOKYO_0794", "line_name": "西武有楽町線", "station_group_ids": [], "mode": "private", "operator_id": "seibu", "line_color": "#00A15F", "tags": ["tokyo", "track_centerline"]}}, {"type": "Feature", "bbox": [139.65582, 35.73792, 139.66766, 35.74041], "geometry": {"type": "LineString", "coordinates": [[139.66766, 35.74041], [139.66611, 35.73962], [139.66462, 35.73907], [139.66312, 35.73869], [139.66258, 35.73861], [139.66133, 35.73843], [139.65853, 35.73814], [139.65723, 35.73801], [139.65633, 35.73792], [139.65582, 35.73805]]}, "properties": {"id": "TRACK_TOKYO_0795", "line_name": "西武有楽町線", "station_group_ids": [], "mode": "private", "operator_id": "seibu", "line_color": "#00A15F", "tags": ["tokyo", "track_centerline"]}}, {"type": "Feature", "bbox": [139.66766, 35.74041, 139.66964, 35.74167], "geometry": {"type": "LineString", "coordinates": [[139.66964, 35.74167], [139.66842, 35.74086], [139.66766, 35.74041]]}, "properties": {"id": "TRACK_TOKYO_0796", "line_name": "西武有楽町線", "station_group_ids": [], "mode": "private", "operator_id": "seibu", "line_color": "#00A15F", "tags": ["tokyo", "track_centerline"]}}, {"type": "Feature", "bbox": [139.65331, 35.73783, 139.65557, 35.73804], "geometry": {"type": "LineString", "coordinates": [[139.65557, 35.73804], [139.65331, 35.73783]]}, "properties": {"id": "TRACK_TOKYO_0797", "line_name": "西武有楽町線", "station_group_ids": [], "mode": "private", "operator_id": "seibu", "line_color": "#00A15F", "tags": ["tokyo", "track_centerline"]}}, {"type": "Feature", "bbox": [139.65557, 35.73804, 139.65582, 35.73805], "geometry": {"type": "LineString", "coordinates": [[139.65582, 35.73805], [139.65557, 35.73804]]}, "properties": {"id": "TRACK_TOKYO_0798", "line_name": "西武有楽町線", "station_group_ids": [], "mode": "private", "operator_id": "seibu", "line_color": "#00A15F", "tags": ["tokyo", "track_centerline"]}}, {"type": "Feature", "bbox": [139.61599, 35.74016, 139.61768, 35.74107], "geometry": {"type": "LineString", "coordinates": [[139.61599, 35.74107], [139.61768, 35.74016]]}, "properties": {"id": "TRACK_TOKYO_0824", "line_name": "池袋線", "station_group_ids": [], "mode": "private", "operator_id": "seibu", "line_color": "#00A15F", "tags": ["tokyo", "track_centerline"]}}, {"type": "Feature", "bbox": [139.69494, 35.72423, 139.71075, 35.72749], "geometry": {"type": "LineString", "coordinates": [[139.71075, 35.72749], [139.71063, 35.72719], [139.71049, 35.72683], [139.70995, 35.72546], [139.70974, 35.72502], [139.7096, 35.72488], [139.70942, 35.72471], [139.70907, 35.72452], [139.70878, 35.72439], [139.70858, 35.72432], [139.70838, 35.72426], [139.70804, 35.72423], [139.70781, 35.72423], [139.70762, 35.72424], [139.70732, 35.7243], [139.70669, 35.72452], [139.70554, 35.72494], [139.70307, 35.72584], [139.70208, 35.7262], [139.70133, 35.72645], [139.70092, 35.72655], [139.70046, 35.7266], [139.70019, 35.72661], [139.6999, 35.72661], [139.69955, 35.72659], [139.69916, 35.72655], [139.69869, 35.72648], [139.69811, 35.72639], [139.6976, 35.72628], [139.69731, 35.72623], [139.69685, 35.72618], [139.69642, 35.72617], [139.69581, 35.72622], [139.69494, 35.72637]]}, "properties": {"id": "TRACK_TOKYO_0825", "line_name": "池袋線", "station_group_ids": [], "mode": "private", "operator_id": "seibu", "line_color": "#00A15F", "tags": ["tokyo", "track_centerline"]}}, {"type": "Feature", "bbox": [139.69369, 35.72637, 139.69494, 35.72662], "geometry": {"type": "LineString", "coordinates": [[139.69494, 35.72637], [139.69369, 35.72662]]}, "properties": {"id": "TRACK_TOKYO_0826", "line_name": "池袋線", "station_group_ids": [], "mode": "private", "operator_id": "seibu", "line_color": "#00A15F", "tags": ["tokyo", "track_centerline"]}}, {"type": "Feature", "bbox": [139.65582, 35.73805, 139.66144, 35.73865], "geometry": {"type": "LineString", "coordinates": [[139.66144, 35.73865], [139.65998, 35.7385], [139.65817, 35.7383], [139.65658, 35.73813], [139.65582, 35.73805]]}, "properties": {"id": "TRACK_TOKYO_0827", "line_name": "池袋線", "station_group_ids": [], "mode": "private", "operator_id": "seibu", "line_color": "#00A15F", "tags": ["tokyo", "track_centerline"]}}, {"type": "Feature", "bbox": [139.65557, 35.73804, 139.65582, 35.73805], "geometry": {"type": "LineString", "coordinates": [[139.65582, 35.73805], [139.65557, 35.73804]]}, "properties": {"id": "TRACK_TOKYO_0828", "line_name": "池袋線", "station_group_ids": [], "mode": "private", "operator_id": "seibu", "line_color": "#00A15F", "tags": ["tokyo", "track_centerline"]}}, {"type": "Feature", "bbox": [139.66336, 35.7377, 139.67202, 35.73896], "geometry": {"type": "LineString", "coordinates": [[139.67202, 35.7377], [139.67095, 35.73795], [139.6694, 35.73827], [139.66822, 35.73851], [139.66724, 35.73872], [139.66595, 35.73892], [139.66537, 35.73896], [139.66461, 35.73895], [139.66336, 35.73884]]}, "properties": {"id": "TRACK_TOKYO_0829", "line_name": "池袋線", "station_group_ids": [], "mode": "private", "operator_id": "seibu", "line_color": "#00A15F", "tags": ["tokyo", "track_centerline"]}}, {"type": "Feature", "bbox": [139.67355, 35.73047, 139.68254, 35.73723], "geometry": {"type": "LineString", "coordinates": [[139.68254, 35.73047], [139.67943, 35.73297], [139.67918, 35.73318], [139.67751, 35.73451], [139.67682, 35.73503], [139.67596, 35.73566], [139.67505, 35.73634], [139.67452, 35.73678], [139.67423, 35.73698], [139.67396, 35.7371], [139.67355, 35.73723]]}, "properties": {"id": "TRACK_TOKYO_0830", "line_name": "池袋線", "station_group_ids": [], "mode": "private", "operator_id": "seibu", "line_color": "#00A15F", "tags": ["tokyo", "track_centerline"]}}, {"type": "Feature", "bbox": [139.68254, 35.72947, 139.68383, 35.73047], "geometry": {"type": "LineString", "coordinates": [[139.68383, 35.72947], [139.68254, 35.73047]]}, "properties": {"id": "TRACK_TOKYO_0831", "line_name": "池袋線", "station_group_ids": [], "mode": "private", "operator_id": "seibu", "line_color": "#00A15F", "tags": ["tokyo", "track_centerline"]}}, {"type": "Feature", "bbox": [139.66144, 35.73865, 139.66336, 35.73884], "geometry": {"type": "LineString", "coordinates": [[139.66336, 35.73884], [139.66144, 35.73865]]}, "properties": {"id": "TRACK_TOKYO_0832", "line_name": "池袋線", "station_group_ids": [], "mode": "private", "operator_id": "seibu", "line_color": "#00A15F", "tags": ["tokyo", "track_centerline"]}}, {"type": "Feature", "bbox": [139.63633, 35.73657, 139.63801, 35.73677], "geometry": {"type": "LineString", "coordinates": [[139.63801, 35.73677], [139.63633, 35.73657]]}, "properties": {"id": "TRACK_TOKYO_0833", "line_name": "池袋線", "station_group_ids": [], "mode": "private", "operator_id": "seibu", "line_color": "#00A15F", "tags": ["tokyo", "track_centerline"]}}, {"type": "Feature", "bbox": [139.629, 35.73577, 139.63063, 35.73593], "geometry": {"type": "LineString", "coordinates": [[139.63063, 35.73593], [139.629, 35.73577]]}, "properties": {"id": "TRACK_TOKYO_0834", "line_name": "池袋線", "station_group_ids": [], "mode": "private", "operator_id": "seibu", "line_color": "#00A15F", "tags": ["tokyo", "track_centerline"]}}, {"type": "Feature", "bbox": [139.67202, 35.73723, 139.67355, 35.7377], "geometry": {"type": "LineString", "coordinates": [[139.67355, 35.73723], [139.67202, 35.7377]]}, "properties": {"id": "TRACK_TOKYO_0835", "line_name": "池袋線", "station_group_ids": [], "mode": "private", "operator_id": "seibu", "line_color": "#00A15F", "tags": ["tokyo", "track_centerline"]}}, {"type": "Feature", "bbox": [139.63063, 35.73593, 139.63633, 35.73657], "geometry": {"type": "LineString", "coordinates": [[139.63633, 35.73657], [139.6349, 35.73641], [139.63296, 35.7362], [139.63063, 35.73593]]}, "properties": {"id": "TRACK_TOKYO_0836", "line_name": "池袋線", "station_group_ids": [], "mode": "private", "operator_id": "seibu", "line_color": "#00A15F", "tags": ["tokyo", "track_centerline"]}}, {"type": "Feature", "bbox": [139.61768, 35.73577, 139.629, 35.74016], "geometry": {"type": "LineString", "coordinates": [[139.629, 35.73577], [139.62821, 35.73577], [139.62725, 35.73582], [139.62694, 35.73586], [139.62641, 35.73595], [139.62595, 35.73606], [139.62546, 35.73619], [139.62506, 35.73633], [139.62465, 35.73647], [139.62438, 35.73658], [139.62406, 35.73673], [139.62375, 35.73691], [139.62338, 35.73713], [139.62306, 35.73731], [139.62235, 35.73771], [139.62178, 35.73801], [139.6201, 35.7389], [139.61867, 35.73964], [139.61768, 35.74016]]}, "properties": {"id": "TRACK_TOKYO_0837", "line_name": "池袋線", "station_group_ids": [], "mode": "private", "operator_id": "seibu", "line_color": "#00A15F", "tags": ["tokyo", "track_centerline"]}}, {"type": "Feature", "bbox": [139.68383, 35.72662, 139.69369, 35.72947], "geometry": {"type": "LineString", "coordinates": [[139.69369, 35.72662], [139.69253, 35.72685], [139.68945, 35.72747], [139.68754, 35.72787], [139.68685, 35.72801], [139.68632, 35.72816], [139.68594, 35.72828], [139.68546, 35.72849], [139.68503, 35.7287], [139.68464, 35.72893], [139.68425, 35.72918], [139.68383, 35.72947]]}, "properties": {"id": "TRACK_TOKYO_0838", "line_name": "池袋線", "station_group_ids": [], "mode": "private", "operator_id": "seibu", "line_color": "#00A15F", "tags": ["tokyo", "track_centerline"]}}, {"type": "Feature", "bbox": [139.65331, 35.73783, 139.65557, 35.73804], "geometry": {"type": "LineString", "coordinates": [[139.65557, 35.73804], [139.65331, 35.73783]]}, "properties": {"id": "TRACK_TOKYO_0839", "line_name": "池袋線", "station_group_ids": [], "mode": "private", "operator_id": "seibu", "line_color": "#00A15F", "tags": ["tokyo", "track_centerline"]}}, {"type": "Feature", "bbox": [139.6503, 35.73766, 139.65331, 35.73783], "geometry": {"type": "LineString", "coordinates": [[139.65331, 35.73783], [139.65197, 35.73772], [139.65115, 35.73767], [139.6503, 35.73766]]}, "properties": {"id": "TRACK_TOKYO_0840", "line_name": "池袋線", "station_group_ids": [], "mode": "private", "operator_id": "seibu", "line_color": "#00A15F", "tags": ["tokyo", "track_centerline"]}}, {"type": "Feature", "bbox": [139.63801, 35.73677, 139.6503, 35.73766], "geometry": {"type": "LineString", "coordinates": [[139.6503, 35.73766], [139.64903, 35.73766], [139.6484, 35.73765], [139.64682, 35.73765], [139.6463, 35.73764], [139.64545, 35.73759], [139.6445, 35.73751], [139.64308, 35.73733], [139.64116, 35.73711], [139.63801, 35.73677]]}, "properties": {"id": "TRACK_TOKYO_0841", "line_name": "池袋線", "station_group_ids": [], "mode": "private", "operator_id": "seibu", "line_color": "#00A15F", "tags": ["tokyo", "track_centerline"]}}, {"type": "Feature", "bbox": [139.71075, 35.72749, 139.71091, 35.72783], "geometry": {"type": "LineString", "coordinates": [[139.71091, 35.72783], [139.71075, 35.72749]]}, "properties": {"id": "TRACK_TOKYO_0842", "line_name": "池袋線", "station_group_ids": [], "mode": "private", "operator_id": "seibu", "line_color": "#00A15F", "tags": ["tokyo", "track_centerline"]}}, {"type": "Feature", "bbox": [139.58762, 35.74389, 139.6055, 35.74903], "geometry": {"type": "LineString", "coordinates": [[139.58762, 35.74903], [139.58782, 35.74895], [139.5883, 35.74874], [139.58883, 35.74853], [139.58996, 35.74805], [139.59108, 35.74758], [139.59167, 35.74731], [139.5922, 35.7471], [139.59273, 35.74687], [139.59329, 35.74669], [139.59427, 35.74643], [139.59482, 35.74631], [139.59501, 35.74627], [139.59569, 35.74612], [139.59654, 35.74592], [139.59699, 35.74582], [139.59767, 35.74566], [139.59875, 35.74542], [139.59975, 35.74521], [139.60056, 35.74502], [139.60137, 35.74484], [139.60193, 35.7447], [139.60282, 35.74451], [139.60358, 35.74433], [139.60411, 35.74422], [139.60451, 35.74412], [139.6055, 35.74389]]}, "properties": {"id": "TRACK_TOKYO_0843", "line_name": "池袋線", "station_group_ids": [], "mode": "private", "operator_id": "seibu", "line_color": "#00A15F", "tags": ["tokyo", "track_centerline"]}}, {"type": "Feature", "bbox": [139.54674, 35.74714, 139.56712, 35.75105], "geometry": {"type": "LineString", "coordinates": [[139.56712, 35.74814], [139.56628, 35.74804], [139.56577, 35.74799], [139.56543, 35.74796], [139.56529, 35.74795], [139.56518, 35.74793], [139.56452, 35.74786], [139.56408, 35.74781], [139.56349, 35.74775], [139.56297, 35.7477], [139.5628, 35.74768], [139.56267, 35.74767], [139.5617, 35.74756], [139.56149, 35.74754], [139.56111, 35.7475], [139.56067, 35.74746], [139.56024, 35.74742], [139.55993, 35.74738], [139.55965, 35.74735], [139.55913, 35.7473], [139.55853, 35.74724], [139.55816, 35.7472], [139.55782, 35.74719], [139.55737, 35.74714], [139.55683, 35.74714], [139.55641, 35.74717], [139.55593, 35.74726], [139.55545, 35.74742], [139.55533, 35.74747], [139.55522, 35.74753], [139.555, 35.74761], [139.5546, 35.74779], [139.55426, 35.74793], [139.55409, 35.748], [139.55374, 35.74814], [139.55289, 35.74849], [139.55239, 35.74869], [139.552, 35.74885], [139.55136, 35.74911], [139.55042, 35.74951], [139.55015, 35.74961], [139.54931, 35.74997], [139.54904, 35.75007], [139.54858, 35.75026], [139.54831, 35.75039], [139.54797, 35.75053], [139.54711, 35.75089], [139.54674, 35.75105]]}, "properties": {"id": "TRACK_TOKYO_0847", "line_name": "池袋線", "station_group_ids": [], "mode": "private", "operator_id": "seibu", "line_color": "#00A15F", "tags": ["tokyo", "track_centerline"]}}, {"type": "Feature", "bbox": [139.58598, 35.74903, 139.58762, 35.74965], "geometry": {"type": "LineString", "coordinates": [[139.58598, 35.74965], [139.5864, 35.74952], [139.58661, 35.74943], [139.58762, 35.74903]]}, "properties": {"id": "TRACK_TOKYO_0852", "line_name": "池袋線", "station_group_ids": [], "mode": "private", "operator_id": "seibu", "line_color": "#00A15F", "tags": ["tokyo", "track_centerline"]}}, {"type": "Feature", "bbox": [139.60761, 35.74107, 139.61599, 35.74339], "geometry": {"type": "LineString", "coordinates": [[139.60761, 35.74339], [139.60799, 35.74332], [139.60898, 35.74309], [139.61046, 35.74277], [139.61134, 35.74256], [139.61263, 35.74227], [139.61349, 35.74205], [139.61392, 35.74194], [139.6145, 35.74176], [139.61461, 35.74172], [139.61518, 35.74147], [139.61575, 35.74119], [139.61599, 35.74107]]}, "properties": {"id": "TRACK_TOKYO_0861", "line_name": "池袋線", "station_group_ids": [], "mode": "private", "operator_id": "seibu", "line_color": "#00A15F", "tags": ["tokyo", "track_centerline"]}}, {"type": "Feature", "bbox": [139.56895, 35.74834, 139.58598, 35.74983], "geometry": {"type": "LineString", "coordinates": [[139.56895, 35.74834], [139.56981, 35.74841], [139.57108, 35.74854], [139.57227, 35.74866], [139.57342, 35.74876], [139.57476, 35.7489], [139.57498, 35.74892], [139.57622, 35.74904], [139.57741, 35.74916], [139.57856, 35.7493], [139.57977, 35.74941], [139.58097, 35.74954], [139.58236, 35.74967], [139.58341, 35.74978], [139.58404, 35.74983], [139.58485, 35.74978], [139.58538, 35.74972], [139.58598, 35.74965]]}, "properties": {"id": "TRACK_TOKYO_0868", "line_name": "池袋線", "station_group_ids": [], "mode": "private", "operator_id": "seibu", "line_color": "#00A15F", "tags": ["tokyo", "track_centerline"]}}, {"type": "Feature", "bbox": [139.6055, 35.74339, 139.60761, 35.74389], "geometry": {"type": "LineString", "coordinates": [[139.6055, 35.74389], [139.60761, 35.74339]]}, "properties": {"id": "TRACK_TOKYO_0870", "line_name": "池袋線", "station_group_ids": [], "mode": "private", "operator_id": "seibu", "line_color": "#00A15F", "tags": ["tokyo", "track_centerline"]}}, {"type": "Feature", "bbox": [139.56712, 35.74814, 139.56895, 35.74834], "geometry": {"type": "LineString", "coordinates": [[139.56712, 35.74814], [139.56864, 35.74831], [139.56895, 35.74834]]}, "properties": {"id": "TRACK_TOKYO_0872", "line_name": "池袋線", "station_group_ids": [], "mode": "private", "operator_id": "seibu", "line_color": "#00A15F", "tags": ["tokyo", "track_centerline"]}}, {"type": "Feature", "bbox": [139.648, 35.7416, 139.64804, 35.74247], "geometry": {"type": "LineString", "coordinates": [[139.64804, 35.74247], [139.648, 35.7416]]}, "properties": {"id": "TRACK_TOKYO_0907", "line_name": "豊島線", "station_group_ids": [], "mode": "private", "operator_id": "seibu", "line_color": "#00A15F", "tags": ["tokyo", "track_centerline"]}}, {"type": "Feature", "bbox": [139.64791, 35.73766, 139.6503, 35.7416], "geometry": {"type": "LineString", "coordinates": [[139.648, 35.7416], [139.64794, 35.74073], [139.64791, 35.73975], [139.64791, 35.73927], [139.64802, 35.73885], [139.64816, 35.73861], [139.6484, 35.73835], [139.64872, 35.73811], [139.64889, 35.73804], [139.64938, 35.73785], [139.6497, 35.73777], [139.6503, 35.73766]]}, "properties": {"id": "TRACK_TOKYO_0908", "line_name": "豊島線", "station_group_ids": [], "mode": "private", "operator_id": "seibu", "line_color": "#00A15F", "tags": ["tokyo", "track_centerline"]}}, {"type": "Feature", "bbox": [139.6503, 35.73766, 139.65331, 35.73783], "geometry": {"type": "LineString", "coordinates": [[139.65331, 35.73783], [139.65197, 35.73772], [139.65115, 35.73767], [139.6503, 35.73766]]}, "properties": {"id": "TRACK_TOKYO_0909", "line_name": "豊島線", "station_group_ids": [], "mode": "private", "operator_id": "seibu", "line_color": "#00A15F", "tags": ["tokyo", "track_centerline"]}}, {"type": "Feature", "bbox": [139.65331, 35.73783, 139.65557, 35.73804], "geometry": {"type": "LineString", "coordinates": [[139.65557, 35.73804], [139.65331, 35.73783]]}, "properties": {"id": "TRACK_TOKYO_0910", "line_name": "豊島線", "station_group_ids": [], "mode": "private", "operator_id": "seibu", "line_color": "#00A15F", "tags": ["tokyo", "track_centerline"]}}, {"type": "Feature", "bbox": [139.76746, 35.67936, 139.76811, 35.68296], "geometry": {"type": "LineString", "coordinates": [[139.76807, 35.68296], [139.76811, 35.68099], [139.76746, 35.67936]]}, "properties": {"id": "TRACK_TOKYO_0948", "line_name": "東海道新幹線", "station_group_ids": [], "mode": "shinkansen", "operator_id": "東海旅客鉄道", "line_color": "#1F78FF", "tags": ["tokyo", "track_centerline"]}}, {"type": "Feature", "bbox": [139.75552, 35.65003, 139.76746, 35.67936], "geometry": {"type": "LineString", "coordinates": [[139.75552, 35.65003], [139.75582, 35.65051], [139.75609, 35.65093], [139.75637, 35.6515], [139.75665, 35.65228], [139.75734, 35.65437], [139.7574, 35.65456], [139.75786, 35.65621], [139.75835, 35.65948], [139.7584, 35.65968], [139.75854, 35.66029], [139.75868, 35.66109], [139.75881, 35.66183], [139.75882, 35.66252], [139.75874, 35.66365], [139.75861, 35.66481], [139.7586, 35.6652], [139.75863, 35.6656], [139.75863, 35.66618], [139.75853, 35.66689], [139.75841, 35.66742], [139.75833, 35.66787], [139.75836, 35.66822], [139.7584, 35.66841], [139.75851, 35.66874], [139.75921, 35.66991], [139.76007, 35.67151], [139.76037, 35.67207], [139.76066, 35.67256], [139.76092, 35.67286], [139.76123, 35.67317], [139.76191, 35.67373], [139.76373, 35.67513], [139.76428, 35.67558], [139.76467, 35.67591], [139.76502, 35.67631], [139.76551, 35.67693], [139.7662, 35.67777], [139.76682, 35.67856], [139.76746, 35.67936]]}, "properties": {"id": "TRACK_TOKYO_0991", "line_name": "東海道新幹線", "station_group_ids": [], "mode": "shinkansen", "operator_id": "東海旅客鉄道", "line_color": "#1F78FF", "tags": ["tokyo", "track_centerline"]}}, {"type": "Feature", "bbox": [139.76337, 35.67155, 139.76464, 35.67241], "geometry": {"type": "LineString", "coordinates": [[139.76464, 35.67155], [139.76428, 35.6718], [139.76391, 35.67205], [139.76359, 35.67227], [139.76337, 35.67241]]}, "properties": {"id": "TRACK_TOKYO_1448", "line_name": "2号線日比谷線", "station_group_ids": [], "mode": "urban", "operator_id": "tokyo_metro", "line_color": "#9CAEB7", "tags": ["tokyo", "track_centerline"]}}, {"type": "Feature", "bbox": [139.77626, 35.7074, 139.77663, 35.71099], "geometry": {"type": "LineString", "coordinates": [[139.77663, 35.71099], [139.77656, 35.71068], [139.77653, 35.71051], [139.7764, 35.70907], [139.77627, 35.70763], [139.77626, 35.7074]]}, "properties": {"id": "TRACK_TOKYO_1449", "line_name": "2号線日比谷線", "station_group_ids": [], "mode": "urban", "operator_id": "tokyo_metro", "line_color": "#9CAEB7", "tags": ["tokyo", "track_centerline"]}}, {"type": "Feature", "bbox": [139.79182, 35.7299, 139.79832, 35.73174], "geometry": {"type": "LineString", "coordinates": [[139.79182, 35.7299], [139.79239, 35.73033], [139.79242, 35.73035], [139.79278, 35.73055], [139.79326, 35.73066], [139.79392, 35.73072], [139.79541, 35.73057], [139.79584, 35.73058], [139.79644, 35.73067], [139.79691, 35.73084], [139.79753, 35.73113], [139.79792, 35.73141], [139.79828, 35.73171], [139.79832, 35.73174]]}, "properties": {"id": "TRACK_TOKYO_1450", "line_name": "2号線日比谷線", "station_group_ids": [], "mode": "urban", "operator_id": "tokyo_metro", "line_color": "#9CAEB7", "tags": ["tokyo", "track_centerline"]}}, {"type": "Feature", "bbox": [139.77612, 35.70591, 139.77626, 35.7074], "geometry": {"type": "LineString", "coordinates": [[139.77626, 35.7074], [139.77612, 35.70591]]}, "properties": {"id": "TRACK_TOKYO_1451", "line_name": "2号線日比谷線", "station_group_ids": [], "mode": "urban", "operator_id": "tokyo_metro", "line_color": "#9CAEB7", "tags": ["tokyo", "track_centerline"]}}, {"type": "Feature", "bbox": [139.78388, 35.71983, 139.78504, 35.72131], "geometry": {"type": "LineString", "coordinates": [[139.78504, 35.72131], [139.7848, 35.72099], [139.78448, 35.72057], [139.78388, 35.71983]]}, "properties": {"id": "TRACK_TOKYO_1453", "line_name": "2号線日比谷線", "station_group_ids": [], "mode": "urban", "operator_id": "tokyo_metro", "line_color": "#9CAEB7", "tags": ["tokyo", "track_centerline"]}}, {"type": "Feature", "bbox": [139.79924, 35.73288, 139.80499, 35.74797], "geometry": {"type": "LineString", "coordinates": [[139.79924, 35.73288], [139.79931, 35.73297], [139.80001, 35.73396], [139.80037, 35.73466], [139.80083, 35.73568], [139.80106, 35.7362], [139.80127, 35.73679], [139.80145, 35.73743], [139.80166, 35.73859], [139.80175, 35.73913], [139.8018, 35.73936], [139.80224, 35.74097], [139.80229, 35.74112], [139.80235, 35.74133], [139.8029, 35.74314], [139.80301, 35.74351], [139.80303, 35.7436], [139.80323, 35.74424], [139.80326, 35.74434], [139.80333, 35.74456], [139.80338, 35.7447], [139.80363, 35.74545], [139.80371, 35.74563], [139.80418, 35.7466], [139.80481, 35.74763], [139.80499, 35.74797]]}, "properties": {"id": "TRACK_TOKYO_1454", "line_name": "2号線日比谷線", "station_group_ids": [], "mode": "urban", "operator_id": "tokyo_metro", "line_color": "#9CAEB7", "tags": ["tokyo", "track_centerline"]}}, {"type": "Feature", "bbox": [139.78504, 35.72131, 139.79051, 35.72867], "geometry": {"type": "LineString", "coordinates": [[139.79051, 35.72867], [139.79024, 35.72841], [139.78968, 35.72762], [139.78938, 35.72719], [139.789, 35.72663], [139.78847, 35.72585], [139.78843, 35.7258], [139.78794, 35.72512], [139.78789, 35.72504], [139.7876, 35.72464], [139.78755, 35.72456], [139.78716, 35.72402], [139.78665, 35.72336], [139.78614, 35.7227], [139.78607, 35.72261], [139.78585, 35.72233], [139.78566, 35.72208], [139.7851, 35.72138], [139.78504, 35.72131]]}, "properties": {"id": "TRACK_TOKYO_1455", "line_name": "2号線日比谷線", "station_group_ids": [], "mode": "urban", "operator_id": "tokyo_metro", "line_color": "#9CAEB7", "tags": ["tokyo", "track_centerline"]}}, {"type": "Feature", "bbox": [139.79832, 35.73174, 139.79924, 35.73288], "geometry": {"type": "LineString", "coordinates": [[139.79924, 35.73288], [139.79832, 35.73174]]}, "properties": {"id": "TRACK_TOKYO_1457", "line_name": "2号線日比谷線", "station_group_ids": [], "mode": "urban", "operator_id": "tokyo_metro", "line_color": "#9CAEB7", "tags": ["tokyo", "track_centerline"]}}, {"type": "Feature", "bbox": [139.78179, 35.68562, 139.78289, 35.6869], "geometry": {"type": "LineString", "coordinates": [[139.78179, 35.6869], [139.7826, 35.68595], [139.7827, 35.68584], [139.78289, 35.68562]]}, "properties": {"id": "TRACK_TOKYO_1458", "line_name": "2号線日比谷線", "station_group_ids": [], "mode": "urban", "operator_id": "tokyo_metro", "line_color": "#9CAEB7", "tags": ["tokyo", "track_centerline"]}}, {"type": "Feature", "bbox": [139.77663, 35.71099, 139.77764, 35.71199], "geometry": {"type": "LineString", "coordinates": [[139.77764, 35.71199], [139.77707, 35.71165], [139.77687, 35.71146], [139.77672, 35.71122], [139.77663, 35.71099]]}, "properties": {"id": "TRACK_TOKYO_1459", "line_name": "2号線日比谷線", "station_group_ids": [], "mode": "urban", "operator_id": "tokyo_metro", "line_color": "#9CAEB7", "tags": ["tokyo", "track_centerline"]}}, {"type": "Feature", "bbox": [139.79051, 35.72867, 139.79182, 35.7299], "geometry": {"type": "LineString", "coordinates": [[139.79182, 35.7299], [139.79051, 35.72867]]}, "properties": {"id": "TRACK_TOKYO_1460", "line_name": "2号線日比谷線", "station_group_ids": [], "mode": "urban", "operator_id": "tokyo_metro", "line_color": "#9CAEB7", "tags": ["tokyo", "track_centerline"]}}, {"type": "Feature", "bbox": [139.7792, 35.67839, 139.78005, 35.67976], "geometry": {"type": "LineString", "coordinates": [[139.78005, 35.67976], [139.77989, 35.67951], [139.7795, 35.6789], [139.7792, 35.67839]]}, "properties": {"id": "TRACK_TOKYO_1461", "line_name": "2号線日比谷線", "station_group_ids": [], "mode": "urban", "operator_id": "tokyo_metro", "line_color": "#9CAEB7", "tags": ["tokyo", "track_centerline"]}}, {"type": "Feature", "bbox": [139.77775, 35.67606, 139.7792, 35.67839], "geometry": {"type": "LineString", "coordinates": [[139.7792, 35.67839], [139.77907, 35.67818], [139.77849, 35.67726], [139.77818, 35.67676], [139.77811, 35.67665], [139.77775, 35.67606]]}, "properties": {"id": "TRACK_TOKYO_1462", "line_name": "2号線日比谷線", "station_group_ids": [], "mode": "urban", "operator_id": "tokyo_metro", "line_color": "#9CAEB7", "tags": ["tokyo", "track_centerline"]}}, {"type": "Feature", "bbox": [139.77547, 35.69112, 139.77817, 35.69719], "geometry": {"type": "LineString", "coordinates": [[139.77817, 35.69112], [139.77778, 35.69152], [139.77762, 35.69174], [139.77738, 35.69208], [139.7771, 35.69258], [139.77689, 35.69308], [139.77675, 35.69351], [139.77632, 35.69456], [139.776, 35.69552], [139.77579, 35.69604], [139.77565, 35.69638], [139.77558, 35.69654], [139.77547, 35.69673], [139.7755, 35.69719]]}, "properties": {"id": "TRACK_TOKYO_1463", "line_name": "2号線日比谷線", "station_group_ids": [], "mode": "urban", "operator_id": "tokyo_metro", "line_color": "#9CAEB7", "tags": ["tokyo", "track_centerline"]}}, {"type": "Feature", "bbox": [139.77817, 35.68973, 139.77935, 35.69112], "geometry": {"type": "LineString", "coordinates": [[139.77817, 35.69112], [139.77847, 35.69076], [139.77888, 35.69028], [139.77917, 35.68993], [139.77935, 35.68973]]}, "properties": {"id": "TRACK_TOKYO_1464", "line_name": "2号線日比谷線", "station_group_ids": [], "mode": "urban", "operator_id": "tokyo_metro", "line_color": "#9CAEB7", "tags": ["tokyo", "track_centerline"]}}, {"type": "Feature", "bbox": [139.77935, 35.6869, 139.78179, 35.68973], "geometry": {"type": "LineString", "coordinates": [[139.77935, 35.68973], [139.77949, 35.68956], [139.77992, 35.68907], [139.78057, 35.68829], [139.78086, 35.68796], [139.78144, 35.68729], [139.78174, 35.68695], [139.78179, 35.6869]]}, "properties": {"id": "TRACK_TOKYO_1465", "line_name": "2号線日比谷線", "station_group_ids": [], "mode": "urban", "operator_id": "tokyo_metro", "line_color": "#9CAEB7", "tags": ["tokyo", "track_centerline"]}}, {"type": "Feature", "bbox": [139.77554, 35.69874, 139.77612, 35.70591], "geometry": {"type": "LineString", "coordinates": [[139.77612, 35.70591], [139.77582, 35.70299], [139.77562, 35.70099], [139.77556, 35.7003], [139.77554, 35.69997], [139.77555, 35.69938], [139.77555, 35.69874]]}, "properties": {"id": "TRACK_TOKYO_1466", "line_name": "2号線日比谷線", "station_group_ids": [], "mode": "urban", "operator_id": "tokyo_metro", "line_color": "#9CAEB7", "tags": ["tokyo", "track_centerline"]}}, {"type": "Feature", "bbox": [139.7755, 35.69719, 139.77555, 35.69874], "geometry": {"type": "LineString", "coordinates": [[139.7755, 35.69719], [139.77553, 35.69786], [139.77555, 35.69874]]}, "properties": {"id": "TRACK_TOKYO_1467", "line_name": "2号線日比谷線", "station_group_ids": [], "mode": "urban", "operator_id": "tokyo_metro", "line_color": "#9CAEB7", "tags": ["tokyo", "track_centerline"]}}, {"type": "Feature", "bbox": [139.78005, 35.67976, 139.78318, 35.68562], "geometry": {"type": "LineString", "coordinates": [[139.78289, 35.68562], [139.78316, 35.6852], [139.78318, 35.68473], [139.78311, 35.68439], [139.7829, 35.68386], [139.7825, 35.6834], [139.78177, 35.68256], [139.7817, 35.6825], [139.78122, 35.68169], [139.78103, 35.68138], [139.78072, 35.68085], [139.78069, 35.68079], [139.78064, 35.68072], [139.78038, 35.6803], [139.7802, 35.67999], [139.78005, 35.67976]]}, "properties": {"id": "TRACK_TOKYO_1468", "line_name": "2号線日比谷線", "station_group_ids": [], "mode": "urban", "operator_id": "tokyo_metro", "line_color": "#9CAEB7", "tags": ["tokyo", "track_centerline"]}}, {"type": "Feature", "bbox": [139.77326, 35.66854, 139.77693, 35.67467], "geometry": {"type": "LineString", "coordinates": [[139.77693, 35.67467], [139.7769, 35.67462], [139.77669, 35.67412], [139.77637, 35.67331], [139.77623, 35.67298], [139.77608, 35.6726], [139.77586, 35.67208], [139.77581, 35.67198], [139.77558, 35.67142], [139.77537, 35.67088], [139.77512, 35.67026], [139.77508, 35.6702], [139.77486, 35.67002], [139.77473, 35.66991], [139.77463, 35.66979], [139.77422, 35.66937], [139.77417, 35.66931], [139.7738, 35.66895], [139.77375, 35.6689], [139.77326, 35.66854]]}, "properties": {"id": "TRACK_TOKYO_1469", "line_name": "2号線日比谷線", "station_group_ids": [], "mode": "urban", "operator_id": "tokyo_metro", "line_color": "#9CAEB7", "tags": ["tokyo", "track_centerline"]}}, {"type": "Feature", "bbox": [139.77693, 35.67467, 139.77775, 35.67606], "geometry": {"type": "LineString", "coordinates": [[139.77775, 35.67606], [139.77772, 35.67601], [139.7774, 35.67549], [139.7773, 35.67532], [139.77693, 35.67467]]}, "properties": {"id": "TRACK_TOKYO_1470", "line_name": "2号線日比谷線", "station_group_ids": [], "mode": "urban", "operator_id": "tokyo_metro", "line_color": "#9CAEB7", "tags": ["tokyo", "track_centerline"]}}, {"type": "Feature", "bbox": [139.77764, 35.71199, 139.78388, 35.71983], "geometry": {"type": "LineString", "coordinates": [[139.77764, 35.71199], [139.7779, 35.71215], [139.77811, 35.71228], [139.77834, 35.71248], [139.77903, 35.7135], [139.77974, 35.71451], [139.78024, 35.71515], [139.78206, 35.71748], [139.78332, 35.71909], [139.78388, 35.71983]]}, "properties": {"id": "TRACK_TOKYO_1473", "line_name": "2号線日比谷線", "station_group_ids": [], "mode": "urban", "operator_id": "tokyo_metro", "line_color": "#9CAEB7", "tags": ["tokyo", "track_centerline"]}}, {"type": "Feature", "bbox": [139.80499, 35.74797, 139.80518, 35.74855], "geometry": {"type": "LineString", "coordinates": [[139.80499, 35.74797], [139.80516, 35.74849], [139.80518, 35.74855]]}, "properties": {"id": "TRACK_TOKYO_1474", "line_name": "2号線日比谷線", "station_group_ids": [], "mode": "urban", "operator_id": "tokyo_metro", "line_color": "#9CAEB7", "tags": ["tokyo", "track_centerline"]}}, {"type": "Feature", "bbox": [139.80518, 35.74855, 139.806, 35.75126], "geometry": {"type": "LineString", "coordinates": [[139.80518, 35.74855], [139.80529, 35.7489], [139.80578, 35.75053], [139.806, 35.75126]]}, "properties": {"id": "TRACK_TOKYO_1475", "line_name": "2号線日比谷線", "station_group_ids": [], "mode": "urban", "operator_id": "tokyo_metro", "line_color": "#9CAEB7", "tags": ["tokyo", "track_centerline"]}}, {"type": "Feature", "bbox": [139.75068, 35.67323, 139.75144, 35.67452], "geometry": {"type": "LineString", "coordinates": [[139.75144, 35.67452], [139.75068, 35.67323]]}, "properties": {"id": "TRACK_TOKYO_1477", "line_name": "2号線日比谷線", "station_group_ids": [], "mode": "urban", "operator_id": "tokyo_metro", "line_color": "#9CAEB7", "tags": ["tokyo", "track_centerline"]}}, {"type": "Feature", "bbox": [139.76131, 35.67241, 139.76337, 35.67378], "geometry": {"type": "LineString", "coordinates": [[139.76337, 35.67241], [139.76335, 35.67242], [139.76318, 35.67254], [139.76281, 35.67278], [139.76246, 35.67301], [139.7618, 35.67345], [139.76131, 35.67378]]}, "properties": {"id": "TRACK_TOKYO_1479", "line_name": "2号線日比谷線", "station_group_ids": [], "mode": "urban", "operator_id": "tokyo_metro", "line_color": "#9CAEB7", "tags": ["tokyo", "track_centerline"]}}, {"type": "Feature", "bbox": [139.75144, 35.67452, 139.75989, 35.67731], "geometry": {"type": "LineString", "coordinates": [[139.75144, 35.67452], [139.75155, 35.67471], [139.7526, 35.67637], [139.75306, 35.67677], [139.75344, 35.67704], [139.75411, 35.67725], [139.7546, 35.67731], [139.75564, 35.67686], [139.75589, 35.67676], [139.7561, 35.67668], [139.7575, 35.67609], [139.75799, 35.67584], [139.75895, 35.67546], [139.75936, 35.67519], [139.75952, 35.67502], [139.7597, 35.67489], [139.75989, 35.67476]]}, "properties": {"id": "TRACK_TOKYO_1481", "line_name": "2号線日比谷線", "station_group_ids": [], "mode": "urban", "operator_id": "tokyo_metro", "line_color": "#9CAEB7", "tags": ["tokyo", "track_centerline"]}}, {"type": "Feature", "bbox": [139.75989, 35.67378, 139.76131, 35.67476], "geometry": {"type": "LineString", "coordinates": [[139.75989, 35.67476], [139.76072, 35.67419], [139.76085, 35.6741], [139.76131, 35.67378]]}, "properties": {"id": "TRACK_TOKYO_1483", "line_name": "2号線日比谷線", "station_group_ids": [], "mode": "urban", "operator_id": "tokyo_metro", "line_color": "#9CAEB7", "tags": ["tokyo", "track_centerline"]}}, {"type": "Feature", "bbox": [139.77313, 35.68156, 139.77354, 35.6822], "geometry": {"type": "LineString", "coordinates": [[139.77313, 35.68156], [139.77338, 35.68195], [139.77354, 35.6822]]}, "properties": {"id": "TRACK_TOKYO_1491", "line_name": "3号線銀座線", "station_group_ids": [], "mode": "urban", "operator_id": "tokyo_metro", "line_color": "#F39700", "tags": ["tokyo", "track_centerline"]}}, {"type": "Feature", "bbox": [139.77107, 35.68764, 139.77339, 35.69329], "geometry": {"type": "LineString", "coordinates": [[139.77339, 35.68764], [139.7733, 35.68785], [139.77299, 35.68864], [139.77282, 35.68904], [139.77269, 35.68938], [139.77254, 35.68974], [139.77246, 35.68993], [139.77234, 35.6902], [139.77205, 35.69094], [139.77176, 35.69158], [139.77155, 35.69203], [139.77113, 35.69315], [139.77107, 35.69329]]}, "properties": {"id": "TRACK_TOKYO_1492", "line_name": "3号線銀座線", "station_group_ids": [], "mode": "urban", "operator_id": "tokyo_metro", "line_color": "#F39700", "tags": ["tokyo", "track_centerline"]}}, {"type": "Feature", "bbox": [139.77181, 35.70319, 139.77285, 35.70716], "geometry": {"type": "LineString", "coordinates": [[139.77285, 35.70716], [139.77281, 35.70708], [139.77254, 35.70658], [139.77241, 35.70635], [139.77215, 35.70587], [139.77209, 35.70571], [139.77202, 35.70519], [139.772, 35.70509], [139.77195, 35.70448], [139.77188, 35.70381], [139.77186, 35.70363], [139.77181, 35.70319]]}, "properties": {"id": "TRACK_TOKYO_1493", "line_name": "3号線銀座線", "station_group_ids": [], "mode": "urban", "operator_id": "tokyo_metro", "line_color": "#F39700", "tags": ["tokyo", "track_centerline"]}}, {"type": "Feature", "bbox": [139.77455, 35.71154, 139.7767, 35.71213], "geometry": {"type": "LineString", "coordinates": [[139.77455, 35.71154], [139.77487, 35.71163], [139.77531, 35.71175], [139.7767, 35.71213]]}, "properties": {"id": "TRACK_TOKYO_1494", "line_name": "3号線銀座線", "station_group_ids": [], "mode": "urban", "operator_id": "tokyo_metro", "line_color": "#F39700", "tags": ["tokyo", "track_centerline"]}}, {"type": "Feature", "bbox": [139.77032, 35.69414, 139.77172, 35.70237], "geometry": {"type": "LineString", "coordinates": [[139.77071, 35.69414], [139.77066, 35.69427], [139.77043, 35.69485], [139.77032, 35.69515], [139.77032, 35.69534], [139.77047, 35.69581], [139.77095, 35.69692], [139.77114, 35.69744], [139.7712, 35.69768], [139.7714, 35.69967], [139.77146, 35.7002], [139.77154, 35.70082], [139.77156, 35.70095], [139.7716, 35.70138], [139.77166, 35.70186], [139.77172, 35.70237]]}, "properties": {"id": "TRACK_TOKYO_1495", "line_name": "3号線銀座線", "station_group_ids": [], "mode": "urban", "operator_id": "tokyo_metro", "line_color": "#F39700", "tags": ["tokyo", "track_centerline"]}}, {"type": "Feature", "bbox": [139.7649, 35.67105, 139.76583, 35.67195], "geometry": {"type": "LineString", "coordinates": [[139.76583, 35.67195], [139.7651, 35.67124], [139.7649, 35.67105]]}, "properties": {"id": "TRACK_TOKYO_1496", "line_name": "3号線銀座線", "station_group_ids": [], "mode": "urban", "operator_id": "tokyo_metro", "line_color": "#F39700", "tags": ["tokyo", "track_centerline"]}}, {"type": "Feature", "bbox": [139.79752, 35.71042, 139.79803, 35.71107], "geometry": {"type": "LineString", "coordinates": [[139.79803, 35.71107], [139.79775, 35.71072], [139.79752, 35.71042]]}, "properties": {"id": "TRACK_TOKYO_1497", "line_name": "3号線銀座線", "station_group_ids": [], "mode": "urban", "operator_id": "tokyo_metro", "line_color": "#F39700", "tags": ["tokyo", "track_centerline"]}}, {"type": "Feature", "bbox": [139.7698, 35.67619, 139.77043, 35.67721], "geometry": {"type": "LineString", "coordinates": [[139.7698, 35.67619], [139.7701, 35.6767], [139.77035, 35.67709], [139.77043, 35.67721]]}, "properties": {"id": "TRACK_TOKYO_1498", "line_name": "3号線銀座線", "station_group_ids": [], "mode": "urban", "operator_id": "tokyo_metro", "line_color": "#F39700", "tags": ["tokyo", "track_centerline"]}}, {"type": "Feature", "bbox": [139.78291, 35.71001, 139.7898, 35.71126], "geometry": {"type": "LineString", "coordinates": [[139.7898, 35.71001], [139.78967, 35.71003], [139.789, 35.71016], [139.78823, 35.71031], [139.78776, 35.71039], [139.7875, 35.71045], [139.78678, 35.71058], [139.78631, 35.71066], [139.78579, 35.71076], [139.78505, 35.71088], [139.7839, 35.71109], [139.78303, 35.71124], [139.78291, 35.71126]]}, "properties": {"id": "TRACK_TOKYO_1499", "line_name": "3号線銀座線", "station_group_ids": [], "mode": "urban", "operator_id": "tokyo_metro", "line_color": "#F39700", "tags": ["tokyo", "track_centerline"]}}, {"type": "Feature", "bbox": [139.77172, 35.70237, 139.77181, 35.70319], "geometry": {"type": "LineString", "coordinates": [[139.77181, 35.70319], [139.77178, 35.70296], [139.77172, 35.70237]]}, "properties": {"id": "TRACK_TOKYO_1500", "line_name": "3号線銀座線", "station_group_ids": [], "mode": "urban", "operator_id": "tokyo_metro", "line_color": "#F39700", "tags": ["tokyo", "track_centerline"]}}, {"type": "Feature", "bbox": [139.78151, 35.71126, 139.78291, 35.71151], "geometry": {"type": "LineString", "coordinates": [[139.78291, 35.71126], [139.78194, 35.71144], [139.78151, 35.71151]]}, "properties": {"id": "TRACK_TOKYO_1501", "line_name": "3号線銀座線", "station_group_ids": [], "mode": "urban", "operator_id": "tokyo_metro", "line_color": "#F39700", "tags": ["tokyo", "track_centerline"]}}, {"type": "Feature", "bbox": [139.79081, 35.70898, 139.79752, 35.71042], "geometry": {"type": "LineString", "coordinates": [[139.79752, 35.71042], [139.79697, 35.70976], [139.79673, 35.70949], [139.79646, 35.70928], [139.79593, 35.70909], [139.79518, 35.70898], [139.79428, 35.70915], [139.79347, 35.7093], [139.79307, 35.70937], [139.79279, 35.70942], [139.7922, 35.70953], [139.79139, 35.70968], [139.79081, 35.70981]]}, "properties": {"id": "TRACK_TOKYO_1502", "line_name": "3号線銀座線", "station_group_ids": [], "mode": "urban", "operator_id": "tokyo_metro", "line_color": "#F39700", "tags": ["tokyo", "track_centerline"]}}, {"type": "Feature", "bbox": [139.77354, 35.6822, 139.77461, 35.68671], "geometry": {"type": "LineString", "coordinates": [[139.77354, 35.6822], [139.77373, 35.68252], [139.7743, 35.68347], [139.77433, 35.68356], [139.7744, 35.68378], [139.77456, 35.68433], [139.77461, 35.68464], [139.77455, 35.68485], [139.77429, 35.68546], [139.77396, 35.68628], [139.77378, 35.68671]]}, "properties": {"id": "TRACK_TOKYO_1503", "line_name": "3号線銀座線", "station_group_ids": [], "mode": "urban", "operator_id": "tokyo_metro", "line_color": "#F39700", "tags": ["tokyo", "track_centerline"]}}, {"type": "Feature", "bbox": [139.7898, 35.70981, 139.79081, 35.71001], "geometry": {"type": "LineString", "coordinates": [[139.79081, 35.70981], [139.79043, 35.7099], [139.7898, 35.71001]]}, "properties": {"id": "TRACK_TOKYO_1504", "line_name": "3号線銀座線", "station_group_ids": [], "mode": "urban", "operator_id": "tokyo_metro", "line_color": "#F39700", "tags": ["tokyo", "track_centerline"]}}, {"type": "Feature", "bbox": [139.77043, 35.67721, 139.77313, 35.68156], "geometry": {"type": "LineString", "coordinates": [[139.77043, 35.67721], [139.77076, 35.67776], [139.77098, 35.67812], [139.77138, 35.67878], [139.7717, 35.6793], [139.77194, 35.67968], [139.77216, 35.68003], [139.77238, 35.68038], [139.77265, 35.6808], [139.77302, 35.68138], [139.77313, 35.68156]]}, "properties": {"id": "TRACK_TOKYO_1505", "line_name": "3号線銀座線", "station_group_ids": [], "mode": "urban", "operator_id": "tokyo_metro", "line_color": "#F39700", "tags": ["tokyo", "track_centerline"]}}, {"type": "Feature", "bbox": [139.77071, 35.69329, 139.77107, 35.69414], "geometry": {"type": "LineString", "coordinates": [[139.77107, 35.69329], [139.77071, 35.69414]]}, "properties": {"id": "TRACK_TOKYO_1506", "line_name": "3号線銀座線", "station_group_ids": [], "mode": "urban", "operator_id": "tokyo_metro", "line_color": "#F39700", "tags": ["tokyo", "track_centerline"]}}, {"type": "Feature", "bbox": [139.77285, 35.70716, 139.77315, 35.70838], "geometry": {"type": "LineString", "coordinates": [[139.77315, 35.70838], [139.7729, 35.70726], [139.77285, 35.70716]]}, "properties": {"id": "TRACK_TOKYO_1507", "line_name": "3号線銀座線", "station_group_ids": [], "mode": "urban", "operator_id": "tokyo_metro", "line_color": "#F39700", "tags": ["tokyo", "track_centerline"]}}, {"type": "Feature", "bbox": [139.7767, 35.71151, 139.78151, 35.71225], "geometry": {"type": "LineString", "coordinates": [[139.78151, 35.71151], [139.78143, 35.71153], [139.78056, 35.71168], [139.78051, 35.71169], [139.78011, 35.71176], [139.77907, 35.71195], [139.77896, 35.71197], [139.77839, 35.71207], [139.77817, 35.7121], [139.7779, 35.71215], [139.77743, 35.71225], [139.77709, 35.71223], [139.7767, 35.71213]]}, "properties": {"id": "TRACK_TOKYO_1508", "line_name": "3号線銀座線", "station_group_ids": [], "mode": "urban", "operator_id": "tokyo_metro", "line_color": "#F39700", "tags": ["tokyo", "track_centerline"]}}, {"type": "Feature", "bbox": [139.76583, 35.67195, 139.7698, 35.67619], "geometry": {"type": "LineString", "coordinates": [[139.7698, 35.67619], [139.7695, 35.67574], [139.76929, 35.67539], [139.76918, 35.67526], [139.76876, 35.67475], [139.76779, 35.67384], [139.76687, 35.67294], [139.7659, 35.67201], [139.76583, 35.67195]]}, "properties": {"id": "TRACK_TOKYO_1509", "line_name": "3号線銀座線", "station_group_ids": [], "mode": "urban", "operator_id": "tokyo_metro", "line_color": "#F39700", "tags": ["tokyo", "track_centerline"]}}, {"type": "Feature", "bbox": [139.77339, 35.68671, 139.77378, 35.68764], "geometry": {"type": "LineString", "coordinates": [[139.77378, 35.68671], [139.77374, 35.68679], [139.77346, 35.68747], [139.77339, 35.68764]]}, "properties": {"id": "TRACK_TOKYO_1510", "line_name": "3号線銀座線", "station_group_ids": [], "mode": "urban", "operator_id": "tokyo_metro", "line_color": "#F39700", "tags": ["tokyo", "track_centerline"]}}, {"type": "Feature", "bbox": [139.77315, 35.70838, 139.77455, 35.71154], "geometry": {"type": "LineString", "coordinates": [[139.77455, 35.71154], [139.7743, 35.71145], [139.77414, 35.71122], [139.77383, 35.71054], [139.77376, 35.71038], [139.77354, 35.70977], [139.77347, 35.70961], [139.77339, 35.70937], [139.77333, 35.70916], [139.77324, 35.70882], [139.77315, 35.70838]]}, "properties": {"id": "TRACK_TOKYO_1511", "line_name": "3号線銀座線", "station_group_ids": [], "mode": "urban", "operator_id": "tokyo_metro", "line_color": "#F39700", "tags": ["tokyo", "track_centerline"]}}, {"type": "Feature", "bbox": [139.72318, 35.67247, 139.72511, 35.67311], "geometry": {"type": "LineString", "coordinates": [[139.72318, 35.67247], [139.72406, 35.67276], [139.72511, 35.67311]]}, "properties": {"id": "TRACK_TOKYO_1512", "line_name": "3号線銀座線", "station_group_ids": [], "mode": "urban", "operator_id": "tokyo_metro", "line_color": "#F39700", "tags": ["tokyo", "track_centerline"]}}, {"type": "Feature", "bbox": [139.73773, 35.67552, 139.73814, 35.67621], "geometry": {"type": "LineString", "coordinates": [[139.73814, 35.67552], [139.73773, 35.67621]]}, "properties": {"id": "TRACK_TOKYO_1513", "line_name": "3号線銀座線", "station_group_ids": [], "mode": "urban", "operator_id": "tokyo_metro", "line_color": "#F39700", "tags": ["tokyo", "track_centerline"]}}, {"type": "Feature", "bbox": [139.73814, 35.67187, 139.74139, 35.67552], "geometry": {"type": "LineString", "coordinates": [[139.74139, 35.67187], [139.74115, 35.67202], [139.74075, 35.67228], [139.73985, 35.67288], [139.73917, 35.67337], [139.73914, 35.67339], [139.7389, 35.67372], [139.73849, 35.67467], [139.73814, 35.67552]]}, "properties": {"id": "TRACK_TOKYO_1514", "line_name": "3号線銀座線", "station_group_ids": [], "mode": "urban", "operator_id": "tokyo_metro", "line_color": "#F39700", "tags": ["tokyo", "track_centerline"]}}, {"type": "Feature", "bbox": [139.72511, 35.67311, 139.73704, 35.67785], "geometry": {"type": "LineString", "coordinates": [[139.72511, 35.67311], [139.72644, 35.67357], [139.72666, 35.67365], [139.72796, 35.67405], [139.72924, 35.67445], [139.73032, 35.67474], [139.73081, 35.67487], [139.73133, 35.67506], [139.73216, 35.6755], [139.73319, 35.6761], [139.73573, 35.6776], [139.73608, 35.67785], [139.7365, 35.67785], [139.73678, 35.67779], [139.73704, 35.67752]]}, "properties": {"id": "TRACK_TOKYO_1516", "line_name": "3号線銀座線", "station_group_ids": [], "mode": "urban", "operator_id": "tokyo_metro", "line_color": "#F39700", "tags": ["tokyo", "track_centerline"]}}, {"type": "Feature", "bbox": [139.7184, 35.67059, 139.72318, 35.67247], "geometry": {"type": "LineString", "coordinates": [[139.7184, 35.67059], [139.71883, 35.67077], [139.72114, 35.67174], [139.7224, 35.67224], [139.72318, 35.67247]]}, "properties": {"id": "TRACK_TOKYO_1520", "line_name": "3号線銀座線", "station_group_ids": [], "mode": "urban", "operator_id": "tokyo_metro", "line_color": "#F39700", "tags": ["tokyo", "track_centerline"]}}, {"type": "Feature", "bbox": [139.73704, 35.67621, 139.73773, 35.67752], "geometry": {"type": "LineString", "coordinates": [[139.73773, 35.67621], [139.73745, 35.67661], [139.73724, 35.67699], [139.73704, 35.67752]]}, "properties": {"id": "TRACK_TOKYO_1524", "line_name": "3号線銀座線", "station_group_ids": [], "mode": "urban", "operator_id": "tokyo_metro", "line_color": "#F39700", "tags": ["tokyo", "track_centerline"]}}, {"type": "Feature", "bbox": [139.7646, 35.68114, 139.765, 35.68273], "geometry": {"type": "LineString", "coordinates": [[139.765, 35.68273], [139.7646, 35.68114]]}, "properties": {"id": "TRACK_TOKYO_1529", "line_name": "4号線丸ノ内線", "station_group_ids": [], "mode": "urban", "operator_id": "tokyo_metro", "line_color": "#E60012", "tags": ["tokyo", "track_centerline"]}}, {"type": "Feature", "bbox": [139.76745, 35.69439, 139.76746, 35.69535], "geometry": {"type": "LineString", "coordinates": [[139.76746, 35.69535], [139.76745, 35.69439]]}, "properties": {"id": "TRACK_TOKYO_1530", "line_name": "4号線丸ノ内線", "station_group_ids": [], "mode": "urban", "operator_id": "tokyo_metro", "line_color": "#E60012", "tags": ["tokyo", "track_centerline"]}}, {"type": "Feature", "bbox": [139.76323, 35.67289, 139.76443, 35.67358], "geometry": {"type": "LineString", "coordinates": [[139.76443, 35.67358], [139.76413, 35.67325], [139.76382, 35.67306], [139.76323, 35.67289]]}, "properties": {"id": "TRACK_TOKYO_1531", "line_name": "4号線丸ノ内線", "station_group_ids": [], "mode": "urban", "operator_id": "tokyo_metro", "line_color": "#E60012", "tags": ["tokyo", "track_centerline"]}}, {"type": "Feature", "bbox": [139.765, 35.68273, 139.76608, 35.68639], "geometry": {"type": "LineString", "coordinates": [[139.76608, 35.68639], [139.76566, 35.68478], [139.76539, 35.68394], [139.7651, 35.68306], [139.76507, 35.68295], [139.765, 35.68273]]}, "properties": {"id": "TRACK_TOKYO_1532", "line_name": "4号線丸ノ内線", "station_group_ids": [], "mode": "urban", "operator_id": "tokyo_metro", "line_color": "#E60012", "tags": ["tokyo", "track_centerline"]}}, {"type": "Feature", "bbox": [139.76526, 35.69535, 139.76753, 35.70017], "geometry": {"type": "LineString", "coordinates": [[139.76526, 35.70017], [139.76554, 35.70009], [139.76593, 35.69995], [139.7662, 35.69974], [139.76622, 35.69973], [139.76624, 35.6997], [139.7665, 35.6994], [139.76671, 35.69905], [139.76683, 35.6989], [139.76721, 35.69799], [139.76747, 35.697], [139.76753, 35.69645], [139.76741, 35.69598], [139.76742, 35.69583], [139.76746, 35.69544], [139.76746, 35.69535]]}, "properties": {"id": "TRACK_TOKYO_1533", "line_name": "4号線丸ノ内線", "station_group_ids": [], "mode": "urban", "operator_id": "tokyo_metro", "line_color": "#E60012", "tags": ["tokyo", "track_centerline"]}}, {"type": "Feature", "bbox": [139.76355, 35.70017, 139.76526, 35.70069], "geometry": {"type": "LineString", "coordinates": [[139.76355, 35.70069], [139.76526, 35.70017]]}, "properties": {"id": "TRACK_TOKYO_1534", "line_name": "4号線丸ノ内線", "station_group_ids": [], "mode": "urban", "operator_id": "tokyo_metro", "line_color": "#E60012", "tags": ["tokyo", "track_centerline"]}}, {"type": "Feature", "bbox": [139.76633, 35.68736, 139.76747, 35.69439], "geometry": {"type": "LineString", "coordinates": [[139.76745, 35.69439], [139.76747, 35.69386], [139.76747, 35.69335], [139.76746, 35.69279], [139.76745, 35.69218], [139.76737, 35.69177], [139.76729, 35.69139], [139.76713, 35.69068], [139.76699, 35.69009], [139.76688, 35.68959], [139.76645, 35.68784], [139.76633, 35.68736]]}, "properties": {"id": "TRACK_TOKYO_1535", "line_name": "4号線丸ノ内線", "station_group_ids": [], "mode": "urban", "operator_id": "tokyo_metro", "line_color": "#E60012", "tags": ["tokyo", "track_centerline"]}}, {"type": "Feature", "bbox": [139.76443, 35.67358, 139.76571, 35.68114], "geometry": {"type": "LineString", "coordinates": [[139.7646, 35.68114], [139.7646, 35.68098], [139.76467, 35.68076], [139.76566, 35.67968], [139.76568, 35.67952], [139.76564, 35.67933], [139.76515, 35.67771], [139.76525, 35.67692], [139.76554, 35.676], [139.76571, 35.67548], [139.76564, 35.67523], [139.76496, 35.67421], [139.76443, 35.67358]]}, "properties": {"id": "TRACK_TOKYO_1536", "line_name": "4号線丸ノ内線", "station_group_ids": [], "mode": "urban", "operator_id": "tokyo_metro", "line_color": "#E60012", "tags": ["tokyo", "track_centerline"]}}, {"type": "Feature", "bbox": [139.76608, 35.68639, 139.76633, 35.68736], "geometry": {"type": "LineString", "coordinates": [[139.76633, 35.68736], [139.76612, 35.68656], [139.76608, 35.68639]]}, "properties": {"id": "TRACK_TOKYO_1537", "line_name": "4号線丸ノ内線", "station_group_ids": [], "mode": "urban", "operator_id": "tokyo_metro", "line_color": "#E60012", "tags": ["tokyo", "track_centerline"]}}, {"type": "Feature", "bbox": [139.75164, 35.70734, 139.7561, 35.70742], "geometry": {"type": "LineString", "coordinates": [[139.75164, 35.70734], [139.7517, 35.70734], [139.75442, 35.70737], [139.75498, 35.70737], [139.75549, 35.70738], [139.7561, 35.70742]]}, "properties": {"id": "TRACK_TOKYO_1538", "line_name": "4号線丸ノ内線", "station_group_ids": [], "mode": "urban", "operator_id": "tokyo_metro", "line_color": "#E60012", "tags": ["tokyo", "track_centerline"]}}, {"type": "Feature", "bbox": [139.75008, 35.70728, 139.75164, 35.70734], "geometry": {"type": "LineString", "coordinates": [[139.75164, 35.70734], [139.75156, 35.70733], [139.75096, 35.70731], [139.75008, 35.70728]]}, "properties": {"id": "TRACK_TOKYO_1539", "line_name": "4号線丸ノ内線", "station_group_ids": [], "mode": "urban", "operator_id": "tokyo_metro", "line_color": "#E60012", "tags": ["tokyo", "track_centerline"]}}, {"type": "Feature", "bbox": [139.73649, 35.71682, 139.7373, 35.71758], "geometry": {"type": "LineString", "coordinates": [[139.73649, 35.71758], [139.7373, 35.71682]]}, "properties": {"id": "TRACK_TOKYO_1540", "line_name": "4号線丸ノ内線", "station_group_ids": [], "mode": "urban", "operator_id": "tokyo_metro", "line_color": "#E60012", "tags": ["tokyo", "track_centerline"]}}, {"type": "Feature", "bbox": [139.7373, 35.70725, 139.75008, 35.71682], "geometry": {"type": "LineString", "coordinates": [[139.7373, 35.71682], [139.73741, 35.71671], [139.7378, 35.71627], [139.73815, 35.71578], [139.73863, 35.7149], [139.73884, 35.71456], [139.73909, 35.71419], [139.73957, 35.71361], [139.74045, 35.71273], [139.74131, 35.71198], [139.74181, 35.71161], [139.74261, 35.71102], [139.74333, 35.71044], [139.74455, 35.70954], [139.74535, 35.70892], [139.74623, 35.70825], [139.74677, 35.70788], [139.7475, 35.70752], [139.74831, 35.70733], [139.74859, 35.70728], [139.7488, 35.70727], [139.7491, 35.70725], [139.75008, 35.70728]]}, "properties": {"id": "TRACK_TOKYO_1541", "line_name": "4号線丸ノ内線", "station_group_ids": [], "mode": "urban", "operator_id": "tokyo_metro", "line_color": "#E60012", "tags": ["tokyo", "track_centerline"]}}, {"type": "Feature", "bbox": [139.75831, 35.70728, 139.7595, 35.70747], "geometry": {"type": "LineString", "coordinates": [[139.75831, 35.70747], [139.75924, 35.70737], [139.7595, 35.70728]]}, "properties": {"id": "TRACK_TOKYO_1542", "line_name": "4号線丸ノ内線", "station_group_ids": [], "mode": "urban", "operator_id": "tokyo_metro", "line_color": "#E60012", "tags": ["tokyo", "track_centerline"]}}, {"type": "Feature", "bbox": [139.61875, 35.70416, 139.62077, 35.70419], "geometry": {"type": "LineString", "coordinates": [[139.62077, 35.70419], [139.61875, 35.70416]]}, "properties": {"id": "TRACK_TOKYO_1543", "line_name": "4号線丸ノ内線", "station_group_ids": [], "mode": "urban", "operator_id": "tokyo_metro", "line_color": "#E60012", "tags": ["tokyo", "track_centerline"]}}, {"type": "Feature", "bbox": [139.71196, 35.72652, 139.7288, 35.73079], "geometry": {"type": "LineString", "coordinates": [[139.71196, 35.73008], [139.71239, 35.72993], [139.71339, 35.72948], [139.71391, 35.72928], [139.71659, 35.73013], [139.71818, 35.73059], [139.71864, 35.73068], [139.71944, 35.73074], [139.71981, 35.73077], [139.72134, 35.73079], [139.72192, 35.73068], [139.72286, 35.73022], [139.72505, 35.72896], [139.72686, 35.72776], [139.7288, 35.72652]]}, "properties": {"id": "TRACK_TOKYO_1544", "line_name": "4号線丸ノ内線", "station_group_ids": [], "mode": "urban", "operator_id": "tokyo_metro", "line_color": "#E60012", "tags": ["tokyo", "track_centerline"]}}, {"type": "Feature", "bbox": [139.72991, 35.71758, 139.73649, 35.72574], "geometry": {"type": "LineString", "coordinates": [[139.72991, 35.72574], [139.73065, 35.72524], [139.7316, 35.7246], [139.73218, 35.72418], [139.73227, 35.72411], [139.73276, 35.72362], [139.73327, 35.72294], [139.73371, 35.72217], [139.73418, 35.72124], [139.73479, 35.71964], [139.73496, 35.71926], [139.73521, 35.71888], [139.73561, 35.7185], [139.73649, 35.71758]]}, "properties": {"id": "TRACK_TOKYO_1545", "line_name": "4号線丸ノ内線", "station_group_ids": [], "mode": "urban", "operator_id": "tokyo_metro", "line_color": "#E60012", "tags": ["tokyo", "track_centerline"]}}, {"type": "Feature", "bbox": [139.71034, 35.73008, 139.71196, 35.73061], "geometry": {"type": "LineString", "coordinates": [[139.71034, 35.73061], [139.71196, 35.73008]]}, "properties": {"id": "TRACK_TOKYO_1546", "line_name": "4号線丸ノ内線", "station_group_ids": [], "mode": "urban", "operator_id": "tokyo_metro", "line_color": "#E60012", "tags": ["tokyo", "track_centerline"]}}, {"type": "Feature", "bbox": [139.7288, 35.72574, 139.72991, 35.72652], "geometry": {"type": "LineString", "coordinates": [[139.7288, 35.72652], [139.72951, 35.72602], [139.72991, 35.72574]]}, "properties": {"id": "TRACK_TOKYO_1547", "line_name": "4号線丸ノ内線", "station_group_ids": [], "mode": "urban", "operator_id": "tokyo_metro", "line_color": "#E60012", "tags": ["tokyo", "track_centerline"]}}, {"type": "Feature", "bbox": [139.7595, 35.70613, 139.76077, 35.70728], "geometry": {"type": "LineString", "coordinates": [[139.7595, 35.70728], [139.76006, 35.70685], [139.76077, 35.70613]]}, "properties": {"id": "TRACK_TOKYO_1548", "line_name": "4号線丸ノ内線", "station_group_ids": [], "mode": "urban", "operator_id": "tokyo_metro", "line_color": "#E60012", "tags": ["tokyo", "track_centerline"]}}, {"type": "Feature", "bbox": [139.7561, 35.7074, 139.75831, 35.70747], "geometry": {"type": "LineString", "coordinates": [[139.7561, 35.70742], [139.75619, 35.7074], [139.75702, 35.70742], [139.75809, 35.70747], [139.75831, 35.70747]]}, "properties": {"id": "TRACK_TOKYO_1549", "line_name": "4号線丸ノ内線", "station_group_ids": [], "mode": "urban", "operator_id": "tokyo_metro", "line_color": "#E60012", "tags": ["tokyo", "track_centerline"]}}, {"type": "Feature", "bbox": [139.73773, 35.67552, 139.73814, 35.67621], "geometry": {"type": "LineString", "coordinates": [[139.73814, 35.67552], [139.73773, 35.67621]]}, "properties": {"id": "TRACK_TOKYO_1550", "line_name": "4号線丸ノ内線", "station_group_ids": [], "mode": "urban", "operator_id": "tokyo_metro", "line_color": "#E60012", "tags": ["tokyo", "track_centerline"]}}, {"type": "Feature", "bbox": [139.73704, 35.67621, 139.73773, 35.67752], "geometry": {"type": "LineString", "coordinates": [[139.73773, 35.67621], [139.73745, 35.67661], [139.73724, 35.67699], [139.73704, 35.67752]]}, "properties": {"id": "TRACK_TOKYO_1551", "line_name": "4号線丸ノ内線", "station_group_ids": [], "mode": "urban", "operator_id": "tokyo_metro", "line_color": "#E60012", "tags": ["tokyo", "track_centerline"]}}, {"type": "Feature", "bbox": [139.74627, 35.67456, 139.7519, 35.67607], "geometry": {"type": "LineString", "coordinates": [[139.74627, 35.67572], [139.74677, 35.67593], [139.747, 35.676], [139.74734, 35.67605], [139.74782, 35.67607], [139.74836, 35.676], [139.749, 35.67578], [139.75155, 35.67471], [139.7519, 35.67456]]}, "properties": {"id": "TRACK_TOKYO_1552", "line_name": "4号線丸ノ内線", "station_group_ids": [], "mode": "urban", "operator_id": "tokyo_metro", "line_color": "#E60012", "tags": ["tokyo", "track_centerline"]}}, {"type": "Feature", "bbox": [139.71828, 35.68774, 139.72037, 35.68793], "geometry": {"type": "LineString", "coordinates": [[139.72037, 35.68793], [139.71828, 35.68774]]}, "properties": {"id": "TRACK_TOKYO_1553", "line_name": "4号線丸ノ内線", "station_group_ids": [], "mode": "urban", "operator_id": "tokyo_metro", "line_color": "#E60012", "tags": ["tokyo", "track_centerline"]}}, {"type": "Feature", "bbox": [139.74455, 35.67429, 139.74627, 35.67572], "geometry": {"type": "LineString", "coordinates": [[139.74455, 35.67429], [139.74478, 35.67438], [139.74511, 35.67463], [139.74546, 35.67482], [139.74588, 35.67523], [139.74627, 35.67572]]}, "properties": {"id": "TRACK_TOKYO_1554", "line_name": "4号線丸ノ内線", "station_group_ids": [], "mode": "urban", "operator_id": "tokyo_metro", "line_color": "#E60012", "tags": ["tokyo", "track_centerline"]}}, {"type": "Feature", "bbox": [139.72037, 35.68512, 139.7299, 35.68805], "geometry": {"type": "LineString", "coordinates": [[139.7299, 35.68512], [139.7298, 35.68542], [139.72973, 35.68559], [139.72962, 35.68572], [139.7295, 35.6858], [139.72935, 35.68585], [139.72821, 35.68616], [139.7273, 35.68648], [139.72584, 35.68705], [139.72455, 35.68749], [139.72343, 35.68787], [139.72255, 35.68803], [139.72189, 35.68805], [139.72037, 35.68793]]}, "properties": {"id": "TRACK_TOKYO_1555", "line_name": "4号線丸ノ内線", "station_group_ids": [], "mode": "urban", "operator_id": "tokyo_metro", "line_color": "#E60012", "tags": ["tokyo", "track_centerline"]}}, {"type": "Feature", "bbox": [139.73009, 35.67752, 139.73704, 35.68326], "geometry": {"type": "LineString", "coordinates": [[139.73704, 35.67752], [139.73697, 35.67768], [139.73679, 35.67792], [139.73659, 35.67803], [139.73657, 35.67804], [139.73624, 35.67813], [139.73532, 35.67826], [139.73424, 35.6784], [139.7337, 35.6785], [139.73325, 35.6787], [139.73307, 35.67884], [139.73282, 35.67909], [139.73262, 35.67951], [139.73243, 35.67981], [139.73216, 35.68015], [139.73166, 35.68062], [139.73103, 35.68115], [139.73099, 35.68119], [139.73074, 35.68145], [139.73058, 35.68179], [139.73033, 35.68227], [139.73029, 35.68234], [139.73014, 35.68305], [139.73009, 35.68326]]}, "properties": {"id": "TRACK_TOKYO_1556", "line_name": "4号線丸ノ内線", "station_group_ids": [], "mode": "urban", "operator_id": "tokyo_metro", "line_color": "#E60012", "tags": ["tokyo", "track_centerline"]}}, {"type": "Feature", "bbox": [139.75346, 35.67224, 139.76323, 35.67391], "geometry": {"type": "LineString", "coordinates": [[139.76323, 35.67289], [139.76281, 35.67278], [139.76239, 35.67277], [139.76139, 35.67248], [139.76075, 35.67224], [139.7604, 35.67224], [139.76002, 35.67228], [139.75937, 35.67249], [139.75777, 35.67304], [139.75755, 35.6731], [139.75718, 35.67326], [139.75646, 35.67316], [139.75585, 35.67321], [139.75393, 35.67373], [139.75346, 35.67391]]}, "properties": {"id": "TRACK_TOKYO_1557", "line_name": "4号線丸ノ内線", "station_group_ids": [], "mode": "urban", "operator_id": "tokyo_metro", "line_color": "#E60012", "tags": ["tokyo", "track_centerline"]}}, {"type": "Feature", "bbox": [139.7519, 35.67391, 139.75346, 35.67456], "geometry": {"type": "LineString", "coordinates": [[139.75346, 35.67391], [139.7519, 35.67456]]}, "properties": {"id": "TRACK_TOKYO_1558", "line_name": "4号線丸ノ内線", "station_group_ids": [], "mode": "urban", "operator_id": "tokyo_metro", "line_color": "#E60012", "tags": ["tokyo", "track_centerline"]}}, {"type": "Feature", "bbox": [139.76077, 35.70069, 139.76355, 35.70613], "geometry": {"type": "LineString", "coordinates": [[139.76077, 35.70613], [139.76083, 35.70607], [139.7609, 35.70565], [139.76098, 35.70536], [139.76118, 35.70487], [139.76136, 35.70469], [139.7618, 35.7043], [139.76181, 35.70421], [139.76185, 35.70365], [139.76193, 35.70281], [139.76194, 35.70265], [139.76205, 35.70181], [139.76244, 35.70163], [139.76285, 35.70121], [139.76317, 35.70092], [139.76337, 35.70078], [139.76355, 35.70069]]}, "properties": {"id": "TRACK_TOKYO_1559", "line_name": "4号線丸ノ内線", "station_group_ids": [], "mode": "urban", "operator_id": "tokyo_metro", "line_color": "#E60012", "tags": ["tokyo", "track_centerline"]}}, {"type": "Feature", "bbox": [139.7299, 35.68326, 139.73009, 35.68512], "geometry": {"type": "LineString", "coordinates": [[139.73009, 35.68326], [139.73009, 35.68361], [139.73009, 35.68399], [139.73008, 35.68424], [139.73006, 35.68441], [139.73004, 35.6845], [139.72997, 35.68488], [139.7299, 35.68512]]}, "properties": {"id": "TRACK_TOKYO_1560", "line_name": "4号線丸ノ内線", "station_group_ids": [], "mode": "urban", "operator_id": "tokyo_metro", "line_color": "#E60012", "tags": ["tokyo", "track_centerline"]}}, {"type": "Feature", "bbox": [139.73814, 35.67354, 139.74455, 35.67552], "geometry": {"type": "LineString", "coordinates": [[139.73814, 35.67552], [139.73867, 35.67494], [139.73906, 35.67452], [139.73934, 35.67428], [139.73989, 35.67391], [139.74039, 35.67367], [139.74103, 35.67354], [139.74127, 35.67354], [139.74134, 35.67354], [139.74171, 35.67355], [139.74208, 35.67358], [139.74266, 35.67368], [139.74342, 35.67381], [139.74398, 35.67403], [139.74455, 35.67429]]}, "properties": {"id": "TRACK_TOKYO_1561", "line_name": "4号線丸ノ内線", "station_group_ids": [], "mode": "urban", "operator_id": "tokyo_metro", "line_color": "#E60012", "tags": ["tokyo", "track_centerline"]}}, {"type": "Feature", "bbox": [139.66873, 35.69745, 139.67029, 35.6975], "geometry": {"type": "LineString", "coordinates": [[139.67029, 35.6975], [139.66873, 35.69745]]}, "properties": {"id": "TRACK_TOKYO_1562", "line_name": "4号線丸ノ内線", "station_group_ids": [], "mode": "urban", "operator_id": "tokyo_metro", "line_color": "#E60012", "tags": ["tokyo", "track_centerline"]}}, {"type": "Feature", "bbox": [139.67029, 35.6975, 139.67591, 35.69767], "geometry": {"type": "LineString", "coordinates": [[139.67591, 35.69767], [139.67573, 35.69766], [139.67467, 35.69764], [139.67293, 35.6976], [139.67029, 35.6975]]}, "properties": {"id": "TRACK_TOKYO_1563", "line_name": "4号線丸ノ内線", "station_group_ids": [], "mode": "urban", "operator_id": "tokyo_metro", "line_color": "#E60012", "tags": ["tokyo", "track_centerline"]}}, {"type": "Feature", "bbox": [139.67591, 35.69716, 139.68157, 35.69767], "geometry": {"type": "LineString", "coordinates": [[139.68157, 35.69716], [139.67994, 35.69736], [139.67806, 35.69758], [139.67706, 35.69766], [139.67591, 35.69767]]}, "properties": {"id": "TRACK_TOKYO_1564", "line_name": "4号線丸ノ内線", "station_group_ids": [], "mode": "urban", "operator_id": "tokyo_metro", "line_color": "#E60012", "tags": ["tokyo", "track_centerline"]}}, {"type": "Feature", "bbox": [139.70353, 35.69087, 139.70489, 35.69149], "geometry": {"type": "LineString", "coordinates": [[139.70489, 35.69087], [139.70353, 35.69149]]}, "properties": {"id": "TRACK_TOKYO_1565", "line_name": "4号線丸ノ内線", "station_group_ids": [], "mode": "urban", "operator_id": "tokyo_metro", "line_color": "#E60012", "tags": ["tokyo", "track_centerline"]}}, {"type": "Feature", "bbox": [139.64776, 35.69784, 139.64926, 35.69788], "geometry": {"type": "LineString", "coordinates": [[139.64926, 35.69788], [139.64776, 35.69784]]}, "properties": {"id": "TRACK_TOKYO_1566", "line_name": "4号線丸ノ内線", "station_group_ids": [], "mode": "urban", "operator_id": "tokyo_metro", "line_color": "#E60012", "tags": ["tokyo", "track_centerline"]}}, {"type": "Feature", "bbox": [139.7013, 35.69149, 139.70353, 35.69235], "geometry": {"type": "LineString", "coordinates": [[139.70353, 35.69149], [139.70213, 35.69209], [139.7013, 35.69235]]}, "properties": {"id": "TRACK_TOKYO_1567", "line_name": "4号線丸ノ内線", "station_group_ids": [], "mode": "urban", "operator_id": "tokyo_metro", "line_color": "#E60012", "tags": ["tokyo", "track_centerline"]}}, {"type": "Feature", "bbox": [139.63491, 35.69918, 139.63624, 35.69973], "geometry": {"type": "LineString", "coordinates": [[139.63624, 35.69918], [139.63491, 35.69973]]}, "properties": {"id": "TRACK_TOKYO_1568", "line_name": "4号線丸ノ内線", "station_group_ids": [], "mode": "urban", "operator_id": "tokyo_metro", "line_color": "#E60012", "tags": ["tokyo", "track_centerline"]}}, {"type": "Feature", "bbox": [139.69192, 35.69428, 139.6932, 35.69475], "geometry": {"type": "LineString", "coordinates": [[139.6932, 35.69428], [139.69192, 35.69475]]}, "properties": {"id": "TRACK_TOKYO_1569", "line_name": "4号線丸ノ内線", "station_group_ids": [], "mode": "urban", "operator_id": "tokyo_metro", "line_color": "#E60012", "tags": ["tokyo", "track_centerline"]}}, {"type": "Feature", "bbox": [139.70998, 35.68834, 139.71185, 35.68871], "geometry": {"type": "LineString", "coordinates": [[139.71185, 35.68834], [139.70998, 35.68871]]}, "properties": {"id": "TRACK_TOKYO_1570", "line_name": "4号線丸ノ内線", "station_group_ids": [], "mode": "urban", "operator_id": "tokyo_metro", "line_color": "#E60012", "tags": ["tokyo", "track_centerline"]}}, {"type": "Feature", "bbox": [139.64926, 35.69788, 139.65759, 35.69807], "geometry": {"type": "LineString", "coordinates": [[139.65759, 35.69806], [139.65706, 35.69807], [139.6552, 35.69806], [139.65226, 35.69799], [139.64926, 35.69788]]}, "properties": {"id": "TRACK_TOKYO_1571", "line_name": "4号線丸ノ内線", "station_group_ids": [], "mode": "urban", "operator_id": "tokyo_metro", "line_color": "#E60012", "tags": ["tokyo", "track_centerline"]}}, {"type": "Feature", "bbox": [139.68284, 35.69475, 139.69192, 35.69701], "geometry": {"type": "LineString", "coordinates": [[139.69192, 35.69475], [139.69161, 35.69485], [139.68905, 35.6956], [139.68782, 35.69598], [139.68666, 35.69637], [139.68661, 35.69639], [139.68617, 35.69647], [139.68508, 35.6966], [139.68361, 35.69686], [139.68291, 35.69699], [139.68284, 35.69701]]}, "properties": {"id": "TRACK_TOKYO_1572", "line_name": "4号線丸ノ内線", "station_group_ids": [], "mode": "urban", "operator_id": "tokyo_metro", "line_color": "#E60012", "tags": ["tokyo", "track_centerline"]}}, {"type": "Feature", "bbox": [139.65759, 35.69787, 139.659, 35.69806], "geometry": {"type": "LineString", "coordinates": [[139.659, 35.69787], [139.65759, 35.69806]]}, "properties": {"id": "TRACK_TOKYO_1573", "line_name": "4号線丸ノ内線", "station_group_ids": [], "mode": "urban", "operator_id": "tokyo_metro", "line_color": "#E60012", "tags": ["tokyo", "track_centerline"]}}, {"type": "Feature", "bbox": [139.63624, 35.69775, 139.64776, 35.69918], "geometry": {"type": "LineString", "coordinates": [[139.64776, 35.69784], [139.6472, 35.6978], [139.64702, 35.6978], [139.64414, 35.69777], [139.64275, 35.69775], [139.64114, 35.69783], [139.64024, 35.69794], [139.63841, 35.69844], [139.63624, 35.69918]]}, "properties": {"id": "TRACK_TOKYO_1574", "line_name": "4号線丸ノ内線", "station_group_ids": [], "mode": "urban", "operator_id": "tokyo_metro", "line_color": "#E60012", "tags": ["tokyo", "track_centerline"]}}, {"type": "Feature", "bbox": [139.69979, 35.69235, 139.7013, 35.69251], "geometry": {"type": "LineString", "coordinates": [[139.7013, 35.69235], [139.70068, 35.69246], [139.69979, 35.69251]]}, "properties": {"id": "TRACK_TOKYO_1575", "line_name": "4号線丸ノ内線", "station_group_ids": [], "mode": "urban", "operator_id": "tokyo_metro", "line_color": "#E60012", "tags": ["tokyo", "track_centerline"]}}, {"type": "Feature", "bbox": [139.6932, 35.69227, 139.69979, 35.69428], "geometry": {"type": "LineString", "coordinates": [[139.69979, 35.69251], [139.69932, 35.69234], [139.69922, 35.6923], [139.69874, 35.69227], [139.69821, 35.6924], [139.69796, 35.69264], [139.6974, 35.69296], [139.69691, 35.69319], [139.69638, 35.69335], [139.69519, 35.69368], [139.69432, 35.69394], [139.69396, 35.69404], [139.6932, 35.69428]]}, "properties": {"id": "TRACK_TOKYO_1576", "line_name": "4号線丸ノ内線", "station_group_ids": [], "mode": "urban", "operator_id": "tokyo_metro", "line_color": "#E60012", "tags": ["tokyo", "track_centerline"]}}, {"type": "Feature", "bbox": [139.62077, 35.69973, 139.63491, 35.70437], "geometry": {"type": "LineString", "coordinates": [[139.63491, 35.69973], [139.63178, 35.70104], [139.63105, 35.70134], [139.62975, 35.70198], [139.62868, 35.70264], [139.62763, 35.70326], [139.627, 35.70358], [139.62649, 35.70367], [139.62599, 35.70372], [139.62546, 35.70383], [139.62502, 35.70396], [139.62463, 35.70407], [139.62377, 35.7043], [139.62331, 35.70436], [139.62283, 35.70436], [139.62221, 35.70437], [139.62178, 35.70433], [139.62077, 35.70419]]}, "properties": {"id": "TRACK_TOKYO_1577", "line_name": "4号線丸ノ内線", "station_group_ids": [], "mode": "urban", "operator_id": "tokyo_metro", "line_color": "#E60012", "tags": ["tokyo", "track_centerline"]}}, {"type": "Feature", "bbox": [139.659, 35.69745, 139.66873, 35.69787], "geometry": {"type": "LineString", "coordinates": [[139.66873, 35.69745], [139.6682, 35.69746], [139.66288, 35.69749], [139.66179, 35.69752], [139.66175, 35.69753], [139.66031, 35.69769], [139.659, 35.69787]]}, "properties": {"id": "TRACK_TOKYO_1578", "line_name": "4号線丸ノ内線", "station_group_ids": [], "mode": "urban", "operator_id": "tokyo_metro", "line_color": "#E60012", "tags": ["tokyo", "track_centerline"]}}, {"type": "Feature", "bbox": [139.70489, 35.68871, 139.70998, 35.69087], "geometry": {"type": "LineString", "coordinates": [[139.70998, 35.68871], [139.70946, 35.68882], [139.70854, 35.68916], [139.70626, 35.69019], [139.70556, 35.69053], [139.70489, 35.69087]]}, "properties": {"id": "TRACK_TOKYO_1579", "line_name": "4号線丸ノ内線", "station_group_ids": [], "mode": "urban", "operator_id": "tokyo_metro", "line_color": "#E60012", "tags": ["tokyo", "track_centerline"]}}, {"type": "Feature", "bbox": [139.71185, 35.68757, 139.71828, 35.68834], "geometry": {"type": "LineString", "coordinates": [[139.71828, 35.68774], [139.71755, 35.68768], [139.71665, 35.68761], [139.71592, 35.68757], [139.71524, 35.68763], [139.71407, 35.68786], [139.71185, 35.68834]]}, "properties": {"id": "TRACK_TOKYO_1580", "line_name": "4号線丸ノ内線", "station_group_ids": [], "mode": "urban", "operator_id": "tokyo_metro", "line_color": "#E60012", "tags": ["tokyo", "track_centerline"]}}, {"type": "Feature", "bbox": [139.68157, 35.69701, 139.68284, 35.69716], "geometry": {"type": "LineString", "coordinates": [[139.68284, 35.69701], [139.68157, 35.69716]]}, "properties": {"id": "TRACK_TOKYO_1581", "line_name": "4号線丸ノ内線", "station_group_ids": [], "mode": "urban", "operator_id": "tokyo_metro", "line_color": "#E60012", "tags": ["tokyo", "track_centerline"]}}, {"type": "Feature", "bbox": [139.67591, 35.69716, 139.68157, 35.69767], "geometry": {"type": "LineString", "coordinates": [[139.68157, 35.69716], [139.67994, 35.69736], [139.67806, 35.69758], [139.67706, 35.69766], [139.67591, 35.69767]]}, "properties": {"id": "TRACK_TOKYO_1582", "line_name": "4号線丸ノ内線分岐線", "station_group_ids": [], "mode": "urban", "operator_id": "tokyo_metro", "line_color": "#E60012", "tags": ["tokyo", "track_centerline"]}}, {"type": "Feature", "bbox": [139.68157, 35.69701, 139.68284, 35.69716], "geometry": {"type": "LineString", "coordinates": [[139.68284, 35.69701], [139.68157, 35.69716]]}, "properties": {"id": "TRACK_TOKYO_1583", "line_name": "4号線丸ノ内線分岐線", "station_group_ids": [], "mode": "urban", "operator_id": "tokyo_metro", "line_color": "#E60012", "tags": ["tokyo", "track_centerline"]}}, {"type": "Feature", "bbox": [139.6689, 35.69089, 139.67348, 35.69136], "geometry": {"type": "LineString", "coordinates": [[139.67348, 35.69136], [139.67304, 35.69134], [139.67245, 35.69129], [139.67074, 35.6911], [139.6689, 35.69089]]}, "properties": {"id": "TRACK_TOKYO_1584", "line_name": "4号線丸ノ内線分岐線", "station_group_ids": [], "mode": "urban", "operator_id": "tokyo_metro", "line_color": "#E60012", "tags": ["tokyo", "track_centerline"]}}, {"type": "Feature", "bbox": [139.67348, 35.69136, 139.67448, 35.69207], "geometry": {"type": "LineString", "coordinates": [[139.67448, 35.69207], [139.67416, 35.69177], [139.6739, 35.69159], [139.67348, 35.69136]]}, "properties": {"id": "TRACK_TOKYO_1585", "line_name": "4号線丸ノ内線分岐線", "station_group_ids": [], "mode": "urban", "operator_id": "tokyo_metro", "line_color": "#E60012", "tags": ["tokyo", "track_centerline"]}}, {"type": "Feature", "bbox": [139.65867, 35.68367, 139.66741, 35.69075], "geometry": {"type": "LineString", "coordinates": [[139.66741, 35.69075], [139.66699, 35.69063], [139.66689, 35.69058], [139.66654, 35.6904], [139.66566, 35.68989], [139.66518, 35.68963], [139.66459, 35.68925], [139.66428, 35.68898], [139.66415, 35.68881], [139.66401, 35.68855], [139.66392, 35.68833], [139.66388, 35.68805], [139.66383, 35.68756], [139.66374, 35.68719], [139.66359, 35.68671], [139.66328, 35.68577], [139.66302, 35.68508], [139.66282, 35.68493], [139.66252, 35.68478], [139.66108, 35.68438], [139.66045, 35.68418], [139.65995, 35.68402], [139.65867, 35.68367]]}, "properties": {"id": "TRACK_TOKYO_1586", "line_name": "4号線丸ノ内線分岐線", "station_group_ids": [], "mode": "urban", "operator_id": "tokyo_metro", "line_color": "#E60012", "tags": ["tokyo", "track_centerline"]}}, {"type": "Feature", "bbox": [139.6572, 35.68336, 139.65867, 35.68367], "geometry": {"type": "LineString", "coordinates": [[139.65867, 35.68367], [139.6572, 35.68336]]}, "properties": {"id": "TRACK_TOKYO_1587", "line_name": "4号線丸ノ内線分岐線", "station_group_ids": [], "mode": "urban", "operator_id": "tokyo_metro", "line_color": "#E60012", "tags": ["tokyo", "track_centerline"]}}, {"type": "Feature", "bbox": [139.67409, 35.69207, 139.67591, 35.69767], "geometry": {"type": "LineString", "coordinates": [[139.67591, 35.69767], [139.67483, 35.69697], [139.67433, 35.69656], [139.67409, 35.69628], [139.67409, 35.69613], [139.67415, 35.69562], [139.67433, 35.69453], [139.6745, 35.69312], [139.67453, 35.69243], [139.67448, 35.69207]]}, "properties": {"id": "TRACK_TOKYO_1588", "line_name": "4号線丸ノ内線分岐線", "station_group_ids": [], "mode": "urban", "operator_id": "tokyo_metro", "line_color": "#E60012", "tags": ["tokyo", "track_centerline"]}}, {"type": "Feature", "bbox": [139.66741, 35.69075, 139.6689, 35.69089], "geometry": {"type": "LineString", "coordinates": [[139.6689, 35.69089], [139.66741, 35.69075]]}, "properties": {"id": "TRACK_TOKYO_1589", "line_name": "4号線丸ノ内線分岐線", "station_group_ids": [], "mode": "urban", "operator_id": "tokyo_metro", "line_color": "#E60012", "tags": ["tokyo", "track_centerline"]}}, {"type": "Feature", "bbox": [139.77996, 35.67233, 139.7951, 35.68008], "geometry": {"type": "LineString", "coordinates": [[139.77996, 35.68008], [139.7802, 35.67999], [139.78114, 35.67942], [139.78133, 35.67932], [139.78252, 35.6786], [139.78366, 35.67792], [139.78441, 35.67747], [139.7859, 35.67666], [139.78613, 35.67656], [139.78651, 35.67648], [139.78757, 35.67626], [139.78838, 35.67609], [139.78858, 35.67602], [139.78875, 35.67595], [139.78919, 35.67569], [139.78967, 35.67531], [139.78997, 35.67507], [139.79036, 35.67476], [139.79088, 35.67433], [139.79107, 35.67421], [139.79144, 35.67396], [139.79163, 35.67384], [139.79192, 35.6737], [139.79306, 35.67321], [139.79393, 35.67284], [139.794, 35.67281], [139.7949, 35.67243], [139.7951, 35.67233]]}, "properties": {"id": "TRACK_TOKYO_1592", "line_name": "5号線東西線", "station_group_ids": [], "mode": "urban", "operator_id": "tokyo_metro", "line_color": "#00A7DB", "tags": ["tokyo", "track_centerline"]}}, {"type": "Feature", "bbox": [139.7951, 35.67146, 139.7971, 35.67233], "geometry": {"type": "LineString", "coordinates": [[139.7971, 35.67146], [139.79678, 35.67159], [139.7963, 35.67181], [139.79596, 35.67195], [139.7951, 35.67233]]}, "properties": {"id": "TRACK_TOKYO_1593", "line_name": "5号線東西線", "station_group_ids": [], "mode": "urban", "operator_id": "tokyo_metro", "line_color": "#00A7DB", "tags": ["tokyo", "track_centerline"]}}, {"type": "Feature", "bbox": [139.76733, 35.68277, 139.77309, 35.68441], "geometry": {"type": "LineString", "coordinates": [[139.76733, 35.68441], [139.76748, 35.68438], [139.76763, 35.68435], [139.76816, 35.68423], [139.76977, 35.68388], [139.77086, 35.68363], [139.771, 35.6836], [139.77235, 35.68305], [139.77309, 35.68277]]}, "properties": {"id": "TRACK_TOKYO_1594", "line_name": "5号線東西線", "station_group_ids": [], "mode": "urban", "operator_id": "tokyo_metro", "line_color": "#00A7DB", "tags": ["tokyo", "track_centerline"]}}, {"type": "Feature", "bbox": [139.77858, 35.68008, 139.77996, 35.68061], "geometry": {"type": "LineString", "coordinates": [[139.77858, 35.68061], [139.77947, 35.68027], [139.77996, 35.68008]]}, "properties": {"id": "TRACK_TOKYO_1595", "line_name": "5号線東西線", "station_group_ids": [], "mode": "urban", "operator_id": "tokyo_metro", "line_color": "#00A7DB", "tags": ["tokyo", "track_centerline"]}}, {"type": "Feature", "bbox": [139.76473, 35.68441, 139.76733, 35.68498], "geometry": {"type": "LineString", "coordinates": [[139.76473, 35.68498], [139.76566, 35.68478], [139.76733, 35.68441]]}, "properties": {"id": "TRACK_TOKYO_1597", "line_name": "5号線東西線", "station_group_ids": [], "mode": "urban", "operator_id": "tokyo_metro", "line_color": "#00A7DB", "tags": ["tokyo", "track_centerline"]}}, {"type": "Feature", "bbox": [139.77511, 35.68061, 139.77858, 35.68198], "geometry": {"type": "LineString", "coordinates": [[139.77511, 35.68198], [139.77556, 35.68179], [139.77583, 35.68169], [139.77644, 35.68145], [139.77707, 35.68117], [139.7773, 35.68108], [139.7783, 35.68072], [139.77858, 35.68061]]}, "properties": {"id": "TRACK_TOKYO_1614", "line_name": "5号線東西線", "station_group_ids": [], "mode": "urban", "operator_id": "tokyo_metro", "line_color": "#00A7DB", "tags": ["tokyo", "track_centerline"]}}, {"type": "Feature", "bbox": [139.77309, 35.68198, 139.77511, 35.68277], "geometry": {"type": "LineString", "coordinates": [[139.77309, 35.68277], [139.77373, 35.68252], [139.77511, 35.68198]]}, "properties": {"id": "TRACK_TOKYO_1618", "line_name": "5号線東西線", "station_group_ids": [], "mode": "urban", "operator_id": "tokyo_metro", "line_color": "#00A7DB", "tags": ["tokyo", "track_centerline"]}}, {"type": "Feature", "bbox": [139.73338, 35.70367, 139.73566, 35.70406], "geometry": {"type": "LineString", "coordinates": [[139.73566, 35.70367], [139.73338, 35.70406]]}, "properties": {"id": "TRACK_TOKYO_1620", "line_name": "5号線東西線", "station_group_ids": [], "mode": "urban", "operator_id": "tokyo_metro", "line_color": "#00A7DB", "tags": ["tokyo", "track_centerline"]}}, {"type": "Feature", "bbox": [139.72333, 35.70406, 139.73338, 35.70558], "geometry": {"type": "LineString", "coordinates": [[139.73338, 35.70406], [139.73257, 35.70423], [139.73112, 35.7045], [139.7306, 35.70469], [139.73018, 35.70476], [139.72848, 35.70472], [139.72744, 35.70467], [139.72704, 35.7047], [139.72681, 35.70476], [139.72599, 35.7051], [139.72536, 35.70528], [139.72483, 35.70542], [139.72427, 35.7055], [139.72333, 35.70558]]}, "properties": {"id": "TRACK_TOKYO_1621", "line_name": "5号線東西線", "station_group_ids": [], "mode": "urban", "operator_id": "tokyo_metro", "line_color": "#00A7DB", "tags": ["tokyo", "track_centerline"]}}, {"type": "Feature", "bbox": [139.70603, 35.70578, 139.72105, 35.7128], "geometry": {"type": "LineString", "coordinates": [[139.72105, 35.70578], [139.72017, 35.70592], [139.71976, 35.70606], [139.71906, 35.70644], [139.71863, 35.70681], [139.71743, 35.70818], [139.71699, 35.70891], [139.71669, 35.70928], [139.71651, 35.70938], [139.71614, 35.70948], [139.71596, 35.70954], [139.71407, 35.70985], [139.7134, 35.71002], [139.71255, 35.71047], [139.71157, 35.71105], [139.71116, 35.71123], [139.71087, 35.71134], [139.71004, 35.71149], [139.70864, 35.71173], [139.70784, 35.71188], [139.70752, 35.712], [139.70713, 35.71217], [139.70603, 35.7128]]}, "properties": {"id": "TRACK_TOKYO_1622", "line_name": "5号線東西線", "station_group_ids": [], "mode": "urban", "operator_id": "tokyo_metro", "line_color": "#00A7DB", "tags": ["tokyo", "track_centerline"]}}, {"type": "Feature", "bbox": [139.68487, 35.71037, 139.68706, 35.7109], "geometry": {"type": "LineString", "coordinates": [[139.68706, 35.7109], [139.68487, 35.71037]]}, "properties": {"id": "TRACK_TOKYO_1623", "line_name": "5号線東西線", "station_group_ids": [], "mode": "urban", "operator_id": "tokyo_metro", "line_color": "#00A7DB", "tags": ["tokyo", "track_centerline"]}}, {"type": "Feature", "bbox": [139.66433, 35.70569, 139.66688, 35.70579], "geometry": {"type": "LineString", "coordinates": [[139.66688, 35.70579], [139.66433, 35.70569]]}, "properties": {"id": "TRACK_TOKYO_1624", "line_name": "5号線東西線", "station_group_ids": [], "mode": "urban", "operator_id": "tokyo_metro", "line_color": "#00A7DB", "tags": ["tokyo", "track_centerline"]}}, {"type": "Feature", "bbox": [139.66688, 35.70579, 139.68487, 35.71037], "geometry": {"type": "LineString", "coordinates": [[139.68487, 35.71037], [139.68463, 35.71033], [139.6844, 35.71029], [139.68279, 35.70999], [139.68187, 35.70971], [139.68094, 35.70932], [139.67995, 35.70881], [139.6794, 35.70852], [139.679, 35.70831], [139.6781, 35.70774], [139.677, 35.70692], [139.67615, 35.70638], [139.67547, 35.70613], [139.67479, 35.70598], [139.67444, 35.70598], [139.67322, 35.70595], [139.67265, 35.70592], [139.67172, 35.70588], [139.67101, 35.70585], [139.66935, 35.70579], [139.66688, 35.70579]]}, "properties": {"id": "TRACK_TOKYO_1625", "line_name": "5号線東西線", "station_group_ids": [], "mode": "urban", "operator_id": "tokyo_metro", "line_color": "#00A7DB", "tags": ["tokyo", "track_centerline"]}}, {"type": "Feature", "bbox": [139.73566, 35.70314, 139.73958, 35.70367], "geometry": {"type": "LineString", "coordinates": [[139.73958, 35.70328], [139.73854, 35.70314], [139.73806, 35.70315], [139.73765, 35.7032], [139.73684, 35.70337], [139.73566, 35.70367]]}, "properties": {"id": "TRACK_TOKYO_1626", "line_name": "5号線東西線", "station_group_ids": [], "mode": "urban", "operator_id": "tokyo_metro", "line_color": "#00A7DB", "tags": ["tokyo", "track_centerline"]}}, {"type": "Feature", "bbox": [139.70406, 35.7128, 139.70603, 35.71376], "geometry": {"type": "LineString", "coordinates": [[139.70603, 35.7128], [139.70406, 35.71376]]}, "properties": {"id": "TRACK_TOKYO_1627", "line_name": "5号線東西線", "station_group_ids": [], "mode": "urban", "operator_id": "tokyo_metro", "line_color": "#00A7DB", "tags": ["tokyo", "track_centerline"]}}, {"type": "Feature", "bbox": [139.68706, 35.7109, 139.70406, 35.71378], "geometry": {"type": "LineString", "coordinates": [[139.70406, 35.71376], [139.70366, 35.71378], [139.70303, 35.71373], [139.70252, 35.71364], [139.70191, 35.71346], [139.70131, 35.71317], [139.70025, 35.71265], [139.69978, 35.71239], [139.69921, 35.71217], [139.69833, 35.71196], [139.69762, 35.7118], [139.69719, 35.71169], [139.69668, 35.71152], [139.69612, 35.71138], [139.69404, 35.71106], [139.69397, 35.71105], [139.6929, 35.71092], [139.69264, 35.71092], [139.69247, 35.71092], [139.69223, 35.71093], [139.69179, 35.71097], [139.69145, 35.71107], [139.69127, 35.71112], [139.69065, 35.71123], [139.69006, 35.71128], [139.68997, 35.71128], [139.68918, 35.71128], [139.68852, 35.71121], [139.68805, 35.71113], [139.68706, 35.7109]]}, "properties": {"id": "TRACK_TOKYO_1628", "line_name": "5号線東西線", "station_group_ids": [], "mode": "urban", "operator_id": "tokyo_metro", "line_color": "#00A7DB", "tags": ["tokyo", "track_centerline"]}}, {"type": "Feature", "bbox": [139.72105, 35.70558, 139.72333, 35.70578], "geometry": {"type": "LineString", "coordinates": [[139.72333, 35.70558], [139.72105, 35.70578]]}, "properties": {"id": "TRACK_TOKYO_1629", "line_name": "5号線東西線", "station_group_ids": [], "mode": "urban", "operator_id": "tokyo_metro", "line_color": "#00A7DB", "tags": ["tokyo", "track_centerline"]}}, {"type": "Feature", "bbox": [139.73958, 35.70266, 139.74392, 35.70345], "geometry": {"type": "LineString", "coordinates": [[139.74392, 35.70266], [139.74279, 35.70285], [139.74235, 35.70298], [139.74138, 35.70338], [139.74114, 35.70344], [139.74072, 35.70345], [139.73958, 35.70328]]}, "properties": {"id": "TRACK_TOKYO_1630", "line_name": "5号線東西線", "station_group_ids": [], "mode": "urban", "operator_id": "tokyo_metro", "line_color": "#00A7DB", "tags": ["tokyo", "track_centerline"]}}, {"type": "Feature", "bbox": [139.75682, 35.69028, 139.75852, 35.6906], "geometry": {"type": "LineString", "coordinates": [[139.75852, 35.69028], [139.75682, 35.6906]]}, "properties": {"id": "TRACK_TOKYO_1631", "line_name": "5号線東西線", "station_group_ids": [], "mode": "urban", "operator_id": "tokyo_metro", "line_color": "#00A7DB", "tags": ["tokyo", "track_centerline"]}}, {"type": "Feature", "bbox": [139.75101, 35.6952, 139.75151, 35.69698], "geometry": {"type": "LineString", "coordinates": [[139.75101, 35.69698], [139.75114, 35.69662], [139.7514, 35.69554], [139.75151, 35.6952]]}, "properties": {"id": "TRACK_TOKYO_1632", "line_name": "5号線東西線", "station_group_ids": [], "mode": "urban", "operator_id": "tokyo_metro", "line_color": "#00A7DB", "tags": ["tokyo", "track_centerline"]}}, {"type": "Feature", "bbox": [139.74579, 35.70102, 139.74727, 35.70182], "geometry": {"type": "LineString", "coordinates": [[139.74579, 35.70182], [139.74636, 35.70146], [139.74655, 35.70135], [139.74667, 35.70132], [139.74677, 35.70129], [139.74718, 35.70107], [139.74727, 35.70102]]}, "properties": {"id": "TRACK_TOKYO_1633", "line_name": "5号線東西線", "station_group_ids": [], "mode": "urban", "operator_id": "tokyo_metro", "line_color": "#00A7DB", "tags": ["tokyo", "track_centerline"]}}, {"type": "Feature", "bbox": [139.74727, 35.69698, 139.75101, 35.70102], "geometry": {"type": "LineString", "coordinates": [[139.74727, 35.70102], [139.74753, 35.70087], [139.74775, 35.70067], [139.74796, 35.70045], [139.74833, 35.70006], [139.74902, 35.69932], [139.7495, 35.69882], [139.74968, 35.69864], [139.74981, 35.69848], [139.75008, 35.69823], [139.75049, 35.6978], [139.75069, 35.69758], [139.75083, 35.69738], [139.75091, 35.69723], [139.75099, 35.69705], [139.75101, 35.69698]]}, "properties": {"id": "TRACK_TOKYO_1634", "line_name": "5号線東西線", "station_group_ids": [], "mode": "urban", "operator_id": "tokyo_metro", "line_color": "#00A7DB", "tags": ["tokyo", "track_centerline"]}}, {"type": "Feature", "bbox": [139.75151, 35.6906, 139.75682, 35.6952], "geometry": {"type": "LineString", "coordinates": [[139.75151, 35.6952], [139.75157, 35.69501], [139.75169, 35.69473], [139.75188, 35.6945], [139.7522, 35.69424], [139.75257, 35.69399], [139.75337, 35.69358], [139.75435, 35.69305], [139.75516, 35.69234], [139.75576, 35.6916], [139.7561, 35.69105], [139.75644, 35.69074], [139.75682, 35.6906]]}, "properties": {"id": "TRACK_TOKYO_1635", "line_name": "5号線東西線", "station_group_ids": [], "mode": "urban", "operator_id": "tokyo_metro", "line_color": "#00A7DB", "tags": ["tokyo", "track_centerline"]}}, {"type": "Feature", "bbox": [139.75852, 35.68498, 139.76473, 35.69028], "geometry": {"type": "LineString", "coordinates": [[139.75852, 35.69028], [139.75879, 35.69026], [139.75916, 35.69005], [139.76024, 35.68931], [139.76058, 35.68879], [139.76086, 35.6878], [139.76105, 35.68694], [139.7612, 35.68649], [139.76154, 35.68592], [139.76196, 35.68558], [139.76295, 35.68537], [139.76317, 35.68532], [139.76453, 35.68502], [139.76473, 35.68498]]}, "properties": {"id": "TRACK_TOKYO_1636", "line_name": "5号線東西線", "station_group_ids": [], "mode": "urban", "operator_id": "tokyo_metro", "line_color": "#00A7DB", "tags": ["tokyo", "track_centerline"]}}, {"type": "Feature", "bbox": [139.74392, 35.70182, 139.74579, 35.70266], "geometry": {"type": "LineString", "coordinates": [[139.74579, 35.70182], [139.74547, 35.70206], [139.74503, 35.70235], [139.74497, 35.70237], [139.74485, 35.70244], [139.74447, 35.70258], [139.74417, 35.70262], [139.74392, 35.70266]]}, "properties": {"id": "TRACK_TOKYO_1637", "line_name": "5号線東西線", "station_group_ids": [], "mode": "urban", "operator_id": "tokyo_metro", "line_color": "#00A7DB", "tags": ["tokyo", "track_centerline"]}}, {"type": "Feature", "bbox": [139.73303, 35.76641, 139.73533, 35.77728], "geometry": {"type": "LineString", "coordinates": [[139.73533, 35.76641], [139.7353, 35.76654], [139.73518, 35.76692], [139.73499, 35.76745], [139.73474, 35.76814], [139.73461, 35.76847], [139.73454, 35.76867], [139.7342, 35.7697], [139.73401, 35.7702], [139.73386, 35.77067], [139.73371, 35.77106], [139.73331, 35.77202], [139.73312, 35.77257], [139.7331, 35.77284], [139.73309, 35.77303], [139.73309, 35.77356], [139.73312, 35.77423], [139.73319, 35.77597], [139.73322, 35.7766], [139.73321, 35.77681], [139.73311, 35.77708], [139.73303, 35.77728]]}, "properties": {"id": "TRACK_TOKYO_1638", "line_name": "7号線南北線", "station_group_ids": [], "mode": "urban", "operator_id": "tokyo_metro", "line_color": "#00ADA9", "tags": ["tokyo", "track_centerline"]}}, {"type": "Feature", "bbox": [139.72346, 35.77877, 139.73197, 35.7831], "geometry": {"type": "LineString", "coordinates": [[139.73197, 35.77877], [139.73183, 35.77894], [139.73154, 35.77925], [139.73138, 35.77941], [139.73102, 35.77972], [139.73006, 35.78053], [139.72867, 35.78177], [139.72826, 35.78208], [139.72813, 35.78215], [139.7275, 35.78231], [139.72591, 35.78263], [139.72346, 35.7831]]}, "properties": {"id": "TRACK_TOKYO_1639", "line_name": "7号線南北線", "station_group_ids": [], "mode": "urban", "operator_id": "tokyo_metro", "line_color": "#00ADA9", "tags": ["tokyo", "track_centerline"]}}, {"type": "Feature", "bbox": [139.73742, 35.74632, 139.74189, 35.75355], "geometry": {"type": "LineString", "coordinates": [[139.74189, 35.74632], [139.74156, 35.74666], [139.74055, 35.74753], [139.7398, 35.74808], [139.73918, 35.74861], [139.73893, 35.74885], [139.73844, 35.74939], [139.73822, 35.74972], [139.73802, 35.75011], [139.73779, 35.75075], [139.73744, 35.75219], [139.73742, 35.7524], [139.73763, 35.75302], [139.73783, 35.75323], [139.73783, 35.75343], [139.73779, 35.75355]]}, "properties": {"id": "TRACK_TOKYO_1640", "line_name": "7号線南北線", "station_group_ids": [], "mode": "urban", "operator_id": "tokyo_metro", "line_color": "#00ADA9", "tags": ["tokyo", "track_centerline"]}}, {"type": "Feature", "bbox": [139.74189, 35.74557, 139.74263, 35.74632], "geometry": {"type": "LineString", "coordinates": [[139.74263, 35.74557], [139.74189, 35.74632]]}, "properties": {"id": "TRACK_TOKYO_1641", "line_name": "7号線南北線", "station_group_ids": [], "mode": "urban", "operator_id": "tokyo_metro", "line_color": "#00ADA9", "tags": ["tokyo", "track_centerline"]}}, {"type": "Feature", "bbox": [139.73716, 35.75355, 139.73779, 35.75546], "geometry": {"type": "LineString", "coordinates": [[139.73779, 35.75355], [139.73774, 35.75363], [139.73762, 35.75382], [139.73745, 35.75411], [139.73734, 35.75432], [139.73725, 35.75458], [139.73719, 35.75487], [139.73716, 35.75514], [139.73716, 35.75546]]}, "properties": {"id": "TRACK_TOKYO_1642", "line_name": "7号線南北線", "station_group_ids": [], "mode": "urban", "operator_id": "tokyo_metro", "line_color": "#00ADA9", "tags": ["tokyo", "track_centerline"]}}, {"type": "Feature", "bbox": [139.73597, 35.75546, 139.73745, 35.76418], "geometry": {"type": "LineString", "coordinates": [[139.73716, 35.75546], [139.73722, 35.75628], [139.73728, 35.7578], [139.73733, 35.75834], [139.73742, 35.75929], [139.73745, 35.76028], [139.73745, 35.76095], [139.7374, 35.76135], [139.73733, 35.76156], [139.7372, 35.76183], [139.73681, 35.76256], [139.73635, 35.76338], [139.73597, 35.76418]]}, "properties": {"id": "TRACK_TOKYO_1643", "line_name": "7号線南北線", "station_group_ids": [], "mode": "urban", "operator_id": "tokyo_metro", "line_color": "#00ADA9", "tags": ["tokyo", "track_centerline"]}}, {"type": "Feature", "bbox": [139.73197, 35.77728, 139.73303, 35.77877], "geometry": {"type": "LineString", "coordinates": [[139.73303, 35.77728], [139.73197, 35.77877]]}, "properties": {"id": "TRACK_TOKYO_1644", "line_name": "7号線南北線", "station_group_ids": [], "mode": "urban", "operator_id": "tokyo_metro", "line_color": "#00ADA9", "tags": ["tokyo", "track_centerline"]}}, {"type": "Feature", "bbox": [139.73533, 35.76418, 139.73597, 35.76641], "geometry": {"type": "LineString", "coordinates": [[139.73597, 35.76418], [139.73584, 35.76454], [139.73566, 35.76523], [139.73533, 35.76641]]}, "properties": {"id": "TRACK_TOKYO_1645", "line_name": "7号線南北線", "station_group_ids": [], "mode": "urban", "operator_id": "tokyo_metro", "line_color": "#00ADA9", "tags": ["tokyo", "track_centerline"]}}, {"type": "Feature", "bbox": [139.72076, 35.7831, 139.72346, 35.78361], "geometry": {"type": "LineString", "coordinates": [[139.72346, 35.7831], [139.72076, 35.78361]]}, "properties": {"id": "TRACK_TOKYO_1646", "line_name": "7号線南北線", "station_group_ids": [], "mode": "urban", "operator_id": "tokyo_metro", "line_color": "#00ADA9", "tags": ["tokyo", "track_centerline"]}}, {"type": "Feature", "bbox": [139.74263, 35.73648, 139.74744, 35.74557], "geometry": {"type": "LineString", "coordinates": [[139.7466, 35.73648], [139.74624, 35.73777], [139.74617, 35.73817], [139.74619, 35.73847], [139.74668, 35.73955], [139.74677, 35.73974], [139.74742, 35.74131], [139.74744, 35.74159], [139.74722, 35.74285], [139.74711, 35.7431], [139.74677, 35.74327], [139.74648, 35.74343], [139.74627, 35.74352], [139.74579, 35.74373], [139.74503, 35.7442], [139.74423, 35.7445], [139.74351, 35.74479], [139.74314, 35.74501], [139.74291, 35.74526], [139.74263, 35.74557]]}, "properties": {"id": "TRACK_TOKYO_1647", "line_name": "7号線南北線", "station_group_ids": [], "mode": "urban", "operator_id": "tokyo_metro", "line_color": "#00ADA9", "tags": ["tokyo", "track_centerline"]}}, {"type": "Feature", "bbox": [139.75366, 35.72356, 139.75397, 35.72517], "geometry": {"type": "LineString", "coordinates": [[139.75366, 35.72517], [139.75378, 35.72451], [139.75397, 35.72356]]}, "properties": {"id": "TRACK_TOKYO_1648", "line_name": "7号線南北線", "station_group_ids": [], "mode": "urban", "operator_id": "tokyo_metro", "line_color": "#00ADA9", "tags": ["tokyo", "track_centerline"]}}, {"type": "Feature", "bbox": [139.75179, 35.70928, 139.75826, 35.71704], "geometry": {"type": "LineString", "coordinates": [[139.75824, 35.71704], [139.75826, 35.71678], [139.75816, 35.71622], [139.75804, 35.71587], [139.75777, 35.71549], [139.75739, 35.71499], [139.75731, 35.71461], [139.75724, 35.71447], [139.75709, 35.71381], [139.757, 35.71361], [139.75636, 35.7129], [139.75541, 35.71198], [139.75496, 35.71165], [139.75448, 35.71145], [139.75385, 35.71138], [139.75334, 35.71132], [139.7529, 35.7112], [139.75248, 35.71098], [139.75208, 35.71057], [139.75179, 35.71008], [139.75181, 35.70977], [139.7518, 35.70928]]}, "properties": {"id": "TRACK_TOKYO_1649", "line_name": "7号線南北線", "station_group_ids": [], "mode": "urban", "operator_id": "tokyo_metro", "line_color": "#00ADA9", "tags": ["tokyo", "track_centerline"]}}, {"type": "Feature", "bbox": [139.75397, 35.71893, 139.7574, 35.72356], "geometry": {"type": "LineString", "coordinates": [[139.75397, 35.72356], [139.75401, 35.72338], [139.75407, 35.72321], [139.75416, 35.72303], [139.75418, 35.72298], [139.75462, 35.72233], [139.7548, 35.72207], [139.7556, 35.72104], [139.75606, 35.72048], [139.75616, 35.72036], [139.75697, 35.71944], [139.75727, 35.71908], [139.7574, 35.71893]]}, "properties": {"id": "TRACK_TOKYO_1650", "line_name": "7号線南北線", "station_group_ids": [], "mode": "urban", "operator_id": "tokyo_metro", "line_color": "#00ADA9", "tags": ["tokyo", "track_centerline"]}}, {"type": "Feature", "bbox": [139.75177, 35.7075, 139.7518, 35.70928], "geometry": {"type": "LineString", "coordinates": [[139.7518, 35.70928], [139.75179, 35.7085], [139.75177, 35.7075]]}, "properties": {"id": "TRACK_TOKYO_1651", "line_name": "7号線南北線", "station_group_ids": [], "mode": "urban", "operator_id": "tokyo_metro", "line_color": "#00ADA9", "tags": ["tokyo", "track_centerline"]}}, {"type": "Feature", "bbox": [139.7466, 35.73533, 139.74719, 35.73648], "geometry": {"type": "LineString", "coordinates": [[139.7466, 35.73648], [139.74677, 35.73622], [139.74719, 35.73533]]}, "properties": {"id": "TRACK_TOKYO_1652", "line_name": "7号線南北線", "station_group_ids": [], "mode": "urban", "operator_id": "tokyo_metro", "line_color": "#00ADA9", "tags": ["tokyo", "track_centerline"]}}, {"type": "Feature", "bbox": [139.7574, 35.71704, 139.75824, 35.71893], "geometry": {"type": "LineString", "coordinates": [[139.7574, 35.71893], [139.7577, 35.7185], [139.75785, 35.71821], [139.75797, 35.71788], [139.75824, 35.71704]]}, "properties": {"id": "TRACK_TOKYO_1653", "line_name": "7号線南北線", "station_group_ids": [], "mode": "urban", "operator_id": "tokyo_metro", "line_color": "#00ADA9", "tags": ["tokyo", "track_centerline"]}}, {"type": "Feature", "bbox": [139.74454, 35.70262, 139.75177, 35.7075], "geometry": {"type": "LineString", "coordinates": [[139.75177, 35.7075], [139.75176, 35.70734], [139.75176, 35.70699], [139.7517, 35.70588], [139.7516, 35.70438], [139.75143, 35.70403], [139.75116, 35.70376], [139.75074, 35.70349], [139.75024, 35.70334], [139.74934, 35.70325], [139.74863, 35.7033], [139.74763, 35.70335], [139.74735, 35.70334], [139.74712, 35.70331], [139.74677, 35.70328], [139.74654, 35.70324], [139.74577, 35.70304], [139.74502, 35.70284], [139.74479, 35.70278], [139.74454, 35.70262]]}, "properties": {"id": "TRACK_TOKYO_1654", "line_name": "7号線南北線", "station_group_ids": [], "mode": "urban", "operator_id": "tokyo_metro", "line_color": "#00ADA9", "tags": ["tokyo", "track_centerline"]}}, {"type": "Feature", "bbox": [139.74719, 35.72517, 139.75366, 35.73533], "geometry": {"type": "LineString", "coordinates": [[139.74719, 35.73533], [139.74768, 35.73448], [139.74829, 35.73364], [139.74838, 35.73352], [139.74866, 35.73315], [139.7487, 35.7331], [139.74904, 35.73271], [139.74981, 35.73184], [139.75045, 35.73112], [139.75058, 35.73099], [139.75075, 35.7308], [139.75086, 35.73066], [139.75099, 35.73049], [139.75118, 35.73018], [139.75157, 35.72941], [139.75193, 35.72865], [139.75203, 35.72845], [139.75233, 35.72789], [139.75253, 35.7276], [139.75287, 35.72715], [139.75312, 35.72685], [139.75333, 35.72659], [139.7534, 35.72649], [139.75342, 35.7264], [139.75352, 35.72593], [139.7536, 35.72553], [139.75366, 35.72517]]}, "properties": {"id": "TRACK_TOKYO_1655", "line_name": "7号線南北線", "station_group_ids": [], "mode": "urban", "operator_id": "tokyo_metro", "line_color": "#00ADA9", "tags": ["tokyo", "track_centerline"]}}, {"type": "Feature", "bbox": [139.73491, 35.6917, 139.73766, 35.69417], "geometry": {"type": "LineString", "coordinates": [[139.73766, 35.69417], [139.73693, 35.69336], [139.73633, 35.69287], [139.73491, 35.6917]]}, "properties": {"id": "TRACK_TOKYO_1656", "line_name": "7号線南北線", "station_group_ids": [], "mode": "urban", "operator_id": "tokyo_metro", "line_color": "#00ADA9", "tags": ["tokyo", "track_centerline"]}}, {"type": "Feature", "bbox": [139.74126, 35.67175, 139.74133, 35.67443], "geometry": {"type": "LineString", "coordinates": [[139.74133, 35.67443], [139.74128, 35.67262], [139.74126, 35.67175]]}, "properties": {"id": "TRACK_TOKYO_1657", "line_name": "7号線南北線", "station_group_ids": [], "mode": "urban", "operator_id": "tokyo_metro", "line_color": "#00ADA9", "tags": ["tokyo", "track_centerline"]}}, {"type": "Feature", "bbox": [139.72999, 35.68712, 139.73491, 35.6917], "geometry": {"type": "LineString", "coordinates": [[139.73491, 35.6917], [139.73415, 35.69121], [139.73381, 35.69103], [139.73339, 35.6908], [139.73229, 35.69018], [139.73153, 35.68966], [139.73104, 35.68917], [139.73058, 35.68856], [139.7303, 35.68799], [139.73009, 35.6874], [139.72999, 35.68712]]}, "properties": {"id": "TRACK_TOKYO_1658", "line_name": "7号線南北線", "station_group_ids": [], "mode": "urban", "operator_id": "tokyo_metro", "line_color": "#00ADA9", "tags": ["tokyo", "track_centerline"]}}, {"type": "Feature", "bbox": [139.73822, 35.67778, 139.7403, 35.67878], "geometry": {"type": "LineString", "coordinates": [[139.73822, 35.67878], [139.73906, 35.6785], [139.73918, 35.67844], [139.73943, 35.67832], [139.7403, 35.67778]]}, "properties": {"id": "TRACK_TOKYO_1659", "line_name": "7号線南北線", "station_group_ids": [], "mode": "urban", "operator_id": "tokyo_metro", "line_color": "#00ADA9", "tags": ["tokyo", "track_centerline"]}}, {"type": "Feature", "bbox": [139.72942, 35.68503, 139.72999, 35.68712], "geometry": {"type": "LineString", "coordinates": [[139.72999, 35.68712], [139.72957, 35.68578], [139.72942, 35.68503]]}, "properties": {"id": "TRACK_TOKYO_1660", "line_name": "7号線南北線", "station_group_ids": [], "mode": "urban", "operator_id": "tokyo_metro", "line_color": "#00ADA9", "tags": ["tokyo", "track_centerline"]}}, {"type": "Feature", "bbox": [139.73766, 35.69417, 139.74302, 35.70036], "geometry": {"type": "LineString", "coordinates": [[139.74302, 35.70036], [139.74284, 35.69982], [139.74282, 35.69979], [139.74254, 35.69943], [139.74145, 35.69818], [139.74142, 35.69814], [139.74039, 35.69707], [139.73999, 35.69669], [139.73973, 35.69651], [139.73945, 35.69626], [139.73895, 35.69576], [139.73857, 35.69533], [139.73766, 35.69417]]}, "properties": {"id": "TRACK_TOKYO_1661", "line_name": "7号線南北線", "station_group_ids": [], "mode": "urban", "operator_id": "tokyo_metro", "line_color": "#00ADA9", "tags": ["tokyo", "track_centerline"]}}, {"type": "Feature", "bbox": [139.74302, 35.70036, 139.74454, 35.70262], "geometry": {"type": "LineString", "coordinates": [[139.74454, 35.70262], [139.74398, 35.70198], [139.74384, 35.70177], [139.74372, 35.7016], [139.74356, 35.70136], [139.74318, 35.70074], [139.74302, 35.70036]]}, "properties": {"id": "TRACK_TOKYO_1662", "line_name": "7号線南北線", "station_group_ids": [], "mode": "urban", "operator_id": "tokyo_metro", "line_color": "#00ADA9", "tags": ["tokyo", "track_centerline"]}}, {"type": "Feature", "bbox": [139.7403, 35.67443, 139.74135, 35.67778], "geometry": {"type": "LineString", "coordinates": [[139.7403, 35.67778], [139.74061, 35.67756], [139.74104, 35.67715], [139.74128, 35.67683], [139.74134, 35.67652], [139.74135, 35.67584], [139.74133, 35.67443]]}, "properties": {"id": "TRACK_TOKYO_1664", "line_name": "7号線南北線", "station_group_ids": [], "mode": "urban", "operator_id": "tokyo_metro", "line_color": "#00ADA9", "tags": ["tokyo", "track_centerline"]}}, {"type": "Feature", "bbox": [139.72935, 35.67878, 139.73822, 35.68503], "geometry": {"type": "LineString", "coordinates": [[139.72942, 35.68503], [139.72937, 35.68462], [139.72935, 35.68415], [139.72941, 35.68362], [139.72961, 35.68313], [139.72983, 35.68279], [139.73016, 35.68238], [139.73033, 35.68227], [139.73049, 35.68216], [139.73081, 35.68194], [139.73145, 35.68147], [139.73159, 35.68137], [139.73178, 35.68122], [139.73223, 35.68087], [139.73253, 35.68059], [139.73288, 35.68023], [139.73295, 35.68015], [139.73329, 35.67976], [139.73366, 35.67939], [139.73407, 35.67918], [139.7346, 35.67899], [139.73535, 35.67888], [139.73594, 35.6789], [139.73691, 35.67896], [139.73755, 35.67891], [139.73822, 35.67878]]}, "properties": {"id": "TRACK_TOKYO_1666", "line_name": "7号線南北線", "station_group_ids": [], "mode": "urban", "operator_id": "tokyo_metro", "line_color": "#00ADA9", "tags": ["tokyo", "track_centerline"]}}, {"type": "Feature", "bbox": [139.76349, 35.67508, 139.76591, 35.67571], "geometry": {"type": "LineString", "coordinates": [[139.76349, 35.67571], [139.76373, 35.67567], [139.76518, 35.67534], [139.76564, 35.67523], [139.76591, 35.67508]]}, "properties": {"id": "TRACK_TOKYO_1675", "line_name": "8号線有楽町線", "station_group_ids": [], "mode": "urban", "operator_id": "tokyo_metro", "line_color": "#D7C447", "tags": ["tokyo", "track_centerline"]}}, {"type": "Feature", "bbox": [139.76765, 35.6709, 139.77268, 35.67394], "geometry": {"type": "LineString", "coordinates": [[139.76765, 35.67394], [139.76779, 35.67384], [139.76829, 35.67351], [139.76862, 35.67329], [139.76921, 35.67289], [139.76981, 35.67249], [139.77025, 35.6722], [139.77059, 35.67197], [139.77095, 35.67172], [139.77139, 35.67143], [139.77157, 35.67134], [139.77199, 35.67119], [139.77213, 35.67112], [139.77268, 35.6709]]}, "properties": {"id": "TRACK_TOKYO_1677", "line_name": "8号線有楽町線", "station_group_ids": [], "mode": "urban", "operator_id": "tokyo_metro", "line_color": "#D7C447", "tags": ["tokyo", "track_centerline"]}}, {"type": "Feature", "bbox": [139.76591, 35.67394, 139.76765, 35.67508], "geometry": {"type": "LineString", "coordinates": [[139.76591, 35.67508], [139.7663, 35.67484], [139.76665, 35.67462], [139.76703, 35.67436], [139.76735, 35.67415], [139.76765, 35.67394]]}, "properties": {"id": "TRACK_TOKYO_1679", "line_name": "8号線有楽町線", "station_group_ids": [], "mode": "urban", "operator_id": "tokyo_metro", "line_color": "#D7C447", "tags": ["tokyo", "track_centerline"]}}, {"type": "Feature", "bbox": [139.63258, 35.77087, 139.64248, 35.776], "geometry": {"type": "LineString", "coordinates": [[139.64248, 35.77087], [139.64188, 35.77104], [139.64155, 35.77113], [139.64148, 35.77115], [139.64094, 35.77128], [139.64035, 35.77141], [139.63972, 35.77156], [139.63911, 35.77169], [139.63855, 35.77183], [139.63811, 35.77201], [139.6377, 35.77223], [139.63724, 35.77249], [139.63691, 35.7727], [139.6365, 35.77301], [139.63606, 35.77338], [139.63565, 35.77376], [139.63507, 35.77435], [139.63466, 35.77482], [139.63452, 35.77495], [139.63417, 35.77517], [139.63375, 35.77541], [139.63258, 35.776]]}, "properties": {"id": "TRACK_TOKYO_1683", "line_name": "8号線有楽町線", "station_group_ids": [], "mode": "urban", "operator_id": "tokyo_metro", "line_color": "#D7C447", "tags": ["tokyo", "track_centerline"]}}, {"type": "Feature", "bbox": [139.65526, 35.75005, 139.6645, 35.75697], "geometry": {"type": "LineString", "coordinates": [[139.65526, 35.75697], [139.65599, 35.75652], [139.65685, 35.75603], [139.65727, 35.75577], [139.65799, 35.75525], [139.65849, 35.75488], [139.65894, 35.7545], [139.65928, 35.75426], [139.65972, 35.7539], [139.66012, 35.75361], [139.66047, 35.75333], [139.66065, 35.75323], [139.6645, 35.75005]]}, "properties": {"id": "TRACK_TOKYO_1684", "line_name": "8号線有楽町線", "station_group_ids": [], "mode": "urban", "operator_id": "tokyo_metro", "line_color": "#D7C447", "tags": ["tokyo", "track_centerline"]}}, {"type": "Feature", "bbox": [139.62976, 35.776, 139.63258, 35.77748], "geometry": {"type": "LineString", "coordinates": [[139.63258, 35.776], [139.62976, 35.77748]]}, "properties": {"id": "TRACK_TOKYO_1685", "line_name": "8号線有楽町線", "station_group_ids": [], "mode": "urban", "operator_id": "tokyo_metro", "line_color": "#D7C447", "tags": ["tokyo", "track_centerline"]}}, {"type": "Feature", "bbox": [139.65334, 35.75697, 139.65526, 35.75814], "geometry": {"type": "LineString", "coordinates": [[139.65526, 35.75697], [139.65334, 35.75814]]}, "properties": {"id": "TRACK_TOKYO_1686", "line_name": "8号線有楽町線", "station_group_ids": [], "mode": "urban", "operator_id": "tokyo_metro", "line_color": "#D7C447", "tags": ["tokyo", "track_centerline"]}}, {"type": "Feature", "bbox": [139.6785, 35.74291, 139.68054, 35.74388], "geometry": {"type": "LineString", "coordinates": [[139.6785, 35.74388], [139.68054, 35.74291]]}, "properties": {"id": "TRACK_TOKYO_1687", "line_name": "8号線有楽町線", "station_group_ids": [], "mode": "urban", "operator_id": "tokyo_metro", "line_color": "#D7C447", "tags": ["tokyo", "track_centerline"]}}, {"type": "Feature", "bbox": [139.6645, 35.74919, 139.66644, 35.75005], "geometry": {"type": "LineString", "coordinates": [[139.6645, 35.75005], [139.66644, 35.74919]]}, "properties": {"id": "TRACK_TOKYO_1688", "line_name": "8号線有楽町線", "station_group_ids": [], "mode": "urban", "operator_id": "tokyo_metro", "line_color": "#D7C447", "tags": ["tokyo", "track_centerline"]}}, {"type": "Feature", "bbox": [139.62724, 35.77748, 139.62976, 35.78144], "geometry": {"type": "LineString", "coordinates": [[139.62976, 35.77748], [139.62909, 35.77784], [139.62869, 35.77882], [139.62865, 35.77895], [139.6286, 35.77949], [139.62851, 35.77982], [139.62838, 35.78023], [139.62822, 35.78053], [139.62789, 35.78078], [139.62743, 35.78114], [139.62724, 35.78144]]}, "properties": {"id": "TRACK_TOKYO_1689", "line_name": "8号線有楽町線", "station_group_ids": [], "mode": "urban", "operator_id": "tokyo_metro", "line_color": "#D7C447", "tags": ["tokyo", "track_centerline"]}}, {"type": "Feature", "bbox": [139.64552, 35.75814, 139.65334, 35.76909], "geometry": {"type": "LineString", "coordinates": [[139.65334, 35.75814], [139.65303, 35.75833], [139.65227, 35.75888], [139.6518, 35.75924], [139.65161, 35.75938], [139.65144, 35.75964], [139.65131, 35.75997], [139.65128, 35.76014], [139.65121, 35.76042], [139.65111, 35.76092], [139.65097, 35.76176], [139.65086, 35.7625], [139.65086, 35.76255], [139.65065, 35.76423], [139.65048, 35.76508], [139.65026, 35.76598], [139.65017, 35.7665], [139.64992, 35.76728], [139.6497, 35.76779], [139.6496, 35.76789], [139.6494, 35.76802], [139.64887, 35.76819], [139.64846, 35.76828], [139.64801, 35.76838], [139.64716, 35.7686], [139.64617, 35.76887], [139.64589, 35.76893], [139.64552, 35.76909]]}, "properties": {"id": "TRACK_TOKYO_1690", "line_name": "8号線有楽町線", "station_group_ids": [], "mode": "urban", "operator_id": "tokyo_metro", "line_color": "#D7C447", "tags": ["tokyo", "track_centerline"]}}, {"type": "Feature", "bbox": [139.66644, 35.74501, 139.67588, 35.74919], "geometry": {"type": "LineString", "coordinates": [[139.66644, 35.74919], [139.66947, 35.74784], [139.67148, 35.74694], [139.67266, 35.74645], [139.6728, 35.74638], [139.67478, 35.7455], [139.67558, 35.74514], [139.67588, 35.74501]]}, "properties": {"id": "TRACK_TOKYO_1691", "line_name": "8号線有楽町線", "station_group_ids": [], "mode": "urban", "operator_id": "tokyo_metro", "line_color": "#D7C447", "tags": ["tokyo", "track_centerline"]}}, {"type": "Feature", "bbox": [139.67588, 35.74388, 139.6785, 35.74501], "geometry": {"type": "LineString", "coordinates": [[139.67588, 35.74501], [139.6785, 35.74388]]}, "properties": {"id": "TRACK_TOKYO_1692", "line_name": "8号線有楽町線", "station_group_ids": [], "mode": "urban", "operator_id": "tokyo_metro", "line_color": "#D7C447", "tags": ["tokyo", "track_centerline"]}}, {"type": "Feature", "bbox": [139.64248, 35.76909, 139.64552, 35.77087], "geometry": {"type": "LineString", "coordinates": [[139.64552, 35.76909], [139.64279, 35.77069], [139.64248, 35.77087]]}, "properties": {"id": "TRACK_TOKYO_1693", "line_name": "8号線有楽町線", "station_group_ids": [], "mode": "urban", "operator_id": "tokyo_metro", "line_color": "#D7C447", "tags": ["tokyo", "track_centerline"]}}, {"type": "Feature", "bbox": [139.61391, 35.78144, 139.62724, 35.78793], "geometry": {"type": "LineString", "coordinates": [[139.61391, 35.78793], [139.61469, 35.78762], [139.61561, 35.78724], [139.61692, 35.7867], [139.61886, 35.78591], [139.61912, 35.78579], [139.6199, 35.78547], [139.62118, 35.78495], [139.62178, 35.78469], [139.62236, 35.78449], [139.62283, 35.78429], [139.62369, 35.78379], [139.62612, 35.78222], [139.62614, 35.78221], [139.62724, 35.78144]]}, "properties": {"id": "TRACK_TOKYO_1694", "line_name": "8号線有楽町線", "station_group_ids": [], "mode": "urban", "operator_id": "tokyo_metro", "line_color": "#D7C447", "tags": ["tokyo", "track_centerline"]}}, {"type": "Feature", "bbox": [139.73315, 35.70895, 139.73511, 35.70964], "geometry": {"type": "LineString", "coordinates": [[139.73315, 35.70964], [139.73511, 35.70895]]}, "properties": {"id": "TRACK_TOKYO_1695", "line_name": "8号線有楽町線", "station_group_ids": [], "mode": "urban", "operator_id": "tokyo_metro", "line_color": "#D7C447", "tags": ["tokyo", "track_centerline"]}}, {"type": "Feature", "bbox": [139.7098, 35.72883, 139.71197, 35.72954], "geometry": {"type": "LineString", "coordinates": [[139.7098, 35.72954], [139.71197, 35.72883]]}, "properties": {"id": "TRACK_TOKYO_1696", "line_name": "8号線有楽町線", "station_group_ids": [], "mode": "urban", "operator_id": "tokyo_metro", "line_color": "#D7C447", "tags": ["tokyo", "track_centerline"]}}, {"type": "Feature", "bbox": [139.71787, 35.72531, 139.71986, 35.72659], "geometry": {"type": "LineString", "coordinates": [[139.71787, 35.72659], [139.71986, 35.72531]]}, "properties": {"id": "TRACK_TOKYO_1697", "line_name": "8号線有楽町線", "station_group_ids": [], "mode": "urban", "operator_id": "tokyo_metro", "line_color": "#D7C447", "tags": ["tokyo", "track_centerline"]}}, {"type": "Feature", "bbox": [139.69029, 35.73342, 139.69736, 35.73751], "geometry": {"type": "LineString", "coordinates": [[139.69029, 35.73751], [139.69129, 35.73677], [139.69332, 35.73527], [139.69414, 35.73462], [139.69465, 35.73429], [139.69542, 35.73396], [139.69606, 35.73371], [139.69669, 35.73355], [139.69736, 35.73342]]}, "properties": {"id": "TRACK_TOKYO_1698", "line_name": "8号線有楽町線", "station_group_ids": [], "mode": "urban", "operator_id": "tokyo_metro", "line_color": "#D7C447", "tags": ["tokyo", "track_centerline"]}}, {"type": "Feature", "bbox": [139.70655, 35.73118, 139.70889, 35.73178], "geometry": {"type": "LineString", "coordinates": [[139.70655, 35.73178], [139.70889, 35.73118]]}, "properties": {"id": "TRACK_TOKYO_1699", "line_name": "13号線副都心線", "station_group_ids": [], "mode": "urban", "operator_id": "tokyo_metro", "line_color": "#BB641D", "tags": ["tokyo", "track_centerline"]}}, {"type": "Feature", "bbox": [139.68851, 35.73751, 139.69029, 35.73884], "geometry": {"type": "LineString", "coordinates": [[139.68851, 35.73884], [139.69029, 35.73751]]}, "properties": {"id": "TRACK_TOKYO_1700", "line_name": "8号線有楽町線", "station_group_ids": [], "mode": "urban", "operator_id": "tokyo_metro", "line_color": "#D7C447", "tags": ["tokyo", "track_centerline"]}}, {"type": "Feature", "bbox": [139.6996, 35.73228, 139.70509, 35.73301], "geometry": {"type": "LineString", "coordinates": [[139.6996, 35.73301], [139.70077, 35.73282], [139.70163, 35.73276], [139.70313, 35.7328], [139.70374, 35.7328], [139.70439, 35.73263], [139.70509, 35.73228]]}, "properties": {"id": "TRACK_TOKYO_1701", "line_name": "8号線有楽町線", "station_group_ids": [], "mode": "urban", "operator_id": "tokyo_metro", "line_color": "#D7C447", "tags": ["tokyo", "track_centerline"]}}, {"type": "Feature", "bbox": [139.71197, 35.72659, 139.71787, 35.72883], "geometry": {"type": "LineString", "coordinates": [[139.71197, 35.72883], [139.71259, 35.72856], [139.71379, 35.7278], [139.71468, 35.72734], [139.71505, 35.72719], [139.71569, 35.72714], [139.71686, 35.72709], [139.71706, 35.72702], [139.71742, 35.72689], [139.71787, 35.72659]]}, "properties": {"id": "TRACK_TOKYO_1702", "line_name": "8号線有楽町線", "station_group_ids": [], "mode": "urban", "operator_id": "tokyo_metro", "line_color": "#D7C447", "tags": ["tokyo", "track_centerline"]}}, {"type": "Feature", "bbox": [139.71986, 35.72003, 139.72705, 35.72531], "geometry": {"type": "LineString", "coordinates": [[139.71986, 35.72531], [139.72024, 35.72507], [139.72099, 35.72454], [139.72277, 35.72351], [139.72329, 35.72324], [139.72335, 35.72322], [139.72457, 35.72231], [139.72576, 35.72126], [139.72646, 35.72062], [139.72705, 35.72003]]}, "properties": {"id": "TRACK_TOKYO_1703", "line_name": "8号線有楽町線", "station_group_ids": [], "mode": "urban", "operator_id": "tokyo_metro", "line_color": "#D7C447", "tags": ["tokyo", "track_centerline"]}}, {"type": "Feature", "bbox": [139.70509, 35.72954, 139.7098, 35.73228], "geometry": {"type": "LineString", "coordinates": [[139.70509, 35.73228], [139.70526, 35.73211], [139.7056, 35.73193], [139.70658, 35.73144], [139.7078, 35.73076], [139.70873, 35.73023], [139.70934, 35.72988], [139.7098, 35.72954]]}, "properties": {"id": "TRACK_TOKYO_1704", "line_name": "8号線有楽町線", "station_group_ids": [], "mode": "urban", "operator_id": "tokyo_metro", "line_color": "#D7C447", "tags": ["tokyo", "track_centerline"]}}, {"type": "Feature", "bbox": [139.72785, 35.70964, 139.73315, 35.71833], "geometry": {"type": "LineString", "coordinates": [[139.72785, 35.71833], [139.72822, 35.71755], [139.72824, 35.7175], [139.73022, 35.71332], [139.73126, 35.71131], [139.73168, 35.71061], [139.73203, 35.7102], [139.73239, 35.70997], [139.73315, 35.70964]]}, "properties": {"id": "TRACK_TOKYO_1705", "line_name": "8号線有楽町線", "station_group_ids": [], "mode": "urban", "operator_id": "tokyo_metro", "line_color": "#D7C447", "tags": ["tokyo", "track_centerline"]}}, {"type": "Feature", "bbox": [139.72705, 35.71833, 139.72785, 35.72003], "geometry": {"type": "LineString", "coordinates": [[139.72705, 35.72003], [139.72785, 35.71833]]}, "properties": {"id": "TRACK_TOKYO_1706", "line_name": "8号線有楽町線", "station_group_ids": [], "mode": "urban", "operator_id": "tokyo_metro", "line_color": "#D7C447", "tags": ["tokyo", "track_centerline"]}}, {"type": "Feature", "bbox": [139.68054, 35.73884, 139.68851, 35.74291], "geometry": {"type": "LineString", "coordinates": [[139.68054, 35.74291], [139.68059, 35.74288], [139.68182, 35.74228], [139.68545, 35.74063], [139.68626, 35.74024], [139.68643, 35.74016], [139.68717, 35.73974], [139.68761, 35.73944], [139.68851, 35.73884]]}, "properties": {"id": "TRACK_TOKYO_1707", "line_name": "8号線有楽町線", "station_group_ids": [], "mode": "urban", "operator_id": "tokyo_metro", "line_color": "#D7C447", "tags": ["tokyo", "track_centerline"]}}, {"type": "Feature", "bbox": [139.69736, 35.73301, 139.6996, 35.73342], "geometry": {"type": "LineString", "coordinates": [[139.69736, 35.73342], [139.6996, 35.73301]]}, "properties": {"id": "TRACK_TOKYO_1708", "line_name": "8号線有楽町線", "station_group_ids": [], "mode": "urban", "operator_id": "tokyo_metro", "line_color": "#D7C447", "tags": ["tokyo", "track_centerline"]}}, {"type": "Feature", "bbox": [139.76108, 35.67571, 139.76349, 35.67623], "geometry": {"type": "LineString", "coordinates": [[139.76108, 35.67623], [139.76154, 35.67613], [139.76273, 35.67588], [139.76287, 35.67586], [139.76349, 35.67571]]}, "properties": {"id": "TRACK_TOKYO_1709", "line_name": "8号線有楽町線", "station_group_ids": [], "mode": "urban", "operator_id": "tokyo_metro", "line_color": "#D7C447", "tags": ["tokyo", "track_centerline"]}}, {"type": "Feature", "bbox": [139.73511, 35.70231, 139.74429, 35.70895], "geometry": {"type": "LineString", "coordinates": [[139.73511, 35.70895], [139.73558, 35.70887], [139.73564, 35.70886], [139.73661, 35.70868], [139.73854, 35.70844], [139.73922, 35.70835], [139.7417, 35.70793], [139.74252, 35.70748], [139.74306, 35.70699], [139.7435, 35.7064], [139.74377, 35.70551], [139.74421, 35.70411], [139.74429, 35.70375], [139.74428, 35.70337], [139.74418, 35.70271], [139.74409, 35.70257], [139.74389, 35.70231]]}, "properties": {"id": "TRACK_TOKYO_1710", "line_name": "8号線有楽町線", "station_group_ids": [], "mode": "urban", "operator_id": "tokyo_metro", "line_color": "#D7C447", "tags": ["tokyo", "track_centerline"]}}, {"type": "Feature", "bbox": [139.73763, 35.69367, 139.74256, 35.70035], "geometry": {"type": "LineString", "coordinates": [[139.74256, 35.70035], [139.74203, 35.69953], [139.74132, 35.69856], [139.74043, 35.69746], [139.73973, 35.69651], [139.73926, 35.69582], [139.73856, 35.69494], [139.73792, 35.69405], [139.73763, 35.69367]]}, "properties": {"id": "TRACK_TOKYO_1711", "line_name": "8号線有楽町線", "station_group_ids": [], "mode": "urban", "operator_id": "tokyo_metro", "line_color": "#D7C447", "tags": ["tokyo", "track_centerline"]}}, {"type": "Feature", "bbox": [139.73614, 35.69149, 139.73763, 35.69367], "geometry": {"type": "LineString", "coordinates": [[139.73763, 35.69367], [139.73729, 35.69315], [139.737, 35.69273], [139.73614, 35.69149]]}, "properties": {"id": "TRACK_TOKYO_1712", "line_name": "8号線有楽町線", "station_group_ids": [], "mode": "urban", "operator_id": "tokyo_metro", "line_color": "#D7C447", "tags": ["tokyo", "track_centerline"]}}, {"type": "Feature", "bbox": [139.73699, 35.68397, 139.73771, 35.6856], "geometry": {"type": "LineString", "coordinates": [[139.73699, 35.6856], [139.73771, 35.68397]]}, "properties": {"id": "TRACK_TOKYO_1713", "line_name": "8号線有楽町線", "station_group_ids": [], "mode": "urban", "operator_id": "tokyo_metro", "line_color": "#D7C447", "tags": ["tokyo", "track_centerline"]}}, {"type": "Feature", "bbox": [139.73771, 35.67845, 139.74068, 35.68397], "geometry": {"type": "LineString", "coordinates": [[139.73771, 35.68397], [139.73861, 35.68177], [139.73914, 35.68064], [139.73961, 35.67965], [139.73992, 35.67919], [139.74007, 35.67898], [139.74045, 35.67864], [139.74052, 35.67858], [139.74068, 35.67845]]}, "properties": {"id": "TRACK_TOKYO_1714", "line_name": "8号線有楽町線", "station_group_ids": [], "mode": "urban", "operator_id": "tokyo_metro", "line_color": "#D7C447", "tags": ["tokyo", "track_centerline"]}}, {"type": "Feature", "bbox": [139.7354, 35.6856, 139.73699, 35.69149], "geometry": {"type": "LineString", "coordinates": [[139.73614, 35.69149], [139.73594, 35.69111], [139.7359, 35.69101], [139.73565, 35.69038], [139.7354, 35.6894], [139.73554, 35.68892], [139.73661, 35.68649], [139.73699, 35.6856]]}, "properties": {"id": "TRACK_TOKYO_1715", "line_name": "8号線有楽町線", "station_group_ids": [], "mode": "urban", "operator_id": "tokyo_metro", "line_color": "#D7C447", "tags": ["tokyo", "track_centerline"]}}, {"type": "Feature", "bbox": [139.74295, 35.67706, 139.75081, 35.67797], "geometry": {"type": "LineString", "coordinates": [[139.75081, 35.67721], [139.75029, 35.67708], [139.74959, 35.67706], [139.74879, 35.67713], [139.74788, 35.67728], [139.74738, 35.67745], [139.74677, 35.6778], [139.7461, 35.67797], [139.74563, 35.67793], [139.74516, 35.6778], [139.74434, 35.67767], [139.74367, 35.67757], [139.74295, 35.67757]]}, "properties": {"id": "TRACK_TOKYO_1716", "line_name": "8号線有楽町線", "station_group_ids": [], "mode": "urban", "operator_id": "tokyo_metro", "line_color": "#D7C447", "tags": ["tokyo", "track_centerline"]}}, {"type": "Feature", "bbox": [139.75081, 35.67721, 139.75296, 35.67772], "geometry": {"type": "LineString", "coordinates": [[139.75296, 35.67772], [139.75238, 35.67758], [139.75159, 35.67738], [139.75133, 35.67732], [139.75081, 35.67721]]}, "properties": {"id": "TRACK_TOKYO_1717", "line_name": "8号線有楽町線", "station_group_ids": [], "mode": "urban", "operator_id": "tokyo_metro", "line_color": "#D7C447", "tags": ["tokyo", "track_centerline"]}}, {"type": "Feature", "bbox": [139.74256, 35.70035, 139.74389, 35.70231], "geometry": {"type": "LineString", "coordinates": [[139.74389, 35.70231], [139.7437, 35.70205], [139.74308, 35.70119], [139.74256, 35.70035]]}, "properties": {"id": "TRACK_TOKYO_1718", "line_name": "8号線有楽町線", "station_group_ids": [], "mode": "urban", "operator_id": "tokyo_metro", "line_color": "#D7C447", "tags": ["tokyo", "track_centerline"]}}, {"type": "Feature", "bbox": [139.74068, 35.67757, 139.74295, 35.67845], "geometry": {"type": "LineString", "coordinates": [[139.74068, 35.67845], [139.74135, 35.67803], [139.74174, 35.67781], [139.74217, 35.67768], [139.74249, 35.67763], [139.74295, 35.67757]]}, "properties": {"id": "TRACK_TOKYO_1719", "line_name": "8号線有楽町線", "station_group_ids": [], "mode": "urban", "operator_id": "tokyo_metro", "line_color": "#D7C447", "tags": ["tokyo", "track_centerline"]}}, {"type": "Feature", "bbox": [139.75296, 35.67623, 139.76108, 35.6778], "geometry": {"type": "LineString", "coordinates": [[139.75296, 35.67772], [139.7532, 35.67774], [139.75348, 35.67776], [139.75394, 35.6778], [139.75486, 35.67776], [139.75526, 35.67766], [139.75648, 35.67711], [139.75796, 35.67677], [139.76036, 35.67636], [139.76108, 35.67623]]}, "properties": {"id": "TRACK_TOKYO_1720", "line_name": "8号線有楽町線", "station_group_ids": [], "mode": "urban", "operator_id": "tokyo_metro", "line_color": "#D7C447", "tags": ["tokyo", "track_centerline"]}}, {"type": "Feature", "bbox": [139.61182, 35.78793, 139.61391, 35.78877], "geometry": {"type": "LineString", "coordinates": [[139.61182, 35.78877], [139.61391, 35.78793]]}, "properties": {"id": "TRACK_TOKYO_1721", "line_name": "8号線有楽町線", "station_group_ids": [], "mode": "urban", "operator_id": "tokyo_metro", "line_color": "#D7C447", "tags": ["tokyo", "track_centerline"]}}, {"type": "Feature", "bbox": [139.79589, 35.7463, 139.80421, 35.74838], "geometry": {"type": "LineString", "coordinates": [[139.80421, 35.74838], [139.80413, 35.74816], [139.80409, 35.7481], [139.80385, 35.74778], [139.80325, 35.74723], [139.80265, 35.7469], [139.80208, 35.74674], [139.802, 35.74674], [139.80118, 35.7467], [139.79997, 35.74662], [139.79892, 35.74657], [139.79844, 35.74655], [139.79802, 35.74656], [139.79775, 35.74658], [139.79728, 35.74644], [139.79707, 35.74639], [139.79666, 35.74633], [139.79634, 35.7463], [139.79589, 35.7463]]}, "properties": {"id": "TRACK_TOKYO_1722", "line_name": "9号線千代田線", "station_group_ids": [], "mode": "urban", "operator_id": "tokyo_metro", "line_color": "#009944", "tags": ["tokyo", "track_centerline"]}}, {"type": "Feature", "bbox": [139.78197, 35.74483, 139.79589, 35.74644], "geometry": {"type": "LineString", "coordinates": [[139.78197, 35.74483], [139.78247, 35.74514], [139.78341, 35.74549], [139.78417, 35.74563], [139.78635, 35.74584], [139.78755, 35.74589], [139.78846, 35.74595], [139.78885, 35.74598], [139.78936, 35.74609], [139.79055, 35.74643], [139.7911, 35.74644], [139.79185, 35.74642], [139.79298, 35.74638], [139.79385, 35.74636], [139.79403, 35.74633], [139.79456, 35.74634], [139.79589, 35.7463]]}, "properties": {"id": "TRACK_TOKYO_1723", "line_name": "9号線千代田線", "station_group_ids": [], "mode": "urban", "operator_id": "tokyo_metro", "line_color": "#009944", "tags": ["tokyo", "track_centerline"]}}, {"type": "Feature", "bbox": [139.8046, 35.75002, 139.82364, 35.76216], "geometry": {"type": "LineString", "coordinates": [[139.8046, 35.75002], [139.80475, 35.75051], [139.80515, 35.75167], [139.80548, 35.75251], [139.80574, 35.75304], [139.80585, 35.75323], [139.80595, 35.75347], [139.80605, 35.7537], [139.80622, 35.75399], [139.80643, 35.75432], [139.80659, 35.75457], [139.80714, 35.75528], [139.80728, 35.75547], [139.80804, 35.75635], [139.80887, 35.75732], [139.8096, 35.75817], [139.81033, 35.75897], [139.81053, 35.75919], [139.8109, 35.75959], [139.81118, 35.75987], [139.81147, 35.76013], [139.81182, 35.76037], [139.81215, 35.76057], [139.81255, 35.76076], [139.81296, 35.76093], [139.81341, 35.76105], [139.81389, 35.76114], [139.81522, 35.76126], [139.82034, 35.76181], [139.82364, 35.76216]]}, "properties": {"id": "TRACK_TOKYO_1724", "line_name": "9号線千代田線", "station_group_ids": [], "mode": "urban", "operator_id": "tokyo_metro", "line_color": "#009944", "tags": ["tokyo", "track_centerline"]}}, {"type": "Feature", "bbox": [139.76593, 35.7319, 139.76785, 35.73281], "geometry": {"type": "LineString", "coordinates": [[139.76785, 35.73281], [139.7674, 35.7326], [139.7672, 35.7325], [139.767, 35.73241], [139.7664, 35.73212], [139.76593, 35.7319]]}, "properties": {"id": "TRACK_TOKYO_1725", "line_name": "9号線千代田線", "station_group_ids": [], "mode": "urban", "operator_id": "tokyo_metro", "line_color": "#009944", "tags": ["tokyo", "track_centerline"]}}, {"type": "Feature", "bbox": [139.76576, 35.69759, 139.76994, 35.70582], "geometry": {"type": "LineString", "coordinates": [[139.76994, 35.70582], [139.76992, 35.70524], [139.76989, 35.70466], [139.76986, 35.70429], [139.76985, 35.70405], [139.76977, 35.70374], [139.76969, 35.70338], [139.76966, 35.70327], [139.7696, 35.70301], [139.76911, 35.70202], [139.76879, 35.70163], [139.76779, 35.70067], [139.76761, 35.7005], [139.76733, 35.70006], [139.76711, 35.69971], [139.76671, 35.69905], [139.76633, 35.69855], [139.76576, 35.69759]]}, "properties": {"id": "TRACK_TOKYO_1726", "line_name": "9号線千代田線", "station_group_ids": [], "mode": "urban", "operator_id": "tokyo_metro", "line_color": "#009944", "tags": ["tokyo", "track_centerline"]}}, {"type": "Feature", "bbox": [139.76514, 35.69626, 139.76576, 35.69759], "geometry": {"type": "LineString", "coordinates": [[139.76576, 35.69759], [139.76514, 35.69626]]}, "properties": {"id": "TRACK_TOKYO_1727", "line_name": "9号線千代田線", "station_group_ids": [], "mode": "urban", "operator_id": "tokyo_metro", "line_color": "#009944", "tags": ["tokyo", "track_centerline"]}}, {"type": "Feature", "bbox": [139.82614, 35.76241, 139.83208, 35.77653], "geometry": {"type": "LineString", "coordinates": [[139.83208, 35.77653], [139.83203, 35.77562], [139.83199, 35.77517], [139.83195, 35.7749], [139.83187, 35.77453], [139.8318, 35.77432], [139.83168, 35.77404], [139.83112, 35.77258], [139.8307, 35.7715], [139.83068, 35.77144], [139.83058, 35.77114], [139.83047, 35.77075], [139.83038, 35.77027], [139.83036, 35.76993], [139.83036, 35.76944], [139.83039, 35.76875], [139.83044, 35.76707], [139.83047, 35.76595], [139.83048, 35.76571], [139.83051, 35.76551], [139.83075, 35.76443], [139.83083, 35.76402], [139.83082, 35.76382], [139.8308, 35.76364], [139.83075, 35.7635], [139.83067, 35.76332], [139.83059, 35.7632], [139.83041, 35.76305], [139.83026, 35.76296], [139.82991, 35.7628], [139.82977, 35.76279], [139.82872, 35.76268], [139.82614, 35.76241]]}, "properties": {"id": "TRACK_TOKYO_1728", "line_name": "9号線千代田線", "station_group_ids": [], "mode": "urban", "operator_id": "tokyo_metro", "line_color": "#009944", "tags": ["tokyo", "track_centerline"]}}, {"type": "Feature", "bbox": [139.83208, 35.77653, 139.83211, 35.77725], "geometry": {"type": "LineString", "coordinates": [[139.83211, 35.77725], [139.83208, 35.77653]]}, "properties": {"id": "TRACK_TOKYO_1729", "line_name": "9号線千代田線", "station_group_ids": [], "mode": "urban", "operator_id": "tokyo_metro", "line_color": "#009944", "tags": ["tokyo", "track_centerline"]}}, {"type": "Feature", "bbox": [139.77946, 35.74118, 139.78063, 35.74296], "geometry": {"type": "LineString", "coordinates": [[139.77946, 35.74118], [139.77969, 35.74153], [139.78021, 35.74231], [139.78055, 35.74283], [139.78063, 35.74296]]}, "properties": {"id": "TRACK_TOKYO_1730", "line_name": "9号線千代田線", "station_group_ids": [], "mode": "urban", "operator_id": "tokyo_metro", "line_color": "#009944", "tags": ["tokyo", "track_centerline"]}}, {"type": "Feature", "bbox": [139.76785, 35.73281, 139.77946, 35.74118], "geometry": {"type": "LineString", "coordinates": [[139.77946, 35.74118], [139.77935, 35.74101], [139.77867, 35.73999], [139.77806, 35.73904], [139.77788, 35.73879], [139.77709, 35.73758], [139.77703, 35.73749], [139.7766, 35.73699], [139.7764, 35.73688], [139.77604, 35.73665], [139.77544, 35.73618], [139.77497, 35.73586], [139.77473, 35.73573], [139.77389, 35.73537], [139.77331, 35.73515], [139.77254, 35.7348], [139.77125, 35.7343], [139.77093, 35.73415], [139.7708, 35.73408], [139.77057, 35.73397], [139.76983, 35.73366], [139.76906, 35.73336], [139.76887, 35.73328], [139.76841, 35.7331], [139.76807, 35.73293], [139.76785, 35.73281]]}, "properties": {"id": "TRACK_TOKYO_1731", "line_name": "9号線千代田線", "station_group_ids": [], "mode": "urban", "operator_id": "tokyo_metro", "line_color": "#009944", "tags": ["tokyo", "track_centerline"]}}, {"type": "Feature", "bbox": [139.80421, 35.74838, 139.8046, 35.75002], "geometry": {"type": "LineString", "coordinates": [[139.8046, 35.75002], [139.80435, 35.74898], [139.80421, 35.74838]]}, "properties": {"id": "TRACK_TOKYO_1732", "line_name": "9号線千代田線", "station_group_ids": [], "mode": "urban", "operator_id": "tokyo_metro", "line_color": "#009944", "tags": ["tokyo", "track_centerline"]}}, {"type": "Feature", "bbox": [139.76347, 35.7266, 139.76593, 35.7319], "geometry": {"type": "LineString", "coordinates": [[139.76593, 35.7319], [139.76531, 35.73156], [139.76513, 35.7314], [139.76468, 35.73076], [139.76444, 35.73044], [139.76404, 35.7299], [139.76377, 35.72937], [139.76362, 35.72908], [139.76347, 35.7287], [139.76349, 35.72844], [139.76351, 35.72832], [139.76357, 35.72798], [139.76365, 35.72764], [139.7637, 35.72734], [139.76369, 35.72706], [139.76363, 35.72682], [139.76356, 35.7266]]}, "properties": {"id": "TRACK_TOKYO_1733", "line_name": "9号線千代田線", "station_group_ids": [], "mode": "urban", "operator_id": "tokyo_metro", "line_color": "#009944", "tags": ["tokyo", "track_centerline"]}}, {"type": "Feature", "bbox": [139.76994, 35.70582, 139.77002, 35.70779], "geometry": {"type": "LineString", "coordinates": [[139.77002, 35.70779], [139.77001, 35.70739], [139.77, 35.70734], [139.76997, 35.70651], [139.76994, 35.70587], [139.76994, 35.70582]]}, "properties": {"id": "TRACK_TOKYO_1734", "line_name": "9号線千代田線", "station_group_ids": [], "mode": "urban", "operator_id": "tokyo_metro", "line_color": "#009944", "tags": ["tokyo", "track_centerline"]}}, {"type": "Feature", "bbox": [139.76517, 35.71675, 139.76633, 35.7179], "geometry": {"type": "LineString", "coordinates": [[139.76517, 35.7179], [139.76633, 35.71675]]}, "properties": {"id": "TRACK_TOKYO_1735", "line_name": "9号線千代田線", "station_group_ids": [], "mode": "urban", "operator_id": "tokyo_metro", "line_color": "#009944", "tags": ["tokyo", "track_centerline"]}}, {"type": "Feature", "bbox": [139.76355, 35.68613, 139.7653, 35.69626], "geometry": {"type": "LineString", "coordinates": [[139.76514, 35.69626], [139.76508, 35.69613], [139.76515, 35.69563], [139.76525, 35.69506], [139.76526, 35.69499], [139.7653, 35.69462], [139.76527, 35.69442], [139.76513, 35.69358], [139.76503, 35.69306], [139.76489, 35.69248], [139.76479, 35.69196], [139.76473, 35.69166], [139.76471, 35.69156], [139.76458, 35.69091], [139.76444, 35.69024], [139.76439, 35.68997], [139.76437, 35.68918], [139.76377, 35.68692], [139.76355, 35.68613]]}, "properties": {"id": "TRACK_TOKYO_1736", "line_name": "9号線千代田線", "station_group_ids": [], "mode": "urban", "operator_id": "tokyo_metro", "line_color": "#009944", "tags": ["tokyo", "track_centerline"]}}, {"type": "Feature", "bbox": [139.76633, 35.70779, 139.77002, 35.71675], "geometry": {"type": "LineString", "coordinates": [[139.76633, 35.71675], [139.76635, 35.71673], [139.76641, 35.71668], [139.76713, 35.71564], [139.76796, 35.71444], [139.76815, 35.71379], [139.76851, 35.71254], [139.76851, 35.71228], [139.76867, 35.71105], [139.76887, 35.71083], [139.76944, 35.71041], [139.76968, 35.71005], [139.76981, 35.70936], [139.76987, 35.70878], [139.76988, 35.70869], [139.76992, 35.70823], [139.77002, 35.70779]]}, "properties": {"id": "TRACK_TOKYO_1737", "line_name": "9号線千代田線", "station_group_ids": [], "mode": "urban", "operator_id": "tokyo_metro", "line_color": "#009944", "tags": ["tokyo", "track_centerline"]}}, {"type": "Feature", "bbox": [139.78197, 35.74483, 139.79589, 35.7463], "geometry": {"type": "LineString", "coordinates": [[139.78197, 35.74483], [139.78287, 35.74509], [139.7839, 35.7453], [139.78574, 35.74533], [139.78814, 35.74551], [139.78851, 35.74555], [139.78975, 35.74568], [139.79227, 35.74563], [139.79589, 35.7463]]}, "properties": {"id": "TRACK_TOKYO_1738", "line_name": "9号線千代田線", "station_group_ids": [], "mode": "urban", "operator_id": "tokyo_metro", "line_color": "#009944", "tags": ["tokyo", "track_centerline"]}}, {"type": "Feature", "bbox": [139.78063, 35.74296, 139.78197, 35.74483], "geometry": {"type": "LineString", "coordinates": [[139.78063, 35.74296], [139.78078, 35.74316], [139.7811, 35.74365], [139.78139, 35.74407], [139.78164, 35.74443], [139.78197, 35.74483]]}, "properties": {"id": "TRACK_TOKYO_1739", "line_name": "9号線千代田線", "station_group_ids": [], "mode": "urban", "operator_id": "tokyo_metro", "line_color": "#009944", "tags": ["tokyo", "track_centerline"]}}, {"type": "Feature", "bbox": [139.82364, 35.76216, 139.82614, 35.76241], "geometry": {"type": "LineString", "coordinates": [[139.82614, 35.76241], [139.82364, 35.76216]]}, "properties": {"id": "TRACK_TOKYO_1740", "line_name": "9号線千代田線", "station_group_ids": [], "mode": "urban", "operator_id": "tokyo_metro", "line_color": "#009944", "tags": ["tokyo", "track_centerline"]}}, {"type": "Feature", "bbox": [139.76305, 35.72489, 139.76356, 35.7266], "geometry": {"type": "LineString", "coordinates": [[139.76356, 35.7266], [139.76353, 35.72653], [139.76336, 35.72593], [139.76305, 35.72489]]}, "properties": {"id": "TRACK_TOKYO_1741", "line_name": "9号線千代田線", "station_group_ids": [], "mode": "urban", "operator_id": "tokyo_metro", "line_color": "#009944", "tags": ["tokyo", "track_centerline"]}}, {"type": "Feature", "bbox": [139.76258, 35.7179, 139.76517, 35.72489], "geometry": {"type": "LineString", "coordinates": [[139.76305, 35.72489], [139.76303, 35.72481], [139.76282, 35.72407], [139.76271, 35.72335], [139.76259, 35.72161], [139.76258, 35.72091], [139.76264, 35.7206], [139.76311, 35.72002], [139.76346, 35.71966], [139.76389, 35.71922], [139.76467, 35.7184], [139.76517, 35.7179]]}, "properties": {"id": "TRACK_TOKYO_1742", "line_name": "9号線千代田線", "station_group_ids": [], "mode": "urban", "operator_id": "tokyo_metro", "line_color": "#009944", "tags": ["tokyo", "track_centerline"]}}, {"type": "Feature", "bbox": [139.7595, 35.67469, 139.76146, 35.67956], "geometry": {"type": "LineString", "coordinates": [[139.76146, 35.67956], [139.76125, 35.67893], [139.76036, 35.67636], [139.76015, 35.67574], [139.7599, 35.67517], [139.7597, 35.67489], [139.7595, 35.67469]]}, "properties": {"id": "TRACK_TOKYO_1744", "line_name": "9号線千代田線", "station_group_ids": [], "mode": "urban", "operator_id": "tokyo_metro", "line_color": "#009944", "tags": ["tokyo", "track_centerline"]}}, {"type": "Feature", "bbox": [139.7526, 35.67133, 139.75803, 35.67322], "geometry": {"type": "LineString", "coordinates": [[139.75803, 35.67322], [139.75777, 35.67304], [139.75749, 35.67271], [139.75731, 35.67242], [139.75698, 35.67198], [139.7568, 35.67186], [139.75608, 35.67156], [139.75479, 35.67133], [139.75469, 35.67136], [139.75412, 35.67159], [139.75384, 35.6717], [139.75372, 35.67175], [139.75351, 35.67184], [139.75305, 35.67203], [139.75286, 35.6721], [139.7526, 35.67223]]}, "properties": {"id": "TRACK_TOKYO_1745", "line_name": "9号線千代田線", "station_group_ids": [], "mode": "urban", "operator_id": "tokyo_metro", "line_color": "#009944", "tags": ["tokyo", "track_centerline"]}}, {"type": "Feature", "bbox": [139.75803, 35.67322, 139.7595, 35.67469], "geometry": {"type": "LineString", "coordinates": [[139.7595, 35.67469], [139.75803, 35.67322]]}, "properties": {"id": "TRACK_TOKYO_1746", "line_name": "9号線千代田線", "station_group_ids": [], "mode": "urban", "operator_id": "tokyo_metro", "line_color": "#009944", "tags": ["tokyo", "track_centerline"]}}, {"type": "Feature", "bbox": [139.7621, 35.68145, 139.76302, 35.68437], "geometry": {"type": "LineString", "coordinates": [[139.76302, 35.68437], [139.7621, 35.68145]]}, "properties": {"id": "TRACK_TOKYO_1747", "line_name": "9号線千代田線", "station_group_ids": [], "mode": "urban", "operator_id": "tokyo_metro", "line_color": "#009944", "tags": ["tokyo", "track_centerline"]}}, {"type": "Feature", "bbox": [139.76146, 35.67956, 139.7621, 35.68145], "geometry": {"type": "LineString", "coordinates": [[139.7621, 35.68145], [139.76146, 35.67956]]}, "properties": {"id": "TRACK_TOKYO_1748", "line_name": "9号線千代田線", "station_group_ids": [], "mode": "urban", "operator_id": "tokyo_metro", "line_color": "#009944", "tags": ["tokyo", "track_centerline"]}}, {"type": "Feature", "bbox": [139.73576, 35.67149, 139.73711, 35.67267], "geometry": {"type": "LineString", "coordinates": [[139.73711, 35.67267], [139.73645, 35.67218], [139.73576, 35.67149]]}, "properties": {"id": "TRACK_TOKYO_1749", "line_name": "9号線千代田線", "station_group_ids": [], "mode": "urban", "operator_id": "tokyo_metro", "line_color": "#009944", "tags": ["tokyo", "track_centerline"]}}, {"type": "Feature", "bbox": [139.76302, 35.68437, 139.76355, 35.68613], "geometry": {"type": "LineString", "coordinates": [[139.76355, 35.68613], [139.76302, 35.68437]]}, "properties": {"id": "TRACK_TOKYO_1750", "line_name": "9号線千代田線", "station_group_ids": [], "mode": "urban", "operator_id": "tokyo_metro", "line_color": "#009944", "tags": ["tokyo", "track_centerline"]}}, {"type": "Feature", "bbox": [139.74179, 35.6733, 139.74458, 35.67386], "geometry": {"type": "LineString", "coordinates": [[139.74458, 35.67386], [139.74279, 35.67347], [139.74179, 35.6733]]}, "properties": {"id": "TRACK_TOKYO_1751", "line_name": "9号線千代田線", "station_group_ids": [], "mode": "urban", "operator_id": "tokyo_metro", "line_color": "#009944", "tags": ["tokyo", "track_centerline"]}}, {"type": "Feature", "bbox": [139.73711, 35.67267, 139.74179, 35.67337], "geometry": {"type": "LineString", "coordinates": [[139.74179, 35.6733], [139.74117, 35.67326], [139.74024, 35.67328], [139.74018, 35.67329], [139.73921, 35.67337], [139.73917, 35.67337], [139.73871, 35.6733], [139.73811, 35.67308], [139.73752, 35.67289], [139.73711, 35.67267]]}, "properties": {"id": "TRACK_TOKYO_1752", "line_name": "9号線千代田線", "station_group_ids": [], "mode": "urban", "operator_id": "tokyo_metro", "line_color": "#009944", "tags": ["tokyo", "track_centerline"]}}, {"type": "Feature", "bbox": [139.74458, 35.67289, 139.75094, 35.67437], "geometry": {"type": "LineString", "coordinates": [[139.75094, 35.67289], [139.75055, 35.67304], [139.7505, 35.67306], [139.74796, 35.67405], [139.74748, 35.6743], [139.74714, 35.67437], [139.74677, 35.67432], [139.74591, 35.67416], [139.74458, 35.67386]]}, "properties": {"id": "TRACK_TOKYO_1753", "line_name": "9号線千代田線", "station_group_ids": [], "mode": "urban", "operator_id": "tokyo_metro", "line_color": "#009944", "tags": ["tokyo", "track_centerline"]}}, {"type": "Feature", "bbox": [139.75094, 35.67223, 139.7526, 35.67289], "geometry": {"type": "LineString", "coordinates": [[139.7526, 35.67223], [139.75094, 35.67289]]}, "properties": {"id": "TRACK_TOKYO_1754", "line_name": "9号線千代田線", "station_group_ids": [], "mode": "urban", "operator_id": "tokyo_metro", "line_color": "#009944", "tags": ["tokyo", "track_centerline"]}}, {"type": "Feature", "bbox": [139.78576, 35.67833, 139.79827, 35.68231], "geometry": {"type": "LineString", "coordinates": [[139.79827, 35.68204], [139.79793, 35.68202], [139.797, 35.68197], [139.79665, 35.68195], [139.79598, 35.68183], [139.79553, 35.68163], [139.79521, 35.68135], [139.79431, 35.68011], [139.79378, 35.67942], [139.79305, 35.67874], [139.79254, 35.67844], [139.79212, 35.67833], [139.79175, 35.67835], [139.79098, 35.67856], [139.7897, 35.67911], [139.78924, 35.67935], [139.78861, 35.67967], [139.78788, 35.68015], [139.78727, 35.68072], [139.78616, 35.68184], [139.78576, 35.68231]]}, "properties": {"id": "TRACK_TOKYO_1765", "line_name": "11号線半蔵門線", "station_group_ids": [], "mode": "urban", "operator_id": "tokyo_metro", "line_color": "#9B7CB6", "tags": ["tokyo", "track_centerline"]}}, {"type": "Feature", "bbox": [139.78457, 35.68231, 139.78576, 35.68368], "geometry": {"type": "LineString", "coordinates": [[139.78576, 35.68231], [139.78534, 35.68281], [139.78484, 35.68339], [139.78457, 35.68368]]}, "properties": {"id": "TRACK_TOKYO_1766", "line_name": "11号線半蔵門線", "station_group_ids": [], "mode": "urban", "operator_id": "tokyo_metro", "line_color": "#9B7CB6", "tags": ["tokyo", "track_centerline"]}}, {"type": "Feature", "bbox": [139.81558, 35.6879, 139.81576, 35.68951], "geometry": {"type": "LineString", "coordinates": [[139.81576, 35.6879], [139.81574, 35.68805], [139.81564, 35.68895], [139.81558, 35.68951]]}, "properties": {"id": "TRACK_TOKYO_1767", "line_name": "11号線半蔵門線", "station_group_ids": [], "mode": "urban", "operator_id": "tokyo_metro", "line_color": "#9B7CB6", "tags": ["tokyo", "track_centerline"]}}, {"type": "Feature", "bbox": [139.81415, 35.69861, 139.81487, 35.70668], "geometry": {"type": "LineString", "coordinates": [[139.81415, 35.70668], [139.81417, 35.70661], [139.81431, 35.70519], [139.81437, 35.70437], [139.81443, 35.70358], [139.8145, 35.70275], [139.81455, 35.70211], [139.8146, 35.70155], [139.81464, 35.70118], [139.8147, 35.70035], [139.81473, 35.69999], [139.81477, 35.69956], [139.81483, 35.69909], [139.81487, 35.69861]]}, "properties": {"id": "TRACK_TOKYO_1768", "line_name": "11号線半蔵門線", "station_group_ids": [], "mode": "urban", "operator_id": "tokyo_metro", "line_color": "#9B7CB6", "tags": ["tokyo", "track_centerline"]}}, {"type": "Feature", "bbox": [139.76604, 35.68523, 139.77145, 35.68657], "geometry": {"type": "LineString", "coordinates": [[139.76604, 35.68657], [139.76839, 35.68636], [139.76911, 35.68597], [139.77032, 35.68541], [139.77043, 35.6854], [139.77116, 35.68532], [139.77131, 35.68526], [139.77145, 35.68523]]}, "properties": {"id": "TRACK_TOKYO_1769", "line_name": "11号線半蔵門線", "station_group_ids": [], "mode": "urban", "operator_id": "tokyo_metro", "line_color": "#9B7CB6", "tags": ["tokyo", "track_centerline"]}}, {"type": "Feature", "bbox": [139.81335, 35.70668, 139.81415, 35.71026], "geometry": {"type": "LineString", "coordinates": [[139.81415, 35.70668], [139.81395, 35.70753], [139.81374, 35.70843], [139.81359, 35.70908], [139.81336, 35.71012], [139.81335, 35.71026]]}, "properties": {"id": "TRACK_TOKYO_1770", "line_name": "11号線半蔵門線", "station_group_ids": [], "mode": "urban", "operator_id": "tokyo_metro", "line_color": "#9B7CB6", "tags": ["tokyo", "track_centerline"]}}, {"type": "Feature", "bbox": [139.77145, 35.68463, 139.77471, 35.68523], "geometry": {"type": "LineString", "coordinates": [[139.77145, 35.68523], [139.77298, 35.68495], [139.77461, 35.68464], [139.77471, 35.68463]]}, "properties": {"id": "TRACK_TOKYO_1771", "line_name": "11号線半蔵門線", "station_group_ids": [], "mode": "urban", "operator_id": "tokyo_metro", "line_color": "#9B7CB6", "tags": ["tokyo", "track_centerline"]}}, {"type": "Feature", "bbox": [139.76377, 35.68657, 139.76604, 35.68692], "geometry": {"type": "LineString", "coordinates": [[139.76377, 35.68692], [139.76604, 35.68657]]}, "properties": {"id": "TRACK_TOKYO_1772", "line_name": "11号線半蔵門線", "station_group_ids": [], "mode": "urban", "operator_id": "tokyo_metro", "line_color": "#9B7CB6", "tags": ["tokyo", "track_centerline"]}}, {"type": "Feature", "bbox": [139.81487, 35.69627, 139.81504, 35.69861], "geometry": {"type": "LineString", "coordinates": [[139.81487, 35.69861], [139.8149, 35.69823], [139.81504, 35.69627]]}, "properties": {"id": "TRACK_TOKYO_1773", "line_name": "11号線半蔵門線", "station_group_ids": [], "mode": "urban", "operator_id": "tokyo_metro", "line_color": "#9B7CB6", "tags": ["tokyo", "track_centerline"]}}, {"type": "Feature", "bbox": [139.77471, 35.68368, 139.78457, 35.68564], "geometry": {"type": "LineString", "coordinates": [[139.77471, 35.68463], [139.77545, 35.68467], [139.77602, 35.68473], [139.77655, 35.6848], [139.77715, 35.68487], [139.77775, 35.6849], [139.77849, 35.68493], [139.77926, 35.68512], [139.78038, 35.68552], [139.78084, 35.68564], [139.78173, 35.68562], [139.78252, 35.68548], [139.78316, 35.6852], [139.78331, 35.68514], [139.78401, 35.68436], [139.78443, 35.68383], [139.78457, 35.68368]]}, "properties": {"id": "TRACK_TOKYO_1774", "line_name": "11号線半蔵門線", "station_group_ids": [], "mode": "urban", "operator_id": "tokyo_metro", "line_color": "#9B7CB6", "tags": ["tokyo", "track_centerline"]}}, {"type": "Feature", "bbox": [139.80141, 35.6822, 139.81595, 35.6879], "geometry": {"type": "LineString", "coordinates": [[139.81576, 35.6879], [139.81581, 35.68747], [139.81583, 35.68728], [139.81584, 35.68717], [139.81589, 35.68667], [139.81593, 35.68618], [139.81595, 35.68526], [139.81592, 35.68461], [139.81583, 35.68403], [139.81572, 35.68346], [139.81553, 35.68318], [139.8153, 35.68303], [139.81455, 35.68295], [139.81392, 35.68291], [139.81328, 35.68287], [139.81261, 35.68283], [139.81246, 35.68282], [139.81134, 35.68275], [139.81075, 35.6827], [139.8102, 35.68267], [139.80972, 35.68265], [139.80944, 35.68264], [139.80892, 35.6826], [139.80763, 35.68254], [139.80651, 35.68249], [139.80537, 35.68244], [139.80466, 35.68239], [139.80457, 35.68238], [139.80369, 35.68234], [139.80279, 35.68228], [139.8022, 35.68224], [139.80168, 35.68222], [139.80141, 35.6822]]}, "properties": {"id": "TRACK_TOKYO_1775", "line_name": "11号線半蔵門線", "station_group_ids": [], "mode": "urban", "operator_id": "tokyo_metro", "line_color": "#9B7CB6", "tags": ["tokyo", "track_centerline"]}}, {"type": "Feature", "bbox": [139.81504, 35.68951, 139.81558, 35.69627], "geometry": {"type": "LineString", "coordinates": [[139.81504, 35.69627], [139.81514, 35.69524], [139.8153, 35.69331], [139.81534, 35.69279], [139.81555, 35.69037], [139.81558, 35.68951]]}, "properties": {"id": "TRACK_TOKYO_1776", "line_name": "11号線半蔵門線", "station_group_ids": [], "mode": "urban", "operator_id": "tokyo_metro", "line_color": "#9B7CB6", "tags": ["tokyo", "track_centerline"]}}, {"type": "Feature", "bbox": [139.79827, 35.68204, 139.80141, 35.6822], "geometry": {"type": "LineString", "coordinates": [[139.80141, 35.6822], [139.80096, 35.68218], [139.79979, 35.68211], [139.79926, 35.68209], [139.79876, 35.68207], [139.79827, 35.68204]]}, "properties": {"id": "TRACK_TOKYO_1777", "line_name": "11号線半蔵門線", "station_group_ids": [], "mode": "urban", "operator_id": "tokyo_metro", "line_color": "#9B7CB6", "tags": ["tokyo", "track_centerline"]}}, {"type": "Feature", "bbox": [139.72311, 35.67264, 139.72504, 35.67327], "geometry": {"type": "LineString", "coordinates": [[139.72311, 35.67264], [139.72399, 35.67293], [139.72504, 35.67327]]}, "properties": {"id": "TRACK_TOKYO_1779", "line_name": "11号線半蔵門線", "station_group_ids": [], "mode": "urban", "operator_id": "tokyo_metro", "line_color": "#9B7CB6", "tags": ["tokyo", "track_centerline"]}}, {"type": "Feature", "bbox": [139.71305, 35.66588, 139.72311, 35.67264], "geometry": {"type": "LineString", "coordinates": [[139.71305, 35.66588], [139.71582, 35.66913], [139.71657, 35.67001], [139.7167, 35.67009], [139.71689, 35.6702], [139.71717, 35.67033], [139.71801, 35.67067], [139.71833, 35.67075], [139.71876, 35.67093], [139.72107, 35.67191], [139.72233, 35.6724], [139.72311, 35.67264]]}, "properties": {"id": "TRACK_TOKYO_1780", "line_name": "11号線半蔵門線", "station_group_ids": [], "mode": "urban", "operator_id": "tokyo_metro", "line_color": "#9B7CB6", "tags": ["tokyo", "track_centerline"]}}, {"type": "Feature", "bbox": [139.7568540852958, 35.69580737815852, 139.75861572428425, 35.69598749390286], "geometry": {"type": "LineString", "coordinates": [[139.7568540852958, 35.69594942252678], [139.75801050334474, 35.69598749390286], [139.75861572428425, 35.69580737815852]]}, "properties": {"id": "TRACK_TOKYO_1781", "line_name": "11号線半蔵門線", "station_group_ids": [], "mode": "urban", "operator_id": "tokyo_metro", "line_color": "#9B7CB6", "tags": ["tokyo", "track_centerline"]}}, {"type": "Feature", "bbox": [139.73774, 35.6783, 139.73999, 35.67851], "geometry": {"type": "LineString", "coordinates": [[139.73774, 35.6783], [139.73918, 35.67844], [139.73999, 35.67851]]}, "properties": {"id": "TRACK_TOKYO_1782", "line_name": "11号線半蔵門線", "station_group_ids": [], "mode": "urban", "operator_id": "tokyo_metro", "line_color": "#9B7CB6", "tags": ["tokyo", "track_centerline"]}}, {"type": "Feature", "bbox": [139.72504, 35.67327, 139.73774, 35.6783], "geometry": {"type": "LineString", "coordinates": [[139.72504, 35.67327], [139.72637, 35.67374], [139.72659, 35.67382], [139.72789, 35.67421], [139.72917, 35.67462], [139.73025, 35.6749], [139.73074, 35.67504], [139.73126, 35.67523], [139.73209, 35.67567], [139.73312, 35.67626], [139.73566, 35.67777], [139.73601, 35.67801], [139.73659, 35.67803], [139.7367, 35.67807], [139.73713, 35.6782], [139.73723, 35.67823], [139.73774, 35.6783]]}, "properties": {"id": "TRACK_TOKYO_1783", "line_name": "11号線半蔵門線", "station_group_ids": [], "mode": "urban", "operator_id": "tokyo_metro", "line_color": "#9B7CB6", "tags": ["tokyo", "track_centerline"]}}, {"type": "Feature", "bbox": [139.75215000000026, 35.69561, 139.7568540852958, 35.69594942252678], "geometry": {"type": "LineString", "coordinates": [[139.7568540852958, 35.69594942252678], [139.75387000000012, 35.69581000000011], [139.75222, 35.69561], [139.75215000000026, 35.69569000000013]]}, "properties": {"id": "TRACK_TOKYO_1784", "line_name": "11号線半蔵門線", "station_group_ids": [], "mode": "urban", "operator_id": "tokyo_metro", "line_color": "#9B7CB6", "tags": ["tokyo", "track_centerline"]}}, {"type": "Feature", "bbox": [139.75008, 35.69533, 139.75215, 35.69569], "geometry": {"type": "LineString", "coordinates": [[139.75215, 35.69569], [139.7514, 35.69554], [139.75008, 35.69533]]}, "properties": {"id": "TRACK_TOKYO_1785", "line_name": "11号線半蔵門線", "station_group_ids": [], "mode": "urban", "operator_id": "tokyo_metro", "line_color": "#9B7CB6", "tags": ["tokyo", "track_centerline"]}}, {"type": "Feature", "bbox": [139.74158, 35.68445, 139.74181, 35.68631], "geometry": {"type": "LineString", "coordinates": [[139.74158, 35.68445], [139.74181, 35.68631]]}, "properties": {"id": "TRACK_TOKYO_1786", "line_name": "11号線半蔵門線", "station_group_ids": [], "mode": "urban", "operator_id": "tokyo_metro", "line_color": "#9B7CB6", "tags": ["tokyo", "track_centerline"]}}, {"type": "Feature", "bbox": [139.74545, 35.694, 139.75008, 35.69533], "geometry": {"type": "LineString", "coordinates": [[139.75008, 35.69533], [139.75008, 35.69526], [139.74891, 35.69505], [139.74677, 35.69439], [139.74624, 35.69422], [139.74545, 35.694]]}, "properties": {"id": "TRACK_TOKYO_1787", "line_name": "11号線半蔵門線", "station_group_ids": [], "mode": "urban", "operator_id": "tokyo_metro", "line_color": "#9B7CB6", "tags": ["tokyo", "track_centerline"]}}, {"type": "Feature", "bbox": [139.74181, 35.68631, 139.74545, 35.694], "geometry": {"type": "LineString", "coordinates": [[139.74545, 35.694], [139.74482, 35.69358], [139.7442, 35.69299], [139.74375, 35.69217], [139.74345, 35.69119], [139.74277, 35.6895], [139.74206, 35.68764], [139.74194, 35.68725], [139.74181, 35.68631]]}, "properties": {"id": "TRACK_TOKYO_1788", "line_name": "11号線半蔵門線", "station_group_ids": [], "mode": "urban", "operator_id": "tokyo_metro", "line_color": "#9B7CB6", "tags": ["tokyo", "track_centerline"]}}, {"type": "Feature", "bbox": [139.75861572428425, 35.68692, 139.76377, 35.69580737815852], "geometry": {"type": "LineString", "coordinates": [[139.75861572428425, 35.69580737815852], [139.75952572428434, 35.69550737815854], [139.76014438414586, 35.695098110865445], [139.76059410227595, 35.694632926238796], [139.7608677402917, 35.69418082864763], [139.761022405257, 35.693758474319225], [139.76109378908723, 35.693437247083466], [139.76104, 35.69291], [139.761, 35.69246], [139.76097, 35.69204], [139.76094000000012, 35.69165], [139.76080000000013, 35.68961000000013], [139.76079, 35.68927], [139.76080000000013, 35.6888], [139.76093, 35.68835000000013], [139.76115, 35.68783], [139.7616200000001, 35.68725], [139.76335, 35.68698000000012], [139.76377, 35.68692]]}, "properties": {"id": "TRACK_TOKYO_1789", "line_name": "11号線半蔵門線", "station_group_ids": [], "mode": "urban", "operator_id": "tokyo_metro", "line_color": "#9B7CB6", "tags": ["tokyo", "track_centerline"]}}, {"type": "Feature", "bbox": [139.73999, 35.67851, 139.74188, 35.68445], "geometry": {"type": "LineString", "coordinates": [[139.73999, 35.67851], [139.7405, 35.67858], [139.74052, 35.67858], [139.74107, 35.6787], [139.74142, 35.679], [139.74169, 35.67937], [139.74183, 35.67971], [139.74188, 35.68003], [139.74186, 35.68056], [139.74184, 35.68189], [139.74169, 35.68317], [139.74155, 35.68418], [139.74158, 35.68445]]}, "properties": {"id": "TRACK_TOKYO_1790", "line_name": "11号線半蔵門線", "station_group_ids": [], "mode": "urban", "operator_id": "tokyo_metro", "line_color": "#9B7CB6", "tags": ["tokyo", "track_centerline"]}}, {"type": "Feature", "bbox": [139.78263, 35.68662, 139.78514, 35.6904], "geometry": {"type": "LineString", "coordinates": [[139.78263, 35.68662], [139.78268, 35.68665], [139.78276, 35.6867], [139.78331, 35.68706], [139.78443, 35.6878], [139.7845, 35.68785], [139.78475, 35.68816], [139.78503, 35.68892], [139.78514, 35.68968], [139.78479, 35.69026], [139.78473, 35.6904]]}, "properties": {"id": "TRACK_TOKYO_1793", "line_name": "1号線浅草線", "station_group_ids": [], "mode": "urban", "operator_id": "東京都", "line_color": "#EC6E65", "tags": ["tokyo", "track_centerline"]}}, {"type": "Feature", "bbox": [139.78463, 35.6904, 139.78473, 35.69052], "geometry": {"type": "LineString", "coordinates": [[139.78473, 35.6904], [139.78463, 35.69052]]}, "properties": {"id": "TRACK_TOKYO_1794", "line_name": "1号線浅草線", "station_group_ids": [], "mode": "urban", "operator_id": "東京都", "line_color": "#EC6E65", "tags": ["tokyo", "track_centerline"]}}, {"type": "Feature", "bbox": [139.78171, 35.68608, 139.78263, 35.68662], "geometry": {"type": "LineString", "coordinates": [[139.78263, 35.68662], [139.78178, 35.68611], [139.78171, 35.68608]]}, "properties": {"id": "TRACK_TOKYO_1795", "line_name": "1号線浅草線", "station_group_ids": [], "mode": "urban", "operator_id": "東京都", "line_color": "#EC6E65", "tags": ["tokyo", "track_centerline"]}}, {"type": "Feature", "bbox": [139.79725, 35.70847, 139.80368, 35.70977], "geometry": {"type": "LineString", "coordinates": [[139.79725, 35.70949], [139.79744, 35.70959], [139.79785, 35.70969], [139.79853, 35.70977], [139.7987, 35.70976], [139.79912, 35.70972], [139.79977, 35.70957], [139.80116, 35.70898], [139.80221, 35.70847], [139.8032, 35.70851], [139.80368, 35.70854]]}, "properties": {"id": "TRACK_TOKYO_1796", "line_name": "1号線浅草線", "station_group_ids": [], "mode": "urban", "operator_id": "東京都", "line_color": "#EC6E65", "tags": ["tokyo", "track_centerline"]}}, {"type": "Feature", "bbox": [139.78463, 35.69052, 139.78497, 35.69304], "geometry": {"type": "LineString", "coordinates": [[139.78497, 35.69304], [139.7849, 35.69258], [139.78487, 35.69239], [139.78482, 35.69206], [139.78471, 35.6913], [139.78467, 35.69104], [139.78466, 35.69075], [139.78463, 35.69052]]}, "properties": {"id": "TRACK_TOKYO_1797", "line_name": "1号線浅草線", "station_group_ids": [], "mode": "urban", "operator_id": "東京都", "line_color": "#EC6E65", "tags": ["tokyo", "track_centerline"]}}, {"type": "Feature", "bbox": [139.79141, 35.70361, 139.79594, 35.70849], "geometry": {"type": "LineString", "coordinates": [[139.79141, 35.70361], [139.7917, 35.70387], [139.79191, 35.70403], [139.79261, 35.70461], [139.79322, 35.70513], [139.79369, 35.70561], [139.79443, 35.70642], [139.79488, 35.70699], [139.79518, 35.70738], [139.79551, 35.70787], [139.79594, 35.70849]]}, "properties": {"id": "TRACK_TOKYO_1798", "line_name": "1号線浅草線", "station_group_ids": [], "mode": "urban", "operator_id": "東京都", "line_color": "#EC6E65", "tags": ["tokyo", "track_centerline"]}}, {"type": "Feature", "bbox": [139.80544, 35.70865, 139.81158, 35.70972], "geometry": {"type": "LineString", "coordinates": [[139.80544, 35.70865], [139.80559, 35.70866], [139.8068, 35.70872], [139.80728, 35.70875], [139.80848, 35.70883], [139.80937, 35.70887], [139.80989, 35.70889], [139.81051, 35.7091], [139.81158, 35.70972]]}, "properties": {"id": "TRACK_TOKYO_1800", "line_name": "1号線浅草線", "station_group_ids": [], "mode": "urban", "operator_id": "東京都", "line_color": "#EC6E65", "tags": ["tokyo", "track_centerline"]}}, {"type": "Feature", "bbox": [139.77181, 35.67517, 139.77242, 35.67617], "geometry": {"type": "LineString", "coordinates": [[139.77242, 35.67617], [139.7722, 35.67586], [139.77215, 35.67578], [139.77188, 35.67535], [139.77181, 35.67517]]}, "properties": {"id": "TRACK_TOKYO_1801", "line_name": "1号線浅草線", "station_group_ids": [], "mode": "urban", "operator_id": "東京都", "line_color": "#EC6E65", "tags": ["tokyo", "track_centerline"]}}, {"type": "Feature", "bbox": [139.77242, 35.67617, 139.77547, 35.68109], "geometry": {"type": "LineString", "coordinates": [[139.77547, 35.68109], [139.7752, 35.68065], [139.77511, 35.68052], [139.77476, 35.67995], [139.77468, 35.67984], [139.77455, 35.6796], [139.77429, 35.67917], [139.77381, 35.67839], [139.77362, 35.67808], [139.77328, 35.67753], [139.7729, 35.67693], [139.77252, 35.67635], [139.77242, 35.67617]]}, "properties": {"id": "TRACK_TOKYO_1802", "line_name": "1号線浅草線", "station_group_ids": [], "mode": "urban", "operator_id": "東京都", "line_color": "#EC6E65", "tags": ["tokyo", "track_centerline"]}}, {"type": "Feature", "bbox": [139.78693, 35.69834, 139.7903, 35.70268], "geometry": {"type": "LineString", "coordinates": [[139.78693, 35.69834], [139.787, 35.69844], [139.78724, 35.69881], [139.78734, 35.69895], [139.78752, 35.69923], [139.78791, 35.69978], [139.78822, 35.70023], [139.78876, 35.70101], [139.78917, 35.70158], [139.78954, 35.70211], [139.7898, 35.70235], [139.7903, 35.70268]]}, "properties": {"id": "TRACK_TOKYO_1804", "line_name": "1号線浅草線", "station_group_ids": [], "mode": "urban", "operator_id": "東京都", "line_color": "#EC6E65", "tags": ["tokyo", "track_centerline"]}}, {"type": "Feature", "bbox": [139.77607, 35.68209, 139.78171, 35.68608], "geometry": {"type": "LineString", "coordinates": [[139.78171, 35.68608], [139.781, 35.68572], [139.78084, 35.68564], [139.78057, 35.68548], [139.78014, 35.68531], [139.77891, 35.68491], [139.77825, 35.6846], [139.77774, 35.68425], [139.77699, 35.68359], [139.7769, 35.68343], [139.77669, 35.68309], [139.77607, 35.68209]]}, "properties": {"id": "TRACK_TOKYO_1805", "line_name": "1号線浅草線", "station_group_ids": [], "mode": "urban", "operator_id": "東京都", "line_color": "#EC6E65", "tags": ["tokyo", "track_centerline"]}}, {"type": "Feature", "bbox": [139.79594, 35.70849, 139.79725, 35.70949], "geometry": {"type": "LineString", "coordinates": [[139.79725, 35.70949], [139.79594, 35.70849]]}, "properties": {"id": "TRACK_TOKYO_1806", "line_name": "1号線浅草線", "station_group_ids": [], "mode": "urban", "operator_id": "東京都", "line_color": "#EC6E65", "tags": ["tokyo", "track_centerline"]}}, {"type": "Feature", "bbox": [139.77547, 35.68109, 139.77607, 35.68209], "geometry": {"type": "LineString", "coordinates": [[139.77607, 35.68209], [139.77583, 35.68169], [139.77574, 35.68155], [139.77547, 35.68109]]}, "properties": {"id": "TRACK_TOKYO_1807", "line_name": "1号線浅草線", "station_group_ids": [], "mode": "urban", "operator_id": "東京都", "line_color": "#EC6E65", "tags": ["tokyo", "track_centerline"]}}, {"type": "Feature", "bbox": [139.78497, 35.69304, 139.78598, 35.69687], "geometry": {"type": "LineString", "coordinates": [[139.78497, 35.69304], [139.78499, 35.69315], [139.78513, 35.69413], [139.78516, 35.69433], [139.78524, 35.69483], [139.78531, 35.69531], [139.78535, 35.69541], [139.78541, 35.69557], [139.78548, 35.69578], [139.78557, 35.69604], [139.78568, 35.6963], [139.78592, 35.69676], [139.78598, 35.69687]]}, "properties": {"id": "TRACK_TOKYO_1808", "line_name": "1号線浅草線", "station_group_ids": [], "mode": "urban", "operator_id": "東京都", "line_color": "#EC6E65", "tags": ["tokyo", "track_centerline"]}}, {"type": "Feature", "bbox": [139.7903, 35.70268, 139.79141, 35.70361], "geometry": {"type": "LineString", "coordinates": [[139.7903, 35.70268], [139.7912, 35.70344], [139.79135, 35.70356], [139.79141, 35.70361]]}, "properties": {"id": "TRACK_TOKYO_1809", "line_name": "1号線浅草線", "station_group_ids": [], "mode": "urban", "operator_id": "東京都", "line_color": "#EC6E65", "tags": ["tokyo", "track_centerline"]}}, {"type": "Feature", "bbox": [139.80368, 35.70854, 139.80544, 35.70865], "geometry": {"type": "LineString", "coordinates": [[139.80368, 35.70854], [139.8043, 35.70859], [139.80544, 35.70865]]}, "properties": {"id": "TRACK_TOKYO_1810", "line_name": "1号線浅草線", "station_group_ids": [], "mode": "urban", "operator_id": "東京都", "line_color": "#EC6E65", "tags": ["tokyo", "track_centerline"]}}, {"type": "Feature", "bbox": [139.78598, 35.69687, 139.78693, 35.69834], "geometry": {"type": "LineString", "coordinates": [[139.78598, 35.69687], [139.78693, 35.69834]]}, "properties": {"id": "TRACK_TOKYO_1811", "line_name": "1号線浅草線", "station_group_ids": [], "mode": "urban", "operator_id": "東京都", "line_color": "#EC6E65", "tags": ["tokyo", "track_centerline"]}}, {"type": "Feature", "bbox": [139.7678, 35.6703, 139.77181, 35.67517], "geometry": {"type": "LineString", "coordinates": [[139.77181, 35.67517], [139.7716, 35.67491], [139.77147, 35.6747], [139.77132, 35.67442], [139.77092, 35.67379], [139.77048, 35.6732], [139.76981, 35.67249], [139.76922, 35.67191], [139.76877, 35.67136], [139.7685, 35.67105], [139.76829, 35.67085], [139.7678, 35.6703]]}, "properties": {"id": "TRACK_TOKYO_1812", "line_name": "1号線浅草線", "station_group_ids": [], "mode": "urban", "operator_id": "東京都", "line_color": "#EC6E65", "tags": ["tokyo", "track_centerline"]}}, {"type": "Feature", "bbox": [139.81158, 35.70972, 139.81324, 35.71072], "geometry": {"type": "LineString", "coordinates": [[139.81158, 35.70972], [139.81324, 35.71072]]}, "properties": {"id": "TRACK_TOKYO_1813", "line_name": "1号線浅草線", "station_group_ids": [], "mode": "urban", "operator_id": "東京都", "line_color": "#EC6E65", "tags": ["tokyo", "track_centerline"]}}, {"type": "Feature", "bbox": [139.67893, 35.77705, 139.68499, 35.78342], "geometry": {"type": "LineString", "coordinates": [[139.68499, 35.77726], [139.68478, 35.77721], [139.68447, 35.77714], [139.68401, 35.77707], [139.68375, 35.77705], [139.68349, 35.77707], [139.68325, 35.7771], [139.68305, 35.77715], [139.68268, 35.77731], [139.6824, 35.77746], [139.68219, 35.77763], [139.682, 35.77778], [139.6818, 35.77802], [139.68134, 35.77861], [139.681, 35.77906], [139.68059, 35.77966], [139.68023, 35.78021], [139.67954, 35.78117], [139.67932, 35.78157], [139.67912, 35.78201], [139.67908, 35.7822], [139.67898, 35.78258], [139.67895, 35.78295], [139.67893, 35.78326], [139.67898, 35.78342]]}, "properties": {"id": "TRACK_TOKYO_1837", "line_name": "6号線三田線", "station_group_ids": [], "mode": "urban", "operator_id": "東京都", "line_color": "#0079C2", "tags": ["tokyo", "track_centerline"]}}, {"type": "Feature", "bbox": [139.65529, 35.78912, 139.66035, 35.79004], "geometry": {"type": "LineString", "coordinates": [[139.66035, 35.78912], [139.66023, 35.78913], [139.65956, 35.78927], [139.65857, 35.78945], [139.65731, 35.78966], [139.6559, 35.78992], [139.65539, 35.79002], [139.65529, 35.79004]]}, "properties": {"id": "TRACK_TOKYO_1838", "line_name": "6号線三田線", "station_group_ids": [], "mode": "urban", "operator_id": "東京都", "line_color": "#0079C2", "tags": ["tokyo", "track_centerline"]}}, {"type": "Feature", "bbox": [139.71848, 35.74875, 139.72025, 35.74893], "geometry": {"type": "LineString", "coordinates": [[139.71848, 35.74893], [139.72025, 35.74875]]}, "properties": {"id": "TRACK_TOKYO_1839", "line_name": "6号線三田線", "station_group_ids": [], "mode": "urban", "operator_id": "東京都", "line_color": "#0079C2", "tags": ["tokyo", "track_centerline"]}}, {"type": "Feature", "bbox": [139.67367, 35.78469, 139.67914, 35.78699], "geometry": {"type": "LineString", "coordinates": [[139.67914, 35.78469], [139.67914, 35.78477], [139.67914, 35.78511], [139.67913, 35.78534], [139.67907, 35.78553], [139.67898, 35.78578], [139.67876, 35.78606], [139.67863, 35.78617], [139.67846, 35.78629], [139.67822, 35.78642], [139.67797, 35.78649], [139.67778, 35.78655], [139.67741, 35.78662], [139.67693, 35.78667], [139.67593, 35.78679], [139.67523, 35.78685], [139.67381, 35.78697], [139.67367, 35.78699]]}, "properties": {"id": "TRACK_TOKYO_1840", "line_name": "6号線三田線", "station_group_ids": [], "mode": "urban", "operator_id": "東京都", "line_color": "#0079C2", "tags": ["tokyo", "track_centerline"]}}, {"type": "Feature", "bbox": [139.66224, 35.78717, 139.67169, 35.78875], "geometry": {"type": "LineString", "coordinates": [[139.67169, 35.78717], [139.6716, 35.78718], [139.66908, 35.78737], [139.66844, 35.78745], [139.66833, 35.78747], [139.66782, 35.7876], [139.6676, 35.78764], [139.66704, 35.78775], [139.66593, 35.78799], [139.66482, 35.7882], [139.66373, 35.78842], [139.66232, 35.78874], [139.66224, 35.78875]]}, "properties": {"id": "TRACK_TOKYO_1841", "line_name": "6号線三田線", "station_group_ids": [], "mode": "urban", "operator_id": "東京都", "line_color": "#0079C2", "tags": ["tokyo", "track_centerline"]}}, {"type": "Feature", "bbox": [139.64455, 35.79169, 139.64682, 35.7921], "geometry": {"type": "LineString", "coordinates": [[139.64682, 35.79169], [139.64455, 35.7921]]}, "properties": {"id": "TRACK_TOKYO_1842", "line_name": "6号線三田線", "station_group_ids": [], "mode": "urban", "operator_id": "東京都", "line_color": "#0079C2", "tags": ["tokyo", "track_centerline"]}}, {"type": "Feature", "bbox": [139.70946, 35.75082, 139.71065, 35.75179], "geometry": {"type": "LineString", "coordinates": [[139.70946, 35.75179], [139.71065, 35.75082]]}, "properties": {"id": "TRACK_TOKYO_1843", "line_name": "6号線三田線", "station_group_ids": [], "mode": "urban", "operator_id": "東京都", "line_color": "#0079C2", "tags": ["tokyo", "track_centerline"]}}, {"type": "Feature", "bbox": [139.71065, 35.74893, 139.71848, 35.75082], "geometry": {"type": "LineString", "coordinates": [[139.71065, 35.75082], [139.71125, 35.75032], [139.71198, 35.74975], [139.71254, 35.74957], [139.71337, 35.74945], [139.71496, 35.74925], [139.71676, 35.74909], [139.71848, 35.74893]]}, "properties": {"id": "TRACK_TOKYO_1844", "line_name": "6号線三田線", "station_group_ids": [], "mode": "urban", "operator_id": "東京都", "line_color": "#0079C2", "tags": ["tokyo", "track_centerline"]}}, {"type": "Feature", "bbox": [139.68673, 35.7769, 139.69416, 35.7786], "geometry": {"type": "LineString", "coordinates": [[139.69416, 35.7769], [139.69378, 35.77731], [139.69337, 35.77773], [139.69298, 35.77803], [139.69268, 35.77817], [139.69214, 35.77832], [139.69199, 35.77838], [139.69179, 35.77844], [139.69152, 35.7785], [139.69121, 35.77856], [139.69088, 35.77858], [139.69043, 35.7786], [139.69012, 35.77858], [139.68984, 35.77854], [139.68956, 35.77848], [139.68889, 35.77828], [139.68804, 35.77805], [139.68715, 35.7778], [139.6868, 35.7777], [139.68673, 35.77767]]}, "properties": {"id": "TRACK_TOKYO_1845", "line_name": "6号線三田線", "station_group_ids": [], "mode": "urban", "operator_id": "東京都", "line_color": "#0079C2", "tags": ["tokyo", "track_centerline"]}}, {"type": "Feature", "bbox": [139.65337, 35.79004, 139.65529, 35.7904], "geometry": {"type": "LineString", "coordinates": [[139.65529, 35.79004], [139.65337, 35.7904]]}, "properties": {"id": "TRACK_TOKYO_1846", "line_name": "6号線三田線", "station_group_ids": [], "mode": "urban", "operator_id": "東京都", "line_color": "#0079C2", "tags": ["tokyo", "track_centerline"]}}, {"type": "Feature", "bbox": [139.70169, 35.76837, 139.70253, 35.7696], "geometry": {"type": "LineString", "coordinates": [[139.70253, 35.76837], [139.70169, 35.7696]]}, "properties": {"id": "TRACK_TOKYO_1847", "line_name": "6号線三田線", "station_group_ids": [], "mode": "urban", "operator_id": "東京都", "line_color": "#0079C2", "tags": ["tokyo", "track_centerline"]}}, {"type": "Feature", "bbox": [139.72814, 35.74279, 139.72931, 35.74404], "geometry": {"type": "LineString", "coordinates": [[139.72814, 35.74404], [139.72931, 35.74279]]}, "properties": {"id": "TRACK_TOKYO_1848", "line_name": "6号線三田線", "station_group_ids": [], "mode": "urban", "operator_id": "東京都", "line_color": "#0079C2", "tags": ["tokyo", "track_centerline"]}}, {"type": "Feature", "bbox": [139.66035, 35.78875, 139.66224, 35.78912], "geometry": {"type": "LineString", "coordinates": [[139.66224, 35.78875], [139.66035, 35.78912]]}, "properties": {"id": "TRACK_TOKYO_1849", "line_name": "6号線三田線", "station_group_ids": [], "mode": "urban", "operator_id": "東京都", "line_color": "#0079C2", "tags": ["tokyo", "track_centerline"]}}, {"type": "Feature", "bbox": [139.6953, 35.7696, 139.70169, 35.77578], "geometry": {"type": "LineString", "coordinates": [[139.70169, 35.7696], [139.70133, 35.77003], [139.70078, 35.77065], [139.70034, 35.77113], [139.6998, 35.7717], [139.69928, 35.77225], [139.69849, 35.77305], [139.69761, 35.77389], [139.69715, 35.77434], [139.69677, 35.77468], [139.69631, 35.775], [139.69583, 35.77532], [139.6953, 35.77578]]}, "properties": {"id": "TRACK_TOKYO_1850", "line_name": "6号線三田線", "station_group_ids": [], "mode": "urban", "operator_id": "東京都", "line_color": "#0079C2", "tags": ["tokyo", "track_centerline"]}}, {"type": "Feature", "bbox": [139.69416, 35.77578, 139.6953, 35.7769], "geometry": {"type": "LineString", "coordinates": [[139.6953, 35.77578], [139.69416, 35.7769]]}, "properties": {"id": "TRACK_TOKYO_1851", "line_name": "6号線三田線", "station_group_ids": [], "mode": "urban", "operator_id": "東京都", "line_color": "#0079C2", "tags": ["tokyo", "track_centerline"]}}, {"type": "Feature", "bbox": [139.70546, 35.76072, 139.70575, 35.76148], "geometry": {"type": "LineString", "coordinates": [[139.70575, 35.76072], [139.70546, 35.76148]]}, "properties": {"id": "TRACK_TOKYO_1852", "line_name": "6号線三田線", "station_group_ids": [], "mode": "urban", "operator_id": "東京都", "line_color": "#0079C2", "tags": ["tokyo", "track_centerline"]}}, {"type": "Feature", "bbox": [139.67169, 35.78699, 139.67367, 35.78717], "geometry": {"type": "LineString", "coordinates": [[139.67367, 35.78699], [139.67169, 35.78717]]}, "properties": {"id": "TRACK_TOKYO_1853", "line_name": "6号線三田線", "station_group_ids": [], "mode": "urban", "operator_id": "東京都", "line_color": "#0079C2", "tags": ["tokyo", "track_centerline"]}}, {"type": "Feature", "bbox": [139.70253, 35.76148, 139.70546, 35.76837], "geometry": {"type": "LineString", "coordinates": [[139.70546, 35.76148], [139.70525, 35.76206], [139.70498, 35.76282], [139.7044, 35.76431], [139.70404, 35.7652], [139.7035, 35.76658], [139.70338, 35.76689], [139.70297, 35.76763], [139.70253, 35.76837]]}, "properties": {"id": "TRACK_TOKYO_1854", "line_name": "6号線三田線", "station_group_ids": [], "mode": "urban", "operator_id": "東京都", "line_color": "#0079C2", "tags": ["tokyo", "track_centerline"]}}, {"type": "Feature", "bbox": [139.72025, 35.74404, 139.72814, 35.74875], "geometry": {"type": "LineString", "coordinates": [[139.72025, 35.74875], [139.72133, 35.74866], [139.72182, 35.74852], [139.72201, 35.74841], [139.7237, 35.74732], [139.72569, 35.74603], [139.72696, 35.74522], [139.72739, 35.74479], [139.72777, 35.74441], [139.72814, 35.74404]]}, "properties": {"id": "TRACK_TOKYO_1855", "line_name": "6号線三田線", "station_group_ids": [], "mode": "urban", "operator_id": "東京都", "line_color": "#0079C2", "tags": ["tokyo", "track_centerline"]}}, {"type": "Feature", "bbox": [139.67898, 35.78342, 139.67914, 35.78469], "geometry": {"type": "LineString", "coordinates": [[139.67898, 35.78342], [139.67914, 35.78469]]}, "properties": {"id": "TRACK_TOKYO_1856", "line_name": "6号線三田線", "station_group_ids": [], "mode": "urban", "operator_id": "東京都", "line_color": "#0079C2", "tags": ["tokyo", "track_centerline"]}}, {"type": "Feature", "bbox": [139.68499, 35.77726, 139.68673, 35.77767], "geometry": {"type": "LineString", "coordinates": [[139.68673, 35.77767], [139.68499, 35.77726]]}, "properties": {"id": "TRACK_TOKYO_1857", "line_name": "6号線三田線", "station_group_ids": [], "mode": "urban", "operator_id": "東京都", "line_color": "#0079C2", "tags": ["tokyo", "track_centerline"]}}, {"type": "Feature", "bbox": [139.64682, 35.7904, 139.65337, 35.79169], "geometry": {"type": "LineString", "coordinates": [[139.65337, 35.7904], [139.65317, 35.79044], [139.65233, 35.79061], [139.65164, 35.79074], [139.65076, 35.79091], [139.64976, 35.7911], [139.64884, 35.79128], [139.64795, 35.79146], [139.64694, 35.79166], [139.64682, 35.79169]]}, "properties": {"id": "TRACK_TOKYO_1858", "line_name": "6号線三田線", "station_group_ids": [], "mode": "urban", "operator_id": "東京都", "line_color": "#0079C2", "tags": ["tokyo", "track_centerline"]}}, {"type": "Feature", "bbox": [139.70575, 35.75179, 139.70946, 35.76072], "geometry": {"type": "LineString", "coordinates": [[139.70946, 35.75179], [139.70893, 35.75219], [139.70881, 35.75249], [139.70866, 35.75323], [139.70787, 35.75526], [139.70738, 35.75653], [139.70725, 35.75688], [139.707, 35.75749], [139.7067, 35.7583], [139.70628, 35.7594], [139.70575, 35.76072]]}, "properties": {"id": "TRACK_TOKYO_1859", "line_name": "6号線三田線", "station_group_ids": [], "mode": "urban", "operator_id": "東京都", "line_color": "#0079C2", "tags": ["tokyo", "track_centerline"]}}, {"type": "Feature", "bbox": [139.75483, 35.70269, 139.75541, 35.70459], "geometry": {"type": "LineString", "coordinates": [[139.75541, 35.70269], [139.7553, 35.70308], [139.75507, 35.70381], [139.7549, 35.70435], [139.75483, 35.70459]]}, "properties": {"id": "TRACK_TOKYO_1860", "line_name": "6号線三田線", "station_group_ids": [], "mode": "urban", "operator_id": "東京都", "line_color": "#0079C2", "tags": ["tokyo", "track_centerline"]}}, {"type": "Feature", "bbox": [139.75193, 35.72063, 139.75249, 35.72204], "geometry": {"type": "LineString", "coordinates": [[139.75249, 35.72204], [139.75247, 35.72198], [139.75193, 35.72063]]}, "properties": {"id": "TRACK_TOKYO_1861", "line_name": "6号線三田線", "station_group_ids": [], "mode": "urban", "operator_id": "東京都", "line_color": "#0079C2", "tags": ["tokyo", "track_centerline"]}}, {"type": "Feature", "bbox": [139.73865, 35.72845, 139.74409, 35.7333], "geometry": {"type": "LineString", "coordinates": [[139.73865, 35.7333], [139.7395, 35.7326], [139.74131, 35.73107], [139.74157, 35.73082], [139.74282, 35.72962], [139.74409, 35.72845]]}, "properties": {"id": "TRACK_TOKYO_1862", "line_name": "6号線三田線", "station_group_ids": [], "mode": "urban", "operator_id": "東京都", "line_color": "#0079C2", "tags": ["tokyo", "track_centerline"]}}, {"type": "Feature", "bbox": [139.74409, 35.72748, 139.7454, 35.72845], "geometry": {"type": "LineString", "coordinates": [[139.74409, 35.72845], [139.7454, 35.72748]]}, "properties": {"id": "TRACK_TOKYO_1863", "line_name": "6号線三田線", "station_group_ids": [], "mode": "urban", "operator_id": "東京都", "line_color": "#0079C2", "tags": ["tokyo", "track_centerline"]}}, {"type": "Feature", "bbox": [139.72931, 35.73426, 139.73742, 35.74279], "geometry": {"type": "LineString", "coordinates": [[139.72931, 35.74279], [139.73063, 35.74138], [139.73218, 35.73972], [139.73345, 35.73839], [139.73581, 35.73587], [139.73691, 35.7347], [139.73742, 35.73426]]}, "properties": {"id": "TRACK_TOKYO_1864", "line_name": "6号線三田線", "station_group_ids": [], "mode": "urban", "operator_id": "東京都", "line_color": "#0079C2", "tags": ["tokyo", "track_centerline"]}}, {"type": "Feature", "bbox": [139.75347, 35.70459, 139.75483, 35.70913], "geometry": {"type": "LineString", "coordinates": [[139.75483, 35.70459], [139.7546, 35.70532], [139.75457, 35.70544], [139.75406, 35.70714], [139.75374, 35.70824], [139.75364, 35.70847], [139.75357, 35.7088], [139.75347, 35.70913]]}, "properties": {"id": "TRACK_TOKYO_1865", "line_name": "6号線三田線", "station_group_ids": [], "mode": "urban", "operator_id": "東京都", "line_color": "#0079C2", "tags": ["tokyo", "track_centerline"]}}, {"type": "Feature", "bbox": [139.7454, 35.72204, 139.75257, 35.72748], "geometry": {"type": "LineString", "coordinates": [[139.7454, 35.72748], [139.74621, 35.727], [139.74677, 35.72673], [139.74741, 35.72634], [139.74746, 35.72631], [139.74798, 35.72598], [139.74844, 35.7257], [139.74855, 35.72564], [139.74889, 35.72545], [139.74928, 35.72522], [139.74982, 35.72499], [139.75129, 35.72455], [139.75159, 35.7244], [139.75186, 35.72404], [139.7523, 35.7231], [139.75257, 35.72225], [139.75249, 35.72204]]}, "properties": {"id": "TRACK_TOKYO_1866", "line_name": "6号線三田線", "station_group_ids": [], "mode": "urban", "operator_id": "東京都", "line_color": "#0079C2", "tags": ["tokyo", "track_centerline"]}}, {"type": "Feature", "bbox": [139.75137, 35.71077, 139.75302, 35.72063], "geometry": {"type": "LineString", "coordinates": [[139.75193, 35.72063], [139.7517, 35.72008], [139.75169, 35.72005], [139.75137, 35.71912], [139.75141, 35.71887], [139.75143, 35.71876], [139.75158, 35.71797], [139.75161, 35.71781], [139.75163, 35.71769], [139.75166, 35.71752], [139.75171, 35.71725], [139.75184, 35.71655], [139.75191, 35.71617], [139.75194, 35.71604], [139.75198, 35.71576], [139.75202, 35.71553], [139.75203, 35.71546], [139.75209, 35.71517], [139.7521, 35.71508], [139.75213, 35.71496], [139.75221, 35.71454], [139.75237, 35.71365], [139.75242, 35.71342], [139.75249, 35.7131], [139.75259, 35.71261], [139.75287, 35.71137], [139.75289, 35.71126], [139.7529, 35.7112], [139.75297, 35.71097], [139.75302, 35.71077]]}, "properties": {"id": "TRACK_TOKYO_1867", "line_name": "6号線三田線", "station_group_ids": [], "mode": "urban", "operator_id": "東京都", "line_color": "#0079C2", "tags": ["tokyo", "track_centerline"]}}, {"type": "Feature", "bbox": [139.75302, 35.70913, 139.75347, 35.71077], "geometry": {"type": "LineString", "coordinates": [[139.75347, 35.70913], [139.75329, 35.70977], [139.75323, 35.70997], [139.75313, 35.71035], [139.75302, 35.71077]]}, "properties": {"id": "TRACK_TOKYO_1868", "line_name": "6号線三田線", "station_group_ids": [], "mode": "urban", "operator_id": "東京都", "line_color": "#0079C2", "tags": ["tokyo", "track_centerline"]}}, {"type": "Feature", "bbox": [139.73742, 35.7333, 139.73865, 35.73426], "geometry": {"type": "LineString", "coordinates": [[139.73742, 35.73426], [139.73865, 35.7333]]}, "properties": {"id": "TRACK_TOKYO_1869", "line_name": "6号線三田線", "station_group_ids": [], "mode": "urban", "operator_id": "東京都", "line_color": "#0079C2", "tags": ["tokyo", "track_centerline"]}}, {"type": "Feature", "bbox": [139.75989, 35.67589, 139.7604, 35.67735], "geometry": {"type": "LineString", "coordinates": [[139.75989, 35.67589], [139.7604, 35.67735]]}, "properties": {"id": "TRACK_TOKYO_1870", "line_name": "6号線三田線", "station_group_ids": [], "mode": "urban", "operator_id": "東京都", "line_color": "#0079C2", "tags": ["tokyo", "track_centerline"]}}, {"type": "Feature", "bbox": [139.7584585360231, 35.6849, 139.76414901701867, 35.69427005843545], "geometry": {"type": "LineString", "coordinates": [[139.76286, 35.6849], [139.7634125738374, 35.6866543555401], [139.76362672532787, 35.68734439923179], [139.7638765687335, 35.68826049171901], [139.76404313100386, 35.688819665055405], [139.76414901701867, 35.689344574153324], [139.76400624935854, 35.689701493304256], [139.76389203523013, 35.68992278317779], [139.76367074535654, 35.69014407305133], [139.7633637948867, 35.690343947775716], [139.76287838484154, 35.69059379118141], [139.76208602432655, 35.69090074165109], [139.76122941836445, 35.691379013313394], [139.76048107787813, 35.69182516225197], [139.75943411503567, 35.692473565376076], [139.75908314453716, 35.692699614171545], [139.75882140382657, 35.69296730353466], [139.75861320098852, 35.69338370921082], [139.7584585360231, 35.69427005843545]]}, "properties": {"id": "TRACK_TOKYO_1872", "line_name": "6号線三田線", "station_group_ids": [], "mode": "urban", "operator_id": "東京都", "line_color": "#0079C2", "tags": ["tokyo", "track_centerline"]}}, {"type": "Feature", "bbox": [139.7604, 35.67735, 139.76236, 35.68324], "geometry": {"type": "LineString", "coordinates": [[139.7604, 35.67735], [139.76102, 35.67914], [139.76182, 35.68162], [139.76214, 35.6825], [139.76236, 35.68324]]}, "properties": {"id": "TRACK_TOKYO_1873", "line_name": "6号線三田線", "station_group_ids": [], "mode": "urban", "operator_id": "東京都", "line_color": "#0079C2", "tags": ["tokyo", "track_centerline"]}}, {"type": "Feature", "bbox": [139.75541, 35.69578101617407, 139.75816110339758, 35.70269], "geometry": {"type": "LineString", "coordinates": [[139.75816110339758, 35.69578101617407], [139.75807187360988, 35.69615578128247], [139.75793505460206, 35.69657218695863], [139.75781, 35.69686000000013], [139.75725, 35.69787], [139.75683, 35.69858], [139.75612000000012, 35.69986], [139.75553000000014, 35.7009], [139.75559, 35.70122], [139.75568, 35.70169], [139.7556, 35.70206000000013], [139.75559, 35.70211], [139.75547, 35.70241], [139.75541, 35.70269]]}, "properties": {"id": "TRACK_TOKYO_1874", "line_name": "6号線三田線", "station_group_ids": [], "mode": "urban", "operator_id": "東京都", "line_color": "#0079C2", "tags": ["tokyo", "track_centerline"]}}, {"type": "Feature", "bbox": [139.7581611033977, 35.69427005843545, 139.7584585360231, 35.69578101617407], "geometry": {"type": "LineString", "coordinates": [[139.7584585360231, 35.69427005843545], [139.7581611033977, 35.69578101617407]]}, "properties": {"id": "TRACK_TOKYO_1875", "line_name": "6号線三田線", "station_group_ids": [], "mode": "urban", "operator_id": "東京都", "line_color": "#0079C2", "tags": ["tokyo", "track_centerline"]}}, {"type": "Feature", "bbox": [139.76236, 35.68324, 139.76286, 35.6849], "geometry": {"type": "LineString", "coordinates": [[139.76236, 35.68324], [139.76286, 35.6849]]}, "properties": {"id": "TRACK_TOKYO_1877", "line_name": "6号線三田線", "station_group_ids": [], "mode": "urban", "operator_id": "東京都", "line_color": "#0079C2", "tags": ["tokyo", "track_centerline"]}}, {"type": "Feature", "bbox": [139.75567, 35.66983, 139.75989, 35.67589], "geometry": {"type": "LineString", "coordinates": [[139.75567, 35.66983], [139.75569, 35.66991], [139.75583, 35.67015], [139.75595, 35.67036], [139.75611, 35.67063], [139.75618, 35.67076], [139.75631, 35.67106], [139.7568, 35.67186], [139.75755, 35.6731], [139.75883, 35.67433], [139.75916, 35.67466], [139.75952, 35.67502], [139.75969, 35.67523], [139.75973, 35.67534], [139.75989, 35.67589]]}, "properties": {"id": "TRACK_TOKYO_1879", "line_name": "6号線三田線", "station_group_ids": [], "mode": "urban", "operator_id": "東京都", "line_color": "#0079C2", "tags": ["tokyo", "track_centerline"]}}, {"type": "Feature", "bbox": [139.7972, 35.68804, 139.79919, 35.68807], "geometry": {"type": "LineString", "coordinates": [[139.79919, 35.68807], [139.79818, 35.68805], [139.79734, 35.68804], [139.7972, 35.68804]]}, "properties": {"id": "TRACK_TOKYO_1894", "line_name": "10号線新宿線", "station_group_ids": [], "mode": "urban", "operator_id": "東京都", "line_color": "#6BBD45", "tags": ["tokyo", "track_centerline"]}}, {"type": "Feature", "bbox": [139.78898, 35.68797, 139.7972, 35.68839], "geometry": {"type": "LineString", "coordinates": [[139.7972, 35.68804], [139.79674, 35.68803], [139.79648, 35.68803], [139.79641, 35.68803], [139.79515, 35.68802], [139.79411, 35.688], [139.79362, 35.688], [139.79336, 35.68798], [139.79276, 35.68797], [139.79157, 35.68806], [139.79133, 35.68807], [139.78989, 35.68825], [139.78898, 35.68839]]}, "properties": {"id": "TRACK_TOKYO_1895", "line_name": "10号線新宿線", "station_group_ids": [], "mode": "urban", "operator_id": "東京都", "line_color": "#6BBD45", "tags": ["tokyo", "track_centerline"]}}, {"type": "Feature", "bbox": [139.81483, 35.6889, 139.81666, 35.689], "geometry": {"type": "LineString", "coordinates": [[139.81666, 35.689], [139.81637, 35.68898], [139.81564, 35.68895], [139.81483, 35.6889]]}, "properties": {"id": "TRACK_TOKYO_1896", "line_name": "10号線新宿線", "station_group_ids": [], "mode": "urban", "operator_id": "東京都", "line_color": "#6BBD45", "tags": ["tokyo", "track_centerline"]}}, {"type": "Feature", "bbox": [139.76788, 35.69561, 139.77411, 35.69589], "geometry": {"type": "LineString", "coordinates": [[139.77411, 35.69562], [139.77363, 35.69564], [139.77303, 35.69567], [139.77178, 35.69574], [139.7708, 35.69579], [139.77047, 35.69581], [139.76991, 35.69585], [139.7696, 35.69587], [139.76856, 35.69589], [139.76794, 35.69563], [139.76788, 35.69561]]}, "properties": {"id": "TRACK_TOKYO_1897", "line_name": "10号線新宿線", "station_group_ids": [], "mode": "urban", "operator_id": "東京都", "line_color": "#6BBD45", "tags": ["tokyo", "track_centerline"]}}, {"type": "Feature", "bbox": [139.78727, 35.68839, 139.78898, 35.68879], "geometry": {"type": "LineString", "coordinates": [[139.78898, 35.68839], [139.78727, 35.68879]]}, "properties": {"id": "TRACK_TOKYO_1898", "line_name": "10号線新宿線", "station_group_ids": [], "mode": "urban", "operator_id": "東京都", "line_color": "#6BBD45", "tags": ["tokyo", "track_centerline"]}}, {"type": "Feature", "bbox": [139.78473, 35.68879, 139.78727, 35.6904], "geometry": {"type": "LineString", "coordinates": [[139.78727, 35.68879], [139.78676, 35.68904], [139.78573, 35.68968], [139.78473, 35.6904]]}, "properties": {"id": "TRACK_TOKYO_1899", "line_name": "10号線新宿線", "station_group_ids": [], "mode": "urban", "operator_id": "東京都", "line_color": "#6BBD45", "tags": ["tokyo", "track_centerline"]}}, {"type": "Feature", "bbox": [139.78216, 35.69134, 139.78369, 35.69268], "geometry": {"type": "LineString", "coordinates": [[139.78369, 35.69134], [139.78334, 35.69163], [139.783, 35.69194], [139.78261, 35.69228], [139.78227, 35.69258], [139.78216, 35.69268]]}, "properties": {"id": "TRACK_TOKYO_1900", "line_name": "10号線新宿線", "station_group_ids": [], "mode": "urban", "operator_id": "東京都", "line_color": "#6BBD45", "tags": ["tokyo", "track_centerline"]}}, {"type": "Feature", "bbox": [139.77626, 35.69268, 139.78216, 35.69553], "geometry": {"type": "LineString", "coordinates": [[139.78216, 35.69268], [139.78186, 35.69294], [139.78121, 35.6935], [139.78109, 35.6936], [139.78063, 35.69401], [139.78003, 35.69447], [139.77912, 35.69504], [139.77854, 35.69542], [139.7777, 35.69546], [139.77724, 35.69548], [139.77714, 35.69548], [139.77655, 35.6955], [139.77626, 35.69553]]}, "properties": {"id": "TRACK_TOKYO_1901", "line_name": "10号線新宿線", "station_group_ids": [], "mode": "urban", "operator_id": "東京都", "line_color": "#6BBD45", "tags": ["tokyo", "track_centerline"]}}, {"type": "Feature", "bbox": [139.79919, 35.68807, 139.80517, 35.68834], "geometry": {"type": "LineString", "coordinates": [[139.80517, 35.68834], [139.80483, 35.68832], [139.80471, 35.68831], [139.80339, 35.68824], [139.80209, 35.68818], [139.80109, 35.68814], [139.80074, 35.68813], [139.80025, 35.6881], [139.79929, 35.68807], [139.79919, 35.68807]]}, "properties": {"id": "TRACK_TOKYO_1902", "line_name": "10号線新宿線", "station_group_ids": [], "mode": "urban", "operator_id": "東京都", "line_color": "#6BBD45", "tags": ["tokyo", "track_centerline"]}}, {"type": "Feature", "bbox": [139.80708, 35.68848, 139.81483, 35.6889], "geometry": {"type": "LineString", "coordinates": [[139.81483, 35.6889], [139.81452, 35.68889], [139.81355, 35.68884], [139.81261, 35.6888], [139.81185, 35.68877], [139.8117, 35.68876], [139.81072, 35.68871], [139.80985, 35.68866], [139.80957, 35.68865], [139.80902, 35.68862], [139.80875, 35.6886], [139.8084, 35.68857], [139.80708, 35.68848]]}, "properties": {"id": "TRACK_TOKYO_1903", "line_name": "10号線新宿線", "station_group_ids": [], "mode": "urban", "operator_id": "東京都", "line_color": "#6BBD45", "tags": ["tokyo", "track_centerline"]}}, {"type": "Feature", "bbox": [139.78369, 35.69052, 139.78463, 35.69134], "geometry": {"type": "LineString", "coordinates": [[139.78463, 35.69052], [139.78434, 35.69077], [139.78403, 35.69103], [139.78369, 35.69134]]}, "properties": {"id": "TRACK_TOKYO_1905", "line_name": "10号線新宿線", "station_group_ids": [], "mode": "urban", "operator_id": "東京都", "line_color": "#6BBD45", "tags": ["tokyo", "track_centerline"]}}, {"type": "Feature", "bbox": [139.76584, 35.69482, 139.76788, 35.69561], "geometry": {"type": "LineString", "coordinates": [[139.76788, 35.69561], [139.76746, 35.69544], [139.76639, 35.69504], [139.76614, 35.69493], [139.76584, 35.69482]]}, "properties": {"id": "TRACK_TOKYO_1907", "line_name": "10号線新宿線", "station_group_ids": [], "mode": "urban", "operator_id": "東京都", "line_color": "#6BBD45", "tags": ["tokyo", "track_centerline"]}}, {"type": "Feature", "bbox": [139.84892, 35.68375, 139.86284, 35.68926], "geometry": {"type": "LineString", "coordinates": [[139.86284, 35.68375], [139.86272, 35.68376], [139.86237, 35.68377], [139.86189, 35.68383], [139.86142, 35.68394], [139.86073, 35.68415], [139.8587, 35.68503], [139.85715, 35.6857], [139.85229, 35.68777], [139.85057, 35.68853], [139.849, 35.68923], [139.84892, 35.68926]]}, "properties": {"id": "TRACK_TOKYO_1909", "line_name": "10号線新宿線", "station_group_ids": [], "mode": "urban", "operator_id": "東京都", "line_color": "#6BBD45", "tags": ["tokyo", "track_centerline"]}}, {"type": "Feature", "bbox": [139.8335, 35.68968, 139.83522, 35.68985], "geometry": {"type": "LineString", "coordinates": [[139.83522, 35.68985], [139.83515, 35.68984], [139.83425, 35.68975], [139.8338, 35.68971], [139.8335, 35.68968]]}, "properties": {"id": "TRACK_TOKYO_1911", "line_name": "10号線新宿線", "station_group_ids": [], "mode": "urban", "operator_id": "東京都", "line_color": "#6BBD45", "tags": ["tokyo", "track_centerline"]}}, {"type": "Feature", "bbox": [139.80517, 35.68834, 139.80708, 35.68848], "geometry": {"type": "LineString", "coordinates": [[139.80708, 35.68848], [139.80606, 35.6884], [139.80517, 35.68834]]}, "properties": {"id": "TRACK_TOKYO_1912", "line_name": "10号線新宿線", "station_group_ids": [], "mode": "urban", "operator_id": "東京都", "line_color": "#6BBD45", "tags": ["tokyo", "track_centerline"]}}, {"type": "Feature", "bbox": [139.81666, 35.689, 139.82536, 35.68934], "geometry": {"type": "LineString", "coordinates": [[139.82536, 35.68934], [139.82512, 35.68934], [139.82298, 35.68926], [139.82054, 35.68916], [139.81987, 35.68914], [139.81942, 35.68912], [139.81889, 35.68909], [139.81666, 35.689]]}, "properties": {"id": "TRACK_TOKYO_1914", "line_name": "10号線新宿線", "station_group_ids": [], "mode": "urban", "operator_id": "東京都", "line_color": "#6BBD45", "tags": ["tokyo", "track_centerline"]}}, {"type": "Feature", "bbox": [139.83522, 35.68985, 139.84561, 35.69038], "geometry": {"type": "LineString", "coordinates": [[139.84561, 35.69032], [139.8451, 35.69038], [139.84452, 35.69035], [139.84216, 35.69015], [139.84106, 35.69004], [139.83935, 35.68997], [139.83867, 35.69007], [139.83779, 35.69009], [139.83676, 35.68999], [139.8357, 35.68989], [139.83522, 35.68985]]}, "properties": {"id": "TRACK_TOKYO_1915", "line_name": "10号線新宿線", "station_group_ids": [], "mode": "urban", "operator_id": "東京都", "line_color": "#6BBD45", "tags": ["tokyo", "track_centerline"]}}, {"type": "Feature", "bbox": [139.82728, 35.68928, 139.8335, 35.68968], "geometry": {"type": "LineString", "coordinates": [[139.8335, 35.68968], [139.83338, 35.68966], [139.83214, 35.68956], [139.83053, 35.68941], [139.82972, 35.68935], [139.829, 35.68928], [139.82864, 35.68928], [139.82791, 35.68932], [139.82728, 35.68933]]}, "properties": {"id": "TRACK_TOKYO_1917", "line_name": "10号線新宿線", "station_group_ids": [], "mode": "urban", "operator_id": "東京都", "line_color": "#6BBD45", "tags": ["tokyo", "track_centerline"]}}, {"type": "Feature", "bbox": [139.77411, 35.69553, 139.77626, 35.69562], "geometry": {"type": "LineString", "coordinates": [[139.77626, 35.69553], [139.77602, 35.69553], [139.77552, 35.69556], [139.77513, 35.69558], [139.77469, 35.69559], [139.77411, 35.69562]]}, "properties": {"id": "TRACK_TOKYO_1918", "line_name": "10号線新宿線", "station_group_ids": [], "mode": "urban", "operator_id": "東京都", "line_color": "#6BBD45", "tags": ["tokyo", "track_centerline"]}}, {"type": "Feature", "bbox": [139.84561, 35.68926, 139.84892, 35.69032], "geometry": {"type": "LineString", "coordinates": [[139.84892, 35.68926], [139.84781, 35.68974], [139.84756, 35.68985], [139.8465, 35.69015], [139.84561, 35.69032]]}, "properties": {"id": "TRACK_TOKYO_1920", "line_name": "10号線新宿線", "station_group_ids": [], "mode": "urban", "operator_id": "東京都", "line_color": "#6BBD45", "tags": ["tokyo", "track_centerline"]}}, {"type": "Feature", "bbox": [139.75912, 35.69438, 139.76584, 35.69606], "geometry": {"type": "LineString", "coordinates": [[139.76584, 35.69482], [139.7653, 35.69462], [139.76489, 35.69451], [139.76441, 35.69443], [139.76399, 35.69438], [139.76376, 35.69438], [139.76348, 35.69439], [139.76314, 35.69442], [139.76291, 35.69445], [139.7627, 35.69455], [139.76253, 35.69466], [139.76225, 35.69486], [139.76146, 35.69549], [139.76133, 35.69556], [139.76093, 35.69584], [139.76069, 35.69599], [139.76044, 35.69606], [139.75961, 35.69606], [139.75923, 35.69606], [139.75912, 35.69606]]}, "properties": {"id": "TRACK_TOKYO_1922", "line_name": "10号線新宿線", "station_group_ids": [], "mode": "urban", "operator_id": "東京都", "line_color": "#6BBD45", "tags": ["tokyo", "track_centerline"]}}, {"type": "Feature", "bbox": [139.82536, 35.68933, 139.82728, 35.68936], "geometry": {"type": "LineString", "coordinates": [[139.82728, 35.68933], [139.82625, 35.68936], [139.82536, 35.68934]]}, "properties": {"id": "TRACK_TOKYO_1923", "line_name": "10号線新宿線", "station_group_ids": [], "mode": "urban", "operator_id": "東京都", "line_color": "#6BBD45", "tags": ["tokyo", "track_centerline"]}}, {"type": "Feature", "bbox": [139.75008, 35.69533, 139.75215, 35.69569], "geometry": {"type": "LineString", "coordinates": [[139.75215, 35.69569], [139.7514, 35.69554], [139.75008, 35.69533]]}, "properties": {"id": "TRACK_TOKYO_1924", "line_name": "10号線新宿線", "station_group_ids": [], "mode": "urban", "operator_id": "東京都", "line_color": "#6BBD45", "tags": ["tokyo", "track_centerline"]}}, {"type": "Feature", "bbox": [139.72159, 35.6923, 139.72357, 35.69236], "geometry": {"type": "LineString", "coordinates": [[139.72357, 35.6923], [139.72159, 35.69236]]}, "properties": {"id": "TRACK_TOKYO_1925", "line_name": "10号線新宿線", "station_group_ids": [], "mode": "urban", "operator_id": "東京都", "line_color": "#6BBD45", "tags": ["tokyo", "track_centerline"]}}, {"type": "Feature", "bbox": [139.73828, 35.69171, 139.74421, 35.69356], "geometry": {"type": "LineString", "coordinates": [[139.73828, 35.69171], [139.74005, 35.69221], [139.74163, 35.69269], [139.74421, 35.69356]]}, "properties": {"id": "TRACK_TOKYO_1926", "line_name": "10号線新宿線", "station_group_ids": [], "mode": "urban", "operator_id": "東京都", "line_color": "#6BBD45", "tags": ["tokyo", "track_centerline"]}}, {"type": "Feature", "bbox": [139.7568540852958, 35.69594942252678, 139.75912000000017, 35.69606], "geometry": {"type": "LineString", "coordinates": [[139.7568540852958, 35.69594942252678], [139.75801050334474, 35.69598749390286], [139.75912000000017, 35.69606]]}, "properties": {"id": "TRACK_TOKYO_1927", "line_name": "10号線新宿線", "station_group_ids": [], "mode": "urban", "operator_id": "東京都", "line_color": "#6BBD45", "tags": ["tokyo", "track_centerline"]}}, {"type": "Feature", "bbox": [139.74421, 35.69356, 139.74545, 35.694], "geometry": {"type": "LineString", "coordinates": [[139.74545, 35.694], [139.74436, 35.69361], [139.74421, 35.69356]]}, "properties": {"id": "TRACK_TOKYO_1928", "line_name": "10号線新宿線", "station_group_ids": [], "mode": "urban", "operator_id": "東京都", "line_color": "#6BBD45", "tags": ["tokyo", "track_centerline"]}}, {"type": "Feature", "bbox": [139.73649, 35.6912, 139.73828, 35.69171], "geometry": {"type": "LineString", "coordinates": [[139.73828, 35.69171], [139.73649, 35.6912]]}, "properties": {"id": "TRACK_TOKYO_1929", "line_name": "10号線新宿線", "station_group_ids": [], "mode": "urban", "operator_id": "東京都", "line_color": "#6BBD45", "tags": ["tokyo", "track_centerline"]}}, {"type": "Feature", "bbox": [139.75215000000026, 35.69569000000013, 139.7568540852958, 35.696018902788126], "geometry": {"type": "LineString", "coordinates": [[139.75215000000026, 35.69569000000013], [139.75219, 35.69575], [139.75384144971633, 35.69591896542596], [139.75544044751223, 35.696018902788126], [139.7568540852958, 35.69594942252678]]}, "properties": {"id": "TRACK_TOKYO_1930", "line_name": "10号線新宿線", "station_group_ids": [], "mode": "urban", "operator_id": "東京都", "line_color": "#6BBD45", "tags": ["tokyo", "track_centerline"]}}, {"type": "Feature", "bbox": [139.74421, 35.69356, 139.75008, 35.69539], "geometry": {"type": "LineString", "coordinates": [[139.75008, 35.69533], [139.75003, 35.69539], [139.74886, 35.69518], [139.74677, 35.69453], [139.74631, 35.6944], [139.74539, 35.69412], [139.74488, 35.69391], [139.74445, 35.69374], [139.74421, 35.69356]]}, "properties": {"id": "TRACK_TOKYO_1931", "line_name": "10号線新宿線", "station_group_ids": [], "mode": "urban", "operator_id": "東京都", "line_color": "#6BBD45", "tags": ["tokyo", "track_centerline"]}}, {"type": "Feature", "bbox": [139.72357, 35.69075, 139.73649, 35.6923], "geometry": {"type": "LineString", "coordinates": [[139.73649, 35.6912], [139.73608, 35.69106], [139.7359, 35.69101], [139.73542, 35.69086], [139.7349, 35.69076], [139.7347, 35.69075], [139.73448, 35.69079], [139.73399, 35.69097], [139.73381, 35.69103], [139.73306, 35.69126], [139.73266, 35.69132], [139.73166, 35.69118], [139.73076, 35.69111], [139.72974, 35.69112], [139.72869, 35.69117], [139.72797, 35.69129], [139.72736, 35.69146], [139.72632, 35.69193], [139.72588, 35.69208], [139.72485, 35.69221], [139.72357, 35.6923]]}, "properties": {"id": "TRACK_TOKYO_1932", "line_name": "10号線新宿線", "station_group_ids": [], "mode": "urban", "operator_id": "東京都", "line_color": "#6BBD45", "tags": ["tokyo", "track_centerline"]}}, {"type": "Feature", "bbox": [139.69791, 35.68815, 139.69932, 35.68871], "geometry": {"type": "LineString", "coordinates": [[139.69932, 35.68871], [139.69791, 35.68815]]}, "properties": {"id": "TRACK_TOKYO_1933", "line_name": "10号線新宿線", "station_group_ids": [], "mode": "urban", "operator_id": "東京都", "line_color": "#6BBD45", "tags": ["tokyo", "track_centerline"]}}, {"type": "Feature", "bbox": [139.70749, 35.69114, 139.72159, 35.69236], "geometry": {"type": "LineString", "coordinates": [[139.72159, 35.69236], [139.72123, 35.69229], [139.72062, 35.69213], [139.71849, 35.69152], [139.71836, 35.69149], [139.71744, 35.69124], [139.71702, 35.6912], [139.71649, 35.69124], [139.71578, 35.69137], [139.71516, 35.69136], [139.7141, 35.69119], [139.71353, 35.6912], [139.71277, 35.69123], [139.711, 35.69145], [139.70969, 35.6916], [139.70914, 35.69159], [139.70827, 35.69139], [139.70749, 35.69114]]}, "properties": {"id": "TRACK_TOKYO_1934", "line_name": "10号線新宿線", "station_group_ids": [], "mode": "urban", "operator_id": "東京都", "line_color": "#6BBD45", "tags": ["tokyo", "track_centerline"]}}, {"type": "Feature", "bbox": [139.70558, 35.69054, 139.70749, 35.69114], "geometry": {"type": "LineString", "coordinates": [[139.70749, 35.69114], [139.70558, 35.69054]]}, "properties": {"id": "TRACK_TOKYO_1935", "line_name": "10号線新宿線", "station_group_ids": [], "mode": "urban", "operator_id": "東京都", "line_color": "#6BBD45", "tags": ["tokyo", "track_centerline"]}}, {"type": "Feature", "bbox": [139.69932, 35.68871, 139.70558, 35.69054], "geometry": {"type": "LineString", "coordinates": [[139.70558, 35.69054], [139.70556, 35.69053], [139.70504, 35.69033], [139.70375, 35.68982], [139.70326, 35.68962], [139.70266, 35.6895], [139.7006, 35.6891], [139.69997, 35.68897], [139.69985, 35.68893], [139.69932, 35.68871]]}, "properties": {"id": "TRACK_TOKYO_1936", "line_name": "10号線新宿線", "station_group_ids": [], "mode": "urban", "operator_id": "東京都", "line_color": "#6BBD45", "tags": ["tokyo", "track_centerline"]}}, {"type": "Feature", "bbox": [139.78463, 35.6904, 139.78473, 35.69052], "geometry": {"type": "LineString", "coordinates": [[139.78473, 35.6904], [139.78463, 35.69052]]}, "properties": {"id": "TRACK_TOKYO_1937", "line_name": "10号線新宿線", "station_group_ids": [], "mode": "urban", "operator_id": "東京都", "line_color": "#6BBD45", "tags": ["tokyo", "track_centerline"]}}, {"type": "Feature", "bbox": [139.79322, 35.70392, 139.79608, 35.70513], "geometry": {"type": "LineString", "coordinates": [[139.79322, 35.70513], [139.79334, 35.70492], [139.79366, 35.70451], [139.79394, 35.70428], [139.79432, 35.7041], [139.79478, 35.70402], [139.79536, 35.70392], [139.79608, 35.70395]]}, "properties": {"id": "TRACK_TOKYO_1940", "line_name": "12号線大江戸線", "station_group_ids": [], "mode": "urban", "operator_id": "東京都", "line_color": "#B6007A", "tags": ["tokyo", "track_centerline"]}}, {"type": "Feature", "bbox": [139.79858, 35.68222, 139.79875, 35.68367], "geometry": {"type": "LineString", "coordinates": [[139.79875, 35.68222], [139.79872, 35.68252], [139.79862, 35.68322], [139.7986, 35.68346], [139.79858, 35.68367]]}, "properties": {"id": "TRACK_TOKYO_1941", "line_name": "12号線大江戸線", "station_group_ids": [], "mode": "urban", "operator_id": "東京都", "line_color": "#B6007A", "tags": ["tokyo", "track_centerline"]}}, {"type": "Feature", "bbox": [139.79826, 35.68367, 139.79858, 35.68726], "geometry": {"type": "LineString", "coordinates": [[139.79858, 35.68367], [139.79854, 35.68408], [139.7985, 35.68453], [139.79847, 35.68475], [139.79846, 35.6849], [139.79842, 35.68536], [139.79835, 35.68606], [139.79831, 35.68664], [139.79829, 35.68685], [139.79826, 35.68726]]}, "properties": {"id": "TRACK_TOKYO_1943", "line_name": "12号線大江戸線", "station_group_ids": [], "mode": "urban", "operator_id": "東京都", "line_color": "#B6007A", "tags": ["tokyo", "track_centerline"]}}, {"type": "Feature", "bbox": [139.79749, 35.68875, 139.79814, 35.69603], "geometry": {"type": "LineString", "coordinates": [[139.79814, 35.68875], [139.79811, 35.68899], [139.79809, 35.6892], [139.79808, 35.68935], [139.79802, 35.69003], [139.79797, 35.69048], [139.79794, 35.69091], [139.79789, 35.69134], [139.79785, 35.69177], [139.79783, 35.69193], [139.79779, 35.6924], [139.79778, 35.69257], [139.79774, 35.69295], [139.7977, 35.69341], [139.7977, 35.69349], [139.79765, 35.69402], [139.7976, 35.69459], [139.79757, 35.69499], [139.79757, 35.69506], [139.79749, 35.69603]]}, "properties": {"id": "TRACK_TOKYO_1945", "line_name": "12号線大江戸線", "station_group_ids": [], "mode": "urban", "operator_id": "東京都", "line_color": "#B6007A", "tags": ["tokyo", "track_centerline"]}}, {"type": "Feature", "bbox": [139.79737, 35.69603, 139.79749, 35.69751], "geometry": {"type": "LineString", "coordinates": [[139.79737, 35.69751], [139.79742, 35.69692], [139.79749, 35.69603]]}, "properties": {"id": "TRACK_TOKYO_1946", "line_name": "12号線大江戸線", "station_group_ids": [], "mode": "urban", "operator_id": "東京都", "line_color": "#B6007A", "tags": ["tokyo", "track_centerline"]}}, {"type": "Feature", "bbox": [139.79608, 35.69751, 139.79737, 35.70395], "geometry": {"type": "LineString", "coordinates": [[139.79737, 35.69751], [139.79734, 35.69789], [139.79727, 35.69862], [139.79719, 35.69957], [139.79713, 35.70023], [139.79709, 35.70071], [139.79704, 35.70125], [139.79703, 35.70133], [139.79698, 35.70192], [139.79692, 35.70272], [139.79676, 35.7035], [139.79644, 35.70379], [139.79608, 35.70395]]}, "properties": {"id": "TRACK_TOKYO_1948", "line_name": "12号線大江戸線", "station_group_ids": [], "mode": "urban", "operator_id": "東京都", "line_color": "#B6007A", "tags": ["tokyo", "track_centerline"]}}, {"type": "Feature", "bbox": [139.78272, 35.70578, 139.7915, 35.70692], "geometry": {"type": "LineString", "coordinates": [[139.7915, 35.70578], [139.79127, 35.70585], [139.79074, 35.70605], [139.79002, 35.70614], [139.78944, 35.70621], [139.78893, 35.70626], [139.78874, 35.70628], [139.7885, 35.7063], [139.788, 35.70636], [139.78667, 35.7065], [139.78618, 35.70655], [139.78548, 35.70663], [139.78493, 35.70669], [139.78416, 35.70677], [139.78358, 35.70683], [139.78272, 35.70692]]}, "properties": {"id": "TRACK_TOKYO_1949", "line_name": "12号線大江戸線", "station_group_ids": [], "mode": "urban", "operator_id": "東京都", "line_color": "#B6007A", "tags": ["tokyo", "track_centerline"]}}, {"type": "Feature", "bbox": [139.79814, 35.68726, 139.79826, 35.68875], "geometry": {"type": "LineString", "coordinates": [[139.79826, 35.68726], [139.79825, 35.68737], [139.79818, 35.68805], [139.79816, 35.68848], [139.79814, 35.68875]]}, "properties": {"id": "TRACK_TOKYO_1950", "line_name": "12号線大江戸線", "station_group_ids": [], "mode": "urban", "operator_id": "東京都", "line_color": "#B6007A", "tags": ["tokyo", "track_centerline"]}}, {"type": "Feature", "bbox": [139.79479, 35.6723, 139.79542, 35.67324], "geometry": {"type": "LineString", "coordinates": [[139.79542, 35.67324], [139.79531, 35.67306], [139.79511, 35.67273], [139.7949, 35.67243], [139.79479, 35.6723]]}, "properties": {"id": "TRACK_TOKYO_1951", "line_name": "12号線大江戸線", "station_group_ids": [], "mode": "urban", "operator_id": "東京都", "line_color": "#B6007A", "tags": ["tokyo", "track_centerline"]}}, {"type": "Feature", "bbox": [139.79542, 35.67324, 139.79908, 35.68222], "geometry": {"type": "LineString", "coordinates": [[139.79542, 35.67324], [139.79553, 35.67342], [139.79566, 35.67366], [139.79578, 35.67394], [139.79591, 35.67424], [139.79601, 35.6746], [139.79612, 35.67506], [139.79609, 35.6756], [139.79632, 35.67618], [139.79666, 35.67663], [139.79705, 35.67713], [139.79724, 35.67737], [139.79742, 35.67759], [139.79764, 35.67786], [139.79797, 35.67826], [139.79861, 35.67906], [139.79893, 35.67944], [139.79905, 35.67962], [139.79907, 35.67969], [139.79908, 35.67981], [139.79906, 35.68001], [139.79898, 35.6807], [139.79876, 35.68207], [139.79875, 35.68222]]}, "properties": {"id": "TRACK_TOKYO_1952", "line_name": "12号線大江戸線", "station_group_ids": [], "mode": "urban", "operator_id": "東京都", "line_color": "#B6007A", "tags": ["tokyo", "track_centerline"]}}, {"type": "Feature", "bbox": [139.793, 35.70513, 139.79322, 35.70522], "geometry": {"type": "LineString", "coordinates": [[139.793, 35.70522], [139.79322, 35.70513]]}, "properties": {"id": "TRACK_TOKYO_1953", "line_name": "12号線大江戸線", "station_group_ids": [], "mode": "urban", "operator_id": "東京都", "line_color": "#B6007A", "tags": ["tokyo", "track_centerline"]}}, {"type": "Feature", "bbox": [139.78479, 35.66441, 139.79479, 35.6723], "geometry": {"type": "LineString", "coordinates": [[139.78479, 35.66441], [139.78528, 35.66476], [139.78586, 35.6652], [139.78613, 35.66541], [139.78624, 35.66548], [139.78629, 35.66553], [139.7871, 35.66614], [139.78724, 35.66626], [139.78741, 35.66639], [139.78744, 35.66641], [139.78875, 35.66741], [139.78948, 35.66796], [139.79089, 35.66901], [139.7911, 35.66916], [139.7913, 35.66932], [139.79176, 35.66969], [139.79179, 35.66972], [139.79191, 35.6698], [139.79208, 35.66991], [139.79246, 35.6702], [139.79321, 35.67082], [139.79396, 35.67147], [139.79425, 35.6717], [139.79454, 35.67201], [139.79479, 35.6723]]}, "properties": {"id": "TRACK_TOKYO_1954", "line_name": "12号線大江戸線", "station_group_ids": [], "mode": "urban", "operator_id": "東京都", "line_color": "#B6007A", "tags": ["tokyo", "track_centerline"]}}, {"type": "Feature", "bbox": [139.77387, 35.70709, 139.7811, 35.70788], "geometry": {"type": "LineString", "coordinates": [[139.77387, 35.70788], [139.77531, 35.70773], [139.77569, 35.70769], [139.77612, 35.70765], [139.77627, 35.70763], [139.77643, 35.70762], [139.77696, 35.70756], [139.77755, 35.70749], [139.77802, 35.70744], [139.77874, 35.70737], [139.77918, 35.7073], [139.77935, 35.70728], [139.77994, 35.70722], [139.78036, 35.70718], [139.7809, 35.70711], [139.7811, 35.70709]]}, "properties": {"id": "TRACK_TOKYO_1955", "line_name": "12号線大江戸線", "station_group_ids": [], "mode": "urban", "operator_id": "東京都", "line_color": "#B6007A", "tags": ["tokyo", "track_centerline"]}}, {"type": "Feature", "bbox": [139.79322, 35.70395, 139.79608, 35.70513], "geometry": {"type": "LineString", "coordinates": [[139.79322, 35.70513], [139.79426, 35.70513], [139.79469, 35.70508], [139.79503, 35.70494], [139.79525, 35.70479], [139.79535, 35.70472], [139.79571, 35.70437], [139.79608, 35.70395]]}, "properties": {"id": "TRACK_TOKYO_1957", "line_name": "12号線大江戸線", "station_group_ids": [], "mode": "urban", "operator_id": "東京都", "line_color": "#B6007A", "tags": ["tokyo", "track_centerline"]}}, {"type": "Feature", "bbox": [139.77226, 35.70788, 139.77387, 35.70804], "geometry": {"type": "LineString", "coordinates": [[139.77226, 35.70804], [139.77233, 35.70803], [139.77246, 35.70802], [139.77365, 35.7079], [139.77387, 35.70788]]}, "properties": {"id": "TRACK_TOKYO_1958", "line_name": "12号線大江戸線", "station_group_ids": [], "mode": "urban", "operator_id": "東京都", "line_color": "#B6007A", "tags": ["tokyo", "track_centerline"]}}, {"type": "Feature", "bbox": [139.7915, 35.70522, 139.793, 35.70578], "geometry": {"type": "LineString", "coordinates": [[139.793, 35.70522], [139.79267, 35.70535], [139.79256, 35.70539], [139.79223, 35.70552], [139.7918, 35.70569], [139.7915, 35.70578]]}, "properties": {"id": "TRACK_TOKYO_1959", "line_name": "12号線大江戸線", "station_group_ids": [], "mode": "urban", "operator_id": "東京都", "line_color": "#B6007A", "tags": ["tokyo", "track_centerline"]}}, {"type": "Feature", "bbox": [139.7811, 35.70692, 139.78272, 35.70709], "geometry": {"type": "LineString", "coordinates": [[139.78272, 35.70692], [139.78234, 35.70696], [139.78191, 35.707], [139.78128, 35.70707], [139.7811, 35.70709]]}, "properties": {"id": "TRACK_TOKYO_1960", "line_name": "12号線大江戸線", "station_group_ids": [], "mode": "urban", "operator_id": "東京都", "line_color": "#B6007A", "tags": ["tokyo", "track_centerline"]}}, {"type": "Feature", "bbox": [139.64161, 35.74248, 139.64923, 35.75108], "geometry": {"type": "LineString", "coordinates": [[139.64923, 35.74248], [139.64923, 35.74263], [139.64909, 35.74314], [139.64888, 35.74351], [139.64842, 35.7443], [139.64818, 35.74491], [139.64817, 35.74497], [139.64805, 35.74545], [139.64803, 35.74597], [139.64798, 35.74669], [139.64791, 35.74727], [139.64774, 35.74785], [139.64748, 35.74833], [139.64706, 35.74878], [139.64653, 35.74916], [139.6457, 35.74956], [139.64507, 35.74979], [139.64454, 35.75001], [139.64161, 35.75108]]}, "properties": {"id": "TRACK_TOKYO_1961", "line_name": "12号線大江戸線", "station_group_ids": [], "mode": "urban", "operator_id": "東京都", "line_color": "#B6007A", "tags": ["tokyo", "track_centerline"]}}, {"type": "Feature", "bbox": [139.62851, 35.75846, 139.62997, 35.75848], "geometry": {"type": "LineString", "coordinates": [[139.62997, 35.75848], [139.62851, 35.75846]]}, "properties": {"id": "TRACK_TOKYO_1962", "line_name": "12号線大江戸線", "station_group_ids": [], "mode": "urban", "operator_id": "東京都", "line_color": "#B6007A", "tags": ["tokyo", "track_centerline"]}}, {"type": "Feature", "bbox": [139.63991, 35.75108, 139.64161, 35.75164], "geometry": {"type": "LineString", "coordinates": [[139.64161, 35.75108], [139.63991, 35.75164]]}, "properties": {"id": "TRACK_TOKYO_1963", "line_name": "12号線大江戸線", "station_group_ids": [], "mode": "urban", "operator_id": "東京都", "line_color": "#B6007A", "tags": ["tokyo", "track_centerline"]}}, {"type": "Feature", "bbox": [139.62997, 35.75164, 139.63991, 35.75849], "geometry": {"type": "LineString", "coordinates": [[139.63991, 35.75164], [139.63872, 35.75203], [139.63707, 35.75263], [139.63643, 35.75292], [139.63571, 35.75323], [139.63522, 35.75356], [139.63483, 35.75391], [139.63453, 35.75443], [139.63436, 35.75486], [139.63425, 35.75523], [139.63416, 35.7557], [139.63413, 35.75591], [139.63401, 35.7563], [139.63384, 35.75671], [139.63369, 35.75692], [139.63353, 35.75715], [139.63318, 35.75751], [139.63277, 35.75785], [139.63236, 35.75812], [139.63184, 35.75835], [139.63143, 35.75846], [139.63122, 35.75848], [139.63082, 35.75849], [139.63055, 35.75849], [139.62997, 35.75848]]}, "properties": {"id": "TRACK_TOKYO_1964", "line_name": "12号線大江戸線", "station_group_ids": [], "mode": "urban", "operator_id": "東京都", "line_color": "#B6007A", "tags": ["tokyo", "track_centerline"]}}, {"type": "Feature", "bbox": [139.7598, 35.70754, 139.76143, 35.70758], "geometry": {"type": "LineString", "coordinates": [[139.7598, 35.70754], [139.76059, 35.70758], [139.76106, 35.70758], [139.76143, 35.70758]]}, "properties": {"id": "TRACK_TOKYO_1965", "line_name": "12号線大江戸線", "station_group_ids": [], "mode": "urban", "operator_id": "東京都", "line_color": "#B6007A", "tags": ["tokyo", "track_centerline"]}}, {"type": "Feature", "bbox": [139.6698, 35.73221, 139.67133, 35.73277], "geometry": {"type": "LineString", "coordinates": [[139.67133, 35.73221], [139.67057, 35.73249], [139.6698, 35.73277]]}, "properties": {"id": "TRACK_TOKYO_1966", "line_name": "12号線大江戸線", "station_group_ids": [], "mode": "urban", "operator_id": "東京都", "line_color": "#B6007A", "tags": ["tokyo", "track_centerline"]}}, {"type": "Feature", "bbox": [139.65363, 35.73715, 139.65551, 35.73748], "geometry": {"type": "LineString", "coordinates": [[139.65551, 35.73748], [139.65363, 35.73715]]}, "properties": {"id": "TRACK_TOKYO_1967", "line_name": "12号線大江戸線", "station_group_ids": [], "mode": "urban", "operator_id": "東京都", "line_color": "#B6007A", "tags": ["tokyo", "track_centerline"]}}, {"type": "Feature", "bbox": [139.68315, 35.72282, 139.68387, 35.72395], "geometry": {"type": "LineString", "coordinates": [[139.68387, 35.72282], [139.68351, 35.72329], [139.6833, 35.72368], [139.68315, 35.72395]]}, "properties": {"id": "TRACK_TOKYO_1968", "line_name": "12号線大江戸線", "station_group_ids": [], "mode": "urban", "operator_id": "東京都", "line_color": "#B6007A", "tags": ["tokyo", "track_centerline"]}}, {"type": "Feature", "bbox": [139.75136, 35.70849, 139.75298, 35.7085], "geometry": {"type": "LineString", "coordinates": [[139.75136, 35.7085], [139.75179, 35.7085], [139.75298, 35.70849]]}, "properties": {"id": "TRACK_TOKYO_1969", "line_name": "12号線大江戸線", "station_group_ids": [], "mode": "urban", "operator_id": "東京都", "line_color": "#B6007A", "tags": ["tokyo", "track_centerline"]}}, {"type": "Feature", "bbox": [139.68387, 35.71452, 139.68849, 35.72282], "geometry": {"type": "LineString", "coordinates": [[139.68662, 35.71452], [139.68683, 35.715], [139.68713, 35.71562], [139.68798, 35.71744], [139.68823, 35.71795], [139.68835, 35.71825], [139.68842, 35.71841], [139.68849, 35.71879], [139.68844, 35.71915], [139.68827, 35.71956], [139.68804, 35.71981], [139.68776, 35.72003], [139.6869, 35.72062], [139.68535, 35.72162], [139.68435, 35.72235], [139.68405, 35.72262], [139.68387, 35.72282]]}, "properties": {"id": "TRACK_TOKYO_1970", "line_name": "12号線大江戸線", "station_group_ids": [], "mode": "urban", "operator_id": "東京都", "line_color": "#B6007A", "tags": ["tokyo", "track_centerline"]}}, {"type": "Feature", "bbox": [139.64918, 35.74074, 139.64923, 35.74248], "geometry": {"type": "LineString", "coordinates": [[139.64918, 35.74074], [139.64923, 35.74248]]}, "properties": {"id": "TRACK_TOKYO_1971", "line_name": "12号線大江戸線", "station_group_ids": [], "mode": "urban", "operator_id": "東京都", "line_color": "#B6007A", "tags": ["tokyo", "track_centerline"]}}, {"type": "Feature", "bbox": [139.76143, 35.70734, 139.77226, 35.7083], "geometry": {"type": "LineString", "coordinates": [[139.76143, 35.70758], [139.76196, 35.70757], [139.7626, 35.70756], [139.76309, 35.70755], [139.7636, 35.70754], [139.76368, 35.70754], [139.7641, 35.7075], [139.76502, 35.70739], [139.76551, 35.70734], [139.76573, 35.70734], [139.76598, 35.70736], [139.76628, 35.70741], [139.76668, 35.70753], [139.76708, 35.70767], [139.76729, 35.70779], [139.76797, 35.70815], [139.76823, 35.70827], [139.76844, 35.7083], [139.76922, 35.70827], [139.76992, 35.70823], [139.77072, 35.70817], [139.77147, 35.70811], [139.77226, 35.70804]]}, "properties": {"id": "TRACK_TOKYO_1972", "line_name": "12号線大江戸線", "station_group_ids": [], "mode": "urban", "operator_id": "東京都", "line_color": "#B6007A", "tags": ["tokyo", "track_centerline"]}}, {"type": "Feature", "bbox": [139.68296, 35.70672, 139.68354, 35.70802], "geometry": {"type": "LineString", "coordinates": [[139.68296, 35.70672], [139.68354, 35.70802]]}, "properties": {"id": "TRACK_TOKYO_1973", "line_name": "12号線大江戸線", "station_group_ids": [], "mode": "urban", "operator_id": "東京都", "line_color": "#B6007A", "tags": ["tokyo", "track_centerline"]}}, {"type": "Feature", "bbox": [139.67133, 35.72395, 139.68315, 35.73221], "geometry": {"type": "LineString", "coordinates": [[139.68315, 35.72395], [139.68234, 35.72565], [139.68184, 35.72666], [139.68154, 35.72706], [139.68123, 35.72734], [139.68089, 35.72757], [139.67975, 35.72828], [139.67761, 35.72947], [139.67742, 35.72956], [139.67385, 35.73121], [139.67288, 35.73162], [139.67133, 35.73221]]}, "properties": {"id": "TRACK_TOKYO_1974", "line_name": "12号線大江戸線", "station_group_ids": [], "mode": "urban", "operator_id": "東京都", "line_color": "#B6007A", "tags": ["tokyo", "track_centerline"]}}, {"type": "Feature", "bbox": [139.74646, 35.70335, 139.75136, 35.7085], "geometry": {"type": "LineString", "coordinates": [[139.74646, 35.70335], [139.74677, 35.70349], [139.74698, 35.70366], [139.74723, 35.70398], [139.74735, 35.70424], [139.74759, 35.70506], [139.74792, 35.70598], [139.74838, 35.70678], [139.7488, 35.70727], [139.74888, 35.70737], [139.7494, 35.7078], [139.75031, 35.7083], [139.75136, 35.7085]]}, "properties": {"id": "TRACK_TOKYO_1975", "line_name": "12号線大江戸線", "station_group_ids": [], "mode": "urban", "operator_id": "東京都", "line_color": "#B6007A", "tags": ["tokyo", "track_centerline"]}}, {"type": "Feature", "bbox": [139.68354, 35.70802, 139.686, 35.71321], "geometry": {"type": "LineString", "coordinates": [[139.68354, 35.70802], [139.68463, 35.71033], [139.68473, 35.71055], [139.68502, 35.71117], [139.686, 35.71321]]}, "properties": {"id": "TRACK_TOKYO_1976", "line_name": "12号線大江戸線", "station_group_ids": [], "mode": "urban", "operator_id": "東京都", "line_color": "#B6007A", "tags": ["tokyo", "track_centerline"]}}, {"type": "Feature", "bbox": [139.74392, 35.70266, 139.74503, 35.70285], "geometry": {"type": "LineString", "coordinates": [[139.74503, 35.70285], [139.74484, 35.70281], [139.74433, 35.70268], [139.74417, 35.70266], [139.74392, 35.70266]]}, "properties": {"id": "TRACK_TOKYO_1977", "line_name": "12号線大江戸線", "station_group_ids": [], "mode": "urban", "operator_id": "東京都", "line_color": "#B6007A", "tags": ["tokyo", "track_centerline"]}}, {"type": "Feature", "bbox": [139.73958, 35.70266, 139.74392, 35.70345], "geometry": {"type": "LineString", "coordinates": [[139.74392, 35.70266], [139.74279, 35.70285], [139.74235, 35.70298], [139.74138, 35.70338], [139.74114, 35.70344], [139.74072, 35.70345], [139.73958, 35.70328]]}, "properties": {"id": "TRACK_TOKYO_1978", "line_name": "12号線大江戸線", "station_group_ids": [], "mode": "urban", "operator_id": "東京都", "line_color": "#B6007A", "tags": ["tokyo", "track_centerline"]}}, {"type": "Feature", "bbox": [139.65551, 35.73277, 139.6698, 35.73754], "geometry": {"type": "LineString", "coordinates": [[139.6698, 35.73277], [139.66833, 35.73328], [139.66713, 35.73372], [139.66636, 35.73397], [139.66574, 35.73412], [139.66554, 35.73417], [139.66395, 35.73453], [139.6634, 35.73469], [139.66302, 35.73487], [139.66162, 35.73579], [139.6604, 35.73656], [139.65988, 35.73676], [139.65953, 35.73687], [139.65712, 35.73732], [139.65605, 35.73754], [139.65551, 35.73748]]}, "properties": {"id": "TRACK_TOKYO_1979", "line_name": "12号線大江戸線", "station_group_ids": [], "mode": "urban", "operator_id": "東京都", "line_color": "#B6007A", "tags": ["tokyo", "track_centerline"]}}, {"type": "Feature", "bbox": [139.64916, 35.73702, 139.65363, 35.74074], "geometry": {"type": "LineString", "coordinates": [[139.65363, 35.73715], [139.65258, 35.73704], [139.65188, 35.73702], [139.65119, 35.7371], [139.65074, 35.73724], [139.65039, 35.73742], [139.6499, 35.7378], [139.64953, 35.7382], [139.64927, 35.73868], [139.6492, 35.73914], [139.64916, 35.73991], [139.64918, 35.74074]]}, "properties": {"id": "TRACK_TOKYO_1980", "line_name": "12号線大江戸線", "station_group_ids": [], "mode": "urban", "operator_id": "東京都", "line_color": "#B6007A", "tags": ["tokyo", "track_centerline"]}}, {"type": "Feature", "bbox": [139.75298, 35.70742, 139.7561, 35.70849], "geometry": {"type": "LineString", "coordinates": [[139.75298, 35.70849], [139.75364, 35.70847], [139.75396, 35.70838], [139.75551, 35.70759], [139.75586, 35.70745], [139.7561, 35.70742]]}, "properties": {"id": "TRACK_TOKYO_1981", "line_name": "12号線大江戸線", "station_group_ids": [], "mode": "urban", "operator_id": "東京都", "line_color": "#B6007A", "tags": ["tokyo", "track_centerline"]}}, {"type": "Feature", "bbox": [139.7561, 35.7074, 139.75831, 35.70747], "geometry": {"type": "LineString", "coordinates": [[139.7561, 35.70742], [139.75619, 35.7074], [139.75702, 35.70742], [139.75809, 35.70747], [139.75831, 35.70747]]}, "properties": {"id": "TRACK_TOKYO_1982", "line_name": "12号線大江戸線", "station_group_ids": [], "mode": "urban", "operator_id": "東京都", "line_color": "#B6007A", "tags": ["tokyo", "track_centerline"]}}, {"type": "Feature", "bbox": [139.75831, 35.70747, 139.7598, 35.70754], "geometry": {"type": "LineString", "coordinates": [[139.75831, 35.70747], [139.75964, 35.70753], [139.7598, 35.70754]]}, "properties": {"id": "TRACK_TOKYO_1983", "line_name": "12号線大江戸線", "station_group_ids": [], "mode": "urban", "operator_id": "東京都", "line_color": "#B6007A", "tags": ["tokyo", "track_centerline"]}}, {"type": "Feature", "bbox": [139.686, 35.71321, 139.68662, 35.71452], "geometry": {"type": "LineString", "coordinates": [[139.686, 35.71321], [139.68662, 35.71452]]}, "properties": {"id": "TRACK_TOKYO_1984", "line_name": "12号線大江戸線", "station_group_ids": [], "mode": "urban", "operator_id": "東京都", "line_color": "#B6007A", "tags": ["tokyo", "track_centerline"]}}, {"type": "Feature", "bbox": [139.74503, 35.70285, 139.74646, 35.70335], "geometry": {"type": "LineString", "coordinates": [[139.74646, 35.70335], [139.74571, 35.70309], [139.74503, 35.70285]]}, "properties": {"id": "TRACK_TOKYO_1985", "line_name": "12号線大江戸線", "station_group_ids": [], "mode": "urban", "operator_id": "東京都", "line_color": "#B6007A", "tags": ["tokyo", "track_centerline"]}}, {"type": "Feature", "bbox": [139.72599, 35.69915, 139.73531, 35.70062], "geometry": {"type": "LineString", "coordinates": [[139.73531, 35.70062], [139.73396, 35.70016], [139.73184, 35.69948], [139.73042, 35.69915], [139.72994, 35.69915], [139.72945, 35.69921], [139.72843, 35.69936], [139.72801, 35.69938], [139.72736, 35.6994], [139.72599, 35.6994]]}, "properties": {"id": "TRACK_TOKYO_1987", "line_name": "12号線大江戸線", "station_group_ids": [], "mode": "urban", "operator_id": "東京都", "line_color": "#B6007A", "tags": ["tokyo", "track_centerline"]}}, {"type": "Feature", "bbox": [139.71743, 35.69893, 139.71894, 35.6994], "geometry": {"type": "LineString", "coordinates": [[139.71894, 35.6994], [139.71743, 35.69893]]}, "properties": {"id": "TRACK_TOKYO_1988", "line_name": "12号線大江戸線", "station_group_ids": [], "mode": "urban", "operator_id": "東京都", "line_color": "#B6007A", "tags": ["tokyo", "track_centerline"]}}, {"type": "Feature", "bbox": [139.73677, 35.70121, 139.73958, 35.70328], "geometry": {"type": "LineString", "coordinates": [[139.73958, 35.70328], [139.73915, 35.7031], [139.73898, 35.70291], [139.73854, 35.70246], [139.73816, 35.70206], [139.7378, 35.70176], [139.73743, 35.70152], [139.73677, 35.70121]]}, "properties": {"id": "TRACK_TOKYO_1989", "line_name": "12号線大江戸線", "station_group_ids": [], "mode": "urban", "operator_id": "東京都", "line_color": "#B6007A", "tags": ["tokyo", "track_centerline"]}}, {"type": "Feature", "bbox": [139.72362, 35.67216, 139.72434, 35.67368], "geometry": {"type": "LineString", "coordinates": [[139.72434, 35.67216], [139.72406, 35.67276], [139.72362, 35.67368]]}, "properties": {"id": "TRACK_TOKYO_1992", "line_name": "12号線大江戸線", "station_group_ids": [], "mode": "urban", "operator_id": "東京都", "line_color": "#B6007A", "tags": ["tokyo", "track_centerline"]}}, {"type": "Feature", "bbox": [139.71894, 35.6994, 139.72439, 35.70003], "geometry": {"type": "LineString", "coordinates": [[139.72439, 35.69952], [139.72389, 35.69958], [139.72289, 35.69966], [139.72236, 35.69973], [139.72144, 35.69995], [139.72102, 35.70003], [139.72069, 35.69997], [139.71894, 35.6994]]}, "properties": {"id": "TRACK_TOKYO_1993", "line_name": "12号線大江戸線", "station_group_ids": [], "mode": "urban", "operator_id": "東京都", "line_color": "#B6007A", "tags": ["tokyo", "track_centerline"]}}, {"type": "Feature", "bbox": [139.72434, 35.66448, 139.73076, 35.67216], "geometry": {"type": "LineString", "coordinates": [[139.72434, 35.67216], [139.72447, 35.67197], [139.7247, 35.67181], [139.72535, 35.67162], [139.72598, 35.67143], [139.7264, 35.67121], [139.72655, 35.67085], [139.72682, 35.6699], [139.72729, 35.66759], [139.72742, 35.66716], [139.72754, 35.66695], [139.72786, 35.66665], [139.73055, 35.66465], [139.73076, 35.66448]]}, "properties": {"id": "TRACK_TOKYO_1994", "line_name": "12号線大江戸線", "station_group_ids": [], "mode": "urban", "operator_id": "東京都", "line_color": "#B6007A", "tags": ["tokyo", "track_centerline"]}}, {"type": "Feature", "bbox": [139.73531, 35.70062, 139.73677, 35.70121], "geometry": {"type": "LineString", "coordinates": [[139.73677, 35.70121], [139.73531, 35.70062]]}, "properties": {"id": "TRACK_TOKYO_1995", "line_name": "12号線大江戸線", "station_group_ids": [], "mode": "urban", "operator_id": "東京都", "line_color": "#B6007A", "tags": ["tokyo", "track_centerline"]}}, {"type": "Feature", "bbox": [139.71583, 35.67368, 139.72362, 35.67965], "geometry": {"type": "LineString", "coordinates": [[139.72362, 35.67368], [139.72338, 35.6742], [139.7231, 35.67447], [139.72246, 35.67477], [139.72223, 35.67502], [139.722, 35.67538], [139.72118, 35.67688], [139.72033, 35.6785], [139.72007, 35.67877], [139.72004, 35.67881], [139.71973, 35.67907], [139.71927, 35.6793], [139.71872, 35.67947], [139.71808, 35.6796], [139.71759, 35.67965], [139.71701, 35.67964], [139.71645, 35.6796], [139.71598, 35.67962], [139.71583, 35.67963]]}, "properties": {"id": "TRACK_TOKYO_1996", "line_name": "12号線大江戸線", "station_group_ids": [], "mode": "urban", "operator_id": "東京都", "line_color": "#B6007A", "tags": ["tokyo", "track_centerline"]}}, {"type": "Feature", "bbox": [139.71392, 35.67963, 139.71583, 35.68008], "geometry": {"type": "LineString", "coordinates": [[139.71583, 35.67963], [139.71441, 35.67997], [139.71392, 35.68008]]}, "properties": {"id": "TRACK_TOKYO_1997", "line_name": "12号線大江戸線", "station_group_ids": [], "mode": "urban", "operator_id": "東京都", "line_color": "#B6007A", "tags": ["tokyo", "track_centerline"]}}, {"type": "Feature", "bbox": [139.72439, 35.6994, 139.72599, 35.69952], "geometry": {"type": "LineString", "coordinates": [[139.72599, 35.6994], [139.72439, 35.69952]]}, "properties": {"id": "TRACK_TOKYO_1998", "line_name": "12号線大江戸線", "station_group_ids": [], "mode": "urban", "operator_id": "東京都", "line_color": "#B6007A", "tags": ["tokyo", "track_centerline"]}}, {"type": "Feature", "bbox": [139.68293, 35.69717, 139.68299, 35.69858], "geometry": {"type": "LineString", "coordinates": [[139.68293, 35.69717], [139.68299, 35.69858]]}, "properties": {"id": "TRACK_TOKYO_2001", "line_name": "12号線大江戸線", "station_group_ids": [], "mode": "urban", "operator_id": "東京都", "line_color": "#B6007A", "tags": ["tokyo", "track_centerline"]}}, {"type": "Feature", "bbox": [139.69918, 35.68716, 139.69952, 35.68809], "geometry": {"type": "LineString", "coordinates": [[139.69952, 35.68716], [139.69918, 35.68809]]}, "properties": {"id": "TRACK_TOKYO_2002", "line_name": "12号線大江戸線", "station_group_ids": [], "mode": "urban", "operator_id": "東京都", "line_color": "#B6007A", "tags": ["tokyo", "track_centerline"]}}, {"type": "Feature", "bbox": [139.70174, 35.68008, 139.71392, 35.683], "geometry": {"type": "LineString", "coordinates": [[139.71392, 35.68008], [139.71199, 35.68059], [139.71118, 35.68079], [139.71054, 35.68094], [139.70986, 35.6811], [139.70936, 35.68118], [139.70838, 35.68117], [139.70695, 35.68113], [139.70638, 35.68104], [139.70613, 35.68099], [139.70567, 35.68079], [139.7051, 35.68052], [139.70455, 35.68037], [139.70416, 35.68034], [139.70361, 35.68042], [139.70316, 35.68057], [139.70273, 35.68083], [139.70238, 35.68118], [139.70218, 35.68154], [139.70184, 35.68264], [139.70174, 35.683]]}, "properties": {"id": "TRACK_TOKYO_2003", "line_name": "12号線大江戸線", "station_group_ids": [], "mode": "urban", "operator_id": "東京都", "line_color": "#B6007A", "tags": ["tokyo", "track_centerline"]}}, {"type": "Feature", "bbox": [139.68244, 35.69858, 139.68304, 35.70672], "geometry": {"type": "LineString", "coordinates": [[139.68299, 35.69858], [139.68304, 35.70042], [139.68298, 35.70085], [139.68254, 35.70184], [139.68246, 35.70219], [139.68244, 35.70246], [139.68246, 35.7031], [139.68252, 35.7039], [139.68275, 35.70593], [139.68283, 35.70637], [139.68296, 35.70672]]}, "properties": {"id": "TRACK_TOKYO_2004", "line_name": "12号線大江戸線", "station_group_ids": [], "mode": "urban", "operator_id": "東京都", "line_color": "#B6007A", "tags": ["tokyo", "track_centerline"]}}, {"type": "Feature", "bbox": [139.68398, 35.6896, 139.68535, 35.6902], "geometry": {"type": "LineString", "coordinates": [[139.68535, 35.6902], [139.68398, 35.6896]]}, "properties": {"id": "TRACK_TOKYO_2005", "line_name": "12号線大江戸線", "station_group_ids": [], "mode": "urban", "operator_id": "東京都", "line_color": "#B6007A", "tags": ["tokyo", "track_centerline"]}}, {"type": "Feature", "bbox": [139.70852, 35.69766, 139.71743, 35.69893], "geometry": {"type": "LineString", "coordinates": [[139.71743, 35.69893], [139.7167, 35.69868], [139.71607, 35.69839], [139.7149, 35.69788], [139.71442, 35.69777], [139.71386, 35.69773], [139.71321, 35.69774], [139.71256, 35.69771], [139.71095, 35.69766], [139.70986, 35.69768], [139.70918, 35.69772], [139.70852, 35.69779]]}, "properties": {"id": "TRACK_TOKYO_2006", "line_name": "12号線大江戸線", "station_group_ids": [], "mode": "urban", "operator_id": "東京都", "line_color": "#B6007A", "tags": ["tokyo", "track_centerline"]}}, {"type": "Feature", "bbox": [139.6918, 35.69045, 139.69345, 35.69073], "geometry": {"type": "LineString", "coordinates": [[139.69345, 35.69073], [139.6918, 35.69045]]}, "properties": {"id": "TRACK_TOKYO_2007", "line_name": "12号線大江戸線", "station_group_ids": [], "mode": "urban", "operator_id": "東京都", "line_color": "#B6007A", "tags": ["tokyo", "track_centerline"]}}, {"type": "Feature", "bbox": [139.69901, 35.6925, 139.69931, 35.69382], "geometry": {"type": "LineString", "coordinates": [[139.69901, 35.69382], [139.69931, 35.6925]]}, "properties": {"id": "TRACK_TOKYO_2008", "line_name": "12号線大江戸線", "station_group_ids": [], "mode": "urban", "operator_id": "東京都", "line_color": "#B6007A", "tags": ["tokyo", "track_centerline"]}}, {"type": "Feature", "bbox": [139.69952, 35.68456, 139.70131, 35.68716], "geometry": {"type": "LineString", "coordinates": [[139.70131, 35.68456], [139.70114, 35.68511], [139.70094, 35.6854], [139.70055, 35.68578], [139.69985, 35.68656], [139.69952, 35.68709], [139.69952, 35.68716]]}, "properties": {"id": "TRACK_TOKYO_2009", "line_name": "12号線大江戸線", "station_group_ids": [], "mode": "urban", "operator_id": "東京都", "line_color": "#B6007A", "tags": ["tokyo", "track_centerline"]}}, {"type": "Feature", "bbox": [139.68535, 35.69006, 139.6918, 35.69046], "geometry": {"type": "LineString", "coordinates": [[139.6918, 35.69045], [139.68952, 35.69011], [139.68912, 35.69006], [139.68849, 35.6901], [139.68794, 35.69016], [139.68694, 35.69041], [139.68647, 35.69046], [139.686, 35.69043], [139.68569, 35.69038], [139.68535, 35.6902]]}, "properties": {"id": "TRACK_TOKYO_2010", "line_name": "12号線大江戸線", "station_group_ids": [], "mode": "urban", "operator_id": "東京都", "line_color": "#B6007A", "tags": ["tokyo", "track_centerline"]}}, {"type": "Feature", "bbox": [139.69801, 35.69382, 139.70686, 35.69824], "geometry": {"type": "LineString", "coordinates": [[139.70686, 35.698], [139.70632, 35.69806], [139.70525, 35.69818], [139.70462, 35.69824], [139.70413, 35.69822], [139.70385, 35.69821], [139.70285, 35.69815], [139.70135, 35.69806], [139.69922, 35.69802], [139.69856, 35.69797], [139.69824, 35.69787], [139.6981, 35.69772], [139.69801, 35.69747], [139.69805, 35.69699], [139.69815, 35.69654], [139.6987, 35.69489], [139.69901, 35.69382]]}, "properties": {"id": "TRACK_TOKYO_2011", "line_name": "12号線大江戸線", "station_group_ids": [], "mode": "urban", "operator_id": "東京都", "line_color": "#B6007A", "tags": ["tokyo", "track_centerline"]}}, {"type": "Feature", "bbox": [139.69428, 35.68809, 139.69918, 35.69094], "geometry": {"type": "LineString", "coordinates": [[139.69918, 35.68809], [139.69914, 35.68826], [139.69913, 35.68828], [139.699, 35.68885], [139.69883, 35.68991], [139.69876, 35.69026], [139.69865, 35.6905], [139.69843, 35.69067], [139.69807, 35.6908], [139.69764, 35.6909], [139.69706, 35.69094], [139.6964, 35.69092], [139.69592, 35.6909], [139.69547, 35.69089], [139.69501, 35.69085], [139.69428, 35.69085]]}, "properties": {"id": "TRACK_TOKYO_2012", "line_name": "12号線大江戸線", "station_group_ids": [], "mode": "urban", "operator_id": "東京都", "line_color": "#B6007A", "tags": ["tokyo", "track_centerline"]}}, {"type": "Feature", "bbox": [139.6818, 35.68938, 139.68398, 35.69717], "geometry": {"type": "LineString", "coordinates": [[139.68398, 35.6896], [139.68337, 35.6894], [139.68332, 35.68938], [139.68271, 35.68942], [139.68217, 35.68963], [139.68193, 35.68997], [139.6818, 35.69041], [139.6818, 35.69069], [139.68181, 35.69093], [139.68188, 35.69165], [139.6821, 35.69289], [139.68287, 35.69656], [139.68291, 35.69699], [139.68293, 35.69717]]}, "properties": {"id": "TRACK_TOKYO_2013", "line_name": "12号線大江戸線", "station_group_ids": [], "mode": "urban", "operator_id": "東京都", "line_color": "#B6007A", "tags": ["tokyo", "track_centerline"]}}, {"type": "Feature", "bbox": [139.69345, 35.69073, 139.69428, 35.69085], "geometry": {"type": "LineString", "coordinates": [[139.69345, 35.69073], [139.69428, 35.69085]]}, "properties": {"id": "TRACK_TOKYO_2014", "line_name": "12号線大江戸線", "station_group_ids": [], "mode": "urban", "operator_id": "東京都", "line_color": "#B6007A", "tags": ["tokyo", "track_centerline"]}}, {"type": "Feature", "bbox": [139.69428, 35.69085, 139.69932, 35.69234], "geometry": {"type": "LineString", "coordinates": [[139.69932, 35.69234], [139.69923, 35.69194], [139.69899, 35.69163], [139.69864, 35.69144], [139.69817, 35.69129], [139.69771, 35.69121], [139.69706, 35.69115], [139.696, 35.69104], [139.69428, 35.69085]]}, "properties": {"id": "TRACK_TOKYO_2015", "line_name": "12号線大江戸線", "station_group_ids": [], "mode": "urban", "operator_id": "東京都", "line_color": "#B6007A", "tags": ["tokyo", "track_centerline"]}}, {"type": "Feature", "bbox": [139.69931, 35.69234, 139.69932, 35.6925], "geometry": {"type": "LineString", "coordinates": [[139.69931, 35.6925], [139.69932, 35.69234]]}, "properties": {"id": "TRACK_TOKYO_2016", "line_name": "12号線大江戸線", "station_group_ids": [], "mode": "urban", "operator_id": "東京都", "line_color": "#B6007A", "tags": ["tokyo", "track_centerline"]}}, {"type": "Feature", "bbox": [139.70686, 35.69779, 139.70852, 35.698], "geometry": {"type": "LineString", "coordinates": [[139.70852, 35.69779], [139.70686, 35.698]]}, "properties": {"id": "TRACK_TOKYO_2017", "line_name": "12号線大江戸線", "station_group_ids": [], "mode": "urban", "operator_id": "東京都", "line_color": "#B6007A", "tags": ["tokyo", "track_centerline"]}}, {"type": "Feature", "bbox": [139.70131, 35.683, 139.70174, 35.68456], "geometry": {"type": "LineString", "coordinates": [[139.70174, 35.683], [139.70131, 35.68456]]}, "properties": {"id": "TRACK_TOKYO_2018", "line_name": "12号線大江戸線", "station_group_ids": [], "mode": "urban", "operator_id": "東京都", "line_color": "#B6007A", "tags": ["tokyo", "track_centerline"]}}, {"type": "Feature", "bbox": [139.76955, 35.74576, 139.77365, 35.74914], "geometry": {"type": "LineString", "coordinates": [[139.77365, 35.74576], [139.7728, 35.74628], [139.77266, 35.74638], [139.77238, 35.74664], [139.77206, 35.74701], [139.772, 35.74706], [139.77164, 35.74748], [139.7715, 35.74763], [139.77127, 35.74788], [139.77062, 35.74853], [139.7703, 35.74878], [139.77003, 35.74894], [139.76984, 35.74905], [139.76976, 35.74907], [139.76961, 35.74912], [139.76955, 35.74914]]}, "properties": {"id": "TRACK_TOKYO_2027", "line_name": "荒川線", "station_group_ids": [], "mode": "urban", "operator_id": "東京都", "line_color": "#8B4C39", "tags": ["tokyo", "track_centerline"]}}, {"type": "Feature", "bbox": [139.77405, 35.74408, 139.7762, 35.74549], "geometry": {"type": "LineString", "coordinates": [[139.7762, 35.74408], [139.77572, 35.7444], [139.77568, 35.74442], [139.77552, 35.74453], [139.77432, 35.74532], [139.77405, 35.74549]]}, "properties": {"id": "TRACK_TOKYO_2028", "line_name": "荒川線", "station_group_ids": [], "mode": "urban", "operator_id": "東京都", "line_color": "#8B4C39", "tags": ["tokyo", "track_centerline"]}}, {"type": "Feature", "bbox": [139.78392, 35.74195, 139.78417, 35.74205], "geometry": {"type": "LineString", "coordinates": [[139.78392, 35.74205], [139.78417, 35.74195]]}, "properties": {"id": "TRACK_TOKYO_2029", "line_name": "荒川線", "station_group_ids": [], "mode": "urban", "operator_id": "東京都", "line_color": "#8B4C39", "tags": ["tokyo", "track_centerline"]}}, {"type": "Feature", "bbox": [139.78088, 35.74205, 139.78392, 35.74275], "geometry": {"type": "LineString", "coordinates": [[139.78392, 35.74205], [139.78283, 35.74233], [139.78161, 35.7426], [139.78088, 35.74275]]}, "properties": {"id": "TRACK_TOKYO_2030", "line_name": "荒川線", "station_group_ids": [], "mode": "urban", "operator_id": "東京都", "line_color": "#8B4C39", "tags": ["tokyo", "track_centerline"]}}, {"type": "Feature", "bbox": [139.76901, 35.74914, 139.76955, 35.74922], "geometry": {"type": "LineString", "coordinates": [[139.76955, 35.74914], [139.76901, 35.74922]]}, "properties": {"id": "TRACK_TOKYO_2031", "line_name": "荒川線", "station_group_ids": [], "mode": "urban", "operator_id": "東京都", "line_color": "#8B4C39", "tags": ["tokyo", "track_centerline"]}}, {"type": "Feature", "bbox": [139.78893, 35.73235, 139.79127, 35.73362], "geometry": {"type": "LineString", "coordinates": [[139.79127, 35.73235], [139.7909, 35.73255], [139.78984, 35.73313], [139.78893, 35.73362]]}, "properties": {"id": "TRACK_TOKYO_2032", "line_name": "荒川線", "station_group_ids": [], "mode": "urban", "operator_id": "東京都", "line_color": "#8B4C39", "tags": ["tokyo", "track_centerline"]}}, {"type": "Feature", "bbox": [139.78469, 35.73554, 139.78585, 35.73837], "geometry": {"type": "LineString", "coordinates": [[139.78585, 35.73554], [139.78516, 35.73628], [139.78511, 35.73635], [139.78493, 35.73657], [139.78479, 35.73679], [139.78475, 35.73695], [139.78473, 35.73717], [139.78472, 35.73724], [139.78469, 35.73837]]}, "properties": {"id": "TRACK_TOKYO_2033", "line_name": "荒川線", "station_group_ids": [], "mode": "urban", "operator_id": "東京都", "line_color": "#8B4C39", "tags": ["tokyo", "track_centerline"]}}, {"type": "Feature", "bbox": [139.79127, 35.73209, 139.79174, 35.73235], "geometry": {"type": "LineString", "coordinates": [[139.79174, 35.73209], [139.79127, 35.73235]]}, "properties": {"id": "TRACK_TOKYO_2034", "line_name": "荒川線", "station_group_ids": [], "mode": "urban", "operator_id": "東京都", "line_color": "#8B4C39", "tags": ["tokyo", "track_centerline"]}}, {"type": "Feature", "bbox": [139.78469, 35.73837, 139.78469, 35.73883], "geometry": {"type": "LineString", "coordinates": [[139.78469, 35.73837], [139.78469, 35.73883]]}, "properties": {"id": "TRACK_TOKYO_2035", "line_name": "荒川線", "station_group_ids": [], "mode": "urban", "operator_id": "東京都", "line_color": "#8B4C39", "tags": ["tokyo", "track_centerline"]}}, {"type": "Feature", "bbox": [139.7762, 35.74375, 139.77665, 35.74408], "geometry": {"type": "LineString", "coordinates": [[139.77665, 35.74375], [139.7762, 35.74408]]}, "properties": {"id": "TRACK_TOKYO_2036", "line_name": "荒川線", "station_group_ids": [], "mode": "urban", "operator_id": "東京都", "line_color": "#8B4C39", "tags": ["tokyo", "track_centerline"]}}, {"type": "Feature", "bbox": [139.78417, 35.73883, 139.78469, 35.74195], "geometry": {"type": "LineString", "coordinates": [[139.78469, 35.73883], [139.78464, 35.74139], [139.78444, 35.74174], [139.78428, 35.74187], [139.78417, 35.74195]]}, "properties": {"id": "TRACK_TOKYO_2037", "line_name": "荒川線", "station_group_ids": [], "mode": "urban", "operator_id": "東京都", "line_color": "#8B4C39", "tags": ["tokyo", "track_centerline"]}}, {"type": "Feature", "bbox": [139.76564, 35.74986, 139.76589, 35.74991], "geometry": {"type": "LineString", "coordinates": [[139.76564, 35.74991], [139.76589, 35.74986]]}, "properties": {"id": "TRACK_TOKYO_2038", "line_name": "荒川線", "station_group_ids": [], "mode": "urban", "operator_id": "東京都", "line_color": "#8B4C39", "tags": ["tokyo", "track_centerline"]}}, {"type": "Feature", "bbox": [139.78585, 35.73519, 139.78617, 35.73554], "geometry": {"type": "LineString", "coordinates": [[139.78617, 35.73519], [139.78585, 35.73554]]}, "properties": {"id": "TRACK_TOKYO_2039", "line_name": "荒川線", "station_group_ids": [], "mode": "urban", "operator_id": "東京都", "line_color": "#8B4C39", "tags": ["tokyo", "track_centerline"]}}, {"type": "Feature", "bbox": [139.78617, 35.73376, 139.78868, 35.73519], "geometry": {"type": "LineString", "coordinates": [[139.78868, 35.73376], [139.7886, 35.7338], [139.7885, 35.73386], [139.78823, 35.73395], [139.78754, 35.73408], [139.78733, 35.73415], [139.78717, 35.73424], [139.78697, 35.73438], [139.78666, 35.73466], [139.78625, 35.7351], [139.78617, 35.73519]]}, "properties": {"id": "TRACK_TOKYO_2040", "line_name": "荒川線", "station_group_ids": [], "mode": "urban", "operator_id": "東京都", "line_color": "#8B4C39", "tags": ["tokyo", "track_centerline"]}}, {"type": "Feature", "bbox": [139.77365, 35.74549, 139.77405, 35.74576], "geometry": {"type": "LineString", "coordinates": [[139.77405, 35.74549], [139.77375, 35.74569], [139.77365, 35.74576]]}, "properties": {"id": "TRACK_TOKYO_2041", "line_name": "荒川線", "station_group_ids": [], "mode": "urban", "operator_id": "東京都", "line_color": "#8B4C39", "tags": ["tokyo", "track_centerline"]}}, {"type": "Feature", "bbox": [139.77665, 35.7428, 139.78067, 35.74375], "geometry": {"type": "LineString", "coordinates": [[139.78067, 35.7428], [139.78055, 35.74283], [139.78044, 35.74285], [139.77989, 35.74296], [139.77933, 35.74309], [139.77856, 35.74326], [139.77796, 35.74339], [139.77789, 35.7434], [139.77734, 35.74353], [139.77692, 35.74362], [139.77675, 35.74368], [139.77665, 35.74375]]}, "properties": {"id": "TRACK_TOKYO_2042", "line_name": "荒川線", "station_group_ids": [], "mode": "urban", "operator_id": "東京都", "line_color": "#8B4C39", "tags": ["tokyo", "track_centerline"]}}, {"type": "Feature", "bbox": [139.78067, 35.74275, 139.78088, 35.7428], "geometry": {"type": "LineString", "coordinates": [[139.78067, 35.7428], [139.78088, 35.74275]]}, "properties": {"id": "TRACK_TOKYO_2043", "line_name": "荒川線", "station_group_ids": [], "mode": "urban", "operator_id": "東京都", "line_color": "#8B4C39", "tags": ["tokyo", "track_centerline"]}}, {"type": "Feature", "bbox": [139.76589, 35.74922, 139.76901, 35.74986], "geometry": {"type": "LineString", "coordinates": [[139.76901, 35.74922], [139.76871, 35.74925], [139.76866, 35.74925], [139.76831, 35.74929], [139.76762, 35.74946], [139.76659, 35.7497], [139.76641, 35.74974], [139.76589, 35.74986]]}, "properties": {"id": "TRACK_TOKYO_2044", "line_name": "荒川線", "station_group_ids": [], "mode": "urban", "operator_id": "東京都", "line_color": "#8B4C39", "tags": ["tokyo", "track_centerline"]}}, {"type": "Feature", "bbox": [139.78868, 35.73362, 139.78893, 35.73376], "geometry": {"type": "LineString", "coordinates": [[139.78868, 35.73376], [139.78893, 35.73362]]}, "properties": {"id": "TRACK_TOKYO_2045", "line_name": "荒川線", "station_group_ids": [], "mode": "urban", "operator_id": "東京都", "line_color": "#8B4C39", "tags": ["tokyo", "track_centerline"]}}, {"type": "Feature", "bbox": [139.75256, 35.75085, 139.75305, 35.75087], "geometry": {"type": "LineString", "coordinates": [[139.75256, 35.75087], [139.75305, 35.75085]]}, "properties": {"id": "TRACK_TOKYO_2046", "line_name": "荒川線", "station_group_ids": [], "mode": "urban", "operator_id": "東京都", "line_color": "#8B4C39", "tags": ["tokyo", "track_centerline"]}}, {"type": "Feature", "bbox": [139.73798, 35.75256, 139.73846, 35.75289], "geometry": {"type": "LineString", "coordinates": [[139.73846, 35.75256], [139.73824, 35.75274], [139.73798, 35.75289]]}, "properties": {"id": "TRACK_TOKYO_2047", "line_name": "荒川線", "station_group_ids": [], "mode": "urban", "operator_id": "東京都", "line_color": "#8B4C39", "tags": ["tokyo", "track_centerline"]}}, {"type": "Feature", "bbox": [139.7355, 35.74742, 139.73721, 35.74989], "geometry": {"type": "LineString", "coordinates": [[139.7355, 35.74742], [139.73686, 35.74938], [139.73721, 35.74989]]}, "properties": {"id": "TRACK_TOKYO_2048", "line_name": "荒川線", "station_group_ids": [], "mode": "urban", "operator_id": "東京都", "line_color": "#8B4C39", "tags": ["tokyo", "track_centerline"]}}, {"type": "Feature", "bbox": [139.762, 35.74991, 139.76564, 35.75048], "geometry": {"type": "LineString", "coordinates": [[139.76564, 35.74991], [139.76531, 35.74999], [139.76526, 35.75], [139.76434, 35.75021], [139.76388, 35.75032], [139.76324, 35.75041], [139.76317, 35.75041], [139.76308, 35.75041], [139.76255, 35.75044], [139.76214, 35.75047], [139.762, 35.75048]]}, "properties": {"id": "TRACK_TOKYO_2049", "line_name": "荒川線", "station_group_ids": [], "mode": "urban", "operator_id": "東京都", "line_color": "#8B4C39", "tags": ["tokyo", "track_centerline"]}}, {"type": "Feature", "bbox": [139.74702, 35.75107, 139.74758, 35.75107], "geometry": {"type": "LineString", "coordinates": [[139.74758, 35.75107], [139.74702, 35.75107]]}, "properties": {"id": "TRACK_TOKYO_2050", "line_name": "荒川線", "station_group_ids": [], "mode": "urban", "operator_id": "東京都", "line_color": "#8B4C39", "tags": ["tokyo", "track_centerline"]}}, {"type": "Feature", "bbox": [139.73533, 35.74718, 139.7355, 35.74742], "geometry": {"type": "LineString", "coordinates": [[139.7355, 35.74742], [139.73533, 35.74718]]}, "properties": {"id": "TRACK_TOKYO_2051", "line_name": "荒川線", "station_group_ids": [], "mode": "urban", "operator_id": "東京都", "line_color": "#8B4C39", "tags": ["tokyo", "track_centerline"]}}, {"type": "Feature", "bbox": [139.73638, 35.75024, 139.73798, 35.75295], "geometry": {"type": "LineString", "coordinates": [[139.73743, 35.75024], [139.7375, 35.75035], [139.73752, 35.75053], [139.73745, 35.75069], [139.73663, 35.75175], [139.73647, 35.75197], [139.73638, 35.75216], [139.73639, 35.75228], [139.73645, 35.75244], [139.73655, 35.75257], [139.7367, 35.75269], [139.73696, 35.75283], [139.73712, 35.75289], [139.73738, 35.75295], [139.73798, 35.75289]]}, "properties": {"id": "TRACK_TOKYO_2052", "line_name": "荒川線", "station_group_ids": [], "mode": "urban", "operator_id": "東京都", "line_color": "#8B4C39", "tags": ["tokyo", "track_centerline"]}}, {"type": "Feature", "bbox": [139.74251, 35.75086, 139.74702, 35.75108], "geometry": {"type": "LineString", "coordinates": [[139.74251, 35.75086], [139.74295, 35.7509], [139.74483, 35.75102], [139.74579, 35.75104], [139.74677, 35.75108], [139.74697, 35.75107], [139.74702, 35.75107]]}, "properties": {"id": "TRACK_TOKYO_2053", "line_name": "荒川線", "station_group_ids": [], "mode": "urban", "operator_id": "東京都", "line_color": "#8B4C39", "tags": ["tokyo", "track_centerline"]}}, {"type": "Feature", "bbox": [139.7572, 35.75064, 139.75775, 35.75066], "geometry": {"type": "LineString", "coordinates": [[139.75775, 35.75064], [139.75741, 35.75065], [139.7572, 35.75066]]}, "properties": {"id": "TRACK_TOKYO_2054", "line_name": "荒川線", "station_group_ids": [], "mode": "urban", "operator_id": "東京都", "line_color": "#8B4C39", "tags": ["tokyo", "track_centerline"]}}, {"type": "Feature", "bbox": [139.73254, 35.74404, 139.73283, 35.74443], "geometry": {"type": "LineString", "coordinates": [[139.73254, 35.74404], [139.73283, 35.74443]]}, "properties": {"id": "TRACK_TOKYO_2055", "line_name": "荒川線", "station_group_ids": [], "mode": "urban", "operator_id": "東京都", "line_color": "#8B4C39", "tags": ["tokyo", "track_centerline"]}}, {"type": "Feature", "bbox": [139.74758, 35.75087, 139.75256, 35.75107], "geometry": {"type": "LineString", "coordinates": [[139.75256, 35.75087], [139.7524, 35.75088], [139.75181, 35.7509], [139.75169, 35.7509], [139.7514, 35.75092], [139.75078, 35.75094], [139.75054, 35.75095], [139.75006, 35.75097], [139.74993, 35.75098], [139.74984, 35.75098], [139.74865, 35.75103], [139.74784, 35.75106], [139.74758, 35.75107]]}, "properties": {"id": "TRACK_TOKYO_2056", "line_name": "荒川線", "station_group_ids": [], "mode": "urban", "operator_id": "東京都", "line_color": "#8B4C39", "tags": ["tokyo", "track_centerline"]}}, {"type": "Feature", "bbox": [139.75305, 35.75066, 139.7572, 35.75085], "geometry": {"type": "LineString", "coordinates": [[139.7572, 35.75066], [139.75679, 35.75068], [139.75579, 35.75072], [139.75513, 35.75075], [139.75501, 35.75076], [139.75474, 35.75077], [139.75433, 35.75079], [139.75356, 35.75082], [139.7535, 35.75083], [139.75305, 35.75085]]}, "properties": {"id": "TRACK_TOKYO_2057", "line_name": "荒川線", "station_group_ids": [], "mode": "urban", "operator_id": "東京都", "line_color": "#8B4C39", "tags": ["tokyo", "track_centerline"]}}, {"type": "Feature", "bbox": [139.73846, 35.75075, 139.74193, 35.75256], "geometry": {"type": "LineString", "coordinates": [[139.73846, 35.75256], [139.73871, 35.75236], [139.73917, 35.75194], [139.7397, 35.75151], [139.74051, 35.75085], [139.74062, 35.75077], [139.74096, 35.75075], [139.74193, 35.75082]]}, "properties": {"id": "TRACK_TOKYO_2058", "line_name": "荒川線", "station_group_ids": [], "mode": "urban", "operator_id": "東京都", "line_color": "#8B4C39", "tags": ["tokyo", "track_centerline"]}}, {"type": "Feature", "bbox": [139.73721, 35.74989, 139.73743, 35.75024], "geometry": {"type": "LineString", "coordinates": [[139.73721, 35.74989], [139.73743, 35.75024]]}, "properties": {"id": "TRACK_TOKYO_2059", "line_name": "荒川線", "station_group_ids": [], "mode": "urban", "operator_id": "東京都", "line_color": "#8B4C39", "tags": ["tokyo", "track_centerline"]}}, {"type": "Feature", "bbox": [139.73046, 35.74129, 139.73254, 35.74404], "geometry": {"type": "LineString", "coordinates": [[139.73046, 35.74129], [139.73069, 35.74161], [139.73192, 35.74321], [139.73222, 35.7436], [139.73254, 35.74404]]}, "properties": {"id": "TRACK_TOKYO_2060", "line_name": "荒川線", "station_group_ids": [], "mode": "urban", "operator_id": "東京都", "line_color": "#8B4C39", "tags": ["tokyo", "track_centerline"]}}, {"type": "Feature", "bbox": [139.76147, 35.75048, 139.762, 35.7505], "geometry": {"type": "LineString", "coordinates": [[139.762, 35.75048], [139.76147, 35.7505]]}, "properties": {"id": "TRACK_TOKYO_2061", "line_name": "荒川線", "station_group_ids": [], "mode": "urban", "operator_id": "東京都", "line_color": "#8B4C39", "tags": ["tokyo", "track_centerline"]}}, {"type": "Feature", "bbox": [139.75775, 35.7505, 139.76147, 35.75064], "geometry": {"type": "LineString", "coordinates": [[139.76147, 35.7505], [139.76027, 35.75055], [139.75947, 35.75058], [139.75861, 35.75061], [139.75789, 35.75064], [139.75775, 35.75064]]}, "properties": {"id": "TRACK_TOKYO_2062", "line_name": "荒川線", "station_group_ids": [], "mode": "urban", "operator_id": "東京都", "line_color": "#8B4C39", "tags": ["tokyo", "track_centerline"]}}, {"type": "Feature", "bbox": [139.73283, 35.74443, 139.73533, 35.74718], "geometry": {"type": "LineString", "coordinates": [[139.73283, 35.74443], [139.73297, 35.74462], [139.73318, 35.7448], [139.73373, 35.74521], [139.73416, 35.74558], [139.73443, 35.74589], [139.7347, 35.74627], [139.73533, 35.74718]]}, "properties": {"id": "TRACK_TOKYO_2063", "line_name": "荒川線", "station_group_ids": [], "mode": "urban", "operator_id": "東京都", "line_color": "#8B4C39", "tags": ["tokyo", "track_centerline"]}}, {"type": "Feature", "bbox": [139.74193, 35.75082, 139.74251, 35.75086], "geometry": {"type": "LineString", "coordinates": [[139.74193, 35.75082], [139.74251, 35.75086]]}, "properties": {"id": "TRACK_TOKYO_2064", "line_name": "荒川線", "station_group_ids": [], "mode": "urban", "operator_id": "東京都", "line_color": "#8B4C39", "tags": ["tokyo", "track_centerline"]}}, {"type": "Feature", "bbox": [139.71882, 35.71181, 139.71929, 35.71194], "geometry": {"type": "LineString", "coordinates": [[139.71929, 35.71181], [139.71882, 35.71194]]}, "properties": {"id": "TRACK_TOKYO_2065", "line_name": "荒川線", "station_group_ids": [], "mode": "urban", "operator_id": "東京都", "line_color": "#8B4C39", "tags": ["tokyo", "track_centerline"]}}, {"type": "Feature", "bbox": [139.72964, 35.73933, 139.73024, 35.74092], "geometry": {"type": "LineString", "coordinates": [[139.72964, 35.73933], [139.73024, 35.74092]]}, "properties": {"id": "TRACK_TOKYO_2066", "line_name": "荒川線", "station_group_ids": [], "mode": "urban", "operator_id": "東京都", "line_color": "#8B4C39", "tags": ["tokyo", "track_centerline"]}}, {"type": "Feature", "bbox": [139.72947, 35.73892, 139.72964, 35.73933], "geometry": {"type": "LineString", "coordinates": [[139.72947, 35.73892], [139.72964, 35.73933]]}, "properties": {"id": "TRACK_TOKYO_2067", "line_name": "荒川線", "station_group_ids": [], "mode": "urban", "operator_id": "東京都", "line_color": "#8B4C39", "tags": ["tokyo", "track_centerline"]}}, {"type": "Feature", "bbox": [139.71186, 35.7129, 139.71443, 35.71554], "geometry": {"type": "LineString", "coordinates": [[139.71443, 35.7129], [139.7143, 35.71292], [139.71219, 35.714], [139.71201, 35.71412], [139.71193, 35.7142], [139.71188, 35.71435], [139.71186, 35.71451], [139.71189, 35.71468], [139.71191, 35.71479], [139.71195, 35.71494], [139.71221, 35.71554]]}, "properties": {"id": "TRACK_TOKYO_2068", "line_name": "荒川線", "station_group_ids": [], "mode": "urban", "operator_id": "東京都", "line_color": "#8B4C39", "tags": ["tokyo", "track_centerline"]}}, {"type": "Feature", "bbox": [139.71492, 35.71194, 139.71882, 35.71281], "geometry": {"type": "LineString", "coordinates": [[139.71882, 35.71194], [139.71697, 35.71243], [139.7151, 35.71277], [139.71492, 35.71281]]}, "properties": {"id": "TRACK_TOKYO_2069", "line_name": "荒川線", "station_group_ids": [], "mode": "urban", "operator_id": "東京都", "line_color": "#8B4C39", "tags": ["tokyo", "track_centerline"]}}, {"type": "Feature", "bbox": [139.71443, 35.71281, 139.71492, 35.7129], "geometry": {"type": "LineString", "coordinates": [[139.71492, 35.71281], [139.71443, 35.7129]]}, "properties": {"id": "TRACK_TOKYO_2070", "line_name": "荒川線", "station_group_ids": [], "mode": "urban", "operator_id": "東京都", "line_color": "#8B4C39", "tags": ["tokyo", "track_centerline"]}}, {"type": "Feature", "bbox": [139.71221, 35.71554, 139.71241, 35.71596], "geometry": {"type": "LineString", "coordinates": [[139.71221, 35.71554], [139.71241, 35.71596]]}, "properties": {"id": "TRACK_TOKYO_2071", "line_name": "荒川線", "station_group_ids": [], "mode": "urban", "operator_id": "東京都", "line_color": "#8B4C39", "tags": ["tokyo", "track_centerline"]}}, {"type": "Feature", "bbox": [139.71241, 35.71596, 139.71502, 35.7204], "geometry": {"type": "LineString", "coordinates": [[139.71241, 35.71596], [139.71265, 35.71645], [139.71344, 35.71807], [139.71366, 35.71842], [139.71502, 35.7204]]}, "properties": {"id": "TRACK_TOKYO_2072", "line_name": "荒川線", "station_group_ids": [], "mode": "urban", "operator_id": "東京都", "line_color": "#8B4C39", "tags": ["tokyo", "track_centerline"]}}, {"type": "Feature", "bbox": [139.72498, 35.72893, 139.7294, 35.73145], "geometry": {"type": "LineString", "coordinates": [[139.72498, 35.72893], [139.72602, 35.72989], [139.72623, 35.73004], [139.72718, 35.7305], [139.72794, 35.73087], [139.72815, 35.73094], [139.72831, 35.73096], [139.72862, 35.73093], [139.72887, 35.73091], [139.72895, 35.73094], [139.72902, 35.73102], [139.72917, 35.73115], [139.7294, 35.73145]]}, "properties": {"id": "TRACK_TOKYO_2073", "line_name": "荒川線", "station_group_ids": [], "mode": "urban", "operator_id": "東京都", "line_color": "#8B4C39", "tags": ["tokyo", "track_centerline"]}}, {"type": "Feature", "bbox": [139.7181, 35.72433, 139.7205, 35.7254], "geometry": {"type": "LineString", "coordinates": [[139.7181, 35.72433], [139.71838, 35.7245], [139.71883, 35.72472], [139.7205, 35.7254]]}, "properties": {"id": "TRACK_TOKYO_2074", "line_name": "荒川線", "station_group_ids": [], "mode": "urban", "operator_id": "東京都", "line_color": "#8B4C39", "tags": ["tokyo", "track_centerline"]}}, {"type": "Feature", "bbox": [139.73024, 35.74092, 139.73046, 35.74129], "geometry": {"type": "LineString", "coordinates": [[139.73024, 35.74092], [139.73046, 35.74129]]}, "properties": {"id": "TRACK_TOKYO_2075", "line_name": "荒川線", "station_group_ids": [], "mode": "urban", "operator_id": "東京都", "line_color": "#8B4C39", "tags": ["tokyo", "track_centerline"]}}, {"type": "Feature", "bbox": [139.7205, 35.7254, 139.72097, 35.7256], "geometry": {"type": "LineString", "coordinates": [[139.7205, 35.7254], [139.72097, 35.7256]]}, "properties": {"id": "TRACK_TOKYO_2076", "line_name": "荒川線", "station_group_ids": [], "mode": "urban", "operator_id": "東京都", "line_color": "#8B4C39", "tags": ["tokyo", "track_centerline"]}}, {"type": "Feature", "bbox": [139.72463, 35.7286, 139.72498, 35.72893], "geometry": {"type": "LineString", "coordinates": [[139.72463, 35.7286], [139.72498, 35.72893]]}, "properties": {"id": "TRACK_TOKYO_2077", "line_name": "荒川線", "station_group_ids": [], "mode": "urban", "operator_id": "東京都", "line_color": "#8B4C39", "tags": ["tokyo", "track_centerline"]}}, {"type": "Feature", "bbox": [139.71529, 35.72076, 139.71756, 35.72382], "geometry": {"type": "LineString", "coordinates": [[139.71529, 35.72076], [139.71577, 35.72139], [139.71756, 35.72382]]}, "properties": {"id": "TRACK_TOKYO_2078", "line_name": "荒川線", "station_group_ids": [], "mode": "urban", "operator_id": "東京都", "line_color": "#8B4C39", "tags": ["tokyo", "track_centerline"]}}, {"type": "Feature", "bbox": [139.72097, 35.7256, 139.72463, 35.7286], "geometry": {"type": "LineString", "coordinates": [[139.72097, 35.7256], [139.72112, 35.72566], [139.72231, 35.72619], [139.72263, 35.7264], [139.7229, 35.72662], [139.72308, 35.7268], [139.72358, 35.72736], [139.72415, 35.72808], [139.72463, 35.7286]]}, "properties": {"id": "TRACK_TOKYO_2079", "line_name": "荒川線", "station_group_ids": [], "mode": "urban", "operator_id": "東京都", "line_color": "#8B4C39", "tags": ["tokyo", "track_centerline"]}}, {"type": "Feature", "bbox": [139.7294, 35.73145, 139.72951, 35.73179], "geometry": {"type": "LineString", "coordinates": [[139.7294, 35.73145], [139.72951, 35.73179]]}, "properties": {"id": "TRACK_TOKYO_2080", "line_name": "荒川線", "station_group_ids": [], "mode": "urban", "operator_id": "東京都", "line_color": "#8B4C39", "tags": ["tokyo", "track_centerline"]}}, {"type": "Feature", "bbox": [139.72778, 35.73496, 139.72804, 35.73536], "geometry": {"type": "LineString", "coordinates": [[139.72804, 35.73496], [139.72778, 35.73536]]}, "properties": {"id": "TRACK_TOKYO_2081", "line_name": "荒川線", "station_group_ids": [], "mode": "urban", "operator_id": "東京都", "line_color": "#8B4C39", "tags": ["tokyo", "track_centerline"]}}, {"type": "Feature", "bbox": [139.71756, 35.72382, 139.7181, 35.72433], "geometry": {"type": "LineString", "coordinates": [[139.7181, 35.72433], [139.71779, 35.72405], [139.71756, 35.72382]]}, "properties": {"id": "TRACK_TOKYO_2082", "line_name": "荒川線", "station_group_ids": [], "mode": "urban", "operator_id": "東京都", "line_color": "#8B4C39", "tags": ["tokyo", "track_centerline"]}}, {"type": "Feature", "bbox": [139.71502, 35.7204, 139.71529, 35.72076], "geometry": {"type": "LineString", "coordinates": [[139.71502, 35.7204], [139.71529, 35.72076]]}, "properties": {"id": "TRACK_TOKYO_2083", "line_name": "荒川線", "station_group_ids": [], "mode": "urban", "operator_id": "東京都", "line_color": "#8B4C39", "tags": ["tokyo", "track_centerline"]}}, {"type": "Feature", "bbox": [139.7274, 35.73536, 139.72947, 35.73892], "geometry": {"type": "LineString", "coordinates": [[139.72778, 35.73536], [139.72742, 35.73602], [139.7274, 35.73616], [139.7274, 35.73631], [139.72745, 35.73648], [139.72756, 35.73665], [139.72778, 35.73689], [139.72847, 35.73763], [139.729, 35.73824], [139.72931, 35.73863], [139.72947, 35.73892]]}, "properties": {"id": "TRACK_TOKYO_2084", "line_name": "荒川線", "station_group_ids": [], "mode": "urban", "operator_id": "東京都", "line_color": "#8B4C39", "tags": ["tokyo", "track_centerline"]}}, {"type": "Feature", "bbox": [139.72804, 35.73179, 139.7296, 35.73496], "geometry": {"type": "LineString", "coordinates": [[139.72951, 35.73179], [139.7296, 35.73226], [139.72959, 35.73241], [139.72953, 35.73267], [139.72928, 35.73315], [139.72897, 35.73369], [139.72804, 35.73496]]}, "properties": {"id": "TRACK_TOKYO_2085", "line_name": "荒川線", "station_group_ids": [], "mode": "urban", "operator_id": "東京都", "line_color": "#8B4C39", "tags": ["tokyo", "track_centerline"]}}, {"type": "Feature", "bbox": [139.77885, 35.66868, 139.79168, 35.67464], "geometry": {"type": "LineString", "coordinates": [[139.77885, 35.67462], [139.77965, 35.67463], [139.77985, 35.67464], [139.78066, 35.67459], [139.78154, 35.6744], [139.78256, 35.67409], [139.78323, 35.67378], [139.78458, 35.67311], [139.78725, 35.67171], [139.78742, 35.67163], [139.78885, 35.67089], [139.79021, 35.66991], [139.7911, 35.66916], [139.79168, 35.66868]]}, "properties": {"id": "TRACK_TOKYO_2139", "line_name": "京葉線", "station_group_ids": [], "mode": "rail", "operator_id": "jr_east", "line_color": "#C62828", "tags": ["tokyo", "track_centerline"]}}, {"type": "Feature", "bbox": [139.76633, 35.67461, 139.77713, 35.67746], "geometry": {"type": "LineString", "coordinates": [[139.76633, 35.67746], [139.76711, 35.6773], [139.76844, 35.67674], [139.76856, 35.6767], [139.7698, 35.67619], [139.77123, 35.67562], [139.77188, 35.67535], [139.7725, 35.67509], [139.77433, 35.67464], [139.77585, 35.67461], [139.7769, 35.67462], [139.77713, 35.67462]]}, "properties": {"id": "TRACK_TOKYO_2143", "line_name": "京葉線", "station_group_ids": [], "mode": "rail", "operator_id": "jr_east", "line_color": "#C62828", "tags": ["tokyo", "track_centerline"]}}, {"type": "Feature", "bbox": [139.77713, 35.67462, 139.77885, 35.67462], "geometry": {"type": "LineString", "coordinates": [[139.77885, 35.67462], [139.77859, 35.67462], [139.77713, 35.67462]]}, "properties": {"id": "TRACK_TOKYO_2144", "line_name": "京葉線", "station_group_ids": [], "mode": "rail", "operator_id": "jr_east", "line_color": "#C62828", "tags": ["tokyo", "track_centerline"]}}, {"type": "Feature", "bbox": [139.76414, 35.67746, 139.76633, 35.67791], "geometry": {"type": "LineString", "coordinates": [[139.76414, 35.67791], [139.76515, 35.67771], [139.76633, 35.67746]]}, "properties": {"id": "TRACK_TOKYO_2149", "line_name": "京葉線", "station_group_ids": [], "mode": "rail", "operator_id": "jr_east", "line_color": "#C62828", "tags": ["tokyo", "track_centerline"]}}, {"type": "Feature", "bbox": [139.61474, 35.90782, 139.62383, 35.93093], "geometry": {"type": "LineString", "coordinates": [[139.62383, 35.90782], [139.62362, 35.90835], [139.62308, 35.90968], [139.62287, 35.91022], [139.62256, 35.91137], [139.62243, 35.91208], [139.62232, 35.91235], [139.62203, 35.91316], [139.62177, 35.91371], [139.62094, 35.91586], [139.6204, 35.91713], [139.61996, 35.91824], [139.61943, 35.91965], [139.61937, 35.91987], [139.61931, 35.92005], [139.61839, 35.92244], [139.61752, 35.92474], [139.61751, 35.92479], [139.61743, 35.92502], [139.61734, 35.92525], [139.61694, 35.92626], [139.6166, 35.92753], [139.61636, 35.92829], [139.61609, 35.92882], [139.61555, 35.92982], [139.61474, 35.93093]]}, "properties": {"id": "TRACK_TOKYO_2190", "line_name": "高崎線", "station_group_ids": [], "mode": "rail", "operator_id": "jr_east", "line_color": "#F28E1C", "tags": ["tokyo", "track_centerline"]}}, {"type": "Feature", "bbox": [139.62383, 35.90505, 139.62491, 35.90782], "geometry": {"type": "LineString", "coordinates": [[139.62491, 35.90505], [139.62383, 35.90782]]}, "properties": {"id": "TRACK_TOKYO_2191", "line_name": "高崎線", "station_group_ids": [], "mode": "rail", "operator_id": "jr_east", "line_color": "#F28E1C", "tags": ["tokyo", "track_centerline"]}}, {"type": "Feature", "bbox": [139.74144, 35.73419, 139.74697, 35.73634], "geometry": {"type": "LineString", "coordinates": [[139.74144, 35.73419], [139.74435, 35.73534], [139.74531, 35.73572], [139.74648, 35.73618], [139.74677, 35.73622], [139.74697, 35.73634]]}, "properties": {"id": "TRACK_TOKYO_2240", "line_name": "山手線", "station_group_ids": [], "mode": "rail", "operator_id": "jr_east", "line_color": "#88C840", "tags": ["tokyo", "track_centerline"]}}, {"type": "Feature", "bbox": [139.7585, 35.73826, 139.76067, 35.74006], "geometry": {"type": "LineString", "coordinates": [[139.7585, 35.74006], [139.759, 35.73967], [139.75992, 35.7389], [139.76009, 35.73875], [139.76023, 35.73863], [139.76067, 35.73826]]}, "properties": {"id": "TRACK_TOKYO_2241", "line_name": "山手線", "station_group_ids": [], "mode": "rail", "operator_id": "jr_east", "line_color": "#88C840", "tags": ["tokyo", "track_centerline"]}}, {"type": "Feature", "bbox": [139.74914, 35.73738, 139.7585, 35.74053], "geometry": {"type": "LineString", "coordinates": [[139.74914, 35.73738], [139.74937, 35.73749], [139.75007, 35.73785], [139.75035, 35.73799], [139.75228, 35.73896], [139.75459, 35.7401], [139.75475, 35.74017], [139.75491, 35.74024], [139.75516, 35.74033], [139.75559, 35.74046], [139.7558, 35.7405], [139.75598, 35.74052], [139.75622, 35.74053], [139.75683, 35.74048], [139.7585, 35.74006]]}, "properties": {"id": "TRACK_TOKYO_2242", "line_name": "山手線", "station_group_ids": [], "mode": "rail", "operator_id": "jr_east", "line_color": "#88C840", "tags": ["tokyo", "track_centerline"]}}, {"type": "Feature", "bbox": [139.7066, 35.72145, 139.70915, 35.72618], "geometry": {"type": "LineString", "coordinates": [[139.70915, 35.72618], [139.70802, 35.72406], [139.7068, 35.72181], [139.7066, 35.72145]]}, "properties": {"id": "TRACK_TOKYO_2243", "line_name": "山手線", "station_group_ids": [], "mode": "rail", "operator_id": "jr_east", "line_color": "#88C840", "tags": ["tokyo", "track_centerline"]}}, {"type": "Feature", "bbox": [139.70915, 35.72618, 139.7105, 35.72903], "geometry": {"type": "LineString", "coordinates": [[139.7105, 35.72903], [139.70915, 35.72618]]}, "properties": {"id": "TRACK_TOKYO_2244", "line_name": "山手線", "station_group_ids": [], "mode": "rail", "operator_id": "jr_east", "line_color": "#88C840", "tags": ["tokyo", "track_centerline"]}}, {"type": "Feature", "bbox": [139.7105, 35.72903, 139.71167, 35.73152], "geometry": {"type": "LineString", "coordinates": [[139.71167, 35.73152], [139.7105, 35.72903]]}, "properties": {"id": "TRACK_TOKYO_2245", "line_name": "山手線", "station_group_ids": [], "mode": "rail", "operator_id": "jr_east", "line_color": "#88C840", "tags": ["tokyo", "track_centerline"]}}, {"type": "Feature", "bbox": [139.71167, 35.73152, 139.72695, 35.73455], "geometry": {"type": "LineString", "coordinates": [[139.72695, 35.73203], [139.72422, 35.73276], [139.72087, 35.73365], [139.71958, 35.73399], [139.71811, 35.73433], [139.71732, 35.7345], [139.71692, 35.73453], [139.71626, 35.73455], [139.7157, 35.7345], [139.71515, 35.73439], [139.7146, 35.73423], [139.71398, 35.73401], [139.71363, 35.73381], [139.7133, 35.73362], [139.71308, 35.73349], [139.71258, 35.73304], [139.71236, 35.73273], [139.71167, 35.73152]]}, "properties": {"id": "TRACK_TOKYO_2246", "line_name": "山手線", "station_group_ids": [], "mode": "rail", "operator_id": "jr_east", "line_color": "#88C840", "tags": ["tokyo", "track_centerline"]}}, {"type": "Feature", "bbox": [139.76067, 35.73669, 139.76248, 35.73826], "geometry": {"type": "LineString", "coordinates": [[139.76067, 35.73826], [139.76248, 35.73669]]}, "properties": {"id": "TRACK_TOKYO_2247", "line_name": "山手線", "station_group_ids": [], "mode": "rail", "operator_id": "jr_east", "line_color": "#88C840", "tags": ["tokyo", "track_centerline"]}}, {"type": "Feature", "bbox": [139.73926, 35.73325, 139.74144, 35.73419], "geometry": {"type": "LineString", "coordinates": [[139.74144, 35.73419], [139.73926, 35.73325]]}, "properties": {"id": "TRACK_TOKYO_2248", "line_name": "山手線", "station_group_ids": [], "mode": "rail", "operator_id": "jr_east", "line_color": "#88C840", "tags": ["tokyo", "track_centerline"]}}, {"type": "Feature", "bbox": [139.70342, 35.71171, 139.70423, 35.7141], "geometry": {"type": "LineString", "coordinates": [[139.70423, 35.7141], [139.70418, 35.71395], [139.70403, 35.71349], [139.70342, 35.71171]]}, "properties": {"id": "TRACK_TOKYO_2249", "line_name": "山手線", "station_group_ids": [], "mode": "rail", "operator_id": "jr_east", "line_color": "#88C840", "tags": ["tokyo", "track_centerline"]}}, {"type": "Feature", "bbox": [139.74697, 35.73634, 139.74914, 35.73738], "geometry": {"type": "LineString", "coordinates": [[139.74697, 35.73634], [139.74909, 35.73736], [139.74914, 35.73738]]}, "properties": {"id": "TRACK_TOKYO_2250", "line_name": "山手線", "station_group_ids": [], "mode": "rail", "operator_id": "jr_east", "line_color": "#88C840", "tags": ["tokyo", "track_centerline"]}}, {"type": "Feature", "bbox": [139.70596, 35.71933, 139.7066, 35.72145], "geometry": {"type": "LineString", "coordinates": [[139.7066, 35.72145], [139.70596, 35.71933]]}, "properties": {"id": "TRACK_TOKYO_2251", "line_name": "山手線", "station_group_ids": [], "mode": "rail", "operator_id": "jr_east", "line_color": "#88C840", "tags": ["tokyo", "track_centerline"]}}, {"type": "Feature", "bbox": [139.72695, 35.73154, 139.72893, 35.73203], "geometry": {"type": "LineString", "coordinates": [[139.72893, 35.73154], [139.72695, 35.73203]]}, "properties": {"id": "TRACK_TOKYO_2252", "line_name": "山手線", "station_group_ids": [], "mode": "rail", "operator_id": "jr_east", "line_color": "#88C840", "tags": ["tokyo", "track_centerline"]}}, {"type": "Feature", "bbox": [139.70423, 35.7141, 139.70596, 35.71933], "geometry": {"type": "LineString", "coordinates": [[139.70596, 35.71933], [139.70582, 35.71889], [139.70578, 35.71875], [139.70495, 35.71621], [139.70492, 35.7161], [139.70485, 35.7159], [139.70473, 35.71557], [139.70466, 35.71535], [139.70461, 35.71521], [139.70448, 35.71482], [139.70438, 35.71454], [139.70423, 35.7141]]}, "properties": {"id": "TRACK_TOKYO_2253", "line_name": "山手線", "station_group_ids": [], "mode": "rail", "operator_id": "jr_east", "line_color": "#88C840", "tags": ["tokyo", "track_centerline"]}}, {"type": "Feature", "bbox": [139.72893, 35.73087, 139.73926, 35.73325], "geometry": {"type": "LineString", "coordinates": [[139.73926, 35.73325], [139.73863, 35.73298], [139.73686, 35.7322], [139.73539, 35.73157], [139.73449, 35.7312], [139.73372, 35.731], [139.73296, 35.73088], [139.73229, 35.73087], [139.73173, 35.7309], [139.73113, 35.731], [139.7304, 35.73117], [139.72996, 35.73128], [139.72971, 35.73135], [139.72906, 35.73151], [139.72893, 35.73154]]}, "properties": {"id": "TRACK_TOKYO_2254", "line_name": "山手線", "station_group_ids": [], "mode": "rail", "operator_id": "jr_east", "line_color": "#88C840", "tags": ["tokyo", "track_centerline"]}}, {"type": "Feature", "bbox": [139.70024, 35.6845, 139.70203, 35.68926], "geometry": {"type": "LineString", "coordinates": [[139.70024, 35.68926], [139.70034, 35.6889], [139.70036, 35.68882], [139.70062, 35.68792], [139.70088, 35.68719], [139.70127, 35.68625], [139.70176, 35.6851], [139.70203, 35.6845]]}, "properties": {"id": "TRACK_TOKYO_2255", "line_name": "山手線", "station_group_ids": [], "mode": "rail", "operator_id": "jr_east", "line_color": "#88C840", "tags": ["tokyo", "track_centerline"]}}, {"type": "Feature", "bbox": [139.70176, 35.68555, 139.70222, 35.68735], "geometry": {"type": "LineString", "coordinates": [[139.70176, 35.68735], [139.70222, 35.68555]]}, "properties": {"id": "TRACK_TOKYO_2256", "line_name": "山手線", "station_group_ids": [], "mode": "rail", "operator_id": "jr_east", "line_color": "#88C840", "tags": ["tokyo", "track_centerline"]}}, {"type": "Feature", "bbox": [139.6994, 35.69167, 139.70019, 35.70011], "geometry": {"type": "LineString", "coordinates": [[139.70019, 35.70011], [139.70006, 35.6989], [139.69999, 35.69828], [139.69986, 35.69775], [139.69952, 35.69644], [139.69943, 35.69595], [139.69942, 35.69572], [139.6994, 35.69531], [139.69947, 35.6948], [139.69967, 35.69392], [139.69994, 35.69286], [139.69999, 35.69264], [139.70002, 35.69228], [139.70003, 35.69201], [139.70004, 35.69167]]}, "properties": {"id": "TRACK_TOKYO_2257", "line_name": "山手線", "station_group_ids": [], "mode": "rail", "operator_id": "jr_east", "line_color": "#88C840", "tags": ["tokyo", "track_centerline"]}}, {"type": "Feature", "bbox": [139.70125, 35.68555, 139.70222, 35.6879], "geometry": {"type": "LineString", "coordinates": [[139.70125, 35.6879], [139.70148, 35.68712], [139.70171, 35.68665], [139.70222, 35.68555]]}, "properties": {"id": "TRACK_TOKYO_2259", "line_name": "山手線", "station_group_ids": [], "mode": "rail", "operator_id": "jr_east", "line_color": "#88C840", "tags": ["tokyo", "track_centerline"]}}, {"type": "Feature", "bbox": [139.70295, 35.6722, 139.70413, 35.67842], "geometry": {"type": "LineString", "coordinates": [[139.70295, 35.6722], [139.70345, 35.67338], [139.70399, 35.67489], [139.70412, 35.67552], [139.70412, 35.67583], [139.70413, 35.67667], [139.70398, 35.67771], [139.70384, 35.67842]]}, "properties": {"id": "TRACK_TOKYO_2260", "line_name": "山手線", "station_group_ids": [], "mode": "rail", "operator_id": "jr_east", "line_color": "#88C840", "tags": ["tokyo", "track_centerline"]}}, {"type": "Feature", "bbox": [139.70004, 35.68926, 139.70024, 35.69167], "geometry": {"type": "LineString", "coordinates": [[139.70004, 35.69167], [139.70024, 35.68926]]}, "properties": {"id": "TRACK_TOKYO_2261", "line_name": "山手線", "station_group_ids": [], "mode": "rail", "operator_id": "jr_east", "line_color": "#88C840", "tags": ["tokyo", "track_centerline"]}}, {"type": "Feature", "bbox": [139.70004, 35.68995, 139.7006, 35.69167], "geometry": {"type": "LineString", "coordinates": [[139.7006, 35.68995], [139.70004, 35.69167]]}, "properties": {"id": "TRACK_TOKYO_2262", "line_name": "山手線", "station_group_ids": [], "mode": "rail", "operator_id": "jr_east", "line_color": "#88C840", "tags": ["tokyo", "track_centerline"]}}, {"type": "Feature", "bbox": [139.7006, 35.6879, 139.70125, 35.68995], "geometry": {"type": "LineString", "coordinates": [[139.70125, 35.6879], [139.70091, 35.68894], [139.70089, 35.68902], [139.70078, 35.68935], [139.7006, 35.68995]]}, "properties": {"id": "TRACK_TOKYO_2263", "line_name": "山手線", "station_group_ids": [], "mode": "rail", "operator_id": "jr_east", "line_color": "#88C840", "tags": ["tokyo", "track_centerline"]}}, {"type": "Feature", "bbox": [139.70203, 35.68309, 139.70239, 35.6845], "geometry": {"type": "LineString", "coordinates": [[139.70203, 35.6845], [139.70239, 35.68309]]}, "properties": {"id": "TRACK_TOKYO_2264", "line_name": "山手線", "station_group_ids": [], "mode": "rail", "operator_id": "jr_east", "line_color": "#88C840", "tags": ["tokyo", "track_centerline"]}}, {"type": "Feature", "bbox": [139.70239, 35.67842, 139.70384, 35.68309], "geometry": {"type": "LineString", "coordinates": [[139.70239, 35.68309], [139.70255, 35.68262], [139.70278, 35.68201], [139.70313, 35.68105], [139.70321, 35.68074], [139.70331, 35.68039], [139.70384, 35.67842]]}, "properties": {"id": "TRACK_TOKYO_2265", "line_name": "山手線", "station_group_ids": [], "mode": "rail", "operator_id": "jr_east", "line_color": "#88C840", "tags": ["tokyo", "track_centerline"]}}, {"type": "Feature", "bbox": [139.70019, 35.70011, 139.70032, 35.70175], "geometry": {"type": "LineString", "coordinates": [[139.70032, 35.70175], [139.70019, 35.70011]]}, "properties": {"id": "TRACK_TOKYO_2266", "line_name": "山手線", "station_group_ids": [], "mode": "rail", "operator_id": "jr_east", "line_color": "#88C840", "tags": ["tokyo", "track_centerline"]}}, {"type": "Feature", "bbox": [139.70251, 35.67042, 139.70295, 35.6722], "geometry": {"type": "LineString", "coordinates": [[139.70251, 35.67042], [139.70264, 35.6711], [139.70275, 35.67156], [139.70295, 35.6722]]}, "properties": {"id": "TRACK_TOKYO_2267", "line_name": "山手線", "station_group_ids": [], "mode": "rail", "operator_id": "jr_east", "line_color": "#88C840", "tags": ["tokyo", "track_centerline"]}}, {"type": "Feature", "bbox": [139.70068, 35.68735, 139.70176, 35.69107], "geometry": {"type": "LineString", "coordinates": [[139.70068, 35.69107], [139.70116, 35.68942], [139.70125, 35.68909], [139.70127, 35.68902], [139.70176, 35.68735]]}, "properties": {"id": "TRACK_TOKYO_2268", "line_name": "山手線", "station_group_ids": [], "mode": "rail", "operator_id": "jr_east", "line_color": "#88C840", "tags": ["tokyo", "track_centerline"]}}, {"type": "Feature", "bbox": [139.70032, 35.70175, 139.70342, 35.71171], "geometry": {"type": "LineString", "coordinates": [[139.70342, 35.71171], [139.70298, 35.71048], [139.7027, 35.70967], [139.70258, 35.70933], [139.70099, 35.70486], [139.70065, 35.70389], [139.70054, 35.70322], [139.70038, 35.70221], [139.70032, 35.70175]]}, "properties": {"id": "TRACK_TOKYO_2269", "line_name": "山手線", "station_group_ids": [], "mode": "rail", "operator_id": "jr_east", "line_color": "#88C840", "tags": ["tokyo", "track_centerline"]}}, {"type": "Feature", "bbox": [139.70222, 35.67842, 139.70384, 35.68555], "geometry": {"type": "LineString", "coordinates": [[139.70222, 35.68555], [139.70272, 35.68355], [139.70302, 35.68239], [139.70325, 35.68148], [139.70348, 35.68058], [139.70353, 35.68039], [139.70377, 35.67936], [139.70384, 35.67842]]}, "properties": {"id": "TRACK_TOKYO_2270", "line_name": "山手線", "station_group_ids": [], "mode": "rail", "operator_id": "jr_east", "line_color": "#88C840", "tags": ["tokyo", "track_centerline"]}}, {"type": "Feature", "bbox": [139.61657, 35.90806, 139.62452, 35.97526], "geometry": {"type": "LineString", "coordinates": [[139.62235, 35.90806], [139.62208, 35.90871], [139.62177, 35.9095], [139.62144, 35.91025], [139.62085, 35.912], [139.6199, 35.91483], [139.6191, 35.91714], [139.61873, 35.91817], [139.61834, 35.91928], [139.6182, 35.91971], [139.61818, 35.91987], [139.61817, 35.91999], [139.6179, 35.92078], [139.61762, 35.92173], [139.61753, 35.92208], [139.61729, 35.92303], [139.61714, 35.92386], [139.61699, 35.92489], [139.61677, 35.92655], [139.61667, 35.92745], [139.6166, 35.92816], [139.61658, 35.92877], [139.61657, 35.92926], [139.61663, 35.93147], [139.61674, 35.93267], [139.61687, 35.9341], [139.61709, 35.93528], [139.61748, 35.93748], [139.61753, 35.93774], [139.61777, 35.93901], [139.61832, 35.942], [139.61889, 35.94503], [139.6192, 35.94665], [139.61956, 35.94857], [139.62017, 35.95186], [139.62069, 35.95452], [139.62088, 35.95556], [139.62132, 35.9579], [139.62165, 35.95968], [139.62167, 35.95974], [139.62175, 35.9602], [139.62177, 35.9603], [139.62202, 35.9616], [139.62203, 35.96172], [139.62207, 35.96194], [139.62218, 35.96253], [139.62219, 35.96263], [139.62221, 35.96272], [139.62232, 35.96336], [139.62235, 35.96346], [139.62239, 35.96372], [139.62254, 35.9646], [139.62282, 35.96613], [139.62283, 35.96617], [139.62288, 35.96645], [139.62299, 35.96706], [139.623, 35.96709], [139.62308, 35.96759], [139.62322, 35.9683], [139.62329, 35.96875], [139.62334, 35.96889], [139.62336, 35.96912], [139.62362, 35.97044], [139.62363, 35.97052], [139.62368, 35.97079], [139.62379, 35.97137], [139.62389, 35.97196], [139.62392, 35.97208], [139.62396, 35.97232], [139.62399, 35.97247], [139.62407, 35.97293], [139.62419, 35.97354], [139.62429, 35.97409], [139.62438, 35.97453], [139.62448, 35.97508], [139.62452, 35.97526]]}, "properties": {"id": "TRACK_TOKYO_2293", "line_name": "上越新幹線", "station_group_ids": [], "mode": "shinkansen", "operator_id": "jr_east", "line_color": "#E65045", "tags": ["tokyo", "track_centerline"]}}, {"type": "Feature", "bbox": [139.62235, 35.90445, 139.62381, 35.90806], "geometry": {"type": "LineString", "coordinates": [[139.62381, 35.90445], [139.62313, 35.906], [139.62235, 35.90806]]}, "properties": {"id": "TRACK_TOKYO_2294", "line_name": "上越新幹線", "station_group_ids": [], "mode": "shinkansen", "operator_id": "jr_east", "line_color": "#E65045", "tags": ["tokyo", "track_centerline"]}}, {"type": "Feature", "bbox": [139.80479, 35.74934, 139.82367, 35.76205], "geometry": {"type": "LineString", "coordinates": [[139.82367, 35.76205], [139.82268, 35.76192], [139.82051, 35.76165], [139.81819, 35.76138], [139.8157, 35.76111], [139.81538, 35.76108], [139.81432, 35.76098], [139.81381, 35.76091], [139.81347, 35.76084], [139.81327, 35.76078], [139.81296, 35.76066], [139.81253, 35.76046], [139.81216, 35.76026], [139.81188, 35.76008], [139.81164, 35.75991], [139.81141, 35.7597], [139.81104, 35.75931], [139.8106, 35.7588], [139.80967, 35.75772], [139.80852, 35.75642], [139.8076, 35.75537], [139.80721, 35.75491], [139.80675, 35.75428], [139.8064, 35.75368], [139.80621, 35.75323], [139.8061, 35.75298], [139.80586, 35.75253], [139.80562, 35.75188], [139.80541, 35.75124], [139.80479, 35.74934]]}, "properties": {"id": "TRACK_TOKYO_2468", "line_name": "常磐線", "station_group_ids": [], "mode": "rail", "operator_id": "jr_east", "line_color": "#22A6B3", "tags": ["tokyo", "track_centerline"]}}, {"type": "Feature", "bbox": [139.8486, 35.76697, 139.86926, 35.76941], "geometry": {"type": "LineString", "coordinates": [[139.86926, 35.76941], [139.86913, 35.76939], [139.86804, 35.76917], [139.86639, 35.7689], [139.86543, 35.76877], [139.86453, 35.76867], [139.86338, 35.76858], [139.86007, 35.76828], [139.85877, 35.76814], [139.85778, 35.76803], [139.85645, 35.76791], [139.8558, 35.76785], [139.85337, 35.76764], [139.85165, 35.76747], [139.8516, 35.76746], [139.85051, 35.76737], [139.8499, 35.76729], [139.84937, 35.76718], [139.84905, 35.76712], [139.8487, 35.76702], [139.8486, 35.76697]]}, "properties": {"id": "TRACK_TOKYO_2469", "line_name": "常磐線", "station_group_ids": [], "mode": "rail", "operator_id": "jr_east", "line_color": "#22A6B3", "tags": ["tokyo", "track_centerline"]}}, {"type": "Feature", "bbox": [139.84652, 35.76609, 139.8486, 35.76697], "geometry": {"type": "LineString", "coordinates": [[139.8486, 35.76697], [139.84756, 35.76656], [139.84652, 35.76609]]}, "properties": {"id": "TRACK_TOKYO_2470", "line_name": "常磐線", "station_group_ids": [], "mode": "rail", "operator_id": "jr_east", "line_color": "#22A6B3", "tags": ["tokyo", "track_centerline"]}}, {"type": "Feature", "bbox": [139.77598, 35.73323, 139.77817, 35.73354], "geometry": {"type": "LineString", "coordinates": [[139.77598, 35.73354], [139.77771, 35.73329], [139.77817, 35.73323]]}, "properties": {"id": "TRACK_TOKYO_2473", "line_name": "常磐線", "station_group_ids": [], "mode": "rail", "operator_id": "jr_east", "line_color": "#22A6B3", "tags": ["tokyo", "track_centerline"]}}, {"type": "Feature", "bbox": [139.82367, 35.76205, 139.8262, 35.76228], "geometry": {"type": "LineString", "coordinates": [[139.8262, 35.76228], [139.82367, 35.76205]]}, "properties": {"id": "TRACK_TOKYO_2475", "line_name": "常磐線", "station_group_ids": [], "mode": "rail", "operator_id": "jr_east", "line_color": "#22A6B3", "tags": ["tokyo", "track_centerline"]}}, {"type": "Feature", "bbox": [139.8262, 35.76228, 139.84652, 35.76609], "geometry": {"type": "LineString", "coordinates": [[139.84652, 35.76609], [139.84581, 35.76568], [139.84522, 35.76533], [139.84465, 35.76502], [139.8443, 35.76482], [139.8439, 35.76464], [139.84341, 35.76445], [139.84276, 35.76423], [139.84239, 35.76413], [139.84178, 35.76398], [139.84127, 35.76386], [139.8406, 35.76375], [139.83937, 35.76359], [139.83755, 35.76339], [139.83744, 35.76337], [139.83566, 35.76319], [139.83554, 35.76318], [139.83283, 35.76292], [139.83101, 35.76275], [139.83078, 35.76273], [139.83008, 35.76265], [139.82947, 35.76261], [139.82868, 35.76253], [139.8262, 35.76228]]}, "properties": {"id": "TRACK_TOKYO_2476", "line_name": "常磐線", "station_group_ids": [], "mode": "rail", "operator_id": "jr_east", "line_color": "#22A6B3", "tags": ["tokyo", "track_centerline"]}}, {"type": "Feature", "bbox": [139.76904, 35.7284, 139.77598, 35.73382], "geometry": {"type": "LineString", "coordinates": [[139.77069, 35.7284], [139.77017, 35.72886], [139.7697, 35.72936], [139.76927, 35.7299], [139.76908, 35.73026], [139.76904, 35.73049], [139.76907, 35.73066], [139.76923, 35.73113], [139.76937, 35.7315], [139.76949, 35.73173], [139.76956, 35.73186], [139.76961, 35.73193], [139.76996, 35.73233], [139.77035, 35.73267], [139.77054, 35.73282], [139.77094, 35.73306], [139.77151, 35.73334], [139.77184, 35.73347], [139.7726, 35.73365], [139.77345, 35.73379], [139.77366, 35.73382], [139.77475, 35.73369], [139.77598, 35.73354]]}, "properties": {"id": "TRACK_TOKYO_2477", "line_name": "常磐線", "station_group_ids": [], "mode": "rail", "operator_id": "jr_east", "line_color": "#22A6B3", "tags": ["tokyo", "track_centerline"]}}, {"type": "Feature", "bbox": [139.80449, 35.74835, 139.80479, 35.74934], "geometry": {"type": "LineString", "coordinates": [[139.80449, 35.74835], [139.80479, 35.74934]]}, "properties": {"id": "TRACK_TOKYO_2478", "line_name": "常磐線", "station_group_ids": [], "mode": "rail", "operator_id": "jr_east", "line_color": "#22A6B3", "tags": ["tokyo", "track_centerline"]}}, {"type": "Feature", "bbox": [139.79925, 35.73366, 139.80032, 35.73563], "geometry": {"type": "LineString", "coordinates": [[139.79925, 35.73366], [139.79964, 35.73431], [139.80002, 35.73499], [139.80032, 35.73563]]}, "properties": {"id": "TRACK_TOKYO_2480", "line_name": "常磐線", "station_group_ids": [], "mode": "rail", "operator_id": "jr_east", "line_color": "#22A6B3", "tags": ["tokyo", "track_centerline"]}}, {"type": "Feature", "bbox": [139.77069, 35.72734, 139.77196, 35.7284], "geometry": {"type": "LineString", "coordinates": [[139.77196, 35.72734], [139.77092, 35.72822], [139.77069, 35.7284]]}, "properties": {"id": "TRACK_TOKYO_2482", "line_name": "常磐線", "station_group_ids": [], "mode": "rail", "operator_id": "jr_east", "line_color": "#22A6B3", "tags": ["tokyo", "track_centerline"]}}, {"type": "Feature", "bbox": [139.77817, 35.73095, 139.79925, 35.73366], "geometry": {"type": "LineString", "coordinates": [[139.77817, 35.73323], [139.77839, 35.7332], [139.77886, 35.73314], [139.77895, 35.73313], [139.77958, 35.73303], [139.77991, 35.73299], [139.78044, 35.73292], [139.78065, 35.73289], [139.78125, 35.73281], [139.78154, 35.73277], [139.78233, 35.73266], [139.78266, 35.73261], [139.78386, 35.73245], [139.78416, 35.73241], [139.78491, 35.73232], [139.7852, 35.73228], [139.7866, 35.7321], [139.78665, 35.73209], [139.78684, 35.73207], [139.78711, 35.73203], [139.78841, 35.73184], [139.78867, 35.73181], [139.78893, 35.73178], [139.78971, 35.73168], [139.79122, 35.73146], [139.79136, 35.73144], [139.79152, 35.73142], [139.79168, 35.7314], [139.79203, 35.73136], [139.7925, 35.7313], [139.79269, 35.73128], [139.79496, 35.73098], [139.7953, 35.73095], [139.79558, 35.73096], [139.79612, 35.73102], [139.7965, 35.73112], [139.79689, 35.7313], [139.79712, 35.73142], [139.79748, 35.73165], [139.79794, 35.73202], [139.79822, 35.73228], [139.79831, 35.73237], [139.79848, 35.73256], [139.79865, 35.73278], [139.7989, 35.73314], [139.79925, 35.73366]]}, "properties": {"id": "TRACK_TOKYO_2483", "line_name": "常磐線", "station_group_ids": [], "mode": "rail", "operator_id": "jr_east", "line_color": "#22A6B3", "tags": ["tokyo", "track_centerline"]}}, {"type": "Feature", "bbox": [139.80032, 35.73563, 139.80449, 35.74835], "geometry": {"type": "LineString", "coordinates": [[139.80032, 35.73563], [139.80038, 35.73579], [139.80051, 35.73609], [139.80066, 35.73649], [139.80103, 35.7376], [139.80127, 35.73838], [139.80134, 35.73862], [139.8015, 35.73917], [139.80165, 35.7396], [139.8021, 35.74108], [139.8022, 35.74138], [139.80247, 35.7423], [139.80258, 35.74284], [139.80267, 35.74313], [139.80278, 35.74348], [139.80281, 35.74356], [139.80303, 35.74429], [139.80312, 35.74455], [139.80362, 35.74616], [139.80382, 35.74668], [139.80388, 35.74684], [139.80449, 35.74835]]}, "properties": {"id": "TRACK_TOKYO_2485", "line_name": "常磐線", "station_group_ids": [], "mode": "rail", "operator_id": "jr_east", "line_color": "#22A6B3", "tags": ["tokyo", "track_centerline"]}}, {"type": "Feature", "bbox": [139.7197, 35.7458, 139.72228, 35.75961], "geometry": {"type": "LineString", "coordinates": [[139.7197, 35.7458], [139.72048, 35.74691], [139.72107, 35.74778], [139.72135, 35.74831], [139.72141, 35.74847], [139.72154, 35.74885], [139.72167, 35.74923], [139.72196, 35.75045], [139.72204, 35.7508], [139.72221, 35.75161], [139.72226, 35.75194], [139.72227, 35.75323], [139.72227, 35.75361], [139.72227, 35.75519], [139.72228, 35.75638], [139.72228, 35.75719], [139.72227, 35.75859], [139.72225, 35.75961]]}, "properties": {"id": "TRACK_TOKYO_2494", "line_name": "赤羽線", "station_group_ids": [], "mode": "rail", "operator_id": "jr_east", "line_color": "#0099CC", "tags": ["tokyo", "track_centerline"]}}, {"type": "Feature", "bbox": [139.7214, 35.76117, 139.72225, 35.77687], "geometry": {"type": "LineString", "coordinates": [[139.72225, 35.76117], [139.72225, 35.76223], [139.72224, 35.76319], [139.72222, 35.76439], [139.7222, 35.76679], [139.72214, 35.76881], [139.72214, 35.76905], [139.72208, 35.77073], [139.72208, 35.77099], [139.72206, 35.77179], [139.72205, 35.77234], [139.72203, 35.77266], [139.72192, 35.77382], [139.7218, 35.77581], [139.72179, 35.77602], [139.72172, 35.77626], [139.7216, 35.77649], [139.7214, 35.77687]]}, "properties": {"id": "TRACK_TOKYO_2495", "line_name": "赤羽線", "station_group_ids": [], "mode": "rail", "operator_id": "jr_east", "line_color": "#0099CC", "tags": ["tokyo", "track_centerline"]}}, {"type": "Feature", "bbox": [139.72024, 35.77687, 139.7214, 35.77855], "geometry": {"type": "LineString", "coordinates": [[139.7214, 35.77687], [139.72119, 35.77723], [139.72097, 35.77755], [139.72024, 35.77855]]}, "properties": {"id": "TRACK_TOKYO_2496", "line_name": "赤羽線", "station_group_ids": [], "mode": "rail", "operator_id": "jr_east", "line_color": "#0099CC", "tags": ["tokyo", "track_centerline"]}}, {"type": "Feature", "bbox": [139.72225, 35.75961, 139.72225, 35.76117], "geometry": {"type": "LineString", "coordinates": [[139.72225, 35.75961], [139.72225, 35.76117]]}, "properties": {"id": "TRACK_TOKYO_2497", "line_name": "赤羽線", "station_group_ids": [], "mode": "rail", "operator_id": "jr_east", "line_color": "#0099CC", "tags": ["tokyo", "track_centerline"]}}, {"type": "Feature", "bbox": [139.71865, 35.74418, 139.7197, 35.7458], "geometry": {"type": "LineString", "coordinates": [[139.71865, 35.74418], [139.71924, 35.7451], [139.7197, 35.7458]]}, "properties": {"id": "TRACK_TOKYO_2498", "line_name": "赤羽線", "station_group_ids": [], "mode": "rail", "operator_id": "jr_east", "line_color": "#0099CC", "tags": ["tokyo", "track_centerline"]}}, {"type": "Feature", "bbox": [139.71071, 35.72896, 139.71197, 35.73144], "geometry": {"type": "LineString", "coordinates": [[139.71071, 35.72896], [139.71197, 35.73144]]}, "properties": {"id": "TRACK_TOKYO_2499", "line_name": "赤羽線", "station_group_ids": [], "mode": "rail", "operator_id": "jr_east", "line_color": "#0099CC", "tags": ["tokyo", "track_centerline"]}}, {"type": "Feature", "bbox": [139.71197, 35.73144, 139.71865, 35.74418], "geometry": {"type": "LineString", "coordinates": [[139.71197, 35.73144], [139.71254, 35.73251], [139.71278, 35.73294], [139.71318, 35.73365], [139.71384, 35.73484], [139.71432, 35.73589], [139.71434, 35.73591], [139.71587, 35.7389], [139.71663, 35.74035], [139.717, 35.74104], [139.71736, 35.74182], [139.71764, 35.74238], [139.71774, 35.7426], [139.71822, 35.74346], [139.71865, 35.74418]]}, "properties": {"id": "TRACK_TOKYO_2500", "line_name": "赤羽線", "station_group_ids": [], "mode": "rail", "operator_id": "jr_east", "line_color": "#0099CC", "tags": ["tokyo", "track_centerline"]}}, {"type": "Feature", "bbox": [139.70915, 35.72618, 139.71071, 35.72896], "geometry": {"type": "LineString", "coordinates": [[139.70915, 35.72618], [139.7096, 35.7268], [139.70989, 35.72728], [139.71048, 35.72849], [139.71071, 35.72896]]}, "properties": {"id": "TRACK_TOKYO_2501", "line_name": "赤羽線", "station_group_ids": [], "mode": "rail", "operator_id": "jr_east", "line_color": "#0099CC", "tags": ["tokyo", "track_centerline"]}}, {"type": "Feature", "bbox": [139.57935, 35.92212, 139.60532, 35.93128], "geometry": {"type": "LineString", "coordinates": [[139.57935, 35.92212], [139.58194, 35.92304], [139.58392, 35.92376], [139.58581, 35.92442], [139.58814, 35.92523], [139.58861, 35.9254], [139.5913, 35.92635], [139.59392, 35.92726], [139.59703, 35.92838], [139.59879, 35.92898], [139.59918, 35.92911], [139.60051, 35.9296], [139.6028, 35.9304], [139.60328, 35.93058], [139.60532, 35.93128]]}, "properties": {"id": "TRACK_TOKYO_2508", "line_name": "川越線", "station_group_ids": [], "mode": "rail", "operator_id": "jr_east", "line_color": "#0099CC", "tags": ["tokyo", "track_centerline"]}}, {"type": "Feature", "bbox": [139.56435, 35.91674, 139.56559, 35.91719], "geometry": {"type": "LineString", "coordinates": [[139.56559, 35.91719], [139.56435, 35.91674]]}, "properties": {"id": "TRACK_TOKYO_2509", "line_name": "川越線", "station_group_ids": [], "mode": "rail", "operator_id": "jr_east", "line_color": "#0099CC", "tags": ["tokyo", "track_centerline"]}}, {"type": "Feature", "bbox": [139.62235, 35.90445, 139.62381, 35.90806], "geometry": {"type": "LineString", "coordinates": [[139.62381, 35.90445], [139.62313, 35.906], [139.62235, 35.90806]]}, "properties": {"id": "TRACK_TOKYO_2511", "line_name": "川越線", "station_group_ids": [], "mode": "rail", "operator_id": "jr_east", "line_color": "#0099CC", "tags": ["tokyo", "track_centerline"]}}, {"type": "Feature", "bbox": [139.52007, 35.90327, 139.56435, 35.91674], "geometry": {"type": "LineString", "coordinates": [[139.56435, 35.91674], [139.56404, 35.91662], [139.56377, 35.91651], [139.56287, 35.91615], [139.56077, 35.91523], [139.56028, 35.91499], [139.55979, 35.91474], [139.55915, 35.91433], [139.55858, 35.91389], [139.55715, 35.91274], [139.5545, 35.9106], [139.55336, 35.90969], [139.55197, 35.90858], [139.55074, 35.9076], [139.54851, 35.90583], [139.54798, 35.9054], [139.54739, 35.90496], [139.54664, 35.9045], [139.54637, 35.90434], [139.54573, 35.90405], [139.54549, 35.90398], [139.54493, 35.90381], [139.54427, 35.90372], [139.54232, 35.90368], [139.53821, 35.90362], [139.53445, 35.90356], [139.53408, 35.90356], [139.52951, 35.90353], [139.52639, 35.90352], [139.52584, 35.90352], [139.52319, 35.90348], [139.52164, 35.9034], [139.52007, 35.90327]]}, "properties": {"id": "TRACK_TOKYO_2512", "line_name": "川越線", "station_group_ids": [], "mode": "rail", "operator_id": "jr_east", "line_color": "#0099CC", "tags": ["tokyo", "track_centerline"]}}, {"type": "Feature", "bbox": [139.76591, 35.68245, 139.7733, 35.68873], "geometry": {"type": "LineString", "coordinates": [[139.76591, 35.68245], [139.7662, 35.68274], [139.76689, 35.68307], [139.76763, 35.68435], [139.76839, 35.68636], [139.76864, 35.68699], [139.76887, 35.68718], [139.76992, 35.6877], [139.76999, 35.68772], [139.7715, 35.6882], [139.77163, 35.68824], [139.77226, 35.68842], [139.77299, 35.68864], [139.7733, 35.68873]]}, "properties": {"id": "TRACK_TOKYO_2576", "line_name": "総武線", "station_group_ids": [], "mode": "rail", "operator_id": "jr_east", "line_color": "#F4C300", "tags": ["tokyo", "track_centerline"]}}, {"type": "Feature", "bbox": [139.77194, 35.6982, 139.77449, 35.69844], "geometry": {"type": "LineString", "coordinates": [[139.77449, 35.6982], [139.77194, 35.69844]]}, "properties": {"id": "TRACK_TOKYO_2577", "line_name": "総武線", "station_group_ids": [], "mode": "rail", "operator_id": "jr_east", "line_color": "#F4C300", "tags": ["tokyo", "track_centerline"]}}, {"type": "Feature", "bbox": [139.79449, 35.69563, 139.79705, 35.6958], "geometry": {"type": "LineString", "coordinates": [[139.79449, 35.69567], [139.79461, 35.69567], [139.79518, 35.69563], [139.79558, 35.69564], [139.79705, 35.6958]]}, "properties": {"id": "TRACK_TOKYO_2581", "line_name": "総武線", "station_group_ids": [], "mode": "rail", "operator_id": "jr_east", "line_color": "#F4C300", "tags": ["tokyo", "track_centerline"]}}, {"type": "Feature", "bbox": [139.84158, 35.70595, 139.84319, 35.70695], "geometry": {"type": "LineString", "coordinates": [[139.84158, 35.70595], [139.84265, 35.70661], [139.84291, 35.70678], [139.84319, 35.70695]]}, "properties": {"id": "TRACK_TOKYO_2582", "line_name": "総武線", "station_group_ids": [], "mode": "rail", "operator_id": "jr_east", "line_color": "#F4C300", "tags": ["tokyo", "track_centerline"]}}, {"type": "Feature", "bbox": [139.78329, 35.69403, 139.79705, 35.69651], "geometry": {"type": "LineString", "coordinates": [[139.78329, 35.69403], [139.78447, 35.69494], [139.78484, 35.69524], [139.78535, 35.69541], [139.78589, 35.69565], [139.78602, 35.69571], [139.78728, 35.69608], [139.78837, 35.69625], [139.78963, 35.69647], [139.7898, 35.69647], [139.78993, 35.69648], [139.79054, 35.69651], [139.7922, 35.69641], [139.79431, 35.69623], [139.79705, 35.6958]]}, "properties": {"id": "TRACK_TOKYO_2583", "line_name": "総武線", "station_group_ids": [], "mode": "rail", "operator_id": "jr_east", "line_color": "#F4C300", "tags": ["tokyo", "track_centerline"]}}, {"type": "Feature", "bbox": [139.82534, 35.69729, 139.82788, 35.69739], "geometry": {"type": "LineString", "coordinates": [[139.82534, 35.69729], [139.82577, 35.69731], [139.82788, 35.69739]]}, "properties": {"id": "TRACK_TOKYO_2584", "line_name": "総武線", "station_group_ids": [], "mode": "rail", "operator_id": "jr_east", "line_color": "#F4C300", "tags": ["tokyo", "track_centerline"]}}, {"type": "Feature", "bbox": [139.8157, 35.69678, 139.82534, 35.69729], "geometry": {"type": "LineString", "coordinates": [[139.8157, 35.69678], [139.81724, 35.69685], [139.81904, 35.69695], [139.81942, 35.69697], [139.81988, 35.697], [139.82329, 35.69717], [139.82367, 35.69719], [139.82534, 35.69729]]}, "properties": {"id": "TRACK_TOKYO_2586", "line_name": "総武線", "station_group_ids": [], "mode": "rail", "operator_id": "jr_east", "line_color": "#F4C300", "tags": ["tokyo", "track_centerline"]}}, {"type": "Feature", "bbox": [139.82788, 35.69739, 139.84158, 35.70595], "geometry": {"type": "LineString", "coordinates": [[139.82788, 35.69739], [139.83073, 35.69763], [139.83092, 35.69765], [139.83161, 35.69772], [139.83304, 35.69792], [139.83404, 35.69813], [139.83495, 35.69845], [139.83569, 35.69885], [139.83617, 35.6992], [139.8366, 35.69964], [139.83687, 35.69998], [139.83803, 35.70184], [139.83823, 35.70217], [139.8383, 35.70227], [139.83896, 35.70332], [139.83909, 35.70353], [139.83916, 35.70366], [139.83932, 35.70392], [139.83969, 35.70438], [139.84008, 35.70482], [139.84072, 35.70538], [139.84097, 35.70557], [139.84158, 35.70595]]}, "properties": {"id": "TRACK_TOKYO_2587", "line_name": "総武線", "station_group_ids": [], "mode": "rail", "operator_id": "jr_east", "line_color": "#F4C300", "tags": ["tokyo", "track_centerline"]}}, {"type": "Feature", "bbox": [139.79705, 35.6958, 139.81294, 35.69666], "geometry": {"type": "LineString", "coordinates": [[139.79705, 35.6958], [139.79719, 35.69581], [139.79938, 35.69594], [139.80416, 35.6962], [139.80937, 35.69647], [139.81129, 35.69657], [139.81294, 35.69666]]}, "properties": {"id": "TRACK_TOKYO_2588", "line_name": "総武線", "station_group_ids": [], "mode": "rail", "operator_id": "jr_east", "line_color": "#F4C300", "tags": ["tokyo", "track_centerline"]}}, {"type": "Feature", "bbox": [139.81294, 35.69666, 139.8157, 35.69678], "geometry": {"type": "LineString", "coordinates": [[139.81294, 35.69666], [139.81527, 35.69676], [139.8157, 35.69678]]}, "properties": {"id": "TRACK_TOKYO_2589", "line_name": "総武線", "station_group_ids": [], "mode": "rail", "operator_id": "jr_east", "line_color": "#F4C300", "tags": ["tokyo", "track_centerline"]}}, {"type": "Feature", "bbox": [139.76755, 35.69844, 139.77194, 35.69883], "geometry": {"type": "LineString", "coordinates": [[139.76755, 35.69883], [139.76823, 35.69875], [139.77186, 35.69844], [139.77194, 35.69844]]}, "properties": {"id": "TRACK_TOKYO_2591", "line_name": "総武線", "station_group_ids": [], "mode": "rail", "operator_id": "jr_east", "line_color": "#F4C300", "tags": ["tokyo", "track_centerline"]}}, {"type": "Feature", "bbox": [139.78588, 35.69584, 139.79221, 35.69728], "geometry": {"type": "LineString", "coordinates": [[139.78588, 35.69728], [139.78597, 35.69727], [139.78768, 35.69711], [139.7885, 35.69697], [139.78982, 35.69652], [139.78993, 35.69648], [139.79035, 35.69633], [139.79162, 35.69592], [139.79215, 35.69585], [139.79221, 35.69584]]}, "properties": {"id": "TRACK_TOKYO_2592", "line_name": "総武線", "station_group_ids": [], "mode": "rail", "operator_id": "jr_east", "line_color": "#F4C300", "tags": ["tokyo", "track_centerline"]}}, {"type": "Feature", "bbox": [139.7733, 35.68873, 139.77529, 35.68935], "geometry": {"type": "LineString", "coordinates": [[139.7733, 35.68873], [139.77363, 35.68883], [139.77443, 35.68907], [139.77529, 35.68935]]}, "properties": {"id": "TRACK_TOKYO_2593", "line_name": "総武線", "station_group_ids": [], "mode": "rail", "operator_id": "jr_east", "line_color": "#F4C300", "tags": ["tokyo", "track_centerline"]}}, {"type": "Feature", "bbox": [139.84319, 35.70695, 139.85625, 35.71587], "geometry": {"type": "LineString", "coordinates": [[139.84319, 35.70695], [139.84346, 35.70713], [139.84412, 35.7076], [139.84418, 35.70764], [139.84451, 35.70787], [139.84457, 35.70791], [139.8465, 35.70928], [139.84669, 35.70941], [139.84754, 35.71003], [139.85024, 35.71188], [139.85047, 35.71205], [139.85267, 35.71354], [139.85428, 35.71464], [139.85433, 35.71467], [139.8551, 35.7152], [139.85534, 35.71533], [139.85625, 35.71587]]}, "properties": {"id": "TRACK_TOKYO_2594", "line_name": "総武線", "station_group_ids": [], "mode": "rail", "operator_id": "jr_east", "line_color": "#F4C300", "tags": ["tokyo", "track_centerline"]}}, {"type": "Feature", "bbox": [139.78158, 35.69271, 139.78329, 35.69403], "geometry": {"type": "LineString", "coordinates": [[139.78158, 35.69271], [139.78186, 35.69294], [139.78281, 35.69367], [139.78329, 35.69403]]}, "properties": {"id": "TRACK_TOKYO_2597", "line_name": "総武線", "station_group_ids": [], "mode": "rail", "operator_id": "jr_east", "line_color": "#F4C300", "tags": ["tokyo", "track_centerline"]}}, {"type": "Feature", "bbox": [139.77529, 35.68935, 139.78158, 35.69271], "geometry": {"type": "LineString", "coordinates": [[139.77529, 35.68935], [139.77553, 35.68943], [139.77582, 35.68953], [139.77656, 35.6898], [139.77717, 35.69002], [139.7779, 35.69043], [139.77847, 35.69076], [139.77896, 35.69104], [139.77962, 35.69141], [139.78075, 35.69207], [139.78106, 35.6923], [139.78158, 35.69271]]}, "properties": {"id": "TRACK_TOKYO_2600", "line_name": "総武線", "station_group_ids": [], "mode": "rail", "operator_id": "jr_east", "line_color": "#F4C300", "tags": ["tokyo", "track_centerline"]}}, {"type": "Feature", "bbox": [139.79221, 35.69567, 139.79449, 35.69584], "geometry": {"type": "LineString", "coordinates": [[139.79221, 35.69584], [139.79449, 35.69567]]}, "properties": {"id": "TRACK_TOKYO_2601", "line_name": "総武線", "station_group_ids": [], "mode": "rail", "operator_id": "jr_east", "line_color": "#F4C300", "tags": ["tokyo", "track_centerline"]}}, {"type": "Feature", "bbox": [139.77449, 35.6975, 139.7831, 35.6982], "geometry": {"type": "LineString", "coordinates": [[139.77449, 35.6982], [139.77459, 35.69819], [139.77516, 35.69815], [139.77581, 35.6981], [139.78263, 35.69754], [139.78301, 35.69751], [139.7831, 35.6975]]}, "properties": {"id": "TRACK_TOKYO_2602", "line_name": "総武線", "station_group_ids": [], "mode": "rail", "operator_id": "jr_east", "line_color": "#F4C300", "tags": ["tokyo", "track_centerline"]}}, {"type": "Feature", "bbox": [139.7831, 35.69728, 139.78588, 35.6975], "geometry": {"type": "LineString", "coordinates": [[139.7831, 35.6975], [139.78588, 35.69728]]}, "properties": {"id": "TRACK_TOKYO_2603", "line_name": "総武線", "station_group_ids": [], "mode": "rail", "operator_id": "jr_east", "line_color": "#F4C300", "tags": ["tokyo", "track_centerline"]}}, {"type": "Feature", "bbox": [139.76634, 35.69883, 139.76755, 35.69926], "geometry": {"type": "LineString", "coordinates": [[139.76755, 35.69883], [139.76634, 35.69926]]}, "properties": {"id": "TRACK_TOKYO_2605", "line_name": "総武線", "station_group_ids": [], "mode": "rail", "operator_id": "jr_east", "line_color": "#F4C300", "tags": ["tokyo", "track_centerline"]}}, {"type": "Feature", "bbox": [139.76372, 35.69926, 139.76634, 35.69995], "geometry": {"type": "LineString", "coordinates": [[139.76372, 35.69995], [139.76634, 35.69926]]}, "properties": {"id": "TRACK_TOKYO_2606", "line_name": "総武線", "station_group_ids": [], "mode": "rail", "operator_id": "jr_east", "line_color": "#F4C300", "tags": ["tokyo", "track_centerline"]}}, {"type": "Feature", "bbox": [139.76491, 35.68098, 139.76591, 35.68245], "geometry": {"type": "LineString", "coordinates": [[139.76491, 35.68098], [139.76528, 35.68159], [139.76591, 35.68245]]}, "properties": {"id": "TRACK_TOKYO_2607", "line_name": "総武線", "station_group_ids": [], "mode": "rail", "operator_id": "jr_east", "line_color": "#F4C300", "tags": ["tokyo", "track_centerline"]}}, {"type": "Feature", "bbox": [139.76372, 35.69926, 139.76634, 35.69995], "geometry": {"type": "LineString", "coordinates": [[139.76372, 35.69995], [139.76634, 35.69926]]}, "properties": {"id": "TRACK_TOKYO_2629", "line_name": "中央線", "station_group_ids": [], "mode": "rail", "operator_id": "jr_east", "line_color": "#F15A24", "tags": ["tokyo", "track_centerline"]}}, {"type": "Feature", "bbox": [139.76755, 35.69345, 139.77167, 35.69883], "geometry": {"type": "LineString", "coordinates": [[139.77159, 35.69345], [139.77162, 35.69376], [139.77164, 35.69422], [139.77167, 35.69448], [139.77165, 35.6951], [139.77161, 35.69552], [139.77149, 35.6958], [139.7712, 35.69624], [139.77052, 35.69696], [139.76953, 35.69769], [139.76889, 35.69815], [139.76863, 35.6983], [139.76817, 35.69852], [139.76755, 35.69883]]}, "properties": {"id": "TRACK_TOKYO_2630", "line_name": "中央線", "station_group_ids": [], "mode": "rail", "operator_id": "jr_east", "line_color": "#F15A24", "tags": ["tokyo", "track_centerline"]}}, {"type": "Feature", "bbox": [139.76634, 35.69883, 139.76755, 35.69926], "geometry": {"type": "LineString", "coordinates": [[139.76755, 35.69883], [139.76634, 35.69926]]}, "properties": {"id": "TRACK_TOKYO_2631", "line_name": "中央線", "station_group_ids": [], "mode": "rail", "operator_id": "jr_east", "line_color": "#F15A24", "tags": ["tokyo", "track_centerline"]}}, {"type": "Feature", "bbox": [139.77121, 35.69258, 139.77159, 35.69345], "geometry": {"type": "LineString", "coordinates": [[139.77121, 35.69258], [139.77159, 35.69345]]}, "properties": {"id": "TRACK_TOKYO_2632", "line_name": "中央線", "station_group_ids": [], "mode": "rail", "operator_id": "jr_east", "line_color": "#F15A24", "tags": ["tokyo", "track_centerline"]}}, {"type": "Feature", "bbox": [139.77054, 35.69096, 139.77121, 35.69258], "geometry": {"type": "LineString", "coordinates": [[139.77054, 35.69096], [139.77121, 35.69258]]}, "properties": {"id": "TRACK_TOKYO_2633", "line_name": "中央線", "station_group_ids": [], "mode": "rail", "operator_id": "jr_east", "line_color": "#F15A24", "tags": ["tokyo", "track_centerline"]}}, {"type": "Feature", "bbox": [139.66433, 35.70569, 139.66688, 35.70579], "geometry": {"type": "LineString", "coordinates": [[139.66688, 35.70579], [139.66433, 35.70569]]}, "properties": {"id": "TRACK_TOKYO_2634", "line_name": "中央線", "station_group_ids": [], "mode": "rail", "operator_id": "jr_east", "line_color": "#F15A24", "tags": ["tokyo", "track_centerline"]}}, {"type": "Feature", "bbox": [139.66686, 35.70593, 139.67323, 35.70598], "geometry": {"type": "LineString", "coordinates": [[139.66686, 35.70598], [139.6684, 35.70597], [139.67096, 35.70593], [139.67229, 35.70594], [139.67258, 35.70595], [139.67294, 35.70595], [139.67323, 35.70595]]}, "properties": {"id": "TRACK_TOKYO_2635", "line_name": "中央線", "station_group_ids": [], "mode": "rail", "operator_id": "jr_east", "line_color": "#F15A24", "tags": ["tokyo", "track_centerline"]}}, {"type": "Feature", "bbox": [139.66015, 35.70548, 139.66482, 35.70558], "geometry": {"type": "LineString", "coordinates": [[139.66482, 35.70551], [139.66189, 35.70548], [139.66034, 35.70552], [139.66015, 35.70558]]}, "properties": {"id": "TRACK_TOKYO_2636", "line_name": "中央線", "station_group_ids": [], "mode": "rail", "operator_id": "jr_east", "line_color": "#F15A24", "tags": ["tokyo", "track_centerline"]}}, {"type": "Feature", "bbox": [139.6839, 35.70622, 139.68626, 35.70628], "geometry": {"type": "LineString", "coordinates": [[139.68626, 35.70628], [139.6839, 35.70622]]}, "properties": {"id": "TRACK_TOKYO_2637", "line_name": "中央線", "station_group_ids": [], "mode": "rail", "operator_id": "jr_east", "line_color": "#F15A24", "tags": ["tokyo", "track_centerline"]}}, {"type": "Feature", "bbox": [139.65078, 35.70536, 139.66015, 35.70558], "geometry": {"type": "LineString", "coordinates": [[139.65078, 35.70536], [139.65236, 35.70541], [139.65718, 35.70552], [139.65816, 35.70554], [139.65958, 35.70557], [139.66015, 35.70558]]}, "properties": {"id": "TRACK_TOKYO_2638", "line_name": "中央線", "station_group_ids": [], "mode": "rail", "operator_id": "jr_east", "line_color": "#F15A24", "tags": ["tokyo", "track_centerline"]}}, {"type": "Feature", "bbox": [139.66482, 35.70551, 139.66735, 35.7056], "geometry": {"type": "LineString", "coordinates": [[139.66735, 35.7056], [139.66482, 35.70551]]}, "properties": {"id": "TRACK_TOKYO_2639", "line_name": "中央線", "station_group_ids": [], "mode": "rail", "operator_id": "jr_east", "line_color": "#F15A24", "tags": ["tokyo", "track_centerline"]}}, {"type": "Feature", "bbox": [139.66735, 35.70555, 139.67323, 35.70595], "geometry": {"type": "LineString", "coordinates": [[139.66735, 35.7056], [139.66863, 35.70555], [139.66948, 35.70561], [139.67045, 35.70568], [139.6723, 35.70586], [139.67258, 35.70588], [139.67294, 35.70591], [139.67323, 35.70595]]}, "properties": {"id": "TRACK_TOKYO_2640", "line_name": "中央線", "station_group_ids": [], "mode": "rail", "operator_id": "jr_east", "line_color": "#F15A24", "tags": ["tokyo", "track_centerline"]}}, {"type": "Feature", "bbox": [139.67323, 35.70595, 139.6839, 35.70622], "geometry": {"type": "LineString", "coordinates": [[139.6839, 35.70622], [139.68296, 35.70621], [139.68248, 35.70621], [139.67698, 35.70604], [139.67565, 35.70601], [139.67538, 35.706], [139.67496, 35.70597], [139.67323, 35.70595]]}, "properties": {"id": "TRACK_TOKYO_2641", "line_name": "中央線", "station_group_ids": [], "mode": "rail", "operator_id": "jr_east", "line_color": "#F15A24", "tags": ["tokyo", "track_centerline"]}}, {"type": "Feature", "bbox": [139.61898, 35.7044, 139.62151, 35.70446], "geometry": {"type": "LineString", "coordinates": [[139.61898, 35.7044], [139.62151, 35.70446]]}, "properties": {"id": "TRACK_TOKYO_2642", "line_name": "中央線", "station_group_ids": [], "mode": "rail", "operator_id": "jr_east", "line_color": "#F15A24", "tags": ["tokyo", "track_centerline"]}}, {"type": "Feature", "bbox": [139.66015, 35.70558, 139.66433, 35.70569], "geometry": {"type": "LineString", "coordinates": [[139.66433, 35.70569], [139.66209, 35.70564], [139.66015, 35.70558]]}, "properties": {"id": "TRACK_TOKYO_2643", "line_name": "中央線", "station_group_ids": [], "mode": "rail", "operator_id": "jr_east", "line_color": "#F15A24", "tags": ["tokyo", "track_centerline"]}}, {"type": "Feature", "bbox": [139.66431, 35.70593, 139.66686, 35.70598], "geometry": {"type": "LineString", "coordinates": [[139.66686, 35.70598], [139.66431, 35.70593]]}, "properties": {"id": "TRACK_TOKYO_2644", "line_name": "中央線", "station_group_ids": [], "mode": "rail", "operator_id": "jr_east", "line_color": "#F15A24", "tags": ["tokyo", "track_centerline"]}}, {"type": "Feature", "bbox": [139.63449, 35.70485, 139.63722, 35.70491], "geometry": {"type": "LineString", "coordinates": [[139.63722, 35.70491], [139.6369, 35.7049], [139.63642, 35.70489], [139.63449, 35.70485]]}, "properties": {"id": "TRACK_TOKYO_2645", "line_name": "中央線", "station_group_ids": [], "mode": "rail", "operator_id": "jr_east", "line_color": "#F15A24", "tags": ["tokyo", "track_centerline"]}}, {"type": "Feature", "bbox": [139.64862, 35.70529, 139.65078, 35.70536], "geometry": {"type": "LineString", "coordinates": [[139.65078, 35.70536], [139.64992, 35.70533], [139.64955, 35.70532], [139.64862, 35.70529]]}, "properties": {"id": "TRACK_TOKYO_2646", "line_name": "中央線", "station_group_ids": [], "mode": "rail", "operator_id": "jr_east", "line_color": "#F15A24", "tags": ["tokyo", "track_centerline"]}}, {"type": "Feature", "bbox": [139.62151, 35.70446, 139.63449, 35.70485], "geometry": {"type": "LineString", "coordinates": [[139.62151, 35.70446], [139.62178, 35.70448], [139.62428, 35.70451], [139.62663, 35.70462], [139.63449, 35.70485]]}, "properties": {"id": "TRACK_TOKYO_2647", "line_name": "中央線", "station_group_ids": [], "mode": "rail", "operator_id": "jr_east", "line_color": "#F15A24", "tags": ["tokyo", "track_centerline"]}}, {"type": "Feature", "bbox": [139.66015, 35.70558, 139.66431, 35.70593], "geometry": {"type": "LineString", "coordinates": [[139.66431, 35.70593], [139.66207, 35.70577], [139.66101, 35.70569], [139.66015, 35.70558]]}, "properties": {"id": "TRACK_TOKYO_2648", "line_name": "中央線", "station_group_ids": [], "mode": "rail", "operator_id": "jr_east", "line_color": "#F15A24", "tags": ["tokyo", "track_centerline"]}}, {"type": "Feature", "bbox": [139.63722, 35.70491, 139.64862, 35.70529], "geometry": {"type": "LineString", "coordinates": [[139.64862, 35.70529], [139.6483, 35.70528], [139.63722, 35.70491]]}, "properties": {"id": "TRACK_TOKYO_2649", "line_name": "中央線", "station_group_ids": [], "mode": "rail", "operator_id": "jr_east", "line_color": "#F15A24", "tags": ["tokyo", "track_centerline"]}}, {"type": "Feature", "bbox": [139.73021, 35.68469, 139.73087, 35.68661], "geometry": {"type": "LineString", "coordinates": [[139.73087, 35.68661], [139.73078, 35.68637], [139.73063, 35.68594], [139.73032, 35.68505], [139.73021, 35.68469]]}, "properties": {"id": "TRACK_TOKYO_2650", "line_name": "中央線", "station_group_ids": [], "mode": "rail", "operator_id": "jr_east", "line_color": "#F15A24", "tags": ["tokyo", "track_centerline"]}}, {"type": "Feature", "bbox": [139.73087, 35.68661, 139.73471, 35.69079], "geometry": {"type": "LineString", "coordinates": [[139.73471, 35.69079], [139.73348, 35.69011], [139.73255, 35.68956], [139.73207, 35.68919], [139.73179, 35.6889], [139.73161, 35.68864], [139.73149, 35.68841], [139.73135, 35.68807], [139.73087, 35.68661]]}, "properties": {"id": "TRACK_TOKYO_2651", "line_name": "中央線", "station_group_ids": [], "mode": "rail", "operator_id": "jr_east", "line_color": "#F15A24", "tags": ["tokyo", "track_centerline"]}}, {"type": "Feature", "bbox": [139.73471, 35.69079, 139.73593, 35.69152], "geometry": {"type": "LineString", "coordinates": [[139.73593, 35.69152], [139.73471, 35.69079]]}, "properties": {"id": "TRACK_TOKYO_2652", "line_name": "中央線", "station_group_ids": [], "mode": "rail", "operator_id": "jr_east", "line_color": "#F15A24", "tags": ["tokyo", "track_centerline"]}}, {"type": "Feature", "bbox": [139.75255, 35.70191, 139.75494, 35.70209], "geometry": {"type": "LineString", "coordinates": [[139.75255, 35.70209], [139.75494, 35.70191]]}, "properties": {"id": "TRACK_TOKYO_2653", "line_name": "中央線", "station_group_ids": [], "mode": "rail", "operator_id": "jr_east", "line_color": "#F15A24", "tags": ["tokyo", "track_centerline"]}}, {"type": "Feature", "bbox": [139.72241, 35.67987, 139.73021, 35.68469], "geometry": {"type": "LineString", "coordinates": [[139.73021, 35.68469], [139.73019, 35.68466], [139.72981, 35.68406], [139.72971, 35.68396], [139.72908, 35.68336], [139.72863, 35.68296], [139.72846, 35.68282], [139.72845, 35.68281], [139.72786, 35.68232], [139.72738, 35.68189], [139.72701, 35.68169], [139.72408, 35.68044], [139.72309, 35.68004], [139.72258, 35.6799], [139.72241, 35.67987]]}, "properties": {"id": "TRACK_TOKYO_2654", "line_name": "中央線", "station_group_ids": [], "mode": "rail", "operator_id": "jr_east", "line_color": "#F15A24", "tags": ["tokyo", "track_centerline"]}}, {"type": "Feature", "bbox": [139.74574, 35.70209, 139.75255, 35.70246], "geometry": {"type": "LineString", "coordinates": [[139.74574, 35.70219], [139.74617, 35.70233], [139.74677, 35.70246], [139.74723, 35.70245], [139.74779, 35.70244], [139.75057, 35.70223], [139.75245, 35.7021], [139.75255, 35.70209]]}, "properties": {"id": "TRACK_TOKYO_2655", "line_name": "中央線", "station_group_ids": [], "mode": "rail", "operator_id": "jr_east", "line_color": "#F15A24", "tags": ["tokyo", "track_centerline"]}}, {"type": "Feature", "bbox": [139.71979, 35.67987, 139.72241, 35.68006], "geometry": {"type": "LineString", "coordinates": [[139.72241, 35.67987], [139.72185, 35.67988], [139.72112, 35.67994], [139.71979, 35.68006]]}, "properties": {"id": "TRACK_TOKYO_2656", "line_name": "中央線", "station_group_ids": [], "mode": "rail", "operator_id": "jr_east", "line_color": "#F15A24", "tags": ["tokyo", "track_centerline"]}}, {"type": "Feature", "bbox": [139.75494, 35.69995, 139.76372, 35.70191], "geometry": {"type": "LineString", "coordinates": [[139.75494, 35.70191], [139.75503, 35.7019], [139.75607, 35.70172], [139.75719, 35.70144], [139.75762, 35.70136], [139.75796, 35.70135], [139.75915, 35.70141], [139.76056, 35.7014], [139.76104, 35.70132], [139.7614, 35.70122], [139.76174, 35.7011], [139.76242, 35.70065], [139.76327, 35.70014], [139.76372, 35.69995]]}, "properties": {"id": "TRACK_TOKYO_2657", "line_name": "中央線", "station_group_ids": [], "mode": "rail", "operator_id": "jr_east", "line_color": "#F15A24", "tags": ["tokyo", "track_centerline"]}}, {"type": "Feature", "bbox": [139.74421, 35.70091, 139.74574, 35.70219], "geometry": {"type": "LineString", "coordinates": [[139.74574, 35.70219], [139.74565, 35.70214], [139.74525, 35.70192], [139.74503, 35.70177], [139.74471, 35.70149], [139.74438, 35.70114], [139.74421, 35.70091]]}, "properties": {"id": "TRACK_TOKYO_2658", "line_name": "中央線", "station_group_ids": [], "mode": "rail", "operator_id": "jr_east", "line_color": "#F15A24", "tags": ["tokyo", "track_centerline"]}}, {"type": "Feature", "bbox": [139.71279, 35.68006, 139.71979, 35.68101], "geometry": {"type": "LineString", "coordinates": [[139.71979, 35.68006], [139.71889, 35.68021], [139.71476, 35.68077], [139.71408, 35.68086], [139.71355, 35.68092], [139.71279, 35.68101]]}, "properties": {"id": "TRACK_TOKYO_2659", "line_name": "中央線", "station_group_ids": [], "mode": "rail", "operator_id": "jr_east", "line_color": "#F15A24", "tags": ["tokyo", "track_centerline"]}}, {"type": "Feature", "bbox": [139.73593, 35.69152, 139.74303, 35.6994], "geometry": {"type": "LineString", "coordinates": [[139.74303, 35.6994], [139.74295, 35.69931], [139.74231000000012, 35.69855], [139.74131, 35.69727], [139.74074, 35.69651], [139.74, 35.69555], [139.7394, 35.69465], [139.73891, 35.69401], [139.73857, 35.69358], [139.73814, 35.69309], [139.73765, 35.69267], [139.73705, 35.69221], [139.73667, 35.69194], [139.7363, 35.69175], [139.73593, 35.69152]]}, "properties": {"id": "TRACK_TOKYO_2660", "line_name": "中央線", "station_group_ids": [], "mode": "rail", "operator_id": "jr_east", "line_color": "#F15A24", "tags": ["tokyo", "track_centerline"]}}, {"type": "Feature", "bbox": [139.70203, 35.68309, 139.70239, 35.6845], "geometry": {"type": "LineString", "coordinates": [[139.70203, 35.6845], [139.70239, 35.68309]]}, "properties": {"id": "TRACK_TOKYO_2661", "line_name": "中央線", "station_group_ids": [], "mode": "rail", "operator_id": "jr_east", "line_color": "#F15A24", "tags": ["tokyo", "track_centerline"]}}, {"type": "Feature", "bbox": [139.69801, 35.69107, 139.70068, 35.69978], "geometry": {"type": "LineString", "coordinates": [[139.70068, 35.69107], [139.70049, 35.69197], [139.70035, 35.69236], [139.70019, 35.69273], [139.7001, 35.69304], [139.69996, 35.69349], [139.69986, 35.69391], [139.69982, 35.69435], [139.69981, 35.69508], [139.69976, 35.69546], [139.6996, 35.69584], [139.69947, 35.69618], [139.69933, 35.69655], [139.69897, 35.6978], [139.69886, 35.69822], [139.69881, 35.69838], [139.69836, 35.6992], [139.69801, 35.69978]]}, "properties": {"id": "TRACK_TOKYO_2662", "line_name": "中央線", "station_group_ids": [], "mode": "rail", "operator_id": "jr_east", "line_color": "#F15A24", "tags": ["tokyo", "track_centerline"]}}, {"type": "Feature", "bbox": [139.70055, 35.68931, 139.70068, 35.69107], "geometry": {"type": "LineString", "coordinates": [[139.70055, 35.68931], [139.7006, 35.68995], [139.70068, 35.69107]]}, "properties": {"id": "TRACK_TOKYO_2663", "line_name": "中央線", "station_group_ids": [], "mode": "rail", "operator_id": "jr_east", "line_color": "#F15A24", "tags": ["tokyo", "track_centerline"]}}, {"type": "Feature", "bbox": [139.71027, 35.68101, 139.71279, 35.68138], "geometry": {"type": "LineString", "coordinates": [[139.71279, 35.68101], [139.7113, 35.68123], [139.71027, 35.68138]]}, "properties": {"id": "TRACK_TOKYO_2664", "line_name": "中央線", "station_group_ids": [], "mode": "rail", "operator_id": "jr_east", "line_color": "#F15A24", "tags": ["tokyo", "track_centerline"]}}, {"type": "Feature", "bbox": [139.70239, 35.68262, 139.70275, 35.68309], "geometry": {"type": "LineString", "coordinates": [[139.70275, 35.68262], [139.70263, 35.68273], [139.70254, 35.68286], [139.70239, 35.68309]]}, "properties": {"id": "TRACK_TOKYO_2665", "line_name": "中央線", "station_group_ids": [], "mode": "rail", "operator_id": "jr_east", "line_color": "#F15A24", "tags": ["tokyo", "track_centerline"]}}, {"type": "Feature", "bbox": [139.70275, 35.68136, 139.71027, 35.68262], "geometry": {"type": "LineString", "coordinates": [[139.71027, 35.68138], [139.70951, 35.68153], [139.70845, 35.6815], [139.70801, 35.68148], [139.70709, 35.68144], [139.70664, 35.68142], [139.70584, 35.68136], [139.70538, 35.68138], [139.70521, 35.68141], [139.70486, 35.68147], [139.70429, 35.68164], [139.70394, 35.68179], [139.70342, 35.68207], [139.70318, 35.68225], [139.70294, 35.68245], [139.70275, 35.68262]]}, "properties": {"id": "TRACK_TOKYO_2666", "line_name": "中央線", "station_group_ids": [], "mode": "rail", "operator_id": "jr_east", "line_color": "#F15A24", "tags": ["tokyo", "track_centerline"]}}, {"type": "Feature", "bbox": [139.70055, 35.68262, 139.70275, 35.68931], "geometry": {"type": "LineString", "coordinates": [[139.70275, 35.68262], [139.70257, 35.68331], [139.70243, 35.68387], [139.7022, 35.68474], [139.70209, 35.68514], [139.70184, 35.68575], [139.70146, 35.6865], [139.7011, 35.68735], [139.70087, 35.688], [139.70068, 35.68871], [139.70064, 35.68888], [139.70063, 35.68895], [139.70055, 35.68931]]}, "properties": {"id": "TRACK_TOKYO_2667", "line_name": "中央線", "station_group_ids": [], "mode": "rail", "operator_id": "jr_east", "line_color": "#F15A24", "tags": ["tokyo", "track_centerline"]}}, {"type": "Feature", "bbox": [139.68626, 35.70149, 139.69688, 35.70629], "geometry": {"type": "LineString", "coordinates": [[139.69688, 35.70149], [139.6966, 35.70187], [139.6961, 35.70247], [139.69553, 35.703], [139.69517, 35.70331], [139.69473, 35.70368], [139.6944, 35.70396], [139.69387, 35.70433], [139.69332, 35.70466], [139.69272, 35.70495], [139.69223, 35.70516], [139.69073, 35.70563], [139.69044, 35.70569], [139.68944, 35.70591], [139.68834, 35.7061], [139.68808, 35.70614], [139.68787, 35.70617], [139.6869, 35.70628], [139.68665, 35.70628], [139.6865, 35.70629], [139.68626, 35.70628]]}, "properties": {"id": "TRACK_TOKYO_2668", "line_name": "中央線", "station_group_ids": [], "mode": "rail", "operator_id": "jr_east", "line_color": "#F15A24", "tags": ["tokyo", "track_centerline"]}}, {"type": "Feature", "bbox": [139.69688, 35.69978, 139.69801, 35.70149], "geometry": {"type": "LineString", "coordinates": [[139.69801, 35.69978], [139.69688, 35.70149]]}, "properties": {"id": "TRACK_TOKYO_2669", "line_name": "中央線", "station_group_ids": [], "mode": "rail", "operator_id": "jr_east", "line_color": "#F15A24", "tags": ["tokyo", "track_centerline"]}}, {"type": "Feature", "bbox": [139.57861, 35.70311, 139.58101, 35.70317], "geometry": {"type": "LineString", "coordinates": [[139.57861, 35.70311], [139.58035, 35.70316], [139.58101, 35.70317]]}, "properties": {"id": "TRACK_TOKYO_2675", "line_name": "中央線", "station_group_ids": [], "mode": "rail", "operator_id": "jr_east", "line_color": "#F15A24", "tags": ["tokyo", "track_centerline"]}}, {"type": "Feature", "bbox": [139.59833, 35.70373, 139.60057, 35.70384], "geometry": {"type": "LineString", "coordinates": [[139.59833, 35.70373], [139.59963, 35.70379], [139.60029, 35.70383], [139.60057, 35.70384]]}, "properties": {"id": "TRACK_TOKYO_2678", "line_name": "中央線", "station_group_ids": [], "mode": "rail", "operator_id": "jr_east", "line_color": "#F15A24", "tags": ["tokyo", "track_centerline"]}}, {"type": "Feature", "bbox": [139.58101, 35.70317, 139.59833, 35.70373], "geometry": {"type": "LineString", "coordinates": [[139.58101, 35.70317], [139.58147, 35.70323], [139.58297, 35.70328], [139.58327, 35.70329], [139.5841, 35.70332], [139.58488, 35.70335], [139.58577, 35.70338], [139.58706, 35.70342], [139.58846, 35.70344], [139.58979, 35.70349], [139.59124, 35.70353], [139.59256, 35.70356], [139.59394, 35.70361], [139.59435, 35.70362], [139.59506, 35.70364], [139.59638, 35.70368], [139.59738, 35.70371], [139.59833, 35.70373]]}, "properties": {"id": "TRACK_TOKYO_2681", "line_name": "中央線", "station_group_ids": [], "mode": "rail", "operator_id": "jr_east", "line_color": "#F15A24", "tags": ["tokyo", "track_centerline"]}}, {"type": "Feature", "bbox": [139.56169, 35.70271, 139.57861, 35.70311], "geometry": {"type": "LineString", "coordinates": [[139.56169, 35.70271], [139.56325, 35.70274], [139.5649, 35.70278], [139.56586, 35.70282], [139.56602, 35.70282], [139.56753, 35.70284], [139.56757, 35.70284], [139.56858, 35.70288], [139.5697, 35.70291], [139.57083, 35.70294], [139.57158, 35.70297], [139.57259, 35.70299], [139.57453, 35.70304], [139.57584, 35.70307], [139.57701, 35.70308], [139.57861, 35.70311]]}, "properties": {"id": "TRACK_TOKYO_2682", "line_name": "中央線", "station_group_ids": [], "mode": "rail", "operator_id": "jr_east", "line_color": "#F15A24", "tags": ["tokyo", "track_centerline"]}}, {"type": "Feature", "bbox": [139.60057, 35.70384, 139.61898, 35.7044], "geometry": {"type": "LineString", "coordinates": [[139.60057, 35.70384], [139.60252, 35.70387], [139.60296, 35.70388], [139.6039, 35.70392], [139.6052, 35.70396], [139.60661, 35.70399], [139.60782, 35.70402], [139.60853, 35.70403], [139.60943, 35.70407], [139.61086, 35.70411], [139.61225, 35.70415], [139.61367, 35.7042], [139.61403, 35.70422], [139.61508, 35.70426], [139.61571, 35.70427], [139.61627, 35.70429], [139.61636, 35.70429], [139.61781, 35.70436], [139.61898, 35.7044]]}, "properties": {"id": "TRACK_TOKYO_2685", "line_name": "中央線", "station_group_ids": [], "mode": "rail", "operator_id": "jr_east", "line_color": "#F15A24", "tags": ["tokyo", "track_centerline"]}}, {"type": "Feature", "bbox": [139.76621, 35.67965, 139.76716, 35.68228], "geometry": {"type": "LineString", "coordinates": [[139.76716, 35.68228], [139.76621, 35.67965]]}, "properties": {"id": "TRACK_TOKYO_2843", "line_name": "東海道線", "station_group_ids": [], "mode": "rail", "operator_id": "jr_east", "line_color": "#F28E1C", "tags": ["tokyo", "track_centerline"]}}, {"type": "Feature", "bbox": [139.76523, 35.67711, 139.76621, 35.67965], "geometry": {"type": "LineString", "coordinates": [[139.76523, 35.67711], [139.76552, 35.6778], [139.76621, 35.67965]]}, "properties": {"id": "TRACK_TOKYO_2844", "line_name": "東海道線", "station_group_ids": [], "mode": "rail", "operator_id": "jr_east", "line_color": "#F28E1C", "tags": ["tokyo", "track_centerline"]}}, {"type": "Feature", "bbox": [139.76491, 35.68098, 139.76591, 35.68245], "geometry": {"type": "LineString", "coordinates": [[139.76491, 35.68098], [139.76528, 35.68159], [139.76591, 35.68245]]}, "properties": {"id": "TRACK_TOKYO_2845", "line_name": "東海道線", "station_group_ids": [], "mode": "rail", "operator_id": "jr_east", "line_color": "#F28E1C", "tags": ["tokyo", "track_centerline"]}}, {"type": "Feature", "bbox": [139.76523, 35.67711, 139.76586, 35.6779], "geometry": {"type": "LineString", "coordinates": [[139.76523, 35.67711], [139.76586, 35.6779]]}, "properties": {"id": "TRACK_TOKYO_2846", "line_name": "東海道線", "station_group_ids": [], "mode": "rail", "operator_id": "jr_east", "line_color": "#F28E1C", "tags": ["tokyo", "track_centerline"]}}, {"type": "Feature", "bbox": [139.76586, 35.6779, 139.76663, 35.67955], "geometry": {"type": "LineString", "coordinates": [[139.76663, 35.67955], [139.76586, 35.6779]]}, "properties": {"id": "TRACK_TOKYO_2847", "line_name": "東海道線", "station_group_ids": [], "mode": "rail", "operator_id": "jr_east", "line_color": "#F28E1C", "tags": ["tokyo", "track_centerline"]}}, {"type": "Feature", "bbox": [139.76663, 35.67955, 139.76778, 35.68294], "geometry": {"type": "LineString", "coordinates": [[139.76663, 35.67955], [139.76728, 35.68105], [139.76778, 35.68294]]}, "properties": {"id": "TRACK_TOKYO_2848", "line_name": "東海道線", "station_group_ids": [], "mode": "rail", "operator_id": "jr_east", "line_color": "#F28E1C", "tags": ["tokyo", "track_centerline"]}}, {"type": "Feature", "bbox": [139.76708, 35.67945, 139.7678, 35.68294], "geometry": {"type": "LineString", "coordinates": [[139.76778, 35.68294], [139.7678, 35.68112], [139.76708, 35.67945]]}, "properties": {"id": "TRACK_TOKYO_2849", "line_name": "東海道線", "station_group_ids": [], "mode": "rail", "operator_id": "jr_east", "line_color": "#F28E1C", "tags": ["tokyo", "track_centerline"]}}, {"type": "Feature", "bbox": [139.76586, 35.6779, 139.76708, 35.67945], "geometry": {"type": "LineString", "coordinates": [[139.76586, 35.6779], [139.76708, 35.67945]]}, "properties": {"id": "TRACK_TOKYO_2850", "line_name": "東海道線", "station_group_ids": [], "mode": "rail", "operator_id": "jr_east", "line_color": "#F28E1C", "tags": ["tokyo", "track_centerline"]}}, {"type": "Feature", "bbox": [139.76398, 35.6756, 139.76523, 35.67711], "geometry": {"type": "LineString", "coordinates": [[139.76398, 35.6756], [139.76444, 35.67597], [139.76471, 35.67626], [139.76499, 35.67662], [139.76523, 35.67711]]}, "properties": {"id": "TRACK_TOKYO_2851", "line_name": "東海道線", "station_group_ids": [], "mode": "rail", "operator_id": "jr_east", "line_color": "#F28E1C", "tags": ["tokyo", "track_centerline"]}}, {"type": "Feature", "bbox": [139.75864, 35.66702, 139.76491, 35.68098], "geometry": {"type": "LineString", "coordinates": [[139.75866, 35.66702], [139.75864, 35.66734], [139.75865, 35.66798], [139.75866, 35.66823], [139.75876, 35.66848], [139.75889, 35.66872], [139.75957, 35.66991], [139.76008, 35.67096], [139.76042, 35.67161], [139.76075, 35.67224], [139.76089, 35.67238], [139.7618, 35.67345], [139.76206, 35.6741], [139.7623, 35.67467], [139.7625, 35.67516], [139.76273, 35.67588], [139.76309, 35.67697], [139.76345, 35.67805], [139.76388, 35.67938], [139.76413, 35.68014], [139.76467, 35.68076], [139.76491, 35.68098]]}, "properties": {"id": "TRACK_TOKYO_2853", "line_name": "東海道線", "station_group_ids": [], "mode": "rail", "operator_id": "jr_east", "line_color": "#F28E1C", "tags": ["tokyo", "track_centerline"]}}, {"type": "Feature", "bbox": [139.75814, 35.6672, 139.76254, 35.67448], "geometry": {"type": "LineString", "coordinates": [[139.75814, 35.6672], [139.75817, 35.66821], [139.7582, 35.66841], [139.75826, 35.66863], [139.75836, 35.66886], [139.75851, 35.66913], [139.75899, 35.66991], [139.7598, 35.67143], [139.75991, 35.67163], [139.76034, 35.67244], [139.76054, 35.67274], [139.76074, 35.67299], [139.76116, 35.67336], [139.7616, 35.67372], [139.76206, 35.6741], [139.76254, 35.67448]]}, "properties": {"id": "TRACK_TOKYO_2855", "line_name": "東海道線", "station_group_ids": [], "mode": "rail", "operator_id": "jr_east", "line_color": "#F28E1C", "tags": ["tokyo", "track_centerline"]}}, {"type": "Feature", "bbox": [139.76254, 35.67448, 139.76398, 35.6756], "geometry": {"type": "LineString", "coordinates": [[139.76254, 35.67448], [139.76398, 35.6756]]}, "properties": {"id": "TRACK_TOKYO_2856", "line_name": "東海道線", "station_group_ids": [], "mode": "rail", "operator_id": "jr_east", "line_color": "#F28E1C", "tags": ["tokyo", "track_centerline"]}}, {"type": "Feature", "bbox": [139.61657, 35.90806, 139.62452, 35.97526], "geometry": {"type": "LineString", "coordinates": [[139.62235, 35.90806], [139.62208, 35.90871], [139.62177, 35.9095], [139.62144, 35.91025], [139.62085, 35.912], [139.6199, 35.91483], [139.6191, 35.91714], [139.61873, 35.91817], [139.61834, 35.91928], [139.6182, 35.91971], [139.61818, 35.91987], [139.61817, 35.91999], [139.6179, 35.92078], [139.61762, 35.92173], [139.61753, 35.92208], [139.61729, 35.92303], [139.61714, 35.92386], [139.61699, 35.92489], [139.61677, 35.92655], [139.61667, 35.92745], [139.6166, 35.92816], [139.61658, 35.92877], [139.61657, 35.92926], [139.61663, 35.93147], [139.61674, 35.93267], [139.61687, 35.9341], [139.61709, 35.93528], [139.61748, 35.93748], [139.61753, 35.93774], [139.61777, 35.93901], [139.61832, 35.942], [139.61889, 35.94503], [139.6192, 35.94665], [139.61956, 35.94857], [139.62017, 35.95186], [139.62069, 35.95452], [139.62088, 35.95556], [139.62132, 35.9579], [139.62165, 35.95968], [139.62167, 35.95974], [139.62175, 35.9602], [139.62177, 35.9603], [139.62202, 35.9616], [139.62203, 35.96172], [139.62207, 35.96194], [139.62218, 35.96253], [139.62219, 35.96263], [139.62221, 35.96272], [139.62232, 35.96336], [139.62235, 35.96346], [139.62239, 35.96372], [139.62254, 35.9646], [139.62282, 35.96613], [139.62283, 35.96617], [139.62288, 35.96645], [139.62299, 35.96706], [139.623, 35.96709], [139.62308, 35.96759], [139.62322, 35.9683], [139.62329, 35.96875], [139.62334, 35.96889], [139.62336, 35.96912], [139.62362, 35.97044], [139.62363, 35.97052], [139.62368, 35.97079], [139.62379, 35.97137], [139.62389, 35.97196], [139.62392, 35.97208], [139.62396, 35.97232], [139.62399, 35.97247], [139.62407, 35.97293], [139.62419, 35.97354], [139.62429, 35.97409], [139.62438, 35.97453], [139.62448, 35.97508], [139.62452, 35.97526]]}, "properties": {"id": "TRACK_TOKYO_3001", "line_name": "東北新幹線", "station_group_ids": [], "mode": "shinkansen", "operator_id": "jr_east", "line_color": "#2D9C5B", "tags": ["tokyo", "track_centerline"]}}, {"type": "Feature", "bbox": [139.77675, 35.71231, 139.77802, 35.71432], "geometry": {"type": "LineString", "coordinates": [[139.77802, 35.71432], [139.77675, 35.71231]]}, "properties": {"id": "TRACK_TOKYO_3003", "line_name": "東北新幹線", "station_group_ids": [], "mode": "shinkansen", "operator_id": "jr_east", "line_color": "#2D9C5B", "tags": ["tokyo", "track_centerline"]}}, {"type": "Feature", "bbox": [139.76795, 35.68296, 139.77675, 35.71231], "geometry": {"type": "LineString", "coordinates": [[139.76807, 35.68296], [139.76798, 35.68339], [139.76795, 35.68355], [139.76799, 35.68375], [139.76819, 35.68429], [139.76903, 35.6867], [139.7695, 35.68798], [139.77017, 35.68955], [139.77033, 35.68994], [139.77123, 35.69185], [139.77138, 35.69222], [139.77175, 35.6932], [139.77229, 35.69442], [139.77287, 35.69578], [139.77305, 35.69649], [139.77324, 35.69684], [139.77341, 35.69732], [139.77349, 35.69768], [139.77355, 35.69811], [139.77356, 35.69829], [139.77358, 35.69842], [139.77374, 35.69977], [139.77398, 35.70116], [139.77404, 35.70156], [139.77407, 35.70173], [139.77426, 35.70232], [139.77436, 35.70269], [139.77453, 35.70353], [139.77479, 35.70497], [139.77505, 35.7062], [139.77531, 35.70773], [139.7755, 35.70853], [139.77573, 35.70942], [139.77594, 35.71023], [139.77626, 35.71122], [139.77644, 35.71177], [139.77675, 35.71231]]}, "properties": {"id": "TRACK_TOKYO_3004", "line_name": "東北新幹線", "station_group_ids": [], "mode": "shinkansen", "operator_id": "jr_east", "line_color": "#2D9C5B", "tags": ["tokyo", "track_centerline"]}}, {"type": "Feature", "bbox": [139.76746, 35.67936, 139.76811, 35.68296], "geometry": {"type": "LineString", "coordinates": [[139.76807, 35.68296], [139.76811, 35.68099], [139.76746, 35.67936]]}, "properties": {"id": "TRACK_TOKYO_3005", "line_name": "東北新幹線", "station_group_ids": [], "mode": "shinkansen", "operator_id": "jr_east", "line_color": "#2D9C5B", "tags": ["tokyo", "track_centerline"]}}, {"type": "Feature", "bbox": [139.62235, 35.90445, 139.62381, 35.90806], "geometry": {"type": "LineString", "coordinates": [[139.62381, 35.90445], [139.62313, 35.906], [139.62235, 35.90806]]}, "properties": {"id": "TRACK_TOKYO_3006", "line_name": "東北新幹線", "station_group_ids": [], "mode": "shinkansen", "operator_id": "jr_east", "line_color": "#2D9C5B", "tags": ["tokyo", "track_centerline"]}}, {"type": "Feature", "bbox": [139.62381, 35.71432, 139.78085, 35.90445], "geometry": {"type": "LineString", "coordinates": [[139.62381, 35.90445], [139.62398, 35.90419], [139.62413, 35.90396], [139.62427, 35.90376], [139.62444, 35.90353], [139.62462, 35.90326], [139.62473, 35.90311], [139.62492, 35.90285], [139.62562, 35.9019], [139.62603, 35.90135], [139.62627, 35.90101], [139.62704, 35.89996], [139.62727, 35.89965], [139.62737, 35.89952], [139.62746, 35.89941], [139.62776, 35.89896], [139.62799, 35.89851], [139.62812, 35.89818], [139.62827, 35.8977], [139.62846, 35.89714], [139.62859, 35.89671], [139.62861, 35.89664], [139.6287, 35.89637], [139.62891, 35.8957], [139.62906, 35.89517], [139.62912, 35.89493], [139.62918, 35.89458], [139.62921, 35.89439], [139.62928, 35.89392], [139.62929, 35.89378], [139.62929, 35.8932], [139.62925, 35.89281], [139.62918, 35.89244], [139.62912, 35.8922], [139.62911, 35.89218], [139.62908, 35.89208], [139.62883, 35.89156], [139.6287, 35.89137], [139.62837, 35.89081], [139.62806, 35.89036], [139.62659, 35.88826], [139.62616, 35.88765], [139.62591, 35.88732], [139.62555, 35.88675], [139.62539, 35.88645], [139.62527, 35.88617], [139.62519, 35.88596], [139.62509, 35.88565], [139.62491, 35.885], [139.62488, 35.88486], [139.62488, 35.88377], [139.6249, 35.88362], [139.62493, 35.88352], [139.62496, 35.88331], [139.62499, 35.88316], [139.62508, 35.88283], [139.62526, 35.88235], [139.62537, 35.88205], [139.62552, 35.88166], [139.62557, 35.88151], [139.62558, 35.88147], [139.62587, 35.88072], [139.62612, 35.88006], [139.62615, 35.88], [139.62617, 35.87993], [139.62626, 35.8797], [139.62646, 35.87914], [139.62653, 35.87894], [139.62665, 35.87865], [139.62678, 35.87831], [139.62692, 35.87796], [139.62693, 35.87792], [139.62698, 35.8778], [139.62711, 35.87746], [139.62715, 35.87736], [139.62738, 35.87672], [139.62752, 35.87634], [139.62758, 35.87618], [139.62761, 35.8761], [139.62765, 35.87596], [139.62775, 35.8757], [139.62776, 35.87565], [139.62783, 35.87546], [139.62792, 35.87522], [139.62799, 35.87503], [139.62815, 35.87456], [139.62821, 35.87443], [139.62823, 35.87433], [139.6285, 35.87358], [139.62866, 35.87315], [139.62882, 35.87273], [139.6289, 35.8725], [139.62893, 35.87245], [139.629, 35.87222], [139.62921, 35.87166], [139.62922, 35.87164], [139.62928, 35.87147], [139.62938, 35.87123], [139.6294, 35.8712], [139.62947, 35.87098], [139.62968, 35.87042], [139.62975, 35.87025], [139.62983, 35.87001], [139.62985, 35.86998], [139.63003, 35.86951], [139.63018, 35.86912], [139.63019, 35.86906], [139.63021, 35.86904], [139.63029, 35.86883], [139.6303, 35.86881], [139.63068, 35.86778], [139.63087, 35.86727], [139.63106, 35.86676], [139.63114, 35.86656], [139.63116, 35.86649], [139.63118, 35.86649], [139.63121, 35.86636], [139.63139, 35.86589], [139.63145, 35.86573], [139.63151, 35.86556], [139.63183, 35.86469], [139.63198, 35.86433], [139.63206, 35.86413], [139.63223, 35.86364], [139.63235, 35.86335], [139.63244, 35.86309], [139.6325, 35.86295], [139.63263, 35.86258], [139.63268, 35.86246], [139.63282, 35.86205], [139.63288, 35.86189], [139.63296, 35.86171], [139.63304, 35.86148], [139.63318, 35.86111], [139.63337, 35.86062], [139.63352, 35.86021], [139.6336, 35.85998], [139.63375, 35.85958], [139.63416, 35.85853], [139.63437, 35.85803], [139.63465, 35.85739], [139.63479, 35.85712], [139.63482, 35.85709], [139.63504, 35.8567], [139.63523, 35.8564], [139.63577, 35.85553], [139.63607, 35.8551], [139.63613, 35.85502], [139.63631, 35.85478], [139.63632, 35.85476], [139.63645, 35.85461], [139.63706, 35.85388], [139.63784, 35.85308], [139.63831, 35.85261], [139.63862, 35.85231], [139.63893, 35.85201], [139.63996, 35.85117], [139.64218, 35.84929], [139.64412, 35.84768], [139.64548, 35.84659], [139.64606, 35.84606], [139.64629, 35.84581], [139.64632, 35.84578], [139.64672, 35.8453], [139.6471, 35.84478], [139.64744, 35.84418], [139.64828, 35.84263], [139.64943, 35.8404], [139.65085, 35.83761], [139.65138, 35.83655], [139.65141, 35.83651], [139.65159, 35.83622], [139.65221, 35.83533], [139.65261, 35.8348], [139.65275, 35.83464], [139.6531, 35.83415], [139.65349, 35.83366], [139.65376, 35.8333], [139.65393, 35.8331], [139.65514, 35.83157], [139.65565, 35.83093], [139.65574, 35.8308], [139.65609, 35.83037], [139.65627, 35.83016], [139.65666, 35.82976], [139.65699, 35.82946], [139.65715, 35.82934], [139.65786, 35.82887], [139.65813, 35.8287], [139.65829, 35.82859], [139.6587, 35.82833], [139.65879, 35.82827], [139.65934, 35.8279], [139.65986, 35.82757], [139.66, 35.82747], [139.66045, 35.82717], [139.66049, 35.82716], [139.66077, 35.82698], [139.66183, 35.8263], [139.66217, 35.8261], [139.66254, 35.82585], [139.66368, 35.82511], [139.66438, 35.82468], [139.66472, 35.82444], [139.66513, 35.82414], [139.66541, 35.82388], [139.66578, 35.82349], [139.6661, 35.82312], [139.66629, 35.82285], [139.66637, 35.82273], [139.66668, 35.82222], [139.66689, 35.82189], [139.66691, 35.82183], [139.66727, 35.82122], [139.66837, 35.81933], [139.66877, 35.81865], [139.66895, 35.81834], [139.66899, 35.81827], [139.66925, 35.81785], [139.66933, 35.81771], [139.66971, 35.81709], [139.67003, 35.81656], [139.67147, 35.81409], [139.67156, 35.81392], [139.67177, 35.81357], [139.67215, 35.813], [139.67227, 35.81285], [139.67267, 35.81239], [139.67304, 35.81204], [139.67366, 35.81149], [139.6741, 35.81113], [139.67431, 35.81097], [139.67434, 35.81093], [139.67458, 35.81075], [139.675, 35.8104], [139.67504, 35.81036], [139.67647, 35.80915], [139.67682, 35.80887], [139.67683, 35.80885], [139.67719, 35.80853], [139.67737, 35.80838], [139.67746, 35.8083], [139.67865, 35.80729], [139.67872, 35.80723], [139.67899, 35.80703], [139.679, 35.80701], [139.67929, 35.80677], [139.67933, 35.80673], [139.67987, 35.8063], [139.67999, 35.80618], [139.6803, 35.80593], [139.68058, 35.80569], [139.68102, 35.80533], [139.68145, 35.80498], [139.68305, 35.80365], [139.68335, 35.80339], [139.6838, 35.80297], [139.68429, 35.80232], [139.68447, 35.802], [139.6847, 35.80145], [139.68479, 35.80119], [139.68481, 35.80115], [139.68501, 35.80052], [139.68511, 35.8002], [139.68519, 35.79996], [139.68525, 35.7997], [139.68554, 35.79878], [139.68563, 35.79849], [139.68565, 35.7984], [139.6859, 35.79756], [139.68607, 35.79699], [139.68608, 35.79698], [139.68626, 35.79635], [139.68653, 35.79557], [139.68675, 35.79502], [139.68709, 35.7943], [139.68733, 35.79391], [139.68778, 35.79334], [139.68825, 35.79285], [139.6888, 35.79235], [139.68883, 35.79234], [139.68888, 35.79229], [139.68919, 35.79207], [139.68935, 35.79198], [139.68942, 35.79192], [139.68985, 35.79169], [139.69019, 35.79153], [139.69023, 35.79152], [139.69029, 35.79149], [139.69058, 35.79136], [139.69101, 35.7912], [139.69118, 35.79115], [139.69122, 35.79114], [139.69157, 35.79104], [139.69209, 35.79094], [139.6924, 35.79089], [139.69269, 35.79084], [139.69314, 35.7908], [139.6937, 35.79073], [139.69449, 35.79064], [139.69456, 35.79063], [139.69479, 35.7906], [139.69503, 35.79057], [139.69568, 35.7905], [139.69618, 35.79045], [139.69655, 35.79042], [139.69667, 35.7904], [139.6969, 35.79037], [139.69708, 35.79036], [139.69755, 35.79032], [139.69833, 35.79023], [139.69849, 35.7902], [139.69858, 35.7902], [139.69858, 35.79018], [139.69905, 35.79013], [139.69953, 35.79008], [139.7002, 35.78998], [139.70061, 35.78987], [139.70095, 35.78974], [139.70125, 35.78963], [139.70181, 35.78939], [139.70204, 35.78929], [139.70249, 35.78906], [139.70291, 35.78878], [139.70335, 35.78848], [139.70392, 35.78808], [139.70443, 35.78771], [139.70495, 35.78734], [139.70557, 35.78691], [139.70593, 35.7867], [139.70647, 35.78638], [139.70693, 35.78618], [139.70756, 35.78594], [139.70847, 35.78571], [139.70981, 35.78539], [139.71055, 35.78523], [139.71115, 35.7851], [139.71132, 35.78508], [139.71165, 35.78508], [139.71203, 35.78499], [139.71374, 35.78447], [139.71421, 35.78431], [139.71452, 35.78422], [139.71485, 35.78409], [139.71518, 35.78393], [139.71553, 35.78377], [139.71582, 35.78361], [139.71608, 35.78345], [139.71663, 35.78307], [139.71699, 35.78281], [139.71713, 35.78267], [139.71733, 35.7824], [139.7175, 35.7822], [139.71765, 35.78202], [139.71789, 35.78173], [139.71802, 35.78152], [139.71819, 35.78118], [139.71831, 35.78087], [139.71852, 35.78049], [139.71909, 35.77965], [139.71946, 35.77914], [139.71994, 35.77847], [139.72024, 35.77806], [139.72054, 35.77761], [139.72078, 35.77726], [139.72101, 35.77693], [139.72118, 35.77666], [139.72147, 35.77618], [139.72165, 35.77581], [139.72172, 35.77564], [139.72176, 35.77554], [139.72182, 35.77523], [139.72189, 35.77457], [139.72191, 35.77405], [139.72191, 35.77404], [139.72192, 35.77378], [139.72194, 35.77359], [139.72197, 35.77336], [139.72204, 35.773], [139.72213, 35.7727], [139.72225, 35.77237], [139.72246, 35.77199], [139.72267, 35.77152], [139.72297, 35.77098], [139.72325, 35.77051], [139.72357, 35.76992], [139.72381, 35.76952], [139.72427, 35.76875], [139.72497, 35.76747], [139.72564, 35.76632], [139.72598, 35.76573], [139.72602, 35.76566], [139.72621, 35.76536], [139.72658, 35.76478], [139.72686, 35.76437], [139.72736, 35.76366], [139.72775, 35.76308], [139.72801, 35.76271], [139.72823, 35.76251], [139.72863, 35.76217], [139.72907, 35.76185], [139.72995, 35.76123], [139.73053, 35.76083], [139.7311, 35.76042], [139.73176, 35.75995], [139.73246, 35.75944], [139.73283, 35.75918], [139.73309, 35.75898], [139.73319, 35.75891], [139.73354, 35.75859], [139.73384, 35.75831], [139.73419, 35.75795], [139.73457, 35.75754], [139.73506, 35.75693], [139.73542, 35.75641], [139.73601, 35.75562], [139.7365, 35.75489], [139.7369, 35.75436], [139.73717, 35.75397], [139.73752, 35.75355], [139.73778, 35.75323], [139.73858, 35.75247], [139.73952, 35.75166], [139.74013, 35.75116], [139.74111, 35.75038], [139.7418, 35.74976], [139.74191, 35.74967], [139.74264, 35.74921], [139.74309, 35.74897], [139.74476, 35.74808], [139.74582, 35.7475], [139.7461, 35.74736], [139.74677, 35.74701], [139.74821, 35.74625], [139.74912, 35.74578], [139.75007, 35.74526], [139.75249, 35.74397], [139.75438, 35.74295], [139.75523, 35.74246], [139.75598, 35.742], [139.75608, 35.74195], [139.75716, 35.74129], [139.75813, 35.74068], [139.75888, 35.74016], [139.75928, 35.73986], [139.75989, 35.73934], [139.76118, 35.73824], [139.76217, 35.73739], [139.76328, 35.73638], [139.76394, 35.73577], [139.76442, 35.73532], [139.76446, 35.73528], [139.76561, 35.73422], [139.76605, 35.73377], [139.76629, 35.7335], [139.76663, 35.733], [139.76677, 35.73278], [139.767, 35.73241], [139.76718, 35.73212], [139.76752, 35.7316], [139.768, 35.73089], [139.76839, 35.73032], [139.76873, 35.72989], [139.76932, 35.72917], [139.77003, 35.72842], [139.77034, 35.72813], [139.77056, 35.72795], [139.77083, 35.72772], [139.77109, 35.72751], [139.77187, 35.72687], [139.77236, 35.72634], [139.77288, 35.72553], [139.77373, 35.72476], [139.77455, 35.72429], [139.77543, 35.72391], [139.77605, 35.72364], [139.77626, 35.72355], [139.77778, 35.72304], [139.77845, 35.72281], [139.77924, 35.72241], [139.77926, 35.72239], [139.77971, 35.72196], [139.78023, 35.72139], [139.78055, 35.72083], [139.78074, 35.72018], [139.78084, 35.71942], [139.78085, 35.71896], [139.78076, 35.71857], [139.78038, 35.71753], [139.78012, 35.71703], [139.77945, 35.71612], [139.77874, 35.71519], [139.77802, 35.71432]]}, "properties": {"id": "TRACK_TOKYO_3007", "line_name": "東北新幹線", "station_group_ids": [], "mode": "shinkansen", "operator_id": "jr_east", "line_color": "#2D9C5B", "tags": ["tokyo", "track_centerline"]}}, {"type": "Feature", "bbox": [139.62219, 35.90764, 139.63154, 35.93067], "geometry": {"type": "LineString", "coordinates": [[139.63154, 35.93067], [139.63122, 35.93008], [139.63086, 35.9294], [139.63015, 35.92809], [139.62999, 35.92779], [139.62992, 35.92766], [139.62942, 35.92674], [139.6291, 35.92614], [139.62875, 35.9255], [139.62851, 35.92504], [139.62822, 35.92451], [139.62788, 35.92389], [139.62769, 35.92352], [139.62757, 35.9233], [139.62726, 35.92276], [139.62674, 35.92185], [139.62668, 35.92174], [139.62561, 35.91987], [139.6247, 35.91821], [139.62408, 35.91711], [139.62398, 35.91693], [139.62378, 35.91659], [139.62324, 35.91565], [139.62287, 35.91482], [139.62253, 35.91401], [139.62242, 35.91367], [139.62227, 35.91317], [139.62221, 35.91285], [139.62219, 35.91247], [139.62227, 35.9117], [139.62266, 35.91018], [139.62349, 35.90794], [139.6236, 35.90764]]}, "properties": {"id": "TRACK_TOKYO_3285", "line_name": "東北線", "station_group_ids": [], "mode": "rail", "operator_id": "jr_east", "line_color": "#3AA76D", "tags": ["tokyo", "track_centerline"]}}, {"type": "Feature", "bbox": [139.77993, 35.71823, 139.78026, 35.71981], "geometry": {"type": "LineString", "coordinates": [[139.77993, 35.71981], [139.78005, 35.71955], [139.78019, 35.71917], [139.78025, 35.71879], [139.78026, 35.71849], [139.78025, 35.71838], [139.78022, 35.71823]]}, "properties": {"id": "TRACK_TOKYO_3291", "line_name": "東北線", "station_group_ids": [], "mode": "rail", "operator_id": "jr_east", "line_color": "#3AA76D", "tags": ["tokyo", "track_centerline"]}}, {"type": "Feature", "bbox": [139.77664, 35.71439, 139.77976, 35.72085], "geometry": {"type": "LineString", "coordinates": [[139.77865, 35.72085], [139.77916, 35.72034], [139.77936, 35.71998], [139.77958, 35.71951], [139.77972, 35.71905], [139.77976, 35.71871], [139.7797, 35.71829], [139.77962, 35.71797], [139.77936, 35.71756], [139.77847, 35.71646], [139.77764, 35.71551], [139.77664, 35.71439]]}, "properties": {"id": "TRACK_TOKYO_3292", "line_name": "東北線", "station_group_ids": [], "mode": "rail", "operator_id": "jr_east", "line_color": "#3AA76D", "tags": ["tokyo", "track_centerline"]}}, {"type": "Feature", "bbox": [139.76729, 35.72799, 139.77015, 35.73127], "geometry": {"type": "LineString", "coordinates": [[139.76729, 35.73127], [139.76744, 35.73108], [139.76818, 35.73012], [139.76898, 35.72917], [139.76956, 35.72853], [139.77015, 35.72799]]}, "properties": {"id": "TRACK_TOKYO_3293", "line_name": "東北線", "station_group_ids": [], "mode": "rail", "operator_id": "jr_east", "line_color": "#3AA76D", "tags": ["tokyo", "track_centerline"]}}, {"type": "Feature", "bbox": [139.77196, 35.71981, 139.77993, 35.72734], "geometry": {"type": "LineString", "coordinates": [[139.77196, 35.72734], [139.77207, 35.72725], [139.77326, 35.72623], [139.7744, 35.72523], [139.77476, 35.72491], [139.77524, 35.72443], [139.77601, 35.72368], [139.77605, 35.72364], [139.77667, 35.72306], [139.77853, 35.72135], [139.77945, 35.7205], [139.77967, 35.72024], [139.77993, 35.71981]]}, "properties": {"id": "TRACK_TOKYO_3294", "line_name": "東北線", "station_group_ids": [], "mode": "rail", "operator_id": "jr_east", "line_color": "#3AA76D", "tags": ["tokyo", "track_centerline"]}}, {"type": "Feature", "bbox": [139.77741, 35.72085, 139.77865, 35.72206], "geometry": {"type": "LineString", "coordinates": [[139.77741, 35.72206], [139.77865, 35.72085]]}, "properties": {"id": "TRACK_TOKYO_3295", "line_name": "東北線", "station_group_ids": [], "mode": "rail", "operator_id": "jr_east", "line_color": "#3AA76D", "tags": ["tokyo", "track_centerline"]}}, {"type": "Feature", "bbox": [139.76087, 35.72595, 139.77309, 35.74278], "geometry": {"type": "LineString", "coordinates": [[139.76087, 35.74278], [139.76105, 35.74269], [139.7612, 35.7426], [139.76132, 35.74254], [139.76174, 35.74225], [139.76207, 35.74201], [139.76251, 35.74167], [139.76294, 35.74126], [139.76327, 35.74093], [139.76335, 35.74083], [139.76365, 35.74046], [139.76401, 35.7399], [139.76445, 35.73907], [139.76504, 35.73778], [139.76543, 35.73682], [139.76575, 35.73592], [139.76593, 35.73543], [139.76625, 35.73461], [139.76685, 35.73324], [139.7671, 35.73268], [139.7672, 35.7325], [139.76727, 35.73237], [139.76738, 35.73215], [139.76777, 35.73157], [139.76853, 35.73045], [139.76879, 35.73006], [139.7693, 35.72944], [139.76986, 35.72885], [139.77051, 35.72827], [139.77074, 35.72808], [139.77143, 35.72749], [139.77169, 35.72727], [139.77239, 35.72665], [139.7727, 35.72638], [139.77309, 35.72595]]}, "properties": {"id": "TRACK_TOKYO_3296", "line_name": "東北線", "station_group_ids": [], "mode": "rail", "operator_id": "jr_east", "line_color": "#3AA76D", "tags": ["tokyo", "track_centerline"]}}, {"type": "Feature", "bbox": [139.77317, 35.69935, 139.77457, 35.70632], "geometry": {"type": "LineString", "coordinates": [[139.77317, 35.69935], [139.77333, 35.70053], [139.77343, 35.70134], [139.77351, 35.70165], [139.77355, 35.70174], [139.77374, 35.70223], [139.77388, 35.70261], [139.77401, 35.70307], [139.77407, 35.70334], [139.77435, 35.70497], [139.77457, 35.70632]]}, "properties": {"id": "TRACK_TOKYO_3297", "line_name": "東北線", "station_group_ids": [], "mode": "rail", "operator_id": "jr_east", "line_color": "#3AA76D", "tags": ["tokyo", "track_centerline"]}}, {"type": "Feature", "bbox": [139.7728, 35.69635, 139.77313, 35.69743], "geometry": {"type": "LineString", "coordinates": [[139.7728, 35.69635], [139.77309, 35.69725], [139.77313, 35.69743]]}, "properties": {"id": "TRACK_TOKYO_3298", "line_name": "東北線", "station_group_ids": [], "mode": "rail", "operator_id": "jr_east", "line_color": "#3AA76D", "tags": ["tokyo", "track_centerline"]}}, {"type": "Feature", "bbox": [139.7747, 35.70807, 139.77507, 35.71205], "geometry": {"type": "LineString", "coordinates": [[139.77486, 35.70807], [139.77494, 35.70854], [139.77495, 35.70874], [139.77495, 35.70897], [139.77493, 35.70911], [139.77474, 35.71056], [139.7747, 35.71095], [139.77474, 35.7112], [139.77482, 35.71152], [139.77487, 35.71163], [139.77507, 35.71205]]}, "properties": {"id": "TRACK_TOKYO_3299", "line_name": "東北線", "station_group_ids": [], "mode": "rail", "operator_id": "jr_east", "line_color": "#3AA76D", "tags": ["tokyo", "track_centerline"]}}, {"type": "Feature", "bbox": [139.76716, 35.68228, 139.76764, 35.68359], "geometry": {"type": "LineString", "coordinates": [[139.76716, 35.68228], [139.76764, 35.68359]]}, "properties": {"id": "TRACK_TOKYO_3300", "line_name": "東北線", "station_group_ids": [], "mode": "rail", "operator_id": "jr_east", "line_color": "#3AA76D", "tags": ["tokyo", "track_centerline"]}}, {"type": "Feature", "bbox": [139.77457, 35.70632, 139.77486, 35.70807], "geometry": {"type": "LineString", "coordinates": [[139.77457, 35.70632], [139.77486, 35.70807]]}, "properties": {"id": "TRACK_TOKYO_3301", "line_name": "東北線", "station_group_ids": [], "mode": "rail", "operator_id": "jr_east", "line_color": "#3AA76D", "tags": ["tokyo", "track_centerline"]}}, {"type": "Feature", "bbox": [139.7766, 35.71262, 139.77842, 35.71511], "geometry": {"type": "LineString", "coordinates": [[139.7766, 35.71262], [139.77842, 35.71511]]}, "properties": {"id": "TRACK_TOKYO_3302", "line_name": "東北線", "station_group_ids": [], "mode": "rail", "operator_id": "jr_east", "line_color": "#3AA76D", "tags": ["tokyo", "track_centerline"]}}, {"type": "Feature", "bbox": [139.77015, 35.72667, 139.77188, 35.72799], "geometry": {"type": "LineString", "coordinates": [[139.77015, 35.72799], [139.77016, 35.72798], [139.77037, 35.7278], [139.77093, 35.7273], [139.7712, 35.7271], [139.77145, 35.72691], [139.77188, 35.72667]]}, "properties": {"id": "TRACK_TOKYO_3303", "line_name": "東北線", "station_group_ids": [], "mode": "rail", "operator_id": "jr_east", "line_color": "#3AA76D", "tags": ["tokyo", "track_centerline"]}}, {"type": "Feature", "bbox": [139.77606, 35.7124, 139.77832, 35.71559], "geometry": {"type": "LineString", "coordinates": [[139.77832, 35.71559], [139.77606, 35.7124], [139.77754, 35.715]]}, "properties": {"id": "TRACK_TOKYO_3304", "line_name": "東北線", "station_group_ids": [], "mode": "rail", "operator_id": "jr_east", "line_color": "#3AA76D", "tags": ["tokyo", "track_centerline"]}}, {"type": "Feature", "bbox": [139.7728, 35.69635, 139.77292, 35.69772], "geometry": {"type": "LineString", "coordinates": [[139.77292, 35.69772], [139.7728, 35.69635]]}, "properties": {"id": "TRACK_TOKYO_3305", "line_name": "東北線", "station_group_ids": [], "mode": "rail", "operator_id": "jr_east", "line_color": "#3AA76D", "tags": ["tokyo", "track_centerline"]}}, {"type": "Feature", "bbox": [139.77188, 35.72595, 139.77309, 35.72667], "geometry": {"type": "LineString", "coordinates": [[139.77188, 35.72667], [139.77227, 35.72647], [139.77274, 35.7262], [139.77309, 35.72595]]}, "properties": {"id": "TRACK_TOKYO_3306", "line_name": "東北線", "station_group_ids": [], "mode": "rail", "operator_id": "jr_east", "line_color": "#3AA76D", "tags": ["tokyo", "track_centerline"]}}, {"type": "Feature", "bbox": [139.77292, 35.69772, 139.77317, 35.69935], "geometry": {"type": "LineString", "coordinates": [[139.77317, 35.69935], [139.77292, 35.69772]]}, "properties": {"id": "TRACK_TOKYO_3307", "line_name": "東北線", "station_group_ids": [], "mode": "rail", "operator_id": "jr_east", "line_color": "#3AA76D", "tags": ["tokyo", "track_centerline"]}}, {"type": "Feature", "bbox": [139.77309, 35.72206, 139.77741, 35.72595], "geometry": {"type": "LineString", "coordinates": [[139.77309, 35.72595], [139.77347, 35.72566], [139.77399, 35.72524], [139.77477, 35.72454], [139.77509, 35.72423], [139.77543, 35.72391], [139.77564, 35.7237], [139.77741, 35.72206]]}, "properties": {"id": "TRACK_TOKYO_3308", "line_name": "東北線", "station_group_ids": [], "mode": "rail", "operator_id": "jr_east", "line_color": "#3AA76D", "tags": ["tokyo", "track_centerline"]}}, {"type": "Feature", "bbox": [139.77573, 35.71239, 139.77664, 35.71439], "geometry": {"type": "LineString", "coordinates": [[139.77573, 35.71239], [139.77664, 35.71439]]}, "properties": {"id": "TRACK_TOKYO_3309", "line_name": "東北線", "station_group_ids": [], "mode": "rail", "operator_id": "jr_east", "line_color": "#3AA76D", "tags": ["tokyo", "track_centerline"]}}, {"type": "Feature", "bbox": [139.77507, 35.71205, 139.77664, 35.71439], "geometry": {"type": "LineString", "coordinates": [[139.77664, 35.71439], [139.77507, 35.71205]]}, "properties": {"id": "TRACK_TOKYO_3310", "line_name": "東北線", "station_group_ids": [], "mode": "rail", "operator_id": "jr_east", "line_color": "#3AA76D", "tags": ["tokyo", "track_centerline"]}}, {"type": "Feature", "bbox": [139.76626, 35.73127, 139.76729, 35.73289], "geometry": {"type": "LineString", "coordinates": [[139.76626, 35.73289], [139.76656, 35.73241], [139.76675, 35.73213], [139.76729, 35.73127]]}, "properties": {"id": "TRACK_TOKYO_3311", "line_name": "東北線", "station_group_ids": [], "mode": "rail", "operator_id": "jr_east", "line_color": "#3AA76D", "tags": ["tokyo", "track_centerline"]}}, {"type": "Feature", "bbox": [139.77754, 35.715, 139.78001, 35.71981], "geometry": {"type": "LineString", "coordinates": [[139.77754, 35.715], [139.7786, 35.71625], [139.77927, 35.7171], [139.77963, 35.71761], [139.77988, 35.71807], [139.77998, 35.71832], [139.78001, 35.71859], [139.77999, 35.71931], [139.77993, 35.71981]]}, "properties": {"id": "TRACK_TOKYO_3312", "line_name": "東北線", "station_group_ids": [], "mode": "rail", "operator_id": "jr_east", "line_color": "#3AA76D", "tags": ["tokyo", "track_centerline"]}}, {"type": "Feature", "bbox": [139.76764, 35.68359, 139.77054, 35.69096], "geometry": {"type": "LineString", "coordinates": [[139.76764, 35.68359], [139.76849, 35.68586], [139.76933, 35.6881], [139.77054, 35.69096]]}, "properties": {"id": "TRACK_TOKYO_3313", "line_name": "東北線", "station_group_ids": [], "mode": "rail", "operator_id": "jr_east", "line_color": "#3AA76D", "tags": ["tokyo", "track_centerline"]}}, {"type": "Feature", "bbox": [139.77313, 35.69743, 139.77335, 35.69872], "geometry": {"type": "LineString", "coordinates": [[139.77313, 35.69743], [139.77335, 35.69872]]}, "properties": {"id": "TRACK_TOKYO_3314", "line_name": "東北線", "station_group_ids": [], "mode": "rail", "operator_id": "jr_east", "line_color": "#3AA76D", "tags": ["tokyo", "track_centerline"]}}, {"type": "Feature", "bbox": [139.77121, 35.69258, 139.77159, 35.69345], "geometry": {"type": "LineString", "coordinates": [[139.77121, 35.69258], [139.77159, 35.69345]]}, "properties": {"id": "TRACK_TOKYO_3315", "line_name": "東北線", "station_group_ids": [], "mode": "rail", "operator_id": "jr_east", "line_color": "#3AA76D", "tags": ["tokyo", "track_centerline"]}}, {"type": "Feature", "bbox": [139.77159, 35.69345, 139.7728, 35.69635], "geometry": {"type": "LineString", "coordinates": [[139.77159, 35.69345], [139.77185, 35.69403], [139.77229, 35.69494], [139.77268, 35.69586], [139.7728, 35.69635]]}, "properties": {"id": "TRACK_TOKYO_3316", "line_name": "東北線", "station_group_ids": [], "mode": "rail", "operator_id": "jr_east", "line_color": "#3AA76D", "tags": ["tokyo", "track_centerline"]}}, {"type": "Feature", "bbox": [139.77335, 35.69872, 139.77573, 35.71239], "geometry": {"type": "LineString", "coordinates": [[139.77573, 35.71239], [139.77542, 35.71192], [139.77531, 35.71175], [139.77524, 35.71164], [139.77513, 35.71135], [139.775, 35.71091], [139.77496, 35.71049], [139.77503, 35.70992], [139.77518, 35.70886], [139.77517, 35.70827], [139.77494, 35.70689], [139.77482, 35.70608], [139.77458, 35.70496], [139.77422, 35.70296], [139.77413, 35.70261], [139.77386, 35.70199], [139.77375, 35.70167], [139.77371, 35.70156], [139.77346, 35.69952], [139.77335, 35.69872]]}, "properties": {"id": "TRACK_TOKYO_3317", "line_name": "東北線", "station_group_ids": [], "mode": "rail", "operator_id": "jr_east", "line_color": "#3AA76D", "tags": ["tokyo", "track_centerline"]}}, {"type": "Feature", "bbox": [139.77842, 35.71511, 139.78025, 35.71823], "geometry": {"type": "LineString", "coordinates": [[139.77842, 35.71511], [139.77919, 35.71609], [139.77987, 35.71699], [139.78014, 35.71747], [139.78023, 35.71773], [139.78025, 35.71797], [139.78022, 35.71823]]}, "properties": {"id": "TRACK_TOKYO_3318", "line_name": "東北線", "station_group_ids": [], "mode": "rail", "operator_id": "jr_east", "line_color": "#3AA76D", "tags": ["tokyo", "track_centerline"]}}, {"type": "Feature", "bbox": [139.76764, 35.68294, 139.76778, 35.68359], "geometry": {"type": "LineString", "coordinates": [[139.76764, 35.68359], [139.76778, 35.68294]]}, "properties": {"id": "TRACK_TOKYO_3319", "line_name": "東北線", "station_group_ids": [], "mode": "rail", "operator_id": "jr_east", "line_color": "#3AA76D", "tags": ["tokyo", "track_centerline"]}}, {"type": "Feature", "bbox": [139.77832, 35.71559, 139.78022, 35.71823], "geometry": {"type": "LineString", "coordinates": [[139.77832, 35.71559], [139.77887, 35.71623], [139.77969, 35.71725], [139.77993, 35.71763], [139.78012, 35.71797], [139.78022, 35.71823]]}, "properties": {"id": "TRACK_TOKYO_3320", "line_name": "東北線", "station_group_ids": [], "mode": "rail", "operator_id": "jr_east", "line_color": "#3AA76D", "tags": ["tokyo", "track_centerline"]}}, {"type": "Feature", "bbox": [139.77054, 35.69096, 139.77121, 35.69258], "geometry": {"type": "LineString", "coordinates": [[139.77054, 35.69096], [139.77121, 35.69258]]}, "properties": {"id": "TRACK_TOKYO_3321", "line_name": "東北線", "station_group_ids": [], "mode": "rail", "operator_id": "jr_east", "line_color": "#3AA76D", "tags": ["tokyo", "track_centerline"]}}, {"type": "Feature", "bbox": [139.76708, 35.67945, 139.7678, 35.68294], "geometry": {"type": "LineString", "coordinates": [[139.76778, 35.68294], [139.7678, 35.68112], [139.76708, 35.67945]]}, "properties": {"id": "TRACK_TOKYO_3322", "line_name": "東北線", "station_group_ids": [], "mode": "rail", "operator_id": "jr_east", "line_color": "#3AA76D", "tags": ["tokyo", "track_centerline"]}}, {"type": "Feature", "bbox": [139.76621, 35.67965, 139.76716, 35.68228], "geometry": {"type": "LineString", "coordinates": [[139.76716, 35.68228], [139.76621, 35.67965]]}, "properties": {"id": "TRACK_TOKYO_3323", "line_name": "東北線", "station_group_ids": [], "mode": "rail", "operator_id": "jr_east", "line_color": "#3AA76D", "tags": ["tokyo", "track_centerline"]}}, {"type": "Feature", "bbox": [139.76663, 35.67955, 139.76778, 35.68294], "geometry": {"type": "LineString", "coordinates": [[139.76663, 35.67955], [139.76728, 35.68105], [139.76778, 35.68294]]}, "properties": {"id": "TRACK_TOKYO_3324", "line_name": "東北線", "station_group_ids": [], "mode": "rail", "operator_id": "jr_east", "line_color": "#3AA76D", "tags": ["tokyo", "track_centerline"]}}, {"type": "Feature", "bbox": [139.77069, 35.72734, 139.77196, 35.7284], "geometry": {"type": "LineString", "coordinates": [[139.77196, 35.72734], [139.77092, 35.72822], [139.77069, 35.7284]]}, "properties": {"id": "TRACK_TOKYO_3325", "line_name": "東北線", "station_group_ids": [], "mode": "rail", "operator_id": "jr_east", "line_color": "#3AA76D", "tags": ["tokyo", "track_centerline"]}}, {"type": "Feature", "bbox": [139.62383, 35.90505, 139.62491, 35.90782], "geometry": {"type": "LineString", "coordinates": [[139.62491, 35.90505], [139.62383, 35.90782]]}, "properties": {"id": "TRACK_TOKYO_3326", "line_name": "東北線", "station_group_ids": [], "mode": "rail", "operator_id": "jr_east", "line_color": "#3AA76D", "tags": ["tokyo", "track_centerline"]}}, {"type": "Feature", "bbox": [139.62381, 35.89148, 139.6295, 35.90445], "geometry": {"type": "LineString", "coordinates": [[139.62381, 35.90445], [139.62396, 35.90422], [139.62461, 35.90327], [139.62521, 35.90245], [139.62603, 35.90134], [139.62653, 35.90067], [139.62675, 35.90035], [139.62712, 35.89987], [139.62743, 35.89944], [139.62776, 35.89896], [139.62785, 35.89879], [139.62797, 35.89857], [139.62803, 35.89842], [139.6283, 35.89762], [139.62865, 35.89652], [139.6289, 35.89579], [139.62891, 35.89576], [139.62919, 35.89549], [139.62927, 35.89533], [139.62934, 35.89515], [139.6294, 35.89483], [139.62948, 35.8942], [139.6295, 35.89378], [139.62947, 35.89309], [139.62936, 35.8924], [139.62928, 35.89209], [139.629, 35.89148]]}, "properties": {"id": "TRACK_TOKYO_3327", "line_name": "東北線", "station_group_ids": [], "mode": "rail", "operator_id": "jr_east", "line_color": "#3AA76D", "tags": ["tokyo", "track_centerline"]}}, {"type": "Feature", "bbox": [139.62235, 35.90445, 139.62381, 35.90806], "geometry": {"type": "LineString", "coordinates": [[139.62235, 35.90806], [139.62313, 35.906], [139.62381, 35.90445]]}, "properties": {"id": "TRACK_TOKYO_3328", "line_name": "東北線", "station_group_ids": [], "mode": "rail", "operator_id": "jr_east", "line_color": "#3AA76D", "tags": ["tokyo", "track_centerline"]}}, {"type": "Feature", "bbox": [139.72024, 35.77687, 139.7214, 35.77855], "geometry": {"type": "LineString", "coordinates": [[139.7214, 35.77687], [139.72119, 35.77723], [139.72097, 35.77755], [139.72024, 35.77855]]}, "properties": {"id": "TRACK_TOKYO_3329", "line_name": "東北線", "station_group_ids": [], "mode": "rail", "operator_id": "jr_east", "line_color": "#3AA76D", "tags": ["tokyo", "track_centerline"]}}, {"type": "Feature", "bbox": [139.69251, 35.78758, 139.70492, 35.79103], "geometry": {"type": "LineString", "coordinates": [[139.70492, 35.78758], [139.70409, 35.78815], [139.70351, 35.78855], [139.70309, 35.78884], [139.70291, 35.78897], [139.70263, 35.78915], [139.70209, 35.78944], [139.70137, 35.78974], [139.70071, 35.79], [139.70029, 35.79012], [139.70001, 35.79018], [139.69936, 35.79027], [139.69794, 35.79043], [139.69673, 35.79056], [139.69549, 35.79069], [139.69378, 35.79087], [139.69251, 35.79103]]}, "properties": {"id": "TRACK_TOKYO_3330", "line_name": "東北線", "station_group_ids": [], "mode": "rail", "operator_id": "jr_east", "line_color": "#3AA76D", "tags": ["tokyo", "track_centerline"]}}, {"type": "Feature", "bbox": [139.73891, 35.74773, 139.74475, 35.75163], "geometry": {"type": "LineString", "coordinates": [[139.73891, 35.75163], [139.73928, 35.75135], [139.73983, 35.75094], [139.74037, 35.75057], [139.7408, 35.75018], [139.74096, 35.75002], [139.74143, 35.74954], [139.74178, 35.74921], [139.74196, 35.74906], [139.7422, 35.74894], [139.74297, 35.74859], [139.74392, 35.74815], [139.74475, 35.74773]]}, "properties": {"id": "TRACK_TOKYO_3331", "line_name": "東北線", "station_group_ids": [], "mode": "rail", "operator_id": "jr_east", "line_color": "#3AA76D", "tags": ["tokyo", "track_centerline"]}}, {"type": "Feature", "bbox": [139.68335, 35.82865, 139.68967, 35.8349], "geometry": {"type": "LineString", "coordinates": [[139.68967, 35.82865], [139.6893, 35.82901], [139.68769, 35.83059], [139.68621, 35.83199], [139.68489, 35.83334], [139.68335, 35.8349]]}, "properties": {"id": "TRACK_TOKYO_3332", "line_name": "東北線", "station_group_ids": [], "mode": "rail", "operator_id": "jr_east", "line_color": "#3AA76D", "tags": ["tokyo", "track_centerline"]}}, {"type": "Feature", "bbox": [139.65666, 35.85777, 139.65763, 35.85936], "geometry": {"type": "LineString", "coordinates": [[139.65763, 35.85777], [139.65666, 35.85936]]}, "properties": {"id": "TRACK_TOKYO_3333", "line_name": "東北線", "station_group_ids": [], "mode": "rail", "operator_id": "jr_east", "line_color": "#3AA76D", "tags": ["tokyo", "track_centerline"]}}, {"type": "Feature", "bbox": [139.6676, 35.84745, 139.66963, 35.84922], "geometry": {"type": "LineString", "coordinates": [[139.6676, 35.84922], [139.66963, 35.84745]]}, "properties": {"id": "TRACK_TOKYO_3334", "line_name": "東北線", "station_group_ids": [], "mode": "rail", "operator_id": "jr_east", "line_color": "#3AA76D", "tags": ["tokyo", "track_centerline"]}}, {"type": "Feature", "bbox": [139.71835, 35.77855, 139.72024, 35.78162], "geometry": {"type": "LineString", "coordinates": [[139.72024, 35.77855], [139.71989, 35.77905], [139.71948, 35.77965], [139.71926, 35.77995], [139.71906, 35.78023], [139.71881, 35.78063], [139.71861, 35.78104], [139.71835, 35.78162]]}, "properties": {"id": "TRACK_TOKYO_3335", "line_name": "東北線", "station_group_ids": [], "mode": "rail", "operator_id": "jr_east", "line_color": "#3AA76D", "tags": ["tokyo", "track_centerline"]}}, {"type": "Feature", "bbox": [139.66058, 35.82621, 139.66231, 35.8273], "geometry": {"type": "LineString", "coordinates": [[139.66231, 35.82621], [139.66058, 35.8273]]}, "properties": {"id": "TRACK_TOKYO_3336", "line_name": "東北線", "station_group_ids": [], "mode": "rail", "operator_id": "jr_east", "line_color": "#3AA76D", "tags": ["tokyo", "track_centerline"]}}, {"type": "Feature", "bbox": [139.70667, 35.78162, 139.71835, 35.78648], "geometry": {"type": "LineString", "coordinates": [[139.70667, 35.78648], [139.70702, 35.78631], [139.70726, 35.78621], [139.70826, 35.78591], [139.7087, 35.78581], [139.70959, 35.7856], [139.71068, 35.78536], [139.71125, 35.78524], [139.71145, 35.78525], [139.71172, 35.78521], [139.71235, 35.78507], [139.71322, 35.78482], [139.71363, 35.78471], [139.71422, 35.78451], [139.71465, 35.78436], [139.715, 35.78422], [139.71534, 35.78409], [139.71561, 35.78394], [139.71614, 35.78366], [139.71649, 35.78343], [139.7168, 35.78321], [139.71718, 35.78293], [139.71749, 35.78262], [139.71781, 35.78228], [139.718, 35.78205], [139.71835, 35.78162]]}, "properties": {"id": "TRACK_TOKYO_3337", "line_name": "東北線", "station_group_ids": [], "mode": "rail", "operator_id": "jr_east", "line_color": "#3AA76D", "tags": ["tokyo", "track_centerline"]}}, {"type": "Feature", "bbox": [139.62797, 35.88991, 139.629, 35.89148], "geometry": {"type": "LineString", "coordinates": [[139.629, 35.89148], [139.62871, 35.89099], [139.62851, 35.89068], [139.62797, 35.88991]]}, "properties": {"id": "TRACK_TOKYO_3338", "line_name": "東北線", "station_group_ids": [], "mode": "rail", "operator_id": "jr_east", "line_color": "#3AA76D", "tags": ["tokyo", "track_centerline"]}}, {"type": "Feature", "bbox": [139.62568, 35.88008, 139.62633, 35.88177], "geometry": {"type": "LineString", "coordinates": [[139.62568, 35.88177], [139.62633, 35.88008]]}, "properties": {"id": "TRACK_TOKYO_3339", "line_name": "東北線", "station_group_ids": [], "mode": "rail", "operator_id": "jr_east", "line_color": "#3AA76D", "tags": ["tokyo", "track_centerline"]}}, {"type": "Feature", "bbox": [139.63308, 35.89241, 139.63472, 35.89478], "geometry": {"type": "LineString", "coordinates": [[139.63472, 35.89241], [139.63308, 35.89478]]}, "properties": {"id": "TRACK_TOKYO_3340", "line_name": "東北線", "station_group_ids": [], "mode": "rail", "operator_id": "jr_east", "line_color": "#3AA76D", "tags": ["tokyo", "track_centerline"]}}, {"type": "Feature", "bbox": [139.72748, 35.75844, 139.73325, 35.76284], "geometry": {"type": "LineString", "coordinates": [[139.72748, 35.76284], [139.72786, 35.76246], [139.72829, 35.76207], [139.72906, 35.76152], [139.72963, 35.76113], [139.73, 35.76086], [139.73053, 35.76049], [139.73119, 35.76001], [139.73186, 35.75955], [139.73236, 35.75918], [139.73276, 35.75886], [139.73325, 35.75844]]}, "properties": {"id": "TRACK_TOKYO_3341", "line_name": "東北線", "station_group_ids": [], "mode": "rail", "operator_id": "jr_east", "line_color": "#3AA76D", "tags": ["tokyo", "track_centerline"]}}, {"type": "Feature", "bbox": [139.67912, 35.79165, 139.69031, 35.80712], "geometry": {"type": "LineString", "coordinates": [[139.67912, 35.80712], [139.68025, 35.80621], [139.68028, 35.80617], [139.6806, 35.80591], [139.68126, 35.80536], [139.68132, 35.80532], [139.6814, 35.80524], [139.682, 35.80476], [139.68209, 35.80467], [139.68232, 35.80449], [139.6827, 35.80416], [139.68273, 35.80414], [139.6832, 35.80375], [139.68382, 35.80321], [139.68395, 35.80305], [139.68436, 35.80254], [139.68451, 35.80229], [139.68463, 35.80206], [139.68476, 35.80176], [139.68497, 35.80124], [139.68521, 35.8005], [139.68525, 35.80036], [139.68529, 35.80025], [139.68545, 35.79972], [139.68552, 35.79944], [139.68557, 35.79932], [139.68571, 35.79886], [139.68576, 35.79866], [139.68601, 35.79782], [139.68607, 35.79764], [139.68632, 35.79681], [139.6865, 35.79622], [139.68662, 35.79584], [139.68681, 35.79535], [139.68716, 35.79455], [139.68732, 35.79424], [139.68754, 35.79391], [139.68782, 35.79357], [139.68832, 35.79303], [139.68871, 35.79266], [139.6892, 35.79227], [139.68953, 35.79205], [139.6898, 35.7919], [139.69031, 35.79165]]}, "properties": {"id": "TRACK_TOKYO_3342", "line_name": "東北線", "station_group_ids": [], "mode": "rail", "operator_id": "jr_east", "line_color": "#3AA76D", "tags": ["tokyo", "track_centerline"]}}, {"type": "Feature", "bbox": [139.64744, 35.8273, 139.66058, 35.84466], "geometry": {"type": "LineString", "coordinates": [[139.64744, 35.84466], [139.64766, 35.84428], [139.64777, 35.84405], [139.64811, 35.84331], [139.6487, 35.84219], [139.64932, 35.84096], [139.6499, 35.83984], [139.65078, 35.83813], [139.6516, 35.83655], [139.65163, 35.83651], [139.6521, 35.83578], [139.65243, 35.83532], [139.65253, 35.83518], [139.65279, 35.83486], [139.65299, 35.83457], [139.65341, 35.83407], [139.65354, 35.83389], [139.65363, 35.83377], [139.65405, 35.83321], [139.6544, 35.83278], [139.65519, 35.83178], [139.65522, 35.83176], [139.65563, 35.83122], [139.65569, 35.83114], [139.65621, 35.8305], [139.65652, 35.83017], [139.65711, 35.82958], [139.65744, 35.82934], [139.65875, 35.82849], [139.65903, 35.82831], [139.65913, 35.82824], [139.65932, 35.82812], [139.65961, 35.82793], [139.6602, 35.82754], [139.66028, 35.82749], [139.66056, 35.8273], [139.66058, 35.8273]]}, "properties": {"id": "TRACK_TOKYO_3343", "line_name": "東北線", "station_group_ids": [], "mode": "rail", "operator_id": "jr_east", "line_color": "#3AA76D", "tags": ["tokyo", "track_centerline"]}}, {"type": "Feature", "bbox": [139.75145, 35.74732, 139.75265, 35.74781], "geometry": {"type": "LineString", "coordinates": [[139.75145, 35.74781], [139.75203, 35.74757], [139.75265, 35.74732]]}, "properties": {"id": "TRACK_TOKYO_3344", "line_name": "東北線", "station_group_ids": [], "mode": "rail", "operator_id": "jr_east", "line_color": "#3AA76D", "tags": ["tokyo", "track_centerline"]}}, {"type": "Feature", "bbox": [139.62633, 35.86819, 139.63074, 35.88008], "geometry": {"type": "LineString", "coordinates": [[139.62633, 35.88008], [139.62641, 35.87984], [139.6269, 35.87855], [139.6273, 35.87751], [139.62755, 35.87683], [139.62783, 35.87608], [139.62815, 35.87516], [139.62864, 35.87384], [139.6291, 35.8726], [139.62944, 35.87163], [139.62999, 35.8702], [139.63074, 35.86819]]}, "properties": {"id": "TRACK_TOKYO_3345", "line_name": "東北線", "station_group_ids": [], "mode": "rail", "operator_id": "jr_east", "line_color": "#3AA76D", "tags": ["tokyo", "track_centerline"]}}, {"type": "Feature", "bbox": [139.67009, 35.80841, 139.67758, 35.8168], "geometry": {"type": "LineString", "coordinates": [[139.67758, 35.80841], [139.67706, 35.80888], [139.67672, 35.80918], [139.67635, 35.80949], [139.67627, 35.80955], [139.67583, 35.80992], [139.67563, 35.8101], [139.6744, 35.81111], [139.67422, 35.81126], [139.67372, 35.81168], [139.67294, 35.81238], [139.67256, 35.81279], [139.67233, 35.81307], [139.67198, 35.81358], [139.67163, 35.81417], [139.67159, 35.81423], [139.67136, 35.81463], [139.67104, 35.81515], [139.67053, 35.81607], [139.67044, 35.8162], [139.67034, 35.8164], [139.67022, 35.81658], [139.67009, 35.8168]]}, "properties": {"id": "TRACK_TOKYO_3346", "line_name": "東北線", "station_group_ids": [], "mode": "rail", "operator_id": "jr_east", "line_color": "#3AA76D", "tags": ["tokyo", "track_centerline"]}}, {"type": "Feature", "bbox": [139.73325, 35.75302, 139.73751, 35.75844], "geometry": {"type": "LineString", "coordinates": [[139.73325, 35.75844], [139.73349, 35.75828], [139.73378, 35.75803], [139.73401, 35.75781], [139.73426, 35.75746], [139.73471, 35.75684], [139.73537, 35.75589], [139.73595, 35.75511], [139.73639, 35.75454], [139.73685, 35.75388], [139.73736, 35.75323], [139.73751, 35.75302]]}, "properties": {"id": "TRACK_TOKYO_3347", "line_name": "東北線", "station_group_ids": [], "mode": "rail", "operator_id": "jr_east", "line_color": "#3AA76D", "tags": ["tokyo", "track_centerline"]}}, {"type": "Feature", "bbox": [139.63472, 35.88514, 139.63864, 35.89241], "geometry": {"type": "LineString", "coordinates": [[139.63864, 35.88514], [139.63847, 35.88546], [139.63805, 35.88623], [139.63757, 35.88706], [139.63745, 35.88731], [139.63713, 35.88809], [139.63679, 35.88883], [139.63652, 35.88937], [139.63618, 35.89002], [139.63591, 35.89049], [139.63546, 35.89128], [139.63516, 35.89175], [139.63472, 35.89241]]}, "properties": {"id": "TRACK_TOKYO_3348", "line_name": "東北線", "station_group_ids": [], "mode": "rail", "operator_id": "jr_east", "line_color": "#3AA76D", "tags": ["tokyo", "track_centerline"]}}, {"type": "Feature", "bbox": [139.63137, 35.85455, 139.63671, 35.86652], "geometry": {"type": "LineString", "coordinates": [[139.63137, 35.86652], [139.63196, 35.86495], [139.63237, 35.86386], [139.63272, 35.86292], [139.6329, 35.86242], [139.63362, 35.86045], [139.63418, 35.85904], [139.63445, 35.85831], [139.63479, 35.85753], [139.63504, 35.85708], [139.63564, 35.85607], [139.63614, 35.85528], [139.63635, 35.85502], [139.63671, 35.85455]]}, "properties": {"id": "TRACK_TOKYO_3349", "line_name": "東北線", "station_group_ids": [], "mode": "rail", "operator_id": "jr_east", "line_color": "#3AA76D", "tags": ["tokyo", "track_centerline"]}}, {"type": "Feature", "bbox": [139.62491, 35.90163, 139.62668, 35.90505], "geometry": {"type": "LineString", "coordinates": [[139.62491, 35.90505], [139.62535, 35.90402], [139.62577, 35.90318], [139.62601, 35.90273], [139.62668, 35.90163]]}, "properties": {"id": "TRACK_TOKYO_3350", "line_name": "東北線", "station_group_ids": [], "mode": "rail", "operator_id": "jr_east", "line_color": "#3AA76D", "tags": ["tokyo", "track_centerline"]}}, {"type": "Feature", "bbox": [139.62668, 35.89478, 139.63308, 35.90163], "geometry": {"type": "LineString", "coordinates": [[139.63308, 35.89478], [139.63259, 35.89546], [139.63177, 35.89646], [139.63143, 35.89683], [139.63143, 35.89684], [139.63094, 35.89732], [139.63063, 35.89766], [139.63006, 35.8982], [139.62883, 35.8993], [139.62814, 35.89993], [139.62785, 35.9002], [139.62768, 35.90037], [139.62711, 35.90105], [139.62668, 35.90163]]}, "properties": {"id": "TRACK_TOKYO_3351", "line_name": "東北線", "station_group_ids": [], "mode": "rail", "operator_id": "jr_east", "line_color": "#3AA76D", "tags": ["tokyo", "track_centerline"]}}, {"type": "Feature", "bbox": [139.63864, 35.88361, 139.63934, 35.88514], "geometry": {"type": "LineString", "coordinates": [[139.63934, 35.88361], [139.63864, 35.88514]]}, "properties": {"id": "TRACK_TOKYO_3352", "line_name": "東北線", "station_group_ids": [], "mode": "rail", "operator_id": "jr_east", "line_color": "#3AA76D", "tags": ["tokyo", "track_centerline"]}}, {"type": "Feature", "bbox": [139.63808, 35.84614, 139.64624, 35.8531], "geometry": {"type": "LineString", "coordinates": [[139.63808, 35.8531], [139.63837, 35.85278], [139.63854, 35.85262], [139.6387, 35.85247], [139.64003, 35.85131], [139.6413, 35.85018], [139.64314, 35.84867], [139.64448, 35.84759], [139.64516, 35.84705], [139.64585, 35.84652], [139.64624, 35.84614]]}, "properties": {"id": "TRACK_TOKYO_3353", "line_name": "東北線", "station_group_ids": [], "mode": "rail", "operator_id": "jr_east", "line_color": "#3AA76D", "tags": ["tokyo", "track_centerline"]}}, {"type": "Feature", "bbox": [139.66635, 35.8349, 139.68335, 35.85033], "geometry": {"type": "LineString", "coordinates": [[139.66635, 35.85033], [139.66681, 35.84982], [139.66728, 35.8493], [139.66751, 35.84904], [139.66813, 35.84845], [139.66878, 35.8478], [139.669, 35.8476], [139.66938, 35.84719], [139.66961, 35.84692], [139.67005, 35.84647], [139.67048, 35.84605], [139.67098, 35.84562], [139.67124, 35.8454], [139.67179, 35.84492], [139.67245, 35.84437], [139.67345, 35.8435], [139.67417, 35.84286], [139.67456, 35.84252], [139.67512, 35.842], [139.67583, 35.84129], [139.67651, 35.84063], [139.67697, 35.84018], [139.67699, 35.84016], [139.67729, 35.83986], [139.67754, 35.83959], [139.6776, 35.83952], [139.67792, 35.83919], [139.6785, 35.83857], [139.67903, 35.83801], [139.67923, 35.83781], [139.67944, 35.83762], [139.67981, 35.83732], [139.68015, 35.83707], [139.68052, 35.83681], [139.68092, 35.83655], [139.68139, 35.83625], [139.68204, 35.83583], [139.6823, 35.83562], [139.68335, 35.8349]]}, "properties": {"id": "TRACK_TOKYO_3354", "line_name": "東北線", "station_group_ids": [], "mode": "rail", "operator_id": "jr_east", "line_color": "#3AA76D", "tags": ["tokyo", "track_centerline"]}}, {"type": "Feature", "bbox": [139.69116, 35.81613, 139.70375, 35.82721], "geometry": {"type": "LineString", "coordinates": [[139.70375, 35.81613], [139.70272, 35.81714], [139.70227, 35.81759], [139.7014, 35.81847], [139.7005, 35.81936], [139.6998, 35.82007], [139.69933, 35.8205], [139.69911, 35.82071], [139.69895, 35.82083], [139.6982, 35.8214], [139.69735, 35.82202], [139.69653, 35.8226], [139.69564, 35.82325], [139.69481, 35.82385], [139.69402, 35.82445], [139.69356, 35.82481], [139.69307, 35.82525], [139.69254, 35.82577], [139.69191, 35.82643], [139.69116, 35.82721]]}, "properties": {"id": "TRACK_TOKYO_3355", "line_name": "東北線", "station_group_ids": [], "mode": "rail", "operator_id": "jr_east", "line_color": "#3AA76D", "tags": ["tokyo", "track_centerline"]}}, {"type": "Feature", "bbox": [139.72187, 35.76487, 139.72603, 35.7765], "geometry": {"type": "LineString", "coordinates": [[139.72603, 35.76487], [139.72539, 35.76602], [139.725, 35.76677], [139.72442, 35.76774], [139.72383, 35.7688], [139.72342, 35.76952], [139.72308, 35.7701], [139.72272, 35.77076], [139.72239, 35.7715], [139.72228, 35.77192], [139.72228, 35.77219], [139.72234, 35.77265], [139.72232, 35.77299], [139.72228, 35.77366], [139.72226, 35.77443], [139.72222, 35.77501], [139.72215, 35.7757], [139.72203, 35.77612], [139.72187, 35.7765]]}, "properties": {"id": "TRACK_TOKYO_3356", "line_name": "東北線", "station_group_ids": [], "mode": "rail", "operator_id": "jr_east", "line_color": "#3AA76D", "tags": ["tokyo", "track_centerline"]}}, {"type": "Feature", "bbox": [139.75145, 35.74278, 139.76087, 35.74781], "geometry": {"type": "LineString", "coordinates": [[139.75145, 35.74781], [139.7523, 35.7472], [139.75256, 35.74699], [139.75317, 35.74647], [139.75359, 35.74608], [139.7544, 35.7453], [139.75482, 35.74495], [139.75539, 35.74453], [139.75599, 35.7442], [139.75665, 35.74391], [139.75714, 35.74373], [139.75756, 35.74361], [139.75799, 35.7435], [139.75902, 35.7433], [139.75973, 35.74314], [139.76027, 35.74297], [139.76087, 35.74278]]}, "properties": {"id": "TRACK_TOKYO_3357", "line_name": "東北線", "station_group_ids": [], "mode": "rail", "operator_id": "jr_east", "line_color": "#3AA76D", "tags": ["tokyo", "track_centerline"]}}, {"type": "Feature", "bbox": [139.70375, 35.8149, 139.70497, 35.81613], "geometry": {"type": "LineString", "coordinates": [[139.70497, 35.8149], [139.70375, 35.81613]]}, "properties": {"id": "TRACK_TOKYO_3358", "line_name": "東北線", "station_group_ids": [], "mode": "rail", "operator_id": "jr_east", "line_color": "#3AA76D", "tags": ["tokyo", "track_centerline"]}}, {"type": "Feature", "bbox": [139.64498, 35.8715, 139.64652, 35.8729], "geometry": {"type": "LineString", "coordinates": [[139.64652, 35.8715], [139.64498, 35.8729]]}, "properties": {"id": "TRACK_TOKYO_3359", "line_name": "東北線", "station_group_ids": [], "mode": "rail", "operator_id": "jr_east", "line_color": "#3AA76D", "tags": ["tokyo", "track_centerline"]}}, {"type": "Feature", "bbox": [139.75265, 35.74627, 139.75509, 35.74732], "geometry": {"type": "LineString", "coordinates": [[139.75265, 35.74732], [139.75315, 35.74712], [139.75401, 35.74677], [139.75509, 35.74627]]}, "properties": {"id": "TRACK_TOKYO_3360", "line_name": "東北線", "station_group_ids": [], "mode": "rail", "operator_id": "jr_east", "line_color": "#3AA76D", "tags": ["tokyo", "track_centerline"]}}, {"type": "Feature", "bbox": [139.64624, 35.84466, 139.64744, 35.84614], "geometry": {"type": "LineString", "coordinates": [[139.64624, 35.84614], [139.6463, 35.84611], [139.64691, 35.84541], [139.64741, 35.84475], [139.64744, 35.84466]]}, "properties": {"id": "TRACK_TOKYO_3361", "line_name": "東北線", "station_group_ids": [], "mode": "rail", "operator_id": "jr_east", "line_color": "#3AA76D", "tags": ["tokyo", "track_centerline"]}}, {"type": "Feature", "bbox": [139.72603, 35.76284, 139.72748, 35.76487], "geometry": {"type": "LineString", "coordinates": [[139.72748, 35.76284], [139.72684, 35.76366], [139.72663, 35.76395], [139.72603, 35.76487]]}, "properties": {"id": "TRACK_TOKYO_3362", "line_name": "東北線", "station_group_ids": [], "mode": "rail", "operator_id": "jr_east", "line_color": "#3AA76D", "tags": ["tokyo", "track_centerline"]}}, {"type": "Feature", "bbox": [139.66231, 35.81839, 139.66913, 35.82621], "geometry": {"type": "LineString", "coordinates": [[139.66913, 35.81839], [139.66873, 35.81908], [139.66813, 35.8201], [139.66757, 35.8211], [139.66715, 35.82176], [139.66665, 35.82261], [139.66636, 35.82304], [139.6659, 35.82363], [139.66551, 35.82404], [139.66523, 35.82428], [139.66452, 35.82478], [139.66384, 35.8252], [139.66301, 35.82575], [139.66231, 35.82621]]}, "properties": {"id": "TRACK_TOKYO_3363", "line_name": "東北線", "station_group_ids": [], "mode": "rail", "operator_id": "jr_east", "line_color": "#3AA76D", "tags": ["tokyo", "track_centerline"]}}, {"type": "Feature", "bbox": [139.71698, 35.80093, 139.71793, 35.80267], "geometry": {"type": "LineString", "coordinates": [[139.71793, 35.80093], [139.71788, 35.80104], [139.71758, 35.80169], [139.71735, 35.80207], [139.71716, 35.80237], [139.71698, 35.80267]]}, "properties": {"id": "TRACK_TOKYO_3364", "line_name": "東北線", "station_group_ids": [], "mode": "rail", "operator_id": "jr_east", "line_color": "#3AA76D", "tags": ["tokyo", "track_centerline"]}}, {"type": "Feature", "bbox": [139.62477, 35.90163, 139.62668, 35.90472], "geometry": {"type": "LineString", "coordinates": [[139.62477, 35.90472], [139.62517, 35.90379], [139.62558, 35.90305], [139.6258, 35.90269], [139.6261, 35.90227], [139.62668, 35.90163]]}, "properties": {"id": "TRACK_TOKYO_3365", "line_name": "東北線", "station_group_ids": [], "mode": "rail", "operator_id": "jr_east", "line_color": "#3AA76D", "tags": ["tokyo", "track_centerline"]}}, {"type": "Feature", "bbox": [139.70497, 35.80267, 139.71698, 35.8149], "geometry": {"type": "LineString", "coordinates": [[139.71698, 35.80267], [139.71659, 35.80313], [139.71633, 35.80347], [139.71588, 35.80393], [139.71504, 35.80476], [139.71464, 35.80519], [139.71366, 35.80612], [139.7119, 35.80787], [139.71178, 35.80799], [139.71016, 35.8096], [139.70934, 35.81042], [139.70849, 35.81127], [139.70769, 35.81208], [139.70685, 35.81297], [139.70497, 35.8149]]}, "properties": {"id": "TRACK_TOKYO_3366", "line_name": "東北線", "station_group_ids": [], "mode": "rail", "operator_id": "jr_east", "line_color": "#3AA76D", "tags": ["tokyo", "track_centerline"]}}, {"type": "Feature", "bbox": [139.67758, 35.80712, 139.67912, 35.80841], "geometry": {"type": "LineString", "coordinates": [[139.67912, 35.80712], [139.67758, 35.80841]]}, "properties": {"id": "TRACK_TOKYO_3367", "line_name": "東北線", "station_group_ids": [], "mode": "rail", "operator_id": "jr_east", "line_color": "#3AA76D", "tags": ["tokyo", "track_centerline"]}}, {"type": "Feature", "bbox": [139.6236, 35.90472, 139.62477, 35.90764], "geometry": {"type": "LineString", "coordinates": [[139.62477, 35.90472], [139.62475, 35.90477], [139.6236, 35.90764]]}, "properties": {"id": "TRACK_TOKYO_3368", "line_name": "東北線", "station_group_ids": [], "mode": "rail", "operator_id": "jr_east", "line_color": "#3AA76D", "tags": ["tokyo", "track_centerline"]}}, {"type": "Feature", "bbox": [139.63074, 35.86652, 139.63137, 35.86819], "geometry": {"type": "LineString", "coordinates": [[139.63074, 35.86819], [139.63137, 35.86652]]}, "properties": {"id": "TRACK_TOKYO_3369", "line_name": "東北線", "station_group_ids": [], "mode": "rail", "operator_id": "jr_east", "line_color": "#3AA76D", "tags": ["tokyo", "track_centerline"]}}, {"type": "Feature", "bbox": [139.75509, 35.74278, 139.76087, 35.74627], "geometry": {"type": "LineString", "coordinates": [[139.75509, 35.74627], [139.75585, 35.74587], [139.75648, 35.7455], [139.75772, 35.74472], [139.7592, 35.74378], [139.76014, 35.7432], [139.76087, 35.74278]]}, "properties": {"id": "TRACK_TOKYO_3370", "line_name": "東北線", "station_group_ids": [], "mode": "rail", "operator_id": "jr_east", "line_color": "#3AA76D", "tags": ["tokyo", "track_centerline"]}}, {"type": "Feature", "bbox": [139.71676, 35.78162, 139.71835, 35.79618], "geometry": {"type": "LineString", "coordinates": [[139.71799, 35.79618], [139.71785, 35.79577], [139.71769, 35.79515], [139.71765, 35.79471], [139.71746, 35.79295], [139.71735, 35.79192], [139.71725, 35.79098], [139.71707, 35.78938], [139.71697, 35.78852], [139.71696, 35.78835], [139.71685, 35.78739], [139.71679, 35.78692], [139.71677, 35.78657], [139.71676, 35.78628], [139.71676, 35.78617], [139.71681, 35.78574], [139.71692, 35.78533], [139.717, 35.78501], [139.71716, 35.78457], [139.71732, 35.78416], [139.71746, 35.78376], [139.71759, 35.78341], [139.7177, 35.78308], [139.71778, 35.78285], [139.71794, 35.78243], [139.71814, 35.78205], [139.71835, 35.78162]]}, "properties": {"id": "TRACK_TOKYO_3371", "line_name": "東北線", "station_group_ids": [], "mode": "rail", "operator_id": "jr_east", "line_color": "#3AA76D", "tags": ["tokyo", "track_centerline"]}}, {"type": "Feature", "bbox": [139.69031, 35.79103, 139.69251, 35.79165], "geometry": {"type": "LineString", "coordinates": [[139.69251, 35.79103], [139.69212, 35.79109], [139.69177, 35.79117], [139.69145, 35.79124], [139.69135, 35.79127], [139.69093, 35.7914], [139.69031, 35.79165]]}, "properties": {"id": "TRACK_TOKYO_3372", "line_name": "東北線", "station_group_ids": [], "mode": "rail", "operator_id": "jr_east", "line_color": "#3AA76D", "tags": ["tokyo", "track_centerline"]}}, {"type": "Feature", "bbox": [139.70492, 35.78648, 139.70667, 35.78758], "geometry": {"type": "LineString", "coordinates": [[139.70667, 35.78648], [139.70629, 35.78667], [139.70591, 35.7869], [139.70538, 35.78724], [139.70492, 35.78758]]}, "properties": {"id": "TRACK_TOKYO_3373", "line_name": "東北線", "station_group_ids": [], "mode": "rail", "operator_id": "jr_east", "line_color": "#3AA76D", "tags": ["tokyo", "track_centerline"]}}, {"type": "Feature", "bbox": [139.72046, 35.7765, 139.72187, 35.77867], "geometry": {"type": "LineString", "coordinates": [[139.72187, 35.7765], [139.72173, 35.77679], [139.72158, 35.77707], [139.72135, 35.77748], [139.72111, 35.77783], [139.72072, 35.77833], [139.72046, 35.77867]]}, "properties": {"id": "TRACK_TOKYO_3374", "line_name": "東北線", "station_group_ids": [], "mode": "rail", "operator_id": "jr_east", "line_color": "#3AA76D", "tags": ["tokyo", "track_centerline"]}}, {"type": "Feature", "bbox": [139.66635, 35.84922, 139.6676, 35.85033], "geometry": {"type": "LineString", "coordinates": [[139.66635, 35.85033], [139.66701, 35.84974], [139.6676, 35.84922]]}, "properties": {"id": "TRACK_TOKYO_3375", "line_name": "東北線", "station_group_ids": [], "mode": "rail", "operator_id": "jr_east", "line_color": "#3AA76D", "tags": ["tokyo", "track_centerline"]}}, {"type": "Feature", "bbox": [139.66963, 35.8349, 139.68335, 35.84745], "geometry": {"type": "LineString", "coordinates": [[139.66963, 35.84745], [139.66987094, 35.84723657], [139.67064, 35.84647], [139.67092, 35.84623], [139.67228, 35.84508], [139.67326, 35.84424], [139.67518, 35.84262], [139.67552, 35.84232], [139.67593, 35.84193], [139.67641, 35.84149], [139.67728, 35.84067], [139.67815, 35.83985], [139.67817, 35.83984], [139.67899, 35.83905], [139.68004, 35.83803], [139.68073, 35.83737], [139.68166, 35.83655], [139.68233, 35.83594], [139.68335, 35.8349]]}, "properties": {"id": "TRACK_TOKYO_3376", "line_name": "東北線", "station_group_ids": [], "mode": "rail", "operator_id": "jr_east", "line_color": "#3AA76D", "tags": ["tokyo", "track_centerline"]}}, {"type": "Feature", "bbox": [139.63934, 35.8729, 139.64498, 35.88361], "geometry": {"type": "LineString", "coordinates": [[139.64498, 35.8729], [139.64423, 35.87356], [139.64371, 35.87409], [139.64327, 35.87463], [139.64307, 35.87494], [139.64286, 35.8753], [139.64263, 35.87575], [139.64247, 35.87611], [139.64201, 35.87714], [139.64167, 35.87801], [139.64108, 35.87941], [139.64068, 35.88036], [139.64005, 35.88185], [139.63971, 35.88269], [139.63934, 35.88361]]}, "properties": {"id": "TRACK_TOKYO_3377", "line_name": "東北線", "station_group_ids": [], "mode": "rail", "operator_id": "jr_east", "line_color": "#3AA76D", "tags": ["tokyo", "track_centerline"]}}, {"type": "Feature", "bbox": [139.73325, 35.74781, 139.75145, 35.75844], "geometry": {"type": "LineString", "coordinates": [[139.73325, 35.75844], [139.73352, 35.75813], [139.73386, 35.75769], [139.73415, 35.75729], [139.73457, 35.75665], [139.73528, 35.75563], [139.73564, 35.75512], [139.73615, 35.75442], [139.73643, 35.75406], [139.7371, 35.75323], [139.73741, 35.75288], [139.73769, 35.75259], [139.7386, 35.75162], [139.73901, 35.75122], [139.73941, 35.75091], [139.74, 35.75053], [139.74034, 35.75035], [139.74073, 35.75013], [139.74096, 35.75002], [139.741, 35.75], [139.74133, 35.74992], [139.74171, 35.74979], [139.74234, 35.74959], [139.74304, 35.74943], [139.74378, 35.74932], [139.74479, 35.74924], [139.74677, 35.74915], [139.74732, 35.74912], [139.74743, 35.74911], [139.74767, 35.74909], [139.74796, 35.74904], [139.74867, 35.74887], [139.74909, 35.74873], [139.74981, 35.74846], [139.75145, 35.74781]]}, "properties": {"id": "TRACK_TOKYO_3378", "line_name": "東北線", "station_group_ids": [], "mode": "rail", "operator_id": "jr_east", "line_color": "#3AA76D", "tags": ["tokyo", "track_centerline"]}}, {"type": "Feature", "bbox": [139.71699, 35.77867, 139.72046, 35.79618], "geometry": {"type": "LineString", "coordinates": [[139.72046, 35.77867], [139.72015, 35.77916], [139.71978, 35.77977], [139.71947, 35.78026], [139.71919, 35.78075], [139.71895, 35.78125], [139.7187, 35.78175], [139.71817, 35.78277], [139.71791, 35.78334], [139.71763, 35.784], [139.71743, 35.78445], [139.71723, 35.78499], [139.71711, 35.7854], [139.71701, 35.78585], [139.71699, 35.78615], [139.71699, 35.78622], [139.71701, 35.78653], [139.71702, 35.7866], [139.71708, 35.78719], [139.71709, 35.78734], [139.7172, 35.78835], [139.71721, 35.78851], [139.71758, 35.79191], [139.71789, 35.79469], [139.71794, 35.7951], [139.71799, 35.79618]]}, "properties": {"id": "TRACK_TOKYO_3379", "line_name": "東北線", "station_group_ids": [], "mode": "rail", "operator_id": "jr_east", "line_color": "#3AA76D", "tags": ["tokyo", "track_centerline"]}}, {"type": "Feature", "bbox": [139.62504, 35.88177, 139.62797, 35.88991], "geometry": {"type": "LineString", "coordinates": [[139.62797, 35.88991], [139.6268, 35.88827], [139.626, 35.88712], [139.62561, 35.88647], [139.62541, 35.88603], [139.62527, 35.88565], [139.62512, 35.88504], [139.62505, 35.88457], [139.62504, 35.88417], [139.62509, 35.88369], [139.62517, 35.88326], [139.62539, 35.88253], [139.62568, 35.88177]]}, "properties": {"id": "TRACK_TOKYO_3380", "line_name": "東北線", "station_group_ids": [], "mode": "rail", "operator_id": "jr_east", "line_color": "#3AA76D", "tags": ["tokyo", "track_centerline"]}}, {"type": "Feature", "bbox": [139.66913, 35.8168, 139.67009, 35.81839], "geometry": {"type": "LineString", "coordinates": [[139.67009, 35.8168], [139.66913, 35.81839]]}, "properties": {"id": "TRACK_TOKYO_3381", "line_name": "東北線", "station_group_ids": [], "mode": "rail", "operator_id": "jr_east", "line_color": "#3AA76D", "tags": ["tokyo", "track_centerline"]}}, {"type": "Feature", "bbox": [139.68967, 35.82721, 139.69116, 35.82865], "geometry": {"type": "LineString", "coordinates": [[139.69116, 35.82721], [139.68967, 35.82865]]}, "properties": {"id": "TRACK_TOKYO_3382", "line_name": "東北線", "station_group_ids": [], "mode": "rail", "operator_id": "jr_east", "line_color": "#3AA76D", "tags": ["tokyo", "track_centerline"]}}, {"type": "Feature", "bbox": [139.73751, 35.75163, 139.73891, 35.75302], "geometry": {"type": "LineString", "coordinates": [[139.73751, 35.75302], [139.73891, 35.75163]]}, "properties": {"id": "TRACK_TOKYO_3383", "line_name": "東北線", "station_group_ids": [], "mode": "rail", "operator_id": "jr_east", "line_color": "#3AA76D", "tags": ["tokyo", "track_centerline"]}}, {"type": "Feature", "bbox": [139.63671, 35.8531, 139.63808, 35.85455], "geometry": {"type": "LineString", "coordinates": [[139.63671, 35.85455], [139.63709, 35.85413], [139.63733, 35.85388], [139.63808, 35.8531]]}, "properties": {"id": "TRACK_TOKYO_3384", "line_name": "東北線", "station_group_ids": [], "mode": "rail", "operator_id": "jr_east", "line_color": "#3AA76D", "tags": ["tokyo", "track_centerline"]}}, {"type": "Feature", "bbox": [139.74475, 35.74645, 139.74711, 35.74773], "geometry": {"type": "LineString", "coordinates": [[139.74475, 35.74773], [139.74614, 35.74696], [139.74666, 35.74668], [139.74677, 35.74662], [139.74711, 35.74645]]}, "properties": {"id": "TRACK_TOKYO_3385", "line_name": "東北線", "station_group_ids": [], "mode": "rail", "operator_id": "jr_east", "line_color": "#3AA76D", "tags": ["tokyo", "track_centerline"]}}, {"type": "Feature", "bbox": [139.65763, 35.85033, 139.66635, 35.85777], "geometry": {"type": "LineString", "coordinates": [[139.65763, 35.85777], [139.65775, 35.8576], [139.6579, 35.85736], [139.6581, 35.85709], [139.65845, 35.85665], [139.6588, 35.85624], [139.65917, 35.85581], [139.65945, 35.85555], [139.66043, 35.85475], [139.66174, 35.85376], [139.662, 35.85358], [139.66322, 35.85267], [139.66356, 35.85245], [139.66391, 35.85222], [139.66454, 35.8518], [139.66483, 35.8516], [139.66512, 35.85139], [139.66555, 35.85101], [139.66635, 35.85033]]}, "properties": {"id": "TRACK_TOKYO_3386", "line_name": "東北線", "station_group_ids": [], "mode": "rail", "operator_id": "jr_east", "line_color": "#3AA76D", "tags": ["tokyo", "track_centerline"]}}, {"type": "Feature", "bbox": [139.64652, 35.85936, 139.65666, 35.8715], "geometry": {"type": "LineString", "coordinates": [[139.65666, 35.85936], [139.65617, 35.86017], [139.65575, 35.86084], [139.65551, 35.86123], [139.65532, 35.86155], [139.65487, 35.86222], [139.65392, 35.86365], [139.65336, 35.86448], [139.65267, 35.8655], [139.65231, 35.86603], [139.65214, 35.86629], [139.65188, 35.86664], [139.65158, 35.86691], [139.65116, 35.86734], [139.65072, 35.86775], [139.65002, 35.8684], [139.64947, 35.86888], [139.64852, 35.86971], [139.64652, 35.8715]]}, "properties": {"id": "TRACK_TOKYO_3387", "line_name": "東北線", "station_group_ids": [], "mode": "rail", "operator_id": "jr_east", "line_color": "#3AA76D", "tags": ["tokyo", "track_centerline"]}}, {"type": "Feature", "bbox": [139.71793, 35.79618, 139.71833, 35.80093], "geometry": {"type": "LineString", "coordinates": [[139.71799, 35.79618], [139.718, 35.79624], [139.71805, 35.79654], [139.71828, 35.79804], [139.71833, 35.79849], [139.71832, 35.799], [139.71824, 35.79971], [139.71817, 35.80016], [139.7181, 35.80041], [139.71793, 35.80093]]}, "properties": {"id": "TRACK_TOKYO_3388", "line_name": "東北線", "station_group_ids": [], "mode": "rail", "operator_id": "jr_east", "line_color": "#3AA76D", "tags": ["tokyo", "track_centerline"]}}, {"type": "Feature", "bbox": [139.76067, 35.73669, 139.76248, 35.73826], "geometry": {"type": "LineString", "coordinates": [[139.76067, 35.73826], [139.76248, 35.73669]]}, "properties": {"id": "TRACK_TOKYO_3389", "line_name": "東北線", "station_group_ids": [], "mode": "rail", "operator_id": "jr_east", "line_color": "#3AA76D", "tags": ["tokyo", "track_centerline"]}}, {"type": "Feature", "bbox": [139.7585, 35.73826, 139.76067, 35.74006], "geometry": {"type": "LineString", "coordinates": [[139.7585, 35.74006], [139.759, 35.73967], [139.75992, 35.7389], [139.76009, 35.73875], [139.76023, 35.73863], [139.76067, 35.73826]]}, "properties": {"id": "TRACK_TOKYO_3390", "line_name": "東北線", "station_group_ids": [], "mode": "rail", "operator_id": "jr_east", "line_color": "#3AA76D", "tags": ["tokyo", "track_centerline"]}}, {"type": "Feature", "bbox": [139.74711, 35.74006, 139.7585, 35.74645], "geometry": {"type": "LineString", "coordinates": [[139.74711, 35.74645], [139.74755, 35.74627], [139.74827, 35.74593], [139.74865, 35.74574], [139.74934, 35.74526], [139.75007, 35.74483], [139.75067, 35.7445], [139.75165, 35.74401], [139.75264, 35.74354], [139.75371, 35.74304], [139.75415, 35.74282], [139.75461, 35.74255], [139.75467, 35.74251], [139.75487, 35.74238], [139.75522, 35.74217], [139.75658, 35.74131], [139.75791, 35.74047], [139.7585, 35.74006]]}, "properties": {"id": "TRACK_TOKYO_3391", "line_name": "東北線", "station_group_ids": [], "mode": "rail", "operator_id": "jr_east", "line_color": "#3AA76D", "tags": ["tokyo", "track_centerline"]}}, {"type": "Feature", "bbox": [139.76248, 35.73289, 139.76626, 35.73669], "geometry": {"type": "LineString", "coordinates": [[139.76248, 35.73669], [139.76257, 35.73661], [139.76342, 35.73584], [139.76419, 35.73515], [139.76439, 35.73497], [139.76477, 35.73462], [139.76514, 35.73426], [139.76551, 35.73384], [139.76602, 35.7332], [139.76619, 35.73301], [139.76626, 35.73289]]}, "properties": {"id": "TRACK_TOKYO_3392", "line_name": "東北線", "station_group_ids": [], "mode": "rail", "operator_id": "jr_east", "line_color": "#3AA76D", "tags": ["tokyo", "track_centerline"]}}, {"type": "Feature", "bbox": [139.79182, 35.87586, 139.82125, 35.87607], "geometry": {"type": "LineString", "coordinates": [[139.79182, 35.87605], [139.79187, 35.87605], [139.79501, 35.87604], [139.79588, 35.87604], [139.79682, 35.87604], [139.79718, 35.87602], [139.79849, 35.876], [139.79884, 35.87599], [139.79966, 35.87599], [139.80177, 35.87596], [139.80291, 35.87594], [139.80386, 35.87594], [139.80492, 35.87592], [139.80692, 35.87591], [139.8083, 35.8759], [139.80834, 35.8759], [139.81049, 35.87588], [139.81075, 35.87588], [139.81334, 35.87586], [139.81362, 35.87586], [139.8144, 35.87586], [139.81526, 35.87588], [139.8156, 35.8759], [139.81731, 35.87596], [139.81771, 35.87597], [139.81846, 35.87597], [139.81948, 35.87601], [139.81953, 35.87601], [139.82036, 35.87604], [139.82046, 35.87605], [139.8208, 35.87605], [139.82125, 35.87607]]}, "properties": {"id": "TRACK_TOKYO_3404", "line_name": "武蔵野線", "station_group_ids": [], "mode": "rail", "operator_id": "jr_east", "line_color": "#FF6F00", "tags": ["tokyo", "track_centerline"]}}, {"type": "Feature", "bbox": [139.79048, 35.87604, 139.79182, 35.87605], "geometry": {"type": "LineString", "coordinates": [[139.79048, 35.87604], [139.79179, 35.87605], [139.79182, 35.87605]]}, "properties": {"id": "TRACK_TOKYO_3412", "line_name": "武蔵野線", "station_group_ids": [], "mode": "rail", "operator_id": "jr_east", "line_color": "#FF6F00", "tags": ["tokyo", "track_centerline"]}}, {"type": "Feature", "bbox": [139.8425, 35.87653, 139.84397, 35.87672], "geometry": {"type": "LineString", "coordinates": [[139.8425, 35.87672], [139.84288, 35.87669], [139.84338, 35.87664], [139.84397, 35.87653]]}, "properties": {"id": "TRACK_TOKYO_3414", "line_name": "武蔵野線", "station_group_ids": [], "mode": "rail", "operator_id": "jr_east", "line_color": "#FF6F00", "tags": ["tokyo", "track_centerline"]}}, {"type": "Feature", "bbox": [139.62831, 35.84452, 139.64717, 35.84821], "geometry": {"type": "LineString", "coordinates": [[139.64717, 35.8462], [139.64585, 35.84652], [139.64548, 35.84659], [139.64512, 35.84665], [139.64439, 35.84683], [139.64392, 35.84693], [139.64326, 35.84709], [139.64235, 35.8473], [139.6411, 35.84762], [139.64031, 35.84782], [139.63943, 35.84803], [139.63906, 35.84808], [139.63874, 35.84812], [139.63809, 35.84817], [139.63742, 35.8482], [139.63652, 35.84821], [139.63582, 35.84815], [139.63536, 35.8481], [139.63456, 35.84795], [139.63385, 35.84776], [139.63349, 35.84765], [139.6332, 35.84754], [139.63292, 35.8474], [139.63213, 35.84697], [139.63077, 35.84612], [139.62971, 35.84544], [139.62831, 35.84452]]}, "properties": {"id": "TRACK_TOKYO_3424", "line_name": "武蔵野線", "station_group_ids": [], "mode": "rail", "operator_id": "jr_east", "line_color": "#FF6F00", "tags": ["tokyo", "track_centerline"]}}, {"type": "Feature", "bbox": [139.6695, 35.84795, 139.70398, 35.86385], "geometry": {"type": "LineString", "coordinates": [[139.70398, 35.86385], [139.70309, 35.86351], [139.70209, 35.86311], [139.70186, 35.86302], [139.70073, 35.86256], [139.69953, 35.86209], [139.69858, 35.86171], [139.69761, 35.86132], [139.69689, 35.86104], [139.69649, 35.86088], [139.69497, 35.86026], [139.69335, 35.85962], [139.69265, 35.85934], [139.6912, 35.85876], [139.6899, 35.85823], [139.68863, 35.85772], [139.68775, 35.85737], [139.68744, 35.85723], [139.68696, 35.85705], [139.68624, 35.85676], [139.68595, 35.85665], [139.68524, 35.85637], [139.68342, 35.85565], [139.68239, 35.85524], [139.682, 35.8551], [139.68089, 35.85465], [139.6805, 35.85449], [139.68006, 35.85431], [139.67947, 35.85409], [139.67853, 35.8537], [139.67796, 35.85342], [139.67724, 35.85301], [139.6768, 35.85276], [139.67658, 35.85263], [139.6756, 35.85197], [139.67501, 35.85157], [139.67379, 35.85075], [139.67237, 35.84983], [139.67073, 35.84875], [139.6695, 35.84795]]}, "properties": {"id": "TRACK_TOKYO_3425", "line_name": "武蔵野線", "station_group_ids": [], "mode": "rail", "operator_id": "jr_east", "line_color": "#FF6F00", "tags": ["tokyo", "track_centerline"]}}, {"type": "Feature", "bbox": [139.74456, 35.87527, 139.79048, 35.87605], "geometry": {"type": "LineString", "coordinates": [[139.74456, 35.87527], [139.74477, 35.87531], [139.74496, 35.87535], [139.7457, 35.87549], [139.74676, 35.87571], [139.747, 35.87575], [139.74754, 35.87583], [139.74764, 35.87585], [139.74783, 35.87586], [139.74882, 35.87588], [139.74892, 35.87589], [139.74969, 35.87589], [139.74981, 35.87588], [139.74983, 35.87589], [139.75036, 35.87589], [139.75129, 35.87589], [139.75302, 35.87591], [139.75409, 35.87592], [139.75482, 35.87593], [139.75664, 35.87594], [139.75697, 35.87594], [139.75727, 35.87594], [139.75783, 35.87594], [139.75811, 35.87595], [139.75916, 35.87596], [139.76086, 35.87595], [139.76144, 35.87596], [139.76276, 35.87596], [139.76361, 35.87597], [139.76699, 35.87597], [139.76956, 35.87599], [139.76962, 35.87599], [139.76996, 35.876], [139.77137, 35.87602], [139.77503, 35.87605], [139.77727, 35.87604], [139.77784, 35.87604], [139.77997, 35.87604], [139.78057, 35.87603], [139.78249, 35.87603], [139.78304, 35.87604], [139.78403, 35.87605], [139.78559, 35.87605], [139.78917, 35.87604], [139.78986, 35.87604], [139.79048, 35.87604]]}, "properties": {"id": "TRACK_TOKYO_3426", "line_name": "武蔵野線", "station_group_ids": [], "mode": "rail", "operator_id": "jr_east", "line_color": "#FF6F00", "tags": ["tokyo", "track_centerline"]}}, {"type": "Feature", "bbox": [139.7435, 35.87506, 139.74456, 35.87527], "geometry": {"type": "LineString", "coordinates": [[139.74456, 35.87527], [139.74363, 35.87508], [139.7435, 35.87506]]}, "properties": {"id": "TRACK_TOKYO_3427", "line_name": "武蔵野線", "station_group_ids": [], "mode": "rail", "operator_id": "jr_east", "line_color": "#FF6F00", "tags": ["tokyo", "track_centerline"]}}, {"type": "Feature", "bbox": [139.70496, 35.86422, 139.7435, 35.87506], "geometry": {"type": "LineString", "coordinates": [[139.7435, 35.87506], [139.7432, 35.875], [139.74186, 35.87476], [139.7402, 35.87443], [139.73948, 35.87429], [139.73933, 35.87426], [139.73917, 35.87423], [139.7383, 35.87408], [139.73819, 35.87406], [139.73697, 35.87384], [139.73591, 35.87364], [139.73517, 35.8735], [139.73485, 35.87345], [139.73391, 35.87328], [139.73389, 35.87327], [139.73262, 35.87305], [139.7314, 35.87283], [139.73022, 35.87262], [139.72782, 35.87216], [139.72722, 35.87205], [139.72688, 35.872], [139.72594, 35.87182], [139.72531, 35.87168], [139.72481, 35.87157], [139.72462, 35.87155], [139.72412, 35.87145], [139.72324, 35.87123], [139.72219, 35.87098], [139.72157, 35.87081], [139.72116, 35.8707], [139.72024, 35.87042], [139.72015, 35.87039], [139.71998, 35.87033], [139.71974, 35.87025], [139.71945, 35.87015], [139.71882, 35.86991], [139.71761, 35.86941], [139.71571, 35.8686], [139.7151, 35.86834], [139.71436, 35.86806], [139.71371, 35.86777], [139.71309, 35.86752], [139.7122, 35.86717], [139.71085, 35.86662], [139.70863, 35.86574], [139.70782, 35.86539], [139.70757, 35.8653], [139.70745, 35.86525], [139.707, 35.86507], [139.70547, 35.86445], [139.70496, 35.86422]]}, "properties": {"id": "TRACK_TOKYO_3428", "line_name": "武蔵野線", "station_group_ids": [], "mode": "rail", "operator_id": "jr_east", "line_color": "#FF6F00", "tags": ["tokyo", "track_centerline"]}}, {"type": "Feature", "bbox": [139.64717, 35.84589, 139.6487, 35.8462], "geometry": {"type": "LineString", "coordinates": [[139.6487, 35.84589], [139.64717, 35.8462]]}, "properties": {"id": "TRACK_TOKYO_3429", "line_name": "武蔵野線", "station_group_ids": [], "mode": "rail", "operator_id": "jr_east", "line_color": "#FF6F00", "tags": ["tokyo", "track_centerline"]}}, {"type": "Feature", "bbox": [139.70398, 35.86385, 139.70496, 35.86422], "geometry": {"type": "LineString", "coordinates": [[139.70496, 35.86422], [139.70467, 35.8641], [139.70398, 35.86385]]}, "properties": {"id": "TRACK_TOKYO_3430", "line_name": "武蔵野線", "station_group_ids": [], "mode": "rail", "operator_id": "jr_east", "line_color": "#FF6F00", "tags": ["tokyo", "track_centerline"]}}, {"type": "Feature", "bbox": [139.6487, 35.84549, 139.66838, 35.84722], "geometry": {"type": "LineString", "coordinates": [[139.66838, 35.84722], [139.66786, 35.84689], [139.6671, 35.8465], [139.66617, 35.84614], [139.66559, 35.84597], [139.66487, 35.8458], [139.66388, 35.84563], [139.66312, 35.84557], [139.6629, 35.84558], [139.66118, 35.84552], [139.66071, 35.84549], [139.65888, 35.84552], [139.65798, 35.84553], [139.65712, 35.84557], [139.65614, 35.84559], [139.65548, 35.84558], [139.65473, 35.84562], [139.65466, 35.84563], [139.65093, 35.84575], [139.65044, 35.84577], [139.64947, 35.84581], [139.64895, 35.84586], [139.6487, 35.84589]]}, "properties": {"id": "TRACK_TOKYO_3431", "line_name": "武蔵野線", "station_group_ids": [], "mode": "rail", "operator_id": "jr_east", "line_color": "#FF6F00", "tags": ["tokyo", "track_centerline"]}}, {"type": "Feature", "bbox": [139.62722, 35.84385, 139.62831, 35.84452], "geometry": {"type": "LineString", "coordinates": [[139.62831, 35.84452], [139.62722, 35.84385]]}, "properties": {"id": "TRACK_TOKYO_3432", "line_name": "武蔵野線", "station_group_ids": [], "mode": "rail", "operator_id": "jr_east", "line_color": "#FF6F00", "tags": ["tokyo", "track_centerline"]}}, {"type": "Feature", "bbox": [139.66838, 35.84722, 139.6695, 35.84795], "geometry": {"type": "LineString", "coordinates": [[139.6695, 35.84795], [139.66838, 35.84722]]}, "properties": {"id": "TRACK_TOKYO_3433", "line_name": "武蔵野線", "station_group_ids": [], "mode": "rail", "operator_id": "jr_east", "line_color": "#FF6F00", "tags": ["tokyo", "track_centerline"]}}, {"type": "Feature", "bbox": [139.58656, 35.81504, 139.5879, 35.8159], "geometry": {"type": "LineString", "coordinates": [[139.58656, 35.81504], [139.5879, 35.8159]]}, "properties": {"id": "TRACK_TOKYO_3434", "line_name": "武蔵野線", "station_group_ids": [], "mode": "rail", "operator_id": "jr_east", "line_color": "#FF6F00", "tags": ["tokyo", "track_centerline"]}}, {"type": "Feature", "bbox": [139.5879, 35.8159, 139.62722, 35.84385], "geometry": {"type": "LineString", "coordinates": [[139.5879, 35.8159], [139.58872, 35.81643], [139.58988, 35.81719], [139.59205, 35.81861], [139.59317, 35.81935], [139.59448, 35.82002], [139.5952, 35.8204], [139.59766, 35.82153], [139.59859, 35.82195], [139.59994, 35.82256], [139.60153, 35.82331], [139.60416, 35.82453], [139.60646, 35.82559], [139.60764, 35.82615], [139.60834, 35.82654], [139.60892, 35.82689], [139.60939, 35.82725], [139.60965, 35.82745], [139.61119, 35.82879], [139.612, 35.82971], [139.61394, 35.83191], [139.61611, 35.8344], [139.61731, 35.83576], [139.61798, 35.83655], [139.61877, 35.83742], [139.62024, 35.83907], [139.62075, 35.83959], [139.6212, 35.83997], [139.62177, 35.84038], [139.62282, 35.84107], [139.62388, 35.84176], [139.62544, 35.84276], [139.62722, 35.84385]]}, "properties": {"id": "TRACK_TOKYO_3440", "line_name": "武蔵野線", "station_group_ids": [], "mode": "rail", "operator_id": "jr_east", "line_color": "#FF6F00", "tags": ["tokyo", "track_centerline"]}}, {"type": "Feature", "bbox": [139.55712, 35.80388, 139.58656, 35.81504], "geometry": {"type": "LineString", "coordinates": [[139.55712, 35.80388], [139.55823, 35.80396], [139.55985, 35.80404], [139.56265, 35.80421], [139.56469, 35.80441], [139.56496, 35.80444], [139.56746, 35.80474], [139.56941, 35.80515], [139.57087, 35.80557], [139.57245, 35.80615], [139.57413, 35.80699], [139.57516, 35.80762], [139.57591, 35.80808], [139.57795, 35.80937], [139.57799, 35.8094], [139.5807, 35.81117], [139.58406, 35.81336], [139.58656, 35.81504]]}, "properties": {"id": "TRACK_TOKYO_3441", "line_name": "武蔵野線", "station_group_ids": [], "mode": "rail", "operator_id": "jr_east", "line_color": "#FF6F00", "tags": ["tokyo", "track_centerline"]}}, {"type": "Feature", "bbox": [139.77772, 35.92382, 139.77816, 35.92538], "geometry": {"type": "LineString", "coordinates": [[139.77816, 35.92382], [139.77772, 35.92538]]}, "properties": {"id": "TRACK_TOKYO_3464", "line_name": "伊勢崎線", "station_group_ids": [], "mode": "private", "operator_id": "tobu", "line_color": "#1F78FF", "tags": ["tokyo", "track_centerline"]}}, {"type": "Feature", "bbox": [139.77482, 35.92538, 139.77772, 35.93519], "geometry": {"type": "LineString", "coordinates": [[139.77772, 35.92538], [139.77741, 35.92643], [139.77543, 35.93313], [139.77482, 35.93519]]}, "properties": {"id": "TRACK_TOKYO_3466", "line_name": "伊勢崎線", "station_group_ids": [], "mode": "private", "operator_id": "tobu", "line_color": "#1F78FF", "tags": ["tokyo", "track_centerline"]}}, {"type": "Feature", "bbox": [139.80186, 35.81562, 139.80339, 35.82762], "geometry": {"type": "LineString", "coordinates": [[139.80186, 35.81562], [139.80219, 35.81647], [139.80238, 35.81725], [139.80248, 35.81769], [139.80252, 35.81803], [139.80258, 35.81863], [139.80264, 35.81913], [139.80292, 35.82211], [139.80319, 35.82535], [139.80339, 35.82762]]}, "properties": {"id": "TRACK_TOKYO_3521", "line_name": "伊勢崎線", "station_group_ids": [], "mode": "private", "operator_id": "tobu", "line_color": "#1F78FF", "tags": ["tokyo", "track_centerline"]}}, {"type": "Feature", "bbox": [139.81137, 35.74448, 139.81217, 35.74461], "geometry": {"type": "LineString", "coordinates": [[139.81217, 35.74461], [139.81137, 35.74448]]}, "properties": {"id": "TRACK_TOKYO_3522", "line_name": "伊勢崎線", "station_group_ids": [], "mode": "private", "operator_id": "tobu", "line_color": "#1F78FF", "tags": ["tokyo", "track_centerline"]}}, {"type": "Feature", "bbox": [139.7964, 35.77143, 139.79975, 35.77326], "geometry": {"type": "LineString", "coordinates": [[139.79975, 35.77143], [139.7964, 35.77326]]}, "properties": {"id": "TRACK_TOKYO_3523", "line_name": "伊勢崎線", "station_group_ids": [], "mode": "private", "operator_id": "tobu", "line_color": "#1F78FF", "tags": ["tokyo", "track_centerline"]}}, {"type": "Feature", "bbox": [139.80035, 35.84262, 139.801, 35.84398], "geometry": {"type": "LineString", "coordinates": [[139.80035, 35.84398], [139.801, 35.84262]]}, "properties": {"id": "TRACK_TOKYO_3524", "line_name": "伊勢崎線", "station_group_ids": [], "mode": "private", "operator_id": "tobu", "line_color": "#1F78FF", "tags": ["tokyo", "track_centerline"]}}, {"type": "Feature", "bbox": [139.7919, 35.85462, 139.79518, 35.86627], "geometry": {"type": "LineString", "coordinates": [[139.7919, 35.86627], [139.79203, 35.86567], [139.79233, 35.8643], [139.79242, 35.86391], [139.7925, 35.86357], [139.79255, 35.8633], [139.79269, 35.86264], [139.79275, 35.8624], [139.79282, 35.86213], [139.79298, 35.86138], [139.79318, 35.8605], [139.79338, 35.85958], [139.79351, 35.85901], [139.7936, 35.85866], [139.79365, 35.85843], [139.79374, 35.85802], [139.79375, 35.85797], [139.79389, 35.85748], [139.79392, 35.85738], [139.79404, 35.85698], [139.79417, 35.85668], [139.79445, 35.8561], [139.79462, 35.85578], [139.79472, 35.85556], [139.79488, 35.85521], [139.79518, 35.85462]]}, "properties": {"id": "TRACK_TOKYO_3525", "line_name": "伊勢崎線", "station_group_ids": [], "mode": "private", "operator_id": "tobu", "line_color": "#1F78FF", "tags": ["tokyo", "track_centerline"]}}, {"type": "Feature", "bbox": [139.79096, 35.77326, 139.7964, 35.7767], "geometry": {"type": "LineString", "coordinates": [[139.7964, 35.77326], [139.79519, 35.77393], [139.79278, 35.77526], [139.79205, 35.7757], [139.79188, 35.77584], [139.7914, 35.77627], [139.79096, 35.7767]]}, "properties": {"id": "TRACK_TOKYO_3526", "line_name": "伊勢崎線", "station_group_ids": [], "mode": "private", "operator_id": "tobu", "line_color": "#1F78FF", "tags": ["tokyo", "track_centerline"]}}, {"type": "Feature", "bbox": [139.7866, 35.87622, 139.78967, 35.88676], "geometry": {"type": "LineString", "coordinates": [[139.7866, 35.88676], [139.78665, 35.88667], [139.7867, 35.88656], [139.78681, 35.88635], [139.78691, 35.88614], [139.78708, 35.88583], [139.78724, 35.88548], [139.78738, 35.88519], [139.78744, 35.88504], [139.78752, 35.88485], [139.78772, 35.88439], [139.7878, 35.88409], [139.78793, 35.88366], [139.78808, 35.88311], [139.78818, 35.88275], [139.78829, 35.88233], [139.78831, 35.88226], [139.78849, 35.88147], [139.78854, 35.88129], [139.78862, 35.88091], [139.78864, 35.88079], [139.78873, 35.8804], [139.78887, 35.87984], [139.78897, 35.8794], [139.78916, 35.87858], [139.78924, 35.8782], [139.78941, 35.87743], [139.78963, 35.8764], [139.78967, 35.87622]]}, "properties": {"id": "TRACK_TOKYO_3527", "line_name": "伊勢崎線", "station_group_ids": [], "mode": "private", "operator_id": "tobu", "line_color": "#1F78FF", "tags": ["tokyo", "track_centerline"]}}, {"type": "Feature", "bbox": [139.78587, 35.88676, 139.7866, 35.8883], "geometry": {"type": "LineString", "coordinates": [[139.78587, 35.8883], [139.7866, 35.88676]]}, "properties": {"id": "TRACK_TOKYO_3528", "line_name": "伊勢崎線", "station_group_ids": [], "mode": "private", "operator_id": "tobu", "line_color": "#1F78FF", "tags": ["tokyo", "track_centerline"]}}, {"type": "Feature", "bbox": [139.81882, 35.72483, 139.82002, 35.73337], "geometry": {"type": "LineString", "coordinates": [[139.81941, 35.72483], [139.81942, 35.72492], [139.81959, 35.72617], [139.81974, 35.72732], [139.81974, 35.72767], [139.81964, 35.72809], [139.81916, 35.72946], [139.81893, 35.73021], [139.81884, 35.73064], [139.81882, 35.73105], [139.81886, 35.73133], [139.81896, 35.7317], [139.81919, 35.73231], [139.81933, 35.73254], [139.81957, 35.73284], [139.82002, 35.73337]]}, "properties": {"id": "TRACK_TOKYO_3529", "line_name": "伊勢崎線", "station_group_ids": [], "mode": "private", "operator_id": "tobu", "line_color": "#1F78FF", "tags": ["tokyo", "track_centerline"]}}, {"type": "Feature", "bbox": [139.81761, 35.73415, 139.82132, 35.74308], "geometry": {"type": "LineString", "coordinates": [[139.82072, 35.73415], [139.82075, 35.73418], [139.82102, 35.73452], [139.82121, 35.73487], [139.82129, 35.73512], [139.82132, 35.73535], [139.82132, 35.73565], [139.82126, 35.73623], [139.82117, 35.73659], [139.82104, 35.73687], [139.8202, 35.73835], [139.81895, 35.74064], [139.81828, 35.74187], [139.81794, 35.74252], [139.81777, 35.74284], [139.81761, 35.74308]]}, "properties": {"id": "TRACK_TOKYO_3530", "line_name": "伊勢崎線", "station_group_ids": [], "mode": "private", "operator_id": "tobu", "line_color": "#1F78FF", "tags": ["tokyo", "track_centerline"]}}, {"type": "Feature", "bbox": [139.77816, 35.90244, 139.78036, 35.92382], "geometry": {"type": "LineString", "coordinates": [[139.77816, 35.92382], [139.77907, 35.92073], [139.77932, 35.91987], [139.77972, 35.91844], [139.77988, 35.91771], [139.78026, 35.91604], [139.78032, 35.91574], [139.78036, 35.91502], [139.7803, 35.9142], [139.78028, 35.91393], [139.78015, 35.91212], [139.78015, 35.91207], [139.7801, 35.91142], [139.78003, 35.91022], [139.77997, 35.90935], [139.77992, 35.90874], [139.77991, 35.90858], [139.7799, 35.90839], [139.77987, 35.90799], [139.77974, 35.90631], [139.77972, 35.90581], [139.77961, 35.90439], [139.77961, 35.90437], [139.77961, 35.90435], [139.77958, 35.90389], [139.7796, 35.90328], [139.77963, 35.9031], [139.77966, 35.90285], [139.77972, 35.90244]]}, "properties": {"id": "TRACK_TOKYO_3531", "line_name": "伊勢崎線", "station_group_ids": [], "mode": "private", "operator_id": "tobu", "line_color": "#1F78FF", "tags": ["tokyo", "track_centerline"]}}, {"type": "Feature", "bbox": [139.78996, 35.86751, 139.79163, 35.87491], "geometry": {"type": "LineString", "coordinates": [[139.78996, 35.87491], [139.79001, 35.87464], [139.79007, 35.87441], [139.79016, 35.87401], [139.79031, 35.87333], [139.79045, 35.87276], [139.79057, 35.87222], [139.79066, 35.87182], [139.79078, 35.87132], [139.79099, 35.87038], [139.79109, 35.86991], [139.79111, 35.86984], [139.79118, 35.86954], [139.79124, 35.86928], [139.79141, 35.86848], [139.79145, 35.86831], [139.79155, 35.86788], [139.79158, 35.86773], [139.79163, 35.86751]]}, "properties": {"id": "TRACK_TOKYO_3532", "line_name": "伊勢崎線", "station_group_ids": [], "mode": "private", "operator_id": "tobu", "line_color": "#1F78FF", "tags": ["tokyo", "track_centerline"]}}, {"type": "Feature", "bbox": [139.80518, 35.74855, 139.806, 35.75126], "geometry": {"type": "LineString", "coordinates": [[139.80518, 35.74855], [139.80529, 35.7489], [139.80578, 35.75053], [139.806, 35.75126]]}, "properties": {"id": "TRACK_TOKYO_3533", "line_name": "伊勢崎線", "station_group_ids": [], "mode": "private", "operator_id": "tobu", "line_color": "#1F78FF", "tags": ["tokyo", "track_centerline"]}}, {"type": "Feature", "bbox": [139.79975, 35.76647, 139.80864, 35.77143], "geometry": {"type": "LineString", "coordinates": [[139.80864, 35.76647], [139.8055, 35.76823], [139.79975, 35.77143]]}, "properties": {"id": "TRACK_TOKYO_3534", "line_name": "伊勢崎線", "station_group_ids": [], "mode": "private", "operator_id": "tobu", "line_color": "#1F78FF", "tags": ["tokyo", "track_centerline"]}}, {"type": "Feature", "bbox": [139.78002, 35.8883, 139.78587, 35.90099], "geometry": {"type": "LineString", "coordinates": [[139.78002, 35.90099], [139.78015, 35.90063], [139.78024, 35.9004], [139.78033, 35.90015], [139.78054, 35.89963], [139.78073, 35.89922], [139.78095, 35.89873], [139.78101, 35.89861], [139.78109, 35.89843], [139.78128, 35.89801], [139.78171, 35.89707], [139.78215, 35.89613], [139.78243, 35.89552], [139.78254, 35.89532], [139.78286, 35.89465], [139.78339, 35.8935], [139.78357, 35.89314], [139.78368, 35.89289], [139.78376, 35.89272], [139.78385, 35.89253], [139.78412, 35.89194], [139.78417, 35.89186], [139.78496, 35.89023], [139.785, 35.89014], [139.78505, 35.89003], [139.78516, 35.8898], [139.78544, 35.88922], [139.78584, 35.88836], [139.78587, 35.8883]]}, "properties": {"id": "TRACK_TOKYO_3535", "line_name": "伊勢崎線", "station_group_ids": [], "mode": "private", "operator_id": "tobu", "line_color": "#1F78FF", "tags": ["tokyo", "track_centerline"]}}, {"type": "Feature", "bbox": [139.81336, 35.71012, 139.81437, 35.71184], "geometry": {"type": "LineString", "coordinates": [[139.81336, 35.71012], [139.81378, 35.71096], [139.81437, 35.71184]]}, "properties": {"id": "TRACK_TOKYO_3536", "line_name": "伊勢崎線", "station_group_ids": [], "mode": "private", "operator_id": "tobu", "line_color": "#1F78FF", "tags": ["tokyo", "track_centerline"]}}, {"type": "Feature", "bbox": [139.81217, 35.74361, 139.81715, 35.7448], "geometry": {"type": "LineString", "coordinates": [[139.81715, 35.74361], [139.81677, 35.74391], [139.81636, 35.74417], [139.81595, 35.74437], [139.81533, 35.74457], [139.8149, 35.7447], [139.81436, 35.74479], [139.81384, 35.7448], [139.81326, 35.74476], [139.81304, 35.74473], [139.8126, 35.74468], [139.81237, 35.74464], [139.81217, 35.74461]]}, "properties": {"id": "TRACK_TOKYO_3537", "line_name": "伊勢崎線", "station_group_ids": [], "mode": "private", "operator_id": "tobu", "line_color": "#1F78FF", "tags": ["tokyo", "track_centerline"]}}, {"type": "Feature", "bbox": [139.81677, 35.71936, 139.81926, 35.72388], "geometry": {"type": "LineString", "coordinates": [[139.81677, 35.71936], [139.8168, 35.71944], [139.81685, 35.71959], [139.81698, 35.71988], [139.81724, 35.72033], [139.81809, 35.72133], [139.81864, 35.72201], [139.81887, 35.7224], [139.81897, 35.72271], [139.81926, 35.72388]]}, "properties": {"id": "TRACK_TOKYO_3538", "line_name": "伊勢崎線", "station_group_ids": [], "mode": "private", "operator_id": "tobu", "line_color": "#1F78FF", "tags": ["tokyo", "track_centerline"]}}, {"type": "Feature", "bbox": [139.80864, 35.76534, 139.81062, 35.76647], "geometry": {"type": "LineString", "coordinates": [[139.81062, 35.76534], [139.80864, 35.76647]]}, "properties": {"id": "TRACK_TOKYO_3539", "line_name": "伊勢崎線", "station_group_ids": [], "mode": "private", "operator_id": "tobu", "line_color": "#1F78FF", "tags": ["tokyo", "track_centerline"]}}, {"type": "Feature", "bbox": [139.81062, 35.75923, 139.81362, 35.76534], "geometry": {"type": "LineString", "coordinates": [[139.8131, 35.75923], [139.81318, 35.75935], [139.81329, 35.75962], [139.81341, 35.75999], [139.81355, 35.76052], [139.81361, 35.76084], [139.81362, 35.76107], [139.81362, 35.76141], [139.81359, 35.76173], [139.81352, 35.76196], [139.81342, 35.76236], [139.81331, 35.76272], [139.81311, 35.76309], [139.81285, 35.76354], [139.81263, 35.76391], [139.81241, 35.76415], [139.81221, 35.76434], [139.81197, 35.76452], [139.81183, 35.76463], [139.81168, 35.76473], [139.81129, 35.76495], [139.81116, 35.76502], [139.81077, 35.76524], [139.81062, 35.76534]]}, "properties": {"id": "TRACK_TOKYO_3540", "line_name": "伊勢崎線", "station_group_ids": [], "mode": "private", "operator_id": "tobu", "line_color": "#1F78FF", "tags": ["tokyo", "track_centerline"]}}, {"type": "Feature", "bbox": [139.79098, 35.79511, 139.80107, 35.8141], "geometry": {"type": "LineString", "coordinates": [[139.79098, 35.79511], [139.79145, 35.79636], [139.79146, 35.7964], [139.79202, 35.79791], [139.79285, 35.80016], [139.79353, 35.80203], [139.79406, 35.80339], [139.79465, 35.80503], [139.79476, 35.8053], [139.79478, 35.80535], [139.79516, 35.80633], [139.7954, 35.80681], [139.79568, 35.80729], [139.79592, 35.80764], [139.79634, 35.80821], [139.79697, 35.80898], [139.79775, 35.80992], [139.79845, 35.8107], [139.7995, 35.81196], [139.80005, 35.8126], [139.80054, 35.81329], [139.80107, 35.8141]]}, "properties": {"id": "TRACK_TOKYO_3541", "line_name": "伊勢崎線", "station_group_ids": [], "mode": "private", "operator_id": "tobu", "line_color": "#1F78FF", "tags": ["tokyo", "track_centerline"]}}, {"type": "Feature", "bbox": [139.80863, 35.71027, 139.81016, 35.71066], "geometry": {"type": "LineString", "coordinates": [[139.80863, 35.71027], [139.81016, 35.71066]]}, "properties": {"id": "TRACK_TOKYO_3542", "line_name": "伊勢崎線", "station_group_ids": [], "mode": "private", "operator_id": "tobu", "line_color": "#1F78FF", "tags": ["tokyo", "track_centerline"]}}, {"type": "Feature", "bbox": [139.81926, 35.72388, 139.81941, 35.72483], "geometry": {"type": "LineString", "coordinates": [[139.81926, 35.72388], [139.81941, 35.72483]]}, "properties": {"id": "TRACK_TOKYO_3543", "line_name": "伊勢崎線", "station_group_ids": [], "mode": "private", "operator_id": "tobu", "line_color": "#1F78FF", "tags": ["tokyo", "track_centerline"]}}, {"type": "Feature", "bbox": [139.80486, 35.74409, 139.81137, 35.74797], "geometry": {"type": "LineString", "coordinates": [[139.81137, 35.74448], [139.8088, 35.74412], [139.80818, 35.74409], [139.80755, 35.74414], [139.80711, 35.74425], [139.80684, 35.74434], [139.80657, 35.74446], [139.80617, 35.74472], [139.80587, 35.74496], [139.80551, 35.74534], [139.80521, 35.74576], [139.80502, 35.74618], [139.80489, 35.74658], [139.80486, 35.74685], [139.80486, 35.74712], [139.8049, 35.74748], [139.80499, 35.74797]]}, "properties": {"id": "TRACK_TOKYO_3544", "line_name": "伊勢崎線", "station_group_ids": [], "mode": "private", "operator_id": "tobu", "line_color": "#1F78FF", "tags": ["tokyo", "track_centerline"]}}, {"type": "Feature", "bbox": [139.80499, 35.74797, 139.80518, 35.74855], "geometry": {"type": "LineString", "coordinates": [[139.80499, 35.74797], [139.80516, 35.74849], [139.80518, 35.74855]]}, "properties": {"id": "TRACK_TOKYO_3545", "line_name": "伊勢崎線", "station_group_ids": [], "mode": "private", "operator_id": "tobu", "line_color": "#1F78FF", "tags": ["tokyo", "track_centerline"]}}, {"type": "Feature", "bbox": [139.79163, 35.86627, 139.7919, 35.86751], "geometry": {"type": "LineString", "coordinates": [[139.79163, 35.86751], [139.7919, 35.86627]]}, "properties": {"id": "TRACK_TOKYO_3546", "line_name": "伊勢崎線", "station_group_ids": [], "mode": "private", "operator_id": "tobu", "line_color": "#1F78FF", "tags": ["tokyo", "track_centerline"]}}, {"type": "Feature", "bbox": [139.80339, 35.82762, 139.80352, 35.82914], "geometry": {"type": "LineString", "coordinates": [[139.80339, 35.82762], [139.80352, 35.82914]]}, "properties": {"id": "TRACK_TOKYO_3547", "line_name": "伊勢崎線", "station_group_ids": [], "mode": "private", "operator_id": "tobu", "line_color": "#1F78FF", "tags": ["tokyo", "track_centerline"]}}, {"type": "Feature", "bbox": [139.78967, 35.87491, 139.78996, 35.87622], "geometry": {"type": "LineString", "coordinates": [[139.78996, 35.87491], [139.78967, 35.87622]]}, "properties": {"id": "TRACK_TOKYO_3548", "line_name": "伊勢崎線", "station_group_ids": [], "mode": "private", "operator_id": "tobu", "line_color": "#1F78FF", "tags": ["tokyo", "track_centerline"]}}, {"type": "Feature", "bbox": [139.81658, 35.71726, 139.81677, 35.71936], "geometry": {"type": "LineString", "coordinates": [[139.81658, 35.71726], [139.81667, 35.71891], [139.81677, 35.71936]]}, "properties": {"id": "TRACK_TOKYO_3549", "line_name": "伊勢崎線", "station_group_ids": [], "mode": "private", "operator_id": "tobu", "line_color": "#1F78FF", "tags": ["tokyo", "track_centerline"]}}, {"type": "Feature", "bbox": [139.77972, 35.90099, 139.78002, 35.90244], "geometry": {"type": "LineString", "coordinates": [[139.77972, 35.90244], [139.78002, 35.90099]]}, "properties": {"id": "TRACK_TOKYO_3550", "line_name": "伊勢崎線", "station_group_ids": [], "mode": "private", "operator_id": "tobu", "line_color": "#1F78FF", "tags": ["tokyo", "track_centerline"]}}, {"type": "Feature", "bbox": [139.8122, 35.75814, 139.8131, 35.75923], "geometry": {"type": "LineString", "coordinates": [[139.8122, 35.75814], [139.8131, 35.75923]]}, "properties": {"id": "TRACK_TOKYO_3551", "line_name": "伊勢崎線", "station_group_ids": [], "mode": "private", "operator_id": "tobu", "line_color": "#1F78FF", "tags": ["tokyo", "track_centerline"]}}, {"type": "Feature", "bbox": [139.79046, 35.79363, 139.79098, 35.79511], "geometry": {"type": "LineString", "coordinates": [[139.79046, 35.79363], [139.79098, 35.79511]]}, "properties": {"id": "TRACK_TOKYO_3552", "line_name": "伊勢崎線", "station_group_ids": [], "mode": "private", "operator_id": "tobu", "line_color": "#1F78FF", "tags": ["tokyo", "track_centerline"]}}, {"type": "Feature", "bbox": [139.81437, 35.71184, 139.81658, 35.71726], "geometry": {"type": "LineString", "coordinates": [[139.81658, 35.71726], [139.81651, 35.71726], [139.81643, 35.71575], [139.8164, 35.71511], [139.8163, 35.71439], [139.81622, 35.71404], [139.81594, 35.71341], [139.81576, 35.71315], [139.81556, 35.71285], [139.81527, 35.71248], [139.81478, 35.71211], [139.81469, 35.71204], [139.81437, 35.71184]]}, "properties": {"id": "TRACK_TOKYO_3553", "line_name": "伊勢崎線", "station_group_ids": [], "mode": "private", "operator_id": "tobu", "line_color": "#1F78FF", "tags": ["tokyo", "track_centerline"]}}, {"type": "Feature", "bbox": [139.80107, 35.8141, 139.80186, 35.81562], "geometry": {"type": "LineString", "coordinates": [[139.80107, 35.8141], [139.80186, 35.81562]]}, "properties": {"id": "TRACK_TOKYO_3554", "line_name": "伊勢崎線", "station_group_ids": [], "mode": "private", "operator_id": "tobu", "line_color": "#1F78FF", "tags": ["tokyo", "track_centerline"]}}, {"type": "Feature", "bbox": [139.78977, 35.7767, 139.79096, 35.77786], "geometry": {"type": "LineString", "coordinates": [[139.79096, 35.7767], [139.78977, 35.77786]]}, "properties": {"id": "TRACK_TOKYO_3555", "line_name": "伊勢崎線", "station_group_ids": [], "mode": "private", "operator_id": "tobu", "line_color": "#1F78FF", "tags": ["tokyo", "track_centerline"]}}, {"type": "Feature", "bbox": [139.801, 35.82914, 139.80397, 35.84262], "geometry": {"type": "LineString", "coordinates": [[139.801, 35.84262], [139.8012, 35.84221], [139.80128, 35.84206], [139.80141, 35.84183], [139.80161, 35.84146], [139.80174, 35.84121], [139.80183, 35.84104], [139.80201, 35.84071], [139.8021, 35.84054], [139.80223, 35.84029], [139.80232, 35.84013], [139.8024, 35.83999], [139.80265, 35.8395], [139.80276, 35.83928], [139.80286, 35.83904], [139.80297, 35.83882], [139.80307, 35.83858], [139.80313, 35.83842], [139.80321, 35.8382], [139.80335, 35.83777], [139.80345, 35.83744], [139.80353, 35.83716], [139.80357, 35.83699], [139.80362, 35.83675], [139.80366, 35.83655], [139.80387, 35.83542], [139.80394, 35.83475], [139.80397, 35.83429], [139.80394, 35.83384], [139.80385, 35.83284], [139.80378, 35.83195], [139.8036, 35.83002], [139.80352, 35.82914]]}, "properties": {"id": "TRACK_TOKYO_3556", "line_name": "伊勢崎線", "station_group_ids": [], "mode": "private", "operator_id": "tobu", "line_color": "#1F78FF", "tags": ["tokyo", "track_centerline"]}}, {"type": "Feature", "bbox": [139.79567, 35.84398, 139.80035, 35.8536], "geometry": {"type": "LineString", "coordinates": [[139.79567, 35.8536], [139.79575, 35.85344], [139.79584, 35.85324], [139.79599, 35.85294], [139.79617, 35.85256], [139.7962, 35.85249], [139.79626, 35.85236], [139.79648, 35.85188], [139.7971, 35.85066], [139.7972, 35.85045], [139.79738, 35.8501], [139.79752, 35.8498], [139.79787, 35.84907], [139.79796, 35.8489], [139.7981, 35.8486], [139.79833, 35.84813], [139.79904, 35.84662], [139.79931, 35.84605], [139.7994, 35.84588], [139.79964, 35.84539], [139.79978, 35.84509], [139.79995, 35.84474], [139.8001, 35.84446], [139.80022, 35.84422], [139.80035, 35.84398]]}, "properties": {"id": "TRACK_TOKYO_3557", "line_name": "伊勢崎線", "station_group_ids": [], "mode": "private", "operator_id": "tobu", "line_color": "#1F78FF", "tags": ["tokyo", "track_centerline"]}}, {"type": "Feature", "bbox": [139.7987, 35.71015, 139.80863, 35.71267647], "geometry": {"type": "LineString", "coordinates": [[139.7987, 35.71239], [139.79888313, 35.71252132], [139.79909747, 35.71261585], [139.79937174, 35.71267401], [139.79955382, 35.71267647], [139.79972, 35.71266], [139.80004, 35.71259], [139.80093, 35.71207], [139.801, 35.71203], [139.80196, 35.71151], [139.80634, 35.7103], [139.80701, 35.71017], [139.80762, 35.71015], [139.80818, 35.71019], [139.80863, 35.71027]]}, "properties": {"id": "TRACK_TOKYO_3558", "line_name": "伊勢崎線", "station_group_ids": [], "mode": "private", "operator_id": "tobu", "line_color": "#1F78FF", "tags": ["tokyo", "track_centerline"]}}, {"type": "Feature", "bbox": [139.78859, 35.77786, 139.78977, 35.77905], "geometry": {"type": "LineString", "coordinates": [[139.78977, 35.77786], [139.78859, 35.77905]]}, "properties": {"id": "TRACK_TOKYO_3559", "line_name": "伊勢崎線", "station_group_ids": [], "mode": "private", "operator_id": "tobu", "line_color": "#1F78FF", "tags": ["tokyo", "track_centerline"]}}, {"type": "Feature", "bbox": [139.78655, 35.77905, 139.79046, 35.79363], "geometry": {"type": "LineString", "coordinates": [[139.78859, 35.77905], [139.78814, 35.77951], [139.78743, 35.78024], [139.78704, 35.78071], [139.78682, 35.78103], [139.7867, 35.7813], [139.78659, 35.78165], [139.78655, 35.78199], [139.78655, 35.78235], [139.78655, 35.78271], [139.78658, 35.78307], [139.78664, 35.78332], [139.78682, 35.78384], [139.78786, 35.7866], [139.7886, 35.78862], [139.78938, 35.79069], [139.79046, 35.79363]]}, "properties": {"id": "TRACK_TOKYO_3560", "line_name": "伊勢崎線", "station_group_ids": [], "mode": "private", "operator_id": "tobu", "line_color": "#1F78FF", "tags": ["tokyo", "track_centerline"]}}, {"type": "Feature", "bbox": [139.82002, 35.73337, 139.82072, 35.73415], "geometry": {"type": "LineString", "coordinates": [[139.82002, 35.73337], [139.82072, 35.73415]]}, "properties": {"id": "TRACK_TOKYO_3561", "line_name": "伊勢崎線", "station_group_ids": [], "mode": "private", "operator_id": "tobu", "line_color": "#1F78FF", "tags": ["tokyo", "track_centerline"]}}, {"type": "Feature", "bbox": [139.79518, 35.8536, 139.79567, 35.85462], "geometry": {"type": "LineString", "coordinates": [[139.79518, 35.85462], [139.79567, 35.8536]]}, "properties": {"id": "TRACK_TOKYO_3562", "line_name": "伊勢崎線", "station_group_ids": [], "mode": "private", "operator_id": "tobu", "line_color": "#1F78FF", "tags": ["tokyo", "track_centerline"]}}, {"type": "Feature", "bbox": [139.806, 35.75126, 139.8122, 35.75814], "geometry": {"type": "LineString", "coordinates": [[139.806, 35.75126], [139.80604, 35.75137], [139.80618, 35.75175], [139.80633, 35.75201], [139.80654, 35.75226], [139.80713, 35.75281], [139.80757, 35.75323], [139.80807, 35.75375], [139.80814, 35.75382], [139.80853, 35.75419], [139.80869, 35.75437], [139.80878, 35.75446], [139.81051, 35.7563], [139.81203, 35.75791], [139.8122, 35.75814]]}, "properties": {"id": "TRACK_TOKYO_3563", "line_name": "伊勢崎線", "station_group_ids": [], "mode": "private", "operator_id": "tobu", "line_color": "#1F78FF", "tags": ["tokyo", "track_centerline"]}}, {"type": "Feature", "bbox": [139.81715, 35.74308, 139.81761, 35.74361], "geometry": {"type": "LineString", "coordinates": [[139.81761, 35.74308], [139.81715, 35.74361]]}, "properties": {"id": "TRACK_TOKYO_3564", "line_name": "伊勢崎線", "station_group_ids": [], "mode": "private", "operator_id": "tobu", "line_color": "#1F78FF", "tags": ["tokyo", "track_centerline"]}}, {"type": "Feature", "bbox": [139.81016, 35.71066, 139.81437, 35.71184], "geometry": {"type": "LineString", "coordinates": [[139.81016, 35.71066], [139.81148, 35.71074], [139.81218, 35.71079], [139.81279, 35.71096], [139.81328, 35.71121], [139.8141, 35.71168], [139.81437, 35.71184]]}, "properties": {"id": "TRACK_TOKYO_3565", "line_name": "伊勢崎線", "station_group_ids": [], "mode": "private", "operator_id": "tobu", "line_color": "#1F78FF", "tags": ["tokyo", "track_centerline"]}}, {"type": "Feature", "bbox": [139.83177, 35.70029, 139.83359, 35.70706], "geometry": {"type": "LineString", "coordinates": [[139.83353, 35.70029], [139.83356, 35.70048], [139.83356, 35.70052], [139.83359, 35.70074], [139.83358, 35.70141], [139.83356, 35.7015], [139.83345, 35.7018], [139.83314, 35.70278], [139.83313, 35.70281], [139.83311, 35.7029], [139.83307, 35.70302], [139.83307, 35.70304], [139.8327, 35.70425], [139.83257, 35.70469], [139.83199, 35.7065], [139.83183, 35.70692], [139.83177, 35.70706]]}, "properties": {"id": "TRACK_TOKYO_3634", "line_name": "亀戸線", "station_group_ids": [], "mode": "private", "operator_id": "tobu", "line_color": "#1F78FF", "tags": ["tokyo", "track_centerline"]}}, {"type": "Feature", "bbox": [139.81658, 35.71044, 139.82727, 35.71726], "geometry": {"type": "LineString", "coordinates": [[139.82727, 35.71044], [139.82699, 35.71054], [139.82384, 35.71167], [139.82371, 35.71171], [139.82362, 35.71175], [139.82319, 35.7119], [139.82226, 35.71223], [139.82027, 35.71293], [139.81991, 35.71306], [139.81932, 35.71328], [139.81854, 35.71356], [139.81802, 35.71388], [139.81796, 35.71392], [139.81761, 35.71422], [139.81723, 35.71463], [139.81686, 35.71522], [139.81669, 35.71554], [139.81663, 35.71576], [139.81661, 35.71589], [139.81659, 35.71618], [139.81661, 35.71659], [139.81665, 35.71725], [139.81658, 35.71726]]}, "properties": {"id": "TRACK_TOKYO_3635", "line_name": "亀戸線", "station_group_ids": [], "mode": "private", "operator_id": "tobu", "line_color": "#1F78FF", "tags": ["tokyo", "track_centerline"]}}, {"type": "Feature", "bbox": [139.83325, 35.6996, 139.83353, 35.70029], "geometry": {"type": "LineString", "coordinates": [[139.83325, 35.6996], [139.83353, 35.70029]]}, "properties": {"id": "TRACK_TOKYO_3636", "line_name": "亀戸線", "station_group_ids": [], "mode": "private", "operator_id": "tobu", "line_color": "#1F78FF", "tags": ["tokyo", "track_centerline"]}}, {"type": "Feature", "bbox": [139.82672, 35.69773, 139.82768, 35.69774], "geometry": {"type": "LineString", "coordinates": [[139.82672, 35.69773], [139.82768, 35.69774]]}, "properties": {"id": "TRACK_TOKYO_3637", "line_name": "亀戸線", "station_group_ids": [], "mode": "private", "operator_id": "tobu", "line_color": "#1F78FF", "tags": ["tokyo", "track_centerline"]}}, {"type": "Feature", "bbox": [139.82768, 35.69774, 139.83325, 35.6996], "geometry": {"type": "LineString", "coordinates": [[139.82768, 35.69774], [139.82995, 35.69784], [139.8301, 35.69785], [139.83103, 35.69792], [139.83159, 35.69808], [139.83167, 35.6981], [139.83208, 35.69831], [139.83221, 35.69842], [139.83242, 35.69859], [139.83266, 35.69881], [139.83273, 35.69889], [139.83276, 35.69893], [139.83299, 35.69921], [139.83325, 35.6996]]}, "properties": {"id": "TRACK_TOKYO_3638", "line_name": "亀戸線", "station_group_ids": [], "mode": "private", "operator_id": "tobu", "line_color": "#1F78FF", "tags": ["tokyo", "track_centerline"]}}, {"type": "Feature", "bbox": [139.82727, 35.7102, 139.82795, 35.71044], "geometry": {"type": "LineString", "coordinates": [[139.82795, 35.7102], [139.82727, 35.71044]]}, "properties": {"id": "TRACK_TOKYO_3639", "line_name": "亀戸線", "station_group_ids": [], "mode": "private", "operator_id": "tobu", "line_color": "#1F78FF", "tags": ["tokyo", "track_centerline"]}}, {"type": "Feature", "bbox": [139.83142, 35.70706, 139.83177, 35.70769], "geometry": {"type": "LineString", "coordinates": [[139.83177, 35.70706], [139.83142, 35.70769]]}, "properties": {"id": "TRACK_TOKYO_3640", "line_name": "亀戸線", "station_group_ids": [], "mode": "private", "operator_id": "tobu", "line_color": "#1F78FF", "tags": ["tokyo", "track_centerline"]}}, {"type": "Feature", "bbox": [139.82795, 35.70769, 139.83142, 35.7102], "geometry": {"type": "LineString", "coordinates": [[139.83142, 35.70769], [139.83125, 35.708], [139.83082, 35.70855], [139.83075, 35.70863], [139.8304, 35.70893], [139.82973, 35.70942], [139.82898, 35.7098], [139.8282, 35.71011], [139.82795, 35.7102]]}, "properties": {"id": "TRACK_TOKYO_3641", "line_name": "亀戸線", "station_group_ids": [], "mode": "private", "operator_id": "tobu", "line_color": "#1F78FF", "tags": ["tokyo", "track_centerline"]}}, {"type": "Feature", "bbox": [139.81658, 35.71726, 139.81677, 35.71936], "geometry": {"type": "LineString", "coordinates": [[139.81658, 35.71726], [139.81667, 35.71891], [139.81677, 35.71936]]}, "properties": {"id": "TRACK_TOKYO_3642", "line_name": "亀戸線", "station_group_ids": [], "mode": "private", "operator_id": "tobu", "line_color": "#1F78FF", "tags": ["tokyo", "track_centerline"]}}, {"type": "Feature", "bbox": [139.78126, 35.77886, 139.78205, 35.77904], "geometry": {"type": "LineString", "coordinates": [[139.78205, 35.77904], [139.78126, 35.77886]]}, "properties": {"id": "TRACK_TOKYO_3699", "line_name": "大師線", "station_group_ids": [], "mode": "private", "operator_id": "tobu", "line_color": "#1F78FF", "tags": ["tokyo", "track_centerline"]}}, {"type": "Feature", "bbox": [139.78205, 35.77904, 139.78859, 35.7795], "geometry": {"type": "LineString", "coordinates": [[139.78859, 35.77905], [139.78783, 35.77932], [139.78745, 35.77942], [139.7872, 35.77948], [139.78701, 35.7795], [139.78675, 35.7795], [139.78607, 35.77949], [139.78503, 35.77946], [139.78439, 35.77944], [139.78395, 35.77941], [139.78366, 35.77939], [139.78343, 35.77935], [139.7823, 35.7791], [139.78205, 35.77904]]}, "properties": {"id": "TRACK_TOKYO_3700", "line_name": "大師線", "station_group_ids": [], "mode": "private", "operator_id": "tobu", "line_color": "#1F78FF", "tags": ["tokyo", "track_centerline"]}}, {"type": "Feature", "bbox": [139.78859, 35.77786, 139.78977, 35.77905], "geometry": {"type": "LineString", "coordinates": [[139.78977, 35.77786], [139.78859, 35.77905]]}, "properties": {"id": "TRACK_TOKYO_3701", "line_name": "大師線", "station_group_ids": [], "mode": "private", "operator_id": "tobu", "line_color": "#1F78FF", "tags": ["tokyo", "track_centerline"]}}, {"type": "Feature", "bbox": [139.78977, 35.7767, 139.79096, 35.77786], "geometry": {"type": "LineString", "coordinates": [[139.79096, 35.7767], [139.78977, 35.77786]]}, "properties": {"id": "TRACK_TOKYO_3702", "line_name": "大師線", "station_group_ids": [], "mode": "private", "operator_id": "tobu", "line_color": "#1F78FF", "tags": ["tokyo", "track_centerline"]}}, {"type": "Feature", "bbox": [139.70225, 35.74809, 139.70308, 35.7487], "geometry": {"type": "LineString", "coordinates": [[139.70225, 35.7487], [139.70254, 35.74844], [139.70308, 35.74809]]}, "properties": {"id": "TRACK_TOKYO_3722", "line_name": "東上本線", "station_group_ids": [], "mode": "private", "operator_id": "tobu", "line_color": "#1F78FF", "tags": ["tokyo", "track_centerline"]}}, {"type": "Feature", "bbox": [139.69521, 35.7487, 139.70225, 35.75587], "geometry": {"type": "LineString", "coordinates": [[139.69521, 35.75587], [139.69601, 35.75549], [139.6968, 35.7551], [139.69752, 35.75476], [139.69825, 35.75436], [139.69854, 35.75415], [139.69895, 35.75379], [139.6993, 35.75345], [139.69951, 35.75323], [139.69998, 35.75256], [139.70025, 35.75213], [139.7007, 35.7514], [139.70099, 35.75086], [139.70143, 35.74992], [139.7019, 35.74917], [139.70225, 35.7487]]}, "properties": {"id": "TRACK_TOKYO_3723", "line_name": "東上本線", "station_group_ids": [], "mode": "private", "operator_id": "tobu", "line_color": "#1F78FF", "tags": ["tokyo", "track_centerline"]}}, {"type": "Feature", "bbox": [139.71632, 35.74104, 139.71724, 35.74449], "geometry": {"type": "LineString", "coordinates": [[139.71632, 35.74449], [139.71661, 35.74418], [139.71685, 35.74387], [139.71705, 35.74347], [139.71722, 35.74294], [139.71724, 35.74247], [139.71715, 35.74199], [139.71699, 35.74152], [139.71676, 35.74104]]}, "properties": {"id": "TRACK_TOKYO_3724", "line_name": "東上本線", "station_group_ids": [], "mode": "private", "operator_id": "tobu", "line_color": "#1F78FF", "tags": ["tokyo", "track_centerline"]}}, {"type": "Feature", "bbox": [139.63212, 35.77702, 139.63376, 35.7781], "geometry": {"type": "LineString", "coordinates": [[139.63376, 35.77702], [139.633, 35.77754], [139.63271, 35.77771], [139.63212, 35.7781]]}, "properties": {"id": "TRACK_TOKYO_3725", "line_name": "東上本線", "station_group_ids": [], "mode": "private", "operator_id": "tobu", "line_color": "#1F78FF", "tags": ["tokyo", "track_centerline"]}}, {"type": "Feature", "bbox": [139.67692, 35.75916, 139.68788, 35.7633], "geometry": {"type": "LineString", "coordinates": [[139.68788, 35.75916], [139.68714, 35.75937], [139.68692, 35.75943], [139.68624, 35.75962], [139.68523, 35.75991], [139.68452, 35.76014], [139.684, 35.76033], [139.68332, 35.76058], [139.68247, 35.76095], [139.68168, 35.76128], [139.68036, 35.76184], [139.67943, 35.76223], [139.67838, 35.76269], [139.67745, 35.76308], [139.67692, 35.7633]]}, "properties": {"id": "TRACK_TOKYO_3726", "line_name": "東上本線", "station_group_ids": [], "mode": "private", "operator_id": "tobu", "line_color": "#1F78FF", "tags": ["tokyo", "track_centerline"]}}, {"type": "Feature", "bbox": [139.67549, 35.7633, 139.67692, 35.76393], "geometry": {"type": "LineString", "coordinates": [[139.67692, 35.7633], [139.67549, 35.76393]]}, "properties": {"id": "TRACK_TOKYO_3727", "line_name": "東上本線", "station_group_ids": [], "mode": "private", "operator_id": "tobu", "line_color": "#1F78FF", "tags": ["tokyo", "track_centerline"]}}, {"type": "Feature", "bbox": [139.63376, 35.77067, 139.64433, 35.77702], "geometry": {"type": "LineString", "coordinates": [[139.64433, 35.77067], [139.64404, 35.77079], [139.64392, 35.77085], [139.64327, 35.77115], [139.64273, 35.77139], [139.64231, 35.77159], [139.64182, 35.77181], [139.64103, 35.77223], [139.64067, 35.77242], [139.6403, 35.77263], [139.63989, 35.77289], [139.63925, 35.77333], [139.63821, 35.77403], [139.63741, 35.77458], [139.63686, 35.77493], [139.63617, 35.7754], [139.63543, 35.77589], [139.63501, 35.77616], [139.63479, 35.77632], [139.63433, 35.77663], [139.63376, 35.77702]]}, "properties": {"id": "TRACK_TOKYO_3728", "line_name": "東上本線", "station_group_ids": [], "mode": "private", "operator_id": "tobu", "line_color": "#1F78FF", "tags": ["tokyo", "track_centerline"]}}, {"type": "Feature", "bbox": [139.64433, 35.7703, 139.64537, 35.77067], "geometry": {"type": "LineString", "coordinates": [[139.64537, 35.7703], [139.64433, 35.77067]]}, "properties": {"id": "TRACK_TOKYO_3729", "line_name": "東上本線", "station_group_ids": [], "mode": "private", "operator_id": "tobu", "line_color": "#1F78FF", "tags": ["tokyo", "track_centerline"]}}, {"type": "Feature", "bbox": [139.69356, 35.75587, 139.69521, 35.75669], "geometry": {"type": "LineString", "coordinates": [[139.69521, 35.75587], [139.69356, 35.75669]]}, "properties": {"id": "TRACK_TOKYO_3730", "line_name": "東上本線", "station_group_ids": [], "mode": "private", "operator_id": "tobu", "line_color": "#1F78FF", "tags": ["tokyo", "track_centerline"]}}, {"type": "Feature", "bbox": [139.68788, 35.75865, 139.68964, 35.75916], "geometry": {"type": "LineString", "coordinates": [[139.68964, 35.75865], [139.68788, 35.75916]]}, "properties": {"id": "TRACK_TOKYO_3731", "line_name": "東上本線", "station_group_ids": [], "mode": "private", "operator_id": "tobu", "line_color": "#1F78FF", "tags": ["tokyo", "track_centerline"]}}, {"type": "Feature", "bbox": [139.64537, 35.76875, 139.66165, 35.7703], "geometry": {"type": "LineString", "coordinates": [[139.66165, 35.76875], [139.6613, 35.7688], [139.66094, 35.76884], [139.66004, 35.7689], [139.6594, 35.76894], [139.65857, 35.76899], [139.65789, 35.769], [139.65695, 35.76906], [139.65631, 35.76909], [139.65516, 35.76916], [139.65438, 35.76922], [139.65327, 35.7693], [139.65239, 35.76934], [139.65223, 35.76935], [139.65176, 35.76937], [139.65157, 35.76938], [139.65106, 35.76942], [139.65014, 35.76948], [139.64978, 35.76951], [139.64922, 35.76954], [139.64839, 35.76962], [139.64783, 35.7697], [139.6468, 35.76991], [139.64587, 35.77015], [139.64537, 35.7703]]}, "properties": {"id": "TRACK_TOKYO_3732", "line_name": "東上本線", "station_group_ids": [], "mode": "private", "operator_id": "tobu", "line_color": "#1F78FF", "tags": ["tokyo", "track_centerline"]}}, {"type": "Feature", "bbox": [139.62724, 35.7781, 139.63212, 35.78144], "geometry": {"type": "LineString", "coordinates": [[139.62724, 35.78144], [139.62791, 35.781], [139.62856, 35.78056], [139.6289, 35.78031], [139.62961, 35.77982], [139.63048, 35.77923], [139.63075, 35.77904], [139.631, 35.77887], [139.63212, 35.7781]]}, "properties": {"id": "TRACK_TOKYO_3733", "line_name": "東上本線", "station_group_ids": [], "mode": "private", "operator_id": "tobu", "line_color": "#1F78FF", "tags": ["tokyo", "track_centerline"]}}, {"type": "Feature", "bbox": [139.61391, 35.78144, 139.62724, 35.78793], "geometry": {"type": "LineString", "coordinates": [[139.61391, 35.78793], [139.61469, 35.78762], [139.61561, 35.78724], [139.61692, 35.7867], [139.61886, 35.78591], [139.61912, 35.78579], [139.6199, 35.78547], [139.62118, 35.78495], [139.62178, 35.78469], [139.62236, 35.78449], [139.62283, 35.78429], [139.62369, 35.78379], [139.62612, 35.78222], [139.62614, 35.78221], [139.62724, 35.78144]]}, "properties": {"id": "TRACK_TOKYO_3734", "line_name": "東上本線", "station_group_ids": [], "mode": "private", "operator_id": "tobu", "line_color": "#1F78FF", "tags": ["tokyo", "track_centerline"]}}, {"type": "Feature", "bbox": [139.68964, 35.75669, 139.69356, 35.75865], "geometry": {"type": "LineString", "coordinates": [[139.69356, 35.75669], [139.69286, 35.75706], [139.69259, 35.7572], [139.69255, 35.75723], [139.69203, 35.75748], [139.69167, 35.75766], [139.69162, 35.75769], [139.69133, 35.75782], [139.69058, 35.7582], [139.6899, 35.75851], [139.68964, 35.75865]]}, "properties": {"id": "TRACK_TOKYO_3735", "line_name": "東上本線", "station_group_ids": [], "mode": "private", "operator_id": "tobu", "line_color": "#1F78FF", "tags": ["tokyo", "track_centerline"]}}, {"type": "Feature", "bbox": [139.66343, 35.76393, 139.67549, 35.76855], "geometry": {"type": "LineString", "coordinates": [[139.67549, 35.76393], [139.67483, 35.76423], [139.67393, 35.76464], [139.67274, 35.76517], [139.67184, 35.76556], [139.67092, 35.76596], [139.66957, 35.76656], [139.66873, 35.7669], [139.66833, 35.76707], [139.66746, 35.76742], [139.66737, 35.76745], [139.66679, 35.76767], [139.66643, 35.7678], [139.66563, 35.76805], [139.66481, 35.76827], [139.66437, 35.76837], [139.66372, 35.76851], [139.66343, 35.76855]]}, "properties": {"id": "TRACK_TOKYO_3736", "line_name": "東上本線", "station_group_ids": [], "mode": "private", "operator_id": "tobu", "line_color": "#1F78FF", "tags": ["tokyo", "track_centerline"]}}, {"type": "Feature", "bbox": [139.71495, 35.74449, 139.71632, 35.74551], "geometry": {"type": "LineString", "coordinates": [[139.71495, 35.74551], [139.71543, 35.74527], [139.71576, 35.745], [139.71632, 35.74449]]}, "properties": {"id": "TRACK_TOKYO_3737", "line_name": "東上本線", "station_group_ids": [], "mode": "private", "operator_id": "tobu", "line_color": "#1F78FF", "tags": ["tokyo", "track_centerline"]}}, {"type": "Feature", "bbox": [139.66165, 35.76855, 139.66343, 35.76875], "geometry": {"type": "LineString", "coordinates": [[139.66343, 35.76855], [139.66165, 35.76875]]}, "properties": {"id": "TRACK_TOKYO_3738", "line_name": "東上本線", "station_group_ids": [], "mode": "private", "operator_id": "tobu", "line_color": "#1F78FF", "tags": ["tokyo", "track_centerline"]}}, {"type": "Feature", "bbox": [139.70308, 35.74551, 139.71495, 35.74809], "geometry": {"type": "LineString", "coordinates": [[139.70308, 35.74809], [139.70361, 35.74786], [139.70424, 35.74764], [139.70513, 35.74744], [139.70658, 35.74718], [139.70904, 35.74675], [139.70952, 35.74667], [139.71302, 35.74606], [139.7132, 35.74602], [139.71422, 35.74577], [139.71465, 35.74563], [139.71477, 35.74558], [139.71495, 35.74551]]}, "properties": {"id": "TRACK_TOKYO_3739", "line_name": "東上本線", "station_group_ids": [], "mode": "private", "operator_id": "tobu", "line_color": "#1F78FF", "tags": ["tokyo", "track_centerline"]}}, {"type": "Feature", "bbox": [139.71106, 35.73099, 139.71128, 35.73137], "geometry": {"type": "LineString", "coordinates": [[139.71128, 35.73137], [139.71106, 35.73099]]}, "properties": {"id": "TRACK_TOKYO_3740", "line_name": "東上本線", "station_group_ids": [], "mode": "private", "operator_id": "tobu", "line_color": "#1F78FF", "tags": ["tokyo", "track_centerline"]}}, {"type": "Feature", "bbox": [139.71603, 35.73963, 139.71676, 35.74104], "geometry": {"type": "LineString", "coordinates": [[139.71676, 35.74104], [139.71603, 35.73963]]}, "properties": {"id": "TRACK_TOKYO_3741", "line_name": "東上本線", "station_group_ids": [], "mode": "private", "operator_id": "tobu", "line_color": "#1F78FF", "tags": ["tokyo", "track_centerline"]}}, {"type": "Feature", "bbox": [139.71128, 35.73137, 139.71603, 35.73963], "geometry": {"type": "LineString", "coordinates": [[139.71603, 35.73963], [139.71597, 35.73952], [139.71526, 35.73813], [139.71428, 35.73611], [139.71341, 35.73441], [139.71303, 35.73388], [139.71224, 35.73284], [139.71171, 35.73208], [139.71128, 35.73137]]}, "properties": {"id": "TRACK_TOKYO_3742", "line_name": "東上本線", "station_group_ids": [], "mode": "private", "operator_id": "tobu", "line_color": "#1F78FF", "tags": ["tokyo", "track_centerline"]}}, {"type": "Feature", "bbox": [139.57381, 35.82263, 139.57459, 35.82312], "geometry": {"type": "LineString", "coordinates": [[139.57381, 35.82312], [139.57429, 35.82282], [139.57459, 35.82263]]}, "properties": {"id": "TRACK_TOKYO_3743", "line_name": "東上本線", "station_group_ids": [], "mode": "private", "operator_id": "tobu", "line_color": "#1F78FF", "tags": ["tokyo", "track_centerline"]}}, {"type": "Feature", "bbox": [139.56176, 35.8301, 139.56316, 35.83102], "geometry": {"type": "LineString", "coordinates": [[139.56176, 35.83102], [139.56316, 35.8301]]}, "properties": {"id": "TRACK_TOKYO_3744", "line_name": "東上本線", "station_group_ids": [], "mode": "private", "operator_id": "tobu", "line_color": "#1F78FF", "tags": ["tokyo", "track_centerline"]}}, {"type": "Feature", "bbox": [139.57601, 35.82133, 139.57658, 35.82171], "geometry": {"type": "LineString", "coordinates": [[139.57601, 35.82171], [139.57658, 35.82133]]}, "properties": {"id": "TRACK_TOKYO_3748", "line_name": "東上本線", "station_group_ids": [], "mode": "private", "operator_id": "tobu", "line_color": "#1F78FF", "tags": ["tokyo", "track_centerline"]}}, {"type": "Feature", "bbox": [139.56316, 35.82312, 139.57381, 35.8301], "geometry": {"type": "LineString", "coordinates": [[139.56316, 35.8301], [139.56409, 35.82949], [139.56452, 35.82921], [139.56518, 35.82878], [139.56546, 35.82859], [139.56619, 35.82813], [139.56656, 35.82787], [139.56726, 35.82741], [139.56872, 35.82646], [139.56951, 35.82594], [139.57052, 35.82528], [139.57159, 35.82458], [139.57282, 35.82378], [139.57328, 35.82348], [139.57381, 35.82312]]}, "properties": {"id": "TRACK_TOKYO_3750", "line_name": "東上本線", "station_group_ids": [], "mode": "private", "operator_id": "tobu", "line_color": "#1F78FF", "tags": ["tokyo", "track_centerline"]}}, {"type": "Feature", "bbox": [139.57459, 35.82171, 139.57601, 35.82263], "geometry": {"type": "LineString", "coordinates": [[139.57459, 35.82263], [139.57601, 35.82171]]}, "properties": {"id": "TRACK_TOKYO_3754", "line_name": "東上本線", "station_group_ids": [], "mode": "private", "operator_id": "tobu", "line_color": "#1F78FF", "tags": ["tokyo", "track_centerline"]}}, {"type": "Feature", "bbox": [139.60054, 35.78877, 139.61182, 35.79596], "geometry": {"type": "LineString", "coordinates": [[139.60054, 35.79596], [139.60098, 35.79465], [139.60145, 35.79387], [139.60212, 35.79315], [139.60289, 35.79257], [139.6038, 35.79207], [139.60411, 35.79194], [139.6046, 35.79173], [139.60638, 35.791], [139.60796, 35.79035], [139.60874, 35.79003], [139.60941, 35.78975], [139.61074, 35.7892], [139.61182, 35.78877]]}, "properties": {"id": "TRACK_TOKYO_3755", "line_name": "東上本線", "station_group_ids": [], "mode": "private", "operator_id": "tobu", "line_color": "#1F78FF", "tags": ["tokyo", "track_centerline"]}}, {"type": "Feature", "bbox": [139.57381, 35.82133, 139.57658, 35.82312], "geometry": {"type": "LineString", "coordinates": [[139.57381, 35.82312], [139.57412, 35.8228], [139.57417, 35.82275], [139.57454, 35.82241], [139.57529, 35.82193], [139.57581, 35.82163], [139.57614, 35.82147], [139.57658, 35.82133]]}, "properties": {"id": "TRACK_TOKYO_3756", "line_name": "東上本線", "station_group_ids": [], "mode": "private", "operator_id": "tobu", "line_color": "#1F78FF", "tags": ["tokyo", "track_centerline"]}}, {"type": "Feature", "bbox": [139.58796, 35.79757, 139.60006, 35.8139], "geometry": {"type": "LineString", "coordinates": [[139.58796, 35.8139], [139.58842, 35.81358], [139.58897, 35.8132], [139.58927, 35.81301], [139.58963, 35.81278], [139.59019, 35.8124], [139.59116, 35.81176], [139.59155, 35.8115], [139.59244, 35.8109], [139.59328, 35.81028], [139.59382, 35.80982], [139.594, 35.80968], [139.59479, 35.80893], [139.5951, 35.80861], [139.59558, 35.8081], [139.59606, 35.80752], [139.59655, 35.80688], [139.59711, 35.80596], [139.59743, 35.80536], [139.59785, 35.80447], [139.59816, 35.8037], [139.59841, 35.8029], [139.5986, 35.80226], [139.59897, 35.80108], [139.59932, 35.79996], [139.5996, 35.7991], [139.60006, 35.79757]]}, "properties": {"id": "TRACK_TOKYO_3757", "line_name": "東上本線", "station_group_ids": [], "mode": "private", "operator_id": "tobu", "line_color": "#1F78FF", "tags": ["tokyo", "track_centerline"]}}, {"type": "Feature", "bbox": [139.58664, 35.8139, 139.58796, 35.81479], "geometry": {"type": "LineString", "coordinates": [[139.58664, 35.81479], [139.58796, 35.8139]]}, "properties": {"id": "TRACK_TOKYO_3760", "line_name": "東上本線", "station_group_ids": [], "mode": "private", "operator_id": "tobu", "line_color": "#1F78FF", "tags": ["tokyo", "track_centerline"]}}, {"type": "Feature", "bbox": [139.60006, 35.79596, 139.60054, 35.79757], "geometry": {"type": "LineString", "coordinates": [[139.60006, 35.79757], [139.60054, 35.79596]]}, "properties": {"id": "TRACK_TOKYO_3761", "line_name": "東上本線", "station_group_ids": [], "mode": "private", "operator_id": "tobu", "line_color": "#1F78FF", "tags": ["tokyo", "track_centerline"]}}, {"type": "Feature", "bbox": [139.57658, 35.81479, 139.58664, 35.82133], "geometry": {"type": "LineString", "coordinates": [[139.57658, 35.82133], [139.5769, 35.82113], [139.577, 35.82106], [139.57741, 35.82078], [139.57798, 35.82041], [139.57838, 35.82015], [139.57945, 35.81945], [139.58127, 35.81826], [139.58219, 35.81766], [139.58332, 35.81692], [139.58379, 35.81662], [139.58489, 35.8159], [139.58555, 35.81545], [139.58602, 35.81515], [139.58631, 35.81499], [139.58664, 35.81479]]}, "properties": {"id": "TRACK_TOKYO_3765", "line_name": "東上本線", "station_group_ids": [], "mode": "private", "operator_id": "tobu", "line_color": "#1F78FF", "tags": ["tokyo", "track_centerline"]}}, {"type": "Feature", "bbox": [139.61182, 35.78793, 139.61391, 35.78877], "geometry": {"type": "LineString", "coordinates": [[139.61182, 35.78877], [139.61391, 35.78793]]}, "properties": {"id": "TRACK_TOKYO_3767", "line_name": "東上本線", "station_group_ids": [], "mode": "private", "operator_id": "tobu", "line_color": "#1F78FF", "tags": ["tokyo", "track_centerline"]}}, {"type": "Feature", "bbox": [139.62403, 35.9074, 139.62447, 35.9081], "geometry": {"type": "LineString", "coordinates": [[139.62447, 35.9074], [139.62403, 35.9081]]}, "properties": {"id": "TRACK_TOKYO_3875", "line_name": "野田線", "station_group_ids": [], "mode": "private", "operator_id": "tobu", "line_color": "#1F78FF", "tags": ["tokyo", "track_centerline"]}}, {"type": "Feature", "bbox": [139.65038, 35.92923, 139.65165, 35.92947], "geometry": {"type": "LineString", "coordinates": [[139.65165, 35.92947], [139.65038, 35.92923]]}, "properties": {"id": "TRACK_TOKYO_3876", "line_name": "野田線", "station_group_ids": [], "mode": "private", "operator_id": "tobu", "line_color": "#1F78FF", "tags": ["tokyo", "track_centerline"]}}, {"type": "Feature", "bbox": [139.63376, 35.92404, 139.65038, 35.92923], "geometry": {"type": "LineString", "coordinates": [[139.65038, 35.92923], [139.6483, 35.9288], [139.64727, 35.9286], [139.64716, 35.92858], [139.6466, 35.92846], [139.64624, 35.92838], [139.64545, 35.92825], [139.6448, 35.92813], [139.64419, 35.92802], [139.64414, 35.92802], [139.64359, 35.92791], [139.64316, 35.92781], [139.64276, 35.92769], [139.64241, 35.92759], [139.64189, 35.92741], [139.64174, 35.92734], [139.64138, 35.92721], [139.64118, 35.92711], [139.64086, 35.92696], [139.64059, 35.92683], [139.6401, 35.9266], [139.63939, 35.92628], [139.63828, 35.92577], [139.63802, 35.92565], [139.63781, 35.92554], [139.63734, 35.92532], [139.63709, 35.92522], [139.63639, 35.9249], [139.63612, 35.92477], [139.63583, 35.92463], [139.6356, 35.92455], [139.63533, 35.92446], [139.63506, 35.92436], [139.63488, 35.92431], [139.63413, 35.92413], [139.63376, 35.92404]]}, "properties": {"id": "TRACK_TOKYO_3877", "line_name": "野田線", "station_group_ids": [], "mode": "private", "operator_id": "tobu", "line_color": "#1F78FF", "tags": ["tokyo", "track_centerline"]}}, {"type": "Feature", "bbox": [139.62259, 35.9081, 139.6245, 35.9174], "geometry": {"type": "LineString", "coordinates": [[139.62403, 35.9081], [139.62375, 35.90867], [139.62331, 35.90974], [139.62301, 35.91055], [139.62276, 35.91152], [139.62267, 35.912], [139.62262, 35.91232], [139.62259, 35.91291], [139.6226, 35.91331], [139.62265, 35.91364], [139.62271, 35.91387], [139.62276, 35.91404], [139.62301, 35.91465], [139.62338, 35.91543], [139.62385, 35.91633], [139.62398, 35.91656], [139.62413, 35.91682], [139.62429, 35.91712], [139.62446, 35.9174], [139.6245, 35.91739]]}, "properties": {"id": "TRACK_TOKYO_3878", "line_name": "野田線", "station_group_ids": [], "mode": "private", "operator_id": "tobu", "line_color": "#1F78FF", "tags": ["tokyo", "track_centerline"]}}, {"type": "Feature", "bbox": [139.62507, 35.91849, 139.6324, 35.92372], "geometry": {"type": "LineString", "coordinates": [[139.62511, 35.91849], [139.62507, 35.9185], [139.62578, 35.91987], [139.62623, 35.92047], [139.62667, 35.92104], [139.62695, 35.92134], [139.62723, 35.92161], [139.62724, 35.92163], [139.62745, 35.92181], [139.62764, 35.92195], [139.62766, 35.92197], [139.62798, 35.92221], [139.62841, 35.92247], [139.62882, 35.92267], [139.6291, 35.92279], [139.62934, 35.9229], [139.62962, 35.92299], [139.62986, 35.92307], [139.62992, 35.92309], [139.63035, 35.92323], [139.63056, 35.92328], [139.63078, 35.92333], [139.63082, 35.92334], [139.63096, 35.92338], [139.63125, 35.92345], [139.63139, 35.92348], [139.63152, 35.92351], [139.63165, 35.92354], [139.63195, 35.92361], [139.6324, 35.92372]]}, "properties": {"id": "TRACK_TOKYO_3879", "line_name": "野田線", "station_group_ids": [], "mode": "private", "operator_id": "tobu", "line_color": "#1F78FF", "tags": ["tokyo", "track_centerline"]}}, {"type": "Feature", "bbox": [139.6245, 35.91739, 139.62511, 35.91849], "geometry": {"type": "LineString", "coordinates": [[139.6245, 35.91739], [139.62511, 35.91849]]}, "properties": {"id": "TRACK_TOKYO_3880", "line_name": "野田線", "station_group_ids": [], "mode": "private", "operator_id": "tobu", "line_color": "#1F78FF", "tags": ["tokyo", "track_centerline"]}}, {"type": "Feature", "bbox": [139.65165, 35.92947, 139.66545, 35.9361], "geometry": {"type": "LineString", "coordinates": [[139.66545, 35.9361], [139.66446, 35.93543], [139.6634, 35.93468], [139.663, 35.93441], [139.66291, 35.93434], [139.66259, 35.93411], [139.66222, 35.93387], [139.66218, 35.93384], [139.66176, 35.93354], [139.66142, 35.93331], [139.66136, 35.93326], [139.65951, 35.93198], [139.65885, 35.93152], [139.65877, 35.93146], [139.65871, 35.93144], [139.65868, 35.9314], [139.6584, 35.93124], [139.65816, 35.93111], [139.65804, 35.93104], [139.65789, 35.93096], [139.65772, 35.93089], [139.65735, 35.93075], [139.65669, 35.93054], [139.65619, 35.93041], [139.65543, 35.93024], [139.65347, 35.92984], [139.65325, 35.9298], [139.65307, 35.92976], [139.65269, 35.92969], [139.65255, 35.92966], [139.65234, 35.92961], [139.65214, 35.92957], [139.65165, 35.92947]]}, "properties": {"id": "TRACK_TOKYO_3881", "line_name": "野田線", "station_group_ids": [], "mode": "private", "operator_id": "tobu", "line_color": "#1F78FF", "tags": ["tokyo", "track_centerline"]}}, {"type": "Feature", "bbox": [139.6324, 35.92372, 139.63376, 35.92404], "geometry": {"type": "LineString", "coordinates": [[139.63376, 35.92404], [139.6324, 35.92372]]}, "properties": {"id": "TRACK_TOKYO_3882", "line_name": "野田線", "station_group_ids": [], "mode": "private", "operator_id": "tobu", "line_color": "#1F78FF", "tags": ["tokyo", "track_centerline"]}}, {"type": "Feature", "bbox": [139.81335, 35.70668, 139.81415, 35.71026], "geometry": {"type": "LineString", "coordinates": [[139.81415, 35.70668], [139.81395, 35.70753], [139.81374, 35.70843], [139.81359, 35.70908], [139.81336, 35.71012], [139.81335, 35.71026]]}, "properties": {"id": "TRACK_TOKYO_3949", "line_name": "伊勢崎線", "station_group_ids": [], "mode": "private", "operator_id": "tobu", "line_color": "#1F78FF", "tags": ["tokyo", "track_centerline"]}}, {"type": "Feature", "bbox": [139.70933, 35.70892, 139.71385, 35.71901], "geometry": {"type": "LineString", "coordinates": [[139.71385, 35.71901], [139.71126, 35.7141], [139.71041, 35.71266], [139.70933, 35.70892]]}, "properties": {"id": "TRACK_TOKYO_3965", "line_name": "13号線副都心線", "station_group_ids": [], "mode": "urban", "operator_id": "tokyo_metro", "line_color": "#BB641D", "tags": ["tokyo", "track_centerline"]}}, {"type": "Feature", "bbox": [139.76997, 35.74864, 139.77017, 35.75438], "geometry": {"type": "LineString", "coordinates": [[139.76997, 35.74864], [139.77001, 35.74902], [139.77001, 35.75317], [139.77017, 35.75438]]}, "properties": {"id": "TRACK_TOKYO_3966", "line_name": "日暮里・舎人ライナー", "station_group_ids": [], "mode": "urban", "operator_id": "東京都", "line_color": "#E86F2D", "tags": ["tokyo", "track_centerline"]}}, {"type": "Feature", "bbox": [139.70292, 35.68731, 139.70673, 35.6939], "geometry": {"type": "LineString", "coordinates": [[139.70673, 35.6939], [139.70556, 35.6919], [139.70464, 35.6904], [139.70292, 35.68791], [139.70308, 35.68731]]}, "properties": {"id": "TRACK_TOKYO_3970", "line_name": "13号線副都心線", "station_group_ids": [], "mode": "urban", "operator_id": "tokyo_metro", "line_color": "#BB641D", "tags": ["tokyo", "track_centerline"]}}, {"type": "Feature", "bbox": [139.70673, 35.6939, 139.70745, 35.69779], "geometry": {"type": "LineString", "coordinates": [[139.70745, 35.69779], [139.70687, 35.69484], [139.70673, 35.6939]]}, "properties": {"id": "TRACK_TOKYO_3971", "line_name": "13号線副都心線", "station_group_ids": [], "mode": "urban", "operator_id": "tokyo_metro", "line_color": "#BB641D", "tags": ["tokyo", "track_centerline"]}}, {"type": "Feature", "bbox": [139.70745, 35.69779, 139.70823, 35.70187], "geometry": {"type": "LineString", "coordinates": [[139.70823, 35.70187], [139.70801, 35.70066], [139.70745, 35.69779]]}, "properties": {"id": "TRACK_TOKYO_3972", "line_name": "13号線副都心線", "station_group_ids": [], "mode": "urban", "operator_id": "tokyo_metro", "line_color": "#BB641D", "tags": ["tokyo", "track_centerline"]}}, {"type": "Feature", "bbox": [139.70308, 35.67947, 139.70473, 35.68731], "geometry": {"type": "LineString", "coordinates": [[139.70308, 35.68731], [139.70381, 35.68463], [139.70411, 35.68416], [139.7046, 35.6836], [139.70464, 35.68313], [139.70458, 35.68001], [139.70473, 35.67947]]}, "properties": {"id": "TRACK_TOKYO_3973", "line_name": "13号線副都心線", "station_group_ids": [], "mode": "urban", "operator_id": "tokyo_metro", "line_color": "#BB641D", "tags": ["tokyo", "track_centerline"]}}, {"type": "Feature", "bbox": [139.70473, 35.6775, 139.70614, 35.67947], "geometry": {"type": "LineString", "coordinates": [[139.70473, 35.67947], [139.70606, 35.67774], [139.70614, 35.6775]]}, "properties": {"id": "TRACK_TOKYO_3974", "line_name": "13号線副都心線", "station_group_ids": [], "mode": "urban", "operator_id": "tokyo_metro", "line_color": "#BB641D", "tags": ["tokyo", "track_centerline"]}}, {"type": "Feature", "bbox": [139.70588, 35.66907, 139.70821, 35.6775], "geometry": {"type": "LineString", "coordinates": [[139.70614, 35.6775], [139.70624, 35.67723], [139.70675, 35.67516], [139.70774, 35.67355], [139.70812, 35.67272], [139.70821, 35.67231], [139.70814, 35.672], [139.70669, 35.67014], [139.70588, 35.66907]]}, "properties": {"id": "TRACK_TOKYO_3975", "line_name": "13号線副都心線", "station_group_ids": [], "mode": "urban", "operator_id": "tokyo_metro", "line_color": "#BB641D", "tags": ["tokyo", "track_centerline"]}}, {"type": "Feature", "bbox": [139.70897, 35.70668, 139.70933, 35.70892], "geometry": {"type": "LineString", "coordinates": [[139.70933, 35.70892], [139.70918, 35.70838], [139.70897, 35.70668]]}, "properties": {"id": "TRACK_TOKYO_3976", "line_name": "13号線副都心線", "station_group_ids": [], "mode": "urban", "operator_id": "tokyo_metro", "line_color": "#BB641D", "tags": ["tokyo", "track_centerline"]}}, {"type": "Feature", "bbox": [139.70823, 35.70187, 139.70897, 35.70668], "geometry": {"type": "LineString", "coordinates": [[139.70897, 35.70668], [139.70864, 35.70407], [139.70823, 35.70187]]}, "properties": {"id": "TRACK_TOKYO_3977", "line_name": "13号線副都心線", "station_group_ids": [], "mode": "urban", "operator_id": "tokyo_metro", "line_color": "#BB641D", "tags": ["tokyo", "track_centerline"]}}, {"type": "Feature", "bbox": [139.70889, 35.72139, 139.71735, 35.73118], "geometry": {"type": "LineString", "coordinates": [[139.70889, 35.73118], [139.710009, 35.73066075], [139.71213267, 35.72993621], [139.71387, 35.72911], [139.71616, 35.72768], [139.71681, 35.72727], [139.71705, 35.72703], [139.71723, 35.72662], [139.71735, 35.72557], [139.71735, 35.72395], [139.71719, 35.72359], [139.71558, 35.72139]]}, "properties": {"id": "TRACK_TOKYO_3978", "line_name": "13号線副都心線", "station_group_ids": [], "mode": "urban", "operator_id": "tokyo_metro", "line_color": "#BB641D", "tags": ["tokyo", "track_centerline"]}}, {"type": "Feature", "bbox": [139.71385, 35.71901, 139.71558, 35.72139], "geometry": {"type": "LineString", "coordinates": [[139.71558, 35.72139], [139.71385, 35.71901]]}, "properties": {"id": "TRACK_TOKYO_3979", "line_name": "13号線副都心線", "station_group_ids": [], "mode": "urban", "operator_id": "tokyo_metro", "line_color": "#BB641D", "tags": ["tokyo", "track_centerline"]}}, {"type": "Feature", "bbox": [139.77068, 35.81442, 139.77072, 35.81479], "geometry": {"type": "LineString", "coordinates": [[139.77068, 35.81442], [139.77072, 35.81479]]}, "properties": {"id": "TRACK_TOKYO_3980", "line_name": "日暮里・舎人ライナー", "station_group_ids": [], "mode": "urban", "operator_id": "東京都", "line_color": "#E86F2D", "tags": ["tokyo", "track_centerline"]}}, {"type": "Feature", "bbox": [139.77007, 35.80594, 139.77068, 35.81442], "geometry": {"type": "LineString", "coordinates": [[139.77013, 35.80594], [139.7701, 35.80815], [139.77007, 35.81128], [139.77041, 35.81267], [139.77061, 35.81376], [139.77068, 35.81442]]}, "properties": {"id": "TRACK_TOKYO_3981", "line_name": "日暮里・舎人ライナー", "station_group_ids": [], "mode": "urban", "operator_id": "東京都", "line_color": "#E86F2D", "tags": ["tokyo", "track_centerline"]}}, {"type": "Feature", "bbox": [139.77013, 35.8055, 139.77014, 35.80594], "geometry": {"type": "LineString", "coordinates": [[139.77014, 35.8055], [139.77013, 35.80594]]}, "properties": {"id": "TRACK_TOKYO_3982", "line_name": "日暮里・舎人ライナー", "station_group_ids": [], "mode": "urban", "operator_id": "東京都", "line_color": "#E86F2D", "tags": ["tokyo", "track_centerline"]}}, {"type": "Feature", "bbox": [139.77012, 35.79712, 139.77019, 35.8055], "geometry": {"type": "LineString", "coordinates": [[139.77012, 35.79712], [139.77019, 35.80201], [139.77014, 35.8055]]}, "properties": {"id": "TRACK_TOKYO_3983", "line_name": "日暮里・舎人ライナー", "station_group_ids": [], "mode": "urban", "operator_id": "東京都", "line_color": "#E86F2D", "tags": ["tokyo", "track_centerline"]}}, {"type": "Feature", "bbox": [139.77014, 35.78083, 139.77014, 35.78149], "geometry": {"type": "LineString", "coordinates": [[139.77014, 35.78083], [139.77014, 35.78149]]}, "properties": {"id": "TRACK_TOKYO_3984", "line_name": "日暮里・舎人ライナー", "station_group_ids": [], "mode": "urban", "operator_id": "東京都", "line_color": "#E86F2D", "tags": ["tokyo", "track_centerline"]}}, {"type": "Feature", "bbox": [139.77014, 35.77419, 139.77032, 35.78083], "geometry": {"type": "LineString", "coordinates": [[139.77032, 35.77419], [139.77016, 35.77666], [139.77016, 35.77872], [139.77014, 35.78083]]}, "properties": {"id": "TRACK_TOKYO_3985", "line_name": "日暮里・舎人ライナー", "station_group_ids": [], "mode": "urban", "operator_id": "東京都", "line_color": "#E86F2D", "tags": ["tokyo", "track_centerline"]}}, {"type": "Feature", "bbox": [139.77032, 35.77338, 139.77037, 35.77419], "geometry": {"type": "LineString", "coordinates": [[139.77037, 35.77338], [139.77032, 35.77419]]}, "properties": {"id": "TRACK_TOKYO_3986", "line_name": "日暮里・舎人ライナー", "station_group_ids": [], "mode": "urban", "operator_id": "東京都", "line_color": "#E86F2D", "tags": ["tokyo", "track_centerline"]}}, {"type": "Feature", "bbox": [139.77037, 35.76867, 139.77069, 35.77338], "geometry": {"type": "LineString", "coordinates": [[139.77069, 35.76867], [139.77039, 35.77309], [139.77037, 35.77338]]}, "properties": {"id": "TRACK_TOKYO_3987", "line_name": "日暮里・舎人ライナー", "station_group_ids": [], "mode": "urban", "operator_id": "東京都", "line_color": "#E86F2D", "tags": ["tokyo", "track_centerline"]}}, {"type": "Feature", "bbox": [139.77069, 35.76784, 139.77075, 35.76867], "geometry": {"type": "LineString", "coordinates": [[139.77075, 35.76784], [139.77069, 35.76867]]}, "properties": {"id": "TRACK_TOKYO_3988", "line_name": "日暮里・舎人ライナー", "station_group_ids": [], "mode": "urban", "operator_id": "東京都", "line_color": "#E86F2D", "tags": ["tokyo", "track_centerline"]}}, {"type": "Feature", "bbox": [139.77017, 35.75438, 139.77024, 35.75489], "geometry": {"type": "LineString", "coordinates": [[139.77017, 35.75438], [139.77024, 35.75489]]}, "properties": {"id": "TRACK_TOKYO_3989", "line_name": "日暮里・舎人ライナー", "station_group_ids": [], "mode": "urban", "operator_id": "東京都", "line_color": "#E86F2D", "tags": ["tokyo", "track_centerline"]}}, {"type": "Feature", "bbox": [139.7701, 35.78893, 139.77012, 35.79621], "geometry": {"type": "LineString", "coordinates": [[139.7701, 35.78893], [139.77012, 35.79621]]}, "properties": {"id": "TRACK_TOKYO_3990", "line_name": "日暮里・舎人ライナー", "station_group_ids": [], "mode": "urban", "operator_id": "東京都", "line_color": "#E86F2D", "tags": ["tokyo", "track_centerline"]}}, {"type": "Feature", "bbox": [139.7701, 35.78843, 139.7701, 35.78893], "geometry": {"type": "LineString", "coordinates": [[139.7701, 35.78843], [139.7701, 35.78893]]}, "properties": {"id": "TRACK_TOKYO_3991", "line_name": "日暮里・舎人ライナー", "station_group_ids": [], "mode": "urban", "operator_id": "東京都", "line_color": "#E86F2D", "tags": ["tokyo", "track_centerline"]}}, {"type": "Feature", "bbox": [139.7701, 35.78149, 139.77014, 35.78843], "geometry": {"type": "LineString", "coordinates": [[139.77014, 35.78149], [139.7701, 35.78584], [139.7701, 35.78843]]}, "properties": {"id": "TRACK_TOKYO_3992", "line_name": "日暮里・舎人ライナー", "station_group_ids": [], "mode": "urban", "operator_id": "東京都", "line_color": "#E86F2D", "tags": ["tokyo", "track_centerline"]}}, {"type": "Feature", "bbox": [139.77075, 35.76452, 139.77084, 35.76784], "geometry": {"type": "LineString", "coordinates": [[139.77084, 35.76452], [139.77075, 35.76784]]}, "properties": {"id": "TRACK_TOKYO_3993", "line_name": "日暮里・舎人ライナー", "station_group_ids": [], "mode": "urban", "operator_id": "東京都", "line_color": "#E86F2D", "tags": ["tokyo", "track_centerline"]}}, {"type": "Feature", "bbox": [139.77084, 35.76375, 139.77086, 35.76452], "geometry": {"type": "LineString", "coordinates": [[139.77086, 35.76375], [139.77084, 35.76452]]}, "properties": {"id": "TRACK_TOKYO_3994", "line_name": "日暮里・舎人ライナー", "station_group_ids": [], "mode": "urban", "operator_id": "東京都", "line_color": "#E86F2D", "tags": ["tokyo", "track_centerline"]}}, {"type": "Feature", "bbox": [139.77024, 35.75489, 139.77104, 35.76375], "geometry": {"type": "LineString", "coordinates": [[139.77024, 35.75489], [139.77061, 35.75766], [139.7709, 35.75966], [139.77099, 35.76022], [139.77104, 35.76243], [139.77092, 35.76283], [139.77086, 35.76375]]}, "properties": {"id": "TRACK_TOKYO_3995", "line_name": "日暮里・舎人ライナー", "station_group_ids": [], "mode": "urban", "operator_id": "東京都", "line_color": "#E86F2D", "tags": ["tokyo", "track_centerline"]}}, {"type": "Feature", "bbox": [139.76809, 35.73327, 139.76817, 35.7341], "geometry": {"type": "LineString", "coordinates": [[139.76809, 35.73327], [139.76817, 35.7341]]}, "properties": {"id": "TRACK_TOKYO_3996", "line_name": "日暮里・舎人ライナー", "station_group_ids": [], "mode": "urban", "operator_id": "東京都", "line_color": "#E86F2D", "tags": ["tokyo", "track_centerline"]}}, {"type": "Feature", "bbox": [139.7691, 35.74275, 139.76916, 35.74337], "geometry": {"type": "LineString", "coordinates": [[139.7691, 35.74275], [139.76916, 35.74337]]}, "properties": {"id": "TRACK_TOKYO_3997", "line_name": "日暮里・舎人ライナー", "station_group_ids": [], "mode": "urban", "operator_id": "東京都", "line_color": "#E86F2D", "tags": ["tokyo", "track_centerline"]}}, {"type": "Feature", "bbox": [139.76817, 35.7341, 139.7691, 35.74275], "geometry": {"type": "LineString", "coordinates": [[139.76817, 35.7341], [139.76835, 35.73584], [139.76858, 35.73771], [139.76876, 35.73903], [139.7688, 35.73972], [139.7691, 35.74275]]}, "properties": {"id": "TRACK_TOKYO_3998", "line_name": "日暮里・舎人ライナー", "station_group_ids": [], "mode": "urban", "operator_id": "東京都", "line_color": "#E86F2D", "tags": ["tokyo", "track_centerline"]}}, {"type": "Feature", "bbox": [139.76988, 35.74785, 139.76997, 35.74864], "geometry": {"type": "LineString", "coordinates": [[139.76988, 35.74785], [139.76997, 35.74864]]}, "properties": {"id": "TRACK_TOKYO_3999", "line_name": "日暮里・舎人ライナー", "station_group_ids": [], "mode": "urban", "operator_id": "東京都", "line_color": "#E86F2D", "tags": ["tokyo", "track_centerline"]}}, {"type": "Feature", "bbox": [139.76916, 35.74337, 139.76988, 35.74785], "geometry": {"type": "LineString", "coordinates": [[139.76916, 35.74337], [139.76936, 35.74542], [139.76983, 35.74741], [139.76988, 35.74785]]}, "properties": {"id": "TRACK_TOKYO_4000", "line_name": "日暮里・舎人ライナー", "station_group_ids": [], "mode": "urban", "operator_id": "東京都", "line_color": "#E86F2D", "tags": ["tokyo", "track_centerline"]}}, {"type": "Feature", "bbox": [139.77086, 35.72854, 139.77146, 35.72905], "geometry": {"type": "LineString", "coordinates": [[139.77086, 35.72854], [139.77146, 35.72905]]}, "properties": {"id": "TRACK_TOKYO_4001", "line_name": "日暮里・舎人ライナー", "station_group_ids": [], "mode": "urban", "operator_id": "東京都", "line_color": "#E86F2D", "tags": ["tokyo", "track_centerline"]}}, {"type": "Feature", "bbox": [139.76809, 35.72905, 139.77195, 35.73327], "geometry": {"type": "LineString", "coordinates": [[139.77146, 35.72905], [139.77184, 35.72938], [139.77195, 35.72951], [139.77193, 35.72969], [139.77052, 35.73092], [139.76974, 35.73155], [139.76824, 35.73269], [139.76809, 35.73289], [139.76809, 35.73327]]}, "properties": {"id": "TRACK_TOKYO_4002", "line_name": "日暮里・舎人ライナー", "station_group_ids": [], "mode": "urban", "operator_id": "東京都", "line_color": "#E86F2D", "tags": ["tokyo", "track_centerline"]}}, {"type": "Feature", "bbox": [139.56559, 35.91719, 139.57845, 35.9218], "geometry": {"type": "LineString", "coordinates": [[139.56559, 35.91719], [139.56788, 35.91798], [139.56937, 35.91851], [139.57206, 35.91947], [139.57308, 35.91987], [139.57467, 35.92044], [139.57845, 35.9218]]}, "properties": {"id": "TRACK_TOKYO_4005", "line_name": "川越線", "station_group_ids": [], "mode": "rail", "operator_id": "jr_east", "line_color": "#0099CC", "tags": ["tokyo", "track_centerline"]}}, {"type": "Feature", "bbox": [139.57845, 35.9218, 139.57935, 35.92212], "geometry": {"type": "LineString", "coordinates": [[139.57845, 35.9218], [139.5791, 35.92203], [139.57935, 35.92212]]}, "properties": {"id": "TRACK_TOKYO_4006", "line_name": "川越線", "station_group_ids": [], "mode": "rail", "operator_id": "jr_east", "line_color": "#0099CC", "tags": ["tokyo", "track_centerline"]}}, {"type": "Feature", "bbox": [139.82125, 35.87607, 139.82327, 35.87614], "geometry": {"type": "LineString", "coordinates": [[139.82125, 35.87607], [139.82267, 35.87612], [139.82293, 35.87613], [139.82327, 35.87614]]}, "properties": {"id": "TRACK_TOKYO_4007", "line_name": "武蔵野線", "station_group_ids": [], "mode": "rail", "operator_id": "jr_east", "line_color": "#FF6F00", "tags": ["tokyo", "track_centerline"]}}, {"type": "Feature", "bbox": [139.82327, 35.87614, 139.8425, 35.87672], "geometry": {"type": "LineString", "coordinates": [[139.82327, 35.87614], [139.82617, 35.87624], [139.82638, 35.87625], [139.82813, 35.8763], [139.82898, 35.87633], [139.82995, 35.87635], [139.83053, 35.87637], [139.83061, 35.87637], [139.83102, 35.87638], [139.83136, 35.87639], [139.833, 35.87645], [139.83313, 35.87646], [139.83388, 35.87648], [139.83396, 35.87648], [139.83423, 35.8765], [139.83634, 35.87656], [139.83679, 35.87656], [139.837, 35.87658], [139.83721, 35.87659], [139.83745, 35.8766], [139.83781, 35.87661], [139.83807, 35.87662], [139.83908, 35.87665], [139.83982, 35.87666], [139.84, 35.87667], [139.84017, 35.87667], [139.84046, 35.87667], [139.84142, 35.8767], [139.84148, 35.87671], [139.84207, 35.87672], [139.8425, 35.87672]]}, "properties": {"id": "TRACK_TOKYO_4008", "line_name": "武蔵野線", "station_group_ids": [], "mode": "rail", "operator_id": "jr_east", "line_color": "#FF6F00", "tags": ["tokyo", "track_centerline"]}}, {"type": "Feature", "bbox": [139.77012, 35.79621, 139.77012, 35.79712], "geometry": {"type": "LineString", "coordinates": [[139.77012, 35.79621], [139.77012, 35.79712]]}, "properties": {"id": "TRACK_TOKYO_4009", "line_name": "日暮里・舎人ライナー", "station_group_ids": [], "mode": "urban", "operator_id": "東京都", "line_color": "#E86F2D", "tags": ["tokyo", "track_centerline"]}}, {"type": "Feature", "bbox": [139.84397, 35.868607, 139.857455, 35.87653], "geometry": {"type": "LineString", "coordinates": [[139.84397, 35.87653], [139.84405, 35.87652], [139.84458, 35.87638], [139.84488, 35.87631], [139.84562, 35.8761], [139.84582, 35.87603], [139.84616, 35.87592], [139.84677, 35.87568], [139.84738, 35.87537], [139.84817, 35.87492], [139.8497, 35.874], [139.85373, 35.87137], [139.85417, 35.87109], [139.85443, 35.87091], [139.85471, 35.8707], [139.85596, 35.86977], [139.857455, 35.868607]]}, "properties": {"id": "TRACK_TOKYO_4057", "line_name": "武蔵野線", "station_group_ids": [], "mode": "rail", "operator_id": "jr_east", "line_color": "#FF6F00", "tags": ["tokyo", "track_centerline"]}}, {"type": "Feature", "bbox": [139.6068, 35.90806, 139.62235, 35.93243], "geometry": {"type": "LineString", "coordinates": [[139.62235, 35.90806], [139.62234989, 35.90861179], [139.62202385, 35.90966894], [139.62158168, 35.91104591], [139.62108958, 35.9125093], [139.62065458, 35.91393088], [139.62033972, 35.91489401], [139.62015442, 35.9154201], [139.61991263, 35.91625397], [139.6196016, 35.91748958], [139.61928012, 35.91881854], [139.61896758, 35.92000225], [139.61874714, 35.92071913], [139.61762189, 35.92381465], [139.61717718, 35.92493748], [139.61669812, 35.92611631], [139.61594303, 35.9284976], [139.61516145, 35.92984498], [139.61474846, 35.93045014], [139.61431458, 35.93095063], [139.61383, 35.9314], [139.61339, 35.93161], [139.61301, 35.93179], [139.61264, 35.93196], [139.61246, 35.93204], [139.61212, 35.93215], [139.6116, 35.93228], [139.61129, 35.93234], [139.61093, 35.93238], [139.6104, 35.93243], [139.60997, 35.93243], [139.6097, 35.93243], [139.60936, 35.93242], [139.60887, 35.93236], [139.60862, 35.93232], [139.60814, 35.93221], [139.60781, 35.9321], [139.6068, 35.93178]]}, "properties": {"id": "TRACK_TOKYO_4063", "line_name": "川越線", "station_group_ids": [], "mode": "rail", "operator_id": "jr_east", "line_color": "#0099CC", "tags": ["tokyo", "track_centerline"]}}, {"type": "Feature", "bbox": [139.79793, 35.71157, 139.7987, 35.71239], "geometry": {"type": "LineString", "coordinates": [[139.7987, 35.71239], [139.79793, 35.71157]]}, "properties": {"id": "TRACK_TOKYO_4091", "line_name": "伊勢崎線", "station_group_ids": [], "mode": "private", "operator_id": "tobu", "line_color": "#1F78FF", "tags": ["tokyo", "track_centerline"]}}, {"type": "Feature", "bbox": [139.748, 35.66785, 139.75068, 35.67323], "geometry": {"type": "LineString", "coordinates": [[139.748, 35.66785], [139.74848, 35.66887], [139.74895, 35.66963], [139.74912, 35.66991], [139.74936, 35.67043], [139.74952, 35.67083], [139.74965, 35.67113], [139.74978, 35.67143], [139.74987, 35.67165], [139.75039, 35.67278], [139.75055, 35.67304], [139.75068, 35.67323]]}, "properties": {"id": "TRACK_TOKYO_4096", "line_name": "2号線日比谷線", "station_group_ids": [], "mode": "urban", "operator_id": "tokyo_metro", "line_color": "#9CAEB7", "tags": ["tokyo", "track_centerline"]}}, {"type": "Feature", "bbox": [139.63213, 35.84697, 139.64446014363386, 35.88361], "geometry": {"type": "LineString", "coordinates": [[139.63213, 35.84697], [139.6332409849914, 35.8477660072233], [139.6339429259881, 35.84830138594958], [139.63444261279938, 35.84882486737098], [139.6349541969156, 35.84952680836767], [139.63541819181194, 35.850371517024655], [139.63595357053805, 35.85146606908734], [139.63664361422968, 35.85285805377572], [139.63764298785213, 35.85495197946085], [139.6386899506948, 35.857152980891385], [139.64111700092064, 35.862185540918574], [139.64366302419694, 35.86751553357169], [139.64415081370316, 35.86862198293937], [139.64431737597363, 35.8691216697506], [139.64441255441386, 35.86957376734176], [139.64446014363386, 35.87015673528822], [139.64444824632892, 35.87115610891067], [139.64429358136363, 35.872036509482825], [139.64386527838246, 35.87321434268057], [139.64336559157118, 35.87426130552319], [139.64307, 35.87494], [139.64286000000016, 35.8753], [139.64263, 35.87575], [139.64247, 35.87611], [139.64201000000014, 35.87714000000011], [139.64167, 35.87801], [139.6410800000001, 35.87941], [139.6406800000002, 35.88036000000011], [139.64005, 35.88185], [139.63971, 35.88269000000014], [139.63934000000017, 35.88361]]}, "properties": {"id": "TRACK_TOKYO_4100", "line_name": "武蔵野線", "station_group_ids": [], "mode": "rail", "operator_id": "jr_east", "line_color": "#FF6F00", "tags": ["tokyo", "track_centerline"]}}, {"type": "Feature", "bbox": [139.63864, 35.88361, 139.63934000000017, 35.88514], "geometry": {"type": "LineString", "coordinates": [[139.63934000000017, 35.88361], [139.63864, 35.88514]]}, "properties": {"id": "TRACK_TOKYO_4101", "line_name": "武蔵野線", "station_group_ids": [], "mode": "rail", "operator_id": "jr_east", "line_color": "#FF6F00", "tags": ["tokyo", "track_centerline"]}}, {"type": "Feature", "bbox": [139.74303000000015, 35.6994, 139.74421000000015, 35.70091], "geometry": {"type": "LineString", "coordinates": [[139.74421000000015, 35.70091], [139.74370000000013, 35.70019], [139.74303000000015, 35.6994]]}, "properties": {"id": "TRACK_TOKYO_4108", "line_name": "中央線", "station_group_ids": [], "mode": "rail", "operator_id": "jr_east", "line_color": "#F15A24", "tags": ["tokyo", "track_centerline"]}}, {"type": "Feature", "bbox": [139.6785, 35.74291, 139.68054, 35.74388], "geometry": {"type": "LineString", "coordinates": [[139.6785, 35.74388], [139.68054, 35.74291]]}, "properties": {"id": "TRACK_TOKYO_4110", "line_name": "13号線副都心線", "station_group_ids": [], "mode": "urban", "operator_id": "tokyo_metro", "line_color": "#BB641D", "tags": ["tokyo", "track_centerline"]}}, {"type": "Feature", "bbox": [139.70509, 35.73178, 139.70655, 35.73228], "geometry": {"type": "LineString", "coordinates": [[139.70509, 35.73228], [139.70548, 35.73212], [139.70655, 35.73178]]}, "properties": {"id": "TRACK_TOKYO_4111", "line_name": "13号線副都心線", "station_group_ids": [], "mode": "urban", "operator_id": "tokyo_metro", "line_color": "#BB641D", "tags": ["tokyo", "track_centerline"]}}, {"type": "Feature", "bbox": [139.69029, 35.73342, 139.69736, 35.73751], "geometry": {"type": "LineString", "coordinates": [[139.69029, 35.73751], [139.69129, 35.73677], [139.69332, 35.73527], [139.69414, 35.73462], [139.69465, 35.73429], [139.69542, 35.73396], [139.69606, 35.73371], [139.69669, 35.73355], [139.69736, 35.73342]]}, "properties": {"id": "TRACK_TOKYO_4112", "line_name": "13号線副都心線", "station_group_ids": [], "mode": "urban", "operator_id": "tokyo_metro", "line_color": "#BB641D", "tags": ["tokyo", "track_centerline"]}}, {"type": "Feature", "bbox": [139.68851, 35.73751, 139.69029, 35.73884], "geometry": {"type": "LineString", "coordinates": [[139.68851, 35.73884], [139.69029, 35.73751]]}, "properties": {"id": "TRACK_TOKYO_4113", "line_name": "13号線副都心線", "station_group_ids": [], "mode": "urban", "operator_id": "tokyo_metro", "line_color": "#BB641D", "tags": ["tokyo", "track_centerline"]}}, {"type": "Feature", "bbox": [139.6996, 35.73228, 139.70509, 35.73301], "geometry": {"type": "LineString", "coordinates": [[139.6996, 35.73301], [139.70077, 35.73282], [139.70163, 35.73276], [139.70313, 35.7328], [139.70374, 35.7328], [139.70439, 35.73263], [139.70509, 35.73228]]}, "properties": {"id": "TRACK_TOKYO_4114", "line_name": "13号線副都心線", "station_group_ids": [], "mode": "urban", "operator_id": "tokyo_metro", "line_color": "#BB641D", "tags": ["tokyo", "track_centerline"]}}, {"type": "Feature", "bbox": [139.68054, 35.73884, 139.68851, 35.74291], "geometry": {"type": "LineString", "coordinates": [[139.68054, 35.74291], [139.68059, 35.74288], [139.68182, 35.74228], [139.68545, 35.74063], [139.68626, 35.74024], [139.68643, 35.74016], [139.68717, 35.73974], [139.68761, 35.73944], [139.68851, 35.73884]]}, "properties": {"id": "TRACK_TOKYO_4115", "line_name": "13号線副都心線", "station_group_ids": [], "mode": "urban", "operator_id": "tokyo_metro", "line_color": "#BB641D", "tags": ["tokyo", "track_centerline"]}}, {"type": "Feature", "bbox": [139.69736, 35.73301, 139.6996, 35.73342], "geometry": {"type": "LineString", "coordinates": [[139.69736, 35.73342], [139.6996, 35.73301]]}, "properties": {"id": "TRACK_TOKYO_4116", "line_name": "13号線副都心線", "station_group_ids": [], "mode": "urban", "operator_id": "tokyo_metro", "line_color": "#BB641D", "tags": ["tokyo", "track_centerline"]}}]}