{"type": "FeatureCollection", "features": [{"type": "Feature", "bbox": [135.49446, 34.73191, 135.49791, 34.73268], "geometry": {"type": "LineString", "coordinates": [[135.49446, 34.73191], [135.49454, 34.73191], [135.49466, 34.73192], [135.49719, 34.73251], [135.49791, 34.73268]]}, "properties": {"id": "TRACK_TOKYO_0662", "line_name": "山陽新幹線", "station_group_ids": [], "mode": "shinkansen", "operator_id": "西日本旅客鉄道", "line_color": "#1263D6", "tags": ["tokyo", "track_centerline"]}}, {"type": "Feature", "bbox": [135.49446, 34.73191, 135.49782, 34.73293], "geometry": {"type": "LineString", "coordinates": [[135.49446, 34.73191], [135.49452, 34.73194], [135.49461, 34.73197], [135.49719, 34.73277], [135.49782, 34.73293]]}, "properties": {"id": "TRACK_TOKYO_0663", "line_name": "山陽新幹線", "station_group_ids": [], "mode": "shinkansen", "operator_id": "西日本旅客鉄道", "line_color": "#1263D6", "tags": ["tokyo", "track_centerline"]}}, {"type": "Feature", "bbox": [135.49791, 34.73268, 135.50238, 34.73412], "geometry": {"type": "LineString", "coordinates": [[135.49791, 34.73268], [135.50238, 34.73412]]}, "properties": {"id": "TRACK_TOKYO_0664", "line_name": "山陽新幹線", "station_group_ids": [], "mode": "shinkansen", "operator_id": "西日本旅客鉄道", "line_color": "#1263D6", "tags": ["tokyo", "track_centerline"]}}, {"type": "Feature", "bbox": [135.49782, 34.73293, 135.50225, 34.73443], "geometry": {"type": "LineString", "coordinates": [[135.49782, 34.73293], [135.50225, 34.73443]]}, "properties": {"id": "TRACK_TOKYO_0665", "line_name": "山陽新幹線", "station_group_ids": [], "mode": "shinkansen", "operator_id": "西日本旅客鉄道", "line_color": "#1263D6", "tags": ["tokyo", "track_centerline"]}}, {"type": "Feature", "bbox": [135.19501, 34.70618, 135.19866, 34.7083], "geometry": {"type": "LineString", "coordinates": [[135.19866, 34.7083], [135.19792, 34.70781], [135.19655, 34.70699], [135.19501, 34.70618]]}, "properties": {"id": "TRACK_TOKYO_0666", "line_name": "山陽新幹線", "station_group_ids": [], "mode": "shinkansen", "operator_id": "西日本旅客鉄道", "line_color": "#1263D6", "tags": ["tokyo", "track_centerline"]}}, {"type": "Feature", "bbox": [134.95833, 34.66688, 134.96204, 34.66724], "geometry": {"type": "LineString", "coordinates": [[134.96204, 34.66688], [134.96136, 34.66694], [134.95833, 34.66724]]}, "properties": {"id": "TRACK_TOKYO_0667", "line_name": "山陽新幹線", "station_group_ids": [], "mode": "shinkansen", "operator_id": "西日本旅客鉄道", "line_color": "#1263D6", "tags": ["tokyo", "track_centerline"]}}, {"type": "Feature", "bbox": [135.19866, 34.7083, 135.49446, 34.7687], "geometry": {"type": "LineString", "coordinates": [[135.19866, 34.7083], [135.19902, 34.70854], [135.20038, 34.70955], [135.2023, 34.71114], [135.20407, 34.71269], [135.2052, 34.71375], [135.20634, 34.71482], [135.20663, 34.71508], [135.20729, 34.71569], [135.20785, 34.71627], [135.20867, 34.71706], [135.20886, 34.71725], [135.2104, 34.71871], [135.21209, 34.7203], [135.21441, 34.72247], [135.21585, 34.72383], [135.21591, 34.72389], [135.21798, 34.72584], [135.2191, 34.7269], [135.22161, 34.72908], [135.2228, 34.73011], [135.22339, 34.73054], [135.2237, 34.73077], [135.22529, 34.73187], [135.22707, 34.73318], [135.22792, 34.73378], [135.2287, 34.7343], [135.23028, 34.73536], [135.23181, 34.73625], [135.2319, 34.7363], [135.23296, 34.73689], [135.23409, 34.73749], [135.2354, 34.73811], [135.23682, 34.7388], [135.23842, 34.73952], [135.24005, 34.74017], [135.24156, 34.74068], [135.24203, 34.74084], [135.24426, 34.74155], [135.24721, 34.74251], [135.25557, 34.7451], [135.26592, 34.74831], [135.27628, 34.75152], [135.28083, 34.75293], [135.28147, 34.75313], [135.28183, 34.75324], [135.28512, 34.75429], [135.28521, 34.75432], [135.2885, 34.75537], [135.29179, 34.75645], [135.29508, 34.75753], [135.29541, 34.75764], [135.29837, 34.75861], [135.3018, 34.75972], [135.30524, 34.76083], [135.3057, 34.76098], [135.30869, 34.76194], [135.31039, 34.76249], [135.31146, 34.76283], [135.31214, 34.76305], [135.31261, 34.76319], [135.3138, 34.76359], [135.31617, 34.76427], [135.31704, 34.76449], [135.319, 34.76491], [135.3207, 34.76526], [135.32203, 34.7655], [135.32231, 34.76555], [135.32323, 34.7657], [135.3237, 34.76578], [135.32407, 34.76581], [135.32439, 34.76586], [135.32575, 34.76599], [135.32689, 34.76611], [135.32794, 34.76623], [135.32842, 34.76628], [135.32926, 34.76631], [135.32961, 34.76633], [135.33007, 34.76636], [135.33044, 34.76635], [135.33085, 34.76635], [135.33276, 34.76627], [135.33303, 34.76625], [135.33451, 34.76617], [135.33624, 34.76611], [135.33664, 34.76612], [135.33806, 34.76607], [135.33972, 34.76599], [135.34083, 34.76593], [135.34208, 34.76581], [135.34321, 34.76568], [135.34407, 34.76558], [135.34672, 34.76526], [135.34902, 34.76502], [135.35021, 34.76491], [135.35336, 34.76467], [135.35441, 34.7646], [135.35508, 34.76454], [135.35636, 34.76454], [135.35704, 34.76456], [135.35772, 34.76458], [135.35837, 34.76459], [135.35907, 34.76462], [135.36059, 34.76474], [135.36119, 34.76478], [135.36238, 34.76487], [135.36412, 34.76502], [135.36497, 34.76511], [135.36767, 34.76538], [135.3722, 34.7658], [135.37334, 34.76594], [135.37368, 34.76596], [135.37422, 34.76601], [135.37428, 34.76602], [135.37452, 34.76605], [135.37585, 34.76616], [135.37607, 34.76619], [135.37621, 34.7662], [135.37683, 34.76627], [135.37783, 34.76636], [135.37787, 34.76637], [135.37882, 34.76646], [135.37919, 34.76649], [135.37957, 34.76653], [135.3796, 34.76654], [135.38011, 34.76658], [135.38014, 34.76659], [135.38031, 34.76661], [135.38097, 34.76666], [135.38114, 34.76669], [135.38138, 34.76671], [135.38155, 34.76672], [135.38247, 34.76682], [135.38259, 34.76682], [135.38262, 34.76683], [135.38278, 34.76684], [135.38283, 34.76686], [135.38306, 34.76687], [135.38349, 34.76691], [135.38382, 34.76695], [135.38403, 34.76696], [135.38436, 34.767], [135.3845, 34.76702], [135.38491, 34.76706], [135.3851, 34.76708], [135.38545, 34.76711], [135.38554, 34.76713], [135.38603, 34.76717], [135.3864, 34.76721], [135.38716, 34.76728], [135.3875, 34.76731], [135.38825, 34.76738], [135.38862, 34.76741], [135.38879, 34.76744], [135.38894, 34.76745], [135.38913, 34.76747], [135.38989, 34.76754], [135.39, 34.76755], [135.39013, 34.76756], [135.39059, 34.76761], [135.39074, 34.76763], [135.39088, 34.76764], [135.39114, 34.76766], [135.39125, 34.76768], [135.39187, 34.76775], [135.39264, 34.76781], [135.39276, 34.76784], [135.39289, 34.76784], [135.39329, 34.76788], [135.39336, 34.76789], [135.39366, 34.76791], [135.39411, 34.76796], [135.39449, 34.76799], [135.39454, 34.76801], [135.39536, 34.76808], [135.39578, 34.76812], [135.39584, 34.76814], [135.39625, 34.76817], [135.39658, 34.76821], [135.39705, 34.76825], [135.39767, 34.76831], [135.39773, 34.76831], [135.39812, 34.76835], [135.39847, 34.76838], [135.39851, 34.76839], [135.3991, 34.76844], [135.39981, 34.7685], [135.4003, 34.76855], [135.40164, 34.76862], [135.40178, 34.76863], [135.40253, 34.76866], [135.4036, 34.76869], [135.40439, 34.76869], [135.40582, 34.7687], [135.40705, 34.76867], [135.40713, 34.76866], [135.40748, 34.76865], [135.40782, 34.76864], [135.40841, 34.76862], [135.40875, 34.76859], [135.40903, 34.76857], [135.41014, 34.76848], [135.41038, 34.76847], [135.41051, 34.76845], [135.41082, 34.76842], [135.4111, 34.76839], [135.41135, 34.76836], [135.41159, 34.76833], [135.41195, 34.76829], [135.41216, 34.76825], [135.41238, 34.76823], [135.41245, 34.76821], [135.41256, 34.7682], [135.41264, 34.76818], [135.4132, 34.76809], [135.41331, 34.76807], [135.41392, 34.76796], [135.41463, 34.76783], [135.41536, 34.76767], [135.41591, 34.76757], [135.41594, 34.76756], [135.41615, 34.76752], [135.41624, 34.76749], [135.41728, 34.76723], [135.41762, 34.76714], [135.41767, 34.76713], [135.41788, 34.76708], [135.41825, 34.76698], [135.4188, 34.76681], [135.41887, 34.7668], [135.41932, 34.76666], [135.41985, 34.7665], [135.42015, 34.7664], [135.4202, 34.76639], [135.42055, 34.76627], [135.42063, 34.76625], [135.42066, 34.76624], [135.42127, 34.76605], [135.42143, 34.76599], [135.4216, 34.76593], [135.42175, 34.76588], [135.42186, 34.76584], [135.42195, 34.76581], [135.42225, 34.7657], [135.42255, 34.7656], [135.42276, 34.76552], [135.42327, 34.76532], [135.42341, 34.76527], [135.42345, 34.76526], [135.4235, 34.76524], [135.42397, 34.76506], [135.42517, 34.76457], [135.4252, 34.76455], [135.4253, 34.76451], [135.42594, 34.76424], [135.42599, 34.7642], [135.42621, 34.76411], [135.42644, 34.764], [135.42673, 34.76388], [135.4273, 34.76359], [135.42738, 34.76356], [135.42791, 34.76329], [135.42825, 34.7631], [135.42873, 34.76284], [135.42914, 34.76261], [135.4295, 34.76243], [135.42963, 34.76234], [135.43044, 34.76187], [135.43055, 34.7618], [135.43144, 34.76123], [135.43212, 34.76078], [135.43256, 34.76047], [135.43262, 34.76043], [135.43288, 34.76025], [135.4333, 34.75996], [135.43413, 34.75936], [135.43428, 34.75925], [135.43568, 34.75817], [135.43616, 34.75777], [135.43664, 34.75737], [135.4368, 34.75721], [135.43685, 34.75717], [135.43688, 34.75713], [135.43729, 34.75676], [135.43758, 34.75648], [135.4381, 34.75599], [135.43823, 34.75586], [135.43834, 34.75577], [135.43866, 34.75544], [135.43908, 34.75499], [135.4395, 34.75454], [135.43955, 34.7545], [135.4401, 34.7539], [135.44018, 34.7538], [135.44033, 34.75363], [135.44064, 34.75325], [135.44096, 34.75293], [135.44123, 34.75261], [135.44152, 34.75222], [135.44219, 34.75129], [135.4426, 34.75069], [135.44278, 34.75044], [135.44314, 34.74987], [135.44359, 34.74911], [135.44479, 34.74695], [135.446, 34.74478], [135.44728, 34.74252], [135.44845, 34.74046], [135.44965, 34.7383], [135.45087, 34.73615], [135.45189, 34.73432], [135.45208, 34.73399], [135.45328, 34.73185], [135.45446, 34.72973], [135.4549, 34.72896], [135.45521, 34.72848], [135.45548, 34.72812], [135.45586, 34.7276], [135.45631, 34.72704], [135.45697, 34.72634], [135.45732, 34.72599], [135.45737, 34.72595], [135.45773, 34.72561], [135.45823, 34.72522], [135.45899, 34.72473], [135.45908, 34.72468], [135.45975, 34.72432], [135.46057, 34.72393], [135.46138, 34.7236], [135.46206, 34.72337], [135.46275, 34.72321], [135.46348, 34.7231], [135.46399, 34.72304], [135.46443, 34.723], [135.46502, 34.723], [135.46601, 34.72306], [135.46677, 34.72313], [135.46732, 34.7232], [135.46771, 34.72329], [135.46812, 34.7234], [135.46953, 34.72385], [135.46955, 34.72385], [135.47387, 34.72528], [135.47876, 34.7269], [135.47982, 34.72724], [135.48473, 34.72884], [135.49011, 34.73058], [135.49017, 34.7306], [135.49446, 34.73191]]}, "properties": {"id": "TRACK_TOKYO_0669", "line_name": "山陽新幹線", "station_group_ids": [], "mode": "shinkansen", "operator_id": "西日本旅客鉄道", "line_color": "#1263D6", "tags": ["tokyo", "track_centerline"]}}, {"type": "Feature", "bbox": [134.96204, 34.66471, 135.19501, 34.70618], "geometry": {"type": "LineString", "coordinates": [[135.19501, 34.70618], [135.19466, 34.70599], [135.19434, 34.70584], [135.19363, 34.70551], [135.19229, 34.70496], [135.19098, 34.70453], [135.18889, 34.70395], [135.18731, 34.70356], [135.18577, 34.70325], [135.18545, 34.70319], [135.18325, 34.70281], [135.17885, 34.70211], [135.17459, 34.70141], [135.17456, 34.7014], [135.16999, 34.70068], [135.1668, 34.70016], [135.16502, 34.69987], [135.163, 34.69954], [135.16134, 34.69926], [135.15851, 34.69876], [135.15415, 34.69809], [135.15374, 34.69802], [135.14973, 34.69742], [135.14806, 34.69718], [135.14619, 34.69688], [135.14467, 34.69657], [135.1433, 34.69627], [135.1423, 34.69605], [135.14196, 34.69597], [135.13981, 34.69549], [135.1388, 34.69524], [135.1383, 34.69511], [135.1339, 34.69404], [135.13387, 34.69404], [135.13178, 34.69351], [135.12869, 34.69274], [135.12572, 34.69197], [135.12222, 34.69104], [135.11893, 34.69027], [135.11825, 34.69011], [135.11655, 34.6897], [135.11116, 34.68839], [135.11043, 34.6882], [135.10981, 34.68805], [135.10965, 34.68801], [135.10942, 34.68795], [135.10916, 34.68789], [135.10852, 34.68773], [135.10814, 34.68764], [135.10769, 34.68755], [135.1061, 34.68714], [135.10522, 34.68692], [135.10448, 34.68674], [135.10149, 34.68601], [135.09386, 34.68417], [135.09313, 34.68399], [135.0918, 34.68366], [135.0908, 34.68341], [135.08831, 34.68282], [135.08441, 34.68188], [135.08323, 34.6816], [135.08248, 34.68143], [135.08047, 34.68096], [135.07867, 34.68059], [135.0782, 34.6805], [135.07768, 34.68039], [135.07762, 34.68038], [135.07689, 34.68023], [135.07537, 34.67993], [135.07444, 34.67976], [135.07299, 34.67944], [135.07282, 34.6794], [135.07191, 34.6792], [135.06931, 34.67866], [135.06562, 34.67791], [135.06269, 34.67733], [135.06195, 34.67718], [135.06048, 34.67689], [135.0593, 34.67664], [135.05819, 34.6764], [135.05431, 34.67562], [135.05194, 34.67514], [135.05056, 34.67486], [135.0494, 34.67466], [135.04919, 34.67461], [135.04818, 34.67439], [135.04687, 34.67412], [135.04648, 34.67404], [135.04524, 34.67378], [135.04478, 34.67369], [135.04379, 34.67347], [135.04305, 34.67331], [135.04142, 34.67299], [135.04093, 34.67289], [135.04066, 34.67284], [135.04055, 34.67282], [135.04051, 34.67281], [135.04048, 34.6728], [135.0401, 34.67272], [135.03982, 34.67266], [135.03946, 34.67258], [135.03548, 34.6718], [135.03312, 34.67132], [135.03233, 34.67118], [135.032, 34.67112], [135.03179, 34.67108], [135.03165, 34.67105], [135.03047, 34.67082], [135.03023, 34.67077], [135.02996, 34.67071], [135.02966, 34.67065], [135.02878, 34.67048], [135.02839, 34.67041], [135.02795, 34.67031], [135.02728, 34.67017], [135.02703, 34.67012], [135.02636, 34.66996], [135.02623, 34.66992], [135.02608, 34.66989], [135.02533, 34.66972], [135.02438, 34.66952], [135.02386, 34.66941], [135.02247, 34.66911], [135.01989, 34.66861], [135.01856, 34.66834], [135.01828, 34.66829], [135.01463, 34.66756], [135.01253, 34.66712], [135.01155, 34.66694], [135.01081, 34.66679], [135.00984, 34.6666], [135.00839, 34.66632], [135.00821, 34.66629], [135.00813, 34.66627], [135.00637, 34.66593], [135.00426, 34.66548], [135.00312, 34.66527], [135.00251, 34.66518], [134.99981, 34.66487], [134.99911, 34.66481], [134.99723, 34.66475], [134.9965, 34.66473], [134.99503, 34.66471], [134.99356, 34.66473], [134.9916, 34.6648], [134.99071, 34.66486], [134.98817, 34.66502], [134.98544, 34.66521], [134.98201, 34.66545], [134.97961, 34.66562], [134.97575, 34.66587], [134.97439, 34.66597], [134.97308, 34.66607], [134.97004, 34.6663], [134.96677, 34.66655], [134.9635, 34.66676], [134.96204, 34.66688]]}, "properties": {"id": "TRACK_TOKYO_0670", "line_name": "山陽新幹線", "station_group_ids": [], "mode": "shinkansen", "operator_id": "西日本旅客鉄道", "line_color": "#1263D6", "tags": ["tokyo", "track_centerline"]}}, {"type": "Feature", "bbox": [134.69284, 34.66724, 134.95833, 34.82619], "geometry": {"type": "LineString", "coordinates": [[134.95833, 34.66724], [134.95526, 34.66757], [134.95309, 34.66785], [134.95292, 34.66787], [134.95158, 34.66806], [134.94946, 34.6684], [134.94666, 34.66888], [134.9444, 34.66933], [134.94257, 34.66979], [134.94214, 34.66992], [134.94089, 34.67033], [134.94026, 34.67058], [134.93958, 34.67085], [134.93836, 34.67137], [134.93727, 34.6719], [134.9363, 34.6724], [134.93521, 34.67304], [134.9341, 34.67372], [134.93242, 34.67486], [134.93124, 34.67575], [134.92917, 34.6773], [134.92619, 34.67956], [134.92318, 34.68194], [134.91524, 34.68822], [134.91302, 34.68998], [134.91084, 34.69167], [134.90815, 34.69375], [134.90722, 34.69445], [134.90551, 34.69571], [134.903, 34.69749], [134.90154, 34.69844], [134.90008, 34.69931], [134.89859, 34.70009], [134.89801, 34.70039], [134.89338, 34.70272], [134.88914, 34.70479], [134.88848, 34.70511], [134.88651, 34.70609], [134.88463, 34.70711], [134.88321, 34.70794], [134.88223, 34.70857], [134.88104, 34.70942], [134.88018, 34.71006], [134.87238, 34.7158], [134.87224, 34.7159], [134.86636, 34.72033], [134.86488, 34.72144], [134.86333, 34.72264], [134.86252, 34.72324], [134.86185, 34.72366], [134.85939, 34.72514], [134.85786, 34.7261], [134.85603, 34.72724], [134.8518, 34.72993], [134.85018, 34.73096], [134.84704, 34.73297], [134.84637, 34.73344], [134.84445, 34.73477], [134.84168, 34.73673], [134.84126, 34.73703], [134.8387, 34.73879], [134.83721, 34.73983], [134.83621, 34.74054], [134.83497, 34.74142], [134.82893, 34.74572], [134.82661, 34.74734], [134.82565, 34.74801], [134.81823, 34.75324], [134.81813, 34.75331], [134.81717, 34.75391], [134.81712, 34.75394], [134.81638, 34.75444], [134.81407, 34.756], [134.81366, 34.75628], [134.81299, 34.75674], [134.81251, 34.75707], [134.81144, 34.7578], [134.81053, 34.75842], [134.81003, 34.75877], [134.80976, 34.75895], [134.80917, 34.75938], [134.80865, 34.75975], [134.80858, 34.7598], [134.80853, 34.75983], [134.80832, 34.76], [134.80828, 34.76001], [134.80827, 34.76003], [134.80586, 34.76178], [134.80303, 34.76391], [134.8021, 34.76464], [134.80045, 34.76592], [134.80032, 34.76602], [134.79942, 34.76673], [134.79615, 34.76939], [134.79593, 34.76956], [134.79405, 34.77108], [134.79258, 34.77227], [134.79171, 34.77297], [134.78981, 34.77442], [134.78929, 34.7748], [134.78897, 34.77504], [134.78893, 34.77508], [134.78881, 34.77516], [134.78869, 34.77524], [134.78742, 34.77614], [134.78707, 34.77638], [134.7869, 34.77649], [134.78682, 34.77654], [134.78579, 34.77729], [134.78482, 34.77795], [134.78432, 34.77828], [134.78383, 34.77859], [134.78381, 34.77862], [134.78255, 34.77939], [134.78201, 34.77972], [134.78154, 34.78001], [134.78117, 34.78023], [134.78061, 34.78057], [134.78003, 34.78093], [134.77975, 34.7811], [134.77925, 34.7814], [134.77799, 34.78216], [134.77794, 34.78218], [134.77736, 34.78255], [134.77682, 34.78287], [134.77636, 34.78315], [134.77547, 34.7837], [134.77506, 34.78395], [134.77452, 34.78427], [134.77386, 34.78465], [134.77347, 34.78489], [134.77345, 34.78491], [134.77334, 34.78496], [134.7728, 34.78531], [134.77191, 34.78589], [134.77156, 34.78613], [134.77088, 34.78661], [134.76981, 34.78739], [134.76975, 34.78744], [134.76925, 34.7878], [134.76713, 34.7896], [134.7663, 34.79031], [134.76625, 34.79034], [134.76563, 34.79092], [134.76484, 34.79166], [134.76321, 34.79317], [134.76165, 34.79464], [134.75981, 34.79635], [134.75979, 34.79636], [134.75943, 34.79671], [134.75818, 34.79787], [134.7578, 34.79823], [134.75731, 34.79869], [134.75676, 34.7992], [134.75648, 34.79946], [134.75618, 34.79973], [134.75541, 34.80047], [134.7551, 34.80075], [134.75497, 34.80087], [134.75451, 34.80129], [134.75318, 34.80254], [134.75293, 34.80278], [134.75269, 34.80301], [134.75262, 34.80306], [134.75211, 34.80354], [134.75143, 34.80417], [134.75124, 34.80435], [134.74947, 34.80602], [134.74901, 34.80644], [134.74877, 34.80666], [134.74864, 34.80679], [134.74816, 34.80723], [134.74786, 34.80752], [134.74726, 34.80811], [134.7463, 34.80896], [134.74559, 34.80965], [134.74502, 34.81016], [134.74463, 34.81046], [134.74409, 34.81085], [134.74362, 34.81119], [134.74356, 34.81124], [134.7431, 34.81154], [134.74111, 34.81285], [134.74095, 34.81296], [134.74084, 34.81303], [134.73895, 34.81425], [134.7379, 34.81494], [134.73656, 34.8158], [134.73574, 34.81634], [134.7357, 34.81636], [134.73496, 34.81683], [134.73446, 34.81715], [134.73363, 34.81765], [134.73275, 34.81816], [134.73221, 34.81847], [134.73144, 34.81888], [134.7312, 34.819], [134.73118, 34.81902], [134.73114, 34.81904], [134.73048, 34.81938], [134.72987, 34.81967], [134.72876, 34.82017], [134.72755, 34.82068], [134.72631, 34.82117], [134.7255, 34.82146], [134.72501, 34.82164], [134.7236, 34.82205], [134.72244, 34.82235], [134.72071, 34.82277], [134.71866, 34.82319], [134.71479, 34.82366], [134.71335, 34.82383], [134.71052, 34.82414], [134.70685, 34.82455], [134.70381, 34.82489], [134.70277, 34.825], [134.6975, 34.82561], [134.69284, 34.82619]]}, "properties": {"id": "TRACK_TOKYO_0671", "line_name": "山陽新幹線", "station_group_ids": [], "mode": "shinkansen", "operator_id": "西日本旅客鉄道", "line_color": "#1263D6", "tags": ["tokyo", "track_centerline"]}}, {"type": "Feature", "bbox": [136.84975, 35.17912, 136.86954, 35.18701], "geometry": {"type": "LineString", "coordinates": [[136.84975, 35.17912], [136.85322, 35.1817], [136.85342, 35.18185], [136.85406, 35.18233], [136.85487, 35.18296], [136.85502, 35.18307], [136.85537, 35.18328], [136.85663, 35.18406], [136.85983, 35.18605], [136.86073, 35.18663], [136.86102, 35.18673], [136.86157, 35.18683], [136.86227, 35.18694], [136.86505, 35.187], [136.86643, 35.18701], [136.86738, 35.18698], [136.8678, 35.18692], [136.86838, 35.18677], [136.86873, 35.18665], [136.86888, 35.18659], [136.86907, 35.1865], [136.86954, 35.18628]]}, "properties": {"id": "TRACK_TOKYO_0980", "line_name": "東海道新幹線", "station_group_ids": [], "mode": "shinkansen", "operator_id": "東海旅客鉄道", "line_color": "#1F78FF", "tags": ["tokyo", "track_centerline"]}}, {"type": "Feature", "bbox": [136.86954, 35.17229, 136.88027, 35.18628], "geometry": {"type": "LineString", "coordinates": [[136.88027, 35.17229], [136.88023, 35.17244], [136.87983, 35.1737], [136.87981, 35.17378], [136.87978, 35.17386], [136.87964, 35.17423], [136.87959, 35.17434], [136.87938, 35.17487], [136.87934, 35.17497], [136.87809, 35.1775], [136.87747, 35.17852], [136.87706, 35.17906], [136.87628, 35.17995], [136.87495, 35.18128], [136.87371, 35.18252], [136.87364, 35.18259], [136.87338, 35.18285], [136.87328, 35.18294], [136.87275, 35.18346], [136.87205, 35.18405], [136.86954, 35.18628]]}, "properties": {"id": "TRACK_TOKYO_0981", "line_name": "東海道新幹線", "station_group_ids": [], "mode": "shinkansen", "operator_id": "東海旅客鉄道", "line_color": "#1F78FF", "tags": ["tokyo", "track_centerline"]}}, {"type": "Feature", "bbox": [136.88027, 35.16874, 136.88194, 35.17229], "geometry": {"type": "LineString", "coordinates": [[136.88194, 35.16874], [136.88129, 35.16989], [136.88033, 35.17208], [136.88027, 35.17229]]}, "properties": {"id": "TRACK_TOKYO_0982", "line_name": "東海道新幹線", "station_group_ids": [], "mode": "shinkansen", "operator_id": "東海旅客鉄道", "line_color": "#1F78FF", "tags": ["tokyo", "track_centerline"]}}, {"type": "Feature", "bbox": [136.68425, 35.31447, 136.68726, 35.31701], "geometry": {"type": "LineString", "coordinates": [[136.68425, 35.31701], [136.68726, 35.31447]]}, "properties": {"id": "TRACK_TOKYO_0983", "line_name": "東海道新幹線", "station_group_ids": [], "mode": "shinkansen", "operator_id": "東海旅客鉄道", "line_color": "#1F78FF", "tags": ["tokyo", "track_centerline"]}}, {"type": "Feature", "bbox": [136.68726, 35.18628, 136.86954, 35.31447], "geometry": {"type": "LineString", "coordinates": [[136.68726, 35.31447], [136.6884, 35.31346], [136.68941, 35.31258], [136.69029, 35.31181], [136.69057, 35.31156], [136.69126, 35.31097], [136.69164, 35.31064], [136.69226, 35.3101], [136.69289, 35.30962], [136.69353, 35.30914], [136.69457, 35.30843], [136.69532, 35.30792], [136.69587, 35.30756], [136.69639, 35.30724], [136.69701, 35.30687], [136.69726, 35.30673], [136.69753, 35.30657], [136.69787, 35.3064], [136.69849, 35.30609], [136.69921, 35.30573], [136.69971, 35.30549], [136.69992, 35.30539], [136.70037, 35.30518], [136.701, 35.30491], [136.70157, 35.30469], [136.70216, 35.30449], [136.70297, 35.30419], [136.70411, 35.30376], [136.70535, 35.30331], [136.70661, 35.30283], [136.70777, 35.30239], [136.7089, 35.30194], [136.70964, 35.30164], [136.71008, 35.30146], [136.71057, 35.30127], [136.71081, 35.30116], [136.71103, 35.30106], [136.71178, 35.30072], [136.71362, 35.29995], [136.71495, 35.29938], [136.7162, 35.29883], [136.71802, 35.29806], [136.71977, 35.29732], [136.72045, 35.29702], [136.722, 35.29634], [136.7234, 35.29575], [136.72522, 35.29498], [136.72551, 35.29485], [136.72673, 35.29432], [136.72792, 35.29381], [136.7294, 35.29317], [136.73164, 35.29221], [136.73267, 35.29177], [136.73375, 35.29131], [136.7347, 35.2909], [136.73559, 35.29052], [136.73639, 35.29014], [136.73769, 35.28949], [136.73805, 35.28932], [136.73855, 35.28904], [136.73885, 35.28886], [136.73968, 35.28836], [136.7401, 35.2881], [136.74032, 35.28793], [136.74092, 35.28754], [136.74149, 35.28715], [136.74189, 35.28684], [136.7424, 35.28643], [136.74324, 35.28572], [136.74409, 35.28493], [136.74456, 35.28444], [136.74484, 35.28413], [136.74529, 35.28365], [136.74579, 35.28308], [136.7464, 35.28229], [136.74694, 35.28154], [136.74706, 35.28138], [136.74755, 35.28068], [136.74841, 35.27938], [136.74851, 35.27924], [136.74934, 35.27804], [136.74979, 35.27739], [136.75059, 35.27622], [136.75116, 35.2754], [136.75127, 35.27525], [136.75136, 35.27514], [136.75241, 35.27361], [136.75346, 35.27209], [136.75365, 35.27182], [136.7544, 35.27078], [136.75506, 35.26981], [136.75613, 35.26827], [136.75637, 35.26791], [136.75656, 35.26765], [136.75702, 35.26699], [136.75716, 35.26678], [136.75746, 35.26633], [136.75766, 35.26604], [136.75846, 35.26488], [136.75874, 35.26447], [136.75895, 35.26416], [136.75948, 35.26338], [136.7596, 35.26321], [136.75973, 35.26301], [136.76015, 35.26239], [136.76041, 35.26201], [136.76089, 35.2613], [136.7611, 35.26103], [136.76229, 35.25932], [136.76258, 35.2589], [136.76291, 35.25844], [136.76356, 35.25751], [136.76412, 35.25671], [136.76484, 35.25567], [136.76564, 35.25453], [136.76628, 35.25366], [136.76655, 35.25325], [136.76658, 35.25321], [136.76672, 35.25295], [136.76685, 35.25272], [136.7669, 35.25264], [136.76698, 35.25253], [136.76774, 35.2514], [136.76787, 35.25122], [136.76833, 35.2506], [136.76846, 35.25041], [136.769, 35.24967], [136.76915, 35.24946], [136.76964, 35.24878], [136.76977, 35.24861], [136.77032, 35.24787], [136.77059, 35.24753], [136.77074, 35.24733], [136.77129, 35.24666], [136.77143, 35.24649], [136.77254, 35.24524], [136.77337, 35.2444], [136.77423, 35.24363], [136.77521, 35.24283], [136.77638, 35.24196], [136.7775, 35.24116], [136.77828, 35.24067], [136.77913, 35.24018], [136.78065, 35.23937], [136.7808, 35.2393], [136.78122, 35.23908], [136.78199, 35.23872], [136.78308, 35.23821], [136.78542, 35.23707], [136.78555, 35.237], [136.78706, 35.23629], [136.7895, 35.23511], [136.78987, 35.23495], [136.79019, 35.23478], [136.79064, 35.23457], [136.79097, 35.23443], [136.79136, 35.23423], [136.79169, 35.23406], [136.79279, 35.23356], [136.79304, 35.23343], [136.79396, 35.23297], [136.79411, 35.23291], [136.79428, 35.23284], [136.79529, 35.23235], [136.7955, 35.23224], [136.79644, 35.23179], [136.79687, 35.2316], [136.79726, 35.2314], [136.80221, 35.22907], [136.80268, 35.22887], [136.80362, 35.2285], [136.80452, 35.22818], [136.80543, 35.22787], [136.80626, 35.2276], [136.80683, 35.22741], [136.80726, 35.22729], [136.80802, 35.22707], [136.80878, 35.22689], [136.81037, 35.22659], [136.81187, 35.22634], [136.81297, 35.22618], [136.81529, 35.22592], [136.81619, 35.22582], [136.81644, 35.2258], [136.81754, 35.22567], [136.82002, 35.22541], [136.82131, 35.22529], [136.82239, 35.22516], [136.8227, 35.22513], [136.82358, 35.22501], [136.82395, 35.22497], [136.82494, 35.22482], [136.82526, 35.22478], [136.82622, 35.22463], [136.82652, 35.22458], [136.82748, 35.22437], [136.82778, 35.2243], [136.8287, 35.22405], [136.82906, 35.22395], [136.8302, 35.22363], [136.83128, 35.22329], [136.83209, 35.22298], [136.83336, 35.22243], [136.83414, 35.22205], [136.83466, 35.22179], [136.83502, 35.22161], [136.83527, 35.22147], [136.837, 35.22054], [136.83779, 35.22004], [136.83875, 35.2193], [136.83937, 35.21884], [136.84008, 35.21821], [136.84094, 35.21739], [136.84161, 35.21667], [136.84224, 35.21595], [136.84308, 35.21504], [136.84338, 35.21469], [136.84551, 35.21225], [136.84582, 35.21189], [136.8477, 35.20969], [136.84786, 35.2095], [136.84884, 35.20835], [136.84945, 35.20769], [136.84964, 35.2075], [136.8503, 35.20685], [136.85103, 35.20619], [136.85126, 35.20601], [136.85191, 35.20548], [136.85246, 35.20506], [136.85365, 35.20422], [136.85488, 35.20345], [136.85544, 35.20312], [136.85604, 35.20278], [136.85651, 35.20252], [136.85738, 35.20204], [136.85793, 35.2017], [136.85811, 35.20158], [136.85831, 35.20147], [136.85942, 35.20072], [136.85999, 35.20029], [136.86041, 35.19996], [136.8609, 35.1995], [136.86154, 35.19887], [136.862, 35.19834], [136.86253, 35.19767], [136.86299, 35.19701], [136.86358, 35.1961], [136.86412, 35.19517], [136.86457, 35.1943], [136.86497, 35.19339], [136.8651, 35.1931], [136.86542, 35.19233], [136.86574, 35.1916], [136.86597, 35.19106], [136.86627, 35.19034], [136.86661, 35.18964], [136.86702, 35.189], [136.86756, 35.18831], [136.86848, 35.18731], [136.86903, 35.18677], [136.86954, 35.18628]]}, "properties": {"id": "TRACK_TOKYO_0984", "line_name": "東海道新幹線", "station_group_ids": [], "mode": "shinkansen", "operator_id": "東海旅客鉄道", "line_color": "#1F78FF", "tags": ["tokyo", "track_centerline"]}}, {"type": "Feature", "bbox": [137.15871, 34.76445, 137.38034, 34.86244], "geometry": {"type": "LineString", "coordinates": [[137.38034, 34.76445], [137.38018, 34.76476], [137.37977, 34.7655], [137.37935, 34.76626], [137.37888, 34.7671], [137.37849, 34.76781], [137.37808, 34.76852], [137.37801, 34.76864], [137.37787, 34.76888], [137.37773, 34.76911], [137.37736, 34.76974], [137.37707, 34.77019], [137.37679, 34.77062], [137.37648, 34.77106], [137.37632, 34.77129], [137.37614, 34.77153], [137.3759, 34.77184], [137.37576, 34.77201], [137.37561, 34.77219], [137.37532, 34.77254], [137.37479, 34.77312], [137.37437, 34.77359], [137.37402, 34.77396], [137.37362, 34.77438], [137.37322, 34.77475], [137.373, 34.77497], [137.37258, 34.77534], [137.37224, 34.7756], [137.37215, 34.77568], [137.37206, 34.77575], [137.37201, 34.77579], [137.37149, 34.77622], [137.3709, 34.77673], [137.37079, 34.77682], [137.37073, 34.77687], [137.37041, 34.77714], [137.36999, 34.77751], [137.36855, 34.77876], [137.36717, 34.77996], [137.36675, 34.78033], [137.36639, 34.78064], [137.36631, 34.78071], [137.36618, 34.78083], [137.36566, 34.78128], [137.36492, 34.78189], [137.36428, 34.78238], [137.3634, 34.78304], [137.36319, 34.7832], [137.3631, 34.78326], [137.36265, 34.78358], [137.36238, 34.78376], [137.3622, 34.78388], [137.3619, 34.78405], [137.36151, 34.78427], [137.36131, 34.78438], [137.36113, 34.78447], [137.36096, 34.78455], [137.36054, 34.78478], [137.35966, 34.78521], [137.35936, 34.78536], [137.35908, 34.7855], [137.35837, 34.78581], [137.35737, 34.78624], [137.35707, 34.78637], [137.35651, 34.78659], [137.35618, 34.78673], [137.35599, 34.78681], [137.35581, 34.78688], [137.35532, 34.78708], [137.35492, 34.78725], [137.35456, 34.7874], [137.35381, 34.78773], [137.35334, 34.78792], [137.353, 34.78807], [137.35249, 34.78826], [137.3517, 34.78859], [137.35085, 34.78894], [137.35028, 34.78917], [137.35013, 34.78923], [137.34992, 34.78932], [137.34965, 34.78944], [137.34941, 34.78953], [137.34932, 34.78957], [137.34918, 34.78962], [137.34883, 34.78977], [137.34841, 34.78995], [137.34822, 34.79003], [137.34772, 34.79023], [137.34739, 34.79037], [137.34691, 34.79057], [137.34685, 34.79059], [137.34673, 34.79064], [137.3465, 34.79073], [137.34608, 34.79091], [137.34591, 34.79098], [137.34516, 34.79127], [137.34476, 34.79144], [137.3446, 34.7915], [137.34415, 34.79169], [137.34349, 34.79197], [137.34294, 34.79219], [137.34281, 34.79224], [137.34256, 34.79234], [137.34231, 34.79245], [137.34214, 34.79252], [137.34187, 34.79263], [137.34164, 34.79272], [137.34134, 34.79284], [137.34115, 34.79293], [137.34086, 34.79306], [137.34052, 34.79318], [137.34002, 34.79338], [137.33956, 34.79358], [137.33935, 34.79366], [137.33909, 34.79377], [137.33877, 34.7939], [137.33853, 34.79401], [137.3381, 34.79417], [137.3372, 34.79455], [137.33655, 34.79481], [137.33595, 34.79507], [137.33522, 34.79537], [137.33461, 34.7956], [137.33409, 34.79582], [137.33371, 34.79599], [137.33341, 34.79611], [137.33314, 34.79621], [137.33295, 34.79629], [137.33282, 34.79634], [137.33264, 34.79642], [137.33225, 34.79657], [137.33175, 34.79677], [137.33141, 34.79692], [137.33095, 34.79711], [137.33073, 34.7972], [137.33057, 34.79727], [137.33037, 34.79735], [137.33023, 34.79741], [137.32996, 34.79751], [137.32958, 34.79767], [137.32928, 34.79779], [137.32919, 34.79783], [137.32913, 34.79786], [137.32906, 34.7979], [137.32868, 34.79804], [137.32832, 34.79819], [137.32813, 34.79828], [137.32803, 34.79832], [137.3279, 34.79837], [137.32741, 34.79858], [137.32699, 34.79875], [137.32679, 34.79884], [137.32666, 34.79888], [137.32634, 34.79902], [137.32592, 34.79919], [137.32565, 34.79931], [137.32549, 34.79937], [137.32518, 34.7995], [137.32473, 34.79969], [137.32447, 34.7998], [137.32435, 34.79985], [137.32401, 34.79999], [137.32354, 34.80019], [137.32325, 34.80031], [137.32311, 34.80037], [137.32276, 34.80051], [137.32246, 34.80063], [137.32216, 34.80076], [137.32161, 34.80103], [137.32133, 34.80116], [137.32103, 34.80131], [137.32069, 34.8015], [137.32049, 34.80161], [137.32006, 34.80185], [137.31985, 34.80197], [137.31972, 34.80204], [137.31957, 34.80213], [137.31926, 34.8023], [137.31865, 34.80264], [137.31852, 34.80271], [137.3183, 34.80283], [137.3179, 34.80305], [137.31757, 34.80324], [137.31744, 34.80331], [137.31714, 34.80348], [137.31673, 34.80371], [137.31658, 34.80379], [137.31609, 34.80407], [137.31492, 34.80472], [137.31441, 34.805], [137.31403, 34.80522], [137.31368, 34.80541], [137.31325, 34.80565], [137.31257, 34.80604], [137.31205, 34.80632], [137.3118, 34.80646], [137.31147, 34.80665], [137.3111, 34.80685], [137.31089, 34.80698], [137.3108, 34.80703], [137.31057, 34.80715], [137.3103, 34.8073], [137.30983, 34.80756], [137.30941, 34.8078], [137.3093, 34.80786], [137.30922, 34.8079], [137.30917, 34.80793], [137.30899, 34.80803], [137.30872, 34.80818], [137.30836, 34.80838], [137.30806, 34.80855], [137.30782, 34.80869], [137.30751, 34.80884], [137.30724, 34.809], [137.30692, 34.80918], [137.30678, 34.80926], [137.30652, 34.8094], [137.30612, 34.80962], [137.3056, 34.80991], [137.30528, 34.81009], [137.30507, 34.81021], [137.30486, 34.81033], [137.30416, 34.81072], [137.30362, 34.81101], [137.30297, 34.81136], [137.3026, 34.81154], [137.30229, 34.81168], [137.30182, 34.81189], [137.30138, 34.81209], [137.30117, 34.81219], [137.30101, 34.81226], [137.30082, 34.81234], [137.30062, 34.81243], [137.30049, 34.81249], [137.30033, 34.81255], [137.29983, 34.81275], [137.29953, 34.81287], [137.29926, 34.81296], [137.29909, 34.81302], [137.299, 34.81305], [137.2988, 34.81312], [137.29863, 34.81319], [137.29823, 34.81333], [137.29795, 34.81343], [137.29786, 34.81345], [137.29777, 34.81348], [137.2976, 34.81353], [137.29732, 34.81362], [137.29723, 34.81364], [137.29714, 34.81367], [137.29682, 34.81374], [137.29645, 34.81382], [137.29616, 34.81387], [137.29608, 34.81389], [137.29597, 34.81391], [137.29579, 34.81395], [137.29545, 34.81402], [137.2948, 34.81412], [137.29448, 34.81419], [137.29409, 34.81425], [137.29381, 34.81429], [137.29367, 34.81431], [137.29349, 34.81434], [137.29324, 34.81437], [137.29302, 34.81439], [137.29293, 34.81441], [137.29274, 34.81443], [137.29251, 34.81446], [137.29228, 34.81449], [137.29218, 34.8145], [137.29207, 34.81451], [137.29169, 34.81455], [137.29142, 34.81458], [137.29126, 34.8146], [137.29107, 34.81462], [137.29086, 34.81464], [137.29054, 34.81468], [137.29004, 34.81472], [137.28921, 34.81474], [137.28896, 34.81475], [137.28873, 34.81475], [137.28785, 34.81477], [137.28708, 34.81479], [137.28682, 34.8148], [137.2863, 34.81481], [137.28527, 34.81485], [137.28437, 34.81487], [137.28296, 34.8149], [137.28282, 34.81491], [137.28213, 34.81493], [137.28117, 34.81497], [137.28017, 34.81499], [137.27904, 34.81503], [137.27764, 34.81505], [137.2767, 34.81507], [137.2764, 34.81508], [137.27615, 34.81509], [137.27557, 34.8151], [137.27487, 34.81512], [137.27375, 34.81516], [137.27308, 34.81517], [137.27227, 34.81519], [137.27165, 34.8152], [137.27139, 34.81521], [137.27117, 34.81522], [137.27068, 34.81523], [137.27003, 34.81523], [137.2693, 34.81526], [137.26871, 34.81527], [137.26847, 34.81528], [137.26811, 34.81531], [137.26766, 34.81535], [137.26708, 34.81541], [137.26654, 34.81546], [137.26625, 34.81548], [137.266, 34.81551], [137.2657, 34.81556], [137.26554, 34.81558], [137.26544, 34.81558], [137.26517, 34.81562], [137.26488, 34.81566], [137.2646, 34.81571], [137.26414, 34.81578], [137.26395, 34.81581], [137.26348, 34.81593], [137.26315, 34.816], [137.26257, 34.81614], [137.26173, 34.81635], [137.26154, 34.8164], [137.26116, 34.8165], [137.26043, 34.81668], [137.25965, 34.81691], [137.25895, 34.8171], [137.25848, 34.81724], [137.25827, 34.8173], [137.2576, 34.81752], [137.25738, 34.81759], [137.25673, 34.81779], [137.25625, 34.81795], [137.25584, 34.8181], [137.25569, 34.81815], [137.25557, 34.8182], [137.25547, 34.81824], [137.25505, 34.81839], [137.25416, 34.81875], [137.25374, 34.81892], [137.25358, 34.81898], [137.25309, 34.81919], [137.25257, 34.8194], [137.25251, 34.81943], [137.25236, 34.8195], [137.25212, 34.8196], [137.25187, 34.81972], [137.2516, 34.81985], [137.25116, 34.82005], [137.25072, 34.82028], [137.25058, 34.82035], [137.25035, 34.82047], [137.25029, 34.8205], [137.25026, 34.82052], [137.2502, 34.82055], [137.24961, 34.82087], [137.24853, 34.82148], [137.24809, 34.82173], [137.24768, 34.82194], [137.24755, 34.82201], [137.24727, 34.82215], [137.24702, 34.82227], [137.2468, 34.8224], [137.24628, 34.82273], [137.24606, 34.82287], [137.24542, 34.8233], [137.24471, 34.82377], [137.24423, 34.82409], [137.24363, 34.8245], [137.24231, 34.82538], [137.24194, 34.82563], [137.24139, 34.82601], [137.24049, 34.8266], [137.23983, 34.82704], [137.23951, 34.82726], [137.23896, 34.82762], [137.2386, 34.82787], [137.23792, 34.82832], [137.23762, 34.82852], [137.2365, 34.82927], [137.23567, 34.82982], [137.2339, 34.83098], [137.23291, 34.83156], [137.2323, 34.83191], [137.23159, 34.83226], [137.23068, 34.83272], [137.22993, 34.83305], [137.22924, 34.83332], [137.2283, 34.83372], [137.22728, 34.83414], [137.2269, 34.8343], [137.22523, 34.83497], [137.22475, 34.83517], [137.2242, 34.83538], [137.22353, 34.83564], [137.22329, 34.83574], [137.22117, 34.83661], [137.2204, 34.83693], [137.22022, 34.837], [137.21892, 34.83752], [137.21786, 34.83793], [137.21731, 34.83816], [137.21629, 34.83855], [137.21605, 34.83865], [137.2153, 34.83894], [137.21422, 34.83937], [137.2135, 34.83967], [137.213, 34.83986], [137.21226, 34.84017], [137.21174, 34.84038], [137.21117, 34.84062], [137.21049, 34.84089], [137.21028, 34.84098], [137.20941, 34.84134], [137.20919, 34.84144], [137.20884, 34.84157], [137.20832, 34.84179], [137.20803, 34.8419], [137.20777, 34.84199], [137.20663, 34.8424], [137.20253, 34.84388], [137.19992, 34.84482], [137.19917, 34.84508], [137.19832, 34.8454], [137.1976, 34.84567], [137.19693, 34.84592], [137.19637, 34.84613], [137.19543, 34.84646], [137.19481, 34.84669], [137.19391, 34.84701], [137.19388, 34.84703], [137.19319, 34.84728], [137.19268, 34.84746], [137.19141, 34.84792], [137.19012, 34.84838], [137.18954, 34.84859], [137.18834, 34.84902], [137.18778, 34.84921], [137.18659, 34.84964], [137.18599, 34.84986], [137.18468, 34.85033], [137.18412, 34.85052], [137.18376, 34.85064], [137.18359, 34.8507], [137.18275, 34.85102], [137.18236, 34.85115], [137.18213, 34.85124], [137.18121, 34.85156], [137.18058, 34.85179], [137.18005, 34.85197], [137.17881, 34.85244], [137.17833, 34.85258], [137.17774, 34.85282], [137.17645, 34.85327], [137.17543, 34.85364], [137.17437, 34.85402], [137.17332, 34.8544], [137.17253, 34.85466], [137.1719, 34.85487], [137.17146, 34.85504], [137.17094, 34.85522], [137.17069, 34.85532], [137.16972, 34.85567], [137.16959, 34.85571], [137.16927, 34.85583], [137.16877, 34.85601], [137.16831, 34.85621], [137.16785, 34.85644], [137.16753, 34.85658], [137.16711, 34.85679], [137.16669, 34.85698], [137.16659, 34.85703], [137.16588, 34.85735], [137.1647, 34.85791], [137.16406, 34.85824], [137.16376, 34.8584], [137.16331, 34.85865], [137.1629, 34.85891], [137.16275, 34.85899], [137.16267, 34.85905], [137.16225, 34.85934], [137.16201, 34.85951], [137.16191, 34.85958], [137.16167, 34.85975], [137.16086, 34.86036], [137.16063, 34.86053], [137.16042, 34.86072], [137.16022, 34.86089], [137.16006, 34.86103], [137.16001, 34.86108], [137.15962, 34.86145], [137.15888, 34.86226], [137.15871, 34.86244]]}, "properties": {"id": "TRACK_TOKYO_0990", "line_name": "東海道新幹線", "station_group_ids": [], "mode": "shinkansen", "operator_id": "東海旅客鉄道", "line_color": "#1F78FF", "tags": ["tokyo", "track_centerline"]}}, {"type": "Feature", "bbox": [137.06199, 34.86244, 137.15871, 34.9672], "geometry": {"type": "LineString", "coordinates": [[137.15871, 34.86244], [137.15832, 34.86285], [137.15793, 34.86326], [137.15768, 34.86354], [137.15749, 34.86375], [137.15701, 34.86426], [137.15657, 34.86471], [137.15615, 34.86519], [137.15586, 34.86548], [137.15551, 34.86586], [137.15527, 34.86611], [137.1546, 34.8668], [137.15416, 34.86728], [137.15362, 34.86785], [137.15302, 34.86849], [137.15265, 34.86887], [137.1526, 34.86892], [137.15237, 34.86917], [137.15191, 34.86968], [137.15152, 34.87011], [137.15118, 34.87048], [137.15089, 34.8708], [137.15066, 34.87103], [137.15018, 34.87154], [137.14995, 34.87179], [137.14951, 34.87227], [137.14934, 34.87244], [137.14901, 34.87281], [137.14863, 34.87322], [137.14826, 34.87361], [137.14806, 34.87382], [137.1477, 34.8742], [137.1474, 34.87454], [137.14703, 34.87494], [137.14665, 34.87536], [137.14619, 34.87589], [137.14594, 34.87617], [137.14548, 34.87666], [137.1452, 34.87701], [137.14444, 34.8778], [137.14398, 34.87832], [137.14369, 34.87864], [137.14306, 34.87934], [137.14276, 34.87964], [137.14257, 34.87986], [137.14232, 34.88014], [137.14195, 34.88055], [137.14136, 34.8812], [137.14078, 34.88182], [137.14006, 34.88263], [137.13992, 34.8828], [137.13916, 34.88362], [137.1388, 34.88405], [137.13812, 34.88479], [137.13714, 34.88582], [137.13638, 34.88665], [137.13525, 34.88787], [137.13395, 34.88925], [137.13321, 34.89005], [137.13303, 34.89023], [137.13292, 34.89035], [137.13198, 34.89138], [137.13017, 34.89336], [137.12918, 34.89442], [137.12808, 34.89561], [137.12609, 34.89777], [137.12465, 34.89933], [137.12252, 34.90163], [137.12203, 34.90212], [137.12171, 34.90246], [137.12132, 34.90286], [137.12106, 34.90314], [137.12059, 34.90365], [137.12026, 34.904], [137.12003, 34.90425], [137.11973, 34.90459], [137.11944, 34.9049], [137.11928, 34.90507], [137.11904, 34.90535], [137.11877, 34.90564], [137.11868, 34.90574], [137.11843, 34.906], [137.11828, 34.90617], [137.11768, 34.90681], [137.1172, 34.90733], [137.1165, 34.9081], [137.11638, 34.90824], [137.11617, 34.90848], [137.11595, 34.90871], [137.11562, 34.90907], [137.11544, 34.90927], [137.11515, 34.90957], [137.11467, 34.9101], [137.11335, 34.9115], [137.11272, 34.91217], [137.11189, 34.91307], [137.11069, 34.91435], [137.11015, 34.91496], [137.10975, 34.91537], [137.10905, 34.91613], [137.10856, 34.91666], [137.10852, 34.9167], [137.10766, 34.91764], [137.10722, 34.9181], [137.10671, 34.91863], [137.10617, 34.91924], [137.10577, 34.91967], [137.10566, 34.91978], [137.10555, 34.91993], [137.10545, 34.92005], [137.10511, 34.92043], [137.10486, 34.92069], [137.10474, 34.92083], [137.10466, 34.92092], [137.10436, 34.92124], [137.10424, 34.92136], [137.10413, 34.92149], [137.10375, 34.9219], [137.10331, 34.92236], [137.1031, 34.9226], [137.10263, 34.92311], [137.10237, 34.9234], [137.10219, 34.9236], [137.10174, 34.92407], [137.10118, 34.92466], [137.10083, 34.92505], [137.10053, 34.92538], [137.10021, 34.92573], [137.09973, 34.92627], [137.09932, 34.92673], [137.09899, 34.9271], [137.09865, 34.92746], [137.09854, 34.92758], [137.09806, 34.92811], [137.09735, 34.92886], [137.09727, 34.92894], [137.09663, 34.92966], [137.0965, 34.92979], [137.09637, 34.92994], [137.09624, 34.93008], [137.09614, 34.93019], [137.09572, 34.93064], [137.09523, 34.93118], [137.09506, 34.93136], [137.09403, 34.93248], [137.09252, 34.93413], [137.09239, 34.93426], [137.09158, 34.93514], [137.0909, 34.9359], [137.09056, 34.93625], [137.09045, 34.93638], [137.09035, 34.93649], [137.09012, 34.93673], [137.08885, 34.93813], [137.08877, 34.9382], [137.08864, 34.93833], [137.08853, 34.93845], [137.08844, 34.93856], [137.08789, 34.93915], [137.08761, 34.93945], [137.08733, 34.93976], [137.08694, 34.94018], [137.08669, 34.94042], [137.0865, 34.94065], [137.0861, 34.94109], [137.08599, 34.9412], [137.08588, 34.94133], [137.0853, 34.94195], [137.08518, 34.94207], [137.08507, 34.94219], [137.08494, 34.94231], [137.08439, 34.94291], [137.08416, 34.94316], [137.08404, 34.9433], [137.08385, 34.94349], [137.08312, 34.94427], [137.08252, 34.94492], [137.08224, 34.94522], [137.08201, 34.94547], [137.08162, 34.9459], [137.08148, 34.94604], [137.08138, 34.94614], [137.08091, 34.94665], [137.08068, 34.94691], [137.08059, 34.94702], [137.08004, 34.94759], [137.07961, 34.94806], [137.07928, 34.94842], [137.07895, 34.94878], [137.07852, 34.94923], [137.07792, 34.94986], [137.07759, 34.95023], [137.07754, 34.95029], [137.07711, 34.95075], [137.07691, 34.95097], [137.07628, 34.95164], [137.07587, 34.9521], [137.07566, 34.95233], [137.07516, 34.95287], [137.07471, 34.95336], [137.07443, 34.95366], [137.07412, 34.95401], [137.07398, 34.95417], [137.07348, 34.9547], [137.07331, 34.95489], [137.07278, 34.95547], [137.07268, 34.95558], [137.07218, 34.95612], [137.07213, 34.95617], [137.07176, 34.95656], [137.07115, 34.95723], [137.07094, 34.95745], [137.07044, 34.95799], [137.07023, 34.95821], [137.06967, 34.95884], [137.06942, 34.95911], [137.06929, 34.95925], [137.06849, 34.9601], [137.06788, 34.9608], [137.06776, 34.96094], [137.06768, 34.96103], [137.06712, 34.96161], [137.06694, 34.9618], [137.06682, 34.96194], [137.0666, 34.96217], [137.06652, 34.96225], [137.06641, 34.96237], [137.06623, 34.96257], [137.06513, 34.96378], [137.06494, 34.964], [137.06432, 34.96467], [137.06422, 34.96477], [137.06408, 34.96493], [137.06381, 34.96521], [137.06355, 34.9655], [137.06338, 34.96568], [137.06199, 34.9672]]}, "properties": {"id": "TRACK_TOKYO_0991", "line_name": "東海道新幹線", "station_group_ids": [], "mode": "shinkansen", "operator_id": "東海旅客鉄道", "line_color": "#1F78FF", "tags": ["tokyo", "track_centerline"]}}, {"type": "Feature", "bbox": [136.88194, 34.97087, 137.0586, 35.16874], "geometry": {"type": "LineString", "coordinates": [[137.0586, 34.97087], [137.05796, 34.97157], [137.05775, 34.9718], [137.05754, 34.97203], [137.05729, 34.97229], [137.05658, 34.97304], [137.05641, 34.97325], [137.05622, 34.97346], [137.05596, 34.97375], [137.0558, 34.97392], [137.05516, 34.9746], [137.05435, 34.97549], [137.05366, 34.97624], [137.05348, 34.97643], [137.05337, 34.97654], [137.05267, 34.97733], [137.05209, 34.97797], [137.05198, 34.97809], [137.05187, 34.97821], [137.05173, 34.97835], [137.0511, 34.97907], [137.05074, 34.97945], [137.05049, 34.97972], [137.04992, 34.98033], [137.04971, 34.98054], [137.0494, 34.98088], [137.0493, 34.98097], [137.0487, 34.9816], [137.04819, 34.98213], [137.04804, 34.98227], [137.04788, 34.98241], [137.04729, 34.98295], [137.04671, 34.98346], [137.0465, 34.98364], [137.04621, 34.98388], [137.04531, 34.98467], [137.04376, 34.98595], [137.04358, 34.9861], [137.04297, 34.9866], [137.04279, 34.98674], [137.04239, 34.98705], [137.04233, 34.9871], [137.04227, 34.98714], [137.04149, 34.98777], [137.04134, 34.98789], [137.04106, 34.98812], [137.04064, 34.98846], [137.04018, 34.9888], [137.03948, 34.9893], [137.03923, 34.98946], [137.03904, 34.98959], [137.03885, 34.98972], [137.03807, 34.99024], [137.03727, 34.99078], [137.03695, 34.99098], [137.03667, 34.99116], [137.03601, 34.99159], [137.03431, 34.99272], [137.03407, 34.99288], [137.03359, 34.99318], [137.03335, 34.99334], [137.0333, 34.99337], [137.03253, 34.99389], [137.03189, 34.99431], [137.03134, 34.99467], [137.03085, 34.99499], [137.0307, 34.99509], [137.03053, 34.99521], [137.0299, 34.99563], [137.0297, 34.99576], [137.02957, 34.99585], [137.0288, 34.99634], [137.02866, 34.99644], [137.02847, 34.99658], [137.02813, 34.99678], [137.02798, 34.99688], [137.02791, 34.99694], [137.02716, 34.99743], [137.02686, 34.99762], [137.02578, 34.99831], [137.02502, 34.99881], [137.02484, 34.99893], [137.02398, 34.99949], [137.02307, 35.00007], [137.02178, 35.00092], [137.02138, 35.00117], [137.02044, 35.00178], [137.02024, 35.00191], [137.02003, 35.00205], [137.01955, 35.00236], [137.0186, 35.00296], [137.01814, 35.00325], [137.0153, 35.00508], [137.01487, 35.00538], [137.01406, 35.00591], [137.01358, 35.00622], [137.0116, 35.00751], [137.00695, 35.01057], [137.00637, 35.01095], [137.00546, 35.01153], [137.00507, 35.01179], [137.00427, 35.01233], [136.99807, 35.01638], [136.99704, 35.01704], [136.99406, 35.01895], [136.99301, 35.01963], [136.99295, 35.01967], [136.99263, 35.01987], [136.9907, 35.02112], [136.99059, 35.0212], [136.9901, 35.02151], [136.98953, 35.02188], [136.98849, 35.02255], [136.9865, 35.02384], [136.98088, 35.02746], [136.98023, 35.02788], [136.97945, 35.02839], [136.97913, 35.0286], [136.97769, 35.02954], [136.97725, 35.02983], [136.97561, 35.0309], [136.97371, 35.03211], [136.97098, 35.03386], [136.9708, 35.03398], [136.97012, 35.03442], [136.96872, 35.03534], [136.96854, 35.03545], [136.96846, 35.03551], [136.96829, 35.03562], [136.96811, 35.03574], [136.96788, 35.03589], [136.96722, 35.03633], [136.96589, 35.03722], [136.9651, 35.03776], [136.965, 35.03782], [136.96409, 35.03844], [136.96336, 35.03893], [136.96297, 35.03919], [136.96226, 35.03973], [136.96215, 35.03981], [136.96168, 35.04017], [136.96127, 35.04049], [136.96115, 35.04058], [136.9607, 35.04094], [136.96031, 35.04128], [136.96018, 35.04136], [136.95992, 35.04159], [136.95968, 35.04179], [136.959, 35.04237], [136.95841, 35.04292], [136.95819, 35.04312], [136.95786, 35.04343], [136.95673, 35.04463], [136.95611, 35.04528], [136.95515, 35.04636], [136.95487, 35.0467], [136.95457, 35.04706], [136.95358, 35.04834], [136.95328, 35.04877], [136.95299, 35.04919], [136.95278, 35.04949], [136.95231, 35.05017], [136.94977, 35.0541], [136.94832, 35.0564], [136.94786, 35.05712], [136.94771, 35.05737], [136.94721, 35.05816], [136.94694, 35.05859], [136.9468, 35.05882], [136.94529, 35.06119], [136.94514, 35.06144], [136.945, 35.06164], [136.94415, 35.06298], [136.94345, 35.06404], [136.94287, 35.06496], [136.94226, 35.06604], [136.94157, 35.06724], [136.94153, 35.0673], [136.94139, 35.06756], [136.94038, 35.0694], [136.93989, 35.07031], [136.93982, 35.07045], [136.93964, 35.07078], [136.93958, 35.07088], [136.9394, 35.07122], [136.93938, 35.07127], [136.93929, 35.07143], [136.93926, 35.07148], [136.93909, 35.0718], [136.9388, 35.07234], [136.93867, 35.07259], [136.93845, 35.07299], [136.93839, 35.0731], [136.93789, 35.07402], [136.93729, 35.07513], [136.93703, 35.0756], [136.93661, 35.07637], [136.93602, 35.07747], [136.93585, 35.07777], [136.93582, 35.07783], [136.93567, 35.0781], [136.93564, 35.07815], [136.93529, 35.07881], [136.93523, 35.07891], [136.93504, 35.07927], [136.93499, 35.07936], [136.9345, 35.08026], [136.93438, 35.08048], [136.93433, 35.08057], [136.93427, 35.08068], [136.93374, 35.08167], [136.93361, 35.08191], [136.93349, 35.08213], [136.93342, 35.08228], [136.93297, 35.08312], [136.93291, 35.08323], [136.93269, 35.08364], [136.93244, 35.08409], [136.93242, 35.08413], [136.93221, 35.08454], [136.93163, 35.08564], [136.93114, 35.08657], [136.93055, 35.08774], [136.92992, 35.08898], [136.92951, 35.08978], [136.92934, 35.09014], [136.9292, 35.09041], [136.92896, 35.09091], [136.92857, 35.09164], [136.92812, 35.09257], [136.92785, 35.09309], [136.92763, 35.09349], [136.92727, 35.09417], [136.92688, 35.09492], [136.92657, 35.09548], [136.92624, 35.09612], [136.92565, 35.09715], [136.92523, 35.09785], [136.92479, 35.09859], [136.92456, 35.09895], [136.92429, 35.0993], [136.92393, 35.09974], [136.92345, 35.10029], [136.92305, 35.10071], [136.92261, 35.10122], [136.92223, 35.1016], [136.92204, 35.10178], [136.92145, 35.10235], [136.92094, 35.10281], [136.9206, 35.10309], [136.91955, 35.10389], [136.91858, 35.1046], [136.91813, 35.10489], [136.91712, 35.10554], [136.91656, 35.1059], [136.91615, 35.10612], [136.91552, 35.10646], [136.91452, 35.10695], [136.91351, 35.10745], [136.91262, 35.10788], [136.91173, 35.10829], [136.91125, 35.1085], [136.91069, 35.10875], [136.90963, 35.10924], [136.90865, 35.1097], [136.90857, 35.10974], [136.90662, 35.11064], [136.90534, 35.11123], [136.90393, 35.11188], [136.90325, 35.11221], [136.90178, 35.11286], [136.9016, 35.11294], [136.90087, 35.11326], [136.89986, 35.11373], [136.89891, 35.11419], [136.89758, 35.11488], [136.89701, 35.1152], [136.89654, 35.11549], [136.89592, 35.11587], [136.89581, 35.11594], [136.89541, 35.11621], [136.89488, 35.11657], [136.89448, 35.11686], [136.89427, 35.11703], [136.89386, 35.11734], [136.89349, 35.11763], [136.89306, 35.118], [136.89278, 35.11823], [136.89254, 35.11846], [136.89232, 35.11867], [136.89171, 35.11926], [136.89118, 35.11978], [136.89088, 35.1201], [136.89045, 35.12057], [136.89005, 35.12108], [136.88966, 35.12157], [136.88946, 35.12184], [136.88924, 35.12215], [136.88904, 35.12244], [136.88876, 35.12282], [136.8886, 35.12306], [136.8884, 35.12339], [136.88821, 35.12369], [136.88806, 35.124], [136.88793, 35.12423], [136.88773, 35.12459], [136.88745, 35.12507], [136.88722, 35.12549], [136.88709, 35.12579], [136.88689, 35.12625], [136.88668, 35.12674], [136.88651, 35.12724], [136.88637, 35.12771], [136.88617, 35.1284], [136.88595, 35.12916], [136.88581, 35.12994], [136.88571, 35.1307], [136.88556, 35.13204], [136.88553, 35.13265], [136.88552, 35.13296], [136.88552, 35.13309], [136.88552, 35.13342], [136.88556, 35.13383], [136.88565, 35.13454], [136.88581, 35.13564], [136.88591, 35.13624], [136.88594, 35.13641], [136.88596, 35.13653], [136.88599, 35.13671], [136.88601, 35.1368], [136.88615, 35.13761], [136.88649, 35.13962], [136.88662, 35.14044], [136.88664, 35.14053], [136.88664, 35.14058], [136.88669, 35.14086], [136.88671, 35.14095], [136.88681, 35.14166], [136.88736, 35.14443], [136.88737, 35.14451], [136.88742, 35.14478], [136.88744, 35.14487], [136.88764, 35.14593], [136.88766, 35.14607], [136.88768, 35.14616], [136.88771, 35.14631], [136.88772, 35.14641], [136.88798, 35.14788], [136.88816, 35.14912], [136.88814, 35.15021], [136.88812, 35.15049], [136.88811, 35.15057], [136.88809, 35.15076], [136.88809, 35.15083], [136.88804, 35.15127], [136.88787, 35.15242], [136.88779, 35.15296], [136.88766, 35.15362], [136.8875, 35.15428], [136.88745, 35.15449], [136.88724, 35.15527], [136.88673, 35.15745], [136.88639, 35.15879], [136.8863, 35.15915], [136.88615, 35.15973], [136.8858, 35.16111], [136.8857, 35.16151], [136.88529, 35.16306], [136.88522, 35.16329], [136.88514, 35.16365], [136.88502, 35.16395], [136.88494, 35.16417], [136.88474, 35.16459], [136.88451, 35.16511], [136.88443, 35.16528], [136.88432, 35.16542], [136.88417, 35.16565], [136.88398, 35.16592], [136.88384, 35.1661], [136.88358, 35.16645], [136.88339, 35.16673], [136.88295, 35.16731], [136.88264, 35.16773], [136.88242, 35.16802], [136.88194, 35.16874]]}, "properties": {"id": "TRACK_TOKYO_0992", "line_name": "東海道新幹線", "station_group_ids": [], "mode": "shinkansen", "operator_id": "東海旅客鉄道", "line_color": "#1F78FF", "tags": ["tokyo", "track_centerline"]}}, {"type": "Feature", "bbox": [137.0586, 34.9672, 137.06199, 34.97087], "geometry": {"type": "LineString", "coordinates": [[137.06199, 34.9672], [137.06032, 34.96901], [137.0586, 34.97087]]}, "properties": {"id": "TRACK_TOKYO_0993", "line_name": "東海道新幹線", "station_group_ids": [], "mode": "shinkansen", "operator_id": "東海旅客鉄道", "line_color": "#1F78FF", "tags": ["tokyo", "track_centerline"]}}, {"type": "Feature", "bbox": [136.29005, 35.31672, 136.68425, 35.3694], "geometry": {"type": "LineString", "coordinates": [[136.29005, 35.31672], [136.2904, 35.31829], [136.29073, 35.31972], [136.29129, 35.3222], [136.29186, 35.32458], [136.29281, 35.32876], [136.29338, 35.33072], [136.29385, 35.33202], [136.29416, 35.33274], [136.29432, 35.33306], [136.29465, 35.33376], [136.29472, 35.33389], [136.29526, 35.33491], [136.29552, 35.33536], [136.29602, 35.33611], [136.29632, 35.33653], [136.29673, 35.33716], [136.297, 35.33751], [136.29821, 35.33899], [136.29918, 35.34008], [136.29993, 35.34092], [136.30021, 35.34124], [136.30085, 35.34196], [136.30154, 35.34272], [136.30315, 35.34444], [136.30357, 35.34489], [136.30438, 35.34577], [136.30549, 35.34694], [136.30631, 35.34779], [136.30714, 35.34865], [136.30727, 35.34878], [136.30763, 35.3491], [136.30796, 35.34939], [136.30818, 35.34955], [136.30867, 35.34994], [136.30964, 35.35069], [136.31034, 35.35117], [136.31075, 35.35145], [136.31107, 35.35166], [136.31123, 35.35176], [136.31215, 35.35232], [136.3128, 35.35266], [136.31328, 35.35292], [136.31442, 35.35349], [136.3152, 35.35385], [136.31617, 35.35424], [136.31668, 35.35442], [136.31714, 35.35458], [136.31784, 35.35482], [136.31855, 35.35503], [136.31935, 35.35525], [136.31983, 35.35539], [136.32179, 35.35584], [136.32308, 35.35614], [136.32461, 35.35649], [136.32621, 35.35686], [136.32651, 35.35693], [136.32786, 35.35725], [136.32983, 35.35771], [136.33151, 35.35809], [136.33375, 35.35861], [136.33595, 35.35911], [136.33708, 35.35941], [136.33719, 35.35944], [136.3373, 35.35947], [136.33759, 35.35954], [136.33779, 35.35961], [136.3382, 35.35972], [136.33882, 35.35995], [136.34018, 35.3604], [136.34072, 35.36057], [136.34249, 35.36117], [136.34308, 35.36136], [136.34341, 35.36148], [136.34477, 35.36193], [136.34652, 35.36252], [136.34674, 35.36259], [136.34764, 35.36289], [136.34834, 35.36312], [136.34897, 35.36334], [136.34923, 35.36343], [136.34961, 35.36356], [136.34992, 35.36366], [136.35169, 35.36425], [136.35385, 35.36496], [136.35471, 35.36525], [136.35514, 35.36537], [136.35709, 35.36592], [136.35856, 35.36627], [136.35916, 35.36641], [136.35952, 35.36648], [136.3601, 35.36657], [136.36034, 35.36658], [136.36059, 35.36664], [136.36102, 35.36671], [136.36156, 35.36681], [136.36239, 35.36692], [136.36354, 35.36703], [136.36411, 35.36707], [136.36466, 35.3671], [136.36581, 35.36713], [136.36741, 35.36713], [136.36833, 35.36714], [136.36875, 35.36715], [136.36908, 35.36715], [136.36928, 35.36715], [136.37121, 35.3671], [136.37179, 35.3671], [136.3721, 35.36709], [136.37424, 35.36704], [136.3756, 35.36694], [136.3769, 35.3668], [136.37807, 35.36665], [136.37898, 35.3665], [136.37961, 35.36639], [136.37995, 35.36632], [136.38105, 35.36609], [136.38276, 35.36569], [136.38426, 35.36536], [136.38649, 35.36484], [136.38791, 35.36451], [136.38998, 35.36403], [136.39123, 35.36374], [136.39238, 35.36346], [136.39304, 35.36331], [136.39369, 35.36315], [136.39537, 35.36276], [136.3968, 35.36244], [136.39779, 35.36226], [136.39888, 35.36208], [136.39954, 35.36199], [136.40056, 35.36187], [136.40125, 35.36182], [136.40164, 35.36179], [136.40265, 35.36173], [136.40316, 35.3617], [136.40373, 35.36166], [136.40407, 35.36164], [136.40509, 35.3616], [136.40542, 35.36155], [136.40634, 35.36149], [136.40835, 35.36136], [136.41262, 35.36108], [136.41339, 35.36103], [136.41502, 35.36092], [136.41741, 35.36076], [136.42093, 35.36052], [136.42572, 35.36019], [136.42606, 35.36017], [136.42688, 35.36011], [136.42924, 35.35993], [136.4335, 35.35965], [136.43558, 35.35951], [136.43711, 35.3594], [136.43779, 35.35935], [136.4384, 35.3593], [136.43855, 35.35929], [136.4411, 35.35902], [136.44225, 35.35889], [136.4436, 35.35868], [136.44384, 35.35864], [136.44517, 35.35838], [136.44573, 35.35828], [136.44696, 35.35804], [136.44759, 35.35792], [136.44953, 35.35754], [136.45001, 35.35745], [136.45078, 35.3573], [136.45143, 35.35719], [136.45355, 35.35679], [136.45431, 35.35669], [136.45487, 35.3566], [136.45518, 35.35657], [136.45562, 35.35651], [136.45649, 35.35644], [136.45704, 35.35641], [136.45803, 35.35634], [136.45833, 35.35633], [136.45942, 35.35634], [136.46039, 35.35638], [136.46184, 35.35649], [136.46224, 35.35652], [136.46274, 35.35657], [136.46311, 35.35662], [136.46416, 35.35677], [136.46516, 35.35691], [136.46548, 35.35697], [136.46647, 35.35716], [136.46801, 35.35744], [136.47011, 35.35784], [136.47113, 35.35804], [136.47205, 35.35828], [136.47306, 35.35857], [136.47373, 35.35875], [136.47491, 35.35913], [136.47631, 35.35965], [136.47959, 35.36096], [136.4808, 35.36144], [136.48445, 35.36292], [136.48482, 35.36307], [136.48669, 35.36381], [136.48682, 35.36387], [136.48741, 35.36411], [136.48769, 35.36422], [136.48857, 35.36457], [136.48873, 35.36464], [136.48888, 35.3647], [136.49001, 35.36517], [136.49187, 35.36591], [136.49361, 35.36661], [136.49538, 35.36729], [136.49663, 35.36772], [136.49708, 35.36788], [136.49805, 35.36812], [136.49931, 35.36844], [136.50044, 35.36872], [136.50212, 35.36904], [136.50315, 35.36918], [136.50441, 35.36929], [136.50454, 35.3693], [136.50456, 35.3693], [136.50485, 35.36931], [136.50674, 35.3694], [136.50843, 35.36939], [136.50913, 35.36935], [136.50933, 35.36934], [136.50958, 35.36932], [136.51075, 35.36921], [136.51106, 35.36918], [136.51124, 35.36917], [136.51254, 35.36901], [136.51322, 35.36891], [136.51351, 35.36887], [136.51571, 35.36853], [136.5166, 35.3684], [136.51698, 35.36834], [136.51972, 35.36793], [136.51987, 35.3679], [136.52003, 35.36788], [136.52016, 35.36785], [136.52072, 35.36776], [136.52094, 35.36773], [136.52144, 35.36764], [136.52188, 35.36757], [136.52224, 35.36751], [136.52232, 35.36749], [136.52258, 35.36744], [136.52281, 35.36739], [136.52294, 35.36736], [136.52305, 35.36733], [136.52362, 35.36721], [136.52382, 35.36713], [136.52486, 35.36678], [136.52611, 35.36629], [136.52736, 35.3658], [136.5282, 35.36547], [136.52865, 35.3653], [136.53025, 35.36459], [136.5304, 35.36452], [136.53045, 35.3645], [136.53056, 35.36444], [136.53194, 35.36367], [136.53303, 35.36299], [136.53343, 35.36273], [136.53362, 35.36262], [136.53378, 35.36252], [136.53452, 35.36205], [136.53526, 35.36159], [136.5355, 35.36143], [136.53616, 35.36101], [136.53691, 35.36053], [136.53843, 35.35957], [136.53851, 35.35952], [136.53897, 35.35923], [136.53957, 35.35884], [136.54182, 35.35741], [136.5428, 35.35679], [136.54362, 35.35628], [136.54586, 35.35489], [136.54798, 35.35367], [136.54888, 35.35324], [136.55049, 35.3525], [136.55062, 35.35244], [136.55167, 35.35201], [136.55256, 35.35172], [136.55339, 35.35144], [136.55448, 35.35111], [136.55467, 35.35106], [136.55719, 35.35046], [136.55745, 35.3504], [136.55774, 35.35034], [136.5583, 35.35024], [136.55941, 35.35003], [136.56011, 35.34993], [136.56039, 35.3499], [136.5612, 35.34978], [136.56138, 35.34977], [136.56251, 35.34964], [136.56252, 35.34964], [136.56374, 35.34957], [136.56376, 35.34957], [136.5643, 35.34955], [136.56578, 35.34951], [136.56875, 35.34941], [136.57104, 35.34934], [136.57721, 35.34911], [136.57896, 35.34906], [136.58326, 35.34893], [136.58339, 35.34893], [136.58451, 35.34889], [136.58635, 35.34883], [136.58668, 35.34882], [136.5885, 35.34875], [136.58881, 35.34874], [136.5898, 35.34871], [136.59029, 35.3487], [136.59431, 35.34856], [136.59495, 35.34853], [136.59627, 35.34849], [136.60206, 35.34803], [136.6041, 35.34786], [136.60598, 35.34771], [136.60816, 35.34752], [136.61436, 35.34704], [136.61701, 35.34682], [136.61973, 35.3466], [136.62207, 35.34641], [136.62637, 35.34604], [136.62828, 35.3459], [136.62883, 35.34585], [136.63103, 35.34568], [136.63184, 35.34561], [136.63215, 35.34559], [136.63261, 35.34555], [136.63342, 35.34549], [136.63414, 35.34544], [136.63441, 35.34541], [136.63509, 35.34536], [136.63545, 35.34531], [136.63608, 35.34523], [136.63642, 35.34519], [136.63756, 35.34499], [136.63892, 35.34467], [136.64033, 35.3443], [136.6415, 35.34397], [136.64176, 35.34389], [136.64285, 35.34351], [136.64316, 35.34341], [136.64469, 35.34284], [136.64658, 35.34205], [136.64877, 35.34114], [136.65086, 35.34031], [136.652, 35.33985], [136.65234, 35.33972], [136.6527, 35.33956], [136.65507, 35.3386], [136.65525, 35.33852], [136.6556, 35.33838], [136.65614, 35.33815], [136.6564, 35.33805], [136.65797, 35.33738], [136.65834, 35.33724], [136.65904, 35.33695], [136.65993, 35.33654], [136.66119, 35.3359], [136.66234, 35.33526], [136.6631, 35.33481], [136.66387, 35.3343], [136.66419, 35.33408], [136.66457, 35.33381], [136.66489, 35.33356], [136.66573, 35.33285], [136.66696, 35.3318], [136.66856, 35.33044], [136.67006, 35.32918], [136.67199, 35.32752], [136.67381, 35.32598], [136.67403, 35.32579], [136.67419, 35.32565], [136.67478, 35.32514], [136.67617, 35.32395], [136.67725, 35.32303], [136.67856, 35.32191], [136.68078, 35.32], [136.68238, 35.31863], [136.68271, 35.31831], [136.68313, 35.31795], [136.68425, 35.31701]]}, "properties": {"id": "TRACK_TOKYO_0994", "line_name": "東海道新幹線", "station_group_ids": [], "mode": "shinkansen", "operator_id": "東海旅客鉄道", "line_color": "#1F78FF", "tags": ["tokyo", "track_centerline"]}}, {"type": "Feature", "bbox": [136.28889, 35.31326, 136.29005, 35.31672], "geometry": {"type": "LineString", "coordinates": [[136.29005, 35.31672], [136.28963, 35.31519], [136.28889, 35.31326]]}, "properties": {"id": "TRACK_TOKYO_0995", "line_name": "東海道新幹線", "station_group_ids": [], "mode": "shinkansen", "operator_id": "東海旅客鉄道", "line_color": "#1F78FF", "tags": ["tokyo", "track_centerline"]}}, {"type": "Feature", "bbox": [136.01835, 35.05779, 136.28889, 35.31326], "geometry": {"type": "LineString", "coordinates": [[136.28889, 35.31326], [136.28853, 35.31237], [136.28763, 35.31016], [136.28672, 35.30787], [136.28624, 35.30672], [136.28537, 35.30446], [136.28517, 35.30395], [136.28457, 35.3024], [136.2836, 35.29988], [136.28342, 35.29939], [136.28306, 35.29823], [136.28295, 35.29778], [136.2828, 35.29714], [136.28279, 35.29706], [136.28262, 35.29591], [136.28236, 35.29399], [136.28211, 35.29198], [136.28179, 35.28932], [136.28175, 35.28903], [136.28136, 35.2859], [136.28133, 35.28561], [136.28125, 35.28496], [136.28101, 35.28302], [136.28087, 35.28188], [136.28082, 35.28153], [136.28079, 35.28122], [136.28076, 35.28094], [136.28046, 35.27857], [136.28026, 35.27692], [136.27999, 35.27468], [136.27914, 35.26795], [136.27869, 35.2647], [136.27864, 35.26438], [136.27846, 35.26342], [136.27828, 35.26258], [136.2782, 35.26219], [136.27808, 35.2618], [136.27747, 35.25998], [136.27715, 35.25922], [136.27681, 35.25848], [136.27649, 35.2578], [136.27594, 35.25672], [136.27531, 35.25551], [136.27407, 35.25321], [136.27374, 35.25253], [136.27368, 35.25241], [136.27357, 35.25222], [136.27355, 35.25216], [136.27351, 35.25209], [136.27338, 35.25185], [136.27293, 35.25102], [136.27289, 35.25094], [136.27274, 35.25067], [136.27221, 35.24966], [136.27201, 35.24928], [136.27199, 35.24926], [136.27197, 35.24923], [136.27176, 35.24882], [136.27174, 35.24878], [136.27166, 35.24863], [136.2715, 35.24833], [136.27145, 35.24826], [136.27128, 35.24793], [136.27122, 35.24781], [136.27109, 35.24757], [136.27091, 35.24723], [136.27053, 35.24652], [136.27047, 35.24641], [136.27042, 35.24629], [136.27013, 35.24575], [136.26976, 35.24508], [136.26972, 35.245], [136.26938, 35.24435], [136.26923, 35.24406], [136.26911, 35.24383], [136.26894, 35.2435], [136.26881, 35.24326], [136.26868, 35.243], [136.26856, 35.24277], [136.26832, 35.24233], [136.2683, 35.24227], [136.26828, 35.24226], [136.26802, 35.24175], [136.26799, 35.2417], [136.26786, 35.24145], [136.26715, 35.24011], [136.26631, 35.23851], [136.26581, 35.23757], [136.2655, 35.23698], [136.26494, 35.23592], [136.26478, 35.23562], [136.26443, 35.23495], [136.26428, 35.23465], [136.26424, 35.23458], [136.26414, 35.23439], [136.26384, 35.23381], [136.26379, 35.23375], [136.26377, 35.2337], [136.26298, 35.23233], [136.26295, 35.23228], [136.2628, 35.23204], [136.26268, 35.23186], [136.26258, 35.2317], [136.26247, 35.23155], [136.26233, 35.23135], [136.26217, 35.23111], [136.26213, 35.23105], [136.26207, 35.23097], [136.26191, 35.23075], [136.26164, 35.2304], [136.26137, 35.23006], [136.26098, 35.22958], [136.26089, 35.22949], [136.2605, 35.22905], [136.26048, 35.22902], [136.26021, 35.22873], [136.26004, 35.22854], [136.25889, 35.22728], [136.25877, 35.22715], [136.25873, 35.2271], [136.25871, 35.22709], [136.2582, 35.22653], [136.25796, 35.22627], [136.25787, 35.22618], [136.2577, 35.22598], [136.25768, 35.22596], [136.2575, 35.22578], [136.257, 35.22525], [136.25537, 35.22351], [136.25529, 35.22343], [136.25477, 35.22287], [136.25448, 35.22256], [136.2537, 35.22173], [136.25315, 35.22114], [136.25306, 35.22103], [136.25304, 35.22102], [136.25272, 35.22068], [136.2527, 35.22066], [136.25262, 35.22057], [136.25253, 35.22048], [136.25232, 35.22026], [136.25228, 35.22021], [136.25134, 35.21921], [136.2512, 35.21905], [136.25096, 35.2188], [136.2509, 35.21873], [136.25047, 35.21828], [136.25018, 35.21796], [136.24983, 35.21759], [136.24967, 35.21743], [136.24963, 35.21738], [136.2492, 35.21693], [136.24918, 35.2169], [136.24911, 35.21683], [136.24835, 35.21601], [136.24813, 35.21578], [136.24801, 35.21565], [136.24725, 35.21484], [136.24711, 35.21468], [136.24694, 35.21452], [136.24589, 35.21337], [136.24533, 35.21277], [136.24381, 35.21115], [136.24353, 35.21085], [136.24291, 35.21019], [136.24213, 35.20936], [136.24204, 35.20927], [136.24163, 35.20881], [136.24097, 35.20813], [136.24004, 35.20713], [136.23972, 35.20677], [136.23965, 35.20671], [136.23854, 35.20555], [136.2363, 35.20316], [136.23531, 35.20211], [136.23361, 35.2003], [136.23239, 35.19902], [136.23187, 35.19846], [136.23086, 35.1974], [136.23017, 35.19667], [136.2301, 35.1966], [136.22965, 35.19611], [136.22847, 35.19485], [136.22738, 35.19367], [136.22671, 35.19295], [136.22563, 35.19179], [136.22511, 35.19119], [136.22477, 35.19077], [136.22345, 35.18904], [136.22302, 35.18845], [136.22256, 35.18784], [136.22224, 35.18742], [136.22182, 35.18685], [136.2208, 35.18551], [136.21999, 35.18441], [136.21976, 35.18411], [136.21863, 35.1826], [136.21794, 35.18169], [136.21705, 35.18049], [136.21608, 35.1792], [136.21538, 35.17829], [136.21483, 35.17754], [136.21354, 35.17582], [136.21305, 35.17517], [136.21187, 35.1736], [136.21056, 35.17183], [136.20987, 35.17087], [136.20917, 35.16988], [136.20859, 35.16914], [136.20833, 35.1688], [136.20812, 35.1685], [136.20598, 35.16563], [136.20561, 35.16516], [136.20523, 35.16467], [136.20472, 35.16397], [136.20384, 35.1628], [136.20217, 35.16057], [136.20205, 35.16041], [136.20104, 35.15906], [136.20021, 35.15795], [136.19962, 35.15715], [136.19944, 35.1569], [136.19929, 35.15671], [136.19911, 35.15646], [136.19899, 35.15631], [136.19884, 35.15612], [136.19863, 35.15582], [136.19814, 35.15517], [136.19805, 35.15504], [136.19792, 35.1549], [136.19779, 35.15473], [136.19749, 35.15435], [136.19626, 35.15282], [136.19557, 35.15202], [136.19471, 35.15108], [136.19469, 35.15107], [136.19454, 35.15091], [136.19325, 35.14974], [136.19264, 35.14921], [136.1915, 35.14832], [136.19127, 35.14817], [136.19109, 35.14803], [136.19064, 35.14772], [136.19001, 35.1473], [136.18921, 35.14676], [136.18818, 35.14613], [136.18798, 35.14601], [136.18779, 35.1459], [136.18719, 35.14555], [136.18606, 35.14492], [136.18521, 35.14449], [136.18492, 35.14433], [136.18441, 35.14405], [136.18362, 35.1436], [136.18285, 35.14317], [136.18238, 35.14291], [136.18222, 35.14282], [136.18168, 35.14252], [136.1815, 35.14241], [136.18125, 35.14228], [136.18109, 35.14219], [136.17845, 35.14073], [136.17719, 35.14003], [136.17677, 35.13979], [136.17592, 35.13932], [136.17562, 35.13915], [136.17506, 35.13885], [136.174, 35.13826], [136.17321, 35.13783], [136.1728, 35.1376], [136.1726, 35.13749], [136.1713, 35.1368], [136.17067, 35.13646], [136.16978, 35.13599], [136.16941, 35.13578], [136.16935, 35.13576], [136.16869, 35.1354], [136.16847, 35.13529], [136.1684, 35.13526], [136.16751, 35.13478], [136.167, 35.1345], [136.16659, 35.13429], [136.16614, 35.13404], [136.16585, 35.13388], [136.16552, 35.13371], [136.16524, 35.13357], [136.16511, 35.1335], [136.16499, 35.13343], [136.16443, 35.13315], [136.16362, 35.13275], [136.16327, 35.13259], [136.16321, 35.13256], [136.16316, 35.13254], [136.16313, 35.13253], [136.1631, 35.13251], [136.16277, 35.13236], [136.16166, 35.13189], [136.16161, 35.13188], [136.16042, 35.13139], [136.16033, 35.13135], [136.16023, 35.1313], [136.16012, 35.13127], [136.15983, 35.13114], [136.15934, 35.13094], [136.15932, 35.13092], [136.15918, 35.13087], [136.15913, 35.13086], [136.15769, 35.13027], [136.1574, 35.13015], [136.15707, 35.13001], [136.15649, 35.12977], [136.15614, 35.12963], [136.15583, 35.12951], [136.15532, 35.1293], [136.15508, 35.12921], [136.15483, 35.12911], [136.15458, 35.129], [136.15448, 35.12896], [136.15361, 35.1286], [136.15344, 35.12854], [136.15329, 35.12847], [136.15277, 35.12825], [136.15131, 35.12766], [136.15099, 35.12754], [136.15051, 35.12734], [136.15018, 35.12721], [136.14991, 35.1271], [136.14805, 35.12634], [136.14757, 35.12614], [136.14746, 35.1261], [136.14718, 35.12598], [136.14602, 35.1255], [136.146, 35.12549], [136.14584, 35.12543], [136.14571, 35.12537], [136.14395, 35.12466], [136.14386, 35.12462], [136.14259, 35.1241], [136.1409, 35.12341], [136.14067, 35.12331], [136.13962, 35.12288], [136.13868, 35.12249], [136.13848, 35.12241], [136.13837, 35.12237], [136.13766, 35.12207], [136.13764, 35.12206], [136.13669, 35.12167], [136.13589, 35.12134], [136.13501, 35.12098], [136.13492, 35.12095], [136.1346, 35.12082], [136.13445, 35.12075], [136.13412, 35.1206], [136.13357, 35.12037], [136.13332, 35.12027], [136.13322, 35.12022], [136.13245, 35.1199], [136.1317, 35.11956], [136.13166, 35.11955], [136.13141, 35.11944], [136.13137, 35.11942], [136.13108, 35.11928], [136.13078, 35.11915], [136.13073, 35.11912], [136.13063, 35.11908], [136.12997, 35.11877], [136.12984, 35.11872], [136.12961, 35.11861], [136.12904, 35.11834], [136.12841, 35.11805], [136.12745, 35.11758], [136.12677, 35.11725], [136.12655, 35.11715], [136.12636, 35.11706], [136.12604, 35.1169], [136.12574, 35.11676], [136.12507, 35.11644], [136.12364, 35.11575], [136.12335, 35.11562], [136.12312, 35.11551], [136.1226, 35.11527], [136.12231, 35.11512], [136.12213, 35.11505], [136.1191, 35.11358], [136.11623, 35.11222], [136.11588, 35.11205], [136.11424, 35.11129], [136.11331, 35.11085], [136.11141, 35.10999], [136.10889, 35.10895], [136.10782, 35.1085], [136.10503, 35.1074], [136.1035, 35.10679], [136.10307, 35.10662], [136.10244, 35.10636], [136.10025, 35.10546], [136.09773, 35.10446], [136.09539, 35.10353], [136.09347, 35.10276], [136.09287, 35.10251], [136.09108, 35.1018], [136.08844, 35.10074], [136.08565, 35.09962], [136.08447, 35.09914], [136.08382, 35.09888], [136.08306, 35.09858], [136.08095, 35.09773], [136.07783, 35.09648], [136.07553, 35.09554], [136.07391, 35.09484], [136.07359, 35.09471], [136.07152, 35.09376], [136.06959, 35.09289], [136.06789, 35.09208], [136.06625, 35.09127], [136.06432, 35.0902], [136.06221, 35.08902], [136.06083, 35.08822], [136.05899, 35.08708], [136.05868, 35.08689], [136.05811, 35.08655], [136.05699, 35.08583], [136.05548, 35.08488], [136.05394, 35.08388], [136.05226, 35.08281], [136.05171, 35.08245], [136.04988, 35.08128], [136.04956, 35.08107], [136.04887, 35.08062], [136.04846, 35.08036], [136.04841, 35.08033], [136.04803, 35.08009], [136.04743, 35.07972], [136.04709, 35.07949], [136.04635, 35.07902], [136.04566, 35.07857], [136.04559, 35.07854], [136.04555, 35.0785], [136.04481, 35.07803], [136.04408, 35.07757], [136.04396, 35.07749], [136.04381, 35.07739], [136.04299, 35.07687], [136.04211, 35.0763], [136.04208, 35.07629], [136.04138, 35.07584], [136.04101, 35.07558], [136.04053, 35.07528], [136.04003, 35.07495], [136.03966, 35.07471], [136.03947, 35.07458], [136.03918, 35.07442], [136.03751, 35.07333], [136.03745, 35.07328], [136.03645, 35.07264], [136.03638, 35.07259], [136.03565, 35.07212], [136.03538, 35.07194], [136.0352, 35.07183], [136.03451, 35.07138], [136.03441, 35.07132], [136.0341, 35.07112], [136.03355, 35.07077], [136.03346, 35.07071], [136.03305, 35.07045], [136.0327, 35.07021], [136.03268, 35.0702], [136.03262, 35.07017], [136.0323, 35.06996], [136.03099, 35.06911], [136.03082, 35.06898], [136.03067, 35.06889], [136.03038, 35.06869], [136.02988, 35.06834], [136.02936, 35.06799], [136.02905, 35.06775], [136.02842, 35.06728], [136.02792, 35.06689], [136.0278, 35.06679], [136.02679, 35.06598], [136.02587, 35.06521], [136.02545, 35.06484], [136.02516, 35.06459], [136.02511, 35.06454], [136.0249, 35.06434], [136.02453, 35.06401], [136.02339, 35.06288], [136.02316, 35.06266], [136.02272, 35.06218], [136.02251, 35.06196], [136.02231, 35.06176], [136.02184, 35.06126], [136.02029, 35.0597], [136.0198, 35.05923], [136.01935, 35.05877], [136.01908, 35.05851], [136.0188, 35.05823], [136.01847, 35.0579], [136.01835, 35.05779]]}, "properties": {"id": "TRACK_TOKYO_0996", "line_name": "東海道新幹線", "station_group_ids": [], "mode": "shinkansen", "operator_id": "東海旅客鉄道", "line_color": "#1F78FF", "tags": ["tokyo", "track_centerline"]}}, {"type": "Feature", "bbox": [135.76127, 34.96932, 136.01835, 35.05779], "geometry": {"type": "LineString", "coordinates": [[136.01835, 35.05779], [136.01827, 35.0577], [136.01715, 35.0566], [136.01686, 35.05631], [136.01675, 35.0562], [136.0167, 35.05616], [136.01661, 35.05606], [136.01578, 35.05523], [136.01543, 35.05489], [136.0148, 35.05426], [136.01463, 35.05408], [136.01441, 35.05387], [136.01384, 35.05331], [136.01299, 35.05247], [136.01272, 35.05221], [136.01201, 35.05151], [136.01138, 35.05091], [136.01087, 35.05041], [136.01065, 35.05019], [136.00928, 35.04886], [136.00923, 35.04881], [136.00908, 35.04866], [136.00856, 35.04815], [136.0082, 35.04781], [136.00754, 35.04715], [136.00642, 35.04605], [136.00621, 35.04585], [136.00618, 35.0458], [136.0056, 35.04524], [136.00525, 35.04489], [136.00495, 35.04459], [136.00493, 35.04456], [136.00426, 35.04391], [136.00353, 35.04317], [136.00336, 35.043], [136.00295, 35.04258], [136.00286, 35.0425], [136.00278, 35.04241], [136.00236, 35.04199], [136.00233, 35.04195], [136.00231, 35.04193], [136.00184, 35.04146], [136.0018, 35.04143], [136.00163, 35.04126], [136.00139, 35.04101], [136.0013, 35.04092], [136.00119, 35.0408], [136.00113, 35.04073], [136.00105, 35.04067], [136.00085, 35.04047], [136.00075, 35.04036], [136.00039, 35.04001], [136.0003, 35.0399], [135.99977, 35.03939], [135.99961, 35.03923], [135.99951, 35.03913], [135.99916, 35.03878], [135.99744, 35.03708], [135.99734, 35.03698], [135.99726, 35.03689], [135.99714, 35.03675], [135.99626, 35.0359], [135.9953, 35.03498], [135.99481, 35.03448], [135.99349, 35.03318], [135.99271, 35.03239], [135.99244, 35.03212], [135.99162, 35.03127], [135.99122, 35.03089], [135.99095, 35.03062], [135.98967, 35.02936], [135.98942, 35.02911], [135.98895, 35.02864], [135.98859, 35.02828], [135.98774, 35.02742], [135.98696, 35.02664], [135.98675, 35.02642], [135.98623, 35.0259], [135.98486, 35.02454], [135.98404, 35.02372], [135.98371, 35.02339], [135.98223, 35.02184], [135.98196, 35.02154], [135.98176, 35.02133], [135.98005, 35.0194], [135.97969, 35.019], [135.9792, 35.01842], [135.97909, 35.01828], [135.97863, 35.01774], [135.97832, 35.01737], [135.97773, 35.01669], [135.97745, 35.01637], [135.97709, 35.01596], [135.97561, 35.01421], [135.97469, 35.01315], [135.9745, 35.01292], [135.97349, 35.0117], [135.9721, 35.01012], [135.97121, 35.00908], [135.97065, 35.00843], [135.97024, 35.00797], [135.96942, 35.00701], [135.96834, 35.00574], [135.96712, 35.00433], [135.9664, 35.00348], [135.96618, 35.00323], [135.96601, 35.00303], [135.96482, 35.00172], [135.9638, 35.0006], [135.96316, 34.99997], [135.96249, 34.99932], [135.96214, 34.99902], [135.9613, 34.9983], [135.96045, 34.99763], [135.96018, 34.99741], [135.95923, 34.99663], [135.95863, 34.99614], [135.95703, 34.99482], [135.95565, 34.99369], [135.95466, 34.99288], [135.95443, 34.99269], [135.95368, 34.99208], [135.9533, 34.99177], [135.95273, 34.99128], [135.95237, 34.99099], [135.95227, 34.99091], [135.95202, 34.9907], [135.95131, 34.99013], [135.95074, 34.98968], [135.94943, 34.98858], [135.94812, 34.98751], [135.94739, 34.98691], [135.94642, 34.98611], [135.94557, 34.98542], [135.94477, 34.98477], [135.94454, 34.98458], [135.94399, 34.98413], [135.94387, 34.98403], [135.94288, 34.98321], [135.94227, 34.98272], [135.94205, 34.98253], [135.94161, 34.98218], [135.9402, 34.98102], [135.93911, 34.98013], [135.93819, 34.97939], [135.93738, 34.97873], [135.9365, 34.97798], [135.93526, 34.97698], [135.93414, 34.97607], [135.93331, 34.97539], [135.93223, 34.97461], [135.93176, 34.97427], [135.93137, 34.97398], [135.92999, 34.97315], [135.92941, 34.97284], [135.9288, 34.97252], [135.92621, 34.97141], [135.9243, 34.97076], [135.92255, 34.97026], [135.92115, 34.96992], [135.91915, 34.96958], [135.91895, 34.96953], [135.91764, 34.96941], [135.91709, 34.96936], [135.91603, 34.96932], [135.91451, 34.96934], [135.91234, 34.96948], [135.91068, 34.9696], [135.90689, 34.96985], [135.90273, 34.97017], [135.90154, 34.97029], [135.90121, 34.97033], [135.89992, 34.97054], [135.89966, 34.9706], [135.8988, 34.97077], [135.89815, 34.9709], [135.89793, 34.97094], [135.89777, 34.97097], [135.89637, 34.97123], [135.89494, 34.97151], [135.8945, 34.9716], [135.89425, 34.97164], [135.89389, 34.97172], [135.89372, 34.97175], [135.89311, 34.97187], [135.89235, 34.97202], [135.89208, 34.97208], [135.89169, 34.97215], [135.89098, 34.97228], [135.8897, 34.97245], [135.88939, 34.97251], [135.8879, 34.97273], [135.88756, 34.97277], [135.88583, 34.973], [135.88492, 34.97313], [135.88445, 34.9732], [135.88308, 34.9734], [135.88277, 34.97344], [135.88048, 34.97378], [135.88019, 34.97383], [135.87942, 34.97394], [135.87558, 34.97447], [135.87215, 34.97492], [135.86863, 34.97531], [135.86488, 34.97573], [135.86209, 34.97604], [135.85505, 34.97685], [135.8539, 34.97699], [135.85208, 34.97719], [135.8509, 34.97733], [135.8463, 34.97782], [135.8411, 34.97841], [135.84006, 34.97852], [135.83384, 34.9792], [135.83011, 34.97961], [135.8291, 34.97974], [135.82858, 34.97981], [135.82694, 34.98001], [135.82677, 34.98003], [135.82277, 34.98052], [135.82096, 34.98071], [135.82083, 34.98072], [135.81964, 34.98085], [135.81833, 34.98095], [135.81633, 34.98108], [135.81552, 34.98111], [135.81448, 34.98113], [135.8099, 34.98119], [135.8087, 34.98121], [135.8041, 34.98126], [135.80079, 34.98131], [135.79974, 34.98132], [135.79882, 34.98138], [135.79814, 34.98144], [135.79674, 34.98159], [135.7957, 34.98173], [135.79343, 34.98207], [135.79145, 34.98235], [135.78912, 34.98273], [135.78597, 34.98323], [135.78385, 34.98353], [135.78183, 34.98383], [135.77092, 34.98542], [135.76962, 34.98535], [135.76935, 34.98534], [135.76922, 34.98533], [135.76878, 34.98531], [135.76861, 34.9853], [135.76795, 34.98527], [135.76655, 34.98521], [135.7656, 34.98514], [135.76294, 34.98487], [135.76127, 34.98466]]}, "properties": {"id": "TRACK_TOKYO_0997", "line_name": "東海道新幹線", "station_group_ids": [], "mode": "shinkansen", "operator_id": "東海旅客鉄道", "line_color": "#1F78FF", "tags": ["tokyo", "track_centerline"]}}, {"type": "Feature", "bbox": [135.75684, 34.98459, 135.76127, 34.98466], "geometry": {"type": "LineString", "coordinates": [[135.75684, 34.98459], [135.75692, 34.98459], [135.76127, 34.98466]]}, "properties": {"id": "TRACK_TOKYO_0998", "line_name": "東海道新幹線", "station_group_ids": [], "mode": "shinkansen", "operator_id": "東海旅客鉄道", "line_color": "#1F78FF", "tags": ["tokyo", "track_centerline"]}}, {"type": "Feature", "bbox": [135.49791, 34.73268, 135.50238, 34.73412], "geometry": {"type": "LineString", "coordinates": [[135.49791, 34.73268], [135.50238, 34.73412]]}, "properties": {"id": "TRACK_TOKYO_0999", "line_name": "東海道新幹線", "station_group_ids": [], "mode": "shinkansen", "operator_id": "東海旅客鉄道", "line_color": "#1F78FF", "tags": ["tokyo", "track_centerline"]}}, {"type": "Feature", "bbox": [135.50238, 34.73412, 135.50412, 34.73509], "geometry": {"type": "LineString", "coordinates": [[135.50238, 34.73412], [135.5025, 34.73419], [135.50354, 34.73476], [135.50412, 34.73509]]}, "properties": {"id": "TRACK_TOKYO_1000", "line_name": "東海道新幹線", "station_group_ids": [], "mode": "shinkansen", "operator_id": "東海旅客鉄道", "line_color": "#1F78FF", "tags": ["tokyo", "track_centerline"]}}, {"type": "Feature", "bbox": [135.50412, 34.73509, 135.75684, 34.98481], "geometry": {"type": "LineString", "coordinates": [[135.50412, 34.73509], [135.5058, 34.73587], [135.50593, 34.73593], [135.50612, 34.73602], [135.50654, 34.73621], [135.50688, 34.73637], [135.50772, 34.73676], [135.50798, 34.73688], [135.50832, 34.73708], [135.5084, 34.73713], [135.50963, 34.73828], [135.51054, 34.73914], [135.51066, 34.73925], [135.51119, 34.73974], [135.51173, 34.74027], [135.51175, 34.74029], [135.51179, 34.74032], [135.51218, 34.74068], [135.5124, 34.74089], [135.51265, 34.74113], [135.5129, 34.74137], [135.51315, 34.74159], [135.5137, 34.74209], [135.51385, 34.74222], [135.51391, 34.74227], [135.51394, 34.74229], [135.51421, 34.74255], [135.51472, 34.74295], [135.51552, 34.74351], [135.51555, 34.74353], [135.51617, 34.74386], [135.51677, 34.74413], [135.51714, 34.74428], [135.51751, 34.74443], [135.51805, 34.74458], [135.51884, 34.74477], [135.51941, 34.74489], [135.52011, 34.745], [135.52098, 34.74514], [135.52169, 34.74524], [135.52219, 34.74531], [135.52652, 34.74589], [135.52962, 34.7463], [135.53081, 34.74648], [135.53194, 34.74668], [135.53259, 34.74683], [135.53318, 34.74696], [135.53416, 34.74725], [135.53518, 34.74757], [135.53608, 34.74786], [135.53718, 34.74831], [135.53838, 34.74883], [135.53937, 34.74933], [135.54089, 34.75018], [135.54186, 34.75076], [135.5423, 34.75105], [135.54251, 34.75119], [135.54309, 34.75165], [135.54377, 34.75215], [135.54427, 34.75259], [135.54458, 34.75287], [135.54497, 34.75325], [135.54575, 34.75399], [135.5478, 34.75586], [135.54894, 34.75693], [135.54949, 34.75744], [135.54958, 34.75754], [135.55047, 34.75836], [135.55113, 34.75897], [135.5515, 34.75932], [135.55204, 34.75984], [135.55251, 34.76024], [135.55256, 34.7603], [135.55324, 34.76091], [135.55396, 34.76153], [135.55571, 34.76297], [135.55573, 34.76298], [135.55613, 34.76331], [135.5581, 34.76489], [135.55843, 34.76515], [135.55914, 34.76572], [135.56095, 34.76715], [135.56173, 34.76779], [135.56175, 34.76779], [135.56237, 34.76831], [135.56434, 34.76987], [135.56479, 34.77025], [135.56537, 34.7707], [135.56598, 34.77121], [135.56605, 34.77127], [135.56703, 34.77207], [135.56724, 34.77224], [135.56745, 34.77241], [135.56772, 34.77264], [135.56805, 34.7729], [135.5687, 34.77343], [135.57135, 34.77558], [135.57159, 34.77579], [135.57169, 34.77586], [135.5732, 34.77708], [135.57339, 34.77725], [135.57467, 34.77828], [135.57551, 34.77894], [135.57632, 34.7796], [135.57639, 34.77964], [135.57656, 34.77978], [135.57664, 34.77985], [135.57809, 34.78103], [135.57898, 34.78176], [135.57957, 34.78224], [135.58038, 34.78289], [135.58081, 34.78325], [135.58127, 34.78362], [135.58253, 34.78462], [135.58295, 34.78496], [135.583, 34.78499], [135.58389, 34.78574], [135.58519, 34.78682], [135.58761, 34.78891], [135.58772, 34.78901], [135.58773, 34.78903], [135.58776, 34.78904], [135.58898, 34.79009], [135.58999, 34.79097], [135.59053, 34.79144], [135.59104, 34.79184], [135.59126, 34.79202], [135.59309, 34.79348], [135.59351, 34.79381], [135.59404, 34.79423], [135.59462, 34.79469], [135.59682, 34.79646], [135.59737, 34.7969], [135.59839, 34.7977], [135.59857, 34.79785], [135.59876, 34.798], [135.60137, 34.80007], [135.60207, 34.80069], [135.60247, 34.80104], [135.60315, 34.80168], [135.60409, 34.80258], [135.60463, 34.80312], [135.60511, 34.80363], [135.6053, 34.80381], [135.60597, 34.80454], [135.6062, 34.8048], [135.60685, 34.80559], [135.60778, 34.80673], [135.60864, 34.80779], [135.60871, 34.80789], [135.60883, 34.80804], [135.60919, 34.80847], [135.61049, 34.8101], [135.61133, 34.81114], [135.61172, 34.81163], [135.6118, 34.81173], [135.61207, 34.81207], [135.61219, 34.81223], [135.6124, 34.81248], [135.61269, 34.81284], [135.61293, 34.81313], [135.6131, 34.81335], [135.61317, 34.81343], [135.61353, 34.81388], [135.61357, 34.81391], [135.61369, 34.81408], [135.61372, 34.8141], [135.61405, 34.81452], [135.61412, 34.81461], [135.61497, 34.81567], [135.61528, 34.81606], [135.61532, 34.81609], [135.61598, 34.81692], [135.61675, 34.8179], [135.61683, 34.81799], [135.61747, 34.81878], [135.61814, 34.81961], [135.61876, 34.82039], [135.62004, 34.82195], [135.62117, 34.82334], [135.62131, 34.82352], [135.6216, 34.82386], [135.62218, 34.82459], [135.62413, 34.82705], [135.62522, 34.82843], [135.62568, 34.82903], [135.62574, 34.82909], [135.62728, 34.83103], [135.62742, 34.83119], [135.6278, 34.83167], [135.62789, 34.83177], [135.62923, 34.83345], [135.62928, 34.83351], [135.63111, 34.83579], [135.63174, 34.83657], [135.63265, 34.83777], [135.6334, 34.83875], [135.63412, 34.8397], [135.63564, 34.84164], [135.63588, 34.84196], [135.63709, 34.84354], [135.63859, 34.84551], [135.6401, 34.84746], [135.6416, 34.84941], [135.64176, 34.8496], [135.64311, 34.85136], [135.64462, 34.85331], [135.6461, 34.85526], [135.64757, 34.8572], [135.64761, 34.85726], [135.64901, 34.8591], [135.64934, 34.85954], [135.64974, 34.86005], [135.6501, 34.86051], [135.65051, 34.861], [135.65088, 34.86144], [135.65129, 34.86192], [135.65169, 34.86234], [135.6521, 34.86279], [135.65405, 34.86457], [135.65424, 34.86474], [135.65444, 34.86493], [135.65459, 34.86506], [135.65636, 34.86669], [135.65842, 34.86863], [135.6605, 34.87058], [135.66071, 34.87079], [135.66088, 34.87094], [135.66095, 34.87101], [135.66257, 34.87255], [135.66278, 34.87275], [135.66307, 34.87303], [135.66465, 34.87451], [135.66515, 34.875], [135.66666, 34.87647], [135.66741, 34.87717], [135.66786, 34.8776], [135.66871, 34.87843], [135.67023, 34.87989], [135.67074, 34.88038], [135.67277, 34.88231], [135.67482, 34.88426], [135.67528, 34.8847], [135.67545, 34.88486], [135.67689, 34.88623], [135.67725, 34.88657], [135.67768, 34.88699], [135.67799, 34.88729], [135.67817, 34.88746], [135.67886, 34.88816], [135.67993, 34.8893], [135.67997, 34.88935], [135.6807, 34.89012], [135.68115, 34.89064], [135.68162, 34.89114], [135.68204, 34.89161], [135.68211, 34.89167], [135.68228, 34.89183], [135.68252, 34.89207], [135.68299, 34.89248], [135.68394, 34.89334], [135.68448, 34.89385], [135.68461, 34.89398], [135.68485, 34.8942], [135.68533, 34.89467], [135.68576, 34.89512], [135.68656, 34.89594], [135.68711, 34.89653], [135.68753, 34.89698], [135.68836, 34.89789], [135.68921, 34.89881], [135.68966, 34.8993], [135.6902, 34.89983], [135.69055, 34.90016], [135.69103, 34.90057], [135.69141, 34.90088], [135.69204, 34.90139], [135.6926, 34.90179], [135.69371, 34.90256], [135.69426, 34.90289], [135.69484, 34.90324], [135.6954, 34.90357], [135.69575, 34.90376], [135.69918, 34.9055], [135.6996, 34.9057], [135.7004, 34.90611], [135.70138, 34.90661], [135.70204, 34.90698], [135.70257, 34.90728], [135.7032, 34.90766], [135.70414, 34.90828], [135.70476, 34.90873], [135.70481, 34.90876], [135.70547, 34.90925], [135.70636, 34.90995], [135.70683, 34.91034], [135.7073, 34.91078], [135.70777, 34.9112], [135.70823, 34.91169], [135.7084, 34.91186], [135.70865, 34.91211], [135.70909, 34.91261], [135.70954, 34.91315], [135.70987, 34.91359], [135.71024, 34.91408], [135.7106, 34.9146], [135.71092, 34.9151], [135.71153, 34.91616], [135.71201, 34.91704], [135.71213, 34.91727], [135.71292, 34.919], [135.71316, 34.91956], [135.71325, 34.9199], [135.71341, 34.92032], [135.71364, 34.9212], [135.71375, 34.92175], [135.71386, 34.92234], [135.71395, 34.92291], [135.71404, 34.92352], [135.7141, 34.92406], [135.71415, 34.92496], [135.71417, 34.92583], [135.71415, 34.9264], [135.71415, 34.9267], [135.71416, 34.92885], [135.71416, 34.92907], [135.71416, 34.92928], [135.71419, 34.93073], [135.71423, 34.93251], [135.71425, 34.93334], [135.71425, 34.93418], [135.71426, 34.93449], [135.71433, 34.93597], [135.71435, 34.9362], [135.71438, 34.93711], [135.71445, 34.93973], [135.71451, 34.94237], [135.71458, 34.94498], [135.71458, 34.94502], [135.71466, 34.94768], [135.71472, 34.95033], [135.71477, 34.95174], [135.71482, 34.95297], [135.71487, 34.95561], [135.71495, 34.95815], [135.71497, 34.95852], [135.71499, 34.95891], [135.71503, 34.95924], [135.71508, 34.95966], [135.71522, 34.96053], [135.71525, 34.96074], [135.71525, 34.9608], [135.71542, 34.96195], [135.71559, 34.96309], [135.71565, 34.96342], [135.71581, 34.96418], [135.71601, 34.96506], [135.71612, 34.96561], [135.71623, 34.96607], [135.71643, 34.96697], [135.71659, 34.96755], [135.71671, 34.96796], [135.71687, 34.96838], [135.71698, 34.96863], [135.71701, 34.96868], [135.71737, 34.96939], [135.71776, 34.97011], [135.718, 34.97056], [135.71827, 34.97099], [135.7185, 34.97133], [135.71877, 34.97173], [135.71913, 34.97226], [135.71945, 34.97269], [135.72005, 34.97342], [135.72053, 34.97397], [135.7209, 34.97437], [135.72106, 34.97452], [135.72126, 34.97473], [135.72179, 34.97516], [135.72248, 34.97564], [135.72306, 34.97602], [135.7239, 34.97653], [135.72505, 34.97715], [135.72621, 34.97778], [135.7279, 34.9787], [135.72999, 34.97982], [135.73136, 34.98055], [135.73221, 34.981], [135.73313, 34.98144], [135.73396, 34.98178], [135.73406, 34.98182], [135.73471, 34.98208], [135.73562, 34.98245], [135.73626, 34.98266], [135.73748, 34.983], [135.74034, 34.98379], [135.74268, 34.9844], [135.74345, 34.98457], [135.74426, 34.98472], [135.74451, 34.98474], [135.74461, 34.98475], [135.74516, 34.9848], [135.74542, 34.9848], [135.74579, 34.98481], [135.74717, 34.98479], [135.7474, 34.98481], [135.74896, 34.9846], [135.74952, 34.98454], [135.75531, 34.98458], [135.75684, 34.98459]]}, "properties": {"id": "TRACK_TOKYO_1001", "line_name": "東海道新幹線", "station_group_ids": [], "mode": "shinkansen", "operator_id": "東海旅客鉄道", "line_color": "#1F78FF", "tags": ["tokyo", "track_centerline"]}}, {"type": "Feature", "bbox": [135.49782, 34.73293, 135.50225, 34.73443], "geometry": {"type": "LineString", "coordinates": [[135.49782, 34.73293], [135.50225, 34.73443]]}, "properties": {"id": "TRACK_TOKYO_1002", "line_name": "東海道新幹線", "station_group_ids": [], "mode": "shinkansen", "operator_id": "東海旅客鉄道", "line_color": "#1F78FF", "tags": ["tokyo", "track_centerline"]}}, {"type": "Feature", "bbox": [135.50225, 34.73443, 135.50412, 34.73509], "geometry": {"type": "LineString", "coordinates": [[135.50225, 34.73443], [135.50249, 34.73452], [135.50289, 34.73466], [135.50304, 34.73472], [135.50342, 34.73485], [135.50412, 34.73509]]}, "properties": {"id": "TRACK_TOKYO_1003", "line_name": "東海道新幹線", "station_group_ids": [], "mode": "shinkansen", "operator_id": "東海旅客鉄道", "line_color": "#1F78FF", "tags": ["tokyo", "track_centerline"]}}, {"type": "Feature", "bbox": [136.96415, 35.00117, 136.97127, 35.00535], "geometry": {"type": "LineString", "coordinates": [[136.96415, 35.00535], [136.96516, 35.0045], [136.96558, 35.00415], [136.96601, 35.00382], [136.96656, 35.00347], [136.96697, 35.00325], [136.96746, 35.00293], [136.96776, 35.00279], [136.96877, 35.00225], [136.97077, 35.00137], [136.97127, 35.00117]]}, "properties": {"id": "TRACK_TOKYO_1070", "line_name": "東海道線", "station_group_ids": [], "mode": "rail", "operator_id": "東海旅客鉄道", "line_color": "#F28E1C", "tags": ["tokyo", "track_centerline"]}}, {"type": "Feature", "bbox": [136.98991, 34.99806, 136.99117, 34.99841], "geometry": {"type": "LineString", "coordinates": [[136.98991, 34.99841], [136.99117, 34.99806]]}, "properties": {"id": "TRACK_TOKYO_1071", "line_name": "東海道線", "station_group_ids": [], "mode": "rail", "operator_id": "東海旅客鉄道", "line_color": "#F28E1C", "tags": ["tokyo", "track_centerline"]}}, {"type": "Feature", "bbox": [136.97127, 34.99937, 136.97643, 35.00117], "geometry": {"type": "LineString", "coordinates": [[136.97127, 35.00117], [136.9714, 35.00114], [136.97152, 35.00112], [136.97163, 35.0011], [136.97176, 35.00108], [136.97187, 35.00106], [136.97197, 35.00103], [136.97257, 35.00092], [136.97284, 35.00085], [136.97332, 35.00071], [136.97379, 35.00052], [136.97433, 35.00028], [136.97483, 35.00006], [136.97583, 34.99967], [136.97643, 34.99937]]}, "properties": {"id": "TRACK_TOKYO_1072", "line_name": "東海道線", "station_group_ids": [], "mode": "rail", "operator_id": "東海旅客鉄道", "line_color": "#F28E1C", "tags": ["tokyo", "track_centerline"]}}, {"type": "Feature", "bbox": [136.96388, 35.00117, 136.97127, 35.00526], "geometry": {"type": "LineString", "coordinates": [[136.96388, 35.00526], [136.96467, 35.00433], [136.96502, 35.00393], [136.96518, 35.00377], [136.96549, 35.00355], [136.96569, 35.00344], [136.96603, 35.00325], [136.96718, 35.0026], [136.96751, 35.00243], [136.96884, 35.00181], [136.96943, 35.00161], [136.97037, 35.00135], [136.97047, 35.00133], [136.9706, 35.0013], [136.97071, 35.00127], [136.97082, 35.00125], [136.97092, 35.00123], [136.97103, 35.00121], [136.97117, 35.00119], [136.97127, 35.00117]]}, "properties": {"id": "TRACK_TOKYO_1073", "line_name": "東海道線", "station_group_ids": [], "mode": "rail", "operator_id": "東海旅客鉄道", "line_color": "#F28E1C", "tags": ["tokyo", "track_centerline"]}}, {"type": "Feature", "bbox": [136.99117, 34.99153, 137.00787, 34.99806], "geometry": {"type": "LineString", "coordinates": [[136.99117, 34.99806], [136.99153, 34.99795], [136.99181, 34.99786], [136.99704, 34.99579], [136.99984, 34.99467], [137.00236, 34.99367], [137.00406, 34.993], [137.00416, 34.99296], [137.00426, 34.99292], [137.00439, 34.99287], [137.00568, 34.99237], [137.00666, 34.99199], [137.00743, 34.99169], [137.00787, 34.99153]]}, "properties": {"id": "TRACK_TOKYO_1074", "line_name": "東海道線", "station_group_ids": [], "mode": "rail", "operator_id": "東海旅客鉄道", "line_color": "#F28E1C", "tags": ["tokyo", "track_centerline"]}}, {"type": "Feature", "bbox": [136.97127, 34.99937, 136.97643, 35.00117], "geometry": {"type": "LineString", "coordinates": [[136.97127, 35.00117], [136.97243, 35.00069], [136.9735, 35.00028], [136.97412, 35.00006], [136.97478, 34.99981], [136.97643, 34.99937]]}, "properties": {"id": "TRACK_TOKYO_1075", "line_name": "東海道線", "station_group_ids": [], "mode": "rail", "operator_id": "東海旅客鉄道", "line_color": "#F28E1C", "tags": ["tokyo", "track_centerline"]}}, {"type": "Feature", "bbox": [137.04228, 34.97683, 137.04499, 34.97788], "geometry": {"type": "LineString", "coordinates": [[137.04499, 34.97683], [137.04228, 34.97788]]}, "properties": {"id": "TRACK_TOKYO_1076", "line_name": "東海道線", "station_group_ids": [], "mode": "rail", "operator_id": "東海旅客鉄道", "line_color": "#F28E1C", "tags": ["tokyo", "track_centerline"]}}, {"type": "Feature", "bbox": [136.97643, 34.99841, 136.98991, 34.99937], "geometry": {"type": "LineString", "coordinates": [[136.97643, 34.99937], [136.97717, 34.99919], [136.9778, 34.99905], [136.97858, 34.9989], [136.97898, 34.99885], [136.97944, 34.99882], [136.98015, 34.99881], [136.98128, 34.99885], [136.98174, 34.99886], [136.98302, 34.9989], [136.98393, 34.99893], [136.98528, 34.99895], [136.98584, 34.99893], [136.98711, 34.99888], [136.98799, 34.9988], [136.98848, 34.99871], [136.98991, 34.99841]]}, "properties": {"id": "TRACK_TOKYO_1077", "line_name": "東海道線", "station_group_ids": [], "mode": "rail", "operator_id": "東海旅客鉄道", "line_color": "#F28E1C", "tags": ["tokyo", "track_centerline"]}}, {"type": "Feature", "bbox": [137.00787, 34.99008, 137.01155, 34.99153], "geometry": {"type": "LineString", "coordinates": [[137.01155, 34.99008], [137.00787, 34.99153]]}, "properties": {"id": "TRACK_TOKYO_1078", "line_name": "東海道線", "station_group_ids": [], "mode": "rail", "operator_id": "東海旅客鉄道", "line_color": "#F28E1C", "tags": ["tokyo", "track_centerline"]}}, {"type": "Feature", "bbox": [136.96298, 35.00526, 136.96388, 35.00688], "geometry": {"type": "LineString", "coordinates": [[136.96298, 35.00688], [136.96354, 35.00582], [136.9636, 35.00571], [136.96388, 35.00526]]}, "properties": {"id": "TRACK_TOKYO_1079", "line_name": "東海道線", "station_group_ids": [], "mode": "rail", "operator_id": "東海旅客鉄道", "line_color": "#F28E1C", "tags": ["tokyo", "track_centerline"]}}, {"type": "Feature", "bbox": [136.96141, 35.00801, 136.9622, 35.00938], "geometry": {"type": "LineString", "coordinates": [[136.9622, 35.00801], [136.96141, 35.00938]]}, "properties": {"id": "TRACK_TOKYO_1080", "line_name": "東海道線", "station_group_ids": [], "mode": "rail", "operator_id": "東海旅客鉄道", "line_color": "#F28E1C", "tags": ["tokyo", "track_centerline"]}}, {"type": "Feature", "bbox": [136.9622, 35.00688, 136.96298, 35.00801], "geometry": {"type": "LineString", "coordinates": [[136.9622, 35.00801], [136.96295, 35.00692], [136.96298, 35.00688]]}, "properties": {"id": "TRACK_TOKYO_1081", "line_name": "東海道線", "station_group_ids": [], "mode": "rail", "operator_id": "東海旅客鉄道", "line_color": "#F28E1C", "tags": ["tokyo", "track_centerline"]}}, {"type": "Feature", "bbox": [136.96298, 35.00535, 136.96415, 35.00688], "geometry": {"type": "LineString", "coordinates": [[136.96298, 35.00688], [136.9635, 35.00614], [136.96371, 35.00587], [136.96395, 35.00558], [136.96415, 35.00535]]}, "properties": {"id": "TRACK_TOKYO_1082", "line_name": "東海道線", "station_group_ids": [], "mode": "rail", "operator_id": "東海旅客鉄道", "line_color": "#F28E1C", "tags": ["tokyo", "track_centerline"]}}, {"type": "Feature", "bbox": [136.69282, 35.39593, 136.69445, 35.3966], "geometry": {"type": "LineString", "coordinates": [[136.69282, 35.39593], [136.69445, 35.3966]]}, "properties": {"id": "TRACK_TOKYO_1083", "line_name": "東海道線", "station_group_ids": [], "mode": "rail", "operator_id": "東海旅客鉄道", "line_color": "#F28E1C", "tags": ["tokyo", "track_centerline"]}}, {"type": "Feature", "bbox": [136.69445, 35.3966, 136.72265, 35.40436], "geometry": {"type": "LineString", "coordinates": [[136.69445, 35.3966], [136.6957, 35.39708], [136.69696, 35.39749], [136.69773, 35.39773], [136.69982, 35.39828], [136.70177, 35.3988], [136.70445, 35.39952], [136.70805, 35.40047], [136.70843, 35.40059], [136.71098, 35.40127], [136.71286, 35.40176], [136.71662, 35.40276], [136.71835, 35.40321], [136.71865, 35.40329], [136.71892, 35.40337], [136.72002, 35.40366], [136.72265, 35.40436]]}, "properties": {"id": "TRACK_TOKYO_1084", "line_name": "東海道線", "station_group_ids": [], "mode": "rail", "operator_id": "東海旅客鉄道", "line_color": "#F28E1C", "tags": ["tokyo", "track_centerline"]}}, {"type": "Feature", "bbox": [136.72265, 35.40436, 136.72387, 35.40469], "geometry": {"type": "LineString", "coordinates": [[136.72265, 35.40436], [136.72387, 35.40469]]}, "properties": {"id": "TRACK_TOKYO_1085", "line_name": "東海道線", "station_group_ids": [], "mode": "rail", "operator_id": "東海旅客鉄道", "line_color": "#F28E1C", "tags": ["tokyo", "track_centerline"]}}, {"type": "Feature", "bbox": [136.78097, 35.34714, 136.78129, 35.34899], "geometry": {"type": "LineString", "coordinates": [[136.78129, 35.34714], [136.78125, 35.3476], [136.78114, 35.34824], [136.78097, 35.34899]]}, "properties": {"id": "TRACK_TOKYO_1086", "line_name": "東海道線", "station_group_ids": [], "mode": "rail", "operator_id": "東海旅客鉄道", "line_color": "#F28E1C", "tags": ["tokyo", "track_centerline"]}}, {"type": "Feature", "bbox": [136.72387, 35.40469, 136.75464, 35.41046], "geometry": {"type": "LineString", "coordinates": [[136.72387, 35.40469], [136.72631, 35.40535], [136.72707, 35.40555], [136.72778, 35.40574], [136.72854, 35.40595], [136.72984, 35.40629], [136.73121, 35.40666], [136.73133, 35.40669], [136.73367, 35.40731], [136.73372, 35.40733], [136.73385, 35.40736], [136.73608, 35.40796], [136.73774, 35.4084], [136.73799, 35.40847], [136.73904, 35.40875], [136.73951, 35.40888], [136.73977, 35.40895], [136.74159, 35.40944], [136.7438, 35.41004], [136.74477, 35.41023], [136.74604, 35.41038], [136.74705, 35.41046], [136.74762, 35.41045], [136.7487, 35.41041], [136.74917, 35.41037], [136.75011, 35.41025], [136.75175, 35.41005], [136.7518, 35.41004], [136.75464, 35.40974]]}, "properties": {"id": "TRACK_TOKYO_1087", "line_name": "東海道線", "station_group_ids": [], "mode": "rail", "operator_id": "東海旅客鉄道", "line_color": "#F28E1C", "tags": ["tokyo", "track_centerline"]}}, {"type": "Feature", "bbox": [136.75464, 35.40933, 136.75841, 35.40974], "geometry": {"type": "LineString", "coordinates": [[136.75464, 35.40974], [136.75546, 35.40965], [136.75773, 35.40941], [136.75841, 35.40933]]}, "properties": {"id": "TRACK_TOKYO_1088", "line_name": "東海道線", "station_group_ids": [], "mode": "rail", "operator_id": "東海旅客鉄道", "line_color": "#F28E1C", "tags": ["tokyo", "track_centerline"]}}, {"type": "Feature", "bbox": [136.75841, 35.40812, 136.76701, 35.40933], "geometry": {"type": "LineString", "coordinates": [[136.75841, 35.40933], [136.7591, 35.40926], [136.76002, 35.40916], [136.76133, 35.40902], [136.76476, 35.40864], [136.76561, 35.4085], [136.76606, 35.4084], [136.76701, 35.40812]]}, "properties": {"id": "TRACK_TOKYO_1089", "line_name": "東海道線", "station_group_ids": [], "mode": "rail", "operator_id": "東海旅客鉄道", "line_color": "#F28E1C", "tags": ["tokyo", "track_centerline"]}}, {"type": "Feature", "bbox": [136.76701, 35.34899, 136.78134, 35.40812], "geometry": {"type": "LineString", "coordinates": [[136.76701, 35.40812], [136.76766, 35.40777], [136.76777, 35.40768], [136.76864, 35.40705], [136.76911, 35.40659], [136.76951, 35.40609], [136.76991, 35.40545], [136.77017, 35.4049], [136.77145, 35.40195], [136.77241, 35.39964], [136.77253, 35.39935], [136.77317, 35.39769], [136.77338, 35.39721], [136.77363, 35.3966], [136.77367, 35.3965], [136.77394, 35.3959], [136.77407, 35.39556], [136.77768, 35.38704], [136.77773, 35.38691], [136.78016, 35.3811], [136.78022, 35.38096], [136.78061, 35.38002], [136.78067, 35.37989], [136.78072, 35.37977], [136.78088, 35.37942], [136.78103, 35.37894], [136.78111, 35.37862], [136.78123, 35.37806], [136.78123, 35.37804], [136.78124, 35.37787], [136.78131, 35.37719], [136.78134, 35.37642], [136.78132, 35.37614], [136.78131, 35.37586], [136.78126, 35.37513], [136.78123, 35.37494], [136.7812, 35.37466], [136.78097, 35.373], [136.78047, 35.36927], [136.78036, 35.36845], [136.78018, 35.36718], [136.77955, 35.36249], [136.77954, 35.3624], [136.77952, 35.36218], [136.77939, 35.36057], [136.77932, 35.35914], [136.77932, 35.35777], [136.77937, 35.35657], [136.77945, 35.35578], [136.7797, 35.35457], [136.78001, 35.35322], [136.78035, 35.35173], [136.78041, 35.35146], [136.78097, 35.34899]]}, "properties": {"id": "TRACK_TOKYO_1090", "line_name": "東海道線", "station_group_ids": [], "mode": "rail", "operator_id": "東海旅客鉄道", "line_color": "#F28E1C", "tags": ["tokyo", "track_centerline"]}}, {"type": "Feature", "bbox": [136.88108, 35.16994, 136.8824, 35.17258], "geometry": {"type": "LineString", "coordinates": [[136.8824, 35.16994], [136.8818, 35.17112], [136.88137, 35.17197], [136.88108, 35.17258]]}, "properties": {"id": "TRACK_TOKYO_1091", "line_name": "東海道線", "station_group_ids": [], "mode": "rail", "operator_id": "東海旅客鉄道", "line_color": "#F28E1C", "tags": ["tokyo", "track_centerline"]}}, {"type": "Feature", "bbox": [136.88005, 35.17257, 136.88155, 35.1743], "geometry": {"type": "LineString", "coordinates": [[136.88155, 35.17257], [136.88085, 35.17344], [136.88056, 35.17375], [136.8802, 35.17414], [136.88005, 35.1743]]}, "properties": {"id": "TRACK_TOKYO_1092", "line_name": "東海道線", "station_group_ids": [], "mode": "rail", "operator_id": "東海旅客鉄道", "line_color": "#F28E1C", "tags": ["tokyo", "track_centerline"]}}, {"type": "Feature", "bbox": [136.91111, 35.09624, 136.92572, 35.12871], "geometry": {"type": "LineString", "coordinates": [[136.92572, 35.09624], [136.92559, 35.09651], [136.9248, 35.09804], [136.92426, 35.09911], [136.92379, 35.09993], [136.92361, 35.10027], [136.92339, 35.10071], [136.92327, 35.10098], [136.92305, 35.10141], [136.92267, 35.10211], [136.92232, 35.10277], [136.92216, 35.10308], [136.92184, 35.1037], [136.92153, 35.10426], [136.9213, 35.10472], [136.92129, 35.10475], [136.92109, 35.10513], [136.92098, 35.10532], [136.92078, 35.1057], [136.92033, 35.10653], [136.92013, 35.10691], [136.91982, 35.10749], [136.91938, 35.10835], [136.91913, 35.10881], [136.91881, 35.10944], [136.91867, 35.10971], [136.91831, 35.11039], [136.9181, 35.11079], [136.91798, 35.11105], [136.9176, 35.1119], [136.91759, 35.11191], [136.91749, 35.11215], [136.91739, 35.11243], [136.91694, 35.11354], [136.91664, 35.11434], [136.91658, 35.11447], [136.91654, 35.11458], [136.91583, 35.11639], [136.91568, 35.11678], [136.91558, 35.11705], [136.91543, 35.11747], [136.91541, 35.11752], [136.91524, 35.11798], [136.91504, 35.11852], [136.91473, 35.1193], [136.91462, 35.11959], [136.91447, 35.11997], [136.91414, 35.12082], [136.91398, 35.12124], [136.91346, 35.12255], [136.91305, 35.12367], [136.91291, 35.12399], [136.91253, 35.12502], [136.91215, 35.126], [136.91204, 35.12628], [136.912, 35.12637], [136.91186, 35.12675], [136.91155, 35.12756], [136.91137, 35.12804], [136.91111, 35.12871]]}, "properties": {"id": "TRACK_TOKYO_1093", "line_name": "東海道線", "station_group_ids": [], "mode": "rail", "operator_id": "東海旅客鉄道", "line_color": "#F28E1C", "tags": ["tokyo", "track_centerline"]}}, {"type": "Feature", "bbox": [136.88155, 35.17005, 136.88284, 35.17257], "geometry": {"type": "LineString", "coordinates": [[136.88284, 35.17005], [136.88204, 35.17163], [136.88165, 35.17239], [136.88155, 35.17257]]}, "properties": {"id": "TRACK_TOKYO_1094", "line_name": "東海道線", "station_group_ids": [], "mode": "rail", "operator_id": "東海旅客鉄道", "line_color": "#F28E1C", "tags": ["tokyo", "track_centerline"]}}, {"type": "Feature", "bbox": [136.82149, 35.22656, 136.83383, 35.25199], "geometry": {"type": "LineString", "coordinates": [[136.82149, 35.25199], [136.8237, 35.24742], [136.82454, 35.24565], [136.82569, 35.24323], [136.82607, 35.24243], [136.82767, 35.23904], [136.8297, 35.23482], [136.83009, 35.23403], [136.83183, 35.23051], [136.83383, 35.22656]]}, "properties": {"id": "TRACK_TOKYO_1095", "line_name": "東海道線", "station_group_ids": [], "mode": "rail", "operator_id": "東海旅客鉄道", "line_color": "#F28E1C", "tags": ["tokyo", "track_centerline"]}}, {"type": "Feature", "bbox": [136.84723, 35.20675, 136.85142, 35.21117], "geometry": {"type": "LineString", "coordinates": [[136.84723, 35.21117], [136.84731, 35.21096], [136.84743, 35.21069], [136.8475, 35.21053], [136.84765, 35.21028], [136.84801, 35.20989], [136.84816, 35.20974], [136.85057, 35.20753], [136.85142, 35.20675]]}, "properties": {"id": "TRACK_TOKYO_1096", "line_name": "東海道線", "station_group_ids": [], "mode": "rail", "operator_id": "東海旅客鉄道", "line_color": "#F28E1C", "tags": ["tokyo", "track_centerline"]}}, {"type": "Feature", "bbox": [136.949005, 35.03576, 136.95451, 35.053952], "geometry": {"type": "LineString", "coordinates": [[136.95451, 35.03576], [136.95449, 35.03586], [136.95423, 35.03713], [136.95357, 35.0404], [136.95276, 35.04434], [136.95268, 35.04475], [136.95229, 35.04686], [136.95219, 35.04739], [136.95207, 35.04787], [136.95199, 35.04816], [136.95179, 35.04871], [136.95148, 35.04954], [136.95136, 35.04982], [136.9512, 35.05015], [136.95113, 35.0503], [136.95092, 35.0507], [136.95041, 35.05158], [136.949005, 35.053952]]}, "properties": {"id": "TRACK_TOKYO_1097", "line_name": "東海道線", "station_group_ids": [], "mode": "rail", "operator_id": "東海旅客鉄道", "line_color": "#F28E1C", "tags": ["tokyo", "track_centerline"]}}, {"type": "Feature", "bbox": [136.89029, 35.14644, 136.89177, 35.14773], "geometry": {"type": "LineString", "coordinates": [[136.89177, 35.14644], [136.89148, 35.14665], [136.89115, 35.14689], [136.89086, 35.14714], [136.89055, 35.14744], [136.89029, 35.14773]]}, "properties": {"id": "TRACK_TOKYO_1098", "line_name": "東海道線", "station_group_ids": [], "mode": "rail", "operator_id": "東海旅客鉄道", "line_color": "#F28E1C", "tags": ["tokyo", "track_centerline"]}}, {"type": "Feature", "bbox": [136.84723, 35.20675, 136.85142, 35.21117], "geometry": {"type": "LineString", "coordinates": [[136.84723, 35.21117], [136.84758, 35.2108], [136.84968, 35.20859], [136.85142, 35.20675]]}, "properties": {"id": "TRACK_TOKYO_1099", "line_name": "東海道線", "station_group_ids": [], "mode": "rail", "operator_id": "東海旅客鉄道", "line_color": "#F28E1C", "tags": ["tokyo", "track_centerline"]}}, {"type": "Feature", "bbox": [136.88023, 35.17258, 136.88108, 35.17377], "geometry": {"type": "LineString", "coordinates": [[136.88108, 35.17258], [136.88023, 35.17377]]}, "properties": {"id": "TRACK_TOKYO_1100", "line_name": "東海道線", "station_group_ids": [], "mode": "rail", "operator_id": "東海旅客鉄道", "line_color": "#F28E1C", "tags": ["tokyo", "track_centerline"]}}, {"type": "Feature", "bbox": [136.95451, 35.03497, 136.95465, 35.03576], "geometry": {"type": "LineString", "coordinates": [[136.95465, 35.03497], [136.95451, 35.03576]]}, "properties": {"id": "TRACK_TOKYO_1101", "line_name": "東海道線", "station_group_ids": [], "mode": "rail", "operator_id": "東海旅客鉄道", "line_color": "#F28E1C", "tags": ["tokyo", "track_centerline"]}}, {"type": "Feature", "bbox": [136.89964, 35.14241, 136.90183, 35.14326], "geometry": {"type": "LineString", "coordinates": [[136.90183, 35.14241], [136.90122, 35.14265], [136.89964, 35.14326]]}, "properties": {"id": "TRACK_TOKYO_1102", "line_name": "東海道線", "station_group_ids": [], "mode": "rail", "operator_id": "東海旅客鉄道", "line_color": "#F28E1C", "tags": ["tokyo", "track_centerline"]}}, {"type": "Feature", "bbox": [136.95465, 35.00938, 136.96141, 35.03497], "geometry": {"type": "LineString", "coordinates": [[136.96141, 35.00938], [136.96057, 35.01085], [136.96011, 35.01167], [136.95964, 35.01252], [136.95932, 35.01323], [136.9591, 35.01371], [136.95905, 35.01384], [136.95892, 35.01417], [136.95882, 35.01442], [136.95873, 35.0147], [136.95862, 35.01512], [136.95842, 35.01606], [136.9582, 35.01717], [136.95796, 35.01837], [136.95723, 35.02208], [136.95661, 35.0251], [136.95642, 35.02607], [136.95617, 35.02735], [136.95581, 35.02915], [136.95549, 35.03075], [136.95529, 35.03171], [136.95487, 35.03385], [136.95465, 35.03497]]}, "properties": {"id": "TRACK_TOKYO_1103", "line_name": "東海道線", "station_group_ids": [], "mode": "rail", "operator_id": "東海旅客鉄道", "line_color": "#F28E1C", "tags": ["tokyo", "track_centerline"]}}, {"type": "Feature", "bbox": [136.88005, 35.17377, 136.88023, 35.1743], "geometry": {"type": "LineString", "coordinates": [[136.88005, 35.1743], [136.88023, 35.17377]]}, "properties": {"id": "TRACK_TOKYO_1104", "line_name": "東海道線", "station_group_ids": [], "mode": "rail", "operator_id": "東海旅客鉄道", "line_color": "#F28E1C", "tags": ["tokyo", "track_centerline"]}}, {"type": "Feature", "bbox": [136.83383, 35.22432, 136.83527, 35.22656], "geometry": {"type": "LineString", "coordinates": [[136.83383, 35.22656], [136.83443, 35.22555], [136.83527, 35.22432]]}, "properties": {"id": "TRACK_TOKYO_1105", "line_name": "東海道線", "station_group_ids": [], "mode": "rail", "operator_id": "東海旅客鉄道", "line_color": "#F28E1C", "tags": ["tokyo", "track_centerline"]}}, {"type": "Feature", "bbox": [136.93976, 35.06814, 136.9408, 35.07006], "geometry": {"type": "LineString", "coordinates": [[136.9408, 35.06814], [136.93976, 35.07006]]}, "properties": {"id": "TRACK_TOKYO_1106", "line_name": "東海道線", "station_group_ids": [], "mode": "rail", "operator_id": "東海旅客鉄道", "line_color": "#F28E1C", "tags": ["tokyo", "track_centerline"]}}, {"type": "Feature", "bbox": [136.84405, 35.21117, 136.84723, 35.21451], "geometry": {"type": "LineString", "coordinates": [[136.84405, 35.21451], [136.8456, 35.21289], [136.84643, 35.21202], [136.84723, 35.21117]]}, "properties": {"id": "TRACK_TOKYO_1107", "line_name": "東海道線", "station_group_ids": [], "mode": "rail", "operator_id": "東海旅客鉄道", "line_color": "#F28E1C", "tags": ["tokyo", "track_centerline"]}}, {"type": "Feature", "bbox": [136.79795, 35.25408, 136.82043, 35.30086], "geometry": {"type": "LineString", "coordinates": [[136.82043, 35.25408], [136.81956, 35.25586], [136.81923, 35.25655], [136.81874, 35.25753], [136.8182, 35.25863], [136.81796, 35.25913], [136.81753, 35.26003], [136.81747, 35.26015], [136.81737, 35.26036], [136.81717, 35.2608], [136.81712, 35.26094], [136.81704, 35.26107], [136.81677, 35.26161], [136.81658, 35.26201], [136.8161, 35.26304], [136.81589, 35.26348], [136.81573, 35.26382], [136.81564, 35.264], [136.81546, 35.26435], [136.81514, 35.26504], [136.81479, 35.26578], [136.81406, 35.26729], [136.81359, 35.26819], [136.81308, 35.26924], [136.81261, 35.27029], [136.81237, 35.27076], [136.81206, 35.27138], [136.81179, 35.27191], [136.81166, 35.27221], [136.81144, 35.27266], [136.81138, 35.2728], [136.81097, 35.27361], [136.81068, 35.27421], [136.80999, 35.27565], [136.80999, 35.27566], [136.80987, 35.27591], [136.80986, 35.27592], [136.80984, 35.27595], [136.80953, 35.27661], [136.80908, 35.27756], [136.80862, 35.27853], [136.80857, 35.27861], [136.80817, 35.27946], [136.80784, 35.28015], [136.80776, 35.28031], [136.80706, 35.28173], [136.80693, 35.282], [136.80687, 35.28213], [136.8065, 35.2829], [136.80596, 35.28402], [136.80552, 35.28494], [136.80509, 35.28584], [136.80391, 35.2882], [136.80377, 35.28848], [136.80323, 35.28956], [136.80323, 35.28957], [136.80321, 35.28961], [136.8028, 35.29048], [136.80277, 35.29056], [136.80243, 35.29129], [136.80154, 35.29316], [136.80135, 35.29358], [136.80093, 35.29451], [136.80086, 35.29465], [136.80082, 35.29473], [136.80081, 35.29476], [136.80059, 35.29519], [136.80038, 35.29562], [136.8001, 35.29621], [136.79999, 35.29644], [136.79988, 35.29665], [136.79977, 35.29687], [136.79949, 35.29745], [136.79925, 35.29797], [136.79795, 35.30086]]}, "properties": {"id": "TRACK_TOKYO_1108", "line_name": "東海道線", "station_group_ids": [], "mode": "rail", "operator_id": "東海旅客鉄道", "line_color": "#F28E1C", "tags": ["tokyo", "track_centerline"]}}, {"type": "Feature", "bbox": [136.92697, 35.07006, 136.93976, 35.09397], "geometry": {"type": "LineString", "coordinates": [[136.93976, 35.07006], [136.93966, 35.07025], [136.93947, 35.07059], [136.93944, 35.07064], [136.9392, 35.07109], [136.93916, 35.07116], [136.93908, 35.07132], [136.93904, 35.0714], [136.93882, 35.0718], [136.93848, 35.07242], [136.93845, 35.07248], [136.93824, 35.07285], [136.93816, 35.073], [136.93768, 35.0739], [136.93711, 35.07495], [136.93688, 35.07537], [136.93667, 35.07575], [136.93597, 35.07705], [136.93566, 35.07762], [136.9356, 35.07772], [136.93549, 35.07793], [136.93543, 35.07805], [136.93509, 35.07867], [136.93504, 35.07877], [136.93491, 35.079], [136.93482, 35.07917], [136.93426, 35.0802], [136.93421, 35.0803], [136.93409, 35.08051], [136.93402, 35.08063], [136.93387, 35.08092], [136.93353, 35.08155], [136.93344, 35.08172], [136.93334, 35.08191], [136.93322, 35.08214], [136.93304, 35.08248], [136.93277, 35.08299], [136.93273, 35.08306], [136.93247, 35.08351], [136.93199, 35.08443], [136.93082, 35.08657], [136.93049, 35.08721], [136.92986, 35.08841], [136.92952, 35.08907], [136.92902, 35.09002], [136.92888, 35.09029], [136.92882, 35.09042], [136.92849, 35.09108], [136.92801, 35.09194], [136.92765, 35.09266], [136.92697, 35.09397]]}, "properties": {"id": "TRACK_TOKYO_1109", "line_name": "東海道線", "station_group_ids": [], "mode": "rail", "operator_id": "東海旅客鉄道", "line_color": "#F28E1C", "tags": ["tokyo", "track_centerline"]}}, {"type": "Feature", "bbox": [136.88284, 35.14773, 136.89029, 35.17005], "geometry": {"type": "LineString", "coordinates": [[136.89029, 35.14773], [136.88998, 35.14816], [136.88978, 35.14846], [136.88961, 35.14874], [136.88935, 35.14923], [136.88915, 35.14968], [136.88884, 35.15053], [136.88877, 35.1508], [136.88842, 35.15216], [136.88835, 35.1525], [136.8881, 35.15345], [136.88807, 35.15361], [136.88802, 35.15383], [136.88788, 35.15434], [136.88769, 35.15505], [136.8875, 35.15582], [136.88733, 35.15655], [136.88715, 35.15732], [136.88701, 35.15796], [136.8868, 35.15883], [136.88671, 35.15919], [136.88654, 35.15983], [136.88635, 35.16077], [136.88624, 35.16109], [136.88621, 35.16122], [136.88598, 35.16211], [136.88588, 35.16254], [136.88572, 35.16309], [136.88556, 35.16368], [136.88547, 35.16405], [136.88525, 35.16465], [136.885, 35.1653], [136.88477, 35.16584], [136.88444, 35.16653], [136.88437, 35.16667], [136.88411, 35.16724], [136.88384, 35.16784], [136.88366, 35.16824], [136.8835, 35.16862], [136.88332, 35.16903], [136.88314, 35.16944], [136.88293, 35.16989], [136.88284, 35.17005]]}, "properties": {"id": "TRACK_TOKYO_1110", "line_name": "東海道線", "station_group_ids": [], "mode": "rail", "operator_id": "東海旅客鉄道", "line_color": "#F28E1C", "tags": ["tokyo", "track_centerline"]}}, {"type": "Feature", "bbox": [136.78129, 35.30314, 136.79681, 35.34714], "geometry": {"type": "LineString", "coordinates": [[136.79681, 35.30314], [136.79588, 35.30497], [136.79517, 35.30643], [136.7951, 35.30656], [136.79509, 35.3066], [136.79469, 35.30743], [136.79464, 35.30754], [136.79408, 35.30867], [136.79396, 35.30891], [136.79391, 35.309], [136.79362, 35.30964], [136.79346, 35.30999], [136.79325, 35.31042], [136.79316, 35.31063], [136.79298, 35.31101], [136.79291, 35.31115], [136.79267, 35.3117], [136.79265, 35.31174], [136.79233, 35.31239], [136.7922, 35.31266], [136.79203, 35.31302], [136.79192, 35.31323], [136.79148, 35.31413], [136.79137, 35.31435], [136.79118, 35.31474], [136.79115, 35.31482], [136.79094, 35.31523], [136.79078, 35.31554], [136.79047, 35.31617], [136.78992, 35.31731], [136.78984, 35.31745], [136.78962, 35.31789], [136.78953, 35.31809], [136.78915, 35.31887], [136.78882, 35.31955], [136.78874, 35.31973], [136.78858, 35.32006], [136.78833, 35.32057], [136.7883, 35.32063], [136.78746, 35.32237], [136.78733, 35.32264], [136.78714, 35.32301], [136.78707, 35.32317], [136.78646, 35.32445], [136.78634, 35.32468], [136.7863, 35.32477], [136.78611, 35.32515], [136.78584, 35.32569], [136.78578, 35.32582], [136.78574, 35.3259], [136.78531, 35.32679], [136.78525, 35.32692], [136.78453, 35.32839], [136.78438, 35.3287], [136.78424, 35.32904], [136.78407, 35.32941], [136.78386, 35.32989], [136.78372, 35.33021], [136.78347, 35.33086], [136.78337, 35.33114], [136.78332, 35.33127], [136.78297, 35.33227], [136.78277, 35.33286], [136.78253, 35.3337], [136.78247, 35.33391], [136.78238, 35.3342], [136.78235, 35.33432], [136.78233, 35.33442], [136.7822, 35.33489], [136.78174, 35.33654], [136.78164, 35.33711], [136.7816, 35.33762], [136.78162, 35.33813], [136.78167, 35.33977], [136.78141, 35.34558], [136.78129, 35.34714]]}, "properties": {"id": "TRACK_TOKYO_1111", "line_name": "東海道線", "station_group_ids": [], "mode": "rail", "operator_id": "東海旅客鉄道", "line_color": "#F28E1C", "tags": ["tokyo", "track_centerline"]}}, {"type": "Feature", "bbox": [136.86042, 35.19879, 136.86224, 35.20048], "geometry": {"type": "LineString", "coordinates": [[136.86224, 35.19879], [136.86173, 35.19932], [136.86042, 35.20048]]}, "properties": {"id": "TRACK_TOKYO_1112", "line_name": "東海道線", "station_group_ids": [], "mode": "rail", "operator_id": "東海旅客鉄道", "line_color": "#F28E1C", "tags": ["tokyo", "track_centerline"]}}, {"type": "Feature", "bbox": [136.86224, 35.1743, 136.88005, 35.19879], "geometry": {"type": "LineString", "coordinates": [[136.86224, 35.19879], [136.86282, 35.19805], [136.86333, 35.19731], [136.86378, 35.19659], [136.86432, 35.19565], [136.8646, 35.19513], [136.86466, 35.19502], [136.86471, 35.19491], [136.86501, 35.19432], [136.86532, 35.19363], [136.86575, 35.1926], [136.86613, 35.19173], [136.8666, 35.19064], [136.86703, 35.18967], [136.86748, 35.18893], [136.86794, 35.18833], [136.8685, 35.18772], [136.86875, 35.18747], [136.86962, 35.18661], [136.87205, 35.18445], [136.87349, 35.1831], [136.87374, 35.18285], [136.87517, 35.18152], [136.87557, 35.18112], [136.87593, 35.18076], [136.8761, 35.18058], [136.87697, 35.17965], [136.87773, 35.17869], [136.87836, 35.17763], [136.87854, 35.17733], [136.87867, 35.17712], [136.87913, 35.1762], [136.87917, 35.17613], [136.87926, 35.17595], [136.8797, 35.17507], [136.87992, 35.1746], [136.87999, 35.17443], [136.88005, 35.1743]]}, "properties": {"id": "TRACK_TOKYO_1113", "line_name": "東海道線", "station_group_ids": [], "mode": "rail", "operator_id": "東海旅客鉄道", "line_color": "#F28E1C", "tags": ["tokyo", "track_centerline"]}}, {"type": "Feature", "bbox": [136.91015, 35.12871, 136.91111, 35.13111], "geometry": {"type": "LineString", "coordinates": [[136.91111, 35.12871], [136.91091, 35.12921], [136.91053, 35.13018], [136.91015, 35.13111]]}, "properties": {"id": "TRACK_TOKYO_1114", "line_name": "東海道線", "station_group_ids": [], "mode": "rail", "operator_id": "東海旅客鉄道", "line_color": "#F28E1C", "tags": ["tokyo", "track_centerline"]}}, {"type": "Feature", "bbox": [136.90183, 35.13111, 136.91015, 35.14241], "geometry": {"type": "LineString", "coordinates": [[136.91015, 35.13111], [136.91009, 35.13126], [136.90974, 35.13216], [136.90955, 35.13265], [136.90946, 35.13288], [136.90908, 35.13381], [136.90895, 35.13411], [136.90887, 35.1343], [136.90862, 35.13496], [136.90842, 35.13539], [136.90839, 35.13545], [136.90827, 35.13571], [136.90815, 35.13597], [136.90777, 35.13675], [136.90755, 35.13712], [136.90746, 35.13729], [136.90731, 35.1375], [136.90712, 35.13782], [136.90696, 35.13807], [136.90672, 35.13836], [136.90654, 35.1386], [136.90629, 35.1389], [136.90599, 35.13923], [136.90571, 35.13953], [136.9055, 35.13978], [136.90507, 35.14016], [136.90494, 35.14025], [136.9046, 35.14055], [136.9042, 35.14085], [136.90377, 35.14116], [136.90348, 35.14139], [136.90318, 35.14158], [136.90266, 35.14193], [136.90217, 35.14225], [136.90183, 35.14241]]}, "properties": {"id": "TRACK_TOKYO_1115", "line_name": "東海道線", "station_group_ids": [], "mode": "rail", "operator_id": "東海旅客鉄道", "line_color": "#F28E1C", "tags": ["tokyo", "track_centerline"]}}, {"type": "Feature", "bbox": [136.92572, 35.09397, 136.92697, 35.09624], "geometry": {"type": "LineString", "coordinates": [[136.92697, 35.09397], [136.92599, 35.09574], [136.92572, 35.09624]]}, "properties": {"id": "TRACK_TOKYO_1116", "line_name": "東海道線", "station_group_ids": [], "mode": "rail", "operator_id": "東海旅客鉄道", "line_color": "#F28E1C", "tags": ["tokyo", "track_centerline"]}}, {"type": "Feature", "bbox": [136.84405, 35.21117, 136.84723, 35.21451], "geometry": {"type": "LineString", "coordinates": [[136.84405, 35.21451], [136.84472, 35.214], [136.8457, 35.21333], [136.84571, 35.21332], [136.84622, 35.21296], [136.84649, 35.21269], [136.84666, 35.21248], [136.84682, 35.21222], [136.84694, 35.21197], [136.84699, 35.21184], [136.84713, 35.21144], [136.84723, 35.21117]]}, "properties": {"id": "TRACK_TOKYO_1117", "line_name": "東海道線", "station_group_ids": [], "mode": "rail", "operator_id": "東海旅客鉄道", "line_color": "#F28E1C", "tags": ["tokyo", "track_centerline"]}}, {"type": "Feature", "bbox": [136.88071, 35.169764, 136.882049, 35.17227], "geometry": {"type": "LineString", "coordinates": [[136.882049, 35.169764], [136.88197, 35.16989], [136.8813, 35.17113], [136.88084, 35.17199], [136.88071, 35.17227]]}, "properties": {"id": "TRACK_TOKYO_1118", "line_name": "東海道線", "station_group_ids": [], "mode": "rail", "operator_id": "東海旅客鉄道", "line_color": "#F28E1C", "tags": ["tokyo", "track_centerline"]}}, {"type": "Feature", "bbox": [136.83527, 35.21451, 136.84405, 35.22432], "geometry": {"type": "LineString", "coordinates": [[136.83527, 35.22432], [136.83546, 35.22408], [136.83565, 35.22384], [136.83703, 35.22211], [136.83863, 35.22029], [136.84003, 35.21881], [136.84019, 35.21864], [136.84187, 35.21688], [136.8425, 35.21617], [136.8434, 35.21521], [136.84371, 35.21489], [136.84405, 35.21451]]}, "properties": {"id": "TRACK_TOKYO_1119", "line_name": "東海道線", "station_group_ids": [], "mode": "rail", "operator_id": "東海旅客鉄道", "line_color": "#F28E1C", "tags": ["tokyo", "track_centerline"]}}, {"type": "Feature", "bbox": [136.79681, 35.30086, 136.79795, 35.30314], "geometry": {"type": "LineString", "coordinates": [[136.79681, 35.30314], [136.79795, 35.30086]]}, "properties": {"id": "TRACK_TOKYO_1120", "line_name": "東海道線", "station_group_ids": [], "mode": "rail", "operator_id": "東海旅客鉄道", "line_color": "#F28E1C", "tags": ["tokyo", "track_centerline"]}}, {"type": "Feature", "bbox": [136.89177, 35.14326, 136.89964, 35.14644], "geometry": {"type": "LineString", "coordinates": [[136.89964, 35.14326], [136.8988, 35.14356], [136.89808, 35.14381], [136.89712, 35.14414], [136.89626, 35.14447], [136.89545, 35.14477], [136.89485, 35.14499], [136.89449, 35.14513], [136.8942, 35.14523], [136.89377, 35.1454], [136.89341, 35.14556], [136.89264, 35.14593], [136.89235, 35.14608], [136.89204, 35.14625], [136.89177, 35.14644]]}, "properties": {"id": "TRACK_TOKYO_1121", "line_name": "東海道線", "station_group_ids": [], "mode": "rail", "operator_id": "東海旅客鉄道", "line_color": "#F28E1C", "tags": ["tokyo", "track_centerline"]}}, {"type": "Feature", "bbox": [136.88023, 35.17227, 136.88071, 35.17377], "geometry": {"type": "LineString", "coordinates": [[136.88071, 35.17227], [136.88023, 35.17377]]}, "properties": {"id": "TRACK_TOKYO_1122", "line_name": "東海道線", "station_group_ids": [], "mode": "rail", "operator_id": "東海旅客鉄道", "line_color": "#F28E1C", "tags": ["tokyo", "track_centerline"]}}, {"type": "Feature", "bbox": [136.85142, 35.20048, 136.86042, 35.20675], "geometry": {"type": "LineString", "coordinates": [[136.85142, 35.20675], [136.85213, 35.20604], [136.8526, 35.20557], [136.85308, 35.20515], [136.8534, 35.2049], [136.85385, 35.20459], [136.85443, 35.20424], [136.85578, 35.20359], [136.85637, 35.20325], [136.85691, 35.20294], [136.85749, 35.20259], [136.85829, 35.20205], [136.85847, 35.20191], [136.85967, 35.20104], [136.85987, 35.20089], [136.86042, 35.20048]]}, "properties": {"id": "TRACK_TOKYO_1123", "line_name": "東海道線", "station_group_ids": [], "mode": "rail", "operator_id": "東海旅客鉄道", "line_color": "#F28E1C", "tags": ["tokyo", "track_centerline"]}}, {"type": "Feature", "bbox": [136.82043, 35.25199, 136.82149, 35.25408], "geometry": {"type": "LineString", "coordinates": [[136.82043, 35.25408], [136.82087, 35.25322], [136.82149, 35.25199]]}, "properties": {"id": "TRACK_TOKYO_1124", "line_name": "東海道線", "station_group_ids": [], "mode": "rail", "operator_id": "東海旅客鉄道", "line_color": "#F28E1C", "tags": ["tokyo", "track_centerline"]}}, {"type": "Feature", "bbox": [137.1648, 34.83748, 137.1754, 34.85853], "geometry": {"type": "LineString", "coordinates": [[137.1648, 34.85853], [137.16506, 34.85756], [137.16515, 34.85722], [137.16519, 34.85708], [137.16546, 34.85612], [137.16563, 34.85551], [137.16571, 34.85523], [137.16578, 34.85497], [137.16615, 34.85362], [137.16622, 34.85335], [137.16652, 34.8523], [137.1669, 34.8509], [137.16736, 34.8493], [137.16767, 34.84819], [137.16774, 34.84793], [137.16786, 34.84759], [137.16796, 34.84734], [137.16812, 34.84702], [137.16835, 34.84663], [137.16869, 34.84612], [137.16917, 34.84541], [137.16943, 34.84507], [137.16972, 34.84467], [137.1701, 34.8442], [137.17112, 34.84286], [137.17228, 34.84134], [137.17323, 34.8401], [137.1745, 34.83852], [137.1754, 34.83748]]}, "properties": {"id": "TRACK_TOKYO_1158", "line_name": "東海道線", "station_group_ids": [], "mode": "rail", "operator_id": "東海旅客鉄道", "line_color": "#F28E1C", "tags": ["tokyo", "track_centerline"]}}, {"type": "Feature", "bbox": [137.17798, 34.82475, 137.20071, 34.83518], "geometry": {"type": "LineString", "coordinates": [[137.20071, 34.82507], [137.20007, 34.82489], [137.19945, 34.82481], [137.19867, 34.82475], [137.19782, 34.82479], [137.19735, 34.82482], [137.19711, 34.82484], [137.1967, 34.82492], [137.19628, 34.82502], [137.19566, 34.82523], [137.19563, 34.82524], [137.19457, 34.82562], [137.19373, 34.82593], [137.19216, 34.82652], [137.19099, 34.82694], [137.18977, 34.82739], [137.18871, 34.82779], [137.18811, 34.82802], [137.18767, 34.8282], [137.18706, 34.82848], [137.18674, 34.82864], [137.18605, 34.82902], [137.18535, 34.82941], [137.1848, 34.82975], [137.18393, 34.83035], [137.18317, 34.8309], [137.18093, 34.83273], [137.17949, 34.83391], [137.17798, 34.83518]]}, "properties": {"id": "TRACK_TOKYO_1159", "line_name": "東海道線", "station_group_ids": [], "mode": "rail", "operator_id": "東海旅客鉄道", "line_color": "#F28E1C", "tags": ["tokyo", "track_centerline"]}}, {"type": "Feature", "bbox": [137.22557, 34.82235, 137.2292, 34.82314], "geometry": {"type": "LineString", "coordinates": [[137.2292, 34.82235], [137.22864, 34.82246], [137.22716, 34.82278], [137.22632, 34.82295], [137.22557, 34.82314]]}, "properties": {"id": "TRACK_TOKYO_1161", "line_name": "東海道線", "station_group_ids": [], "mode": "rail", "operator_id": "東海旅客鉄道", "line_color": "#F28E1C", "tags": ["tokyo", "track_centerline"]}}, {"type": "Feature", "bbox": [137.16411, 34.85853, 137.1648, 34.8608], "geometry": {"type": "LineString", "coordinates": [[137.16411, 34.8608], [137.16448, 34.85963], [137.1648, 34.85853]]}, "properties": {"id": "TRACK_TOKYO_1162", "line_name": "東海道線", "station_group_ids": [], "mode": "rail", "operator_id": "東海旅客鉄道", "line_color": "#F28E1C", "tags": ["tokyo", "track_centerline"]}}, {"type": "Feature", "bbox": [137.08492, 34.95991, 137.08777, 34.96102], "geometry": {"type": "LineString", "coordinates": [[137.08777, 34.95991], [137.08708, 34.96019], [137.08641, 34.96045], [137.08592, 34.96063], [137.08492, 34.96102]]}, "properties": {"id": "TRACK_TOKYO_1164", "line_name": "東海道線", "station_group_ids": [], "mode": "rail", "operator_id": "東海旅客鉄道", "line_color": "#F28E1C", "tags": ["tokyo", "track_centerline"]}}, {"type": "Feature", "bbox": [137.15017, 34.93131, 137.15654, 34.93816], "geometry": {"type": "LineString", "coordinates": [[137.15654, 34.93131], [137.15653, 34.93164], [137.15651, 34.93177], [137.15646, 34.93212], [137.15645, 34.93217], [137.15637, 34.9326], [137.1562, 34.93334], [137.15609, 34.93361], [137.15576, 34.93425], [137.15554, 34.93458], [137.15507, 34.93516], [137.15492, 34.93531], [137.1547, 34.93552], [137.15424, 34.93594], [137.1538, 34.9363], [137.15351, 34.93652], [137.15311, 34.93677], [137.15207, 34.93737], [137.15095, 34.93789], [137.15017, 34.93816]]}, "properties": {"id": "TRACK_TOKYO_1166", "line_name": "東海道線", "station_group_ids": [], "mode": "rail", "operator_id": "東海旅客鉄道", "line_color": "#F28E1C", "tags": ["tokyo", "track_centerline"]}}, {"type": "Feature", "bbox": [137.12402, 34.93816, 137.15017, 34.94636], "geometry": {"type": "LineString", "coordinates": [[137.12402, 34.94636], [137.12531, 34.94598], [137.12605, 34.94576], [137.1271, 34.94542], [137.12824, 34.94506], [137.12898, 34.94483], [137.12938, 34.9447], [137.12964, 34.94462], [137.12972, 34.9446], [137.13032, 34.9444], [137.1312, 34.94412], [137.1321, 34.94385], [137.1327, 34.94365], [137.13331, 34.94347], [137.13405, 34.94324], [137.13486, 34.94298], [137.13647, 34.94247], [137.13807, 34.94196], [137.1383, 34.9419], [137.139, 34.9417], [137.14016, 34.94139], [137.14033, 34.94134], [137.14054, 34.94128], [137.14128, 34.94106], [137.14172, 34.94093], [137.14334, 34.94047], [137.14464, 34.94008], [137.14588, 34.93972], [137.14651, 34.93953], [137.14689, 34.93942], [137.1479, 34.93911], [137.14839, 34.93894], [137.14898, 34.9387], [137.14904, 34.93868], [137.14929, 34.93857], [137.14952, 34.93847], [137.15017, 34.93816]]}, "properties": {"id": "TRACK_TOKYO_1167", "line_name": "東海道線", "station_group_ids": [], "mode": "rail", "operator_id": "東海旅客鉄道", "line_color": "#F28E1C", "tags": ["tokyo", "track_centerline"]}}, {"type": "Feature", "bbox": [137.24951, 34.81365, 137.28213, 34.81825], "geometry": {"type": "LineString", "coordinates": [[137.24951, 34.81825], [137.25003, 34.81816], [137.25038, 34.81809], [137.25104, 34.81796], [137.25162, 34.81785], [137.25243, 34.81769], [137.25291, 34.81761], [137.25337, 34.81752], [137.25376, 34.81744], [137.25414, 34.81737], [137.25451, 34.81729], [137.25476, 34.81724], [137.25492, 34.81722], [137.25509, 34.81719], [137.2553, 34.81715], [137.25567, 34.81708], [137.25633, 34.81699], [137.2568, 34.81692], [137.25708, 34.81687], [137.25741, 34.81683], [137.25783, 34.81678], [137.25818, 34.81673], [137.25873, 34.81667], [137.25942, 34.81658], [137.25991, 34.81651], [137.26048, 34.81642], [137.26108, 34.81633], [137.26114, 34.81631], [137.26138, 34.81626], [137.26173, 34.81618], [137.26205, 34.81609], [137.26225, 34.81603], [137.26272, 34.81587], [137.26306, 34.81578], [137.26336, 34.81567], [137.26362, 34.81559], [137.2638, 34.81553], [137.26389, 34.81549], [137.26415, 34.81541], [137.2644, 34.81532], [137.26466, 34.81523], [137.26491, 34.81515], [137.26516, 34.81505], [137.2654, 34.81496], [137.26564, 34.81487], [137.26591, 34.81478], [137.26662, 34.81451], [137.26687, 34.81442], [137.26705, 34.81436], [137.26725, 34.8143], [137.2677, 34.81416], [137.26814, 34.81401], [137.26851, 34.8139], [137.26898, 34.81378], [137.26921, 34.81374], [137.26944, 34.81369], [137.26971, 34.81367], [137.27001, 34.81366], [137.27037, 34.81365], [137.27101, 34.81366], [137.27156, 34.81368], [137.27192, 34.8137], [137.27215, 34.81372], [137.27262, 34.81377], [137.2732, 34.81382], [137.27388, 34.81389], [137.27466, 34.81396], [137.27521, 34.81401], [137.27567, 34.81406], [137.27586, 34.81408], [137.27618, 34.81411], [137.27652, 34.81415], [137.27663, 34.81415], [137.27692, 34.81418], [137.27702, 34.81419], [137.27712, 34.8142], [137.2776, 34.81426], [137.27804, 34.81435], [137.2784, 34.81441], [137.27907, 34.81453], [137.27962, 34.81465], [137.27983, 34.81471], [137.28024, 34.81483], [137.28041, 34.81489], [137.28087, 34.81505], [137.28173, 34.81534], [137.28213, 34.81548]]}, "properties": {"id": "TRACK_TOKYO_1168", "line_name": "東海道線", "station_group_ids": [], "mode": "rail", "operator_id": "東海旅客鉄道", "line_color": "#F28E1C", "tags": ["tokyo", "track_centerline"]}}, {"type": "Feature", "bbox": [137.20224, 34.82314, 137.22557, 34.82705], "geometry": {"type": "LineString", "coordinates": [[137.22557, 34.82314], [137.22474, 34.82333], [137.22336, 34.82363], [137.22174, 34.82398], [137.22049, 34.82425], [137.21894, 34.82458], [137.21746, 34.8249], [137.21615, 34.82518], [137.21597, 34.82522], [137.21563, 34.8253], [137.21455, 34.82554], [137.21319, 34.82582], [137.21206, 34.82607], [137.21098, 34.8263], [137.20974, 34.82658], [137.209, 34.82675], [137.20833, 34.82688], [137.20819, 34.82691], [137.20787, 34.82696], [137.2074, 34.82703], [137.20716, 34.82704], [137.20659, 34.82705], [137.2062, 34.82703], [137.20597, 34.827], [137.20509, 34.82684], [137.20469, 34.82675], [137.20429, 34.82663], [137.20406, 34.82655], [137.20288, 34.82605], [137.20224, 34.82577]]}, "properties": {"id": "TRACK_TOKYO_1170", "line_name": "東海道線", "station_group_ids": [], "mode": "rail", "operator_id": "東海旅客鉄道", "line_color": "#F28E1C", "tags": ["tokyo", "track_centerline"]}}, {"type": "Feature", "bbox": [137.08777, 34.94688, 137.12229, 34.95991], "geometry": {"type": "LineString", "coordinates": [[137.12229, 34.94688], [137.12203, 34.94697], [137.12197, 34.94699], [137.12181, 34.94703], [137.12163, 34.94708], [137.12141, 34.94714], [137.12123, 34.94719], [137.12111, 34.94723], [137.12031, 34.94747], [137.12023, 34.9475], [137.12001, 34.94757], [137.11974, 34.94765], [137.11903, 34.94787], [137.11879, 34.94794], [137.11852, 34.94802], [137.11774, 34.94826], [137.11725, 34.94841], [137.11655, 34.94863], [137.11623, 34.94873], [137.11614, 34.94876], [137.11563, 34.94893], [137.11447, 34.94936], [137.11374, 34.94966], [137.11255, 34.95012], [137.11163, 34.95048], [137.11121, 34.95064], [137.11096, 34.95073], [137.10974, 34.95121], [137.10964, 34.95125], [137.1084, 34.95174], [137.1079, 34.95193], [137.10661, 34.95245], [137.10633, 34.95256], [137.10589, 34.95273], [137.10428, 34.95336], [137.10358, 34.95364], [137.10228, 34.95415], [137.10126, 34.95456], [137.10119, 34.95458], [137.09967, 34.9552], [137.09946, 34.95528], [137.09924, 34.95536], [137.09904, 34.95545], [137.09886, 34.95552], [137.09831, 34.95574], [137.09774, 34.95597], [137.0973, 34.95615], [137.0963, 34.95653], [137.09576, 34.95675], [137.0952, 34.95699], [137.09363, 34.95759], [137.09328, 34.95773], [137.09244, 34.95805], [137.09181, 34.95829], [137.09173, 34.95832], [137.08999, 34.95901], [137.08954, 34.9592], [137.0888, 34.9595], [137.08858, 34.95958], [137.0878, 34.9599], [137.08777, 34.95991]]}, "properties": {"id": "TRACK_TOKYO_1171", "line_name": "東海道線", "station_group_ids": [], "mode": "rail", "operator_id": "東海旅客鉄道", "line_color": "#F28E1C", "tags": ["tokyo", "track_centerline"]}}, {"type": "Feature", "bbox": [137.1754, 34.83518, 137.17798, 34.83748], "geometry": {"type": "LineString", "coordinates": [[137.1754, 34.83748], [137.17632, 34.83661], [137.17649, 34.83646], [137.17798, 34.83518]]}, "properties": {"id": "TRACK_TOKYO_1172", "line_name": "東海道線", "station_group_ids": [], "mode": "rail", "operator_id": "東海旅客鉄道", "line_color": "#F28E1C", "tags": ["tokyo", "track_centerline"]}}, {"type": "Feature", "bbox": [137.24656, 34.81825, 137.24951, 34.81879], "geometry": {"type": "LineString", "coordinates": [[137.24656, 34.81879], [137.24671, 34.81877], [137.24702, 34.8187], [137.24788, 34.81854], [137.24884, 34.81836], [137.24951, 34.81825]]}, "properties": {"id": "TRACK_TOKYO_1173", "line_name": "東海道線", "station_group_ids": [], "mode": "rail", "operator_id": "東海旅客鉄道", "line_color": "#F28E1C", "tags": ["tokyo", "track_centerline"]}}, {"type": "Feature", "bbox": [137.2292, 34.81879, 137.24656, 34.82235], "geometry": {"type": "LineString", "coordinates": [[137.24656, 34.81879], [137.24611, 34.81887], [137.24586, 34.81892], [137.24551, 34.81898], [137.24423, 34.81925], [137.24324, 34.81944], [137.24313, 34.81946], [137.24294, 34.8195], [137.24254, 34.81958], [137.24128, 34.81984], [137.24012, 34.82006], [137.23958, 34.82018], [137.23919, 34.82025], [137.23891, 34.82031], [137.23836, 34.82042], [137.23718, 34.82065], [137.23708, 34.82067], [137.23682, 34.82073], [137.23598, 34.8209], [137.23424, 34.82126], [137.2326, 34.82162], [137.23114, 34.82193], [137.22978, 34.82223], [137.2292, 34.82235]]}, "properties": {"id": "TRACK_TOKYO_1174", "line_name": "東海道線", "station_group_ids": [], "mode": "rail", "operator_id": "東海旅客鉄道", "line_color": "#F28E1C", "tags": ["tokyo", "track_centerline"]}}, {"type": "Feature", "bbox": [137.12229, 34.94636, 137.12402, 34.94688], "geometry": {"type": "LineString", "coordinates": [[137.12402, 34.94636], [137.12229, 34.94688]]}, "properties": {"id": "TRACK_TOKYO_1175", "line_name": "東海道線", "station_group_ids": [], "mode": "rail", "operator_id": "東海旅客鉄道", "line_color": "#F28E1C", "tags": ["tokyo", "track_centerline"]}}, {"type": "Feature", "bbox": [137.20071, 34.82507, 137.20224, 34.82577], "geometry": {"type": "LineString", "coordinates": [[137.20224, 34.82577], [137.20156, 34.82544], [137.20071, 34.82507]]}, "properties": {"id": "TRACK_TOKYO_1176", "line_name": "東海道線", "station_group_ids": [], "mode": "rail", "operator_id": "東海旅客鉄道", "line_color": "#F28E1C", "tags": ["tokyo", "track_centerline"]}}, {"type": "Feature", "bbox": [137.15017, 34.93229, 137.15613, 34.93816], "geometry": {"type": "LineString", "coordinates": [[137.15613, 34.93229], [137.15577, 34.93301], [137.15527, 34.93384], [137.15493, 34.93433], [137.15451, 34.93485], [137.15417, 34.93525], [137.15365, 34.93577], [137.15328, 34.93613], [137.15286, 34.93649], [137.15229, 34.93692], [137.15166, 34.93733], [137.15118, 34.93763], [137.15033, 34.93808], [137.15017, 34.93816]]}, "properties": {"id": "TRACK_TOKYO_1177", "line_name": "東海道線", "station_group_ids": [], "mode": "rail", "operator_id": "東海旅客鉄道", "line_color": "#F28E1C", "tags": ["tokyo", "track_centerline"]}}, {"type": "Feature", "bbox": [137.15613, 34.93131, 137.15654, 34.93229], "geometry": {"type": "LineString", "coordinates": [[137.15654, 34.93131], [137.15638, 34.93171], [137.15625, 34.93201], [137.15613, 34.93229]]}, "properties": {"id": "TRACK_TOKYO_1180", "line_name": "東海道線", "station_group_ids": [], "mode": "rail", "operator_id": "東海旅客鉄道", "line_color": "#F28E1C", "tags": ["tokyo", "track_centerline"]}}, {"type": "Feature", "bbox": [137.15715, 34.9239, 137.15739, 34.92679], "geometry": {"type": "LineString", "coordinates": [[137.15739, 34.9239], [137.15716, 34.92666], [137.15715, 34.92679]]}, "properties": {"id": "TRACK_TOKYO_1181", "line_name": "東海道線", "station_group_ids": [], "mode": "rail", "operator_id": "東海旅客鉄道", "line_color": "#F28E1C", "tags": ["tokyo", "track_centerline"]}}, {"type": "Feature", "bbox": [137.15654, 34.92679, 137.15715, 34.93131], "geometry": {"type": "LineString", "coordinates": [[137.15715, 34.92679], [137.15709, 34.92777], [137.15706, 34.92819], [137.15697, 34.92906], [137.15694, 34.92937], [137.15691, 34.92957], [137.15685, 34.93017], [137.15683, 34.93024], [137.15677, 34.93049], [137.15665, 34.93101], [137.15654, 34.93131]]}, "properties": {"id": "TRACK_TOKYO_1182", "line_name": "東海道線", "station_group_ids": [], "mode": "rail", "operator_id": "東海旅客鉄道", "line_color": "#F28E1C", "tags": ["tokyo", "track_centerline"]}}, {"type": "Feature", "bbox": [137.06298, 34.96102, 137.08492, 34.96967], "geometry": {"type": "LineString", "coordinates": [[137.08492, 34.96102], [137.08367, 34.9615], [137.08338, 34.96163], [137.08324, 34.96168], [137.08245, 34.96197], [137.08205, 34.96213], [137.08116, 34.96249], [137.08037, 34.9628], [137.08024, 34.96285], [137.07953, 34.96312], [137.07846, 34.96354], [137.07777, 34.96381], [137.07693, 34.96415], [137.07639, 34.96437], [137.07623, 34.96443], [137.07529, 34.96479], [137.07518, 34.96483], [137.07466, 34.96504], [137.07363, 34.96546], [137.07262, 34.96585], [137.07236, 34.96596], [137.07129, 34.96639], [137.07082, 34.96657], [137.07, 34.96689], [137.06953, 34.96707], [137.06847, 34.96749], [137.06782, 34.96774], [137.06693, 34.9681], [137.06641, 34.96832], [137.06626, 34.96838], [137.06607, 34.96845], [137.06587, 34.96853], [137.06584, 34.96854], [137.06549, 34.96868], [137.06482, 34.96893], [137.06407, 34.96924], [137.06298, 34.96967]]}, "properties": {"id": "TRACK_TOKYO_1185", "line_name": "東海道線", "station_group_ids": [], "mode": "rail", "operator_id": "東海旅客鉄道", "line_color": "#F28E1C", "tags": ["tokyo", "track_centerline"]}}, {"type": "Feature", "bbox": [137.04499, 34.97091, 137.05986, 34.97683], "geometry": {"type": "LineString", "coordinates": [[137.05986, 34.97091], [137.05863, 34.9714], [137.05783, 34.97171], [137.05658, 34.97219], [137.05642, 34.97226], [137.05505, 34.97281], [137.05442, 34.97306], [137.05375, 34.97332], [137.05305, 34.97361], [137.0527, 34.97374], [137.05092, 34.97447], [137.05046, 34.97465], [137.04869, 34.97536], [137.04818, 34.97556], [137.04759, 34.97579], [137.04647, 34.97624], [137.04499, 34.97683]]}, "properties": {"id": "TRACK_TOKYO_1186", "line_name": "東海道線", "station_group_ids": [], "mode": "rail", "operator_id": "東海旅客鉄道", "line_color": "#F28E1C", "tags": ["tokyo", "track_centerline"]}}, {"type": "Feature", "bbox": [137.05986, 34.96967, 137.06298, 34.97091], "geometry": {"type": "LineString", "coordinates": [[137.06298, 34.96967], [137.0613, 34.97033], [137.06069, 34.97058], [137.0605, 34.97065], [137.06037, 34.97071], [137.05986, 34.97091]]}, "properties": {"id": "TRACK_TOKYO_1187", "line_name": "東海道線", "station_group_ids": [], "mode": "rail", "operator_id": "東海旅客鉄道", "line_color": "#F28E1C", "tags": ["tokyo", "track_centerline"]}}, {"type": "Feature", "bbox": [136.61592, 35.36703, 136.62061, 35.36718], "geometry": {"type": "LineString", "coordinates": [[136.62061, 35.36703], [136.62008, 35.36704], [136.61733, 35.36712], [136.61699, 35.36713], [136.61686, 35.36713], [136.61592, 35.36718]]}, "properties": {"id": "TRACK_TOKYO_1188", "line_name": "東海道線", "station_group_ids": [], "mode": "rail", "operator_id": "東海旅客鉄道", "line_color": "#F28E1C", "tags": ["tokyo", "track_centerline"]}}, {"type": "Feature", "bbox": [136.62061, 35.367, 136.6449, 35.3741], "geometry": {"type": "LineString", "coordinates": [[136.6449, 35.3741], [136.64145, 35.37252], [136.63953, 35.37163], [136.63929, 35.37152], [136.63754, 35.37073], [136.6363, 35.37016], [136.63348, 35.36889], [136.63257, 35.36854], [136.63148, 35.36817], [136.6311, 35.36806], [136.62975, 35.36769], [136.628, 35.36735], [136.62703, 35.36721], [136.62578, 35.36708], [136.62475, 35.367], [136.62207, 35.367], [136.6215, 35.36701], [136.62115, 35.36702], [136.62095, 35.36702], [136.62061, 35.36703]]}, "properties": {"id": "TRACK_TOKYO_1189", "line_name": "東海道線", "station_group_ids": [], "mode": "rail", "operator_id": "東海旅客鉄道", "line_color": "#F28E1C", "tags": ["tokyo", "track_centerline"]}}, {"type": "Feature", "bbox": [136.47674, 35.3645, 136.47945, 35.36541], "geometry": {"type": "LineString", "coordinates": [[136.47674, 35.3645], [136.47823, 35.36492], [136.47874, 35.36507], [136.47911, 35.36523], [136.47928, 35.36532], [136.47942, 35.36539], [136.47945, 35.36541]]}, "properties": {"id": "TRACK_TOKYO_1190", "line_name": "東海道線", "station_group_ids": [], "mode": "rail", "operator_id": "東海旅客鉄道", "line_color": "#F28E1C", "tags": ["tokyo", "track_centerline"]}}, {"type": "Feature", "bbox": [136.47945, 35.36538, 136.48446, 35.36551], "geometry": {"type": "LineString", "coordinates": [[136.47945, 35.36541], [136.47986, 35.36539], [136.48191, 35.36538], [136.48321, 35.3654], [136.48446, 35.36551]]}, "properties": {"id": "TRACK_TOKYO_1191", "line_name": "東海道線", "station_group_ids": [], "mode": "rail", "operator_id": "東海旅客鉄道", "line_color": "#F28E1C", "tags": ["tokyo", "track_centerline"]}}, {"type": "Feature", "bbox": [136.47455, 35.36425, 136.47674, 35.3645], "geometry": {"type": "LineString", "coordinates": [[136.47455, 35.36425], [136.47674, 35.3645]]}, "properties": {"id": "TRACK_TOKYO_1192", "line_name": "東海道線", "station_group_ids": [], "mode": "rail", "operator_id": "東海旅客鉄道", "line_color": "#F28E1C", "tags": ["tokyo", "track_centerline"]}}, {"type": "Feature", "bbox": [136.47945, 35.36541, 136.57868, 35.39317], "geometry": {"type": "LineString", "coordinates": [[136.47945, 35.36541], [136.47948, 35.36542], [136.47959, 35.36548], [136.48003, 35.36579], [136.48046, 35.36619], [136.48076, 35.36654], [136.48089, 35.36667], [136.48103, 35.36686], [136.48136, 35.36731], [136.48192, 35.36805], [136.48226, 35.36844], [136.48259, 35.36877], [136.48302, 35.36911], [136.48336, 35.36935], [136.48394, 35.36965], [136.48508, 35.37021], [136.48555, 35.37045], [136.48617, 35.37078], [136.48638, 35.3709], [136.48759, 35.37195], [136.48855, 35.37277], [136.48906, 35.37319], [136.48966, 35.37369], [136.49018, 35.37424], [136.49053, 35.37463], [136.49085, 35.37512], [136.49105, 35.37552], [136.49115, 35.37581], [136.49127, 35.3763], [136.49133, 35.3767], [136.49131, 35.37706], [136.4913, 35.37743], [136.49128, 35.37778], [136.49118, 35.37921], [136.49118, 35.37947], [136.4912, 35.37983], [136.49125, 35.38018], [136.49128, 35.38036], [136.49136, 35.38072], [136.49152, 35.38118], [136.4917, 35.38163], [136.49218, 35.38286], [136.49291, 35.38417], [136.49317, 35.38453], [136.49372, 35.3852], [136.49416, 35.38562], [136.49465, 35.38608], [136.49546, 35.38665], [136.49595, 35.38698], [136.49655, 35.38734], [136.49708, 35.38761], [136.49789, 35.38795], [136.49863, 35.38823], [136.49878, 35.38826], [136.49942, 35.38842], [136.50022, 35.38861], [136.50223, 35.38905], [136.50548, 35.38981], [136.50726, 35.39023], [136.50753, 35.39029], [136.51, 35.39087], [136.51539, 35.39211], [136.517, 35.39249], [136.51734, 35.39257], [136.51834, 35.3928], [136.51971, 35.39304], [136.52075, 35.39315], [136.52152, 35.39317], [136.5219, 35.39317], [136.52223, 35.39317], [136.52228, 35.39317], [136.52314, 35.39312], [136.52343, 35.3931], [136.52344, 35.3931], [136.52436, 35.39298], [136.5255, 35.39279], [136.52634, 35.39259], [136.52758, 35.39225], [136.52949, 35.39156], [136.53013, 35.39129], [136.53043, 35.39117], [136.5314, 35.39078], [136.53298, 35.39001], [136.53353, 35.38965], [136.53403, 35.38928], [136.53448, 35.38879], [136.53535, 35.38768], [136.5358, 35.38717], [136.53622, 35.38679], [136.53638, 35.38668], [136.53676, 35.38643], [136.5372, 35.3862], [136.53762, 35.38601], [136.5379, 35.38589], [136.53829, 35.38576], [136.53862, 35.38567], [136.53934, 35.38552], [136.54013, 35.38547], [136.54079, 35.3855], [136.54141, 35.38562], [136.54194, 35.38576], [136.54302, 35.38611], [136.54442, 35.38687], [136.54527, 35.38728], [136.54602, 35.38755], [136.5471, 35.38787], [136.54794, 35.3881], [136.54852, 35.38826], [136.55227, 35.3893], [136.55588, 35.39025], [136.55705, 35.39047], [136.5574, 35.39051], [136.55778, 35.39055], [136.55785, 35.39055], [136.5592, 35.39054], [136.56005, 35.39046], [136.56089, 35.3903], [136.56148, 35.39013], [136.56228, 35.38983], [136.56318, 35.38937], [136.56399, 35.38886], [136.56412, 35.38878], [136.56417, 35.38875], [136.56428, 35.38866], [136.56513, 35.38802], [136.56656, 35.38683], [136.56684, 35.3866], [136.5679, 35.38571], [136.57027, 35.38372], [136.57101, 35.3831], [136.57166, 35.38255], [136.57226, 35.38187], [136.57265, 35.38123], [136.57318, 35.3803], [136.57342, 35.37961], [136.57365, 35.37874], [136.57436, 35.37606], [136.57461, 35.37542], [136.57495, 35.37482], [136.57498, 35.37478], [136.5753, 35.37435], [136.57552, 35.3741], [136.5756, 35.37401], [136.57608, 35.37352], [136.5766, 35.37312], [136.57724, 35.37271], [136.57777, 35.37241], [136.57825, 35.37216], [136.57851, 35.37205], [136.57868, 35.37201]]}, "properties": {"id": "TRACK_TOKYO_1193", "line_name": "東海道線", "station_group_ids": [], "mode": "rail", "operator_id": "東海旅客鉄道", "line_color": "#F28E1C", "tags": ["tokyo", "track_centerline"]}}, {"type": "Feature", "bbox": [136.46858, 35.36349, 136.47246, 35.36402], "geometry": {"type": "LineString", "coordinates": [[136.46858, 35.36349], [136.46937, 35.36365], [136.47246, 35.36402]]}, "properties": {"id": "TRACK_TOKYO_1194", "line_name": "東海道線", "station_group_ids": [], "mode": "rail", "operator_id": "東海旅客鉄道", "line_color": "#F28E1C", "tags": ["tokyo", "track_centerline"]}}, {"type": "Feature", "bbox": [136.57868, 35.37184, 136.586, 35.37264], "geometry": {"type": "LineString", "coordinates": [[136.57868, 35.37201], [136.57888, 35.37195], [136.57934, 35.37188], [136.58005, 35.37184], [136.58076, 35.37184], [136.58131, 35.37188], [136.58194, 35.37194], [136.58299, 35.3721], [136.58423, 35.37232], [136.586, 35.37264]]}, "properties": {"id": "TRACK_TOKYO_1195", "line_name": "東海道線", "station_group_ids": [], "mode": "rail", "operator_id": "東海旅客鉄道", "line_color": "#F28E1C", "tags": ["tokyo", "track_centerline"]}}, {"type": "Feature", "bbox": [136.58221, 35.3737, 136.58306, 35.38586], "geometry": {"type": "LineString", "coordinates": [[136.58306, 35.3737], [136.58303, 35.37372], [136.58278, 35.37415], [136.58255, 35.37477], [136.58246, 35.37517], [136.58244, 35.3753], [136.58241, 35.37557], [136.58238, 35.37669], [136.5823, 35.38035], [136.58224, 35.38421], [136.58223, 35.38468], [136.58221, 35.38586]]}, "properties": {"id": "TRACK_TOKYO_1196", "line_name": "東海道線", "station_group_ids": [], "mode": "rail", "operator_id": "東海旅客鉄道", "line_color": "#F28E1C", "tags": ["tokyo", "track_centerline"]}}, {"type": "Feature", "bbox": [136.43511, 35.34943, 136.44414, 35.35412], "geometry": {"type": "LineString", "coordinates": [[136.43511, 35.34956], [136.43552, 35.34954], [136.43691, 35.34944], [136.43757, 35.34943], [136.43785, 35.34945], [136.43938, 35.34974], [136.44108, 35.35016], [136.4416, 35.35035], [136.44204, 35.35055], [136.44222, 35.35064], [136.44251, 35.35081], [136.44291, 35.35108], [136.44317, 35.35134], [136.44333, 35.35154], [136.44353, 35.35186], [136.44373, 35.35227], [136.44389, 35.35264], [136.44408, 35.3536], [136.44414, 35.35412]]}, "properties": {"id": "TRACK_TOKYO_1197", "line_name": "東海道線", "station_group_ids": [], "mode": "rail", "operator_id": "東海旅客鉄道", "line_color": "#F28E1C", "tags": ["tokyo", "track_centerline"]}}, {"type": "Feature", "bbox": [136.43511, 35.34956, 136.44414, 35.35412], "geometry": {"type": "LineString", "coordinates": [[136.44414, 35.35412], [136.44388, 35.35341], [136.44355, 35.35281], [136.44309, 35.35213], [136.44286, 35.35186], [136.44244, 35.35144], [136.44207, 35.35112], [136.44165, 35.35083], [136.44121, 35.35062], [136.44042, 35.35031], [136.43921, 35.34995], [136.43849, 35.34981], [136.43814, 35.34979], [136.4371, 35.34973], [136.43645, 35.34972], [136.43563, 35.34965], [136.43511, 35.34956]]}, "properties": {"id": "TRACK_TOKYO_1198", "line_name": "東海道線", "station_group_ids": [], "mode": "rail", "operator_id": "東海旅客鉄道", "line_color": "#F28E1C", "tags": ["tokyo", "track_centerline"]}}, {"type": "Feature", "bbox": [136.47455, 35.36425, 136.47945, 35.36543], "geometry": {"type": "LineString", "coordinates": [[136.47455, 35.36425], [136.47566, 35.36457], [136.47723, 35.365], [136.47805, 35.36523], [136.47856, 35.36536], [136.47889, 35.36541], [136.47913, 35.36543], [136.4794, 35.36541], [136.47945, 35.36541]]}, "properties": {"id": "TRACK_TOKYO_1199", "line_name": "東海道線", "station_group_ids": [], "mode": "rail", "operator_id": "東海旅客鉄道", "line_color": "#F28E1C", "tags": ["tokyo", "track_centerline"]}}, {"type": "Feature", "bbox": [136.57868, 35.37201, 136.58527, 35.37257], "geometry": {"type": "LineString", "coordinates": [[136.57868, 35.37201], [136.57943, 35.37208], [136.57968, 35.3721], [136.57995, 35.37213], [136.58304, 35.37239], [136.58527, 35.37257]]}, "properties": {"id": "TRACK_TOKYO_1200", "line_name": "東海道線", "station_group_ids": [], "mode": "rail", "operator_id": "東海旅客鉄道", "line_color": "#F28E1C", "tags": ["tokyo", "track_centerline"]}}, {"type": "Feature", "bbox": [136.586, 35.36718, 136.61592, 35.37361], "geometry": {"type": "LineString", "coordinates": [[136.61592, 35.36718], [136.61419, 35.36726], [136.61271, 35.36735], [136.61179, 35.36748], [136.61172, 35.3675], [136.61119, 35.36763], [136.61094, 35.3677], [136.61091, 35.36771], [136.61013, 35.36791], [136.60937, 35.36824], [136.60935, 35.36825], [136.60872, 35.36857], [136.60852, 35.36871], [136.60807, 35.36908], [136.60755, 35.36946], [136.60649, 35.37032], [136.6056, 35.3711], [136.60472, 35.37181], [136.60418, 35.37212], [136.60353, 35.37243], [136.60258, 35.37281], [136.60186, 35.373], [136.60085, 35.37324], [136.60045, 35.37332], [136.60011, 35.37339], [136.59995, 35.37342], [136.5991, 35.37353], [136.59847, 35.3736], [136.59789, 35.37361], [136.59777, 35.37361], [136.59747, 35.37361], [136.59678, 35.3736], [136.59585, 35.37354], [136.59536, 35.37351], [136.59463, 35.37344], [136.59146, 35.37314], [136.58944, 35.37295], [136.586, 35.37264]]}, "properties": {"id": "TRACK_TOKYO_1201", "line_name": "東海道線", "station_group_ids": [], "mode": "rail", "operator_id": "東海旅客鉄道", "line_color": "#F28E1C", "tags": ["tokyo", "track_centerline"]}}, {"type": "Feature", "bbox": [136.58306, 35.37322, 136.58368, 35.3737], "geometry": {"type": "LineString", "coordinates": [[136.58368, 35.37322], [136.58344, 35.37338], [136.58306, 35.3737]]}, "properties": {"id": "TRACK_TOKYO_1202", "line_name": "東海道線", "station_group_ids": [], "mode": "rail", "operator_id": "東海旅客鉄道", "line_color": "#F28E1C", "tags": ["tokyo", "track_centerline"]}}, {"type": "Feature", "bbox": [136.58368, 35.37257, 136.58527, 35.37322], "geometry": {"type": "LineString", "coordinates": [[136.58368, 35.37322], [136.58405, 35.37299], [136.58449, 35.3728], [136.58499, 35.37261], [136.58527, 35.37257]]}, "properties": {"id": "TRACK_TOKYO_1203", "line_name": "東海道線", "station_group_ids": [], "mode": "rail", "operator_id": "東海旅客鉄道", "line_color": "#F28E1C", "tags": ["tokyo", "track_centerline"]}}, {"type": "Feature", "bbox": [136.44414, 35.35412, 136.46858, 35.36349], "geometry": {"type": "LineString", "coordinates": [[136.44414, 35.35412], [136.44419, 35.35432], [136.4443, 35.35479], [136.44444, 35.35569], [136.44452, 35.35613], [136.44463, 35.3565], [136.44477, 35.35682], [136.445, 35.35723], [136.44526, 35.35765], [136.44537, 35.35776], [136.44554, 35.35794], [136.44575, 35.35812], [136.44601, 35.35831], [136.44611, 35.35838], [136.44643, 35.35856], [136.4468, 35.35873], [136.44712, 35.35886], [136.44739, 35.35895], [136.44766, 35.359], [136.44793, 35.35905], [136.44798, 35.35906], [136.44849, 35.35912], [136.44896, 35.35914], [136.44931, 35.35913], [136.44973, 35.35909], [136.45034, 35.359], [136.45094, 35.35889], [136.45137, 35.35884], [136.45176, 35.35882], [136.45209, 35.35883], [136.45265, 35.3589], [136.4532, 35.35901], [136.45374, 35.35916], [136.4541, 35.35928], [136.45438, 35.35941], [136.45488, 35.3597], [136.4556, 35.36018], [136.45589, 35.36038], [136.45649, 35.36066], [136.45697, 35.36087], [136.45738, 35.36097], [136.4579, 35.36106], [136.4583, 35.36108], [136.45842, 35.36108], [136.45948, 35.36104], [136.46051, 35.36103], [136.46177, 35.36097], [136.46242, 35.36099], [136.46284, 35.36104], [136.46354, 35.36118], [136.46401, 35.36135], [136.46445, 35.36156], [136.46516, 35.36194], [136.46643, 35.36268], [136.46693, 35.36292], [136.46756, 35.36317], [136.46858, 35.36349]]}, "properties": {"id": "TRACK_TOKYO_1204", "line_name": "東海道線", "station_group_ids": [], "mode": "rail", "operator_id": "東海旅客鉄道", "line_color": "#F28E1C", "tags": ["tokyo", "track_centerline"]}}, {"type": "Feature", "bbox": [136.58218, 35.38586, 136.58221, 35.38735], "geometry": {"type": "LineString", "coordinates": [[136.58221, 35.38586], [136.58218, 35.38735]]}, "properties": {"id": "TRACK_TOKYO_1205", "line_name": "東海道線", "station_group_ids": [], "mode": "rail", "operator_id": "東海旅客鉄道", "line_color": "#F28E1C", "tags": ["tokyo", "track_centerline"]}}, {"type": "Feature", "bbox": [136.47674, 35.3645, 136.48446, 35.36551], "geometry": {"type": "LineString", "coordinates": [[136.47674, 35.3645], [136.4782, 35.36467], [136.47953, 35.36482], [136.48199, 35.36511], [136.48371, 35.36535], [136.48446, 35.36551]]}, "properties": {"id": "TRACK_TOKYO_1206", "line_name": "東海道線", "station_group_ids": [], "mode": "rail", "operator_id": "東海旅客鉄道", "line_color": "#F28E1C", "tags": ["tokyo", "track_centerline"]}}, {"type": "Feature", "bbox": [136.52966, 35.36933, 136.53225, 35.36984], "geometry": {"type": "LineString", "coordinates": [[136.53225, 35.36984], [136.53149, 35.36965], [136.5299, 35.36935], [136.52966, 35.36933]]}, "properties": {"id": "TRACK_TOKYO_1207", "line_name": "東海道線", "station_group_ids": [], "mode": "rail", "operator_id": "東海旅客鉄道", "line_color": "#F28E1C", "tags": ["tokyo", "track_centerline"]}}, {"type": "Feature", "bbox": [136.48446, 35.36551, 136.52966, 35.37178], "geometry": {"type": "LineString", "coordinates": [[136.52966, 35.36933], [136.52848, 35.36928], [136.52699, 35.36931], [136.52586, 35.36943], [136.52234, 35.37001], [136.52084, 35.37026], [136.52067, 35.37029], [136.51987, 35.37043], [136.51858, 35.37064], [136.51679, 35.37093], [136.51385, 35.37137], [136.5113, 35.37165], [136.50929, 35.37178], [136.50825, 35.37177], [136.50761, 35.37176], [136.50671, 35.37175], [136.50504, 35.37166], [136.5041, 35.37157], [136.50258, 35.37142], [136.50136, 35.37123], [136.50005, 35.37099], [136.49839, 35.37055], [136.49708, 35.37012], [136.49638, 35.36987], [136.49551, 35.3695], [136.49478, 35.36916], [136.49458, 35.36905], [136.49328, 35.36836], [136.49151, 35.36757], [136.49013, 35.36701], [136.48819, 35.36639], [136.48657, 35.36596], [136.48536, 35.36568], [136.48446, 35.36551]]}, "properties": {"id": "TRACK_TOKYO_1208", "line_name": "東海道線", "station_group_ids": [], "mode": "rail", "operator_id": "東海旅客鉄道", "line_color": "#F28E1C", "tags": ["tokyo", "track_centerline"]}}, {"type": "Feature", "bbox": [136.58527, 35.37257, 136.586, 35.37264], "geometry": {"type": "LineString", "coordinates": [[136.58527, 35.37257], [136.5855, 35.37259], [136.586, 35.37264]]}, "properties": {"id": "TRACK_TOKYO_1209", "line_name": "東海道線", "station_group_ids": [], "mode": "rail", "operator_id": "東海旅客鉄道", "line_color": "#F28E1C", "tags": ["tokyo", "track_centerline"]}}, {"type": "Feature", "bbox": [136.6449, 35.3741, 136.69282, 35.39593], "geometry": {"type": "LineString", "coordinates": [[136.6449, 35.3741], [136.64744, 35.37524], [136.65078, 35.37656], [136.65102, 35.37666], [136.65252, 35.37724], [136.65422, 35.37799], [136.65551, 35.37857], [136.65753, 35.37949], [136.65898, 35.38017], [136.65922, 35.38029], [136.661, 35.38126], [136.66197, 35.3818], [136.66323, 35.3824], [136.66346, 35.38251], [136.6642, 35.38285], [136.66637, 35.38385], [136.66651, 35.38391], [136.66673, 35.38401], [136.66697, 35.38412], [136.66719, 35.38423], [136.66828, 35.38475], [136.67135, 35.38616], [136.67171, 35.38633], [136.67375, 35.38727], [136.67396, 35.38737], [136.67426, 35.38751], [136.67454, 35.38763], [136.67587, 35.38825], [136.67902, 35.38971], [136.67934, 35.38987], [136.68091, 35.39059], [136.68358, 35.39182], [136.68523, 35.39262], [136.68666, 35.39329], [136.68695, 35.39342], [136.68825, 35.39402], [136.6894, 35.39452], [136.68974, 35.39466], [136.69079, 35.39511], [136.69282, 35.39593]]}, "properties": {"id": "TRACK_TOKYO_1210", "line_name": "東海道線", "station_group_ids": [], "mode": "rail", "operator_id": "東海旅客鉄道", "line_color": "#F28E1C", "tags": ["tokyo", "track_centerline"]}}, {"type": "Feature", "bbox": [136.47246, 35.36402, 136.47455, 35.36425], "geometry": {"type": "LineString", "coordinates": [[136.47246, 35.36402], [136.47455, 35.36425]]}, "properties": {"id": "TRACK_TOKYO_1211", "line_name": "東海道線", "station_group_ids": [], "mode": "rail", "operator_id": "東海旅客鉄道", "line_color": "#F28E1C", "tags": ["tokyo", "track_centerline"]}}, {"type": "Feature", "bbox": [136.53225, 35.36984, 136.57868, 35.37201], "geometry": {"type": "LineString", "coordinates": [[136.53225, 35.36984], [136.53273, 35.36995], [136.53311, 35.37005], [136.53376, 35.37021], [136.53447, 35.37039], [136.53479, 35.37047], [136.53508, 35.37055], [136.53672, 35.37096], [136.537, 35.37103], [136.53708, 35.37105], [136.53827, 35.37127], [136.53919, 35.37138], [136.5404, 35.37145], [136.54157, 35.37147], [136.54533, 35.37135], [136.54812, 35.37124], [136.55098, 35.37112], [136.55718, 35.37086], [136.55749, 35.37085], [136.56255, 35.37062], [136.56484, 35.3706], [136.56594, 35.37065], [136.56711, 35.37077], [136.56738, 35.3708], [136.56807, 35.37087], [136.57014, 35.37111], [136.5725, 35.37134], [136.57604, 35.37174], [136.57837, 35.37198], [136.57868, 35.37201]]}, "properties": {"id": "TRACK_TOKYO_1212", "line_name": "東海道線", "station_group_ids": [], "mode": "rail", "operator_id": "東海旅客鉄道", "line_color": "#F28E1C", "tags": ["tokyo", "track_centerline"]}}, {"type": "Feature", "bbox": [136.290606, 35.31579, 136.29153, 35.31815], "geometry": {"type": "LineString", "coordinates": [[136.290606, 35.31579], [136.29143, 35.3176], [136.29153, 35.31813], [136.29153, 35.31815]]}, "properties": {"id": "TRACK_TOKYO_1213", "line_name": "東海道線", "station_group_ids": [], "mode": "rail", "operator_id": "東海旅客鉄道", "line_color": "#F28E1C", "tags": ["tokyo", "track_centerline"]}}, {"type": "Feature", "bbox": [136.289841, 35.313891, 136.290606, 35.31579], "geometry": {"type": "LineString", "coordinates": [[136.289841, 35.313891], [136.290606, 35.31579]]}, "properties": {"id": "TRACK_TOKYO_1214", "line_name": "東海道線", "station_group_ids": [], "mode": "rail", "operator_id": "東海旅客鉄道", "line_color": "#F28E1C", "tags": ["tokyo", "track_centerline"]}}, {"type": "Feature", "bbox": [136.34633, 35.32827, 136.37257, 35.35739], "geometry": {"type": "LineString", "coordinates": [[136.37257, 35.35739], [136.37233, 35.35712], [136.3721, 35.35687], [136.37159, 35.35624], [136.37149, 35.35612], [136.37083, 35.35531], [136.37027, 35.35451], [136.36951, 35.35347], [136.36927, 35.35315], [136.36915, 35.35299], [136.36865, 35.35231], [136.36774, 35.35107], [136.36712, 35.3502], [136.36627, 35.34899], [136.36546, 35.34784], [136.36497, 35.3471], [136.36448, 35.34631], [136.36427, 35.34589], [136.36409, 35.34547], [136.36391, 35.34506], [136.36355, 35.34426], [136.36308, 35.34317], [136.36255, 35.34197], [136.36229, 35.34135], [136.36213, 35.34107], [136.36199, 35.34085], [136.36177, 35.34057], [136.36137, 35.34008], [136.36092, 35.33959], [136.3606, 35.33924], [136.36032, 35.33901], [136.36015, 35.33884], [136.36002, 35.33872], [136.35947, 35.33821], [136.35892, 35.33769], [136.35803, 35.33684], [136.35775, 35.33653], [136.35697, 35.33586], [136.35583, 35.33479], [136.35474, 35.33382], [136.35306, 35.33227], [136.35237, 35.33164], [136.35138, 35.33087], [136.35084, 35.33056], [136.34956, 35.32985], [136.34633, 35.32827]]}, "properties": {"id": "TRACK_TOKYO_1215", "line_name": "東海道線", "station_group_ids": [], "mode": "rail", "operator_id": "東海旅客鉄道", "line_color": "#F28E1C", "tags": ["tokyo", "track_centerline"]}}, {"type": "Feature", "bbox": [136.28993, 35.315, 136.29916, 35.32809], "geometry": {"type": "LineString", "coordinates": [[136.28993, 35.315], [136.29035, 35.31629], [136.2906, 35.31738], [136.29074, 35.31823], [136.29095, 35.31953], [136.29133, 35.32104], [136.29146, 35.32151], [136.29157, 35.32182], [136.29175, 35.32217], [136.29193, 35.32252], [136.2923, 35.32306], [136.29281, 35.32364], [136.29327, 35.3241], [136.2935, 35.32428], [136.29452, 35.32497], [136.2954, 35.32556], [136.29548, 35.32562], [136.29563, 35.32571], [136.29638, 35.32623], [136.29743, 35.32693], [136.29819, 35.32744], [136.29916, 35.32809]]}, "properties": {"id": "TRACK_TOKYO_1216", "line_name": "東海道線", "station_group_ids": [], "mode": "rail", "operator_id": "東海旅客鉄道", "line_color": "#F28E1C", "tags": ["tokyo", "track_centerline"]}}, {"type": "Feature", "bbox": [136.37257, 35.35739, 136.3754, 35.36067], "geometry": {"type": "LineString", "coordinates": [[136.3754, 35.36067], [136.37459, 35.35974], [136.37442, 35.35954], [136.37397, 35.35902], [136.37316, 35.3581], [136.37257, 35.35739]]}, "properties": {"id": "TRACK_TOKYO_1217", "line_name": "東海道線", "station_group_ids": [], "mode": "rail", "operator_id": "東海旅客鉄道", "line_color": "#F28E1C", "tags": ["tokyo", "track_centerline"]}}, {"type": "Feature", "bbox": [136.29153, 35.31815, 136.29916, 35.32809], "geometry": {"type": "LineString", "coordinates": [[136.29153, 35.31815], [136.2918, 35.31867], [136.29183, 35.31872], [136.29197, 35.31902], [136.29207, 35.31917], [136.29216, 35.31935], [136.29251, 35.31979], [136.29322, 35.32056], [136.29417, 35.32154], [136.2949, 35.32229], [136.29523, 35.32273], [136.29614, 35.32428], [136.2968, 35.32524], [136.29684, 35.3253], [136.29735, 35.32593], [136.29827, 35.32704], [136.29916, 35.32809]]}, "properties": {"id": "TRACK_TOKYO_1218", "line_name": "東海道線", "station_group_ids": [], "mode": "rail", "operator_id": "東海旅客鉄道", "line_color": "#F28E1C", "tags": ["tokyo", "track_centerline"]}}, {"type": "Feature", "bbox": [136.3754, 35.3441, 136.40114, 35.3635], "geometry": {"type": "LineString", "coordinates": [[136.40114, 35.34433], [136.40038, 35.3442], [136.39953, 35.34412], [136.39865, 35.3441], [136.39847, 35.34411], [136.39814, 35.34413], [136.39778, 35.34421], [136.39741, 35.34432], [136.39689, 35.34452], [136.39679, 35.34458], [136.39647, 35.34478], [136.39622, 35.34496], [136.39616, 35.345], [136.39576, 35.34535], [136.39547, 35.34563], [136.3953, 35.34584], [136.39509, 35.34619], [136.39495, 35.3465], [136.39485, 35.34683], [136.39476, 35.34725], [136.39474, 35.34753], [136.39474, 35.34786], [136.39477, 35.34834], [136.39487, 35.3491], [136.39496, 35.34984], [136.39499, 35.35022], [136.39499, 35.35098], [136.39487, 35.35261], [136.39481, 35.35358], [136.39475, 35.35437], [136.39462, 35.3562], [136.39449, 35.35766], [136.39444, 35.35859], [136.39437, 35.359], [136.39423, 35.3595], [136.39404, 35.35978], [136.39385, 35.36007], [136.39358, 35.36042], [136.3932, 35.36077], [136.39271, 35.36113], [136.3922, 35.36138], [136.39188, 35.3615], [136.3916, 35.36156], [136.39142, 35.3616], [136.39023, 35.36182], [136.38933, 35.36198], [136.38678, 35.36241], [136.38542, 35.36266], [136.38331, 35.36303], [136.38144, 35.36335], [136.38068, 35.3635], [136.3802, 35.3635], [136.37965, 35.36347], [136.37937, 35.36344], [136.37908, 35.3634], [136.37848, 35.36325], [136.37808, 35.36309], [136.37762, 35.36289], [136.37722, 35.36263], [136.37697, 35.3624], [136.37685, 35.36229], [136.3765, 35.36193], [136.37636, 35.36179], [136.37591, 35.36128], [136.3754, 35.36067]]}, "properties": {"id": "TRACK_TOKYO_1219", "line_name": "東海道線", "station_group_ids": [], "mode": "rail", "operator_id": "東海旅客鉄道", "line_color": "#F28E1C", "tags": ["tokyo", "track_centerline"]}}, {"type": "Feature", "bbox": [136.28908, 35.31274, 136.28993, 35.315], "geometry": {"type": "LineString", "coordinates": [[136.28993, 35.315], [136.28908, 35.31274]]}, "properties": {"id": "TRACK_TOKYO_1220", "line_name": "東海道線", "station_group_ids": [], "mode": "rail", "operator_id": "東海旅客鉄道", "line_color": "#F28E1C", "tags": ["tokyo", "track_centerline"]}}, {"type": "Feature", "bbox": [136.40114, 35.34433, 136.40351, 35.34486], "geometry": {"type": "LineString", "coordinates": [[136.40351, 35.34486], [136.40114, 35.34433]]}, "properties": {"id": "TRACK_TOKYO_1221", "line_name": "東海道線", "station_group_ids": [], "mode": "rail", "operator_id": "東海旅客鉄道", "line_color": "#F28E1C", "tags": ["tokyo", "track_centerline"]}}, {"type": "Feature", "bbox": [136.29916, 35.32275, 136.34405, 35.32915], "geometry": {"type": "LineString", "coordinates": [[136.34405, 35.32714], [136.34326, 35.32675], [136.34239, 35.32633], [136.3409, 35.32561], [136.34031, 35.32532], [136.33954, 35.32494], [136.33872, 35.32455], [136.33811, 35.32428], [136.33754, 35.32406], [136.33694, 35.32384], [136.33631, 35.32364], [136.33531, 35.32337], [136.33524, 35.32335], [136.33483, 35.32324], [136.334, 35.32309], [136.33321, 35.32296], [136.33261, 35.32289], [136.33258, 35.32288], [136.33184, 35.32282], [136.33124, 35.32276], [136.33016, 35.32275], [136.32895, 35.32282], [136.32802, 35.32296], [136.32728, 35.32308], [136.32605, 35.32337], [136.32437, 35.32374], [136.32348, 35.32395], [136.32176, 35.32435], [136.32157, 35.32439], [136.3214, 35.32444], [136.31996, 35.32478], [136.31836, 35.32514], [136.31788, 35.32525], [136.31589, 35.32573], [136.31371, 35.32621], [136.31162, 35.32666], [136.3104, 35.32693], [136.30834, 35.3275], [136.30792, 35.32762], [136.30737, 35.3278], [136.30542, 35.32843], [136.30444, 35.32876], [136.3038, 35.32893], [136.30304, 35.32909], [136.30268, 35.32912], [136.30201, 35.32915], [136.3015, 35.32909], [136.30119, 35.32903], [136.30083, 35.32893], [136.30012, 35.32866], [136.29916, 35.32809]]}, "properties": {"id": "TRACK_TOKYO_1222", "line_name": "東海道線", "station_group_ids": [], "mode": "rail", "operator_id": "東海旅客鉄道", "line_color": "#F28E1C", "tags": ["tokyo", "track_centerline"]}}, {"type": "Feature", "bbox": [136.34405, 35.32714, 136.34633, 35.32827], "geometry": {"type": "LineString", "coordinates": [[136.34633, 35.32827], [136.34405, 35.32714]]}, "properties": {"id": "TRACK_TOKYO_1223", "line_name": "東海道線", "station_group_ids": [], "mode": "rail", "operator_id": "東海旅客鉄道", "line_color": "#F28E1C", "tags": ["tokyo", "track_centerline"]}}, {"type": "Feature", "bbox": [136.40351, 35.34486, 136.43511, 35.34956], "geometry": {"type": "LineString", "coordinates": [[136.43511, 35.34956], [136.43404, 35.34938], [136.4328, 35.34916], [136.43257, 35.34911], [136.43142, 35.34893], [136.42992, 35.34865], [136.42866, 35.34842], [136.42786, 35.34833], [136.42749, 35.34832], [136.42726, 35.34835], [136.42603, 35.34869], [136.42493, 35.34905], [136.42441, 35.34916], [136.42401, 35.34925], [136.42326, 35.34931], [136.42293, 35.3493], [136.42236, 35.34923], [136.42203, 35.34915], [136.42192, 35.34913], [136.42161, 35.34901], [136.42152, 35.34898], [136.42109, 35.34878], [136.42045, 35.34845], [136.4199, 35.34813], [136.41937, 35.34777], [136.41849, 35.34735], [136.41799, 35.3472], [136.41759, 35.34713], [136.41746, 35.34711], [136.41668, 35.34703], [136.41454, 35.34691], [136.41313, 35.34679], [136.4127, 35.34676], [136.41234, 35.34672], [136.41186, 35.34666], [136.41122, 35.34656], [136.41055, 35.34641], [136.40932, 35.34614], [136.40773, 35.34579], [136.40628, 35.34547], [136.40474, 35.34512], [136.40439, 35.34505], [136.40351, 35.34486]]}, "properties": {"id": "TRACK_TOKYO_1224", "line_name": "東海道線", "station_group_ids": [], "mode": "rail", "operator_id": "東海旅客鉄道", "line_color": "#F28E1C", "tags": ["tokyo", "track_centerline"]}}, {"type": "Feature", "bbox": [137.01155, 34.98374, 137.02756, 34.99008], "geometry": {"type": "LineString", "coordinates": [[137.02756, 34.98374], [137.02674, 34.98406], [137.02618, 34.98429], [137.02503, 34.98475], [137.02467, 34.98488], [137.024, 34.98514], [137.02347, 34.98536], [137.02235, 34.9858], [137.0218, 34.98602], [137.02092, 34.98638], [137.02083, 34.98641], [137.02025, 34.98664], [137.01979, 34.98683], [137.01962, 34.9869], [137.01803, 34.98751], [137.01619, 34.98826], [137.01597, 34.98834], [137.01569, 34.98845], [137.01537, 34.98857], [137.01438, 34.98896], [137.01324, 34.98941], [137.01252, 34.9897], [137.01155, 34.99008]]}, "properties": {"id": "TRACK_TOKYO_3975", "line_name": "東海道線", "station_group_ids": [], "mode": "rail", "operator_id": "東海旅客鉄道", "line_color": "#F28E1C", "tags": ["tokyo", "track_centerline"]}}, {"type": "Feature", "bbox": [137.02876, 34.97788, 137.04228, 34.98327], "geometry": {"type": "LineString", "coordinates": [[137.04228, 34.97788], [137.04181, 34.97807], [137.0409, 34.97844], [137.0407, 34.97852], [137.0399, 34.97883], [137.03868, 34.97931], [137.03801, 34.97958], [137.03771, 34.9797], [137.03746, 34.9798], [137.0372, 34.9799], [137.03708, 34.97995], [137.03587, 34.98044], [137.03565, 34.98052], [137.0354, 34.98062], [137.0352, 34.98069], [137.03448, 34.98098], [137.03337, 34.98143], [137.03238, 34.98182], [137.03107, 34.98235], [137.03079, 34.98246], [137.03027, 34.98266], [137.02981, 34.98285], [137.02908, 34.98315], [137.02876, 34.98327]]}, "properties": {"id": "TRACK_TOKYO_3976", "line_name": "東海道線", "station_group_ids": [], "mode": "rail", "operator_id": "東海旅客鉄道", "line_color": "#F28E1C", "tags": ["tokyo", "track_centerline"]}}, {"type": "Feature", "bbox": [137.02756, 34.98327, 137.02876, 34.98374], "geometry": {"type": "LineString", "coordinates": [[137.02876, 34.98327], [137.02821, 34.98349], [137.02756, 34.98374]]}, "properties": {"id": "TRACK_TOKYO_3977", "line_name": "東海道線", "station_group_ids": [], "mode": "rail", "operator_id": "東海旅客鉄道", "line_color": "#F28E1C", "tags": ["tokyo", "track_centerline"]}}, {"type": "Feature", "bbox": [136.9408, 35.054962, 136.948415, 35.06814], "geometry": {"type": "LineString", "coordinates": [[136.948415, 35.054962], [136.94719, 35.05711], [136.94649, 35.05831], [136.94639, 35.05848], [136.94535, 35.06018], [136.94355, 35.06321], [136.94282, 35.06444], [136.94278, 35.06452], [136.9426, 35.06482], [136.94232, 35.06529], [136.94223, 35.06545], [136.94185, 35.06618], [136.94131, 35.06718], [136.9413, 35.06722], [136.94118, 35.06742], [136.94114, 35.06751], [136.9408, 35.06814]]}, "properties": {"id": "TRACK_TOKYO_4018", "line_name": "東海道線", "station_group_ids": [], "mode": "rail", "operator_id": "東海旅客鉄道", "line_color": "#F28E1C", "tags": ["tokyo", "track_centerline"]}}, {"type": "Feature", "bbox": [136.948415, 35.053952, 136.949005, 35.054962], "geometry": {"type": "LineString", "coordinates": [[136.949005, 35.053952], [136.94874, 35.05443], [136.948415, 35.054962]]}, "properties": {"id": "TRACK_TOKYO_4019", "line_name": "東海道線", "station_group_ids": [], "mode": "rail", "operator_id": "東海旅客鉄道", "line_color": "#F28E1C", "tags": ["tokyo", "track_centerline"]}}, {"type": "Feature", "bbox": [137.15739, 34.888989, 137.160193, 34.9239], "geometry": {"type": "LineString", "coordinates": [[137.15739, 34.9239], [137.15749, 34.92287], [137.15759, 34.92163], [137.1576, 34.92154], [137.15768, 34.92066], [137.15772, 34.92031], [137.15774, 34.91993], [137.1579, 34.91807], [137.15809, 34.9155], [137.15819, 34.91423], [137.1582, 34.91401], [137.15823, 34.91364], [137.15825, 34.91345], [137.15832, 34.91266], [137.15858, 34.90928], [137.15879, 34.90662], [137.15891, 34.90483], [137.15896, 34.90417], [137.15922, 34.90097], [137.1594, 34.89863], [137.15959, 34.89645], [137.15964, 34.89584], [137.15977, 34.89409], [137.15978, 34.89393], [137.15987, 34.89288], [137.15993, 34.89223], [137.15994, 34.89202], [137.15997, 34.89162], [137.16017, 34.88923], [137.160193, 34.888989]]}, "properties": {"id": "TRACK_TOKYO_4075", "line_name": "東海道線", "station_group_ids": [], "mode": "rail", "operator_id": "東海旅客鉄道", "line_color": "#F28E1C", "tags": ["tokyo", "track_centerline"]}}, {"type": "Feature", "bbox": [137.160193, 34.887096, 137.160349, 34.888989], "geometry": {"type": "LineString", "coordinates": [[137.160193, 34.888989], [137.160349, 34.887096]]}, "properties": {"id": "TRACK_TOKYO_4076", "line_name": "東海道線", "station_group_ids": [], "mode": "rail", "operator_id": "東海旅客鉄道", "line_color": "#F28E1C", "tags": ["tokyo", "track_centerline"]}}, {"type": "Feature", "bbox": [137.160349, 34.8608, 137.16411, 34.887096], "geometry": {"type": "LineString", "coordinates": [[137.160349, 34.887096], [137.16038, 34.88669], [137.16043, 34.88608], [137.16046, 34.88577], [137.16051, 34.88513], [137.16069, 34.88299], [137.16088, 34.88094], [137.16102, 34.87911], [137.16114, 34.87797], [137.16118, 34.87757], [137.16122, 34.87707], [137.16141, 34.87529], [137.16152, 34.87421], [137.16157, 34.87376], [137.16169, 34.87241], [137.1618, 34.87093], [137.16185, 34.87047], [137.16196, 34.86911], [137.16206, 34.86869], [137.16245, 34.86701], [137.16289, 34.86528], [137.16292, 34.86517], [137.16296, 34.86502], [137.16337, 34.8634], [137.16376, 34.86199], [137.16411, 34.8608]]}, "properties": {"id": "TRACK_TOKYO_4077", "line_name": "東海道線", "station_group_ids": [], "mode": "rail", "operator_id": "東海旅客鉄道", "line_color": "#F28E1C", "tags": ["tokyo", "track_centerline"]}}, {"type": "Feature", "bbox": [136.1985471750487, 35.8942867225669, 136.1992824284996, 35.897049276794746], "geometry": {"type": "LineString", "coordinates": [[136.1992824284996, 35.897049276794746], [136.1985471750487, 35.8942867225669]]}, "properties": {"id": "TRACK_TOKYO_4149", "line_name": "北陸新幹線", "station_group_ids": [], "mode": "shinkansen", "operator_id": "西日本旅客鉄道", "line_color": "#2C62C9", "tags": ["tokyo", "track_centerline"]}}, {"type": "Feature", "bbox": [136.22425162623938, 36.0628888936904, 136.25316383185145, 36.214027735805075], "geometry": {"type": "LineString", "coordinates": [[136.23533644051372, 36.214027735805075], [136.23532092674623, 36.21374515394882], [136.23534948027816, 36.2120414598686], [136.23543514087464, 36.210547158356746], [136.2356350155991, 36.20890295080176], [136.23584916708955, 36.20758948832645], [136.23613470241025, 36.20624747231898], [136.2365487286254, 36.20469130482098], [136.23804778905924, 36.20009418615746], [136.24647583994238, 36.17509259450219], [136.2509640201515, 36.16171688708624], [136.25185036937614, 36.159044752376474], [136.2523262615773, 36.157407683204326], [136.25263083258608, 36.15577061403235], [136.2528402251546, 36.154590401373184], [136.25303058203508, 36.153238867521964], [136.25316383185145, 36.15065001394743], [136.25310672478713, 36.14840380275774], [136.2528402251546, 36.14606241312782], [136.25240240432936, 36.143778130562055], [136.25188844075205, 36.141798419005056], [136.2512983344226, 36.140085207080745], [136.25000390763546, 36.13692528286475], [136.24815744589478, 36.13309910956713], [136.24708510213486, 36.13084211148748], [136.24551465787079, 36.126868411607575], [136.24501497105962, 36.12508381585303], [136.24432492736776, 36.12156221356412], [136.2441583650973, 36.11889721723742], [136.2441262423738, 36.1172173177672], [136.2444117776945, 36.112981877176594], [136.2447211076252, 36.109329404532446], [136.24526659906087, 36.1026933852192], [136.2454664737853, 36.09965243405367], [136.24547123270725, 36.09851505169274], [136.24539984887724, 36.09698743772691], [136.24522852768462, 36.09583101967797], [136.24494299236392, 36.094546110734655], [136.24454324291492, 36.09307560383297], [136.24405783286977, 36.09177641812374], [136.24342965516416, 36.09036301828621], [136.24278720069265, 36.08923515376938], [136.241744996772, 36.08762187920729], [136.24078788237682, 36.086339135573496], [136.2394434869086, 36.08472110208942], [136.23812288605018, 36.08310306860528], [136.23654054448116, 36.081211397105676], [136.235413473118, 36.07969171467653], [136.23454496985084, 36.078180756937684], [136.23405718034462, 36.076931539909594], [136.2337002611938, 36.07564663096622], [136.23350514539118, 36.07440217286006], [136.23331002958878, 36.07267627047713], [136.2330562324595, 36.07108821639508], [136.23267, 36.07002000000011], [136.2325645444556, 36.069663872843535], [136.2324485457316, 36.069479464615654], [136.23213326714824, 36.069018444045696], [136.2317347074296, 36.068554449149474], [136.2312677382073, 36.06814101779969], [136.23059216957017, 36.06769724832202], [136.2295214121175, 36.06693344133919], [136.22849586442373, 36.066188670044255], [136.22711722237545, 36.06524501090212], [136.225828488636, 36.0644100229423], [136.22481483824743, 36.063603385661224], [136.22425162623938, 36.0628888936904]]}, "properties": {"id": "TRACK_TOKYO_4151", "line_name": "北陸新幹線", "station_group_ids": [], "mode": "shinkansen", "operator_id": "西日本旅客鉄道", "line_color": "#2C62C9", "tags": ["tokyo", "track_centerline"]}}, {"type": "Feature", "bbox": [136.1992824284996, 35.897049276794746, 136.22426968390175, 36.06040830559175], "geometry": {"type": "LineString", "coordinates": [[136.2225146197053, 36.06040830559175], [136.22172011126304, 36.059399135838646], [136.22092775074827, 36.05844973089711], [136.22030165507078, 36.05766361646738], [136.2197686558054, 36.05695929600961], [136.2189869628245, 36.05586810589659], [136.21867767707192, 36.055403595662256], [136.21839618269712, 36.05487869530583], [136.2181201652205, 36.054279071132385], [136.21789649588607, 36.053527161454554], [136.21772438153982, 36.05264755403584], [136.2177910064479, 36.04990641495709], [136.21799088117234, 36.04490002900047], [136.21829485731598, 36.03729527162534], [136.21852328557247, 36.03438281135402], [136.218765990595, 36.03262676913141], [136.21913718651206, 36.03089928044119], [136.2196083197913, 36.02920034528296], [136.22154995997198, 36.0238941472395], [136.22278727969513, 36.020658080271346], [136.22312754261907, 36.019515938988434], [136.22339880117374, 36.01841662800382], [136.22367005972853, 36.01728876348682], [136.22386993445298, 36.01610379190606], [136.22404125564537, 36.01501875768713], [136.22422685360368, 36.01327699223083], [136.22426968390175, 36.0112925217519], [136.22425140964162, 36.009883119408755], [136.22418002581128, 36.00871242459391], [136.2240229813849, 36.00738468535252], [136.2237945531283, 36.00598556228107], [136.2235090178076, 36.004529332145296], [136.22325203601883, 36.00364417265115], [136.2228056015449, 36.001996395904484], [136.22197754911497, 35.99934091742182], [136.21969802547108, 35.99185085006741], [136.21646879945354, 35.98122596181054], [136.21621181766477, 35.98026465956406], [136.21592628234407, 35.97899878630892], [136.21568833624372, 35.9776662881456], [136.21547894367518, 35.97630523645023], [136.21540518038375, 35.97541888722543], [136.21531000194352, 35.973962657089885], [136.21527193056738, 35.97305846190767], [136.21528144841136, 35.97165933883605], [136.21530048409954, 35.971278625075115], [136.21557317033069, 35.96813202584093], [136.21698181124623, 35.956158578058876], [136.21767661386002, 35.94999339459241], [136.2177622744564, 35.94887980684166], [136.21779082798832, 35.947718629870735], [136.2177527566124, 35.945638980951514], [136.21760047110786, 35.9437639656789], [136.2172959000991, 35.94186039687406], [136.216886632806, 35.94002345297753], [136.21667089500818, 35.939173192244766], [136.21626162771508, 35.937831176237296], [136.21576669982585, 35.93647012454193], [136.21508141505615, 35.9347949839937], [136.21424384478212, 35.933100807757455], [136.21327302469172, 35.931382836911325], [136.2119595622164, 35.92930794691409], [136.21018924322811, 35.92676668255973], [136.20899713326412, 35.92500826087627], [136.20803345155673, 35.92358058427271], [136.20752186744028, 35.9227001837005], [136.20672474800335, 35.92136768553712], [136.20593952587126, 35.9198567277985], [136.20540414714503, 35.91864320268536], [136.20479738458857, 35.91714414225157], [136.2041730140205, 35.91545282136872], [136.20286431046713, 35.91078907779695], [136.1999851626499, 35.89967699489921], [136.1992824284996, 35.897049276794746]]}, "properties": {"id": "TRACK_TOKYO_4152", "line_name": "北陸新幹線", "station_group_ids": [], "mode": "shinkansen", "operator_id": "西日本旅客鉄道", "line_color": "#2C62C9", "tags": ["tokyo", "track_centerline"]}}, {"type": "Feature", "bbox": [136.07933105289555, 35.646054162472524, 136.1985471750487, 35.8942867225669], "geometry": {"type": "LineString", "coordinates": [[136.1985471750487, 35.8942867225669], [136.19746689975193, 35.8901417014946], [136.19647823370394, 35.8864368807084], [136.1953646459532, 35.88226092664286], [136.19449644011866, 35.87893235812817], [136.1933661961408, 35.874732609452565], [136.19283205671707, 35.872988910684285], [136.1918088884845, 35.87018114669729], [136.19103556365758, 35.86843224285792], [136.19045259571112, 35.867183025829604], [136.18952222645783, 35.86535084085523], [136.1883800851749, 35.86335209361016], [136.18715228329586, 35.861424730195324], [136.18566274070622, 35.85927131798485], [136.18243619158193, 35.855088225536406], [136.18012335548417, 35.852118658200936], [136.17620676266847, 35.847040888414256], [136.17483079968417, 35.8452570858135], [136.17401702401992, 35.84412922129667], [136.17340312308045, 35.84324406180235], [136.17216104443548, 35.841295283238594], [136.17120093191943, 35.839660593527526], [136.1699302997423, 35.83721926653544], [136.16914507761044, 35.835534608143234], [136.1676207948899, 35.831891177450984], [136.16529844094805, 35.82576168589969], [136.1636213968311, 35.82158335237324], [136.16143229270563, 35.81592975302311], [136.15939547408482, 35.81075204587427], [136.15429866860995, 35.797455617773096], [136.13141658184657, 35.73852826596129], [136.11261408097755, 35.689932533837066], [136.11077832681167, 35.68559834561489], [136.10996931006957, 35.683980312130814], [136.10866060651654, 35.68154136459975], [136.10691170267705, 35.678590832952295], [136.1055197179886, 35.67635413960676], [136.10301604911785, 35.67201019559428], [136.101493194074, 35.66892641413068], [136.09951348251718, 35.66487181257662], [136.09911373306818, 35.66401520661441], [136.09808580591357, 35.661978387993315], [136.0974956995841, 35.660912389462624], [136.097110623478, 35.66030681663659], [136.09655739879406, 35.659551337767255], [136.09613504446554, 35.659045702303445], [136.09564725495932, 35.65848652896699], [136.09468952190446, 35.65753474456477], [136.0937992069114, 35.656766971813454], [136.0928616992751, 35.65605313351176], [136.09229538755562, 35.65567241975077], [136.09154823679978, 35.65519176862762], [136.08824364135467, 35.6534055072504], [136.0872371293492, 35.65279874469377], [136.08618778704567, 35.65201352256179], [136.08522410533806, 35.651214023663954], [136.08450669784497, 35.65059655353275], [136.08251508898297, 35.64886906484253], [136.08138722446597, 35.64786255283707], [136.08019511450198, 35.6468060721503], [136.07933105289555, 35.646054162472524]]}, "properties": {"id": "TRACK_TOKYO_4153", "line_name": "北陸新幹線", "station_group_ids": [], "mode": "shinkansen", "operator_id": "西日本旅客鉄道", "line_color": "#2C62C9", "tags": ["tokyo", "track_centerline"]}}, {"type": "Feature", "bbox": [136.2225146197054, 36.06040830559175, 136.22425162623938, 36.0628888936904], "geometry": {"type": "LineString", "coordinates": [[136.22425162623938, 36.0628888936904], [136.2225146197054, 36.06040830559175]]}, "properties": {"id": "TRACK_TOKYO_4158", "line_name": "北陸新幹線", "station_group_ids": [], "mode": "shinkansen", "operator_id": "西日本旅客鉄道", "line_color": "#2C62C9", "tags": ["tokyo", "track_centerline"]}}, {"type": "Feature", "bbox": [136.0765053403104, 35.64385549956421, 136.07933105289555, 35.646054162472524], "geometry": {"type": "LineString", "coordinates": [[136.07933105289555, 35.646054162472524], [136.0765053403104, 35.64385549956421]]}, "properties": {"id": "TRACK_TOKYO_4159", "line_name": "北陸新幹線", "station_group_ids": [], "mode": "shinkansen", "operator_id": "西日本旅客鉄道", "line_color": "#2C62C9", "tags": ["tokyo", "track_centerline"]}}]}