{"type": "FeatureCollection", "features": [{"type": "Feature", "bbox": [139.54289, 35.65211, 139.54356, 35.65231], "geometry": {"type": "LineString", "coordinates": [[139.54289, 35.65231], [139.54356, 35.65211]]}, "properties": {"id": "GEOM_TOKYO_0054", "route_id": "R_50E71696", "route_name": "京王線", "route_color": "#F18A00", "route_text_color": "#ffffff", "line_name": "京王線", "operator_id": "keio", "representation": "service_path", "min_zoom": 0, "max_zoom": 24, "offset_rank": 0}}, {"type": "Feature", "bbox": [139.54356, 35.65143, 139.54591, 35.65211], "geometry": {"type": "LineString", "coordinates": [[139.54356, 35.65211], [139.54591, 35.65143]]}, "properties": {"id": "GEOM_TOKYO_0055", "route_id": "R_50E71696", "route_name": "京王線", "route_color": "#F18A00", "route_text_color": "#ffffff", "line_name": "京王線", "operator_id": "keio", "representation": "service_path", "min_zoom": 0, "max_zoom": 24, "offset_rank": 0}}, {"type": "Feature", "bbox": [139.41397, 35.66142, 139.41503, 35.66188], "geometry": {"type": "LineString", "coordinates": [[139.41503, 35.66142], [139.41464, 35.66159], [139.41397, 35.66188]]}, "properties": {"id": "GEOM_TOKYO_0056", "route_id": "R_50E71696", "route_name": "京王線", "route_color": "#F18A00", "route_text_color": "#ffffff", "line_name": "京王線", "operator_id": "keio", "representation": "service_path", "min_zoom": 0, "max_zoom": 24, "offset_rank": 0}}, {"type": "Feature", "bbox": [139.41223, 35.66188, 139.41397, 35.66267], "geometry": {"type": "LineString", "coordinates": [[139.41397, 35.66188], [139.41223, 35.66267]]}, "properties": {"id": "GEOM_TOKYO_0057", "route_id": "R_50E71696", "route_name": "京王線", "route_color": "#F18A00", "route_text_color": "#ffffff", "line_name": "京王線", "operator_id": "keio", "representation": "service_path", "min_zoom": 0, "max_zoom": 24, "offset_rank": 0}}, {"type": "Feature", "bbox": [139.45845, 35.65966, 139.46816, 35.66739], "geometry": {"type": "LineString", "coordinates": [[139.45845, 35.65966], [139.45855, 35.65966], [139.46121, 35.66008], [139.46271, 35.66032], [139.46363, 35.66052], [139.46411, 35.66066], [139.4645, 35.66082], [139.46485, 35.66102], [139.46524, 35.66126], [139.46571, 35.66161], [139.46602, 35.66187], [139.46629, 35.66214], [139.46653, 35.66245], [139.4668, 35.66296], [139.46701, 35.66346], [139.46713, 35.66386], [139.46738, 35.66472], [139.46744, 35.66494], [139.46787, 35.6664], [139.46797, 35.66674], [139.46816, 35.66739]]}, "properties": {"id": "GEOM_TOKYO_0058", "route_id": "R_50E71696", "route_name": "京王線", "route_color": "#F18A00", "route_text_color": "#ffffff", "line_name": "京王線", "operator_id": "keio", "representation": "service_path", "min_zoom": 0, "max_zoom": 24, "offset_rank": 0}}, {"type": "Feature", "bbox": [139.36507, 35.64276, 139.36669, 35.6428], "geometry": {"type": "LineString", "coordinates": [[139.36507, 35.6428], [139.36669, 35.64276]]}, "properties": {"id": "GEOM_TOKYO_0059", "route_id": "R_50E71696", "route_name": "京王線", "route_color": "#F18A00", "route_text_color": "#ffffff", "line_name": "京王線", "operator_id": "keio", "representation": "service_path", "min_zoom": 0, "max_zoom": 24, "offset_rank": 0}}, {"type": "Feature", "bbox": [139.51209, 35.66034, 139.52288, 35.66396], "geometry": {"type": "LineString", "coordinates": [[139.51209, 35.66396], [139.51397, 35.6636], [139.5141, 35.66358], [139.51439, 35.66353], [139.51478, 35.66346], [139.51644, 35.66319], [139.51683, 35.66308], [139.51713, 35.66296], [139.51896, 35.66213], [139.51996, 35.66168], [139.52004, 35.66164], [139.52111, 35.66114], [139.52288, 35.66034]]}, "properties": {"id": "GEOM_TOKYO_0061", "route_id": "R_50E71696", "route_name": "京王線", "route_color": "#F18A00", "route_text_color": "#ffffff", "line_name": "京王線", "operator_id": "keio", "representation": "service_path", "min_zoom": 0, "max_zoom": 24, "offset_rank": 0}}, {"type": "Feature", "bbox": [139.38057, 35.64794, 139.39213, 35.65473], "geometry": {"type": "LineString", "coordinates": [[139.39213, 35.65473], [139.39095, 35.65365], [139.39076, 35.65349], [139.39042, 35.65327], [139.38977, 35.6529], [139.38923, 35.6526], [139.38718, 35.65156], [139.38558, 35.65078], [139.38317, 35.64962], [139.38212, 35.64911], [139.3818, 35.64894], [139.38153, 35.64877], [139.38131, 35.64859], [139.38057, 35.64794]]}, "properties": {"id": "GEOM_TOKYO_0062", "route_id": "R_50E71696", "route_name": "京王線", "route_color": "#F18A00", "route_text_color": "#ffffff", "line_name": "京王線", "operator_id": "keio", "representation": "service_path", "min_zoom": 0, "max_zoom": 24, "offset_rank": 0}}, {"type": "Feature", "bbox": [139.43193, 35.65064, 139.44616, 35.65723], "geometry": {"type": "LineString", "coordinates": [[139.44616, 35.65068], [139.44603, 35.65067], [139.44564, 35.65064], [139.44544, 35.65064], [139.44486, 35.65074], [139.44249, 35.65127], [139.43856, 35.65217], [139.43803, 35.65232], [139.43773, 35.6524], [139.43746, 35.6525], [139.43726, 35.65265], [139.43698, 35.65287], [139.43656, 35.65328], [139.43489, 35.65512], [139.43373, 35.65626], [139.43339, 35.65657], [139.43311, 35.65678], [139.43287, 35.65692], [139.43256, 35.65704], [139.43193, 35.65723]]}, "properties": {"id": "GEOM_TOKYO_0063", "route_id": "R_50E71696", "route_name": "京王線", "route_color": "#F18A00", "route_text_color": "#ffffff", "line_name": "京王線", "operator_id": "keio", "representation": "service_path", "min_zoom": 0, "max_zoom": 24, "offset_rank": 0}}, {"type": "Feature", "bbox": [139.55907, 35.65045, 139.56589, 35.65365], "geometry": {"type": "LineString", "coordinates": [[139.55907, 35.65045], [139.56011, 35.65094], [139.56089, 35.6513], [139.5629, 35.65225], [139.56311, 35.65235], [139.5635, 35.65253], [139.56392, 35.65273], [139.56589, 35.65365]]}, "properties": {"id": "GEOM_TOKYO_0065", "route_id": "R_50E71696", "route_name": "京王線", "route_color": "#F18A00", "route_text_color": "#ffffff", "line_name": "京王線", "operator_id": "keio", "representation": "service_path", "min_zoom": 0, "max_zoom": 24, "offset_rank": 0}}, {"type": "Feature", "bbox": [139.44776, 35.65092, 139.45694, 35.65941], "geometry": {"type": "LineString", "coordinates": [[139.44776, 35.65092], [139.44784, 35.65094], [139.44801, 35.65097], [139.44833, 35.65106], [139.4485, 35.65113], [139.44876, 35.65125], [139.44904, 35.65144], [139.44935, 35.65179], [139.44951, 35.65202], [139.44964, 35.65227], [139.44985, 35.65277], [139.45085, 35.65566], [139.45131, 35.65701], [139.4515, 35.6575], [139.45165, 35.65781], [139.45176, 35.65796], [139.45207, 35.65825], [139.45237, 35.65849], [139.4527, 35.65867], [139.4529, 35.65875], [139.45319, 35.65882], [139.45426, 35.65899], [139.45684, 35.6594], [139.45694, 35.65941]]}, "properties": {"id": "GEOM_TOKYO_0068", "route_id": "R_50E71696", "route_name": "京王線", "route_color": "#F18A00", "route_text_color": "#ffffff", "line_name": "京王線", "operator_id": "keio", "representation": "service_path", "min_zoom": 0, "max_zoom": 24, "offset_rank": 0}}, {"type": "Feature", "bbox": [139.41503, 35.65752, 139.43082, 35.66142], "geometry": {"type": "LineString", "coordinates": [[139.41503, 35.66142], [139.4155, 35.66124], [139.41592, 35.66111], [139.41624, 35.66102], [139.41727, 35.66076], [139.41778, 35.66063], [139.42018, 35.66004], [139.42187, 35.65963], [139.42613, 35.65861], [139.43082, 35.65752]]}, "properties": {"id": "GEOM_TOKYO_0069", "route_id": "R_50E71696", "route_name": "京王線", "route_color": "#F18A00", "route_text_color": "#ffffff", "line_name": "京王線", "operator_id": "keio", "representation": "service_path", "min_zoom": 0, "max_zoom": 24, "offset_rank": 0}}, {"type": "Feature", "bbox": [139.52444, 35.65772, 139.52866, 35.65963], "geometry": {"type": "LineString", "coordinates": [[139.52444, 35.65963], [139.52559, 35.65912], [139.52775, 35.65815], [139.52866, 35.65772]]}, "properties": {"id": "GEOM_TOKYO_0071", "route_id": "R_50E71696", "route_name": "京王線", "route_color": "#F18A00", "route_text_color": "#ffffff", "line_name": "京王線", "operator_id": "keio", "representation": "service_path", "min_zoom": 0, "max_zoom": 24, "offset_rank": 0}}, {"type": "Feature", "bbox": [139.39302, 35.65555, 139.41223, 35.66384], "geometry": {"type": "LineString", "coordinates": [[139.41223, 35.66267], [139.4112, 35.66308], [139.41087, 35.66322], [139.41061, 35.66331], [139.41042, 35.66337], [139.41006, 35.66343], [139.40915, 35.66354], [139.40806, 35.66367], [139.40744, 35.66374], [139.4057, 35.66384], [139.40519, 35.66383], [139.40503, 35.6638], [139.40486, 35.66377], [139.40462, 35.66368], [139.404, 35.66337], [139.40325, 35.663], [139.4022, 35.66249], [139.40099, 35.66185], [139.40092, 35.66181], [139.39981, 35.66122], [139.39904, 35.66078], [139.39864, 35.66054], [139.39839, 35.66035], [139.3981, 35.6601], [139.39704, 35.65918], [139.39621, 35.65843], [139.39464, 35.65701], [139.39302, 35.65555]]}, "properties": {"id": "GEOM_TOKYO_0073", "route_id": "R_50E71696", "route_name": "京王線", "route_color": "#F18A00", "route_text_color": "#ffffff", "line_name": "京王線", "operator_id": "keio", "representation": "service_path", "min_zoom": 0, "max_zoom": 24, "offset_rank": 0}}, {"type": "Feature", "bbox": [139.45694, 35.65941, 139.45845, 35.65966], "geometry": {"type": "LineString", "coordinates": [[139.45694, 35.65941], [139.45709, 35.65943], [139.45754, 35.65951], [139.45845, 35.65966]]}, "properties": {"id": "GEOM_TOKYO_0074", "route_id": "R_50E71696", "route_name": "京王線", "route_color": "#F18A00", "route_text_color": "#ffffff", "line_name": "京王線", "operator_id": "keio", "representation": "service_path", "min_zoom": 0, "max_zoom": 24, "offset_rank": 0}}, {"type": "Feature", "bbox": [139.49478, 35.66854, 139.49602, 35.669], "geometry": {"type": "LineString", "coordinates": [[139.49602, 35.66854], [139.49478, 35.669]]}, "properties": {"id": "GEOM_TOKYO_0075", "route_id": "R_50E71696", "route_name": "京王線", "route_color": "#F18A00", "route_text_color": "#ffffff", "line_name": "京王線", "operator_id": "keio", "representation": "service_path", "min_zoom": 0, "max_zoom": 24, "offset_rank": 0}}, {"type": "Feature", "bbox": [139.51052, 35.66396, 139.51209, 35.66431], "geometry": {"type": "LineString", "coordinates": [[139.51052, 35.66431], [139.51209, 35.66396]]}, "properties": {"id": "GEOM_TOKYO_0076", "route_id": "R_50E71696", "route_name": "京王線", "route_color": "#F18A00", "route_text_color": "#ffffff", "line_name": "京王線", "operator_id": "keio", "representation": "service_path", "min_zoom": 0, "max_zoom": 24, "offset_rank": 0}}, {"type": "Feature", "bbox": [139.36669, 35.64259, 139.37922, 35.64668], "geometry": {"type": "LineString", "coordinates": [[139.37922, 35.64668], [139.37861, 35.64611], [139.37716, 35.64492], [139.37686, 35.64467], [139.37555, 35.64363], [139.3749, 35.64315], [139.37458, 35.64295], [139.37432, 35.64282], [139.37414, 35.64273], [139.374, 35.64268], [139.37379, 35.64262], [139.37356, 35.6426], [139.37314, 35.64259], [139.3718, 35.64263], [139.37058, 35.64267], [139.37005, 35.64268], [139.36943, 35.6427], [139.36934, 35.64271], [139.36674, 35.64276], [139.36669, 35.64276]]}, "properties": {"id": "GEOM_TOKYO_0078", "route_id": "R_50E71696", "route_name": "京王線", "route_color": "#F18A00", "route_text_color": "#ffffff", "line_name": "京王線", "operator_id": "keio", "representation": "service_path", "min_zoom": 0, "max_zoom": 24, "offset_rank": 0}}, {"type": "Feature", "bbox": [139.43082, 35.65723, 139.43193, 35.65752], "geometry": {"type": "LineString", "coordinates": [[139.43082, 35.65752], [139.43193, 35.65723]]}, "properties": {"id": "GEOM_TOKYO_0079", "route_id": "R_50E71696", "route_name": "京王線", "route_color": "#F18A00", "route_text_color": "#ffffff", "line_name": "京王線", "operator_id": "keio", "representation": "service_path", "min_zoom": 0, "max_zoom": 24, "offset_rank": 0}}, {"type": "Feature", "bbox": [139.55108, 35.64979, 139.55235, 35.64993], "geometry": {"type": "LineString", "coordinates": [[139.55108, 35.64993], [139.55235, 35.64979]]}, "properties": {"id": "GEOM_TOKYO_0080", "route_id": "R_50E71696", "route_name": "京王線", "route_color": "#F18A00", "route_text_color": "#ffffff", "line_name": "京王線", "operator_id": "keio", "representation": "service_path", "min_zoom": 0, "max_zoom": 24, "offset_rank": 0}}, {"type": "Feature", "bbox": [139.37922, 35.64668, 139.38057, 35.64794], "geometry": {"type": "LineString", "coordinates": [[139.38057, 35.64794], [139.37922, 35.64668]]}, "properties": {"id": "GEOM_TOKYO_0081", "route_id": "R_50E71696", "route_name": "京王線", "route_color": "#F18A00", "route_text_color": "#ffffff", "line_name": "京王線", "operator_id": "keio", "representation": "service_path", "min_zoom": 0, "max_zoom": 24, "offset_rank": 0}}, {"type": "Feature", "bbox": [139.50117, 35.66602, 139.50307, 35.6667], "geometry": {"type": "LineString", "coordinates": [[139.50117, 35.6667], [139.50307, 35.66602]]}, "properties": {"id": "GEOM_TOKYO_0082", "route_id": "R_50E71696", "route_name": "京王線", "route_color": "#F18A00", "route_text_color": "#ffffff", "line_name": "京王線", "operator_id": "keio", "representation": "service_path", "min_zoom": 0, "max_zoom": 24, "offset_rank": 0}}, {"type": "Feature", "bbox": [139.55779, 35.64992, 139.55907, 35.65045], "geometry": {"type": "LineString", "coordinates": [[139.55779, 35.64992], [139.55907, 35.65045]]}, "properties": {"id": "GEOM_TOKYO_0083", "route_id": "R_50E71696", "route_name": "京王線", "route_color": "#F18A00", "route_text_color": "#ffffff", "line_name": "京王線", "operator_id": "keio", "representation": "service_path", "min_zoom": 0, "max_zoom": 24, "offset_rank": 0}}, {"type": "Feature", "bbox": [139.54591, 35.64993, 139.55108, 35.65143], "geometry": {"type": "LineString", "coordinates": [[139.54591, 35.65143], [139.54628, 35.65131], [139.54864, 35.6506], [139.55108, 35.64993]]}, "properties": {"id": "GEOM_TOKYO_0085", "route_id": "R_50E71696", "route_name": "京王線", "route_color": "#F18A00", "route_text_color": "#ffffff", "line_name": "京王線", "operator_id": "keio", "representation": "service_path", "min_zoom": 0, "max_zoom": 24, "offset_rank": 0}}, {"type": "Feature", "bbox": [139.46816, 35.66739, 139.46857, 35.66881], "geometry": {"type": "LineString", "coordinates": [[139.46816, 35.66739], [139.46818, 35.66746], [139.46851, 35.6686], [139.46857, 35.66881]]}, "properties": {"id": "GEOM_TOKYO_0086", "route_id": "R_50E71696", "route_name": "京王線", "route_color": "#F18A00", "route_text_color": "#ffffff", "line_name": "京王線", "operator_id": "keio", "representation": "service_path", "min_zoom": 0, "max_zoom": 24, "offset_rank": 0}}, {"type": "Feature", "bbox": [139.52866, 35.65692, 139.53035, 35.65772], "geometry": {"type": "LineString", "coordinates": [[139.52866, 35.65772], [139.53035, 35.65692]]}, "properties": {"id": "GEOM_TOKYO_0087", "route_id": "R_50E71696", "route_name": "京王線", "route_color": "#F18A00", "route_text_color": "#ffffff", "line_name": "京王線", "operator_id": "keio", "representation": "service_path", "min_zoom": 0, "max_zoom": 24, "offset_rank": 0}}, {"type": "Feature", "bbox": [139.46857, 35.66881, 139.47941, 35.67295], "geometry": {"type": "LineString", "coordinates": [[139.47941, 35.67234], [139.47931, 35.67235], [139.47651, 35.67287], [139.47609, 35.67293], [139.47593, 35.67294], [139.47559, 35.67295], [139.47516, 35.67294], [139.47485, 35.67292], [139.47462, 35.6729], [139.47433, 35.67285], [139.47408, 35.6728], [139.47395, 35.67278], [139.47377, 35.67274], [139.4733, 35.67265], [139.47172, 35.6723], [139.47067, 35.67205], [139.47043, 35.67195], [139.47026, 35.67187], [139.47003, 35.67171], [139.4698, 35.67151], [139.46946, 35.67111], [139.46925, 35.67077], [139.46906, 35.67029], [139.46891, 35.6699], [139.46857, 35.66881]]}, "properties": {"id": "GEOM_TOKYO_0088", "route_id": "R_50E71696", "route_name": "京王線", "route_color": "#F18A00", "route_text_color": "#ffffff", "line_name": "京王線", "operator_id": "keio", "representation": "service_path", "min_zoom": 0, "max_zoom": 24, "offset_rank": 0}}, {"type": "Feature", "bbox": [139.53035, 35.65231, 139.54289, 35.65692], "geometry": {"type": "LineString", "coordinates": [[139.53035, 35.65692], [139.53157, 35.65634], [139.5323, 35.65601], [139.53271, 35.65581], [139.53327, 35.65554], [139.53465, 35.65489], [139.53507, 35.6547], [139.53572, 35.65446], [139.53642, 35.65422], [139.53713, 35.654], [139.53818, 35.65369], [139.54089, 35.65289], [139.54289, 35.65231]]}, "properties": {"id": "GEOM_TOKYO_0089", "route_id": "R_50E71696", "route_name": "京王線", "route_color": "#F18A00", "route_text_color": "#ffffff", "line_name": "京王線", "operator_id": "keio", "representation": "service_path", "min_zoom": 0, "max_zoom": 24, "offset_rank": 0}}, {"type": "Feature", "bbox": [139.50307, 35.66431, 139.51052, 35.66602], "geometry": {"type": "LineString", "coordinates": [[139.50307, 35.66602], [139.50362, 35.66581], [139.50451, 35.66556], [139.50514, 35.66541], [139.50701, 35.66503], [139.50726, 35.66497], [139.50742, 35.66494], [139.50773, 35.66488], [139.51052, 35.66431]]}, "properties": {"id": "GEOM_TOKYO_0090", "route_id": "R_50E71696", "route_name": "京王線", "route_color": "#F18A00", "route_text_color": "#ffffff", "line_name": "京王線", "operator_id": "keio", "representation": "service_path", "min_zoom": 0, "max_zoom": 24, "offset_rank": 0}}, {"type": "Feature", "bbox": [139.39213, 35.65473, 139.39302, 35.65555], "geometry": {"type": "LineString", "coordinates": [[139.39302, 35.65555], [139.39213, 35.65473]]}, "properties": {"id": "GEOM_TOKYO_0091", "route_id": "R_50E71696", "route_name": "京王線", "route_color": "#F18A00", "route_text_color": "#ffffff", "line_name": "京王線", "operator_id": "keio", "representation": "service_path", "min_zoom": 0, "max_zoom": 24, "offset_rank": 0}}, {"type": "Feature", "bbox": [139.44616, 35.65068, 139.44776, 35.65092], "geometry": {"type": "LineString", "coordinates": [[139.44616, 35.65068], [139.4467, 35.65076], [139.44776, 35.65092]]}, "properties": {"id": "GEOM_TOKYO_0093", "route_id": "R_50E71696", "route_name": "京王線", "route_color": "#F18A00", "route_text_color": "#ffffff", "line_name": "京王線", "operator_id": "keio", "representation": "service_path", "min_zoom": 0, "max_zoom": 24, "offset_rank": 0}}, {"type": "Feature", "bbox": [139.49602, 35.6667, 139.50117, 35.66854], "geometry": {"type": "LineString", "coordinates": [[139.49602, 35.66854], [139.49679, 35.66828], [139.49825, 35.66776], [139.50002, 35.66714], [139.50117, 35.6667]]}, "properties": {"id": "GEOM_TOKYO_0094", "route_id": "R_50E71696", "route_name": "京王線", "route_color": "#F18A00", "route_text_color": "#ffffff", "line_name": "京王線", "operator_id": "keio", "representation": "service_path", "min_zoom": 0, "max_zoom": 24, "offset_rank": 0}}, {"type": "Feature", "bbox": [139.48079, 35.66935, 139.49376, 35.67204], "geometry": {"type": "LineString", "coordinates": [[139.49376, 35.66935], [139.49207, 35.6699], [139.49034, 35.67027], [139.48904, 35.67051], [139.48725, 35.67084], [139.48544, 35.67116], [139.48257, 35.67172], [139.48089, 35.67203], [139.48079, 35.67204]]}, "properties": {"id": "GEOM_TOKYO_0095", "route_id": "R_50E71696", "route_name": "京王線", "route_color": "#F18A00", "route_text_color": "#ffffff", "line_name": "京王線", "operator_id": "keio", "representation": "service_path", "min_zoom": 0, "max_zoom": 24, "offset_rank": 0}}, {"type": "Feature", "bbox": [139.49376, 35.669, 139.49478, 35.66935], "geometry": {"type": "LineString", "coordinates": [[139.49478, 35.669], [139.49376, 35.66935]]}, "properties": {"id": "GEOM_TOKYO_0096", "route_id": "R_50E71696", "route_name": "京王線", "route_color": "#F18A00", "route_text_color": "#ffffff", "line_name": "京王線", "operator_id": "keio", "representation": "service_path", "min_zoom": 0, "max_zoom": 24, "offset_rank": 0}}, {"type": "Feature", "bbox": [139.55235, 35.64953, 139.55779, 35.64992], "geometry": {"type": "LineString", "coordinates": [[139.55235, 35.64979], [139.55329, 35.64973], [139.55442, 35.64965], [139.55554, 35.64957], [139.55633, 35.64953], [139.55655, 35.64955], [139.55691, 35.64962], [139.55715, 35.64969], [139.55744, 35.6498], [139.55779, 35.64992]]}, "properties": {"id": "GEOM_TOKYO_0097", "route_id": "R_50E71696", "route_name": "京王線", "route_color": "#F18A00", "route_text_color": "#ffffff", "line_name": "京王線", "operator_id": "keio", "representation": "service_path", "min_zoom": 0, "max_zoom": 24, "offset_rank": 0}}, {"type": "Feature", "bbox": [139.47941, 35.67204, 139.48079, 35.67234], "geometry": {"type": "LineString", "coordinates": [[139.48079, 35.67204], [139.47941, 35.67234]]}, "properties": {"id": "GEOM_TOKYO_0099", "route_id": "R_50E71696", "route_name": "京王線", "route_color": "#F18A00", "route_text_color": "#ffffff", "line_name": "京王線", "operator_id": "keio", "representation": "service_path", "min_zoom": 0, "max_zoom": 24, "offset_rank": 0}}, {"type": "Feature", "bbox": [139.52288, 35.65963, 139.52444, 35.66034], "geometry": {"type": "LineString", "coordinates": [[139.52288, 35.66034], [139.52444, 35.65963]]}, "properties": {"id": "GEOM_TOKYO_0100", "route_id": "R_50E71696", "route_name": "京王線", "route_color": "#F18A00", "route_text_color": "#ffffff", "line_name": "京王線", "operator_id": "keio", "representation": "service_path", "min_zoom": 0, "max_zoom": 24, "offset_rank": 0}}, {"type": "Feature", "bbox": [139.34246, 35.65755, 139.34365, 35.65849], "geometry": {"type": "LineString", "coordinates": [[139.34246, 35.65849], [139.34271, 35.65823], [139.34309, 35.65793], [139.34365, 35.65755]]}, "properties": {"id": "GEOM_TOKYO_0101", "route_id": "R_50E71696", "route_name": "京王線", "route_color": "#F18A00", "route_text_color": "#ffffff", "line_name": "京王線", "operator_id": "keio", "representation": "service_path", "min_zoom": 0, "max_zoom": 24, "offset_rank": 0}}, {"type": "Feature", "bbox": [139.35528, 35.6428, 139.36507, 35.64402], "geometry": {"type": "LineString", "coordinates": [[139.35528, 35.64402], [139.35537, 35.64398], [139.35691, 35.64338], [139.35738, 35.64319], [139.35764, 35.64312], [139.35798, 35.64305], [139.3583, 35.64301], [139.35884, 35.64297], [139.3614, 35.64289], [139.36496, 35.6428], [139.36507, 35.6428]]}, "properties": {"id": "GEOM_TOKYO_0102", "route_id": "R_50E71696", "route_name": "京王線", "route_color": "#F18A00", "route_text_color": "#ffffff", "line_name": "京王線", "operator_id": "keio", "representation": "service_path", "min_zoom": 0, "max_zoom": 24, "offset_rank": 0}}, {"type": "Feature", "bbox": [139.34365, 35.64565, 139.35131, 35.65755], "geometry": {"type": "LineString", "coordinates": [[139.34365, 35.65755], [139.34501, 35.65666], [139.3456, 35.65628], [139.34584, 35.6561], [139.34598, 35.65597], [139.34612, 35.65583], [139.34624, 35.65567], [139.34638, 35.65542], [139.3466, 35.65485], [139.347, 35.65384], [139.34712, 35.65352], [139.34718, 35.65336], [139.34774, 35.65181], [139.34852, 35.64962], [139.34882, 35.64875], [139.34902, 35.64816], [139.34921, 35.64771], [139.34937, 35.6474], [139.34967, 35.64699], [139.34997, 35.64665], [139.35049, 35.64621], [139.3506, 35.64612], [139.35094, 35.64587], [139.35131, 35.64565]]}, "properties": {"id": "GEOM_TOKYO_0103", "route_id": "R_50E71696", "route_name": "京王線", "route_color": "#F18A00", "route_text_color": "#ffffff", "line_name": "京王線", "operator_id": "keio", "representation": "service_path", "min_zoom": 0, "max_zoom": 24, "offset_rank": 0}}, {"type": "Feature", "bbox": [139.35131, 35.64495, 139.35308, 35.64565], "geometry": {"type": "LineString", "coordinates": [[139.35131, 35.64565], [139.35188, 35.64543], [139.35204, 35.64536], [139.35282, 35.64505], [139.35296, 35.64499], [139.35308, 35.64495]]}, "properties": {"id": "GEOM_TOKYO_0104", "route_id": "R_50E71696", "route_name": "京王線", "route_color": "#F18A00", "route_text_color": "#ffffff", "line_name": "京王線", "operator_id": "keio", "representation": "service_path", "min_zoom": 0, "max_zoom": 24, "offset_rank": 0}}, {"type": "Feature", "bbox": [139.35308, 35.64402, 139.35528, 35.64495], "geometry": {"type": "LineString", "coordinates": [[139.35308, 35.64495], [139.3536, 35.64473], [139.35429, 35.64444], [139.35452, 35.64434], [139.35528, 35.64402]]}, "properties": {"id": "GEOM_TOKYO_0105", "route_id": "R_50E71696", "route_name": "京王線", "route_color": "#F18A00", "route_text_color": "#ffffff", "line_name": "京王線", "operator_id": "keio", "representation": "service_path", "min_zoom": 0, "max_zoom": 24, "offset_rank": 0}}, {"type": "Feature", "bbox": [139.49478, 35.66854, 139.49602, 35.669], "geometry": {"type": "LineString", "coordinates": [[139.49602, 35.66854], [139.49478, 35.669]]}, "properties": {"id": "GEOM_TOKYO_0107", "route_id": "R_A4411EE9", "route_name": null, "route_color": "#F18A00", "route_text_color": null, "line_name": "競馬場線", "operator_id": "keio", "representation": "service_path", "min_zoom": 0, "max_zoom": 24, "offset_rank": 0}}, {"type": "Feature", "bbox": [139.49376, 35.669, 139.49478, 35.66935], "geometry": {"type": "LineString", "coordinates": [[139.49478, 35.669], [139.49376, 35.66935]]}, "properties": {"id": "GEOM_TOKYO_0108", "route_id": "R_A4411EE9", "route_name": null, "route_color": "#F18A00", "route_text_color": null, "line_name": "競馬場線", "operator_id": "keio", "representation": "service_path", "min_zoom": 0, "max_zoom": 24, "offset_rank": 0}}, {"type": "Feature", "bbox": [139.48449, 35.66833, 139.48584, 35.66838], "geometry": {"type": "LineString", "coordinates": [[139.48584, 35.66833], [139.48449, 35.66838]]}, "properties": {"id": "GEOM_TOKYO_0109", "route_id": "R_A4411EE9", "route_name": null, "route_color": "#F18A00", "route_text_color": null, "line_name": "競馬場線", "operator_id": "keio", "representation": "service_path", "min_zoom": 0, "max_zoom": 24, "offset_rank": 0}}, {"type": "Feature", "bbox": [139.48584, 35.66829, 139.49376, 35.66935], "geometry": {"type": "LineString", "coordinates": [[139.49376, 35.66935], [139.49285, 35.6693], [139.49233, 35.66927], [139.49182, 35.66915], [139.49133, 35.66901], [139.48978, 35.66865], [139.48871, 35.66842], [139.48747, 35.66831], [139.48692, 35.66829], [139.48657, 35.6683], [139.48584, 35.66833]]}, "properties": {"id": "GEOM_TOKYO_0110", "route_id": "R_A4411EE9", "route_name": null, "route_color": "#F18A00", "route_text_color": null, "line_name": "競馬場線", "operator_id": "keio", "representation": "service_path", "min_zoom": 0, "max_zoom": 24, "offset_rank": 0}}, {"type": "Feature", "bbox": [139.29295, 35.64044, 139.29434, 35.64074], "geometry": {"type": "LineString", "coordinates": [[139.29295, 35.64074], [139.29434, 35.64044]]}, "properties": {"id": "GEOM_TOKYO_0111", "route_id": "R_7DC141B7", "route_name": "高尾線", "route_color": "#F18A00", "route_text_color": "#ffffff", "line_name": "高尾線", "operator_id": "keio", "representation": "service_path", "min_zoom": 0, "max_zoom": 24, "offset_rank": 0}}, {"type": "Feature", "bbox": [139.2695, 35.63192, 139.27013, 35.63284], "geometry": {"type": "LineString", "coordinates": [[139.2695, 35.63192], [139.27013, 35.63284]]}, "properties": {"id": "GEOM_TOKYO_0112", "route_id": "R_7DC141B7", "route_name": "高尾線", "route_color": "#F18A00", "route_text_color": "#ffffff", "line_name": "高尾線", "operator_id": "keio", "representation": "service_path", "min_zoom": 0, "max_zoom": 24, "offset_rank": 0}}, {"type": "Feature", "bbox": [139.29434, 35.64033, 139.30777, 35.6434], "geometry": {"type": "LineString", "coordinates": [[139.29434, 35.64044], [139.29485, 35.64037], [139.29528, 35.64033], [139.29557, 35.64033], [139.29594, 35.64033], [139.29643, 35.64037], [139.29692, 35.64043], [139.29764, 35.64058], [139.29861, 35.6408], [139.30032, 35.64121], [139.30056, 35.64128], [139.30218, 35.64169], [139.30299, 35.64188], [139.30383, 35.6421], [139.30419, 35.64221], [139.3045, 35.64232], [139.30535, 35.64259], [139.30585, 35.64276], [139.30642, 35.64296], [139.30673, 35.64307], [139.30725, 35.64324], [139.30777, 35.6434]]}, "properties": {"id": "GEOM_TOKYO_0113", "route_id": "R_7DC141B7", "route_name": "高尾線", "route_color": "#F18A00", "route_text_color": "#ffffff", "line_name": "高尾線", "operator_id": "keio", "representation": "service_path", "min_zoom": 0, "max_zoom": 24, "offset_rank": 0}}, {"type": "Feature", "bbox": [139.33739, 35.64364, 139.35131, 35.64674], "geometry": {"type": "LineString", "coordinates": [[139.33739, 35.64424], [139.33788, 35.64409], [139.33835, 35.64397], [139.33877, 35.64386], [139.33946, 35.6437], [139.33971, 35.64367], [139.33993, 35.64366], [139.34026, 35.64364], [139.34075, 35.64366], [139.34109, 35.6437], [139.3416, 35.64382], [139.34199, 35.64397], [139.34234, 35.64412], [139.34292, 35.64441], [139.34331, 35.64466], [139.34356, 35.64486], [139.34488, 35.64587], [139.34517, 35.64605], [139.34553, 35.64625], [139.34581, 35.64636], [139.34616, 35.64647], [139.34636, 35.64652], [139.34707, 35.64667], [139.34745, 35.64671], [139.34782, 35.64674], [139.34804, 35.64674], [139.34824, 35.64673], [139.34826, 35.64672], [139.34836, 35.64671], [139.34846, 35.6467], [139.34863, 35.64667], [139.34883, 35.64662], [139.34914, 35.64652], [139.34946, 35.6464], [139.35018, 35.6461], [139.35038, 35.64602], [139.35131, 35.64565]]}, "properties": {"id": "GEOM_TOKYO_0114", "route_id": "R_7DC141B7", "route_name": "高尾線", "route_color": "#F18A00", "route_text_color": "#ffffff", "line_name": "高尾線", "operator_id": "keio", "representation": "service_path", "min_zoom": 0, "max_zoom": 24, "offset_rank": 0}}, {"type": "Feature", "bbox": [139.35131, 35.64495, 139.35308, 35.64565], "geometry": {"type": "LineString", "coordinates": [[139.35131, 35.64565], [139.35188, 35.64543], [139.35204, 35.64536], [139.35282, 35.64505], [139.35296, 35.64499], [139.35308, 35.64495]]}, "properties": {"id": "GEOM_TOKYO_0115", "route_id": "R_7DC141B7", "route_name": "高尾線", "route_color": "#F18A00", "route_text_color": "#ffffff", "line_name": "高尾線", "operator_id": "keio", "representation": "service_path", "min_zoom": 0, "max_zoom": 24, "offset_rank": 0}}, {"type": "Feature", "bbox": [139.35308, 35.64402, 139.35528, 35.64495], "geometry": {"type": "LineString", "coordinates": [[139.35308, 35.64495], [139.3536, 35.64473], [139.35429, 35.64444], [139.35452, 35.64434], [139.35528, 35.64402]]}, "properties": {"id": "GEOM_TOKYO_0116", "route_id": "R_7DC141B7", "route_name": "高尾線", "route_color": "#F18A00", "route_text_color": "#ffffff", "line_name": "高尾線", "operator_id": "keio", "representation": "service_path", "min_zoom": 0, "max_zoom": 24, "offset_rank": 0}}, {"type": "Feature", "bbox": [139.28248, 35.64074, 139.29295, 35.642], "geometry": {"type": "LineString", "coordinates": [[139.28248, 35.64182], [139.28258, 35.64184], [139.28312, 35.64194], [139.28328, 35.64196], [139.2836, 35.642], [139.28396, 35.642], [139.28431, 35.64194], [139.28457, 35.64188], [139.28495, 35.64178], [139.28577, 35.64156], [139.28605, 35.64153], [139.28628, 35.64153], [139.28671, 35.64155], [139.28797, 35.64168], [139.28867, 35.64172], [139.28882, 35.64171], [139.28897, 35.6417], [139.28924, 35.64165], [139.29008, 35.64145], [139.29132, 35.64115], [139.29295, 35.64074]]}, "properties": {"id": "GEOM_TOKYO_0117", "route_id": "R_7DC141B7", "route_name": "高尾線", "route_color": "#F18A00", "route_text_color": "#ffffff", "line_name": "高尾線", "operator_id": "keio", "representation": "service_path", "min_zoom": 0, "max_zoom": 24, "offset_rank": 0}}, {"type": "Feature", "bbox": [139.33653, 35.64424, 139.33739, 35.64448], "geometry": {"type": "LineString", "coordinates": [[139.33653, 35.64448], [139.33739, 35.64424]]}, "properties": {"id": "GEOM_TOKYO_0118", "route_id": "R_7DC141B7", "route_name": "高尾線", "route_color": "#F18A00", "route_text_color": "#ffffff", "line_name": "高尾線", "operator_id": "keio", "representation": "service_path", "min_zoom": 0, "max_zoom": 24, "offset_rank": 0}}, {"type": "Feature", "bbox": [139.30777, 35.6434, 139.30916, 35.64385], "geometry": {"type": "LineString", "coordinates": [[139.30777, 35.6434], [139.30834, 35.64359], [139.30846, 35.64363], [139.30884, 35.64375], [139.30916, 35.64385]]}, "properties": {"id": "GEOM_TOKYO_0119", "route_id": "R_7DC141B7", "route_name": "高尾線", "route_color": "#F18A00", "route_text_color": "#ffffff", "line_name": "高尾線", "operator_id": "keio", "representation": "service_path", "min_zoom": 0, "max_zoom": 24, "offset_rank": 0}}, {"type": "Feature", "bbox": [139.32115, 35.6442, 139.33653, 35.64561], "geometry": {"type": "LineString", "coordinates": [[139.32115, 35.64433], [139.32162, 35.64428], [139.32264, 35.64422], [139.32322, 35.6442], [139.3236, 35.64422], [139.32396, 35.64428], [139.32442, 35.64436], [139.32579, 35.64469], [139.32683, 35.64494], [139.32776, 35.64514], [139.32874, 35.64537], [139.32949, 35.6455], [139.33015, 35.64557], [139.33064, 35.64561], [139.331, 35.64561], [139.33127, 35.64561], [139.33176, 35.64558], [139.33227, 35.64553], [139.33268, 35.64546], [139.33323, 35.64537], [139.33353, 35.6453], [139.33409, 35.64516], [139.33512, 35.64488], [139.33653, 35.64448]]}, "properties": {"id": "GEOM_TOKYO_0120", "route_id": "R_7DC141B7", "route_name": "高尾線", "route_color": "#F18A00", "route_text_color": "#ffffff", "line_name": "高尾線", "operator_id": "keio", "representation": "service_path", "min_zoom": 0, "max_zoom": 24, "offset_rank": 0}}, {"type": "Feature", "bbox": [139.30916, 35.64385, 139.32036, 35.64482], "geometry": {"type": "LineString", "coordinates": [[139.30916, 35.64385], [139.30947, 35.64395], [139.30987, 35.64408], [139.31015, 35.64418], [139.31141, 35.64455], [139.31206, 35.64468], [139.31281, 35.64478], [139.31349, 35.64482], [139.31391, 35.64482], [139.31482, 35.64476], [139.31516, 35.64473], [139.31661, 35.64462], [139.31692, 35.6446], [139.32036, 35.64438]]}, "properties": {"id": "GEOM_TOKYO_0121", "route_id": "R_7DC141B7", "route_name": "高尾線", "route_color": "#F18A00", "route_text_color": "#ffffff", "line_name": "高尾線", "operator_id": "keio", "representation": "service_path", "min_zoom": 0, "max_zoom": 24, "offset_rank": 0}}, {"type": "Feature", "bbox": [139.32036, 35.64433, 139.32115, 35.64438], "geometry": {"type": "LineString", "coordinates": [[139.32036, 35.64438], [139.32115, 35.64433]]}, "properties": {"id": "GEOM_TOKYO_0122", "route_id": "R_7DC141B7", "route_name": "高尾線", "route_color": "#F18A00", "route_text_color": "#ffffff", "line_name": "高尾線", "operator_id": "keio", "representation": "service_path", "min_zoom": 0, "max_zoom": 24, "offset_rank": 0}}, {"type": "Feature", "bbox": [139.28094, 35.64149, 139.28248, 35.64182], "geometry": {"type": "LineString", "coordinates": [[139.28094, 35.64149], [139.28248, 35.64182]]}, "properties": {"id": "GEOM_TOKYO_0123", "route_id": "R_7DC141B7", "route_name": "高尾線", "route_color": "#F18A00", "route_text_color": "#ffffff", "line_name": "高尾線", "operator_id": "keio", "representation": "service_path", "min_zoom": 0, "max_zoom": 24, "offset_rank": 0}}, {"type": "Feature", "bbox": [139.27013, 35.63284, 139.28094, 35.64149], "geometry": {"type": "LineString", "coordinates": [[139.27013, 35.63284], [139.27016, 35.63289], [139.27041, 35.63329], [139.2706, 35.63365], [139.27088, 35.63421], [139.27097, 35.63444], [139.27143, 35.63542], [139.27172, 35.63597], [139.27189, 35.63645], [139.27191, 35.63661], [139.27192, 35.6368], [139.2719, 35.63714], [139.27188, 35.63756], [139.27188, 35.63779], [139.27189, 35.63806], [139.27194, 35.63827], [139.272, 35.63849], [139.27209, 35.63869], [139.27216, 35.63882], [139.2723, 35.63898], [139.27247, 35.63914], [139.27262, 35.63925], [139.27293, 35.63946], [139.27344, 35.63976], [139.27399, 35.64004], [139.27432, 35.64021], [139.27457, 35.64032], [139.27481, 35.6404], [139.27508, 35.64045], [139.27556, 35.64053], [139.27671, 35.64069], [139.27728, 35.64078], [139.27783, 35.64088], [139.27876, 35.64103], [139.27944, 35.64115], [139.28009, 35.64129], [139.28089, 35.64148], [139.28094, 35.64149]]}, "properties": {"id": "GEOM_TOKYO_0124", "route_id": "R_7DC141B7", "route_name": "高尾線", "route_color": "#F18A00", "route_text_color": "#ffffff", "line_name": "高尾線", "operator_id": "keio", "representation": "service_path", "min_zoom": 0, "max_zoom": 24, "offset_rank": 0}}, {"type": "Feature", "bbox": [139.51593, 35.63292, 139.51865, 35.63303], "geometry": {"type": "LineString", "coordinates": [[139.51865, 35.63303], [139.51749, 35.63297], [139.51674, 35.63294], [139.51593, 35.63292]]}, "properties": {"id": "GEOM_TOKYO_0125", "route_id": "R_EEFEDD1F", "route_name": "相模原線", "route_color": "#F18A00", "route_text_color": "#ffffff", "line_name": "相模原線", "operator_id": "keio", "representation": "service_path", "min_zoom": 0, "max_zoom": 24, "offset_rank": 0}}, {"type": "Feature", "bbox": [139.53297, 35.63473, 139.53572, 35.64339], "geometry": {"type": "LineString", "coordinates": [[139.53297, 35.63473], [139.53334, 35.63506], [139.53366, 35.63539], [139.53394, 35.6358], [139.53413, 35.63613], [139.53426, 35.63641], [139.53442, 35.63685], [139.53448, 35.63709], [139.53456, 35.63742], [139.5347, 35.63819], [139.53476, 35.6387], [139.53481, 35.63917], [139.53489, 35.63982], [139.53492, 35.64005], [139.53501, 35.64067], [139.5351, 35.64125], [139.53521, 35.64191], [139.53532, 35.64233], [139.53543, 35.64272], [139.53556, 35.64306], [139.53572, 35.64339]]}, "properties": {"id": "GEOM_TOKYO_0126", "route_id": "R_EEFEDD1F", "route_name": "相模原線", "route_color": "#F18A00", "route_text_color": "#ffffff", "line_name": "相模原線", "operator_id": "keio", "representation": "service_path", "min_zoom": 0, "max_zoom": 24, "offset_rank": 0}}, {"type": "Feature", "bbox": [139.54289, 35.65211, 139.54356, 35.65231], "geometry": {"type": "LineString", "coordinates": [[139.54289, 35.65231], [139.54356, 35.65211]]}, "properties": {"id": "GEOM_TOKYO_0127", "route_id": "R_EEFEDD1F", "route_name": "相模原線", "route_color": "#F18A00", "route_text_color": "#ffffff", "line_name": "相模原線", "operator_id": "keio", "representation": "service_path", "min_zoom": 0, "max_zoom": 24, "offset_rank": 0}}, {"type": "Feature", "bbox": [139.53697, 35.64481, 139.54289, 35.65231], "geometry": {"type": "LineString", "coordinates": [[139.53697, 35.64481], [139.53705, 35.64488], [139.53732, 35.64519], [139.53747, 35.64538], [139.53759, 35.64555], [139.53769, 35.64573], [139.53826, 35.64688], [139.53878, 35.64791], [139.53956, 35.64946], [139.5397, 35.64974], [139.53982, 35.64998], [139.53997, 35.65028], [139.54029, 35.65092], [139.54048, 35.65125], [139.54067, 35.65156], [139.54085, 35.65175], [139.54098, 35.65186], [139.54123, 35.65204], [139.54146, 35.65215], [139.54163, 35.65222], [139.5419, 35.65227], [139.54206, 35.65229], [139.54253, 35.6523], [139.54289, 35.65231]]}, "properties": {"id": "GEOM_TOKYO_0128", "route_id": "R_EEFEDD1F", "route_name": "相模原線", "route_color": "#F18A00", "route_text_color": "#ffffff", "line_name": "相模原線", "operator_id": "keio", "representation": "service_path", "min_zoom": 0, "max_zoom": 24, "offset_rank": 0}}, {"type": "Feature", "bbox": [139.47342, 35.61909, 139.49905, 35.63592], "geometry": {"type": "LineString", "coordinates": [[139.47342, 35.61928], [139.47523, 35.61916], [139.47604, 35.61912], [139.47661, 35.61909], [139.47714, 35.61911], [139.47733, 35.61911], [139.47781, 35.61916], [139.47799, 35.61918], [139.47831, 35.61923], [139.47862, 35.61929], [139.47899, 35.61937], [139.47949, 35.61949], [139.48027, 35.61972], [139.48058, 35.61983], [139.48101, 35.62], [139.48116, 35.62007], [139.4816, 35.62026], [139.48192, 35.62042], [139.48214, 35.62055], [139.48259, 35.62086], [139.48326, 35.62135], [139.48379, 35.6218], [139.48437, 35.62237], [139.48464, 35.62261], [139.48483, 35.62282], [139.48641, 35.62456], [139.48676, 35.62492], [139.48708, 35.62526], [139.48724, 35.62544], [139.4886, 35.62688], [139.48874, 35.62702], [139.49039, 35.62875], [139.49118, 35.62955], [139.49133, 35.62973], [139.49167, 35.63009], [139.49212, 35.63057], [139.49239, 35.63085], [139.49342, 35.63196], [139.4946, 35.63317], [139.49468, 35.63325], [139.49495, 35.6335], [139.49525, 35.63376], [139.49571, 35.63408], [139.49621, 35.63439], [139.49679, 35.63476], [139.49693, 35.63485], [139.49715, 35.63499], [139.49745, 35.63519], [139.49767, 35.63531], [139.49797, 35.63548], [139.49847, 35.63572], [139.49865, 35.63579], [139.49893, 35.63589], [139.49905, 35.63592]]}, "properties": {"id": "GEOM_TOKYO_0129", "route_id": "R_EEFEDD1F", "route_name": "相模原線", "route_color": "#F18A00", "route_text_color": "#ffffff", "line_name": "相模原線", "operator_id": "keio", "representation": "service_path", "min_zoom": 0, "max_zoom": 24, "offset_rank": 0}}, {"type": "Feature", "bbox": [139.39934, 35.62398, 139.40131, 35.62497], "geometry": {"type": "LineString", "coordinates": [[139.40131, 35.62497], [139.39934, 35.62398]]}, "properties": {"id": "GEOM_TOKYO_0130", "route_id": "R_EEFEDD1F", "route_name": "相模原線", "route_color": "#F18A00", "route_text_color": "#ffffff", "line_name": "相模原線", "operator_id": "keio", "representation": "service_path", "min_zoom": 0, "max_zoom": 24, "offset_rank": 0}}, {"type": "Feature", "bbox": [139.37874, 35.61361, 139.38091, 35.61458], "geometry": {"type": "LineString", "coordinates": [[139.38091, 35.61458], [139.37996, 35.61414], [139.37959, 35.61396], [139.37874, 35.61361]]}, "properties": {"id": "GEOM_TOKYO_0131", "route_id": "R_EEFEDD1F", "route_name": "相模原線", "route_color": "#F18A00", "route_text_color": "#ffffff", "line_name": "相模原線", "operator_id": "keio", "representation": "service_path", "min_zoom": 0, "max_zoom": 24, "offset_rank": 0}}, {"type": "Feature", "bbox": [139.42317, 35.62487, 139.42516, 35.62558], "geometry": {"type": "LineString", "coordinates": [[139.42516, 35.62558], [139.42317, 35.62487]]}, "properties": {"id": "GEOM_TOKYO_0132", "route_id": "R_EEFEDD1F", "route_name": "相模原線", "route_color": "#F18A00", "route_text_color": "#ffffff", "line_name": "相模原線", "operator_id": "keio", "representation": "service_path", "min_zoom": 0, "max_zoom": 24, "offset_rank": 0}}, {"type": "Feature", "bbox": [139.38091, 35.61458, 139.39934, 35.62398], "geometry": {"type": "LineString", "coordinates": [[139.39934, 35.62398], [139.39925, 35.62393], [139.39739, 35.62298], [139.39725, 35.62291], [139.39652, 35.62253], [139.39548, 35.62201], [139.39515, 35.62183], [139.3936, 35.62103], [139.39321, 35.62085], [139.39279, 35.62063], [139.39243, 35.62044], [139.39162, 35.62002], [139.39098, 35.61969], [139.38962, 35.619], [139.38952, 35.61894], [139.38825, 35.61828], [139.38814, 35.61823], [139.38722, 35.61777], [139.38631, 35.6173], [139.38576, 35.61703], [139.38477, 35.61653], [139.38336, 35.6158], [139.38134, 35.6148], [139.38091, 35.61458]]}, "properties": {"id": "GEOM_TOKYO_0133", "route_id": "R_EEFEDD1F", "route_name": "相模原線", "route_color": "#F18A00", "route_text_color": "#ffffff", "line_name": "相模原線", "operator_id": "keio", "representation": "service_path", "min_zoom": 0, "max_zoom": 24, "offset_rank": 0}}, {"type": "Feature", "bbox": [139.40131, 35.62331, 139.42317, 35.62629], "geometry": {"type": "LineString", "coordinates": [[139.42317, 35.62487], [139.42291, 35.62477], [139.42137, 35.62421], [139.42082, 35.62401], [139.42057, 35.62392], [139.42013, 35.62379], [139.4196, 35.62364], [139.41921, 35.62355], [139.41842, 35.62342], [139.41826, 35.62339], [139.41785, 35.62333], [139.41743, 35.62331], [139.41717, 35.62331], [139.41663, 35.62334], [139.41651, 35.62335], [139.41603, 35.62338], [139.41563, 35.62342], [139.41528, 35.62347], [139.41513, 35.62351], [139.41478, 35.62357], [139.41435, 35.62369], [139.41361, 35.62393], [139.41306, 35.62413], [139.41268, 35.62427], [139.41201, 35.62455], [139.4118, 35.62464], [139.41103, 35.62501], [139.4102, 35.62543], [139.40949, 35.62572], [139.40884, 35.62594], [139.40838, 35.62605], [139.40794, 35.62613], [139.40786, 35.62615], [139.40747, 35.6262], [139.40743, 35.62621], [139.4071, 35.62626], [139.40645, 35.62628], [139.40587, 35.62629], [139.40542, 35.62628], [139.405, 35.62625], [139.40496, 35.62625], [139.40478, 35.62623], [139.40439, 35.62618], [139.40387, 35.62605], [139.40339, 35.62591], [139.40298, 35.62575], [139.40258, 35.62559], [139.40245, 35.62553], [139.40217, 35.6254], [139.40143, 35.62503], [139.40131, 35.62497]]}, "properties": {"id": "GEOM_TOKYO_0134", "route_id": "R_EEFEDD1F", "route_name": "相模原線", "route_color": "#F18A00", "route_text_color": "#ffffff", "line_name": "相模原線", "operator_id": "keio", "representation": "service_path", "min_zoom": 0, "max_zoom": 24, "offset_rank": 0}}, {"type": "Feature", "bbox": [139.3665, 35.60114, 139.36735, 35.60234], "geometry": {"type": "LineString", "coordinates": [[139.36735, 35.60234], [139.36709, 35.60196], [139.36694, 35.60175], [139.3665, 35.60114]]}, "properties": {"id": "GEOM_TOKYO_0135", "route_id": "R_EEFEDD1F", "route_name": "相模原線", "route_color": "#F18A00", "route_text_color": "#ffffff", "line_name": "相模原線", "operator_id": "keio", "representation": "service_path", "min_zoom": 0, "max_zoom": 24, "offset_rank": 0}}, {"type": "Feature", "bbox": [139.50127, 35.63292, 139.51593, 35.63628], "geometry": {"type": "LineString", "coordinates": [[139.51593, 35.63292], [139.51581, 35.63292], [139.51448, 35.63292], [139.51349, 35.63294], [139.51243, 35.63296], [139.51188, 35.63301], [139.51099, 35.63312], [139.5105, 35.6332], [139.50998, 35.63332], [139.5094, 35.63348], [139.50888, 35.63364], [139.50791, 35.63404], [139.50731, 35.63433], [139.50599, 35.63498], [139.50564, 35.63516], [139.50545, 35.63524], [139.50485, 35.63553], [139.50433, 35.63575], [139.50394, 35.63588], [139.5036, 35.636], [139.50272, 35.6362], [139.50228, 35.63626], [139.50191, 35.63628], [139.50127, 35.63627]]}, "properties": {"id": "GEOM_TOKYO_0136", "route_id": "R_EEFEDD1F", "route_name": "相模原線", "route_color": "#F18A00", "route_text_color": "#ffffff", "line_name": "相模原線", "operator_id": "keio", "representation": "service_path", "min_zoom": 0, "max_zoom": 24, "offset_rank": 0}}, {"type": "Feature", "bbox": [139.47126, 35.61928, 139.47342, 35.61945], "geometry": {"type": "LineString", "coordinates": [[139.47342, 35.61928], [139.47126, 35.61945]]}, "properties": {"id": "GEOM_TOKYO_0137", "route_id": "R_EEFEDD1F", "route_name": "相模原線", "route_color": "#F18A00", "route_text_color": "#ffffff", "line_name": "相模原線", "operator_id": "keio", "representation": "service_path", "min_zoom": 0, "max_zoom": 24, "offset_rank": 0}}, {"type": "Feature", "bbox": [139.44707, 35.62993, 139.44935, 35.63055], "geometry": {"type": "LineString", "coordinates": [[139.44935, 35.62993], [139.44893, 35.63005], [139.44731, 35.63048], [139.44707, 35.63055]]}, "properties": {"id": "GEOM_TOKYO_0138", "route_id": "R_EEFEDD1F", "route_name": "相模原線", "route_color": "#F18A00", "route_text_color": "#ffffff", "line_name": "相模原線", "operator_id": "keio", "representation": "service_path", "min_zoom": 0, "max_zoom": 24, "offset_rank": 0}}, {"type": "Feature", "bbox": [139.49905, 35.63592, 139.50127, 35.63627], "geometry": {"type": "LineString", "coordinates": [[139.49905, 35.63592], [139.4994, 35.636], [139.49985, 35.6361], [139.5005, 35.63622], [139.50066, 35.63623], [139.50091, 35.63627], [139.50127, 35.63627]]}, "properties": {"id": "GEOM_TOKYO_0139", "route_id": "R_EEFEDD1F", "route_name": "相模原線", "route_color": "#F18A00", "route_text_color": "#ffffff", "line_name": "相模原線", "operator_id": "keio", "representation": "service_path", "min_zoom": 0, "max_zoom": 24, "offset_rank": 0}}, {"type": "Feature", "bbox": [139.36735, 35.60234, 139.37874, 35.61361], "geometry": {"type": "LineString", "coordinates": [[139.37874, 35.61361], [139.37691, 35.61277], [139.3763, 35.61248], [139.37601, 35.61231], [139.3757, 35.61213], [139.3752, 35.6118], [139.37467, 35.61141], [139.37432, 35.61113], [139.374, 35.61084], [139.3734, 35.61024], [139.37323, 35.61005], [139.37234, 35.60905], [139.3718, 35.60828], [139.37144, 35.60779], [139.3703, 35.60625], [139.36927, 35.60486], [139.36812, 35.60332], [139.3676, 35.60266], [139.36735, 35.60234]]}, "properties": {"id": "GEOM_TOKYO_0140", "route_id": "R_EEFEDD1F", "route_name": "相模原線", "route_color": "#F18A00", "route_text_color": "#ffffff", "line_name": "相模原線", "operator_id": "keio", "representation": "service_path", "min_zoom": 0, "max_zoom": 24, "offset_rank": 0}}, {"type": "Feature", "bbox": [139.54356, 35.65143, 139.54591, 35.65211], "geometry": {"type": "LineString", "coordinates": [[139.54356, 35.65211], [139.54591, 35.65143]]}, "properties": {"id": "GEOM_TOKYO_0141", "route_id": "R_EEFEDD1F", "route_name": "相模原線", "route_color": "#F18A00", "route_text_color": "#ffffff", "line_name": "相模原線", "operator_id": "keio", "representation": "service_path", "min_zoom": 0, "max_zoom": 24, "offset_rank": 0}}, {"type": "Feature", "bbox": [139.51865, 35.63303, 139.53088, 35.63376], "geometry": {"type": "LineString", "coordinates": [[139.51865, 35.63303], [139.51883, 35.63304], [139.51929, 35.63308], [139.51972, 35.63311], [139.51986, 35.63312], [139.52073, 35.63318], [139.52167, 35.63326], [139.52217, 35.63329], [139.52284, 35.63335], [139.52346, 35.63338], [139.52361, 35.63338], [139.52457, 35.63341], [139.5264, 35.63347], [139.52758, 35.6335], [139.52817, 35.63352], [139.52904, 35.63354], [139.52953, 35.63355], [139.52992, 35.63359], [139.53032, 35.63363], [139.5306, 35.63369], [139.53088, 35.63376]]}, "properties": {"id": "GEOM_TOKYO_0142", "route_id": "R_EEFEDD1F", "route_name": "相模原線", "route_color": "#F18A00", "route_text_color": "#ffffff", "line_name": "相模原線", "operator_id": "keio", "representation": "service_path", "min_zoom": 0, "max_zoom": 24, "offset_rank": 0}}, {"type": "Feature", "bbox": [139.53088, 35.63376, 139.53297, 35.63473], "geometry": {"type": "LineString", "coordinates": [[139.53088, 35.63376], [139.53106, 35.63381], [139.53139, 35.6339], [139.53157, 35.63397], [139.53173, 35.63402], [139.53187, 35.63408], [139.53206, 35.63416], [139.53237, 35.63431], [139.53258, 35.63444], [139.53289, 35.63467], [139.53297, 35.63473]]}, "properties": {"id": "GEOM_TOKYO_0143", "route_id": "R_EEFEDD1F", "route_name": "相模原線", "route_color": "#F18A00", "route_text_color": "#ffffff", "line_name": "相模原線", "operator_id": "keio", "representation": "service_path", "min_zoom": 0, "max_zoom": 24, "offset_rank": 0}}, {"type": "Feature", "bbox": [139.44935, 35.61945, 139.47126, 35.62993], "geometry": {"type": "LineString", "coordinates": [[139.47126, 35.61945], [139.47109, 35.61946], [139.47088, 35.61948], [139.47061, 35.6195], [139.47006, 35.61954], [139.46903, 35.61962], [139.46827, 35.61968], [139.46769, 35.61972], [139.467, 35.61984], [139.46598, 35.62007], [139.46528, 35.62029], [139.46482, 35.62044], [139.46446, 35.62059], [139.46395, 35.6208], [139.46336, 35.62113], [139.46279, 35.62146], [139.46232, 35.62177], [139.46182, 35.62214], [139.46113, 35.62274], [139.46109, 35.62278], [139.46015, 35.62349], [139.45919, 35.62426], [139.45861, 35.62474], [139.45814, 35.62512], [139.45774, 35.62548], [139.45738, 35.62577], [139.45677, 35.6263], [139.45628, 35.62666], [139.45525, 35.62746], [139.45485, 35.62774], [139.4547, 35.62784], [139.45376, 35.62838], [139.45246, 35.62884], [139.45146, 35.62919], [139.45025, 35.62961], [139.44966, 35.62985], [139.44935, 35.62993]]}, "properties": {"id": "GEOM_TOKYO_0144", "route_id": "R_EEFEDD1F", "route_name": "相模原線", "route_color": "#F18A00", "route_text_color": "#ffffff", "line_name": "相模原線", "operator_id": "keio", "representation": "service_path", "min_zoom": 0, "max_zoom": 24, "offset_rank": 0}}, {"type": "Feature", "bbox": [139.53572, 35.64339, 139.53697, 35.64481], "geometry": {"type": "LineString", "coordinates": [[139.53572, 35.64339], [139.53582, 35.64355], [139.53596, 35.64375], [139.53616, 35.64397], [139.53635, 35.64418], [139.53697, 35.64481]]}, "properties": {"id": "GEOM_TOKYO_0145", "route_id": "R_EEFEDD1F", "route_name": "相模原線", "route_color": "#F18A00", "route_text_color": "#ffffff", "line_name": "相模原線", "operator_id": "keio", "representation": "service_path", "min_zoom": 0, "max_zoom": 24, "offset_rank": 0}}, {"type": "Feature", "bbox": [139.42516, 35.62558, 139.44707, 35.63098], "geometry": {"type": "LineString", "coordinates": [[139.44707, 35.63055], [139.44598, 35.63078], [139.44518, 35.63091], [139.44464, 35.63097], [139.44403, 35.63098], [139.44287, 35.6309], [139.44192, 35.63078], [139.44097, 35.63061], [139.44025, 35.63045], [139.43994, 35.63036], [139.43906, 35.63009], [139.43797, 35.62972], [139.43731, 35.62953], [139.43604, 35.62915], [139.43404, 35.62853], [139.4327, 35.62811], [139.43167, 35.62783], [139.43098, 35.62761], [139.42969, 35.62722], [139.42913, 35.62703], [139.42863, 35.62685], [139.42783, 35.62657], [139.4269, 35.6262], [139.42652, 35.62607], [139.42529, 35.62562], [139.42516, 35.62558]]}, "properties": {"id": "GEOM_TOKYO_0146", "route_id": "R_EEFEDD1F", "route_name": "相模原線", "route_color": "#F18A00", "route_text_color": "#ffffff", "line_name": "相模原線", "operator_id": "keio", "representation": "service_path", "min_zoom": 0, "max_zoom": 24, "offset_rank": 0}}, {"type": "Feature", "bbox": [139.34438, 35.59331, 139.3665, 35.60114], "geometry": {"type": "LineString", "coordinates": [[139.3665, 35.60114], [139.36645, 35.60107], [139.36601, 35.60048], [139.36548, 35.59978], [139.36529, 35.59957], [139.36491, 35.59918], [139.36439, 35.59869], [139.36398, 35.59836], [139.36367, 35.59812], [139.36304, 35.5977], [139.36241, 35.59737], [139.36178, 35.59709], [139.36074, 35.59668], [139.3601, 35.59644], [139.3588, 35.59605], [139.35608, 35.59529], [139.35469, 35.59491], [139.35339, 35.59454], [139.352, 35.59416], [139.34985, 35.59358], [139.3494, 35.59345], [139.34901, 35.59338], [139.34851, 35.59332], [139.34826, 35.59331], [139.34786, 35.59331], [139.34754, 35.59334], [139.34721, 35.5934], [139.34685, 35.59347], [139.34653, 35.59357], [139.34623, 35.59369], [139.34567, 35.59396], [139.34544, 35.59409], [139.34485, 35.59442], [139.34438, 35.5947]]}, "properties": {"id": "GEOM_TOKYO_0147", "route_id": "R_EEFEDD1F", "route_name": "相模原線", "route_color": "#F18A00", "route_text_color": "#ffffff", "line_name": "相模原線", "operator_id": "keio", "representation": "service_path", "min_zoom": 0, "max_zoom": 24, "offset_rank": 0}}, {"type": "Feature", "bbox": [139.3427, 35.5947, 139.34438, 35.59572], "geometry": {"type": "LineString", "coordinates": [[139.34438, 35.5947], [139.3427, 35.59572]]}, "properties": {"id": "GEOM_TOKYO_0148", "route_id": "R_EEFEDD1F", "route_name": "相模原線", "route_color": "#F18A00", "route_text_color": "#ffffff", "line_name": "相模原線", "operator_id": "keio", "representation": "service_path", "min_zoom": 0, "max_zoom": 24, "offset_rank": 0}}, {"type": "Feature", "bbox": [139.41397, 35.66142, 139.41503, 35.66188], "geometry": {"type": "LineString", "coordinates": [[139.41503, 35.66142], [139.41464, 35.66159], [139.41397, 35.66188]]}, "properties": {"id": "GEOM_TOKYO_0149", "route_id": "R_2CEF5206", "route_name": "動物園線", "route_color": "#F18A00", "route_text_color": "#ffffff", "line_name": "動物園線", "operator_id": "keio", "representation": "service_path", "min_zoom": 0, "max_zoom": 24, "offset_rank": 0}}, {"type": "Feature", "bbox": [139.40644, 35.65004, 139.41571, 35.66142], "geometry": {"type": "LineString", "coordinates": [[139.40644, 35.65004], [139.40698, 35.65031], [139.4072, 35.6504], [139.40744, 35.65053], [139.40784, 35.65076], [139.40814, 35.65102], [139.40834, 35.6512], [139.40852, 35.65143], [139.40878, 35.65201], [139.40902, 35.65261], [139.40917, 35.65292], [139.40934, 35.65318], [139.4095, 35.65341], [139.40971, 35.65361], [139.41024, 35.65404], [139.4105, 35.65422], [139.41067, 35.65439], [139.41103, 35.65495], [139.41147, 35.65565], [139.41167, 35.65593], [139.41232, 35.65654], [139.41266, 35.65683], [139.41302, 35.65708], [139.41317, 35.65717], [139.41331, 35.65723], [139.41369, 35.65733], [139.4145, 35.65761], [139.41474, 35.65771], [139.41511, 35.65791], [139.4153, 35.65805], [139.41537, 35.65816], [139.41547, 35.6584], [139.41561, 35.65895], [139.41564, 35.65916], [139.41568, 35.65938], [139.41569, 35.65956], [139.4157, 35.65977], [139.41571, 35.66001], [139.41568, 35.66037], [139.41561, 35.66063], [139.41547, 35.66097], [139.41503, 35.66142]]}, "properties": {"id": "GEOM_TOKYO_0150", "route_id": "R_2CEF5206", "route_name": "動物園線", "route_color": "#F18A00", "route_text_color": "#ffffff", "line_name": "動物園線", "operator_id": "keio", "representation": "service_path", "min_zoom": 0, "max_zoom": 24, "offset_rank": 0}}, {"type": "Feature", "bbox": [139.4046, 35.64901, 139.40644, 35.65004], "geometry": {"type": "LineString", "coordinates": [[139.4046, 35.64901], [139.40608, 35.64987], [139.40644, 35.65004]]}, "properties": {"id": "GEOM_TOKYO_0151", "route_id": "R_2CEF5206", "route_name": "動物園線", "route_color": "#F18A00", "route_text_color": "#ffffff", "line_name": "動物園線", "operator_id": "keio", "representation": "service_path", "min_zoom": 0, "max_zoom": 24, "offset_rank": 0}}, {"type": "Feature", "bbox": [139.41223, 35.66188, 139.41397, 35.66267], "geometry": {"type": "LineString", "coordinates": [[139.41397, 35.66188], [139.41223, 35.66267]]}, "properties": {"id": "GEOM_TOKYO_0152", "route_id": "R_2CEF5206", "route_name": "動物園線", "route_color": "#F18A00", "route_text_color": "#ffffff", "line_name": "動物園線", "operator_id": "keio", "representation": "service_path", "min_zoom": 0, "max_zoom": 24, "offset_rank": 0}}, {"type": "Feature", "bbox": [139.4358, 35.52066, 139.43876, 35.52606], "geometry": {"type": "LineString", "coordinates": [[139.43876, 35.52066], [139.43774, 35.52251], [139.4366, 35.52464], [139.4358, 35.52606]]}, "properties": {"id": "GEOM_TOKYO_0495", "route_id": "R_3C82054B", "route_name": null, "route_color": "#2B78D0", "route_text_color": null, "line_name": "江ノ島線", "operator_id": "odakyu", "representation": "service_path", "min_zoom": 0, "max_zoom": 24, "offset_rank": 0}}, {"type": "Feature", "bbox": [139.45098, 35.47064, 139.46107, 35.48991], "geometry": {"type": "LineString", "coordinates": [[139.46107, 35.47064], [139.46103, 35.47071], [139.46081, 35.4711], [139.46042, 35.47183], [139.45968, 35.47328], [139.4592, 35.4742], [139.45917, 35.47426], [139.45877, 35.47504], [139.4581, 35.47633], [139.45732, 35.4778], [139.45641, 35.47953], [139.45595, 35.48041], [139.45568, 35.48093], [139.45542, 35.48144], [139.45487, 35.48249], [139.45459, 35.48301], [139.45416, 35.48383], [139.45335, 35.48539], [139.4533, 35.48548], [139.45227, 35.48743], [139.45165, 35.48865], [139.45098, 35.48991]]}, "properties": {"id": "GEOM_TOKYO_0496", "route_id": "R_3C82054B", "route_name": null, "route_color": "#2B78D0", "route_text_color": null, "line_name": "江ノ島線", "operator_id": "odakyu", "representation": "service_path", "min_zoom": 0, "max_zoom": 24, "offset_rank": 0}}, {"type": "Feature", "bbox": [139.4647, 35.4128, 139.4657, 35.43159], "geometry": {"type": "LineString", "coordinates": [[139.4647, 35.43159], [139.46474, 35.43067], [139.46484, 35.4292], [139.46487, 35.42875], [139.46494, 35.42785], [139.46496, 35.42759], [139.46504, 35.42623], [139.4651, 35.42542], [139.46516, 35.42465], [139.46518, 35.42446], [139.46525, 35.42344], [139.46531, 35.42261], [139.46542, 35.42123], [139.46549, 35.41993], [139.46551, 35.41958], [139.46567, 35.41729], [139.4657, 35.41676], [139.46569, 35.41638], [139.46559, 35.41481], [139.46538, 35.4128]]}, "properties": {"id": "GEOM_TOKYO_0497", "route_id": "R_3C82054B", "route_name": null, "route_color": "#2B78D0", "route_text_color": null, "line_name": "江ノ島線", "operator_id": "odakyu", "representation": "service_path", "min_zoom": 0, "max_zoom": 24, "offset_rank": 0}}, {"type": "Feature", "bbox": [139.4647, 35.43159, 139.46472, 35.4327], "geometry": {"type": "LineString", "coordinates": [[139.4647, 35.43159], [139.46472, 35.4327]]}, "properties": {"id": "GEOM_TOKYO_0498", "route_id": "R_3C82054B", "route_name": null, "route_color": "#2B78D0", "route_text_color": null, "line_name": "江ノ島線", "operator_id": "odakyu", "representation": "service_path", "min_zoom": 0, "max_zoom": 24, "offset_rank": 0}}, {"type": "Feature", "bbox": [139.46463, 35.39701, 139.46632, 35.4117], "geometry": {"type": "LineString", "coordinates": [[139.46527, 35.4117], [139.46516, 35.41017], [139.46497, 35.40757], [139.46494, 35.40715], [139.46487, 35.40623], [139.46477, 35.40506], [139.46469, 35.40415], [139.46463, 35.40324], [139.46463, 35.403], [139.46466, 35.40246], [139.4647, 35.40216], [139.46474, 35.40188], [139.46476, 35.40176], [139.46481, 35.40154], [139.46505, 35.40083], [139.46597, 35.39811], [139.46618, 35.39744], [139.46632, 35.39701]]}, "properties": {"id": "GEOM_TOKYO_0499", "route_id": "R_3C82054B", "route_name": null, "route_color": "#2B78D0", "route_text_color": null, "line_name": "江ノ島線", "operator_id": "odakyu", "representation": "service_path", "min_zoom": 0, "max_zoom": 24, "offset_rank": 0}}, {"type": "Feature", "bbox": [139.44832, 35.49123, 139.4503, 35.49499], "geometry": {"type": "LineString", "coordinates": [[139.4503, 35.49123], [139.45007, 35.49167], [139.44926, 35.49319], [139.44886, 35.49397], [139.44832, 35.49499]]}, "properties": {"id": "GEOM_TOKYO_0500", "route_id": "R_3C82054B", "route_name": null, "route_color": "#2B78D0", "route_text_color": null, "line_name": "江ノ島線", "operator_id": "odakyu", "representation": "service_path", "min_zoom": 0, "max_zoom": 24, "offset_rank": 0}}, {"type": "Feature", "bbox": [139.48284, 35.33816, 139.4864, 35.33858], "geometry": {"type": "LineString", "coordinates": [[139.48284, 35.33816], [139.48327, 35.33825], [139.48385, 35.33838], [139.48426, 35.33845], [139.48455, 35.33849], [139.4849, 35.33852], [139.48575, 35.33855], [139.4864, 35.33858]]}, "properties": {"id": "GEOM_TOKYO_0501", "route_id": "R_3C82054B", "route_name": null, "route_color": "#2B78D0", "route_text_color": null, "line_name": "江ノ島線", "operator_id": "odakyu", "representation": "service_path", "min_zoom": 0, "max_zoom": 24, "offset_rank": 0}}, {"type": "Feature", "bbox": [139.4503, 35.48991, 139.45098, 35.49123], "geometry": {"type": "LineString", "coordinates": [[139.45098, 35.48991], [139.4503, 35.49123]]}, "properties": {"id": "GEOM_TOKYO_0502", "route_id": "R_3C82054B", "route_name": null, "route_color": "#2B78D0", "route_text_color": null, "line_name": "江ノ島線", "operator_id": "odakyu", "representation": "service_path", "min_zoom": 0, "max_zoom": 24, "offset_rank": 0}}, {"type": "Feature", "bbox": [139.46472, 35.4327, 139.4657, 35.45], "geometry": {"type": "LineString", "coordinates": [[139.46472, 35.4327], [139.46479, 35.43387], [139.46488, 35.43535], [139.46494, 35.43626], [139.46496, 35.43659], [139.46498, 35.43693], [139.46506, 35.43838], [139.46507, 35.43845], [139.46515, 35.43996], [139.4652, 35.44099], [139.46523, 35.44151], [139.46531, 35.44289], [139.46544, 35.44482], [139.46548, 35.4457], [139.46558, 35.44783], [139.46561, 35.4484], [139.4657, 35.45]]}, "properties": {"id": "GEOM_TOKYO_0503", "route_id": "R_3C82054B", "route_name": null, "route_color": "#2B78D0", "route_text_color": null, "line_name": "江ノ島線", "operator_id": "odakyu", "representation": "service_path", "min_zoom": 0, "max_zoom": 24, "offset_rank": 0}}, {"type": "Feature", "bbox": [139.43551, 35.52606, 139.43698, 35.53111], "geometry": {"type": "LineString", "coordinates": [[139.4358, 35.52606], [139.43573, 35.52636], [139.43565, 35.52668], [139.43555, 35.52723], [139.43551, 35.52763], [139.43551, 35.52803], [139.43556, 35.52844], [139.43563, 35.52882], [139.43573, 35.52913], [139.43587, 35.52947], [139.436, 35.52975], [139.43621, 35.53008], [139.43638, 35.53034], [139.43698, 35.53111]]}, "properties": {"id": "GEOM_TOKYO_0504", "route_id": "R_3C82054B", "route_name": null, "route_color": "#2B78D0", "route_text_color": null, "line_name": "江ノ島線", "operator_id": "odakyu", "representation": "service_path", "min_zoom": 0, "max_zoom": 24, "offset_rank": 0}}, {"type": "Feature", "bbox": [139.44408, 35.50738, 139.44412, 35.50863], "geometry": {"type": "LineString", "coordinates": [[139.44412, 35.50738], [139.44408, 35.50863]]}, "properties": {"id": "GEOM_TOKYO_0505", "route_id": "R_3C82054B", "route_name": null, "route_color": "#2B78D0", "route_text_color": null, "line_name": "江ノ島線", "operator_id": "odakyu", "representation": "service_path", "min_zoom": 0, "max_zoom": 24, "offset_rank": 0}}, {"type": "Feature", "bbox": [139.48235, 35.30887, 139.4835, 35.30975], "geometry": {"type": "LineString", "coordinates": [[139.4835, 35.30887], [139.48235, 35.30975]]}, "properties": {"id": "GEOM_TOKYO_0506", "route_id": "R_3C82054B", "route_name": null, "route_color": "#2B78D0", "route_text_color": null, "line_name": "江ノ島線", "operator_id": "odakyu", "representation": "service_path", "min_zoom": 0, "max_zoom": 24, "offset_rank": 0}}, {"type": "Feature", "bbox": [139.47324, 35.36225, 139.47329, 35.36293], "geometry": {"type": "LineString", "coordinates": [[139.47324, 35.36293], [139.47329, 35.36225]]}, "properties": {"id": "GEOM_TOKYO_0507", "route_id": "R_3C82054B", "route_name": null, "route_color": "#2B78D0", "route_text_color": null, "line_name": "江ノ島線", "operator_id": "odakyu", "representation": "service_path", "min_zoom": 0, "max_zoom": 24, "offset_rank": 0}}, {"type": "Feature", "bbox": [139.47602, 35.33809, 139.48284, 35.34788], "geometry": {"type": "LineString", "coordinates": [[139.47602, 35.34788], [139.47609, 35.34775], [139.47622, 35.34753], [139.47635, 35.34733], [139.47654, 35.34705], [139.47678, 35.34664], [139.47688, 35.34645], [139.47736, 35.34566], [139.47749, 35.34541], [139.47759, 35.34519], [139.47775, 35.34476], [139.47782, 35.34453], [139.47802, 35.34372], [139.47817, 35.34297], [139.47823, 35.34271], [139.47835, 35.34218], [139.47838, 35.34201], [139.47842, 35.34182], [139.47866, 35.34085], [139.47875, 35.34047], [139.47889, 35.33987], [139.47892, 35.33975], [139.47897, 35.33963], [139.47906, 35.33953], [139.47922, 35.33937], [139.47943, 35.3392], [139.47964, 35.33904], [139.48029, 35.33868], [139.48093, 35.33833], [139.48113, 35.33823], [139.48131, 35.33817], [139.48149, 35.33813], [139.48169, 35.3381], [139.48184, 35.33809], [139.48207, 35.33809], [139.48254, 35.33811], [139.48284, 35.33816]]}, "properties": {"id": "GEOM_TOKYO_0508", "route_id": "R_3C82054B", "route_name": null, "route_color": "#2B78D0", "route_text_color": null, "line_name": "江ノ島線", "operator_id": "odakyu", "representation": "service_path", "min_zoom": 0, "max_zoom": 24, "offset_rank": 0}}, {"type": "Feature", "bbox": [139.47144, 35.30975, 139.48235, 35.3204], "geometry": {"type": "LineString", "coordinates": [[139.48235, 35.30975], [139.48166, 35.31029], [139.48101, 35.3108], [139.48071, 35.31106], [139.4804, 35.31138], [139.48014, 35.31166], [139.47918, 35.31293], [139.47865, 35.31364], [139.47843, 35.31393], [139.47792, 35.31461], [139.47767, 35.31489], [139.47734, 35.31519], [139.47697, 35.31549], [139.47659, 35.31576], [139.47574, 35.31636], [139.47526, 35.31669], [139.47453, 35.31722], [139.47421, 35.31744], [139.47379, 35.31775], [139.47334, 35.31816], [139.47295, 35.31854], [139.4725, 35.31902], [139.47215, 35.31943], [139.47185, 35.31981], [139.47144, 35.3204]]}, "properties": {"id": "GEOM_TOKYO_0509", "route_id": "R_3C82054B", "route_name": null, "route_color": "#2B78D0", "route_text_color": null, "line_name": "江ノ島線", "operator_id": "odakyu", "representation": "service_path", "min_zoom": 0, "max_zoom": 24, "offset_rank": 0}}, {"type": "Feature", "bbox": [139.47566, 35.34788, 139.47602, 35.34854], "geometry": {"type": "LineString", "coordinates": [[139.47566, 35.34854], [139.47602, 35.34788]]}, "properties": {"id": "GEOM_TOKYO_0510", "route_id": "R_3C82054B", "route_name": null, "route_color": "#2B78D0", "route_text_color": null, "line_name": "江ノ島線", "operator_id": "odakyu", "representation": "service_path", "min_zoom": 0, "max_zoom": 24, "offset_rank": 0}}, {"type": "Feature", "bbox": [139.46193, 35.45106, 139.46624, 35.46895], "geometry": {"type": "LineString", "coordinates": [[139.46578, 35.45106], [139.46585, 35.45217], [139.46586, 35.45231], [139.46595, 35.45393], [139.46604, 35.45569], [139.46605, 35.45583], [139.46611, 35.45702], [139.46622, 35.45899], [139.46624, 35.45938], [139.46621, 35.45978], [139.4662, 35.46001], [139.4662, 35.46004], [139.46616, 35.46023], [139.46614, 35.46034], [139.46607, 35.46064], [139.46596, 35.46094], [139.46584, 35.46123], [139.46576, 35.46147], [139.46562, 35.46174], [139.46522, 35.46253], [139.46441, 35.46414], [139.46374, 35.46546], [139.46281, 35.46725], [139.46221, 35.4684], [139.46193, 35.46895]]}, "properties": {"id": "GEOM_TOKYO_0511", "route_id": "R_3C82054B", "route_name": null, "route_color": "#2B78D0", "route_text_color": null, "line_name": "江ノ島線", "operator_id": "odakyu", "representation": "service_path", "min_zoom": 0, "max_zoom": 24, "offset_rank": 0}}, {"type": "Feature", "bbox": [139.47061, 35.3834, 139.47083, 35.38412], "geometry": {"type": "LineString", "coordinates": [[139.47061, 35.38412], [139.47083, 35.3834]]}, "properties": {"id": "GEOM_TOKYO_0512", "route_id": "R_3C82054B", "route_name": null, "route_color": "#2B78D0", "route_text_color": null, "line_name": "江ノ島線", "operator_id": "odakyu", "representation": "service_path", "min_zoom": 0, "max_zoom": 24, "offset_rank": 0}}, {"type": "Feature", "bbox": [139.46662, 35.38412, 139.47061, 35.39608], "geometry": {"type": "LineString", "coordinates": [[139.46662, 35.39608], [139.46685, 35.39541], [139.46747, 35.39351], [139.46768, 35.39288], [139.46775, 35.3927], [139.46807, 35.39173], [139.46861, 35.39016], [139.46916, 35.38836], [139.46979, 35.38658], [139.46984, 35.38643], [139.4699, 35.38627], [139.47016, 35.38546], [139.47061, 35.38412]]}, "properties": {"id": "GEOM_TOKYO_0513", "route_id": "R_3C82054B", "route_name": null, "route_color": "#2B78D0", "route_text_color": null, "line_name": "江ノ島線", "operator_id": "odakyu", "representation": "service_path", "min_zoom": 0, "max_zoom": 24, "offset_rank": 0}}, {"type": "Feature", "bbox": [139.46107, 35.46895, 139.46193, 35.47064], "geometry": {"type": "LineString", "coordinates": [[139.46193, 35.46895], [139.46153, 35.46972], [139.46135, 35.47007], [139.46107, 35.47064]]}, "properties": {"id": "GEOM_TOKYO_0514", "route_id": "R_3C82054B", "route_name": null, "route_color": "#2B78D0", "route_text_color": null, "line_name": "江ノ島線", "operator_id": "odakyu", "representation": "service_path", "min_zoom": 0, "max_zoom": 24, "offset_rank": 0}}, {"type": "Feature", "bbox": [139.46989, 35.3211, 139.47497, 35.33073], "geometry": {"type": "LineString", "coordinates": [[139.471, 35.3211], [139.47089, 35.32129], [139.47057, 35.32176], [139.47019, 35.32244], [139.47005, 35.32279], [139.46999, 35.32302], [139.46996, 35.32318], [139.46992, 35.32344], [139.46989, 35.32372], [139.46989, 35.32421], [139.46997, 35.32469], [139.47013, 35.32516], [139.47038, 35.32571], [139.47065, 35.32615], [139.47091, 35.32653], [139.47132, 35.327], [139.47147, 35.32716], [139.47213, 35.32783], [139.47314, 35.32886], [139.47497, 35.33073]]}, "properties": {"id": "GEOM_TOKYO_0515", "route_id": "R_3C82054B", "route_name": null, "route_color": "#2B78D0", "route_text_color": null, "line_name": "江ノ島線", "operator_id": "odakyu", "representation": "service_path", "min_zoom": 0, "max_zoom": 24, "offset_rank": 0}}, {"type": "Feature", "bbox": [139.43876, 35.51938, 139.43948, 35.52066], "geometry": {"type": "LineString", "coordinates": [[139.43948, 35.51938], [139.43902, 35.5202], [139.43884, 35.52053], [139.43876, 35.52066]]}, "properties": {"id": "GEOM_TOKYO_0516", "route_id": "R_3C82054B", "route_name": null, "route_color": "#2B78D0", "route_text_color": null, "line_name": "江ノ島線", "operator_id": "odakyu", "representation": "service_path", "min_zoom": 0, "max_zoom": 24, "offset_rank": 0}}, {"type": "Feature", "bbox": [139.43948, 35.50863, 139.44408, 35.51938], "geometry": {"type": "LineString", "coordinates": [[139.44408, 35.50863], [139.44401, 35.50981], [139.44394, 35.5105], [139.44389, 35.51084], [139.44381, 35.51113], [139.4437, 35.51145], [139.44355, 35.51183], [139.44314, 35.51259], [139.44268, 35.51345], [139.44155, 35.51552], [139.44062, 35.51721], [139.43948, 35.51938]]}, "properties": {"id": "GEOM_TOKYO_0517", "route_id": "R_3C82054B", "route_name": null, "route_color": "#2B78D0", "route_text_color": null, "line_name": "江ノ島線", "operator_id": "odakyu", "representation": "service_path", "min_zoom": 0, "max_zoom": 24, "offset_rank": 0}}, {"type": "Feature", "bbox": [139.4657, 35.45, 139.46578, 35.45106], "geometry": {"type": "LineString", "coordinates": [[139.4657, 35.45], [139.46578, 35.45106]]}, "properties": {"id": "GEOM_TOKYO_0518", "route_id": "R_3C82054B", "route_name": null, "route_color": "#2B78D0", "route_text_color": null, "line_name": "江ノ島線", "operator_id": "odakyu", "representation": "service_path", "min_zoom": 0, "max_zoom": 24, "offset_rank": 0}}, {"type": "Feature", "bbox": [139.47497, 35.33073, 139.47561, 35.33134], "geometry": {"type": "LineString", "coordinates": [[139.47561, 35.33134], [139.47497, 35.33073]]}, "properties": {"id": "GEOM_TOKYO_0519", "route_id": "R_3C82054B", "route_name": null, "route_color": "#2B78D0", "route_text_color": null, "line_name": "江ノ島線", "operator_id": "odakyu", "representation": "service_path", "min_zoom": 0, "max_zoom": 24, "offset_rank": 0}}, {"type": "Feature", "bbox": [139.44412, 35.49621, 139.44769, 35.50738], "geometry": {"type": "LineString", "coordinates": [[139.44769, 35.49621], [139.44703, 35.49752], [139.4461, 35.4993], [139.44543, 35.50059], [139.44516, 35.50107], [139.44472, 35.50187], [139.44445, 35.50258], [139.44431, 35.50298], [139.44426, 35.50325], [139.44425, 35.5036], [139.44419, 35.50419], [139.44417, 35.50461], [139.44416, 35.5054], [139.44412, 35.50738]]}, "properties": {"id": "GEOM_TOKYO_0520", "route_id": "R_3C82054B", "route_name": null, "route_color": "#2B78D0", "route_text_color": null, "line_name": "江ノ島線", "operator_id": "odakyu", "representation": "service_path", "min_zoom": 0, "max_zoom": 24, "offset_rank": 0}}, {"type": "Feature", "bbox": [139.471, 35.3204, 139.47144, 35.3211], "geometry": {"type": "LineString", "coordinates": [[139.47144, 35.3204], [139.471, 35.3211]]}, "properties": {"id": "GEOM_TOKYO_0521", "route_id": "R_3C82054B", "route_name": null, "route_color": "#2B78D0", "route_text_color": null, "line_name": "江ノ島線", "operator_id": "odakyu", "representation": "service_path", "min_zoom": 0, "max_zoom": 24, "offset_rank": 0}}, {"type": "Feature", "bbox": [139.4864, 35.33858, 139.48784, 35.33861], "geometry": {"type": "LineString", "coordinates": [[139.4864, 35.33858], [139.48784, 35.33861]]}, "properties": {"id": "GEOM_TOKYO_0522", "route_id": "R_3C82054B", "route_name": null, "route_color": "#2B78D0", "route_text_color": null, "line_name": "江ノ島線", "operator_id": "odakyu", "representation": "service_path", "min_zoom": 0, "max_zoom": 24, "offset_rank": 0}}, {"type": "Feature", "bbox": [139.47561, 35.33134, 139.48284, 35.33816], "geometry": {"type": "LineString", "coordinates": [[139.47561, 35.33134], [139.47681, 35.33259], [139.47788, 35.3337], [139.47941, 35.33527], [139.48046, 35.33637], [139.48072, 35.33661], [139.48118, 35.33704], [139.48178, 35.33754], [139.48205, 35.33773], [139.48233, 35.33791], [139.48256, 35.33804], [139.48284, 35.33816]]}, "properties": {"id": "GEOM_TOKYO_0523", "route_id": "R_3C82054B", "route_name": null, "route_color": "#2B78D0", "route_text_color": null, "line_name": "江ノ島線", "operator_id": "odakyu", "representation": "service_path", "min_zoom": 0, "max_zoom": 24, "offset_rank": 0}}, {"type": "Feature", "bbox": [139.46527, 35.4117, 139.46538, 35.4128], "geometry": {"type": "LineString", "coordinates": [[139.46538, 35.4128], [139.46527, 35.4117]]}, "properties": {"id": "GEOM_TOKYO_0524", "route_id": "R_3C82054B", "route_name": null, "route_color": "#2B78D0", "route_text_color": null, "line_name": "江ノ島線", "operator_id": "odakyu", "representation": "service_path", "min_zoom": 0, "max_zoom": 24, "offset_rank": 0}}, {"type": "Feature", "bbox": [139.47329, 35.34854, 139.47566, 35.36225], "geometry": {"type": "LineString", "coordinates": [[139.47329, 35.36225], [139.4734, 35.361], [139.47358, 35.3594], [139.47366, 35.35854], [139.47375, 35.35732], [139.47382, 35.35631], [139.47394, 35.35453], [139.47413, 35.35249], [139.47422, 35.35195], [139.47429, 35.35151], [139.4744, 35.35111], [139.47451, 35.35074], [139.47467, 35.3504], [139.47492, 35.34983], [139.47508, 35.34951], [139.47523, 35.34926], [139.47566, 35.34854]]}, "properties": {"id": "GEOM_TOKYO_0525", "route_id": "R_3C82054B", "route_name": null, "route_color": "#2B78D0", "route_text_color": null, "line_name": "江ノ島線", "operator_id": "odakyu", "representation": "service_path", "min_zoom": 0, "max_zoom": 24, "offset_rank": 0}}, {"type": "Feature", "bbox": [139.43698, 35.53111, 139.43879, 35.53329], "geometry": {"type": "LineString", "coordinates": [[139.43879, 35.53329], [139.43698, 35.53111]]}, "properties": {"id": "GEOM_TOKYO_0526", "route_id": "R_3C82054B", "route_name": null, "route_color": "#2B78D0", "route_text_color": null, "line_name": "江ノ島線", "operator_id": "odakyu", "representation": "service_path", "min_zoom": 0, "max_zoom": 24, "offset_rank": 0}}, {"type": "Feature", "bbox": [139.43474, 35.52606, 139.43698, 35.53111], "geometry": {"type": "LineString", "coordinates": [[139.43698, 35.53111], [139.43614, 35.53057], [139.43576, 35.53034], [139.43546, 35.53014], [139.43526, 35.53], [139.43512, 35.52985], [139.43499, 35.52966], [139.43487, 35.52931], [139.43476, 35.5289], [139.43474, 35.52879], [139.43474, 35.52869], [139.43474, 35.52847], [139.43476, 35.52822], [139.43481, 35.52798], [139.43487, 35.52783], [139.43498, 35.5276], [139.43511, 35.52737], [139.43548, 35.52668], [139.4358, 35.52606]]}, "properties": {"id": "GEOM_TOKYO_0527", "route_id": "R_3C82054B", "route_name": null, "route_color": "#2B78D0", "route_text_color": null, "line_name": "江ノ島線", "operator_id": "odakyu", "representation": "service_path", "min_zoom": 0, "max_zoom": 24, "offset_rank": 0}}, {"type": "Feature", "bbox": [139.44769, 35.49499, 139.44832, 35.49621], "geometry": {"type": "LineString", "coordinates": [[139.44832, 35.49499], [139.44769, 35.49621]]}, "properties": {"id": "GEOM_TOKYO_0528", "route_id": "R_3C82054B", "route_name": null, "route_color": "#2B78D0", "route_text_color": null, "line_name": "江ノ島線", "operator_id": "odakyu", "representation": "service_path", "min_zoom": 0, "max_zoom": 24, "offset_rank": 0}}, {"type": "Feature", "bbox": [139.46632, 35.39608, 139.46662, 35.39701], "geometry": {"type": "LineString", "coordinates": [[139.46632, 35.39701], [139.46662, 35.39608]]}, "properties": {"id": "GEOM_TOKYO_0529", "route_id": "R_3C82054B", "route_name": null, "route_color": "#2B78D0", "route_text_color": null, "line_name": "江ノ島線", "operator_id": "odakyu", "representation": "service_path", "min_zoom": 0, "max_zoom": 24, "offset_rank": 0}}, {"type": "Feature", "bbox": [139.47083, 35.36293, 139.47324, 35.3834], "geometry": {"type": "LineString", "coordinates": [[139.47083, 35.3834], [139.47121, 35.38235], [139.47124, 35.38228], [139.47179, 35.38061], [139.47224, 35.37913], [139.47261, 35.37808], [139.4727, 35.37771], [139.47278, 35.37705], [139.47283, 35.37635], [139.47286, 35.37471], [139.47287, 35.37349], [139.47289, 35.37209], [139.47289, 35.36799], [139.47293, 35.36653], [139.47309, 35.36448], [139.47312, 35.36423], [139.47324, 35.36293]]}, "properties": {"id": "GEOM_TOKYO_0530", "route_id": "R_3C82054B", "route_name": null, "route_color": "#2B78D0", "route_text_color": null, "line_name": "江ノ島線", "operator_id": "odakyu", "representation": "service_path", "min_zoom": 0, "max_zoom": 24, "offset_rank": 0}}, {"type": "Feature", "bbox": [139.51514, 35.60866, 139.51702, 35.60939], "geometry": {"type": "LineString", "coordinates": [[139.51514, 35.60866], [139.51702, 35.60939]]}, "properties": {"id": "GEOM_TOKYO_0555", "route_id": "R_71E9E9F5", "route_name": null, "route_color": "#2B78D0", "route_text_color": null, "line_name": "小田原線", "operator_id": "odakyu", "representation": "service_path", "min_zoom": 0, "max_zoom": 24, "offset_rank": 0}}, {"type": "Feature", "bbox": [139.46393, 35.56428, 139.48078, 35.5829], "geometry": {"type": "LineString", "coordinates": [[139.48078, 35.5829], [139.47983, 35.58266], [139.47901, 35.58243], [139.47865, 35.58229], [139.47831, 35.58215], [139.478, 35.582], [139.47761, 35.5818], [139.47734, 35.58166], [139.47718, 35.58154], [139.47686, 35.58126], [139.4764, 35.58087], [139.47628, 35.58075], [139.4762, 35.58067], [139.4761, 35.58056], [139.47588, 35.58033], [139.47569, 35.58005], [139.4752, 35.57923], [139.47424, 35.57766], [139.47335, 35.5762], [139.47333, 35.57617], [139.47286, 35.57544], [139.47234, 35.57466], [139.47209, 35.5743], [139.47168, 35.57379], [139.471, 35.573], [139.47078, 35.57274], [139.47027, 35.57213], [139.46993, 35.57171], [139.46962, 35.57129], [139.46904, 35.57036], [139.46881, 35.57], [139.4687, 35.56985], [139.46847, 35.56956], [139.46838, 35.56939], [139.46786, 35.56835], [139.46771, 35.56806], [139.46736, 35.56752], [139.46713, 35.5672], [139.46697, 35.56701], [139.46678, 35.56683], [139.46652, 35.56661], [139.46634, 35.56647], [139.46598, 35.56623], [139.46543, 35.56589], [139.4652, 35.56576], [139.46498, 35.56558], [139.46482, 35.56543], [139.46466, 35.56526], [139.46446, 35.56501], [139.46423, 35.5647], [139.46393, 35.56428]]}, "properties": {"id": "GEOM_TOKYO_0558", "route_id": "R_71E9E9F5", "route_name": null, "route_color": "#2B78D0", "route_text_color": null, "line_name": "小田原線", "operator_id": "odakyu", "representation": "service_path", "min_zoom": 0, "max_zoom": 24, "offset_rank": 0}}, {"type": "Feature", "bbox": [139.52902, 35.6145, 139.54065, 35.61482], "geometry": {"type": "LineString", "coordinates": [[139.52902, 35.61463], [139.52959, 35.6146], [139.53009, 35.61456], [139.53154, 35.6145], [139.53226, 35.6145], [139.53528, 35.61458], [139.538, 35.61463], [139.53931, 35.61467], [139.54065, 35.61482]]}, "properties": {"id": "GEOM_TOKYO_0560", "route_id": "R_71E9E9F5", "route_name": null, "route_color": "#2B78D0", "route_text_color": null, "line_name": "小田原線", "operator_id": "odakyu", "representation": "service_path", "min_zoom": 0, "max_zoom": 24, "offset_rank": 0}}, {"type": "Feature", "bbox": [139.49799, 35.59023, 139.50288, 35.60006], "geometry": {"type": "LineString", "coordinates": [[139.49799, 35.59023], [139.49815, 35.59052], [139.49888, 35.59189], [139.49933, 35.59268], [139.49983, 35.59367], [139.50006, 35.59424], [139.50034, 35.59553], [139.50049, 35.59619], [139.50064, 35.59677], [139.5008, 35.59725], [139.50112, 35.59791], [139.50143, 35.59841], [139.5017, 35.5988], [139.50182, 35.59896], [139.50196, 35.59916], [139.50203, 35.59924], [139.50217, 35.59939], [139.50246, 35.59967], [139.50288, 35.60006]]}, "properties": {"id": "GEOM_TOKYO_0561", "route_id": "R_71E9E9F5", "route_name": null, "route_color": "#2B78D0", "route_text_color": null, "line_name": "小田原線", "operator_id": "odakyu", "representation": "service_path", "min_zoom": 0, "max_zoom": 24, "offset_rank": 0}}, {"type": "Feature", "bbox": [139.54065, 35.61482, 139.54295, 35.61506], "geometry": {"type": "LineString", "coordinates": [[139.54065, 35.61482], [139.54295, 35.61506]]}, "properties": {"id": "GEOM_TOKYO_0562", "route_id": "R_71E9E9F5", "route_name": null, "route_color": "#2B78D0", "route_text_color": null, "line_name": "小田原線", "operator_id": "odakyu", "representation": "service_path", "min_zoom": 0, "max_zoom": 24, "offset_rank": 0}}, {"type": "Feature", "bbox": [139.52706, 35.61463, 139.52902, 35.61484], "geometry": {"type": "LineString", "coordinates": [[139.52706, 35.61484], [139.52902, 35.61463]]}, "properties": {"id": "GEOM_TOKYO_0564", "route_id": "R_71E9E9F5", "route_name": null, "route_color": "#2B78D0", "route_text_color": null, "line_name": "小田原線", "operator_id": "odakyu", "representation": "service_path", "min_zoom": 0, "max_zoom": 24, "offset_rank": 0}}, {"type": "Feature", "bbox": [139.44442, 35.54312, 139.44575, 35.54471], "geometry": {"type": "LineString", "coordinates": [[139.44575, 35.54471], [139.44499, 35.54386], [139.44485, 35.54369], [139.44442, 35.54312]]}, "properties": {"id": "GEOM_TOKYO_0568", "route_id": "R_71E9E9F5", "route_name": null, "route_color": "#2B78D0", "route_text_color": null, "line_name": "小田原線", "operator_id": "odakyu", "representation": "service_path", "min_zoom": 0, "max_zoom": 24, "offset_rank": 0}}, {"type": "Feature", "bbox": [139.51702, 35.60939, 139.52706, 35.61489], "geometry": {"type": "LineString", "coordinates": [[139.51702, 35.60939], [139.51791, 35.60977], [139.5192, 35.61039], [139.51983, 35.61077], [139.52042, 35.61122], [139.52091, 35.61168], [139.52123, 35.612], [139.52163, 35.61248], [139.52239, 35.61335], [139.52292, 35.61381], [139.52321, 35.61403], [139.5238, 35.61437], [139.52417, 35.61454], [139.52478, 35.61473], [139.52529, 35.61483], [139.52572, 35.61488], [139.52619, 35.61489], [139.52652, 35.61489], [139.52706, 35.61484]]}, "properties": {"id": "GEOM_TOKYO_0569", "route_id": "R_71E9E9F5", "route_name": null, "route_color": "#2B78D0", "route_text_color": null, "line_name": "小田原線", "operator_id": "odakyu", "representation": "service_path", "min_zoom": 0, "max_zoom": 24, "offset_rank": 0}}, {"type": "Feature", "bbox": [139.49711, 35.58891, 139.49799, 35.59023], "geometry": {"type": "LineString", "coordinates": [[139.49711, 35.58891], [139.49799, 35.59023]]}, "properties": {"id": "GEOM_TOKYO_0570", "route_id": "R_71E9E9F5", "route_name": null, "route_color": "#2B78D0", "route_text_color": null, "line_name": "小田原線", "operator_id": "odakyu", "representation": "service_path", "min_zoom": 0, "max_zoom": 24, "offset_rank": 0}}, {"type": "Feature", "bbox": [139.46295, 35.56274, 139.46393, 35.56428], "geometry": {"type": "LineString", "coordinates": [[139.46393, 35.56428], [139.46295, 35.56274]]}, "properties": {"id": "GEOM_TOKYO_0571", "route_id": "R_71E9E9F5", "route_name": null, "route_color": "#2B78D0", "route_text_color": null, "line_name": "小田原線", "operator_id": "odakyu", "representation": "service_path", "min_zoom": 0, "max_zoom": 24, "offset_rank": 0}}, {"type": "Feature", "bbox": [139.54295, 35.61506, 139.56355, 35.61683], "geometry": {"type": "LineString", "coordinates": [[139.54295, 35.61506], [139.54522, 35.61531], [139.54541, 35.61533], [139.54806, 35.61552], [139.5514, 35.61557], [139.55477, 35.61554], [139.55629, 35.61556], [139.5566, 35.61555], [139.55696, 35.61555], [139.55896, 35.61556], [139.55976, 35.6156], [139.56049, 35.61568], [139.56111, 35.61583], [139.56131, 35.61589], [139.56142, 35.61593], [139.56181, 35.61608], [139.56256, 35.61637], [139.56355, 35.61683]]}, "properties": {"id": "GEOM_TOKYO_0572", "route_id": "R_71E9E9F5", "route_name": null, "route_color": "#2B78D0", "route_text_color": null, "line_name": "小田原線", "operator_id": "odakyu", "representation": "service_path", "min_zoom": 0, "max_zoom": 24, "offset_rank": 0}}, {"type": "Feature", "bbox": [139.44575, 35.54471, 139.46295, 35.56274], "geometry": {"type": "LineString", "coordinates": [[139.46295, 35.56274], [139.46288, 35.56262], [139.46273, 35.56237], [139.46254, 35.56206], [139.46236, 35.56169], [139.46218, 35.56123], [139.46186, 35.56021], [139.46171, 35.5596], [139.46162, 35.55921], [139.46155, 35.5587], [139.4615, 35.55829], [139.46148, 35.55773], [139.46145, 35.55652], [139.4614, 35.55572], [139.46135, 35.55535], [139.4613, 35.55511], [139.46126, 35.55488], [139.46118, 35.55463], [139.46103, 35.55432], [139.46079, 35.55386], [139.46068, 35.55367], [139.46038, 35.5532], [139.46025, 35.553], [139.45991, 35.55249], [139.45964, 35.55216], [139.45929, 35.55184], [139.45882, 35.55149], [139.45837, 35.55118], [139.45785, 35.55091], [139.45735, 35.55069], [139.45712, 35.5506], [139.45686, 35.55054], [139.45656, 35.55049], [139.45554, 35.55034], [139.45415, 35.55016], [139.45405, 35.55015], [139.45337, 35.55008], [139.4529, 35.54997], [139.45235, 35.54982], [139.45198, 35.54969], [139.45172, 35.54957], [139.45143, 35.54944], [139.45072, 35.549], [139.44913, 35.54793], [139.44831, 35.54734], [139.44789, 35.54702], [139.44758, 35.54678], [139.44702, 35.54624], [139.4467, 35.54592], [139.44642, 35.54561], [139.44622, 35.54534], [139.44575, 35.54471]]}, "properties": {"id": "GEOM_TOKYO_0577", "route_id": "R_71E9E9F5", "route_name": null, "route_color": "#2B78D0", "route_text_color": null, "line_name": "小田原線", "operator_id": "odakyu", "representation": "service_path", "min_zoom": 0, "max_zoom": 24, "offset_rank": 0}}, {"type": "Feature", "bbox": [139.50828, 35.60435, 139.51514, 35.60866], "geometry": {"type": "LineString", "coordinates": [[139.50828, 35.60435], [139.50887, 35.60482], [139.50946, 35.60534], [139.50969, 35.60554], [139.50994, 35.60576], [139.51073, 35.60642], [139.51167, 35.60718], [139.51224, 35.60756], [139.51272, 35.60779], [139.51342, 35.60805], [139.51514, 35.60866]]}, "properties": {"id": "GEOM_TOKYO_0578", "route_id": "R_71E9E9F5", "route_name": null, "route_color": "#2B78D0", "route_text_color": null, "line_name": "小田原線", "operator_id": "odakyu", "representation": "service_path", "min_zoom": 0, "max_zoom": 24, "offset_rank": 0}}, {"type": "Feature", "bbox": [139.48287, 35.58332, 139.49711, 35.58891], "geometry": {"type": "LineString", "coordinates": [[139.48287, 35.58332], [139.48401, 35.58354], [139.48453, 35.58365], [139.4856, 35.58388], [139.48718, 35.58419], [139.48737, 35.58423], [139.48748, 35.58426], [139.48757, 35.58428], [139.48852, 35.5845], [139.49043, 35.58489], [139.49079, 35.58499], [139.49151, 35.58523], [139.49214, 35.58548], [139.49321, 35.58591], [139.49403, 35.58626], [139.49429, 35.5864], [139.49462, 35.58658], [139.49491, 35.58677], [139.49523, 35.58698], [139.49562, 35.58727], [139.49592, 35.58753], [139.49624, 35.58789], [139.49643, 35.58809], [139.4968, 35.58848], [139.49711, 35.58891]]}, "properties": {"id": "GEOM_TOKYO_0581", "route_id": "R_71E9E9F5", "route_name": null, "route_color": "#2B78D0", "route_text_color": null, "line_name": "小田原線", "operator_id": "odakyu", "representation": "service_path", "min_zoom": 0, "max_zoom": 24, "offset_rank": 0}}, {"type": "Feature", "bbox": [139.48078, 35.5829, 139.48287, 35.58332], "geometry": {"type": "LineString", "coordinates": [[139.48287, 35.58332], [139.48078, 35.5829]]}, "properties": {"id": "GEOM_TOKYO_0583", "route_id": "R_71E9E9F5", "route_name": null, "route_color": "#2B78D0", "route_text_color": null, "line_name": "小田原線", "operator_id": "odakyu", "representation": "service_path", "min_zoom": 0, "max_zoom": 24, "offset_rank": 0}}, {"type": "Feature", "bbox": [139.50288, 35.60006, 139.50667, 35.60306], "geometry": {"type": "LineString", "coordinates": [[139.50288, 35.60006], [139.50298, 35.60012], [139.50319, 35.6003], [139.50335, 35.60041], [139.50429, 35.60118], [139.50546, 35.6021], [139.50572, 35.60231], [139.50667, 35.60306]]}, "properties": {"id": "GEOM_TOKYO_0584", "route_id": "R_71E9E9F5", "route_name": null, "route_color": "#2B78D0", "route_text_color": null, "line_name": "小田原線", "operator_id": "odakyu", "representation": "service_path", "min_zoom": 0, "max_zoom": 24, "offset_rank": 0}}, {"type": "Feature", "bbox": [139.50667, 35.60306, 139.50828, 35.60435], "geometry": {"type": "LineString", "coordinates": [[139.50667, 35.60306], [139.50828, 35.60435]]}, "properties": {"id": "GEOM_TOKYO_0585", "route_id": "R_71E9E9F5", "route_name": null, "route_color": "#2B78D0", "route_text_color": null, "line_name": "小田原線", "operator_id": "odakyu", "representation": "service_path", "min_zoom": 0, "max_zoom": 24, "offset_rank": 0}}, {"type": "Feature", "bbox": [139.40909, 35.49995, 139.42242, 35.51486], "geometry": {"type": "LineString", "coordinates": [[139.42242, 35.51486], [139.42214, 35.51454], [139.42001, 35.51217], [139.41892, 35.51098], [139.41706, 35.5089], [139.41575, 35.50744], [139.41568, 35.50737], [139.41478, 35.50638], [139.41423, 35.50576], [139.41382, 35.50529], [139.41324, 35.50461], [139.4129, 35.50421], [139.41207, 35.50325], [139.4118, 35.50298], [139.4116, 35.50277], [139.41134, 35.50247], [139.41035, 35.50135], [139.40999, 35.50094], [139.40993, 35.50087], [139.40988, 35.50081], [139.40956, 35.50044], [139.40909, 35.49995]]}, "properties": {"id": "GEOM_TOKYO_0586", "route_id": "R_71E9E9F5", "route_name": null, "route_color": "#2B78D0", "route_text_color": null, "line_name": "小田原線", "operator_id": "odakyu", "representation": "service_path", "min_zoom": 0, "max_zoom": 24, "offset_rank": 0}}, {"type": "Feature", "bbox": [139.43879, 35.53329, 139.44442, 35.54312], "geometry": {"type": "LineString", "coordinates": [[139.44442, 35.54312], [139.44437, 35.54305], [139.44411, 35.54273], [139.44376, 35.54225], [139.44366, 35.54211], [139.44345, 35.54183], [139.4433, 35.54161], [139.44314, 35.54129], [139.44294, 35.54063], [139.44269, 35.53961], [139.4424, 35.53843], [139.44224, 35.53785], [139.4421, 35.53748], [139.44191, 35.53709], [139.44175, 35.53671], [139.44163, 35.53656], [139.44111, 35.53596], [139.44031, 35.53505], [139.44012, 35.53483], [139.43957, 35.53419], [139.43879, 35.53329]]}, "properties": {"id": "GEOM_TOKYO_0587", "route_id": "R_71E9E9F5", "route_name": null, "route_color": "#2B78D0", "route_text_color": null, "line_name": "小田原線", "operator_id": "odakyu", "representation": "service_path", "min_zoom": 0, "max_zoom": 24, "offset_rank": 0}}, {"type": "Feature", "bbox": [139.39182, 35.45355, 139.4, 35.48025], "geometry": {"type": "LineString", "coordinates": [[139.39991, 35.48025], [139.39991, 35.48013], [139.39992, 35.47995], [139.39992, 35.4796], [139.39996, 35.47893], [139.39999, 35.47837], [139.4, 35.478], [139.4, 35.47763], [139.4, 35.47744], [139.39996, 35.47696], [139.39991, 35.47613], [139.39981, 35.47515], [139.39976, 35.4745], [139.3997, 35.47386], [139.39969, 35.47373], [139.39968, 35.47364], [139.39967, 35.47353], [139.39963, 35.47308], [139.39956, 35.47234], [139.39951, 35.47155], [139.3995, 35.47146], [139.3995, 35.4714], [139.39945, 35.47096], [139.39937, 35.47014], [139.39929, 35.4691], [139.39922, 35.46825], [139.39921, 35.46807], [139.3992, 35.46799], [139.39914, 35.4673], [139.39911, 35.46693], [139.3991, 35.46682], [139.39898, 35.46531], [139.39897, 35.46525], [139.39896, 35.46514], [139.39889, 35.46424], [139.39886, 35.46393], [139.39883, 35.46359], [139.39882, 35.46347], [139.3988, 35.46318], [139.39877, 35.46283], [139.39872, 35.4625], [139.39866, 35.46226], [139.39859, 35.46206], [139.39854, 35.46194], [139.39847, 35.46177], [139.39838, 35.46162], [139.39837, 35.46161], [139.39834, 35.46154], [139.39829, 35.46145], [139.39823, 35.46135], [139.39784, 35.46072], [139.39757, 35.4603], [139.39752, 35.46022], [139.39738, 35.46], [139.39702, 35.45945], [139.39667, 35.45889], [139.39607, 35.45796], [139.39582, 35.45754], [139.39561, 35.45718], [139.39545, 35.45694], [139.39526, 35.45666], [139.39514, 35.45651], [139.39506, 35.4564], [139.39489, 35.4562], [139.3948, 35.45609], [139.39466, 35.45592], [139.39421, 35.45548], [139.3935, 35.45486], [139.39267, 35.45421], [139.39182, 35.45355]]}, "properties": {"id": "GEOM_TOKYO_0588", "route_id": "R_71E9E9F5", "route_name": null, "route_color": "#2B78D0", "route_text_color": null, "line_name": "小田原線", "operator_id": "odakyu", "representation": "service_path", "min_zoom": 0, "max_zoom": 24, "offset_rank": 0}}, {"type": "Feature", "bbox": [139.3652, 35.43986, 139.37752, 35.44297], "geometry": {"type": "LineString", "coordinates": [[139.3652, 35.43986], [139.36588, 35.44029], [139.36608, 35.44039], [139.36612, 35.44041], [139.36625, 35.44047], [139.36669, 35.44065], [139.36728, 35.44081], [139.36738, 35.44084], [139.36765, 35.4409], [139.36803, 35.44099], [139.36861, 35.44113], [139.36882, 35.44119], [139.36892, 35.44121], [139.36979, 35.44141], [139.37008, 35.44148], [139.37027, 35.44152], [139.37036, 35.44153], [139.37056, 35.44157], [139.37078, 35.44161], [139.37098, 35.44165], [139.3711, 35.44167], [139.37111, 35.44168], [139.37163, 35.44178], [139.37168, 35.44179], [139.37181, 35.44182], [139.37252, 35.44197], [139.37431, 35.44233], [139.37578, 35.44263], [139.37637, 35.44275], [139.37718, 35.44291], [139.37752, 35.44297]]}, "properties": {"id": "GEOM_TOKYO_0589", "route_id": "R_71E9E9F5", "route_name": null, "route_color": "#2B78D0", "route_text_color": null, "line_name": "小田原線", "operator_id": "odakyu", "representation": "service_path", "min_zoom": 0, "max_zoom": 24, "offset_rank": 0}}, {"type": "Feature", "bbox": [139.42242, 35.51486, 139.42363, 35.51625], "geometry": {"type": "LineString", "coordinates": [[139.42363, 35.51625], [139.42242, 35.51486]]}, "properties": {"id": "GEOM_TOKYO_0590", "route_id": "R_71E9E9F5", "route_name": null, "route_color": "#2B78D0", "route_text_color": null, "line_name": "小田原線", "operator_id": "odakyu", "representation": "service_path", "min_zoom": 0, "max_zoom": 24, "offset_rank": 0}}, {"type": "Feature", "bbox": [139.36355, 35.43856, 139.3652, 35.43986], "geometry": {"type": "LineString", "coordinates": [[139.36355, 35.43856], [139.3652, 35.43986]]}, "properties": {"id": "GEOM_TOKYO_0591", "route_id": "R_71E9E9F5", "route_name": null, "route_color": "#2B78D0", "route_text_color": null, "line_name": "小田原線", "operator_id": "odakyu", "representation": "service_path", "min_zoom": 0, "max_zoom": 24, "offset_rank": 0}}, {"type": "Feature", "bbox": [139.37752, 35.44297, 139.3783, 35.44316], "geometry": {"type": "LineString", "coordinates": [[139.37752, 35.44297], [139.37807, 35.4431], [139.3783, 35.44316]]}, "properties": {"id": "GEOM_TOKYO_0592", "route_id": "R_71E9E9F5", "route_name": null, "route_color": "#2B78D0", "route_text_color": null, "line_name": "小田原線", "operator_id": "odakyu", "representation": "service_path", "min_zoom": 0, "max_zoom": 24, "offset_rank": 0}}, {"type": "Feature", "bbox": [139.42363, 35.51625, 139.43698, 35.53111], "geometry": {"type": "LineString", "coordinates": [[139.43698, 35.53111], [139.43569, 35.52987], [139.43461, 35.52864], [139.43401, 35.52799], [139.43159, 35.52526], [139.43011, 35.52357], [139.42933, 35.52268], [139.42853, 35.5218], [139.42678, 35.51984], [139.42497, 35.51781], [139.42363, 35.51625]]}, "properties": {"id": "GEOM_TOKYO_0593", "route_id": "R_71E9E9F5", "route_name": null, "route_color": "#2B78D0", "route_text_color": null, "line_name": "小田原線", "operator_id": "odakyu", "representation": "service_path", "min_zoom": 0, "max_zoom": 24, "offset_rank": 0}}, {"type": "Feature", "bbox": [139.39978, 35.48173, 139.408, 35.49877], "geometry": {"type": "LineString", "coordinates": [[139.408, 35.49877], [139.40766, 35.4984], [139.40761, 35.49835], [139.40756, 35.49829], [139.40744, 35.49814], [139.40741, 35.49809], [139.40702, 35.49761], [139.4068, 35.49734], [139.40581, 35.49617], [139.40553, 35.49583], [139.40539, 35.49567], [139.40487, 35.49504], [139.40413, 35.49416], [139.40348, 35.49338], [139.40325, 35.4931], [139.40313, 35.49295], [139.40278, 35.49252], [139.40247, 35.49215], [139.40215, 35.49176], [139.40153, 35.49098], [139.40096, 35.49024], [139.4005, 35.48962], [139.40035, 35.48939], [139.40025, 35.48914], [139.40009, 35.48876], [139.40002, 35.48853], [139.39999, 35.48839], [139.39991, 35.48801], [139.39987, 35.4878], [139.39983, 35.48741], [139.39981, 35.48729], [139.3998, 35.48721], [139.39979, 35.48705], [139.39979, 35.48666], [139.39978, 35.48579], [139.39979, 35.48487], [139.3998, 35.48419], [139.3998, 35.48402], [139.3998, 35.48388], [139.39983, 35.48272], [139.39986, 35.48173]]}, "properties": {"id": "GEOM_TOKYO_0594", "route_id": "R_71E9E9F5", "route_name": null, "route_color": "#2B78D0", "route_text_color": null, "line_name": "小田原線", "operator_id": "odakyu", "representation": "service_path", "min_zoom": 0, "max_zoom": 24, "offset_rank": 0}}, {"type": "Feature", "bbox": [139.408, 35.49877, 139.40909, 35.49995], "geometry": {"type": "LineString", "coordinates": [[139.40909, 35.49995], [139.408, 35.49877]]}, "properties": {"id": "GEOM_TOKYO_0595", "route_id": "R_71E9E9F5", "route_name": null, "route_color": "#2B78D0", "route_text_color": null, "line_name": "小田原線", "operator_id": "odakyu", "representation": "service_path", "min_zoom": 0, "max_zoom": 24, "offset_rank": 0}}, {"type": "Feature", "bbox": [139.39986, 35.48025, 139.39991, 35.48173], "geometry": {"type": "LineString", "coordinates": [[139.39986, 35.48173], [139.39991, 35.48025]]}, "properties": {"id": "GEOM_TOKYO_0596", "route_id": "R_71E9E9F5", "route_name": null, "route_color": "#2B78D0", "route_text_color": null, "line_name": "小田原線", "operator_id": "odakyu", "representation": "service_path", "min_zoom": 0, "max_zoom": 24, "offset_rank": 0}}, {"type": "Feature", "bbox": [139.3783, 35.44316, 139.3901, 35.45212], "geometry": {"type": "LineString", "coordinates": [[139.3901, 35.45212], [139.38967, 35.45178], [139.38904, 35.45126], [139.38879, 35.45105], [139.38765, 35.4501], [139.38688, 35.44946], [139.38637, 35.44904], [139.38619, 35.44888], [139.38595, 35.44867], [139.38544, 35.44828], [139.38529, 35.44814], [139.38457, 35.44753], [139.38398, 35.44707], [139.38275, 35.44601], [139.38217, 35.44555], [139.38159, 35.44509], [139.38107, 35.44467], [139.38095, 35.44458], [139.38065, 35.44434], [139.38032, 35.4441], [139.37988, 35.44384], [139.37938, 35.44356], [139.37916, 35.44347], [139.3791, 35.44344], [139.37897, 35.4434], [139.37881, 35.44333], [139.37872, 35.4433], [139.37864, 35.44327], [139.37857, 35.44324], [139.37854, 35.44323], [139.37846, 35.44321], [139.3783, 35.44316]]}, "properties": {"id": "GEOM_TOKYO_0597", "route_id": "R_71E9E9F5", "route_name": null, "route_color": "#2B78D0", "route_text_color": null, "line_name": "小田原線", "operator_id": "odakyu", "representation": "service_path", "min_zoom": 0, "max_zoom": 24, "offset_rank": 0}}, {"type": "Feature", "bbox": [139.3901, 35.45212, 139.39182, 35.45355], "geometry": {"type": "LineString", "coordinates": [[139.39182, 35.45355], [139.39127, 35.45309], [139.3912, 35.45303], [139.3901, 35.45212]]}, "properties": {"id": "GEOM_TOKYO_0598", "route_id": "R_71E9E9F5", "route_name": null, "route_color": "#2B78D0", "route_text_color": null, "line_name": "小田原線", "operator_id": "odakyu", "representation": "service_path", "min_zoom": 0, "max_zoom": 24, "offset_rank": 0}}, {"type": "Feature", "bbox": [139.15154, 35.28467, 139.15237, 35.28547], "geometry": {"type": "LineString", "coordinates": [[139.15154, 35.28547], [139.15237, 35.28467]]}, "properties": {"id": "GEOM_TOKYO_0599", "route_id": "R_71E9E9F5", "route_name": null, "route_color": "#2B78D0", "route_text_color": null, "line_name": "小田原線", "operator_id": "odakyu", "representation": "service_path", "min_zoom": 0, "max_zoom": 24, "offset_rank": 0}}, {"type": "Feature", "bbox": [139.27063, 35.37266, 139.27125, 35.37317], "geometry": {"type": "LineString", "coordinates": [[139.27125, 35.37317], [139.27063, 35.37266]]}, "properties": {"id": "GEOM_TOKYO_0600", "route_id": "R_71E9E9F5", "route_name": null, "route_color": "#2B78D0", "route_text_color": null, "line_name": "小田原線", "operator_id": "odakyu", "representation": "service_path", "min_zoom": 0, "max_zoom": 24, "offset_rank": 0}}, {"type": "Feature", "bbox": [139.18339, 35.3739, 139.1856, 35.37419], "geometry": {"type": "LineString", "coordinates": [[139.1856, 35.3739], [139.18499, 35.37401], [139.18421, 35.37412], [139.18339, 35.37419]]}, "properties": {"id": "GEOM_TOKYO_0601", "route_id": "R_71E9E9F5", "route_name": null, "route_color": "#2B78D0", "route_text_color": null, "line_name": "小田原線", "operator_id": "odakyu", "representation": "service_path", "min_zoom": 0, "max_zoom": 24, "offset_rank": 0}}, {"type": "Feature", "bbox": [139.2779, 35.38099, 139.3132, 35.3958], "geometry": {"type": "LineString", "coordinates": [[139.2779, 35.38099], [139.27853, 35.38125], [139.27878, 35.38135], [139.27908, 35.38148], [139.28019, 35.38194], [139.28038, 35.382], [139.28071, 35.38214], [139.2814, 35.38242], [139.28252, 35.38289], [139.28289, 35.38304], [139.28331, 35.3832], [139.28349, 35.38328], [139.2836, 35.38333], [139.28371, 35.38336], [139.28374, 35.38338], [139.28409, 35.3835], [139.2845, 35.38365], [139.2848, 35.38376], [139.28503, 35.38384], [139.28505, 35.38386], [139.28509, 35.38386], [139.28545, 35.38399], [139.28582, 35.38413], [139.28658, 35.3844], [139.28745, 35.38471], [139.28809, 35.38495], [139.28832, 35.38503], [139.28999, 35.38563], [139.2903, 35.38573], [139.29071, 35.38588], [139.29094, 35.38597], [139.29214, 35.38639], [139.2923, 35.38646], [139.29249, 35.38652], [139.29348, 35.38687], [139.29389, 35.38702], [139.29458, 35.38725], [139.29489, 35.38737], [139.29545, 35.38756], [139.29584, 35.3877], [139.29594, 35.38774], [139.29614, 35.3878], [139.29658, 35.38796], [139.29697, 35.3881], [139.29753, 35.38831], [139.29805, 35.38853], [139.29816, 35.38857], [139.29854, 35.38874], [139.29887, 35.38888], [139.29939, 35.38911], [139.29978, 35.3893], [139.30023, 35.38951], [139.30045, 35.38963], [139.30099, 35.38988], [139.3012, 35.38999], [139.30186, 35.39031], [139.30289, 35.39081], [139.30327, 35.39098], [139.30347, 35.39109], [139.30421, 35.39145], [139.3046, 35.39163], [139.30544, 35.39204], [139.30579, 35.39221], [139.30701, 35.3928], [139.30796, 35.39328], [139.30841, 35.39348], [139.30914, 35.39383], [139.30946, 35.394], [139.30989, 35.39421], [139.31017, 35.39434], [139.31062, 35.39455], [139.31119, 35.39483], [139.31214, 35.39528], [139.3125, 35.39546], [139.3132, 35.3958]]}, "properties": {"id": "GEOM_TOKYO_0602", "route_id": "R_71E9E9F5", "route_name": null, "route_color": "#2B78D0", "route_text_color": null, "line_name": "小田原線", "operator_id": "odakyu", "representation": "service_path", "min_zoom": 0, "max_zoom": 24, "offset_rank": 0}}, {"type": "Feature", "bbox": [139.13063, 35.33758, 139.13598, 35.34304], "geometry": {"type": "LineString", "coordinates": [[139.13063, 35.33758], [139.13076, 35.33806], [139.13097, 35.33867], [139.13114, 35.33907], [139.13128, 35.3393], [139.13142, 35.33952], [139.13166, 35.33979], [139.13174, 35.33989], [139.13206, 35.34016], [139.13227, 35.34032], [139.1329, 35.34078], [139.13384, 35.34147], [139.13405, 35.34162], [139.13496, 35.34227], [139.13537, 35.34259], [139.13598, 35.34304]]}, "properties": {"id": "GEOM_TOKYO_0603", "route_id": "R_71E9E9F5", "route_name": null, "route_color": "#2B78D0", "route_text_color": null, "line_name": "小田原線", "operator_id": "odakyu", "representation": "service_path", "min_zoom": 0, "max_zoom": 24, "offset_rank": 0}}, {"type": "Feature", "bbox": [139.14491, 35.29614, 139.14541, 35.2974], "geometry": {"type": "LineString", "coordinates": [[139.14491, 35.2974], [139.14541, 35.29614]]}, "properties": {"id": "GEOM_TOKYO_0604", "route_id": "R_71E9E9F5", "route_name": null, "route_color": "#2B78D0", "route_text_color": null, "line_name": "小田原線", "operator_id": "odakyu", "representation": "service_path", "min_zoom": 0, "max_zoom": 24, "offset_rank": 0}}, {"type": "Feature", "bbox": [139.3132, 35.3958, 139.31439, 35.39638], "geometry": {"type": "LineString", "coordinates": [[139.31439, 35.39638], [139.3132, 35.3958]]}, "properties": {"id": "GEOM_TOKYO_0605", "route_id": "R_71E9E9F5", "route_name": null, "route_color": "#2B78D0", "route_text_color": null, "line_name": "小田原線", "operator_id": "odakyu", "representation": "service_path", "min_zoom": 0, "max_zoom": 24, "offset_rank": 0}}, {"type": "Feature", "bbox": [139.13567, 35.32618, 139.13595, 35.32681], "geometry": {"type": "LineString", "coordinates": [[139.13567, 35.32681], [139.13595, 35.32618]]}, "properties": {"id": "GEOM_TOKYO_0606", "route_id": "R_71E9E9F5", "route_name": null, "route_color": "#2B78D0", "route_text_color": null, "line_name": "小田原線", "operator_id": "odakyu", "representation": "service_path", "min_zoom": 0, "max_zoom": 24, "offset_rank": 0}}, {"type": "Feature", "bbox": [139.34465, 35.41817, 139.36355, 35.43856], "geometry": {"type": "LineString", "coordinates": [[139.34465, 35.41817], [139.34518, 35.41858], [139.34545, 35.41879], [139.34558, 35.4189], [139.34646, 35.41959], [139.34699, 35.41993], [139.34739, 35.42025], [139.3476, 35.42041], [139.34782, 35.42059], [139.34855, 35.42117], [139.34864, 35.42124], [139.3495, 35.42189], [139.3499, 35.42222], [139.35022, 35.42252], [139.35037, 35.4227], [139.35052, 35.42292], [139.35103, 35.42374], [139.35132, 35.4242], [139.35144, 35.42439], [139.35151, 35.4245], [139.35194, 35.42521], [139.35287, 35.42663], [139.35289, 35.42666], [139.35321, 35.42719], [139.35391, 35.42833], [139.35415, 35.4287], [139.35435, 35.42908], [139.35445, 35.42922], [139.35453, 35.42933], [139.35473, 35.42961], [139.35499, 35.42994], [139.35542, 35.43036], [139.35664, 35.43156], [139.35719, 35.4322], [139.35776, 35.43279], [139.35816, 35.4332], [139.35826, 35.4333], [139.3585, 35.43354], [139.35904, 35.43408], [139.35918, 35.43423], [139.35944, 35.4345], [139.35979, 35.43487], [139.35993, 35.43502], [139.36015, 35.43524], [139.36141, 35.43655], [139.36221, 35.43739], [139.36243, 35.43759], [139.36277, 35.43795], [139.36279, 35.43795], [139.36292, 35.43807], [139.36347, 35.4385], [139.36355, 35.43856]]}, "properties": {"id": "GEOM_TOKYO_0607", "route_id": "R_71E9E9F5", "route_name": null, "route_color": "#2B78D0", "route_text_color": null, "line_name": "小田原線", "operator_id": "odakyu", "representation": "service_path", "min_zoom": 0, "max_zoom": 24, "offset_rank": 0}}, {"type": "Feature", "bbox": [139.15237, 35.27212, 139.15528, 35.28467], "geometry": {"type": "LineString", "coordinates": [[139.15237, 35.28467], [139.15391, 35.28325], [139.15456, 35.28261], [139.15487, 35.28223], [139.15509, 35.28179], [139.1552, 35.28139], [139.15528, 35.28082], [139.15525, 35.28018], [139.15513, 35.27921], [139.15488, 35.27732], [139.15476, 35.27653], [139.15471, 35.2762], [139.15466, 35.27581], [139.15462, 35.27556], [139.15457, 35.27518], [139.15441, 35.27404], [139.15441, 35.27287], [139.15443, 35.27261], [139.15447, 35.27212]]}, "properties": {"id": "GEOM_TOKYO_0608", "route_id": "R_71E9E9F5", "route_name": null, "route_color": "#2B78D0", "route_text_color": null, "line_name": "小田原線", "operator_id": "odakyu", "representation": "service_path", "min_zoom": 0, "max_zoom": 24, "offset_rank": 0}}, {"type": "Feature", "bbox": [139.13063, 35.32681, 139.13567, 35.33758], "geometry": {"type": "LineString", "coordinates": [[139.13063, 35.33758], [139.13065, 35.33743], [139.13075, 35.33713], [139.13099, 35.3366], [139.13167, 35.33522], [139.13198, 35.3346], [139.13392, 35.33052], [139.13567, 35.32681]]}, "properties": {"id": "GEOM_TOKYO_0609", "route_id": "R_71E9E9F5", "route_name": null, "route_color": "#2B78D0", "route_text_color": null, "line_name": "小田原線", "operator_id": "odakyu", "representation": "service_path", "min_zoom": 0, "max_zoom": 24, "offset_rank": 0}}, {"type": "Feature", "bbox": [139.27666, 35.38026, 139.2779, 35.38099], "geometry": {"type": "LineString", "coordinates": [[139.2779, 35.38099], [139.27723, 35.38062], [139.27675, 35.38034], [139.27666, 35.38026]]}, "properties": {"id": "GEOM_TOKYO_0610", "route_id": "R_71E9E9F5", "route_name": null, "route_color": "#2B78D0", "route_text_color": null, "line_name": "小田原線", "operator_id": "odakyu", "representation": "service_path", "min_zoom": 0, "max_zoom": 24, "offset_rank": 0}}, {"type": "Feature", "bbox": [139.27125, 35.37317, 139.27666, 35.38026], "geometry": {"type": "LineString", "coordinates": [[139.27125, 35.37317], [139.27136, 35.37327], [139.27169, 35.37363], [139.27205, 35.37405], [139.27244, 35.37459], [139.27312, 35.37553], [139.2733, 35.37577], [139.27365, 35.37625], [139.2737, 35.37633], [139.27383, 35.3765], [139.27388, 35.37658], [139.27393, 35.37664], [139.27429, 35.37714], [139.27447, 35.37738], [139.2746, 35.37756], [139.27621, 35.37976], [139.27641, 35.37999], [139.27657, 35.38015], [139.27666, 35.38026]]}, "properties": {"id": "GEOM_TOKYO_0611", "route_id": "R_71E9E9F5", "route_name": null, "route_color": "#2B78D0", "route_text_color": null, "line_name": "小田原線", "operator_id": "odakyu", "representation": "service_path", "min_zoom": 0, "max_zoom": 24, "offset_rank": 0}}, {"type": "Feature", "bbox": [139.22531, 35.36956, 139.22685, 35.37058], "geometry": {"type": "LineString", "coordinates": [[139.22685, 35.36956], [139.22531, 35.37058]]}, "properties": {"id": "GEOM_TOKYO_0612", "route_id": "R_71E9E9F5", "route_name": null, "route_color": "#2B78D0", "route_text_color": null, "line_name": "小田原線", "operator_id": "odakyu", "representation": "service_path", "min_zoom": 0, "max_zoom": 24, "offset_rank": 0}}, {"type": "Feature", "bbox": [139.13595, 35.31096, 139.14252, 35.32618], "geometry": {"type": "LineString", "coordinates": [[139.13595, 35.32618], [139.13681, 35.32441], [139.13777, 35.32234], [139.13822, 35.32137], [139.1391, 35.31951], [139.13968, 35.31828], [139.14117, 35.31516], [139.14163, 35.3142], [139.14196, 35.31332], [139.14227, 35.31229], [139.14252, 35.31096]]}, "properties": {"id": "GEOM_TOKYO_0613", "route_id": "R_71E9E9F5", "route_name": null, "route_color": "#2B78D0", "route_text_color": null, "line_name": "小田原線", "operator_id": "odakyu", "representation": "service_path", "min_zoom": 0, "max_zoom": 24, "offset_rank": 0}}, {"type": "Feature", "bbox": [139.31439, 35.39638, 139.34366, 35.41737], "geometry": {"type": "LineString", "coordinates": [[139.31439, 35.39638], [139.31502, 35.39671], [139.31538, 35.39689], [139.31574, 35.39706], [139.31755, 35.39796], [139.31806, 35.39822], [139.31828, 35.39835], [139.31861, 35.39857], [139.31898, 35.3988], [139.3191, 35.39889], [139.32054, 35.39988], [139.3211, 35.40027], [139.32195, 35.40084], [139.32246, 35.4012], [139.32384, 35.40216], [139.32514, 35.40304], [139.3254, 35.40322], [139.3267, 35.4041], [139.32757, 35.4047], [139.32793, 35.40495], [139.32825, 35.40516], [139.32864, 35.40543], [139.32995, 35.40633], [139.33056, 35.40674], [139.33068, 35.40682], [139.33183, 35.40761], [139.33191, 35.40767], [139.33198, 35.40772], [139.33228, 35.40792], [139.33236, 35.40798], [139.33339, 35.40866], [139.33423, 35.40925], [139.33447, 35.40945], [139.33465, 35.40962], [139.335, 35.41], [139.3357, 35.41092], [139.33576, 35.41099], [139.33606, 35.4114], [139.33611, 35.41145], [139.33625, 35.41165], [139.33626, 35.41165], [139.33664, 35.41213], [139.33691, 35.41244], [139.33743, 35.41293], [139.33768, 35.41313], [139.33806, 35.41341], [139.33909, 35.41406], [139.33927, 35.41416], [139.34013, 35.41471], [139.34119, 35.41545], [139.34175, 35.41585], [139.34241, 35.41635], [139.34356, 35.4173], [139.34366, 35.41737]]}, "properties": {"id": "GEOM_TOKYO_0614", "route_id": "R_71E9E9F5", "route_name": null, "route_color": "#2B78D0", "route_text_color": null, "line_name": "小田原線", "operator_id": "odakyu", "representation": "service_path", "min_zoom": 0, "max_zoom": 24, "offset_rank": 0}}, {"type": "Feature", "bbox": [139.14541, 35.28547, 139.15154, 35.29614], "geometry": {"type": "LineString", "coordinates": [[139.14541, 35.29614], [139.14633, 35.29388], [139.14654, 35.29336], [139.14783, 35.29012], [139.14805, 35.2896], [139.1486, 35.2886], [139.14896, 35.28806], [139.14947, 35.28739], [139.14978, 35.28706], [139.15022, 35.28666], [139.15104, 35.28589], [139.15154, 35.28547]]}, "properties": {"id": "GEOM_TOKYO_0615", "route_id": "R_71E9E9F5", "route_name": null, "route_color": "#2B78D0", "route_text_color": null, "line_name": "小田原線", "operator_id": "odakyu", "representation": "service_path", "min_zoom": 0, "max_zoom": 24, "offset_rank": 0}}, {"type": "Feature", "bbox": [139.14122, 35.34537, 139.18339, 35.37547], "geometry": {"type": "LineString", "coordinates": [[139.18339, 35.37419], [139.17899, 35.37429], [139.17622, 35.37437], [139.17403, 35.37478], [139.17095, 35.37547], [139.17027, 35.37547], [139.17002, 35.37542], [139.16977, 35.37537], [139.16938, 35.37522], [139.1693, 35.3752], [139.1688, 35.37492], [139.16766, 35.37416], [139.16652, 35.3734], [139.16599, 35.37302], [139.16557, 35.37263], [139.16501, 35.37206], [139.16389, 35.37087], [139.16363, 35.37057], [139.16342, 35.37027], [139.16319, 35.36984], [139.16309, 35.36949], [139.16303, 35.36931], [139.1629, 35.36879], [139.1628, 35.3681], [139.16277, 35.36781], [139.16269, 35.36717], [139.16269, 35.36712], [139.16264, 35.36684], [139.16262, 35.36677], [139.16254, 35.36645], [139.16236, 35.3661], [139.16217, 35.36581], [139.16189, 35.36555], [139.16154, 35.36529], [139.16077, 35.36483], [139.16022, 35.36448], [139.16006, 35.36437], [139.15991, 35.36427], [139.15958, 35.36399], [139.15935, 35.36376], [139.15917, 35.36347], [139.159, 35.36315], [139.15887, 35.36271], [139.15881, 35.36231], [139.15879, 35.3619], [139.15887, 35.36154], [139.15904, 35.36117], [139.15947, 35.36044], [139.15965, 35.36016], [139.1599, 35.35966], [139.16004, 35.35923], [139.16012, 35.35889], [139.16018, 35.35853], [139.1602, 35.35814], [139.16014, 35.35778], [139.15996, 35.35737], [139.15954, 35.35689], [139.15918, 35.35648], [139.15861, 35.35582], [139.15829, 35.35553], [139.15786, 35.35521], [139.15739, 35.35491], [139.15676, 35.3545], [139.156, 35.35403], [139.15566, 35.35376], [139.15532, 35.35347], [139.15513, 35.35324], [139.15453, 35.35234], [139.15395, 35.35142], [139.15347, 35.35067], [139.15324, 35.35037], [139.15307, 35.35014], [139.15274, 35.34979], [139.15201, 35.34918], [139.15059, 35.34795], [139.15013, 35.34756], [139.1495, 35.34715], [139.14921, 35.34699], [139.14883, 35.34681], [139.14837, 35.34663], [139.14808, 35.34655], [139.14779, 35.3465], [139.14722, 35.34646], [139.14646, 35.34645], [139.14615, 35.34645], [139.14596, 35.34643], [139.14569, 35.34641], [139.14566, 35.34641], [139.14477, 35.34634], [139.14403, 35.34622], [139.14329, 35.34608], [139.14257, 35.34588], [139.142, 35.34567], [139.14138, 35.3454], [139.14122, 35.34537]]}, "properties": {"id": "GEOM_TOKYO_0616", "route_id": "R_71E9E9F5", "route_name": null, "route_color": "#2B78D0", "route_text_color": null, "line_name": "小田原線", "operator_id": "odakyu", "representation": "service_path", "min_zoom": 0, "max_zoom": 24, "offset_rank": 0}}, {"type": "Feature", "bbox": [139.13598, 35.34304, 139.13878, 35.34432], "geometry": {"type": "LineString", "coordinates": [[139.13598, 35.34304], [139.13616, 35.34313], [139.13695, 35.34352], [139.13722, 35.34365], [139.13878, 35.34432]]}, "properties": {"id": "GEOM_TOKYO_0617", "route_id": "R_71E9E9F5", "route_name": null, "route_color": "#2B78D0", "route_text_color": null, "line_name": "小田原線", "operator_id": "odakyu", "representation": "service_path", "min_zoom": 0, "max_zoom": 24, "offset_rank": 0}}, {"type": "Feature", "bbox": [139.14252, 35.31034, 139.14263, 35.31096], "geometry": {"type": "LineString", "coordinates": [[139.14252, 35.31096], [139.14263, 35.31034]]}, "properties": {"id": "GEOM_TOKYO_0618", "route_id": "R_71E9E9F5", "route_name": null, "route_color": "#2B78D0", "route_text_color": null, "line_name": "小田原線", "operator_id": "odakyu", "representation": "service_path", "min_zoom": 0, "max_zoom": 24, "offset_rank": 0}}, {"type": "Feature", "bbox": [139.1856, 35.36999, 139.22531, 35.3739], "geometry": {"type": "LineString", "coordinates": [[139.22531, 35.37058], [139.22359, 35.37166], [139.2231, 35.3719], [139.22234, 35.37212], [139.22187, 35.37223], [139.22149, 35.37226], [139.22049, 35.37225], [139.21683, 35.37213], [139.21547, 35.37209], [139.21342, 35.37204], [139.21295, 35.37202], [139.21195, 35.37189], [139.21097, 35.37175], [139.2054, 35.37088], [139.20453, 35.37075], [139.2041, 35.37068], [139.20227, 35.3704], [139.20031, 35.37009], [139.19965, 35.37001], [139.199, 35.36999], [139.19825, 35.37004], [139.19771, 35.37012], [139.19711, 35.37025], [139.19686, 35.37032], [139.19592, 35.37062], [139.19219, 35.37183], [139.19017, 35.37248], [139.1897, 35.37264], [139.18655, 35.37366], [139.18593, 35.37383], [139.1856, 35.3739]]}, "properties": {"id": "GEOM_TOKYO_0619", "route_id": "R_71E9E9F5", "route_name": null, "route_color": "#2B78D0", "route_text_color": null, "line_name": "小田原線", "operator_id": "odakyu", "representation": "service_path", "min_zoom": 0, "max_zoom": 24, "offset_rank": 0}}, {"type": "Feature", "bbox": [139.22685, 35.36284, 139.27063, 35.37266], "geometry": {"type": "LineString", "coordinates": [[139.22685, 35.36956], [139.22699, 35.36942], [139.22727, 35.36914], [139.22765, 35.36867], [139.22851, 35.36747], [139.22913, 35.36661], [139.22934, 35.36636], [139.22967, 35.36608], [139.22981, 35.36598], [139.22988, 35.36594], [139.23007, 35.36582], [139.23075, 35.36552], [139.23154, 35.36534], [139.23275, 35.36513], [139.23316, 35.36506], [139.23393, 35.36491], [139.23443, 35.36483], [139.23516, 35.36473], [139.2358, 35.36471], [139.23709, 35.36479], [139.2385, 35.36485], [139.23876, 35.36485], [139.23928, 35.36475], [139.23964, 35.36465], [139.23986, 35.36458], [139.2408, 35.36416], [139.24204, 35.36362], [139.24297, 35.36321], [139.24359, 35.36299], [139.24401, 35.36291], [139.24463, 35.36285], [139.24495, 35.36285], [139.24505, 35.36284], [139.2455, 35.36286], [139.24575, 35.36291], [139.24607, 35.36298], [139.24631, 35.36306], [139.24648, 35.3631], [139.24659, 35.36314], [139.24671, 35.36318], [139.24682, 35.36321], [139.24784, 35.3635], [139.24849, 35.36368], [139.24915, 35.36388], [139.24979, 35.36407], [139.25036, 35.36423], [139.25086, 35.36438], [139.25132, 35.36453], [139.25225, 35.36482], [139.25255, 35.36491], [139.25296, 35.36504], [139.25352, 35.36521], [139.25381, 35.3653], [139.25398, 35.36535], [139.25475, 35.36559], [139.25589, 35.36595], [139.25625, 35.36606], [139.25651, 35.36614], [139.25768, 35.36651], [139.25848, 35.36676], [139.25877, 35.36684], [139.25911, 35.36695], [139.2603, 35.36735], [139.26086, 35.36753], [139.26124, 35.36765], [139.26138, 35.36771], [139.26143, 35.36773], [139.26159, 35.36779], [139.26211, 35.36802], [139.2627, 35.36831], [139.26317, 35.36855], [139.26331, 35.36863], [139.26441, 35.36921], [139.26514, 35.3696], [139.26529, 35.36967], [139.26597, 35.37003], [139.26644, 35.37028], [139.2668, 35.37048], [139.26736, 35.37077], [139.26776, 35.37098], [139.2686, 35.37143], [139.26899, 35.37163], [139.26972, 35.37204], [139.27011, 35.3723], [139.27063, 35.37266]]}, "properties": {"id": "GEOM_TOKYO_0620", "route_id": "R_71E9E9F5", "route_name": null, "route_color": "#2B78D0", "route_text_color": null, "line_name": "小田原線", "operator_id": "odakyu", "representation": "service_path", "min_zoom": 0, "max_zoom": 24, "offset_rank": 0}}, {"type": "Feature", "bbox": [139.14061, 35.34537, 139.14122, 35.34543], "geometry": {"type": "LineString", "coordinates": [[139.14061, 35.34543], [139.14093, 35.34538], [139.14122, 35.34537]]}, "properties": {"id": "GEOM_TOKYO_0621", "route_id": "R_71E9E9F5", "route_name": null, "route_color": "#2B78D0", "route_text_color": null, "line_name": "小田原線", "operator_id": "odakyu", "representation": "service_path", "min_zoom": 0, "max_zoom": 24, "offset_rank": 0}}, {"type": "Feature", "bbox": [139.13061, 35.33758, 139.13598, 35.34304], "geometry": {"type": "LineString", "coordinates": [[139.13063, 35.33758], [139.13061, 35.33782], [139.13062, 35.33809], [139.13073, 35.33854], [139.13097, 35.33911], [139.13115, 35.3394], [139.13123, 35.33952], [139.13153, 35.3399], [139.13179, 35.34013], [139.13217, 35.34043], [139.13236, 35.34058], [139.1337, 35.34155], [139.13375, 35.34159], [139.13486, 35.34239], [139.13495, 35.34246], [139.13525, 35.34266], [139.13598, 35.34304]]}, "properties": {"id": "GEOM_TOKYO_0622", "route_id": "R_71E9E9F5", "route_name": null, "route_color": "#2B78D0", "route_text_color": null, "line_name": "小田原線", "operator_id": "odakyu", "representation": "service_path", "min_zoom": 0, "max_zoom": 24, "offset_rank": 0}}, {"type": "Feature", "bbox": [139.15447, 35.27142, 139.15454, 35.27212], "geometry": {"type": "LineString", "coordinates": [[139.15447, 35.27212], [139.15454, 35.27142]]}, "properties": {"id": "GEOM_TOKYO_0623", "route_id": "R_71E9E9F5", "route_name": null, "route_color": "#2B78D0", "route_text_color": null, "line_name": "小田原線", "operator_id": "odakyu", "representation": "service_path", "min_zoom": 0, "max_zoom": 24, "offset_rank": 0}}, {"type": "Feature", "bbox": [139.14012, 35.3449, 139.14122, 35.34537], "geometry": {"type": "LineString", "coordinates": [[139.14012, 35.3449], [139.14122, 35.34537]]}, "properties": {"id": "GEOM_TOKYO_0624", "route_id": "R_71E9E9F5", "route_name": null, "route_color": "#2B78D0", "route_text_color": null, "line_name": "小田原線", "operator_id": "odakyu", "representation": "service_path", "min_zoom": 0, "max_zoom": 24, "offset_rank": 0}}, {"type": "Feature", "bbox": [139.13878, 35.34432, 139.14012, 35.3449], "geometry": {"type": "LineString", "coordinates": [[139.13878, 35.34432], [139.14012, 35.3449]]}, "properties": {"id": "GEOM_TOKYO_0625", "route_id": "R_71E9E9F5", "route_name": null, "route_color": "#2B78D0", "route_text_color": null, "line_name": "小田原線", "operator_id": "odakyu", "representation": "service_path", "min_zoom": 0, "max_zoom": 24, "offset_rank": 0}}, {"type": "Feature", "bbox": [139.34366, 35.41737, 139.34465, 35.41817], "geometry": {"type": "LineString", "coordinates": [[139.34465, 35.41817], [139.34366, 35.41737]]}, "properties": {"id": "GEOM_TOKYO_0626", "route_id": "R_71E9E9F5", "route_name": null, "route_color": "#2B78D0", "route_text_color": null, "line_name": "小田原線", "operator_id": "odakyu", "representation": "service_path", "min_zoom": 0, "max_zoom": 24, "offset_rank": 0}}, {"type": "Feature", "bbox": [139.14263, 35.2974, 139.14491, 35.31034], "geometry": {"type": "LineString", "coordinates": [[139.14263, 35.31034], [139.1433, 35.30632], [139.14334, 35.30608], [139.14387, 35.30303], [139.14442, 35.29975], [139.14476, 35.29787], [139.14491, 35.2974]]}, "properties": {"id": "GEOM_TOKYO_0627", "route_id": "R_71E9E9F5", "route_name": null, "route_color": "#2B78D0", "route_text_color": null, "line_name": "小田原線", "operator_id": "odakyu", "representation": "service_path", "min_zoom": 0, "max_zoom": 24, "offset_rank": 0}}, {"type": "Feature", "bbox": [139.15454, 35.25707, 139.15697, 35.27142], "geometry": {"type": "LineString", "coordinates": [[139.15454, 35.27142], [139.15483, 35.26912], [139.15491, 35.26846], [139.15494, 35.2682], [139.15529, 35.2651], [139.15542, 35.26402], [139.15544, 35.26377], [139.15557, 35.26308], [139.15565, 35.26262], [139.15573, 35.2623], [139.15578, 35.2621], [139.1566, 35.25987], [139.15671, 35.25956], [139.15677, 35.25928], [139.15691, 35.25882], [139.15697, 35.25851], [139.15693, 35.2582], [139.15685, 35.25804], [139.1568, 35.25794], [139.15672, 35.25783], [139.15666, 35.25776], [139.15642, 35.25757], [139.15618, 35.25733], [139.15595, 35.25707]]}, "properties": {"id": "GEOM_TOKYO_0628", "route_id": "R_71E9E9F5", "route_name": null, "route_color": "#2B78D0", "route_text_color": null, "line_name": "小田原線", "operator_id": "odakyu", "representation": "service_path", "min_zoom": 0, "max_zoom": 24, "offset_rank": 0}}, {"type": "Feature", "bbox": [139.15491, 35.25564, 139.15595, 35.25707], "geometry": {"type": "LineString", "coordinates": [[139.15595, 35.25707], [139.15491, 35.25564]]}, "properties": {"id": "GEOM_TOKYO_0629", "route_id": "R_71E9E9F5", "route_name": null, "route_color": "#2B78D0", "route_text_color": null, "line_name": "小田原線", "operator_id": "odakyu", "representation": "service_path", "min_zoom": 0, "max_zoom": 24, "offset_rank": 0}}, {"type": "Feature", "bbox": [139.43698, 35.53111, 139.43879, 35.53329], "geometry": {"type": "LineString", "coordinates": [[139.43879, 35.53329], [139.43698, 35.53111]]}, "properties": {"id": "GEOM_TOKYO_0630", "route_id": "R_71E9E9F5", "route_name": null, "route_color": "#2B78D0", "route_text_color": null, "line_name": "小田原線", "operator_id": "odakyu", "representation": "service_path", "min_zoom": 0, "max_zoom": 24, "offset_rank": 0}}, {"type": "Feature", "bbox": [139.47032, 35.61275, 139.47118, 35.61354], "geometry": {"type": "LineString", "coordinates": [[139.47118, 35.61275], [139.47086, 35.61303], [139.47064, 35.61323], [139.47032, 35.61354]]}, "properties": {"id": "GEOM_TOKYO_0631", "route_id": "R_D0EAA77F", "route_name": null, "route_color": "#2B78D0", "route_text_color": null, "line_name": "多摩線", "operator_id": "odakyu", "representation": "service_path", "min_zoom": 0, "max_zoom": 24, "offset_rank": 0}}, {"type": "Feature", "bbox": [139.42342, 35.62459, 139.42533, 35.62527], "geometry": {"type": "LineString", "coordinates": [[139.42533, 35.62527], [139.42342, 35.62459]]}, "properties": {"id": "GEOM_TOKYO_0632", "route_id": "R_D0EAA77F", "route_name": null, "route_color": "#2B78D0", "route_text_color": null, "line_name": "多摩線", "operator_id": "odakyu", "representation": "service_path", "min_zoom": 0, "max_zoom": 24, "offset_rank": 0}}, {"type": "Feature", "bbox": [139.41218, 35.61732, 139.42342, 35.62459], "geometry": {"type": "LineString", "coordinates": [[139.42342, 35.62459], [139.42334, 35.62456], [139.42246, 35.6242], [139.4209, 35.62356], [139.42006, 35.62322], [139.41993, 35.62317], [139.41911, 35.62283], [139.41831, 35.62247], [139.4182, 35.62242], [139.41718, 35.62197], [139.41638, 35.6216], [139.41611, 35.62145], [139.41572, 35.62121], [139.41529, 35.62092], [139.41507, 35.62077], [139.41483, 35.62058], [139.41444, 35.62023], [139.41411, 35.61991], [139.41384, 35.61959], [139.4133, 35.6189], [139.41266, 35.61803], [139.41218, 35.61732]]}, "properties": {"id": "GEOM_TOKYO_0633", "route_id": "R_D0EAA77F", "route_name": null, "route_color": "#2B78D0", "route_text_color": null, "line_name": "多摩線", "operator_id": "odakyu", "representation": "service_path", "min_zoom": 0, "max_zoom": 24, "offset_rank": 0}}, {"type": "Feature", "bbox": [139.41117, 35.61581, 139.41218, 35.61732], "geometry": {"type": "LineString", "coordinates": [[139.41218, 35.61732], [139.41117, 35.61581]]}, "properties": {"id": "GEOM_TOKYO_0634", "route_id": "R_D0EAA77F", "route_name": null, "route_color": "#2B78D0", "route_text_color": null, "line_name": "多摩線", "operator_id": "odakyu", "representation": "service_path", "min_zoom": 0, "max_zoom": 24, "offset_rank": 0}}, {"type": "Feature", "bbox": [139.50667, 35.60306, 139.50828, 35.60435], "geometry": {"type": "LineString", "coordinates": [[139.50667, 35.60306], [139.50828, 35.60435]]}, "properties": {"id": "GEOM_TOKYO_0635", "route_id": "R_D0EAA77F", "route_name": null, "route_color": "#2B78D0", "route_text_color": null, "line_name": "多摩線", "operator_id": "odakyu", "representation": "service_path", "min_zoom": 0, "max_zoom": 24, "offset_rank": 0}}, {"type": "Feature", "bbox": [139.4927, 35.6, 139.49407, 35.60046], "geometry": {"type": "LineString", "coordinates": [[139.49407, 35.6], [139.4927, 35.60046]]}, "properties": {"id": "GEOM_TOKYO_0636", "route_id": "R_D0EAA77F", "route_name": null, "route_color": "#2B78D0", "route_text_color": null, "line_name": "多摩線", "operator_id": "odakyu", "representation": "service_path", "min_zoom": 0, "max_zoom": 24, "offset_rank": 0}}, {"type": "Feature", "bbox": [139.47118, 35.60605, 139.48074, 35.61275], "geometry": {"type": "LineString", "coordinates": [[139.48074, 35.60605], [139.48015, 35.60638], [139.47887, 35.60712], [139.47856, 35.6073], [139.47771, 35.60779], [139.47689, 35.60826], [139.47629, 35.60865], [139.47558, 35.6091], [139.47489, 35.60959], [139.47411, 35.61018], [139.47345, 35.61073], [139.47225, 35.6118], [139.47118, 35.61275]]}, "properties": {"id": "GEOM_TOKYO_0637", "route_id": "R_D0EAA77F", "route_name": null, "route_color": "#2B78D0", "route_text_color": null, "line_name": "多摩線", "operator_id": "odakyu", "representation": "service_path", "min_zoom": 0, "max_zoom": 24, "offset_rank": 0}}, {"type": "Feature", "bbox": [139.42533, 35.62527, 139.44696, 35.63078], "geometry": {"type": "LineString", "coordinates": [[139.44696, 35.63024], [139.44658, 35.63032], [139.44608, 35.63046], [139.44564, 35.63056], [139.44524, 35.63063], [139.4447, 35.63069], [139.44428, 35.63075], [139.44383, 35.63078], [139.44336, 35.63078], [139.4426, 35.63074], [139.44205, 35.63065], [139.44137, 35.63054], [139.44084, 35.63042], [139.44032, 35.63028], [139.43975, 35.63012], [139.43799, 35.62958], [139.43687, 35.62923], [139.43611, 35.62901], [139.43471, 35.62857], [139.43331, 35.62816], [139.43241, 35.62789], [139.43135, 35.62757], [139.43003, 35.6271], [139.42875, 35.62667], [139.42761, 35.62623], [139.42653, 35.62578], [139.42545, 35.62532], [139.42533, 35.62527]]}, "properties": {"id": "GEOM_TOKYO_0638", "route_id": "R_D0EAA77F", "route_name": null, "route_color": "#2B78D0", "route_text_color": null, "line_name": "多摩線", "operator_id": "odakyu", "representation": "service_path", "min_zoom": 0, "max_zoom": 24, "offset_rank": 0}}, {"type": "Feature", "bbox": [139.44916, 35.6191, 139.46423, 35.62959], "geometry": {"type": "LineString", "coordinates": [[139.46423, 35.6191], [139.46367, 35.61961], [139.4627, 35.62051], [139.46137, 35.62172], [139.46121, 35.62187], [139.46081, 35.62226], [139.46045, 35.62261], [139.45989, 35.62311], [139.45953, 35.62342], [139.45872, 35.62419], [139.45792, 35.62497], [139.45746, 35.62543], [139.45683, 35.62603], [139.4562, 35.62653], [139.4553, 35.62716], [139.45458, 35.62761], [139.45394, 35.62795], [139.45228, 35.62853], [139.45094, 35.629], [139.44949, 35.6295], [139.44916, 35.62959]]}, "properties": {"id": "GEOM_TOKYO_0639", "route_id": "R_D0EAA77F", "route_name": null, "route_color": "#2B78D0", "route_text_color": null, "line_name": "多摩線", "operator_id": "odakyu", "representation": "service_path", "min_zoom": 0, "max_zoom": 24, "offset_rank": 0}}, {"type": "Feature", "bbox": [139.48074, 35.60545, 139.48185, 35.60605], "geometry": {"type": "LineString", "coordinates": [[139.48185, 35.60545], [139.48074, 35.60605]]}, "properties": {"id": "GEOM_TOKYO_0640", "route_id": "R_D0EAA77F", "route_name": null, "route_color": "#2B78D0", "route_text_color": null, "line_name": "多摩線", "operator_id": "odakyu", "representation": "service_path", "min_zoom": 0, "max_zoom": 24, "offset_rank": 0}}, {"type": "Feature", "bbox": [139.46423, 35.61771, 139.46574, 35.6191], "geometry": {"type": "LineString", "coordinates": [[139.46423, 35.6191], [139.46463, 35.61873], [139.46532, 35.6181], [139.46574, 35.61771]]}, "properties": {"id": "GEOM_TOKYO_0641", "route_id": "R_D0EAA77F", "route_name": null, "route_color": "#2B78D0", "route_text_color": null, "line_name": "多摩線", "operator_id": "odakyu", "representation": "service_path", "min_zoom": 0, "max_zoom": 24, "offset_rank": 0}}, {"type": "Feature", "bbox": [139.46574, 35.61354, 139.47032, 35.61771], "geometry": {"type": "LineString", "coordinates": [[139.47032, 35.61354], [139.47027, 35.61359], [139.46905, 35.61469], [139.4688, 35.61492], [139.46774, 35.61588], [139.46717, 35.61642], [139.46601, 35.61748], [139.46574, 35.61771]]}, "properties": {"id": "GEOM_TOKYO_0642", "route_id": "R_D0EAA77F", "route_name": null, "route_color": "#2B78D0", "route_text_color": null, "line_name": "多摩線", "operator_id": "odakyu", "representation": "service_path", "min_zoom": 0, "max_zoom": 24, "offset_rank": 0}}, {"type": "Feature", "bbox": [139.48185, 35.60046, 139.4927, 35.60545], "geometry": {"type": "LineString", "coordinates": [[139.4927, 35.60046], [139.49248, 35.60055], [139.48964, 35.60154], [139.48859, 35.60193], [139.48788, 35.60222], [139.48716, 35.60257], [139.48637, 35.60297], [139.48601, 35.60316], [139.48458, 35.60391], [139.48354, 35.60448], [139.48185, 35.60545]]}, "properties": {"id": "GEOM_TOKYO_0643", "route_id": "R_D0EAA77F", "route_name": null, "route_color": "#2B78D0", "route_text_color": null, "line_name": "多摩線", "operator_id": "odakyu", "representation": "service_path", "min_zoom": 0, "max_zoom": 24, "offset_rank": 0}}, {"type": "Feature", "bbox": [139.44696, 35.62959, 139.44916, 35.63024], "geometry": {"type": "LineString", "coordinates": [[139.44916, 35.62959], [139.44866, 35.62975], [139.44775, 35.63001], [139.44696, 35.63024]]}, "properties": {"id": "GEOM_TOKYO_0644", "route_id": "R_D0EAA77F", "route_name": null, "route_color": "#2B78D0", "route_text_color": null, "line_name": "多摩線", "operator_id": "odakyu", "representation": "service_path", "min_zoom": 0, "max_zoom": 24, "offset_rank": 0}}, {"type": "Feature", "bbox": [139.49407, 35.59886, 139.50288, 35.60006], "geometry": {"type": "LineString", "coordinates": [[139.49407, 35.6], [139.4968, 35.59908], [139.49699, 35.59901], [139.49719, 35.59898], [139.49748, 35.59894], [139.49763, 35.59891], [139.49786, 35.59889], [139.49828, 35.59887], [139.49904, 35.59886], [139.49952, 35.59887], [139.49959, 35.59888], [139.49984, 35.59891], [139.50008, 35.59895], [139.50042, 35.59902], [139.50103, 35.5992], [139.50166, 35.59944], [139.50238, 35.59979], [139.50288, 35.60006]]}, "properties": {"id": "GEOM_TOKYO_0645", "route_id": "R_D0EAA77F", "route_name": null, "route_color": "#2B78D0", "route_text_color": null, "line_name": "多摩線", "operator_id": "odakyu", "representation": "service_path", "min_zoom": 0, "max_zoom": 24, "offset_rank": 0}}, {"type": "Feature", "bbox": [139.50288, 35.60006, 139.50667, 35.60306], "geometry": {"type": "LineString", "coordinates": [[139.50288, 35.60006], [139.50298, 35.60012], [139.50319, 35.6003], [139.50335, 35.60041], [139.50429, 35.60118], [139.50546, 35.6021], [139.50572, 35.60231], [139.50667, 35.60306]]}, "properties": {"id": "GEOM_TOKYO_0646", "route_id": "R_D0EAA77F", "route_name": null, "route_color": "#2B78D0", "route_text_color": null, "line_name": "多摩線", "operator_id": "odakyu", "representation": "service_path", "min_zoom": 0, "max_zoom": 24, "offset_rank": 0}}, {"type": "Feature", "bbox": [139.45555, 35.78839, 139.45673, 35.78927], "geometry": {"type": "LineString", "coordinates": [[139.45673, 35.78839], [139.45657, 35.78852], [139.45613, 35.78885], [139.45555, 35.78927]]}, "properties": {"id": "GEOM_TOKYO_0693", "route_id": "R_0416E723", "route_name": "狭山線", "route_color": "#00A15F", "route_text_color": "#ffffff", "line_name": "狭山線", "operator_id": "seibu", "representation": "service_path", "min_zoom": 0, "max_zoom": 24, "offset_rank": 0}}, {"type": "Feature", "bbox": [139.42062, 35.77172, 139.44084, 35.77928], "geometry": {"type": "LineString", "coordinates": [[139.42062, 35.77172], [139.42101, 35.77207], [139.42138, 35.77241], [139.42168, 35.77271], [139.42177, 35.77282], [139.42183, 35.77291], [139.42236, 35.77354], [139.42268, 35.77392], [139.42307, 35.7744], [139.42332, 35.7747], [139.42349, 35.77488], [139.42355, 35.77495], [139.42372, 35.77512], [139.42387, 35.77526], [139.42402, 35.77538], [139.42437, 35.77566], [139.4246, 35.77584], [139.42488, 35.77603], [139.42516, 35.77624], [139.42535, 35.77635], [139.42555, 35.77648], [139.42584, 35.77662], [139.42605, 35.77671], [139.42633, 35.77682], [139.42665, 35.77692], [139.42685, 35.77697], [139.42709, 35.77702], [139.42734, 35.77708], [139.42748, 35.77711], [139.42763, 35.77714], [139.42784, 35.77716], [139.42893, 35.77715], [139.42955, 35.77716], [139.43082, 35.77716], [139.43113, 35.77716], [139.4319, 35.7772], [139.43241, 35.77726], [139.43277, 35.77731], [139.43333, 35.77739], [139.43397, 35.7775], [139.43452, 35.77757], [139.43485, 35.7776], [139.43542, 35.77763], [139.43634, 35.77768], [139.43679, 35.77771], [139.43719, 35.77773], [139.43761, 35.77777], [139.43782, 35.77782], [139.438, 35.77787], [139.43818, 35.77794], [139.43832, 35.77801], [139.43852, 35.77809], [139.43885, 35.77825], [139.43945, 35.77855], [139.44013, 35.77892], [139.44066, 35.77919], [139.44084, 35.77928]]}, "properties": {"id": "GEOM_TOKYO_0694", "route_id": "R_0416E723", "route_name": "狭山線", "route_color": "#00A15F", "route_text_color": "#ffffff", "line_name": "狭山線", "operator_id": "seibu", "representation": "service_path", "min_zoom": 0, "max_zoom": 24, "offset_rank": 0}}, {"type": "Feature", "bbox": [139.44084, 35.77928, 139.44149, 35.77961], "geometry": {"type": "LineString", "coordinates": [[139.44084, 35.77928], [139.44149, 35.77961]]}, "properties": {"id": "GEOM_TOKYO_0695", "route_id": "R_0416E723", "route_name": "狭山線", "route_color": "#00A15F", "route_text_color": "#ffffff", "line_name": "狭山線", "operator_id": "seibu", "representation": "service_path", "min_zoom": 0, "max_zoom": 24, "offset_rank": 0}}, {"type": "Feature", "bbox": [139.42026, 35.77143, 139.42062, 35.77172], "geometry": {"type": "LineString", "coordinates": [[139.42026, 35.77143], [139.42062, 35.77172]]}, "properties": {"id": "GEOM_TOKYO_0696", "route_id": "R_0416E723", "route_name": "狭山線", "route_color": "#00A15F", "route_text_color": "#ffffff", "line_name": "狭山線", "operator_id": "seibu", "representation": "service_path", "min_zoom": 0, "max_zoom": 24, "offset_rank": 0}}, {"type": "Feature", "bbox": [139.44149, 35.77961, 139.45555, 35.78967], "geometry": {"type": "LineString", "coordinates": [[139.44149, 35.77961], [139.44258, 35.78018], [139.44324, 35.78053], [139.44367, 35.78075], [139.444, 35.7809], [139.44439, 35.78112], [139.44481, 35.78133], [139.44508, 35.7815], [139.44532, 35.78165], [139.4455, 35.78177], [139.4457, 35.78193], [139.44585, 35.78205], [139.44605, 35.78224], [139.4462, 35.78239], [139.44632, 35.78254], [139.44646, 35.78274], [139.44654, 35.78287], [139.44664, 35.78306], [139.44675, 35.78329], [139.44683, 35.78351], [139.44685, 35.78361], [139.44691, 35.78383], [139.44695, 35.784], [139.44699, 35.78416], [139.44706, 35.78448], [139.44712, 35.78473], [139.44717, 35.78494], [139.44723, 35.7852], [139.44728, 35.78534], [139.44738, 35.78567], [139.44749, 35.78594], [139.44757, 35.78614], [139.44766, 35.78634], [139.44776, 35.7865], [139.44786, 35.78666], [139.44798, 35.7868], [139.4481, 35.78695], [139.44829, 35.78711], [139.44848, 35.78726], [139.44867, 35.78738], [139.44885, 35.78748], [139.44921, 35.78767], [139.44969, 35.78791], [139.45012, 35.78812], [139.45066, 35.78839], [139.45116, 35.78864], [139.45169, 35.78888], [139.45224, 35.78916], [139.45249, 35.78926], [139.45271, 35.78936], [139.45292, 35.78945], [139.4531, 35.78952], [139.45315, 35.78953], [139.45337, 35.78959], [139.45357, 35.78963], [139.45375, 35.78965], [139.45391, 35.78967], [139.45409, 35.78966], [139.45428, 35.78963], [139.45455, 35.78959], [139.45481, 35.78954], [139.45509, 35.78946], [139.45532, 35.78937], [139.45555, 35.78927]]}, "properties": {"id": "GEOM_TOKYO_0697", "route_id": "R_0416E723", "route_name": "狭山線", "route_color": "#00A15F", "route_text_color": "#ffffff", "line_name": "狭山線", "operator_id": "seibu", "representation": "service_path", "min_zoom": 0, "max_zoom": 24, "offset_rank": 0}}, {"type": "Feature", "bbox": [139.46581, 35.75903, 139.46591, 35.7609], "geometry": {"type": "LineString", "coordinates": [[139.46581, 35.75903], [139.46591, 35.7609]]}, "properties": {"id": "GEOM_TOKYO_0698", "route_id": "R_5317446F", "route_name": "国分寺線", "route_color": "#00A15F", "route_text_color": "#ffffff", "line_name": "国分寺線", "operator_id": "seibu", "representation": "service_path", "min_zoom": 0, "max_zoom": 24, "offset_rank": 0}}, {"type": "Feature", "bbox": [139.4634, 35.73699, 139.46359, 35.73814], "geometry": {"type": "LineString", "coordinates": [[139.4634, 35.73699], [139.46359, 35.73814]]}, "properties": {"id": "GEOM_TOKYO_0699", "route_id": "R_5317446F", "route_name": "国分寺線", "route_color": "#00A15F", "route_text_color": "#ffffff", "line_name": "国分寺線", "operator_id": "seibu", "representation": "service_path", "min_zoom": 0, "max_zoom": 24, "offset_rank": 0}}, {"type": "Feature", "bbox": [139.46313, 35.73528, 139.4634, 35.73699], "geometry": {"type": "LineString", "coordinates": [[139.46313, 35.73528], [139.4634, 35.73699]]}, "properties": {"id": "GEOM_TOKYO_0700", "route_id": "R_5317446F", "route_name": "国分寺線", "route_color": "#00A15F", "route_text_color": "#ffffff", "line_name": "国分寺線", "operator_id": "seibu", "representation": "service_path", "min_zoom": 0, "max_zoom": 24, "offset_rank": 0}}, {"type": "Feature", "bbox": [139.46359, 35.73814, 139.46385, 35.73935], "geometry": {"type": "LineString", "coordinates": [[139.46385, 35.73935], [139.46359, 35.73814]]}, "properties": {"id": "GEOM_TOKYO_0701", "route_id": "R_5317446F", "route_name": "国分寺線", "route_color": "#00A15F", "route_text_color": "#ffffff", "line_name": "国分寺線", "operator_id": "seibu", "representation": "service_path", "min_zoom": 0, "max_zoom": 24, "offset_rank": 0}}, {"type": "Feature", "bbox": [139.46099, 35.72258, 139.46113, 35.72344], "geometry": {"type": "LineString", "coordinates": [[139.46099, 35.72258], [139.46113, 35.72344]]}, "properties": {"id": "GEOM_TOKYO_0702", "route_id": "R_5317446F", "route_name": "国分寺線", "route_color": "#00A15F", "route_text_color": "#ffffff", "line_name": "国分寺線", "operator_id": "seibu", "representation": "service_path", "min_zoom": 0, "max_zoom": 24, "offset_rank": 0}}, {"type": "Feature", "bbox": [139.4642, 35.70011, 139.47936, 35.71096], "geometry": {"type": "LineString", "coordinates": [[139.47936, 35.70011], [139.47927, 35.70015], [139.47919, 35.70019], [139.47908, 35.70021], [139.47873, 35.70023], [139.47762, 35.70025], [139.47679, 35.70023], [139.4759, 35.70023], [139.47519, 35.7002], [139.47466, 35.70018], [139.47433, 35.70018], [139.47424, 35.70018], [139.47411, 35.70019], [139.4739, 35.70025], [139.47369, 35.70031], [139.47327, 35.70043], [139.47295, 35.70057], [139.47277, 35.70065], [139.47261, 35.70076], [139.47246, 35.70087], [139.47237, 35.70094], [139.47227, 35.70104], [139.47216, 35.70115], [139.47173, 35.70168], [139.47037, 35.70338], [139.47032, 35.70344], [139.46961, 35.70431], [139.46801, 35.70625], [139.46717, 35.70729], [139.46601, 35.70869], [139.46579, 35.70898], [139.46558, 35.70921], [139.46531, 35.70955], [139.46496, 35.70998], [139.46469, 35.71032], [139.4642, 35.71096]]}, "properties": {"id": "GEOM_TOKYO_0703", "route_id": "R_5317446F", "route_name": "国分寺線", "route_color": "#00A15F", "route_text_color": "#ffffff", "line_name": "国分寺線", "operator_id": "seibu", "representation": "service_path", "min_zoom": 0, "max_zoom": 24, "offset_rank": 0}}, {"type": "Feature", "bbox": [139.47936, 35.70011, 139.48235, 35.70018], "geometry": {"type": "LineString", "coordinates": [[139.48235, 35.70018], [139.48141, 35.70015], [139.48002, 35.70011], [139.47965, 35.70011], [139.47936, 35.70011]]}, "properties": {"id": "GEOM_TOKYO_0704", "route_id": "R_5317446F", "route_name": "国分寺線", "route_color": "#00A15F", "route_text_color": "#ffffff", "line_name": "国分寺線", "operator_id": "seibu", "representation": "service_path", "min_zoom": 0, "max_zoom": 24, "offset_rank": 0}}, {"type": "Feature", "bbox": [139.46113, 35.72344, 139.46313, 35.73528], "geometry": {"type": "LineString", "coordinates": [[139.46113, 35.72344], [139.46163, 35.72635], [139.46189, 35.72789], [139.46313, 35.73528]]}, "properties": {"id": "GEOM_TOKYO_0705", "route_id": "R_5317446F", "route_name": "国分寺線", "route_color": "#00A15F", "route_text_color": "#ffffff", "line_name": "国分寺線", "operator_id": "seibu", "representation": "service_path", "min_zoom": 0, "max_zoom": 24, "offset_rank": 0}}, {"type": "Feature", "bbox": [139.46358, 35.71096, 139.4642, 35.71174], "geometry": {"type": "LineString", "coordinates": [[139.4642, 35.71096], [139.46358, 35.71174]]}, "properties": {"id": "GEOM_TOKYO_0706", "route_id": "R_5317446F", "route_name": "国分寺線", "route_color": "#00A15F", "route_text_color": "#ffffff", "line_name": "国分寺線", "operator_id": "seibu", "representation": "service_path", "min_zoom": 0, "max_zoom": 24, "offset_rank": 0}}, {"type": "Feature", "bbox": [139.46385, 35.73935, 139.46564, 35.75668], "geometry": {"type": "LineString", "coordinates": [[139.46385, 35.73935], [139.46399, 35.74035], [139.46408, 35.74105], [139.46419, 35.74175], [139.46436, 35.74275], [139.4644, 35.74293], [139.46446, 35.74328], [139.46446, 35.74331], [139.4648, 35.74539], [139.46489, 35.74592], [139.46494, 35.74624], [139.46501, 35.7467], [139.46505, 35.74714], [139.46509, 35.748], [139.46514, 35.74947], [139.4652, 35.75138], [139.46522, 35.75182], [139.46523, 35.75216], [139.46525, 35.75268], [139.46525, 35.75288], [139.46531, 35.75322], [139.46547, 35.75482], [139.46564, 35.75668]]}, "properties": {"id": "GEOM_TOKYO_0707", "route_id": "R_5317446F", "route_name": "国分寺線", "route_color": "#00A15F", "route_text_color": "#ffffff", "line_name": "国分寺線", "operator_id": "seibu", "representation": "service_path", "min_zoom": 0, "max_zoom": 24, "offset_rank": 0}}, {"type": "Feature", "bbox": [139.46564, 35.75668, 139.46581, 35.75903], "geometry": {"type": "LineString", "coordinates": [[139.46564, 35.75668], [139.46564, 35.75687], [139.46569, 35.75756], [139.46577, 35.75863], [139.46581, 35.75903]]}, "properties": {"id": "GEOM_TOKYO_0708", "route_id": "R_5317446F", "route_name": "国分寺線", "route_color": "#00A15F", "route_text_color": "#ffffff", "line_name": "国分寺線", "operator_id": "seibu", "representation": "service_path", "min_zoom": 0, "max_zoom": 24, "offset_rank": 0}}, {"type": "Feature", "bbox": [139.46012, 35.71174, 139.46358, 35.72258], "geometry": {"type": "LineString", "coordinates": [[139.46358, 35.71174], [139.46304, 35.71238], [139.46279, 35.71266], [139.4622, 35.71338], [139.46197, 35.71366], [139.46158, 35.71414], [139.46132, 35.71448], [139.46096, 35.71493], [139.46085, 35.71508], [139.46075, 35.71521], [139.46066, 35.71536], [139.4606, 35.71547], [139.46054, 35.71559], [139.46044, 35.7158], [139.46036, 35.71602], [139.46031, 35.7162], [139.46028, 35.71632], [139.46024, 35.71651], [139.46018, 35.7168], [139.46016, 35.71694], [139.46014, 35.71707], [139.46013, 35.71717], [139.46012, 35.71738], [139.46014, 35.71753], [139.46014, 35.71763], [139.46015, 35.71771], [139.46016, 35.71777], [139.46019, 35.71791], [139.46035, 35.71877], [139.46043, 35.71924], [139.46064, 35.72045], [139.46083, 35.72166], [139.46088, 35.72191], [139.46099, 35.72258]]}, "properties": {"id": "GEOM_TOKYO_0709", "route_id": "R_5317446F", "route_name": "国分寺線", "route_color": "#00A15F", "route_text_color": "#ffffff", "line_name": "国分寺線", "operator_id": "seibu", "representation": "service_path", "min_zoom": 0, "max_zoom": 24, "offset_rank": 0}}, {"type": "Feature", "bbox": [139.44255, 35.76511, 139.44288, 35.76646], "geometry": {"type": "LineString", "coordinates": [[139.44288, 35.76511], [139.44255, 35.76646]]}, "properties": {"id": "GEOM_TOKYO_0710", "route_id": "R_8ACFAF20", "route_name": "山口線", "route_color": "#00A15F", "route_text_color": "#ffffff", "line_name": "山口線", "operator_id": "seibu", "representation": "service_path", "min_zoom": 0, "max_zoom": 24, "offset_rank": 0}}, {"type": "Feature", "bbox": [139.44037, 35.76646, 139.44255, 35.76876], "geometry": {"type": "LineString", "coordinates": [[139.44255, 35.76646], [139.44252, 35.76658], [139.44251, 35.76665], [139.44249, 35.76674], [139.44247, 35.76678], [139.44244, 35.76684], [139.44236, 35.76702], [139.4423, 35.76713], [139.44224, 35.76721], [139.44218, 35.76727], [139.44204, 35.76733], [139.44188, 35.76738], [139.44168, 35.76742], [139.44158, 35.76747], [139.44148, 35.76751], [139.44134, 35.76757], [139.44123, 35.76763], [139.44116, 35.76769], [139.44102, 35.76783], [139.44095, 35.7679], [139.44088, 35.76798], [139.44075, 35.76818], [139.4406, 35.76842], [139.44048, 35.76859], [139.44037, 35.76876]]}, "properties": {"id": "GEOM_TOKYO_0711", "route_id": "R_8ACFAF20", "route_name": "山口線", "route_color": "#00A15F", "route_text_color": "#ffffff", "line_name": "山口線", "operator_id": "seibu", "representation": "service_path", "min_zoom": 0, "max_zoom": 24, "offset_rank": 0}}, {"type": "Feature", "bbox": [139.41994, 35.77047, 139.42053, 35.77109], "geometry": {"type": "LineString", "coordinates": [[139.42053, 35.77109], [139.41994, 35.77047]]}, "properties": {"id": "GEOM_TOKYO_0712", "route_id": "R_8ACFAF20", "route_name": "山口線", "route_color": "#00A15F", "route_text_color": "#ffffff", "line_name": "山口線", "operator_id": "seibu", "representation": "service_path", "min_zoom": 0, "max_zoom": 24, "offset_rank": 0}}, {"type": "Feature", "bbox": [139.44001, 35.76876, 139.44037, 35.7693], "geometry": {"type": "LineString", "coordinates": [[139.44037, 35.76876], [139.44001, 35.7693]]}, "properties": {"id": "GEOM_TOKYO_0713", "route_id": "R_8ACFAF20", "route_name": "山口線", "route_color": "#00A15F", "route_text_color": "#ffffff", "line_name": "山口線", "operator_id": "seibu", "representation": "service_path", "min_zoom": 0, "max_zoom": 24, "offset_rank": 0}}, {"type": "Feature", "bbox": [139.42053, 35.76705, 139.44001, 35.77169], "geometry": {"type": "LineString", "coordinates": [[139.44001, 35.7693], [139.43988, 35.76938], [139.43972, 35.76949], [139.43957, 35.76955], [139.43942, 35.76961], [139.43927, 35.76965], [139.43913, 35.76968], [139.43892, 35.76969], [139.43877, 35.76968], [139.43858, 35.76964], [139.4384, 35.7696], [139.43827, 35.76955], [139.43814, 35.76951], [139.43804, 35.76943], [139.43796, 35.76935], [139.43787, 35.76926], [139.43783, 35.76919], [139.43782, 35.76909], [139.43785, 35.76888], [139.43787, 35.76874], [139.43789, 35.76862], [139.43789, 35.76852], [139.43786, 35.76841], [139.43781, 35.76832], [139.43775, 35.76826], [139.43765, 35.76821], [139.43756, 35.76816], [139.43739, 35.76813], [139.43719, 35.76809], [139.43709, 35.76806], [139.43694, 35.76801], [139.43686, 35.76797], [139.43675, 35.76792], [139.43664, 35.76785], [139.43654, 35.76779], [139.43641, 35.76774], [139.43629, 35.7677], [139.43611, 35.76766], [139.43593, 35.76765], [139.43577, 35.76765], [139.43544, 35.76765], [139.43522, 35.76764], [139.43498, 35.76765], [139.43475, 35.76767], [139.43453, 35.76768], [139.43435, 35.76771], [139.43413, 35.76776], [139.43388, 35.76782], [139.43362, 35.76786], [139.43345, 35.76788], [139.43336, 35.76788], [139.43323, 35.76784], [139.43309, 35.76778], [139.43292, 35.76771], [139.43274, 35.76763], [139.43257, 35.76755], [139.43237, 35.76747], [139.43216, 35.76739], [139.43198, 35.76732], [139.4317, 35.76724], [139.43148, 35.76719], [139.43127, 35.76716], [139.43108, 35.76716], [139.43088, 35.76718], [139.43067, 35.76721], [139.43016, 35.76728], [139.42978, 35.76735], [139.42922, 35.76744], [139.42912, 35.76749], [139.42901, 35.76751], [139.42891, 35.76751], [139.42876, 35.76749], [139.42864, 35.76746], [139.42845, 35.7674], [139.42834, 35.76736], [139.42814, 35.76725], [139.42801, 35.76717], [139.42787, 35.7671], [139.42772, 35.76705], [139.42756, 35.76705], [139.42742, 35.76707], [139.42716, 35.76712], [139.42674, 35.76718], [139.42662, 35.76722], [139.42652, 35.76727], [139.42641, 35.76734], [139.42619, 35.76743], [139.42596, 35.7675], [139.42576, 35.76756], [139.42564, 35.7676], [139.42552, 35.76764], [139.42536, 35.7677], [139.4252, 35.76774], [139.42504, 35.76776], [139.4249, 35.76777], [139.42475, 35.76776], [139.42455, 35.76772], [139.42437, 35.76769], [139.42412, 35.76763], [139.42402, 35.76761], [139.42385, 35.76761], [139.4237, 35.76762], [139.42357, 35.76765], [139.42347, 35.76769], [139.42329, 35.76777], [139.42312, 35.76785], [139.42298, 35.76793], [139.42279, 35.76805], [139.4227, 35.76811], [139.4226, 35.7682], [139.42251, 35.76827], [139.42244, 35.76831], [139.42238, 35.76836], [139.42235, 35.76842], [139.42233, 35.76849], [139.4223, 35.76861], [139.42227, 35.76933], [139.42223, 35.76986], [139.42222, 35.77003], [139.42224, 35.77022], [139.42229, 35.7705], [139.42235, 35.77093], [139.42237, 35.77119], [139.42237, 35.77131], [139.42234, 35.77138], [139.42229, 35.77144], [139.42221, 35.77151], [139.42211, 35.77158], [139.42198, 35.77164], [139.42184, 35.77167], [139.42166, 35.77169], [139.42152, 35.77167], [139.42133, 35.77164], [139.42122, 35.77161], [139.4211, 35.77156], [139.42098, 35.7715], [139.42088, 35.77143], [139.42074, 35.77131], [139.42053, 35.77109]]}, "properties": {"id": "GEOM_TOKYO_0714", "route_id": "R_8ACFAF20", "route_name": "山口線", "route_color": "#00A15F", "route_text_color": "#ffffff", "line_name": "山口線", "operator_id": "seibu", "representation": "service_path", "min_zoom": 0, "max_zoom": 24, "offset_rank": 0}}, {"type": "Feature", "bbox": [139.48037, 35.91205, 139.48189, 35.9153], "geometry": {"type": "LineString", "coordinates": [[139.48189, 35.9153], [139.48037, 35.91205]]}, "properties": {"id": "GEOM_TOKYO_0715", "route_id": "R_7FBFAABB", "route_name": "新宿線", "route_color": "#00A15F", "route_text_color": "#ffffff", "line_name": "新宿線", "operator_id": "seibu", "representation": "service_path", "min_zoom": 0, "max_zoom": 24, "offset_rank": 0}}, {"type": "Feature", "bbox": [139.48429, 35.73735, 139.48745, 35.73956], "geometry": {"type": "LineString", "coordinates": [[139.48745, 35.73735], [139.48731, 35.73741], [139.48713, 35.7375], [139.48683, 35.73767], [139.48652, 35.73785], [139.48627, 35.738], [139.48612, 35.73809], [139.48587, 35.73825], [139.48566, 35.7384], [139.48548, 35.73853], [139.48532, 35.73866], [139.48506, 35.73887], [139.48472, 35.73917], [139.48429, 35.73956]]}, "properties": {"id": "GEOM_TOKYO_0737", "route_id": "R_7FBFAABB", "route_name": "新宿線", "route_color": "#00A15F", "route_text_color": "#ffffff", "line_name": "新宿線", "operator_id": "seibu", "representation": "service_path", "min_zoom": 0, "max_zoom": 24, "offset_rank": 0}}, {"type": "Feature", "bbox": [139.48745, 35.73648, 139.48944, 35.73735], "geometry": {"type": "LineString", "coordinates": [[139.48944, 35.73648], [139.48745, 35.73735]]}, "properties": {"id": "GEOM_TOKYO_0738", "route_id": "R_7FBFAABB", "route_name": "新宿線", "route_color": "#00A15F", "route_text_color": "#ffffff", "line_name": "新宿線", "operator_id": "seibu", "representation": "service_path", "min_zoom": 0, "max_zoom": 24, "offset_rank": 0}}, {"type": "Feature", "bbox": [139.46564, 35.75668, 139.46581, 35.75903], "geometry": {"type": "LineString", "coordinates": [[139.46564, 35.75668], [139.46564, 35.75687], [139.46569, 35.75756], [139.46577, 35.75863], [139.46581, 35.75903]]}, "properties": {"id": "GEOM_TOKYO_0739", "route_id": "R_7FBFAABB", "route_name": "新宿線", "route_color": "#00A15F", "route_text_color": "#ffffff", "line_name": "新宿線", "operator_id": "seibu", "representation": "service_path", "min_zoom": 0, "max_zoom": 24, "offset_rank": 0}}, {"type": "Feature", "bbox": [139.46591, 35.7609, 139.46708, 35.76464], "geometry": {"type": "LineString", "coordinates": [[139.46708, 35.76464], [139.46695, 35.76439], [139.46678, 35.76407], [139.46656, 35.76365], [139.46646, 35.76346], [139.4663, 35.76312], [139.46613, 35.76271], [139.46604, 35.76249], [139.46602, 35.7624], [139.46599, 35.76221], [139.46596, 35.7619], [139.46595, 35.76135], [139.46591, 35.7609]]}, "properties": {"id": "GEOM_TOKYO_0740", "route_id": "R_7FBFAABB", "route_name": "新宿線", "route_color": "#00A15F", "route_text_color": "#ffffff", "line_name": "新宿線", "operator_id": "seibu", "representation": "service_path", "min_zoom": 0, "max_zoom": 24, "offset_rank": 0}}, {"type": "Feature", "bbox": [139.46581, 35.75903, 139.46591, 35.7609], "geometry": {"type": "LineString", "coordinates": [[139.46581, 35.75903], [139.46591, 35.7609]]}, "properties": {"id": "GEOM_TOKYO_0741", "route_id": "R_7FBFAABB", "route_name": "新宿線", "route_color": "#00A15F", "route_text_color": "#ffffff", "line_name": "新宿線", "operator_id": "seibu", "representation": "service_path", "min_zoom": 0, "max_zoom": 24, "offset_rank": 0}}, {"type": "Feature", "bbox": [139.41313, 35.85652, 139.41365, 35.858], "geometry": {"type": "LineString", "coordinates": [[139.41365, 35.858], [139.41357, 35.85781], [139.41337, 35.85738], [139.41324, 35.85699], [139.41313, 35.85652]]}, "properties": {"id": "GEOM_TOKYO_0742", "route_id": "R_7FBFAABB", "route_name": "新宿線", "route_color": "#00A15F", "route_text_color": "#ffffff", "line_name": "新宿線", "operator_id": "seibu", "representation": "service_path", "min_zoom": 0, "max_zoom": 24, "offset_rank": 0}}, {"type": "Feature", "bbox": [139.42658, 35.83185, 139.42779, 35.83292], "geometry": {"type": "LineString", "coordinates": [[139.42779, 35.83185], [139.42658, 35.83292]]}, "properties": {"id": "GEOM_TOKYO_0743", "route_id": "R_7FBFAABB", "route_name": "新宿線", "route_color": "#00A15F", "route_text_color": "#ffffff", "line_name": "新宿線", "operator_id": "seibu", "representation": "service_path", "min_zoom": 0, "max_zoom": 24, "offset_rank": 0}}, {"type": "Feature", "bbox": [139.46627, 35.78742, 139.47353, 35.79774], "geometry": {"type": "LineString", "coordinates": [[139.47339, 35.78742], [139.4734, 35.78747], [139.47343, 35.78776], [139.47346, 35.7882], [139.47349, 35.78874], [139.47353, 35.78958], [139.47352, 35.78969], [139.4735, 35.78997], [139.47345, 35.79028], [139.47343, 35.79039], [139.47341, 35.79048], [139.47337, 35.79063], [139.47333, 35.79077], [139.4733, 35.79085], [139.47327, 35.79092], [139.47311, 35.79128], [139.47292, 35.7916], [139.47269, 35.79194], [139.47252, 35.79215], [139.47236, 35.79234], [139.47218, 35.79253], [139.47199, 35.79271], [139.47184, 35.79287], [139.47137, 35.79328], [139.4705, 35.79404], [139.47029, 35.79423], [139.4701, 35.79439], [139.46982, 35.79462], [139.46948, 35.79492], [139.469, 35.79535], [139.46842, 35.79584], [139.46787, 35.79634], [139.46705, 35.79706], [139.46627, 35.79774]]}, "properties": {"id": "GEOM_TOKYO_0746", "route_id": "R_7FBFAABB", "route_name": "新宿線", "route_color": "#00A15F", "route_text_color": "#ffffff", "line_name": "新宿線", "operator_id": "seibu", "representation": "service_path", "min_zoom": 0, "max_zoom": 24, "offset_rank": 0}}, {"type": "Feature", "bbox": [139.46564, 35.75003, 139.47209, 35.75668], "geometry": {"type": "LineString", "coordinates": [[139.47209, 35.75003], [139.47082, 35.75113], [139.47047, 35.75142], [139.46998, 35.75185], [139.46937, 35.7524], [139.46908, 35.75265], [139.46857, 35.75313], [139.4685, 35.75322], [139.46801, 35.75367], [139.46728, 35.75433], [139.46695, 35.75463], [139.46657, 35.75496], [139.46637, 35.75515], [139.46625, 35.75527], [139.46613, 35.7554], [139.46603, 35.75554], [139.46594, 35.75574], [139.46579, 35.75622], [139.46564, 35.75668]]}, "properties": {"id": "GEOM_TOKYO_0747", "route_id": "R_7FBFAABB", "route_name": "新宿線", "route_color": "#00A15F", "route_text_color": "#ffffff", "line_name": "新宿線", "operator_id": "seibu", "representation": "service_path", "min_zoom": 0, "max_zoom": 24, "offset_rank": 0}}, {"type": "Feature", "bbox": [139.45373, 35.88935, 139.45465, 35.89004], "geometry": {"type": "LineString", "coordinates": [[139.45465, 35.89004], [139.45373, 35.88935]]}, "properties": {"id": "GEOM_TOKYO_0748", "route_id": "R_7FBFAABB", "route_name": "新宿線", "route_color": "#00A15F", "route_text_color": "#ffffff", "line_name": "新宿線", "operator_id": "seibu", "representation": "service_path", "min_zoom": 0, "max_zoom": 24, "offset_rank": 0}}, {"type": "Feature", "bbox": [139.55294, 35.72863, 139.5628, 35.72913], "geometry": {"type": "LineString", "coordinates": [[139.55294, 35.72863], [139.55346, 35.72867], [139.55412, 35.72873], [139.55459, 35.72876], [139.55504, 35.7288], [139.55541, 35.72884], [139.55598, 35.72889], [139.55653, 35.72894], [139.55702, 35.72899], [139.55754, 35.72904], [139.55814, 35.72909], [139.55875, 35.72913], [139.5594, 35.72912], [139.55969, 35.72909], [139.56022, 35.72904], [139.56072, 35.729], [139.56153, 35.72893], [139.56237, 35.72885], [139.5625, 35.72885], [139.56264, 35.72883], [139.5628, 35.72883]]}, "properties": {"id": "GEOM_TOKYO_0749", "route_id": "R_7FBFAABB", "route_name": "新宿線", "route_color": "#00A15F", "route_text_color": "#ffffff", "line_name": "新宿線", "operator_id": "seibu", "representation": "service_path", "min_zoom": 0, "max_zoom": 24, "offset_rank": 0}}, {"type": "Feature", "bbox": [139.45465, 35.89004, 139.48037, 35.91205], "geometry": {"type": "LineString", "coordinates": [[139.48037, 35.91205], [139.47996, 35.91123], [139.47966, 35.9106], [139.47918, 35.9097], [139.47874, 35.90884], [139.47866, 35.90871], [139.47838, 35.9083], [139.47815, 35.90806], [139.47749, 35.9075], [139.47646, 35.90673], [139.47462, 35.9053], [139.47375, 35.90465], [139.47172, 35.90308], [139.4708, 35.90238], [139.46984, 35.90165], [139.46797, 35.90021], [139.46651, 35.89907], [139.46493, 35.89784], [139.46344, 35.89672], [139.46275, 35.89619], [139.46167, 35.89538], [139.46069, 35.89461], [139.45961, 35.89381], [139.45924, 35.89354], [139.45868, 35.89311], [139.45773, 35.89238], [139.45734, 35.89207], [139.45691, 35.89174], [139.45638, 35.89137], [139.45582, 35.89096], [139.45548, 35.89069], [139.45465, 35.89004]]}, "properties": {"id": "GEOM_TOKYO_0751", "route_id": "R_7FBFAABB", "route_name": "新宿線", "route_color": "#00A15F", "route_text_color": "#ffffff", "line_name": "新宿線", "operator_id": "seibu", "representation": "service_path", "min_zoom": 0, "max_zoom": 24, "offset_rank": 0}}, {"type": "Feature", "bbox": [139.46491, 35.79774, 139.46627, 35.79894], "geometry": {"type": "LineString", "coordinates": [[139.46627, 35.79774], [139.46491, 35.79894]]}, "properties": {"id": "GEOM_TOKYO_0752", "route_id": "R_7FBFAABB", "route_name": "新宿線", "route_color": "#00A15F", "route_text_color": "#ffffff", "line_name": "新宿線", "operator_id": "seibu", "representation": "service_path", "min_zoom": 0, "max_zoom": 24, "offset_rank": 0}}, {"type": "Feature", "bbox": [139.4733, 35.73956, 139.48429, 35.74902], "geometry": {"type": "LineString", "coordinates": [[139.48429, 35.73956], [139.48387, 35.73992], [139.48344, 35.74029], [139.48102, 35.74236], [139.4809, 35.74246], [139.48049, 35.74282], [139.47934, 35.74381], [139.47536, 35.74722], [139.47483, 35.74768], [139.47437, 35.74808], [139.4733, 35.74902]]}, "properties": {"id": "GEOM_TOKYO_0753", "route_id": "R_7FBFAABB", "route_name": "新宿線", "route_color": "#00A15F", "route_text_color": "#ffffff", "line_name": "新宿線", "operator_id": "seibu", "representation": "service_path", "min_zoom": 0, "max_zoom": 24, "offset_rank": 0}}, {"type": "Feature", "bbox": [139.41365, 35.858, 139.43324, 35.87373], "geometry": {"type": "LineString", "coordinates": [[139.43324, 35.87373], [139.43137, 35.87231], [139.42963, 35.87093], [139.42852, 35.87009], [139.42798, 35.86968], [139.42754, 35.86935], [139.42738, 35.86923], [139.42594, 35.86812], [139.42408, 35.8667], [139.42297, 35.86588], [139.42228, 35.86534], [139.42185, 35.86501], [139.42048, 35.86399], [139.41945, 35.86319], [139.41924, 35.86303], [139.41778, 35.8619], [139.41639, 35.86086], [139.41604, 35.86059], [139.41591, 35.8605], [139.41554, 35.86023], [139.41527, 35.86003], [139.41486, 35.85968], [139.41461, 35.85945], [139.41426, 35.85904], [139.41398, 35.85861], [139.41365, 35.858]]}, "properties": {"id": "GEOM_TOKYO_0755", "route_id": "R_7FBFAABB", "route_name": "新宿線", "route_color": "#00A15F", "route_text_color": "#ffffff", "line_name": "新宿線", "operator_id": "seibu", "representation": "service_path", "min_zoom": 0, "max_zoom": 24, "offset_rank": 0}}, {"type": "Feature", "bbox": [139.43324, 35.87373, 139.43434, 35.87458], "geometry": {"type": "LineString", "coordinates": [[139.43434, 35.87458], [139.43324, 35.87373]]}, "properties": {"id": "GEOM_TOKYO_0757", "route_id": "R_7FBFAABB", "route_name": "新宿線", "route_color": "#00A15F", "route_text_color": "#ffffff", "line_name": "新宿線", "operator_id": "seibu", "representation": "service_path", "min_zoom": 0, "max_zoom": 24, "offset_rank": 0}}, {"type": "Feature", "bbox": [139.41297, 35.83292, 139.42658, 35.85652], "geometry": {"type": "LineString", "coordinates": [[139.42658, 35.83292], [139.4259, 35.83351], [139.4254, 35.83395], [139.42523, 35.83414], [139.42504, 35.83437], [139.42493, 35.83453], [139.42474, 35.83479], [139.42458, 35.83504], [139.42432, 35.83547], [139.42388, 35.83616], [139.42361, 35.83654], [139.42311, 35.8374], [139.42205, 35.83906], [139.42084, 35.84102], [139.41959, 35.84302], [139.41861, 35.84459], [139.41818, 35.84526], [139.41675, 35.84759], [139.41532, 35.84989], [139.41448, 35.85125], [139.41372, 35.85243], [139.41362, 35.85264], [139.41346, 35.85295], [139.41322, 35.85354], [139.4131, 35.85401], [139.41302, 35.85455], [139.41297, 35.85513], [139.413, 35.85564], [139.41311, 35.8563], [139.41313, 35.85652]]}, "properties": {"id": "GEOM_TOKYO_0758", "route_id": "R_7FBFAABB", "route_name": "新宿線", "route_color": "#00A15F", "route_text_color": "#ffffff", "line_name": "新宿線", "operator_id": "seibu", "representation": "service_path", "min_zoom": 0, "max_zoom": 24, "offset_rank": 0}}, {"type": "Feature", "bbox": [139.43434, 35.87458, 139.45373, 35.88935], "geometry": {"type": "LineString", "coordinates": [[139.45373, 35.88935], [139.45313, 35.8889], [139.45239, 35.88834], [139.4515, 35.88766], [139.44971, 35.88627], [139.44753, 35.88464], [139.44566, 35.88324], [139.44429, 35.88219], [139.44402, 35.88199], [139.44241, 35.88076], [139.44226, 35.88065], [139.44116, 35.8798], [139.44014, 35.87901], [139.43894, 35.8781], [139.4374, 35.87694], [139.43613, 35.87595], [139.43463, 35.87481], [139.43434, 35.87458]]}, "properties": {"id": "GEOM_TOKYO_0759", "route_id": "R_7FBFAABB", "route_name": "新宿線", "route_color": "#00A15F", "route_text_color": "#ffffff", "line_name": "新宿線", "operator_id": "seibu", "representation": "service_path", "min_zoom": 0, "max_zoom": 24, "offset_rank": 0}}, {"type": "Feature", "bbox": [139.45626, 35.80499, 139.45808, 35.80662], "geometry": {"type": "LineString", "coordinates": [[139.45808, 35.80499], [139.45626, 35.80662]]}, "properties": {"id": "GEOM_TOKYO_0760", "route_id": "R_7FBFAABB", "route_name": "新宿線", "route_color": "#00A15F", "route_text_color": "#ffffff", "line_name": "新宿線", "operator_id": "seibu", "representation": "service_path", "min_zoom": 0, "max_zoom": 24, "offset_rank": 0}}, {"type": "Feature", "bbox": [139.47317, 35.78622, 139.47339, 35.78742], "geometry": {"type": "LineString", "coordinates": [[139.47317, 35.78622], [139.47339, 35.78742]]}, "properties": {"id": "GEOM_TOKYO_0761", "route_id": "R_7FBFAABB", "route_name": "新宿線", "route_color": "#00A15F", "route_text_color": "#ffffff", "line_name": "新宿線", "operator_id": "seibu", "representation": "service_path", "min_zoom": 0, "max_zoom": 24, "offset_rank": 0}}, {"type": "Feature", "bbox": [139.47209, 35.74902, 139.4733, 35.75003], "geometry": {"type": "LineString", "coordinates": [[139.4733, 35.74902], [139.47209, 35.75003]]}, "properties": {"id": "GEOM_TOKYO_0763", "route_id": "R_7FBFAABB", "route_name": "新宿線", "route_color": "#00A15F", "route_text_color": "#ffffff", "line_name": "新宿線", "operator_id": "seibu", "representation": "service_path", "min_zoom": 0, "max_zoom": 24, "offset_rank": 0}}, {"type": "Feature", "bbox": [139.45808, 35.79894, 139.46491, 35.80499], "geometry": {"type": "LineString", "coordinates": [[139.46491, 35.79894], [139.46427, 35.79951], [139.4636, 35.80012], [139.4631, 35.80056], [139.46261, 35.80099], [139.46216, 35.80136], [139.46168, 35.80179], [139.4611, 35.80231], [139.46079, 35.80256], [139.46058, 35.80276], [139.46036, 35.80295], [139.46019, 35.8031], [139.4599, 35.80336], [139.45969, 35.80356], [139.45863, 35.8045], [139.45808, 35.80499]]}, "properties": {"id": "GEOM_TOKYO_0764", "route_id": "R_7FBFAABB", "route_name": "新宿線", "route_color": "#00A15F", "route_text_color": "#ffffff", "line_name": "新宿線", "operator_id": "seibu", "representation": "service_path", "min_zoom": 0, "max_zoom": 24, "offset_rank": 0}}, {"type": "Feature", "bbox": [139.48944, 35.72641, 139.5127, 35.73648], "geometry": {"type": "LineString", "coordinates": [[139.48944, 35.73648], [139.49211, 35.73531], [139.49384, 35.73456], [139.49552, 35.73383], [139.4959, 35.73367], [139.49679, 35.73329], [139.49703, 35.7332], [139.49767, 35.73293], [139.49871, 35.73247], [139.50008, 35.73189], [139.50124, 35.73149], [139.50206, 35.73124], [139.50239, 35.73113], [139.50263, 35.73098], [139.50287, 35.73082], [139.50301, 35.73071], [139.50322, 35.73056], [139.50347, 35.73038], [139.50372, 35.7302], [139.50411, 35.72998], [139.50445, 35.72986], [139.50484, 35.72975], [139.50524, 35.72965], [139.50577, 35.72942], [139.50595, 35.72935], [139.50634, 35.72917], [139.50746, 35.72869], [139.5086, 35.72823], [139.50973, 35.72769], [139.51095, 35.72717], [139.51123, 35.72705], [139.51159, 35.7269], [139.51217, 35.72663], [139.5127, 35.72641]]}, "properties": {"id": "GEOM_TOKYO_0766", "route_id": "R_7FBFAABB", "route_name": "新宿線", "route_color": "#00A15F", "route_text_color": "#ffffff", "line_name": "新宿線", "operator_id": "seibu", "representation": "service_path", "min_zoom": 0, "max_zoom": 24, "offset_rank": 0}}, {"type": "Feature", "bbox": [139.46708, 35.76464, 139.47318, 35.78622], "geometry": {"type": "LineString", "coordinates": [[139.46708, 35.76464], [139.46725, 35.76489], [139.46769, 35.76561], [139.46779, 35.76578], [139.4681, 35.76627], [139.46864, 35.76716], [139.46895, 35.76764], [139.46949, 35.76852], [139.46976, 35.76897], [139.47032, 35.76989], [139.47064, 35.77039], [139.47102, 35.77103], [139.4713, 35.77146], [139.47154, 35.77187], [139.47201, 35.77264], [139.47226, 35.77307], [139.47249, 35.77349], [139.4726, 35.7737], [139.47275, 35.77399], [139.47286, 35.77423], [139.47295, 35.77443], [139.47296, 35.77447], [139.47299, 35.77455], [139.47305, 35.77477], [139.4731, 35.77494], [139.47313, 35.77513], [139.47316, 35.77545], [139.47318, 35.7758], [139.47315, 35.77666], [139.47314, 35.77693], [139.47314, 35.77696], [139.47303, 35.7786], [139.47301, 35.77903], [139.47293, 35.78039], [139.4729, 35.78071], [139.47287, 35.78121], [139.47284, 35.78154], [139.4728, 35.78196], [139.47277, 35.7826], [139.47274, 35.7829], [139.47275, 35.78312], [139.47277, 35.78337], [139.4728, 35.78369], [139.47288, 35.78421], [139.47299, 35.78492], [139.47308, 35.78565], [139.47312, 35.78592], [139.47317, 35.78622]]}, "properties": {"id": "GEOM_TOKYO_0767", "route_id": "R_7FBFAABB", "route_name": "新宿線", "route_color": "#00A15F", "route_text_color": "#ffffff", "line_name": "新宿線", "operator_id": "seibu", "representation": "service_path", "min_zoom": 0, "max_zoom": 24, "offset_rank": 0}}, {"type": "Feature", "bbox": [139.5381, 35.7271, 139.53987, 35.72729], "geometry": {"type": "LineString", "coordinates": [[139.53987, 35.72729], [139.5381, 35.7271]]}, "properties": {"id": "GEOM_TOKYO_0768", "route_id": "R_7FBFAABB", "route_name": "新宿線", "route_color": "#00A15F", "route_text_color": "#ffffff", "line_name": "新宿線", "operator_id": "seibu", "representation": "service_path", "min_zoom": 0, "max_zoom": 24, "offset_rank": 0}}, {"type": "Feature", "bbox": [139.51394, 35.72501, 139.5381, 35.7271], "geometry": {"type": "LineString", "coordinates": [[139.51394, 35.72588], [139.51429, 35.72573], [139.51461, 35.72562], [139.51477, 35.72557], [139.51542, 35.72539], [139.51621, 35.72521], [139.51655, 35.72515], [139.51695, 35.72508], [139.51763, 35.72502], [139.51784, 35.72501], [139.51852, 35.72501], [139.51897, 35.72503], [139.5196, 35.72508], [139.52011, 35.72515], [139.52081, 35.72522], [139.52082, 35.72522], [139.52168, 35.72532], [139.52184, 35.72535], [139.523, 35.72547], [139.52378, 35.72556], [139.5242, 35.72559], [139.52545, 35.72573], [139.5267, 35.72588], [139.5271, 35.72593], [139.52727, 35.72595], [139.52809, 35.72603], [139.52934, 35.72616], [139.53057, 35.72629], [139.53178, 35.72643], [139.53209, 35.72644], [139.53233, 35.72647], [139.53304, 35.72655], [139.53423, 35.72668], [139.53549, 35.72682], [139.53669, 35.72694], [139.53766, 35.72706], [139.53807, 35.72709], [139.5381, 35.7271]]}, "properties": {"id": "GEOM_TOKYO_0770", "route_id": "R_7FBFAABB", "route_name": "新宿線", "route_color": "#00A15F", "route_text_color": "#ffffff", "line_name": "新宿線", "operator_id": "seibu", "representation": "service_path", "min_zoom": 0, "max_zoom": 24, "offset_rank": 0}}, {"type": "Feature", "bbox": [139.5127, 35.72588, 139.51394, 35.72641], "geometry": {"type": "LineString", "coordinates": [[139.51394, 35.72588], [139.5127, 35.72641]]}, "properties": {"id": "GEOM_TOKYO_0771", "route_id": "R_7FBFAABB", "route_name": "新宿線", "route_color": "#00A15F", "route_text_color": "#ffffff", "line_name": "新宿線", "operator_id": "seibu", "representation": "service_path", "min_zoom": 0, "max_zoom": 24, "offset_rank": 0}}, {"type": "Feature", "bbox": [139.42779, 35.80662, 139.45626, 35.83185], "geometry": {"type": "LineString", "coordinates": [[139.45626, 35.80662], [139.456, 35.80685], [139.45585, 35.80698], [139.45527, 35.80749], [139.45413, 35.80848], [139.45359, 35.80897], [139.45243, 35.81001], [139.45183, 35.81054], [139.45104, 35.81126], [139.45056, 35.81169], [139.4497, 35.81247], [139.44907, 35.81303], [139.44854, 35.81352], [139.44838, 35.81367], [139.44783, 35.81415], [139.44703, 35.81486], [139.4467, 35.81516], [139.44622, 35.81556], [139.44573, 35.81599], [139.44529, 35.81637], [139.44482, 35.81678], [139.44453, 35.81703], [139.44429, 35.81726], [139.44358, 35.81786], [139.44312, 35.81825], [139.44282, 35.81852], [139.44203, 35.81925], [139.44155, 35.81968], [139.44127, 35.81993], [139.44103, 35.82015], [139.44075, 35.82041], [139.4405, 35.82063], [139.43991, 35.82115], [139.43914, 35.82184], [139.43849, 35.82244], [139.43766, 35.82317], [139.43724, 35.82355], [139.43672, 35.82402], [139.43615, 35.82453], [139.43559, 35.82503], [139.43533, 35.82525], [139.43518, 35.82538], [139.43465, 35.82584], [139.434, 35.82641], [139.43358, 35.82678], [139.43308, 35.82721], [139.43273, 35.82752], [139.43242, 35.82779], [139.4321, 35.82806], [139.43173, 35.8284], [139.43134, 35.82874], [139.43085, 35.82917], [139.43044, 35.82954], [139.43003, 35.82989], [139.42947, 35.83038], [139.4287, 35.83105], [139.4282, 35.83149], [139.42779, 35.83185]]}, "properties": {"id": "GEOM_TOKYO_0772", "route_id": "R_7FBFAABB", "route_name": "新宿線", "route_color": "#00A15F", "route_text_color": "#ffffff", "line_name": "新宿線", "operator_id": "seibu", "representation": "service_path", "min_zoom": 0, "max_zoom": 24, "offset_rank": 0}}, {"type": "Feature", "bbox": [139.55186, 35.72853, 139.55294, 35.72863], "geometry": {"type": "LineString", "coordinates": [[139.55294, 35.72863], [139.55186, 35.72853]]}, "properties": {"id": "GEOM_TOKYO_0773", "route_id": "R_7FBFAABB", "route_name": "新宿線", "route_color": "#00A15F", "route_text_color": "#ffffff", "line_name": "新宿線", "operator_id": "seibu", "representation": "service_path", "min_zoom": 0, "max_zoom": 24, "offset_rank": 0}}, {"type": "Feature", "bbox": [139.53987, 35.72729, 139.55186, 35.72853], "geometry": {"type": "LineString", "coordinates": [[139.53987, 35.72729], [139.5399, 35.72729], [139.54036, 35.72734], [139.5408, 35.72739], [139.54139, 35.72746], [139.54187, 35.72751], [139.5429, 35.72765], [139.54343, 35.7277], [139.54378, 35.72774], [139.54417, 35.72779], [139.54541, 35.72794], [139.54656, 35.72805], [139.54728, 35.72813], [139.54796, 35.72821], [139.54849, 35.72826], [139.54878, 35.72829], [139.54939, 35.72834], [139.54991, 35.72838], [139.55059, 35.72845], [139.55119, 35.72848], [139.55151, 35.72851], [139.55186, 35.72853]]}, "properties": {"id": "GEOM_TOKYO_0774", "route_id": "R_7FBFAABB", "route_name": "新宿線", "route_color": "#00A15F", "route_text_color": "#ffffff", "line_name": "新宿線", "operator_id": "seibu", "representation": "service_path", "min_zoom": 0, "max_zoom": 24, "offset_rank": 0}}, {"type": "Feature", "bbox": [139.44845, 35.76756, 139.44934, 35.76791], "geometry": {"type": "LineString", "coordinates": [[139.44845, 35.76791], [139.44934, 35.76756]]}, "properties": {"id": "GEOM_TOKYO_0775", "route_id": "R_877FD261", "route_name": "西武園線", "route_color": "#00A15F", "route_text_color": "#ffffff", "line_name": "西武園線", "operator_id": "seibu", "representation": "service_path", "min_zoom": 0, "max_zoom": 24, "offset_rank": 0}}, {"type": "Feature", "bbox": [139.44934, 35.76464, 139.46714, 35.76807], "geometry": {"type": "LineString", "coordinates": [[139.44934, 35.76756], [139.45028, 35.7672], [139.45087, 35.76697], [139.45175, 35.76665], [139.45209, 35.76655], [139.45249, 35.76645], [139.45278, 35.76641], [139.453, 35.76639], [139.45322, 35.76637], [139.45334, 35.76637], [139.4538, 35.76641], [139.45434, 35.76648], [139.45484, 35.76657], [139.45611, 35.76682], [139.45671, 35.76694], [139.45753, 35.76708], [139.45832, 35.76723], [139.459, 35.76736], [139.45902, 35.76736], [139.45981, 35.7675], [139.46036, 35.76759], [139.46154, 35.76778], [139.46223, 35.76789], [139.46281, 35.76797], [139.46297, 35.768], [139.46322, 35.76804], [139.46351, 35.76806], [139.46387, 35.76807], [139.46433, 35.76806], [139.46453, 35.76804], [139.46476, 35.768], [139.46493, 35.76797], [139.46509, 35.76793], [139.46526, 35.76787], [139.46546, 35.76777], [139.46568, 35.76766], [139.46588, 35.76754], [139.46615, 35.76734], [139.46634, 35.76719], [139.46657, 35.76698], [139.46669, 35.76684], [139.46682, 35.76662], [139.46694, 35.76636], [139.46706, 35.766], [139.46713, 35.76575], [139.46714, 35.76546], [139.46713, 35.76518], [139.46711, 35.7649], [139.46708, 35.76464]]}, "properties": {"id": "GEOM_TOKYO_0776", "route_id": "R_877FD261", "route_name": "西武園線", "route_color": "#00A15F", "route_text_color": "#ffffff", "line_name": "西武園線", "operator_id": "seibu", "representation": "service_path", "min_zoom": 0, "max_zoom": 24, "offset_rank": 0}}, {"type": "Feature", "bbox": [139.46591, 35.7609, 139.46708, 35.76464], "geometry": {"type": "LineString", "coordinates": [[139.46708, 35.76464], [139.46695, 35.76439], [139.46678, 35.76407], [139.46656, 35.76365], [139.46646, 35.76346], [139.4663, 35.76312], [139.46613, 35.76271], [139.46604, 35.76249], [139.46602, 35.7624], [139.46599, 35.76221], [139.46596, 35.7619], [139.46595, 35.76135], [139.46591, 35.7609]]}, "properties": {"id": "GEOM_TOKYO_0777", "route_id": "R_877FD261", "route_name": "西武園線", "route_color": "#00A15F", "route_text_color": "#ffffff", "line_name": "西武園線", "operator_id": "seibu", "representation": "service_path", "min_zoom": 0, "max_zoom": 24, "offset_rank": 0}}, {"type": "Feature", "bbox": [139.46581, 35.75903, 139.46591, 35.7609], "geometry": {"type": "LineString", "coordinates": [[139.46581, 35.75903], [139.46591, 35.7609]]}, "properties": {"id": "GEOM_TOKYO_0778", "route_id": "R_877FD261", "route_name": "西武園線", "route_color": "#00A15F", "route_text_color": "#ffffff", "line_name": "西武園線", "operator_id": "seibu", "representation": "service_path", "min_zoom": 0, "max_zoom": 24, "offset_rank": 0}}, {"type": "Feature", "bbox": [139.09779, 35.98387, 139.09876, 35.98513], "geometry": {"type": "LineString", "coordinates": [[139.09876, 35.98387], [139.09779, 35.98513]]}, "properties": {"id": "GEOM_TOKYO_0779", "route_id": "R_9BE40388", "route_name": "西武秩父線", "route_color": "#00A15F", "route_text_color": "#ffffff", "line_name": "西武秩父線", "operator_id": "seibu", "representation": "service_path", "min_zoom": 0, "max_zoom": 24, "offset_rank": 0}}, {"type": "Feature", "bbox": [139.08262, 35.98896, 139.08337, 35.99106], "geometry": {"type": "LineString", "coordinates": [[139.08262, 35.98896], [139.08337, 35.99106]]}, "properties": {"id": "GEOM_TOKYO_0780", "route_id": "R_9BE40388", "route_name": "西武秩父線", "route_color": "#00A15F", "route_text_color": "#ffffff", "line_name": "西武秩父線", "operator_id": "seibu", "representation": "service_path", "min_zoom": 0, "max_zoom": 24, "offset_rank": 0}}, {"type": "Feature", "bbox": [139.08233, 35.98829, 139.08262, 35.98896], "geometry": {"type": "LineString", "coordinates": [[139.08233, 35.98829], [139.08262, 35.98896]]}, "properties": {"id": "GEOM_TOKYO_0781", "route_id": "R_9BE40388", "route_name": "西武秩父線", "route_color": "#00A15F", "route_text_color": "#ffffff", "line_name": "西武秩父線", "operator_id": "seibu", "representation": "service_path", "min_zoom": 0, "max_zoom": 24, "offset_rank": 0}}, {"type": "Feature", "bbox": [139.08233, 35.98829, 139.08237, 35.9889], "geometry": {"type": "LineString", "coordinates": [[139.08233, 35.98829], [139.08235, 35.98848], [139.08237, 35.9889]]}, "properties": {"id": "GEOM_TOKYO_0782", "route_id": "R_9BE40388", "route_name": "西武秩父線", "route_color": "#00A15F", "route_text_color": "#ffffff", "line_name": "西武秩父線", "operator_id": "seibu", "representation": "service_path", "min_zoom": 0, "max_zoom": 24, "offset_rank": 0}}, {"type": "Feature", "bbox": [139.08181, 35.98413, 139.09779, 35.98887], "geometry": {"type": "LineString", "coordinates": [[139.09779, 35.98513], [139.09746, 35.98557], [139.09738, 35.98567], [139.0972, 35.98594], [139.09715, 35.986], [139.09707, 35.9861], [139.09698, 35.98623], [139.09631, 35.98713], [139.0962, 35.98729], [139.09609, 35.98743], [139.09601, 35.98755], [139.09582, 35.9878], [139.09557, 35.98806], [139.0953, 35.98829], [139.09508, 35.98842], [139.09473, 35.98859], [139.09453, 35.98867], [139.09433, 35.98872], [139.09411, 35.98876], [139.09349, 35.98885], [139.09317, 35.98887], [139.0928, 35.98886], [139.09247, 35.9888], [139.09217, 35.98873], [139.09194, 35.98868], [139.09119, 35.98842], [139.09096, 35.98833], [139.09073, 35.98822], [139.0905, 35.98806], [139.09034, 35.98794], [139.0902, 35.9878], [139.09002, 35.9876], [139.08982, 35.98729], [139.08964, 35.98699], [139.08908, 35.98616], [139.08862, 35.9856], [139.08828, 35.98536], [139.08779, 35.98506], [139.08732, 35.98484], [139.08683, 35.98465], [139.08644, 35.98454], [139.08597, 35.98441], [139.08542, 35.98426], [139.08528, 35.98423], [139.08513, 35.98419], [139.0848, 35.98414], [139.08468, 35.98413], [139.08451, 35.98413], [139.08433, 35.98414], [139.0842, 35.98415], [139.08405, 35.98418], [139.08388, 35.98421], [139.08344, 35.98434], [139.08336, 35.98437], [139.0832, 35.98444], [139.08267, 35.98474], [139.08237, 35.98499], [139.08223, 35.98514], [139.08205, 35.98541], [139.08195, 35.98563], [139.0819, 35.98576], [139.08184, 35.98596], [139.08181, 35.98618], [139.08182, 35.98655], [139.08184, 35.98675], [139.08187, 35.98688], [139.0819, 35.98699], [139.08211, 35.98756], [139.08218, 35.9878], [139.08233, 35.98829]]}, "properties": {"id": "GEOM_TOKYO_0783", "route_id": "R_9BE40388", "route_name": "西武秩父線", "route_color": "#00A15F", "route_text_color": "#ffffff", "line_name": "西武秩父線", "operator_id": "seibu", "representation": "service_path", "min_zoom": 0, "max_zoom": 24, "offset_rank": 0}}, {"type": "Feature", "bbox": [139.13498, 35.97628, 139.13702, 35.97653], "geometry": {"type": "LineString", "coordinates": [[139.13498, 35.97628], [139.13702, 35.97653]]}, "properties": {"id": "GEOM_TOKYO_0784", "route_id": "R_9BE40388", "route_name": "西武秩父線", "route_color": "#00A15F", "route_text_color": "#ffffff", "line_name": "西武秩父線", "operator_id": "seibu", "representation": "service_path", "min_zoom": 0, "max_zoom": 24, "offset_rank": 0}}, {"type": "Feature", "bbox": [139.13702, 35.9386, 139.18085, 35.9767], "geometry": {"type": "LineString", "coordinates": [[139.13702, 35.97653], [139.13748, 35.97658], [139.13781, 35.9766], [139.13824, 35.97665], [139.13878, 35.97668], [139.13951, 35.97669], [139.14019, 35.9767], [139.1408, 35.97669], [139.14098, 35.97669], [139.1413, 35.97666], [139.14161, 35.97661], [139.14223, 35.97644], [139.14286, 35.97625], [139.14326, 35.97607], [139.14358, 35.97597], [139.14416, 35.97575], [139.14443, 35.97564], [139.14483, 35.97553], [139.14521, 35.9754], [139.14542, 35.97531], [139.14553, 35.97527], [139.14562, 35.97524], [139.14597, 35.97507], [139.14633, 35.97485], [139.1466, 35.97466], [139.14683, 35.9744], [139.14699, 35.97422], [139.14714, 35.97402], [139.14745, 35.97367], [139.14775, 35.97336], [139.14796, 35.97313], [139.14809, 35.97299], [139.1484, 35.97267], [139.14927, 35.97173], [139.14943, 35.97155], [139.1496, 35.97136], [139.15003, 35.97091], [139.15035, 35.97057], [139.15139, 35.96944], [139.15153, 35.9693], [139.15187, 35.96894], [139.15219, 35.9686], [139.1525, 35.96825], [139.15292, 35.96782], [139.15322, 35.9675], [139.15352, 35.96717], [139.1542, 35.96641], [139.15452, 35.96607], [139.15474, 35.96581], [139.15476, 35.96579], [139.15496, 35.96558], [139.15507, 35.96546], [139.15527, 35.96526], [139.15563, 35.96487], [139.15596, 35.96454], [139.15626, 35.96418], [139.15664, 35.96379], [139.1576, 35.96276], [139.15788, 35.96246], [139.15824, 35.96207], [139.1586, 35.96169], [139.15895, 35.96131], [139.15948, 35.96078], [139.15954, 35.96068], [139.1597, 35.96053], [139.16002, 35.9602], [139.16038, 35.95982], [139.16078, 35.95941], [139.16091, 35.95928], [139.16151, 35.95864], [139.16178, 35.95835], [139.1622, 35.9579], [139.16253, 35.95756], [139.16283, 35.95721], [139.16315, 35.95689], [139.16348, 35.95654], [139.16382, 35.95616], [139.16407, 35.95589], [139.16447, 35.95546], [139.16463, 35.95529], [139.16585, 35.954], [139.16612, 35.95371], [139.16642, 35.95339], [139.16706, 35.9527], [139.16779, 35.9519], [139.16821, 35.95146], [139.16826, 35.95141], [139.16854, 35.95111], [139.16882, 35.95078], [139.16919, 35.95039], [139.16973, 35.94982], [139.17007, 35.94945], [139.17039, 35.94911], [139.17071, 35.94874], [139.17102, 35.94843], [139.17142, 35.94799], [139.17174, 35.94767], [139.17214, 35.94722], [139.17245, 35.94691], [139.17254, 35.94682], [139.17292, 35.94641], [139.17299, 35.94631], [139.17345, 35.94581], [139.17397, 35.94529], [139.17495, 35.94426], [139.17527, 35.94393], [139.17544, 35.94373], [139.1758, 35.94339], [139.17618, 35.94294], [139.17702, 35.94205], [139.17715, 35.94191], [139.17736, 35.94168], [139.17752, 35.9415], [139.17786, 35.94116], [139.17818, 35.94078], [139.17856, 35.9404], [139.17879, 35.94017], [139.17916, 35.93974], [139.17943, 35.93942], [139.17963, 35.93924], [139.17974, 35.93917], [139.18015, 35.93896], [139.18053, 35.93876], [139.18085, 35.9386]]}, "properties": {"id": "GEOM_TOKYO_0785", "route_id": "R_9BE40388", "route_name": "西武秩父線", "route_color": "#00A15F", "route_text_color": "#ffffff", "line_name": "西武秩父線", "operator_id": "seibu", "representation": "service_path", "min_zoom": 0, "max_zoom": 24, "offset_rank": 0}}, {"type": "Feature", "bbox": [139.20231, 35.92642, 139.20252, 35.92757], "geometry": {"type": "LineString", "coordinates": [[139.20252, 35.92757], [139.20231, 35.92642]]}, "properties": {"id": "GEOM_TOKYO_0786", "route_id": "R_9BE40388", "route_name": "西武秩父線", "route_color": "#00A15F", "route_text_color": "#ffffff", "line_name": "西武秩父線", "operator_id": "seibu", "representation": "service_path", "min_zoom": 0, "max_zoom": 24, "offset_rank": 0}}, {"type": "Feature", "bbox": [139.09876, 35.9724, 139.13498, 35.98387], "geometry": {"type": "LineString", "coordinates": [[139.09876, 35.98387], [139.09895, 35.98362], [139.09958, 35.98276], [139.09979, 35.98251], [139.09993, 35.9823], [139.10018, 35.98199], [139.10053, 35.9815], [139.10099, 35.98089], [139.10122, 35.98058], [139.10145, 35.98029], [139.10161, 35.98013], [139.10191, 35.97979], [139.1023, 35.97941], [139.10252, 35.97923], [139.1028, 35.97898], [139.10333, 35.97861], [139.10351, 35.97849], [139.10379, 35.97832], [139.10417, 35.97808], [139.10467, 35.97786], [139.10567, 35.97742], [139.1071, 35.97679], [139.10749, 35.97662], [139.10796, 35.97642], [139.10865, 35.97611], [139.10929, 35.97583], [139.1094, 35.97579], [139.10998, 35.97554], [139.11038, 35.97537], [139.11091, 35.97514], [139.11128, 35.97497], [139.11153, 35.97488], [139.11348, 35.97419], [139.11546, 35.97357], [139.11611, 35.97339], [139.11689, 35.97316], [139.11725, 35.97305], [139.11839, 35.97273], [139.11905, 35.97255], [139.11943, 35.97246], [139.11974, 35.97241], [139.12011, 35.9724], [139.12042, 35.97244], [139.12066, 35.97249], [139.121, 35.97261], [139.12134, 35.97282], [139.12182, 35.97315], [139.12198, 35.97328], [139.12245, 35.97366], [139.12269, 35.97382], [139.12296, 35.97395], [139.12331, 35.9741], [139.12352, 35.97417], [139.12373, 35.97425], [139.12386, 35.9743], [139.12406, 35.97435], [139.12424, 35.97445], [139.12459, 35.97454], [139.12481, 35.97462], [139.12509, 35.97469], [139.12538, 35.97475], [139.12592, 35.97486], [139.1262, 35.97492], [139.12645, 35.97497], [139.12664, 35.975], [139.12697, 35.97504], [139.12713, 35.97508], [139.12742, 35.97512], [139.12764, 35.97515], [139.12795, 35.97521], [139.12823, 35.97525], [139.12855, 35.9753], [139.12886, 35.97534], [139.12929, 35.97542], [139.12974, 35.97548], [139.13007, 35.97554], [139.13057, 35.97562], [139.13129, 35.97576], [139.13234, 35.97589], [139.13276, 35.97593], [139.13315, 35.97597], [139.13344, 35.97602], [139.13498, 35.97628]]}, "properties": {"id": "GEOM_TOKYO_0787", "route_id": "R_9BE40388", "route_name": "西武秩父線", "route_color": "#00A15F", "route_text_color": "#ffffff", "line_name": "西武秩父線", "operator_id": "seibu", "representation": "service_path", "min_zoom": 0, "max_zoom": 24, "offset_rank": 0}}, {"type": "Feature", "bbox": [139.20144, 35.90834, 139.22536, 35.92642], "geometry": {"type": "LineString", "coordinates": [[139.22536, 35.90834], [139.22514, 35.90839], [139.22395, 35.90867], [139.22329, 35.9089], [139.22283, 35.90912], [139.2223, 35.90944], [139.22191, 35.90981], [139.22159, 35.91025], [139.22145, 35.91063], [139.22115, 35.91157], [139.22101, 35.91189], [139.22069, 35.91241], [139.22049, 35.91264], [139.22027, 35.91281], [139.21987, 35.91306], [139.21958, 35.91325], [139.21902, 35.91358], [139.21871, 35.91376], [139.21828, 35.91404], [139.21787, 35.9144], [139.2177, 35.91462], [139.21751, 35.91496], [139.21739, 35.91528], [139.21726, 35.91592], [139.21705, 35.91671], [139.21689, 35.9171], [139.21659, 35.9175], [139.21618, 35.91785], [139.21566, 35.91817], [139.21508, 35.91846], [139.21442, 35.91874], [139.21406, 35.91888], [139.2136, 35.91907], [139.21306, 35.91918], [139.21294, 35.91919], [139.21254, 35.91921], [139.212, 35.91921], [139.21117, 35.91917], [139.2111, 35.91917], [139.20864, 35.91905], [139.20775, 35.91908], [139.20724, 35.91914], [139.207, 35.91919], [139.20671, 35.91928], [139.2061, 35.91959], [139.20567, 35.91981], [139.20557, 35.91986], [139.20518, 35.92004], [139.20475, 35.92027], [139.20381, 35.92076], [139.20352, 35.92094], [139.2033, 35.92109], [139.20299, 35.92138], [139.20239, 35.92198], [139.20227, 35.92212], [139.20196, 35.92251], [139.20167, 35.9229], [139.20154, 35.92311], [139.20148, 35.92329], [139.20145, 35.92346], [139.20144, 35.92367], [139.20144, 35.92391], [139.20146, 35.92398], [139.20162, 35.92452], [139.20169, 35.92481], [139.20179, 35.92507], [139.20202, 35.92556], [139.20211, 35.92576], [139.20223, 35.92604], [139.20231, 35.92642]]}, "properties": {"id": "GEOM_TOKYO_0788", "route_id": "R_9BE40388", "route_name": "西武秩父線", "route_color": "#00A15F", "route_text_color": "#ffffff", "line_name": "西武秩父線", "operator_id": "seibu", "representation": "service_path", "min_zoom": 0, "max_zoom": 24, "offset_rank": 0}}, {"type": "Feature", "bbox": [139.18085, 35.938, 139.18212, 35.9386], "geometry": {"type": "LineString", "coordinates": [[139.18085, 35.9386], [139.18212, 35.938]]}, "properties": {"id": "GEOM_TOKYO_0789", "route_id": "R_9BE40388", "route_name": "西武秩父線", "route_color": "#00A15F", "route_text_color": "#ffffff", "line_name": "西武秩父線", "operator_id": "seibu", "representation": "service_path", "min_zoom": 0, "max_zoom": 24, "offset_rank": 0}}, {"type": "Feature", "bbox": [139.18212, 35.92757, 139.20313, 35.938], "geometry": {"type": "LineString", "coordinates": [[139.18212, 35.938], [139.18386, 35.9372], [139.18424, 35.93702], [139.18452, 35.93689], [139.18481, 35.93676], [139.18506, 35.93666], [139.18559, 35.93652], [139.18576, 35.9365], [139.18603, 35.93649], [139.18717, 35.93644], [139.18866, 35.93639], [139.18951, 35.93633], [139.19005, 35.9363], [139.1907, 35.93624], [139.19125, 35.93618], [139.19183, 35.9361], [139.19236, 35.93602], [139.19283, 35.93592], [139.19314, 35.93585], [139.19367, 35.93564], [139.19408, 35.93554], [139.19446, 35.93541], [139.19504, 35.93527], [139.19522, 35.93525], [139.1954, 35.93525], [139.19559, 35.93525], [139.19588, 35.93527], [139.19615, 35.93531], [139.19657, 35.93535], [139.19681, 35.93538], [139.19702, 35.93539], [139.19725, 35.93539], [139.19743, 35.93537], [139.19766, 35.93534], [139.19783, 35.93528], [139.19812, 35.93518], [139.19829, 35.93507], [139.19859, 35.93489], [139.19911, 35.93458], [139.19964, 35.93421], [139.20039, 35.9338], [139.20103, 35.93347], [139.2015, 35.9332], [139.20165, 35.93307], [139.20181, 35.93294], [139.20203, 35.93261], [139.20256, 35.93187], [139.20288, 35.93143], [139.20297, 35.93121], [139.20306, 35.93104], [139.20311, 35.93071], [139.20313, 35.9306], [139.20313, 35.93038], [139.20312, 35.93024], [139.20306, 35.92995], [139.2029, 35.92939], [139.20276, 35.92873], [139.20273, 35.92856], [139.20252, 35.92757]]}, "properties": {"id": "GEOM_TOKYO_0790", "route_id": "R_9BE40388", "route_name": "西武秩父線", "route_color": "#00A15F", "route_text_color": "#ffffff", "line_name": "西武秩父線", "operator_id": "seibu", "representation": "service_path", "min_zoom": 0, "max_zoom": 24, "offset_rank": 0}}, {"type": "Feature", "bbox": [139.22536, 35.90829, 139.22645, 35.90834], "geometry": {"type": "LineString", "coordinates": [[139.22645, 35.90831], [139.22592, 35.90829], [139.22536, 35.90834]]}, "properties": {"id": "GEOM_TOKYO_0791", "route_id": "R_9BE40388", "route_name": "西武秩父線", "route_color": "#00A15F", "route_text_color": "#ffffff", "line_name": "西武秩父線", "operator_id": "seibu", "representation": "service_path", "min_zoom": 0, "max_zoom": 24, "offset_rank": 0}}, {"type": "Feature", "bbox": [139.46706, 35.74459, 139.46844, 35.74519], "geometry": {"type": "LineString", "coordinates": [[139.46844, 35.74459], [139.46706, 35.74519]]}, "properties": {"id": "GEOM_TOKYO_0799", "route_id": "R_2BD33187", "route_name": "多摩湖線", "route_color": "#00A15F", "route_text_color": "#ffffff", "line_name": "多摩湖線", "operator_id": "seibu", "representation": "service_path", "min_zoom": 0, "max_zoom": 24, "offset_rank": 0}}, {"type": "Feature", "bbox": [139.4766, 35.73134, 139.47794, 35.74031], "geometry": {"type": "LineString", "coordinates": [[139.4766, 35.73134], [139.47681, 35.73425], [139.47686, 35.73479], [139.47695, 35.73565], [139.47696, 35.73584], [139.47698, 35.73598], [139.47701, 35.73612], [139.47705, 35.73629], [139.4771, 35.73644], [139.47723, 35.73682], [139.47737, 35.73716], [139.47749, 35.73743], [139.47757, 35.73763], [139.4777, 35.73801], [139.47779, 35.7383], [139.47786, 35.73859], [139.47789, 35.73878], [139.47793, 35.73899], [139.47794, 35.7391], [139.47793, 35.73921], [139.47792, 35.73933], [139.47791, 35.7394], [139.47788, 35.73951], [139.47785, 35.73959], [139.47779, 35.73972], [139.47773, 35.73983], [139.47769, 35.73992], [139.47764, 35.74], [139.47745, 35.74031]]}, "properties": {"id": "GEOM_TOKYO_0800", "route_id": "R_2BD33187", "route_name": "多摩湖線", "route_color": "#00A15F", "route_text_color": "#ffffff", "line_name": "多摩湖線", "operator_id": "seibu", "representation": "service_path", "min_zoom": 0, "max_zoom": 24, "offset_rank": 0}}, {"type": "Feature", "bbox": [139.47654, 35.73064, 139.4766, 35.73134], "geometry": {"type": "LineString", "coordinates": [[139.47654, 35.73064], [139.4766, 35.73134]]}, "properties": {"id": "GEOM_TOKYO_0801", "route_id": "R_2BD33187", "route_name": "多摩湖線", "route_color": "#00A15F", "route_text_color": "#ffffff", "line_name": "多摩湖線", "operator_id": "seibu", "representation": "service_path", "min_zoom": 0, "max_zoom": 24, "offset_rank": 0}}, {"type": "Feature", "bbox": [139.47473, 35.74125, 139.4762, 35.74191], "geometry": {"type": "LineString", "coordinates": [[139.4762, 35.74125], [139.4758, 35.74148], [139.47473, 35.74191]]}, "properties": {"id": "GEOM_TOKYO_0802", "route_id": "R_2BD33187", "route_name": "多摩湖線", "route_color": "#00A15F", "route_text_color": "#ffffff", "line_name": "多摩湖線", "operator_id": "seibu", "representation": "service_path", "min_zoom": 0, "max_zoom": 24, "offset_rank": 0}}, {"type": "Feature", "bbox": [139.46844, 35.74191, 139.47473, 35.74459], "geometry": {"type": "LineString", "coordinates": [[139.47473, 35.74191], [139.47366, 35.74237], [139.47008, 35.74389], [139.46844, 35.74459]]}, "properties": {"id": "GEOM_TOKYO_0803", "route_id": "R_2BD33187", "route_name": "多摩湖線", "route_color": "#00A15F", "route_text_color": "#ffffff", "line_name": "多摩湖線", "operator_id": "seibu", "representation": "service_path", "min_zoom": 0, "max_zoom": 24, "offset_rank": 0}}, {"type": "Feature", "bbox": [139.47913, 35.70085, 139.47942, 35.70135], "geometry": {"type": "LineString", "coordinates": [[139.47942, 35.70085], [139.47934, 35.70095], [139.47928, 35.70105], [139.47921, 35.70116], [139.47913, 35.70135]]}, "properties": {"id": "GEOM_TOKYO_0804", "route_id": "R_2BD33187", "route_name": "多摩湖線", "route_color": "#00A15F", "route_text_color": "#ffffff", "line_name": "多摩湖線", "operator_id": "seibu", "representation": "service_path", "min_zoom": 0, "max_zoom": 24, "offset_rank": 0}}, {"type": "Feature", "bbox": [139.48003, 35.7217, 139.4801, 35.72251], "geometry": {"type": "LineString", "coordinates": [[139.4801, 35.7217], [139.48003, 35.72251]]}, "properties": {"id": "GEOM_TOKYO_0805", "route_id": "R_2BD33187", "route_name": "多摩湖線", "route_color": "#00A15F", "route_text_color": "#ffffff", "line_name": "多摩湖線", "operator_id": "seibu", "representation": "service_path", "min_zoom": 0, "max_zoom": 24, "offset_rank": 0}}, {"type": "Feature", "bbox": [139.47654, 35.72251, 139.48003, 35.73064], "geometry": {"type": "LineString", "coordinates": [[139.48003, 35.72251], [139.47993, 35.72312], [139.47986, 35.72346], [139.47983, 35.72356], [139.4798, 35.72367], [139.47975, 35.72378], [139.4797, 35.72388], [139.47963, 35.72398], [139.47954, 35.7241], [139.47947, 35.7242], [139.47897, 35.72482], [139.47874, 35.7251], [139.47865, 35.7252], [139.4785, 35.72536], [139.47841, 35.72544], [139.47799, 35.72584], [139.47789, 35.72594], [139.47777, 35.72607], [139.47769, 35.72615], [139.47764, 35.72621], [139.47758, 35.72629], [139.47753, 35.72635], [139.4775, 35.72641], [139.47745, 35.72649], [139.47742, 35.72655], [139.47738, 35.72667], [139.47731, 35.72684], [139.47728, 35.72696], [139.47721, 35.72722], [139.47718, 35.72736], [139.47711, 35.72769], [139.47674, 35.72929], [139.47666, 35.72969], [139.47656, 35.73021], [139.47655, 35.73031], [139.47654, 35.73041], [139.47654, 35.73054], [139.47654, 35.73064]]}, "properties": {"id": "GEOM_TOKYO_0806", "route_id": "R_2BD33187", "route_name": "多摩湖線", "route_color": "#00A15F", "route_text_color": "#ffffff", "line_name": "多摩湖線", "operator_id": "seibu", "representation": "service_path", "min_zoom": 0, "max_zoom": 24, "offset_rank": 0}}, {"type": "Feature", "bbox": [139.44427, 35.74519, 139.46706, 35.75607], "geometry": {"type": "LineString", "coordinates": [[139.46706, 35.74519], [139.46696, 35.74524], [139.46661, 35.74539], [139.46519, 35.746], [139.46477, 35.74617], [139.46372, 35.74663], [139.4635, 35.74673], [139.46292, 35.74697], [139.46189, 35.74741], [139.46086, 35.74786], [139.4598, 35.74831], [139.45847, 35.74889], [139.45767, 35.74923], [139.45664, 35.74968], [139.45598, 35.74996], [139.45452, 35.75059], [139.45268, 35.75138], [139.45122, 35.752], [139.45027, 35.75244], [139.4494, 35.75286], [139.4488, 35.75317], [139.44876, 35.75322], [139.44849, 35.75335], [139.44756, 35.75378], [139.44704, 35.75401], [139.44657, 35.75423], [139.44565, 35.75464], [139.44544, 35.75473], [139.44522, 35.75484], [139.4451, 35.7549], [139.44503, 35.75495], [139.44495, 35.75502], [139.44487, 35.7551], [139.44482, 35.75514], [139.44476, 35.75521], [139.44471, 35.75529], [139.44465, 35.75536], [139.44458, 35.75549], [139.44449, 35.75567], [139.44447, 35.7557], [139.44431, 35.75599], [139.44427, 35.75607]]}, "properties": {"id": "GEOM_TOKYO_0807", "route_id": "R_2BD33187", "route_name": "多摩湖線", "route_color": "#00A15F", "route_text_color": "#ffffff", "line_name": "多摩湖線", "operator_id": "seibu", "representation": "service_path", "min_zoom": 0, "max_zoom": 24, "offset_rank": 0}}, {"type": "Feature", "bbox": [139.4762, 35.74031, 139.47745, 35.74125], "geometry": {"type": "LineString", "coordinates": [[139.47745, 35.74031], [139.47715, 35.74055], [139.47668, 35.74094], [139.4762, 35.74125]]}, "properties": {"id": "GEOM_TOKYO_0808", "route_id": "R_2BD33187", "route_name": "多摩湖線", "route_color": "#00A15F", "route_text_color": "#ffffff", "line_name": "多摩湖線", "operator_id": "seibu", "representation": "service_path", "min_zoom": 0, "max_zoom": 24, "offset_rank": 0}}, {"type": "Feature", "bbox": [139.44255, 35.76511, 139.44288, 35.76646], "geometry": {"type": "LineString", "coordinates": [[139.44288, 35.76511], [139.44255, 35.76646]]}, "properties": {"id": "GEOM_TOKYO_0809", "route_id": "R_2BD33187", "route_name": "多摩湖線", "route_color": "#00A15F", "route_text_color": "#ffffff", "line_name": "多摩湖線", "operator_id": "seibu", "representation": "service_path", "min_zoom": 0, "max_zoom": 24, "offset_rank": 0}}, {"type": "Feature", "bbox": [139.44288, 35.7568, 139.44384, 35.76511], "geometry": {"type": "LineString", "coordinates": [[139.44381, 35.7568], [139.44376, 35.75691], [139.4437, 35.75707], [139.44363, 35.75726], [139.4436, 35.75737], [139.44354, 35.75762], [139.44352, 35.75775], [139.4435, 35.75789], [139.44351, 35.75805], [139.44353, 35.75818], [139.44356, 35.75831], [139.4436, 35.75846], [139.4437, 35.7588], [139.44377, 35.75903], [139.44381, 35.75932], [139.44384, 35.75959], [139.44384, 35.7598], [139.44382, 35.76002], [139.4438, 35.76022], [139.44374, 35.76047], [139.44371, 35.7606], [139.44355, 35.76122], [139.44345, 35.76159], [139.44338, 35.76191], [139.44336, 35.76199], [139.44333, 35.7621], [139.44324, 35.76245], [139.44319, 35.76263], [139.44313, 35.76284], [139.4431, 35.76297], [139.44307, 35.76317], [139.44307, 35.76331], [139.44308, 35.76339], [139.44309, 35.76349], [139.44311, 35.76364], [139.44311, 35.76404], [139.44311, 35.76423], [139.44309, 35.76437], [139.44308, 35.76444], [139.44301, 35.7647], [139.44292, 35.76499], [139.44288, 35.76511]]}, "properties": {"id": "GEOM_TOKYO_0810", "route_id": "R_2BD33187", "route_name": "多摩湖線", "route_color": "#00A15F", "route_text_color": "#ffffff", "line_name": "多摩湖線", "operator_id": "seibu", "representation": "service_path", "min_zoom": 0, "max_zoom": 24, "offset_rank": 0}}, {"type": "Feature", "bbox": [139.44381, 35.75607, 139.44427, 35.7568], "geometry": {"type": "LineString", "coordinates": [[139.44427, 35.75607], [139.44381, 35.7568]]}, "properties": {"id": "GEOM_TOKYO_0811", "route_id": "R_2BD33187", "route_name": "多摩湖線", "route_color": "#00A15F", "route_text_color": "#ffffff", "line_name": "多摩湖線", "operator_id": "seibu", "representation": "service_path", "min_zoom": 0, "max_zoom": 24, "offset_rank": 0}}, {"type": "Feature", "bbox": [139.47742, 35.70135, 139.48039, 35.7217], "geometry": {"type": "LineString", "coordinates": [[139.47913, 35.70135], [139.47845, 35.70284], [139.47788, 35.70405], [139.47777, 35.70428], [139.47763, 35.70454], [139.47756, 35.70468], [139.47751, 35.7048], [139.47748, 35.70489], [139.47744, 35.70503], [139.47742, 35.70516], [139.47742, 35.70525], [139.47742, 35.70537], [139.47743, 35.70545], [139.47744, 35.70552], [139.47747, 35.70567], [139.47751, 35.70588], [139.47755, 35.70602], [139.47759, 35.70616], [139.4777, 35.70652], [139.47794, 35.70736], [139.47815, 35.70808], [139.47832, 35.7087], [139.47863, 35.70985], [139.47875, 35.71033], [139.47891, 35.711], [139.47898, 35.71123], [139.47906, 35.7116], [139.47915, 35.71194], [139.47928, 35.7124], [139.47935, 35.71272], [139.4795, 35.71336], [139.47956, 35.71359], [139.47961, 35.71377], [139.47968, 35.71405], [139.47974, 35.7143], [139.47982, 35.71459], [139.47991, 35.71495], [139.47998, 35.71519], [139.48009, 35.71559], [139.48016, 35.71587], [139.4803, 35.71653], [139.48035, 35.71678], [139.48038, 35.71696], [139.48039, 35.71703], [139.48039, 35.71714], [139.48039, 35.71724], [139.48038, 35.71739], [139.48035, 35.71777], [139.48029, 35.71865], [139.4802, 35.72], [139.48016, 35.72074], [139.4801, 35.72146], [139.4801, 35.7217]]}, "properties": {"id": "GEOM_TOKYO_0812", "route_id": "R_2BD33187", "route_name": "多摩湖線", "route_color": "#00A15F", "route_text_color": "#ffffff", "line_name": "多摩湖線", "operator_id": "seibu", "representation": "service_path", "min_zoom": 0, "max_zoom": 24, "offset_rank": 0}}, {"type": "Feature", "bbox": [139.54379, 35.7019, 139.54474, 35.70192], "geometry": {"type": "LineString", "coordinates": [[139.54474, 35.70192], [139.54379, 35.7019]]}, "properties": {"id": "GEOM_TOKYO_0813", "route_id": "R_594DE0D4", "route_name": "多摩川線", "route_color": "#00A15F", "route_text_color": "#ffffff", "line_name": "多摩川線", "operator_id": "seibu", "representation": "service_path", "min_zoom": 0, "max_zoom": 24, "offset_rank": 0}}, {"type": "Feature", "bbox": [139.52638, 35.69561, 139.52711, 35.69623], "geometry": {"type": "LineString", "coordinates": [[139.52711, 35.69623], [139.52638, 35.69561]]}, "properties": {"id": "GEOM_TOKYO_0814", "route_id": "R_594DE0D4", "route_name": "多摩川線", "route_color": "#00A15F", "route_text_color": "#ffffff", "line_name": "多摩川線", "operator_id": "seibu", "representation": "service_path", "min_zoom": 0, "max_zoom": 24, "offset_rank": 0}}, {"type": "Feature", "bbox": [139.52711, 35.69623, 139.54379, 35.7019], "geometry": {"type": "LineString", "coordinates": [[139.54379, 35.7019], [139.5431, 35.7019], [139.54202, 35.70189], [139.54086, 35.70187], [139.53974, 35.70185], [139.53862, 35.70182], [139.53742, 35.7018], [139.53641, 35.70176], [139.53608, 35.70173], [139.5357, 35.70164], [139.53525, 35.70147], [139.53495, 35.70133], [139.53424, 35.7009], [139.53367, 35.70054], [139.53338, 35.70036], [139.53249, 35.69977], [139.53158, 35.69918], [139.53063, 35.69858], [139.52971, 35.69798], [139.52869, 35.69732], [139.52782, 35.69674], [139.52711, 35.69623]]}, "properties": {"id": "GEOM_TOKYO_0815", "route_id": "R_594DE0D4", "route_name": "多摩川線", "route_color": "#00A15F", "route_text_color": "#ffffff", "line_name": "多摩川線", "operator_id": "seibu", "representation": "service_path", "min_zoom": 0, "max_zoom": 24, "offset_rank": 0}}, {"type": "Feature", "bbox": [139.48921, 35.65584, 139.49904, 35.65616], "geometry": {"type": "LineString", "coordinates": [[139.48921, 35.65616], [139.49168, 35.65604], [139.49679, 35.65584], [139.49757, 35.65585], [139.49803, 35.65587], [139.49856, 35.65595], [139.49904, 35.65607]]}, "properties": {"id": "GEOM_TOKYO_0816", "route_id": "R_594DE0D4", "route_name": "多摩川線", "route_color": "#00A15F", "route_text_color": "#ffffff", "line_name": "多摩川線", "operator_id": "seibu", "representation": "service_path", "min_zoom": 0, "max_zoom": 24, "offset_rank": 0}}, {"type": "Feature", "bbox": [139.49904, 35.65607, 139.50028, 35.65635], "geometry": {"type": "LineString", "coordinates": [[139.49904, 35.65607], [139.50028, 35.65635]]}, "properties": {"id": "GEOM_TOKYO_0817", "route_id": "R_594DE0D4", "route_name": "多摩川線", "route_color": "#00A15F", "route_text_color": "#ffffff", "line_name": "多摩川線", "operator_id": "seibu", "representation": "service_path", "min_zoom": 0, "max_zoom": 24, "offset_rank": 0}}, {"type": "Feature", "bbox": [139.5103, 35.66682, 139.51692, 35.67634], "geometry": {"type": "LineString", "coordinates": [[139.51692, 35.67634], [139.51677, 35.67601], [139.51671, 35.67587], [139.51634, 35.67508], [139.51604, 35.67444], [139.51567, 35.67367], [139.5154, 35.67309], [139.515, 35.67226], [139.51458, 35.67136], [139.51414, 35.67046], [139.51384, 35.6699], [139.51347, 35.66943], [139.51287, 35.6688], [139.5123, 35.66823], [139.5103, 35.66682]]}, "properties": {"id": "GEOM_TOKYO_0818", "route_id": "R_594DE0D4", "route_name": "多摩川線", "route_color": "#00A15F", "route_text_color": "#ffffff", "line_name": "多摩川線", "operator_id": "seibu", "representation": "service_path", "min_zoom": 0, "max_zoom": 24, "offset_rank": 0}}, {"type": "Feature", "bbox": [139.51692, 35.67634, 139.51738, 35.67731], "geometry": {"type": "LineString", "coordinates": [[139.51738, 35.67731], [139.51692, 35.67634]]}, "properties": {"id": "GEOM_TOKYO_0819", "route_id": "R_594DE0D4", "route_name": "多摩川線", "route_color": "#00A15F", "route_text_color": "#ffffff", "line_name": "多摩川線", "operator_id": "seibu", "representation": "service_path", "min_zoom": 0, "max_zoom": 24, "offset_rank": 0}}, {"type": "Feature", "bbox": [139.51738, 35.67731, 139.52638, 35.69561], "geometry": {"type": "LineString", "coordinates": [[139.52638, 35.69561], [139.52593, 35.6951], [139.5258, 35.69493], [139.52571, 35.6948], [139.52555, 35.69453], [139.52538, 35.69418], [139.52507, 35.69353], [139.5248, 35.69295], [139.52441, 35.69216], [139.52395, 35.69123], [139.52386, 35.691], [139.52373, 35.69073], [139.52331, 35.68985], [139.52298, 35.68917], [139.52278, 35.68873], [139.52259, 35.68833], [139.52247, 35.68808], [139.52218, 35.68746], [139.52217, 35.68744], [139.52178, 35.68661], [139.52156, 35.68614], [139.52141, 35.68583], [139.52136, 35.68573], [139.52106, 35.68509], [139.52071, 35.68434], [139.52044, 35.68375], [139.52001, 35.68285], [139.51959, 35.68198], [139.51919, 35.68115], [139.51905, 35.68085], [139.51878, 35.68028], [139.51837, 35.67941], [139.51797, 35.67855], [139.51763, 35.67784], [139.51758, 35.67771], [139.51738, 35.67731]]}, "properties": {"id": "GEOM_TOKYO_0820", "route_id": "R_594DE0D4", "route_name": "多摩川線", "route_color": "#00A15F", "route_text_color": "#ffffff", "line_name": "多摩川線", "operator_id": "seibu", "representation": "service_path", "min_zoom": 0, "max_zoom": 24, "offset_rank": 0}}, {"type": "Feature", "bbox": [139.50875, 35.66579, 139.5103, 35.66682], "geometry": {"type": "LineString", "coordinates": [[139.50875, 35.66579], [139.5103, 35.66682]]}, "properties": {"id": "GEOM_TOKYO_0821", "route_id": "R_594DE0D4", "route_name": "多摩川線", "route_color": "#00A15F", "route_text_color": "#ffffff", "line_name": "多摩川線", "operator_id": "seibu", "representation": "service_path", "min_zoom": 0, "max_zoom": 24, "offset_rank": 0}}, {"type": "Feature", "bbox": [139.50028, 35.65635, 139.50875, 35.66579], "geometry": {"type": "LineString", "coordinates": [[139.50028, 35.65635], [139.50063, 35.65644], [139.50134, 35.65665], [139.50174, 35.65682], [139.50202, 35.65698], [139.50231, 35.6572], [139.50255, 35.65748], [139.50277, 35.65784], [139.50285, 35.65802], [139.50296, 35.65827], [139.50327, 35.6593], [139.5037, 35.66092], [139.50392, 35.66169], [139.50409, 35.66206], [139.50436, 35.66241], [139.50465, 35.66274], [139.50525, 35.66325], [139.50608, 35.66385], [139.50737, 35.66473], [139.50775, 35.66506], [139.5083, 35.66546], [139.50875, 35.66579]]}, "properties": {"id": "GEOM_TOKYO_0822", "route_id": "R_594DE0D4", "route_name": "多摩川線", "route_color": "#00A15F", "route_text_color": "#ffffff", "line_name": "多摩川線", "operator_id": "seibu", "representation": "service_path", "min_zoom": 0, "max_zoom": 24, "offset_rank": 0}}, {"type": "Feature", "bbox": [139.48807, 35.65616, 139.48921, 35.65621], "geometry": {"type": "LineString", "coordinates": [[139.48921, 35.65616], [139.48807, 35.65621]]}, "properties": {"id": "GEOM_TOKYO_0823", "route_id": "R_594DE0D4", "route_name": "多摩川線", "route_color": "#00A15F", "route_text_color": "#ffffff", "line_name": "多摩川線", "operator_id": "seibu", "representation": "service_path", "min_zoom": 0, "max_zoom": 24, "offset_rank": 0}}, {"type": "Feature", "bbox": [139.43705, 35.80013, 139.43903, 35.80104], "geometry": {"type": "LineString", "coordinates": [[139.43903, 35.80013], [139.43705, 35.80104]]}, "properties": {"id": "GEOM_TOKYO_0844", "route_id": "R_250D6650", "route_name": "池袋線", "route_color": "#00A15F", "route_text_color": "#ffffff", "line_name": "池袋線", "operator_id": "seibu", "representation": "service_path", "min_zoom": 0, "max_zoom": 24, "offset_rank": 0}}, {"type": "Feature", "bbox": [139.45673, 35.78064, 139.47331, 35.78839], "geometry": {"type": "LineString", "coordinates": [[139.47331, 35.78595], [139.47328, 35.78519], [139.47329, 35.78416], [139.47327, 35.7834], [139.47325, 35.78323], [139.47321, 35.78308], [139.47318, 35.78295], [139.47314, 35.78285], [139.47306, 35.78269], [139.473, 35.78259], [139.47289, 35.78243], [139.47264, 35.78212], [139.47236, 35.78182], [139.47217, 35.78162], [139.47188, 35.78136], [139.4717, 35.78122], [139.47144, 35.78105], [139.4713, 35.78098], [139.47112, 35.7809], [139.47084, 35.78079], [139.47071, 35.78075], [139.47063, 35.78073], [139.47051, 35.78071], [139.4703, 35.78068], [139.46988, 35.78065], [139.46952, 35.78064], [139.46923, 35.78066], [139.46893, 35.78071], [139.46859, 35.78076], [139.46842, 35.7808], [139.46824, 35.78085], [139.46807, 35.78092], [139.46782, 35.78105], [139.46758, 35.78119], [139.46724, 35.78142], [139.46671, 35.78173], [139.46628, 35.78201], [139.46566, 35.78241], [139.46528, 35.78266], [139.46514, 35.78275], [139.46461, 35.7831], [139.46394, 35.78353], [139.46342, 35.78386], [139.46308, 35.7841], [139.46219, 35.7847], [139.461, 35.78552], [139.46029, 35.786], [139.45975, 35.78638], [139.45924, 35.78671], [139.45882, 35.78699], [139.45825, 35.78737], [139.45803, 35.7875], [139.45769, 35.78774], [139.45675, 35.78838], [139.45673, 35.78839]]}, "properties": {"id": "GEOM_TOKYO_0845", "route_id": "R_250D6650", "route_name": "池袋線", "route_color": "#00A15F", "route_text_color": "#ffffff", "line_name": "池袋線", "operator_id": "seibu", "representation": "service_path", "min_zoom": 0, "max_zoom": 24, "offset_rank": 0}}, {"type": "Feature", "bbox": [139.49787, 35.77227, 139.51877, 35.77818], "geometry": {"type": "LineString", "coordinates": [[139.51877, 35.77227], [139.5148, 35.7734], [139.51469, 35.77344], [139.51155, 35.77432], [139.50852, 35.77518], [139.50703, 35.77559], [139.50545, 35.77604], [139.50433, 35.77636], [139.50381, 35.77651], [139.50148, 35.77716], [139.49787, 35.77818]]}, "properties": {"id": "GEOM_TOKYO_0846", "route_id": "R_250D6650", "route_name": "池袋線", "route_color": "#00A15F", "route_text_color": "#ffffff", "line_name": "池袋線", "operator_id": "seibu", "representation": "service_path", "min_zoom": 0, "max_zoom": 24, "offset_rank": 0}}, {"type": "Feature", "bbox": [139.54674, 35.74714, 139.56712, 35.75105], "geometry": {"type": "LineString", "coordinates": [[139.56712, 35.74814], [139.56628, 35.74804], [139.56577, 35.74799], [139.56543, 35.74796], [139.56529, 35.74795], [139.56518, 35.74793], [139.56452, 35.74786], [139.56408, 35.74781], [139.56349, 35.74775], [139.56297, 35.7477], [139.5628, 35.74768], [139.56267, 35.74767], [139.5617, 35.74756], [139.56149, 35.74754], [139.56111, 35.7475], [139.56067, 35.74746], [139.56024, 35.74742], [139.55993, 35.74738], [139.55965, 35.74735], [139.55913, 35.7473], [139.55853, 35.74724], [139.55816, 35.7472], [139.55782, 35.74719], [139.55737, 35.74714], [139.55683, 35.74714], [139.55641, 35.74717], [139.55593, 35.74726], [139.55545, 35.74742], [139.55533, 35.74747], [139.55522, 35.74753], [139.555, 35.74761], [139.5546, 35.74779], [139.55426, 35.74793], [139.55409, 35.748], [139.55374, 35.74814], [139.55289, 35.74849], [139.55239, 35.74869], [139.552, 35.74885], [139.55136, 35.74911], [139.55042, 35.74951], [139.55015, 35.74961], [139.54931, 35.74997], [139.54904, 35.75007], [139.54858, 35.75026], [139.54831, 35.75039], [139.54797, 35.75053], [139.54711, 35.75089], [139.54674, 35.75105]]}, "properties": {"id": "GEOM_TOKYO_0847", "route_id": "R_250D6650", "route_name": "池袋線", "route_color": "#00A15F", "route_text_color": "#ffffff", "line_name": "池袋線", "operator_id": "seibu", "representation": "service_path", "min_zoom": 0, "max_zoom": 24, "offset_rank": 0}}, {"type": "Feature", "bbox": [139.51877, 35.77166, 139.52102, 35.77227], "geometry": {"type": "LineString", "coordinates": [[139.52102, 35.77166], [139.51998, 35.77194], [139.51877, 35.77227]]}, "properties": {"id": "GEOM_TOKYO_0848", "route_id": "R_250D6650", "route_name": "池袋線", "route_color": "#00A15F", "route_text_color": "#ffffff", "line_name": "池袋線", "operator_id": "seibu", "representation": "service_path", "min_zoom": 0, "max_zoom": 24, "offset_rank": 0}}, {"type": "Feature", "bbox": [139.35945, 35.83766, 139.36093, 35.83769], "geometry": {"type": "LineString", "coordinates": [[139.36093, 35.83769], [139.35945, 35.83766]]}, "properties": {"id": "GEOM_TOKYO_0849", "route_id": "R_250D6650", "route_name": "池袋線", "route_color": "#00A15F", "route_text_color": "#ffffff", "line_name": "池袋線", "operator_id": "seibu", "representation": "service_path", "min_zoom": 0, "max_zoom": 24, "offset_rank": 0}}, {"type": "Feature", "bbox": [139.53424, 35.75183, 139.54481, 35.75994], "geometry": {"type": "LineString", "coordinates": [[139.53424, 35.75994], [139.53508, 35.75911], [139.53579, 35.7584], [139.53657, 35.75762], [139.53675, 35.75744], [139.5379, 35.7563], [139.53916, 35.75504], [139.54007, 35.75412], [139.54044, 35.7538], [139.54062, 35.75367], [139.54108, 35.75344], [139.54163, 35.75322], [139.5421, 35.75298], [139.54234, 35.75286], [139.54322, 35.75249], [139.54391, 35.75218], [139.54439, 35.75199], [139.54481, 35.75183]]}, "properties": {"id": "GEOM_TOKYO_0850", "route_id": "R_250D6650", "route_name": "池袋線", "route_color": "#00A15F", "route_text_color": "#ffffff", "line_name": "池袋線", "operator_id": "seibu", "representation": "service_path", "min_zoom": 0, "max_zoom": 24, "offset_rank": 0}}, {"type": "Feature", "bbox": [139.41629, 35.81001, 139.41775, 35.8108], "geometry": {"type": "LineString", "coordinates": [[139.41775, 35.81001], [139.41629, 35.8108]]}, "properties": {"id": "GEOM_TOKYO_0851", "route_id": "R_250D6650", "route_name": "池袋線", "route_color": "#00A15F", "route_text_color": "#ffffff", "line_name": "池袋線", "operator_id": "seibu", "representation": "service_path", "min_zoom": 0, "max_zoom": 24, "offset_rank": 0}}, {"type": "Feature", "bbox": [139.49594, 35.77818, 139.49787, 35.77877], "geometry": {"type": "LineString", "coordinates": [[139.49787, 35.77818], [139.49679, 35.77851], [139.49677, 35.77851], [139.49594, 35.77877]]}, "properties": {"id": "GEOM_TOKYO_0853", "route_id": "R_250D6650", "route_name": "池袋線", "route_color": "#00A15F", "route_text_color": "#ffffff", "line_name": "池袋線", "operator_id": "seibu", "representation": "service_path", "min_zoom": 0, "max_zoom": 24, "offset_rank": 0}}, {"type": "Feature", "bbox": [139.53326, 35.75994, 139.53424, 35.76096], "geometry": {"type": "LineString", "coordinates": [[139.53424, 35.75994], [139.53326, 35.76096]]}, "properties": {"id": "GEOM_TOKYO_0854", "route_id": "R_250D6650", "route_name": "池袋線", "route_color": "#00A15F", "route_text_color": "#ffffff", "line_name": "池袋線", "operator_id": "seibu", "representation": "service_path", "min_zoom": 0, "max_zoom": 24, "offset_rank": 0}}, {"type": "Feature", "bbox": [139.36093, 35.83769, 139.38956, 35.84274], "geometry": {"type": "LineString", "coordinates": [[139.38956, 35.84186], [139.38933, 35.84162], [139.3892, 35.84152], [139.38891, 35.84139], [139.38843, 35.84122], [139.3881, 35.84114], [139.38778, 35.8411], [139.38747, 35.84111], [139.38699, 35.84116], [139.38693, 35.84116], [139.38661, 35.84125], [139.38629, 35.84137], [139.38596, 35.84154], [139.38539, 35.8418], [139.38471, 35.84213], [139.38441, 35.84229], [139.38434, 35.84232], [139.38336, 35.84272], [139.38307, 35.84274], [139.38285, 35.84274], [139.38271, 35.84272], [139.3825, 35.84266], [139.3823, 35.84259], [139.38202, 35.84246], [139.38094, 35.84204], [139.38078, 35.84198], [139.38037, 35.84181], [139.37991, 35.84162], [139.37944, 35.84145], [139.37897, 35.84132], [139.37856, 35.84122], [139.37808, 35.84114], [139.37749, 35.84105], [139.37686, 35.841], [139.37618, 35.84089], [139.37594, 35.84085], [139.37521, 35.84069], [139.37462, 35.84051], [139.37412, 35.84034], [139.37306, 35.84001], [139.3718, 35.83962], [139.37174, 35.8396], [139.37166, 35.83958], [139.37128, 35.83946], [139.37063, 35.83927], [139.36968, 35.83899], [139.36906, 35.83881], [139.36775, 35.83841], [139.36709, 35.83821], [139.36644, 35.83806], [139.36581, 35.83795], [139.36497, 35.83783], [139.36424, 35.83777], [139.36373, 35.83775], [139.36093, 35.83769]]}, "properties": {"id": "GEOM_TOKYO_0855", "route_id": "R_250D6650", "route_name": "池袋線", "route_color": "#00A15F", "route_text_color": "#ffffff", "line_name": "池袋線", "operator_id": "seibu", "representation": "service_path", "min_zoom": 0, "max_zoom": 24, "offset_rank": 0}}, {"type": "Feature", "bbox": [139.52102, 35.76096, 139.53326, 35.77166], "geometry": {"type": "LineString", "coordinates": [[139.53326, 35.76096], [139.53203, 35.76221], [139.5314, 35.76283], [139.53067, 35.76354], [139.53043, 35.76381], [139.5294, 35.76481], [139.52738, 35.76686], [139.52668, 35.76755], [139.52609, 35.76813], [139.52577, 35.76845], [139.52514, 35.76908], [139.52437, 35.76988], [139.52371, 35.77049], [139.52285, 35.77105], [139.52234, 35.77128], [139.52219, 35.77133], [139.52176, 35.77146], [139.52102, 35.77166]]}, "properties": {"id": "GEOM_TOKYO_0856", "route_id": "R_250D6650", "route_name": "池袋線", "route_color": "#00A15F", "route_text_color": "#ffffff", "line_name": "池袋線", "operator_id": "seibu", "representation": "service_path", "min_zoom": 0, "max_zoom": 24, "offset_rank": 0}}, {"type": "Feature", "bbox": [139.40047, 35.8218, 139.41255, 35.84431], "geometry": {"type": "LineString", "coordinates": [[139.41255, 35.8218], [139.41251, 35.82199], [139.41238, 35.82256], [139.41224, 35.82309], [139.41209, 35.82372], [139.41197, 35.82419], [139.41185, 35.82473], [139.41176, 35.82509], [139.41165, 35.82552], [139.41156, 35.82592], [139.41147, 35.82639], [139.41131, 35.82715], [139.41118, 35.82779], [139.4111, 35.82812], [139.41105, 35.82836], [139.41101, 35.82853], [139.41078, 35.8295], [139.41048, 35.83076], [139.41024, 35.83181], [139.40999, 35.8328], [139.4099, 35.83318], [139.40987, 35.83325], [139.40984, 35.83337], [139.40982, 35.83342], [139.40974, 35.83365], [139.40959, 35.83396], [139.40941, 35.83426], [139.40908, 35.83476], [139.40876, 35.83519], [139.40852, 35.8355], [139.40827, 35.83582], [139.40801, 35.83615], [139.40774, 35.83654], [139.40768, 35.83662], [139.4067, 35.83787], [139.4059, 35.83893], [139.40532, 35.83969], [139.40503, 35.84007], [139.40456, 35.84068], [139.40393, 35.84149], [139.40343, 35.84213], [139.40312, 35.84251], [139.40271, 35.84294], [139.40233, 35.84329], [139.40204, 35.84351], [139.40188, 35.84362], [139.40152, 35.84383], [139.40105, 35.84405], [139.40047, 35.84431]]}, "properties": {"id": "GEOM_TOKYO_0857", "route_id": "R_250D6650", "route_name": "池袋線", "route_color": "#00A15F", "route_text_color": "#ffffff", "line_name": "池袋線", "operator_id": "seibu", "representation": "service_path", "min_zoom": 0, "max_zoom": 24, "offset_rank": 0}}, {"type": "Feature", "bbox": [139.43903, 35.78927, 139.45555, 35.80013], "geometry": {"type": "LineString", "coordinates": [[139.45555, 35.78927], [139.45507, 35.78991], [139.45472, 35.79036], [139.45445, 35.79075], [139.45427, 35.791], [139.45396, 35.79143], [139.45357, 35.79197], [139.45324, 35.7924], [139.45287, 35.7929], [139.45254, 35.79331], [139.45215, 35.79369], [139.45183, 35.79399], [139.45156, 35.79422], [139.45131, 35.79438], [139.45108, 35.79451], [139.4507, 35.79471], [139.45026, 35.79492], [139.44968, 35.79519], [139.44893, 35.79553], [139.44866, 35.79566], [139.44822, 35.79587], [139.44697, 35.79645], [139.44627, 35.79676], [139.4455, 35.79712], [139.44425, 35.7977], [139.44329, 35.79815], [139.44212, 35.7987], [139.44125, 35.7991], [139.44079, 35.79931], [139.43987, 35.79974], [139.43935, 35.79998], [139.43903, 35.80013]]}, "properties": {"id": "GEOM_TOKYO_0858", "route_id": "R_250D6650", "route_name": "池袋線", "route_color": "#00A15F", "route_text_color": "#ffffff", "line_name": "池袋線", "operator_id": "seibu", "representation": "service_path", "min_zoom": 0, "max_zoom": 24, "offset_rank": 0}}, {"type": "Feature", "bbox": [139.41255, 35.8199, 139.41296, 35.8218], "geometry": {"type": "LineString", "coordinates": [[139.41296, 35.8199], [139.41255, 35.8218]]}, "properties": {"id": "GEOM_TOKYO_0859", "route_id": "R_250D6650", "route_name": "池袋線", "route_color": "#00A15F", "route_text_color": "#ffffff", "line_name": "池袋線", "operator_id": "seibu", "representation": "service_path", "min_zoom": 0, "max_zoom": 24, "offset_rank": 0}}, {"type": "Feature", "bbox": [139.41296, 35.8108, 139.41629, 35.8199], "geometry": {"type": "LineString", "coordinates": [[139.41629, 35.8108], [139.41624, 35.81083], [139.41606, 35.81095], [139.41586, 35.81108], [139.41575, 35.81118], [139.41558, 35.81131], [139.4154, 35.81146], [139.41531, 35.81157], [139.41521, 35.8117], [139.41512, 35.81183], [139.41503, 35.81197], [139.41493, 35.81218], [139.41482, 35.81241], [139.41474, 35.81256], [139.41464, 35.81281], [139.4146, 35.81295], [139.41455, 35.81318], [139.41443, 35.81367], [139.41434, 35.81408], [139.41418, 35.81475], [139.41402, 35.81542], [139.41394, 35.81576], [139.41389, 35.81593], [139.41379, 35.81637], [139.41363, 35.81705], [139.41353, 35.81748], [139.41337, 35.81818], [139.41306, 35.81948], [139.41296, 35.8199]]}, "properties": {"id": "GEOM_TOKYO_0860", "route_id": "R_250D6650", "route_name": "池袋線", "route_color": "#00A15F", "route_text_color": "#ffffff", "line_name": "池袋線", "operator_id": "seibu", "representation": "service_path", "min_zoom": 0, "max_zoom": 24, "offset_rank": 0}}, {"type": "Feature", "bbox": [139.41775, 35.80104, 139.43705, 35.81001], "geometry": {"type": "LineString", "coordinates": [[139.43705, 35.80104], [139.43651, 35.80129], [139.43449, 35.8022], [139.43427, 35.80231], [139.43336, 35.80274], [139.43247, 35.80313], [139.43145, 35.80361], [139.43078, 35.80393], [139.42939, 35.80459], [139.42843, 35.80502], [139.42751, 35.80547], [139.42737, 35.80553], [139.42636, 35.806], [139.4253, 35.80648], [139.42424, 35.80697], [139.42315, 35.80749], [139.42196, 35.80806], [139.42009, 35.8089], [139.4186, 35.80959], [139.41775, 35.81001]]}, "properties": {"id": "GEOM_TOKYO_0862", "route_id": "R_250D6650", "route_name": "池袋線", "route_color": "#00A15F", "route_text_color": "#ffffff", "line_name": "池袋線", "operator_id": "seibu", "representation": "service_path", "min_zoom": 0, "max_zoom": 24, "offset_rank": 0}}, {"type": "Feature", "bbox": [139.45555, 35.78839, 139.45673, 35.78927], "geometry": {"type": "LineString", "coordinates": [[139.45673, 35.78839], [139.45657, 35.78852], [139.45613, 35.78885], [139.45555, 35.78927]]}, "properties": {"id": "GEOM_TOKYO_0863", "route_id": "R_250D6650", "route_name": "池袋線", "route_color": "#00A15F", "route_text_color": "#ffffff", "line_name": "池袋線", "operator_id": "seibu", "representation": "service_path", "min_zoom": 0, "max_zoom": 24, "offset_rank": 0}}, {"type": "Feature", "bbox": [139.39831, 35.84431, 139.40047, 35.84498], "geometry": {"type": "LineString", "coordinates": [[139.40047, 35.84431], [139.40007, 35.84448], [139.39953, 35.84467], [139.39916, 35.84478], [139.39866, 35.84491], [139.39831, 35.84498]]}, "properties": {"id": "GEOM_TOKYO_0864", "route_id": "R_250D6650", "route_name": "池袋線", "route_color": "#00A15F", "route_text_color": "#ffffff", "line_name": "池袋線", "operator_id": "seibu", "representation": "service_path", "min_zoom": 0, "max_zoom": 24, "offset_rank": 0}}, {"type": "Feature", "bbox": [139.38956, 35.84186, 139.39097, 35.84375], "geometry": {"type": "LineString", "coordinates": [[139.39097, 35.84375], [139.39078, 35.84351], [139.38997, 35.84241], [139.38956, 35.84186]]}, "properties": {"id": "GEOM_TOKYO_0865", "route_id": "R_250D6650", "route_name": "池袋線", "route_color": "#00A15F", "route_text_color": "#ffffff", "line_name": "池袋線", "operator_id": "seibu", "representation": "service_path", "min_zoom": 0, "max_zoom": 24, "offset_rank": 0}}, {"type": "Feature", "bbox": [139.47358, 35.77877, 139.49594, 35.79055], "geometry": {"type": "LineString", "coordinates": [[139.49594, 35.77877], [139.4957, 35.77884], [139.49476, 35.77909], [139.49453, 35.77915], [139.49424, 35.77923], [139.49369, 35.77939], [139.49274, 35.77965], [139.49229, 35.77978], [139.49189, 35.77989], [139.4918, 35.77992], [139.49168, 35.77996], [139.4916, 35.77999], [139.49149, 35.78003], [139.4914, 35.78007], [139.49131, 35.78011], [139.49127, 35.78013], [139.49103, 35.78025], [139.49083, 35.78036], [139.49077, 35.78039], [139.49061, 35.78049], [139.49045, 35.78062], [139.49034, 35.78072], [139.49023, 35.78083], [139.4902, 35.78086], [139.49019, 35.78087], [139.4901, 35.78096], [139.48982, 35.78128], [139.48957, 35.78154], [139.48941, 35.78172], [139.48927, 35.78187], [139.48908, 35.78208], [139.48875, 35.78246], [139.48848, 35.78275], [139.48833, 35.78294], [139.4882, 35.78312], [139.48799, 35.78338], [139.48772, 35.78374], [139.48747, 35.78405], [139.48715, 35.78444], [139.48692, 35.78471], [139.48678, 35.78486], [139.48667, 35.78498], [139.48658, 35.78507], [139.48648, 35.78517], [139.48624, 35.78542], [139.48598, 35.78565], [139.48576, 35.78585], [139.48551, 35.78605], [139.48517, 35.78632], [139.48474, 35.78666], [139.48441, 35.7869], [139.484, 35.78722], [139.48324, 35.78777], [139.48295, 35.78799], [139.48276, 35.78813], [139.48227, 35.78848], [139.48185, 35.78878], [139.48146, 35.78908], [139.48122, 35.78926], [139.48062, 35.78951], [139.48009, 35.78973], [139.47943, 35.78997], [139.47895, 35.79013], [139.47871, 35.79019], [139.47833, 35.79029], [139.47763, 35.79042], [139.47702, 35.79052], [139.47643, 35.79055], [139.47609, 35.79053], [139.47579, 35.7905], [139.47554, 35.79043], [139.47524, 35.79031], [139.47496, 35.79016], [139.4747, 35.78998], [139.47449, 35.78981], [139.47429, 35.78957], [139.47412, 35.78935], [139.47399, 35.78911], [139.47388, 35.78882], [139.47387, 35.78877], [139.47381, 35.78857], [139.47369, 35.78807], [139.47358, 35.78742]]}, "properties": {"id": "GEOM_TOKYO_0866", "route_id": "R_250D6650", "route_name": "池袋線", "route_color": "#00A15F", "route_text_color": "#ffffff", "line_name": "池袋線", "operator_id": "seibu", "representation": "service_path", "min_zoom": 0, "max_zoom": 24, "offset_rank": 0}}, {"type": "Feature", "bbox": [139.54481, 35.75105, 139.54674, 35.75183], "geometry": {"type": "LineString", "coordinates": [[139.54481, 35.75183], [139.54541, 35.75157], [139.5461, 35.7513], [139.54674, 35.75105]]}, "properties": {"id": "GEOM_TOKYO_0867", "route_id": "R_250D6650", "route_name": "池袋線", "route_color": "#00A15F", "route_text_color": "#ffffff", "line_name": "池袋線", "operator_id": "seibu", "representation": "service_path", "min_zoom": 0, "max_zoom": 24, "offset_rank": 0}}, {"type": "Feature", "bbox": [139.47331, 35.78595, 139.47358, 35.78742], "geometry": {"type": "LineString", "coordinates": [[139.47358, 35.78742], [139.47331, 35.78595]]}, "properties": {"id": "GEOM_TOKYO_0869", "route_id": "R_250D6650", "route_name": "池袋線", "route_color": "#00A15F", "route_text_color": "#ffffff", "line_name": "池袋線", "operator_id": "seibu", "representation": "service_path", "min_zoom": 0, "max_zoom": 24, "offset_rank": 0}}, {"type": "Feature", "bbox": [139.39097, 35.84375, 139.39831, 35.84498], "geometry": {"type": "LineString", "coordinates": [[139.39831, 35.84498], [139.39764, 35.84496], [139.39655, 35.84494], [139.39451, 35.84485], [139.39437, 35.84485], [139.39377, 35.84482], [139.39361, 35.84481], [139.39295, 35.84477], [139.3926, 35.84473], [139.39238, 35.84468], [139.39223, 35.84465], [139.39205, 35.84458], [139.39187, 35.8445], [139.39173, 35.84442], [139.3916, 35.84433], [139.39149, 35.84425], [139.39137, 35.84414], [139.39115, 35.84393], [139.39097, 35.84375]]}, "properties": {"id": "GEOM_TOKYO_0871", "route_id": "R_250D6650", "route_name": "池袋線", "route_color": "#00A15F", "route_text_color": "#ffffff", "line_name": "池袋線", "operator_id": "seibu", "representation": "service_path", "min_zoom": 0, "max_zoom": 24, "offset_rank": 0}}, {"type": "Feature", "bbox": [139.26053, 35.88575, 139.28015, 35.89205], "geometry": {"type": "LineString", "coordinates": [[139.28015, 35.88575], [139.27994, 35.886], [139.27964, 35.88631], [139.27943, 35.88649], [139.2792, 35.88668], [139.27904, 35.88681], [139.279, 35.88685], [139.27891, 35.88691], [139.27868, 35.88707], [139.27858, 35.88713], [139.27846, 35.8872], [139.27817, 35.88734], [139.27806, 35.88739], [139.27791, 35.88746], [139.2778, 35.88751], [139.2777, 35.88755], [139.27758, 35.88758], [139.27731, 35.88765], [139.27709, 35.88769], [139.27684, 35.88771], [139.27655, 35.8877], [139.27624, 35.88765], [139.27612, 35.88762], [139.27573, 35.88748], [139.27553, 35.88739], [139.27506, 35.88713], [139.27491, 35.88705], [139.27447, 35.88682], [139.27407, 35.8866], [139.274, 35.88657], [139.27396, 35.88655], [139.27355, 35.88636], [139.27334, 35.88627], [139.27304, 35.88619], [139.27266, 35.88614], [139.27238, 35.88612], [139.27191, 35.88612], [139.27162, 35.88615], [139.27123, 35.88621], [139.27099, 35.88626], [139.27082, 35.88631], [139.27068, 35.88635], [139.27056, 35.88639], [139.27044, 35.88644], [139.27039, 35.88647], [139.27032, 35.88651], [139.27013, 35.88664], [139.27001, 35.88672], [139.2699, 35.88682], [139.26971, 35.88703], [139.26952, 35.88726], [139.26928, 35.88756], [139.26918, 35.88774], [139.26911, 35.88808], [139.26907, 35.88838], [139.26906, 35.88858], [139.26903, 35.88942], [139.26903, 35.88956], [139.26901, 35.88983], [139.26896, 35.8901], [139.2689, 35.89029], [139.26882, 35.89045], [139.2687, 35.89067], [139.26862, 35.89076], [139.26856, 35.89084], [139.26849, 35.89091], [139.26835, 35.89105], [139.26814, 35.89121], [139.26794, 35.89136], [139.26764, 35.89154], [139.26756, 35.89156], [139.26746, 35.8916], [139.26733, 35.89163], [139.26717, 35.89167], [139.26682, 35.89171], [139.26651, 35.89173], [139.26632, 35.89172], [139.26606, 35.89167], [139.26578, 35.89161], [139.2656, 35.89157], [139.26524, 35.89147], [139.26504, 35.89139], [139.26483, 35.89133], [139.26401, 35.89106], [139.26379, 35.89099], [139.26353, 35.8909], [139.26342, 35.89088], [139.26328, 35.89088], [139.26306, 35.89088], [139.26303, 35.89088], [139.26285, 35.89089], [139.26257, 35.89093], [139.26233, 35.89098], [139.26215, 35.89103], [139.26206, 35.89105], [139.26198, 35.89108], [139.26184, 35.89112], [139.26168, 35.89119], [139.26143, 35.89132], [139.26104, 35.89156], [139.26097, 35.89161], [139.26088, 35.89168], [139.26073, 35.89182], [139.26063, 35.89193], [139.26057, 35.892], [139.26053, 35.89205]]}, "properties": {"id": "GEOM_TOKYO_0873", "route_id": "R_250D6650", "route_name": "池袋線", "route_color": "#00A15F", "route_text_color": "#ffffff", "line_name": "池袋線", "operator_id": "seibu", "representation": "service_path", "min_zoom": 0, "max_zoom": 24, "offset_rank": 0}}, {"type": "Feature", "bbox": [139.26002, 35.89205, 139.26053, 35.89289], "geometry": {"type": "LineString", "coordinates": [[139.26053, 35.89205], [139.26002, 35.89289]]}, "properties": {"id": "GEOM_TOKYO_0874", "route_id": "R_250D6650", "route_name": "池袋線", "route_color": "#00A15F", "route_text_color": "#ffffff", "line_name": "池袋線", "operator_id": "seibu", "representation": "service_path", "min_zoom": 0, "max_zoom": 24, "offset_rank": 0}}, {"type": "Feature", "bbox": [139.34452, 35.84025, 139.34621, 35.84087], "geometry": {"type": "LineString", "coordinates": [[139.34621, 35.84025], [139.34519, 35.84063], [139.34452, 35.84087]]}, "properties": {"id": "GEOM_TOKYO_0875", "route_id": "R_250D6650", "route_name": "池袋線", "route_color": "#00A15F", "route_text_color": "#ffffff", "line_name": "池袋線", "operator_id": "seibu", "representation": "service_path", "min_zoom": 0, "max_zoom": 24, "offset_rank": 0}}, {"type": "Feature", "bbox": [139.30516, 35.85354, 139.32599, 35.88172], "geometry": {"type": "LineString", "coordinates": [[139.30516, 35.88172], [139.30532, 35.88162], [139.30546, 35.88151], [139.30559, 35.8814], [139.30572, 35.88129], [139.30584, 35.88115], [139.30605, 35.88089], [139.30621, 35.88068], [139.30632, 35.88051], [139.30644, 35.88033], [139.30648, 35.88021], [139.30662, 35.87983], [139.30679, 35.87917], [139.30701, 35.87813], [139.30716, 35.87742], [139.3072, 35.87723], [139.30741, 35.87624], [139.30766, 35.8752], [139.30768, 35.8751], [139.30773, 35.87481], [139.30793, 35.87408], [139.30809, 35.87364], [139.30818, 35.87338], [139.30858, 35.87233], [139.30864, 35.87216], [139.30865, 35.87205], [139.30866, 35.87195], [139.30866, 35.87167], [139.30866, 35.86971], [139.30868, 35.86958], [139.30875, 35.86927], [139.30881, 35.86907], [139.3089, 35.86887], [139.30901, 35.8687], [139.30908, 35.86859], [139.30916, 35.86849], [139.30946, 35.86821], [139.30984, 35.86787], [139.31044, 35.86738], [139.31083, 35.86703], [139.31105, 35.86683], [139.31132, 35.86651], [139.31241, 35.86519], [139.31253, 35.86505], [139.31298, 35.86452], [139.31354, 35.86385], [139.31418, 35.86307], [139.31461, 35.86256], [139.31494, 35.86217], [139.31537, 35.86165], [139.31557, 35.8614], [139.31582, 35.8611], [139.31609, 35.86083], [139.31638, 35.86054], [139.31651, 35.86041], [139.3167, 35.86023], [139.31683, 35.86011], [139.31691, 35.86006], [139.317, 35.85999], [139.31731, 35.85978], [139.31806, 35.85933], [139.31832, 35.85916], [139.31888, 35.85886], [139.32014, 35.85816], [139.32187, 35.85719], [139.32338, 35.85633], [139.32425, 35.85584], [139.32491, 35.85545], [139.32524, 35.85524], [139.32546, 35.85506], [139.32564, 35.8549], [139.32575, 35.85476], [139.32582, 35.85466], [139.32589, 35.85449], [139.32595, 35.85428], [139.32597, 35.85414], [139.32599, 35.85392], [139.32599, 35.85354]]}, "properties": {"id": "GEOM_TOKYO_0876", "route_id": "R_250D6650", "route_name": "池袋線", "route_color": "#00A15F", "route_text_color": "#ffffff", "line_name": "池袋線", "operator_id": "seibu", "representation": "service_path", "min_zoom": 0, "max_zoom": 24, "offset_rank": 0}}, {"type": "Feature", "bbox": [139.31753, 35.85071, 139.32013, 35.85172], "geometry": {"type": "LineString", "coordinates": [[139.32013, 35.85071], [139.31965, 35.8509], [139.31882, 35.85119], [139.31808, 35.8515], [139.31753, 35.85172]]}, "properties": {"id": "GEOM_TOKYO_0877", "route_id": "R_250D6650", "route_name": "池袋線", "route_color": "#00A15F", "route_text_color": "#ffffff", "line_name": "池袋線", "operator_id": "seibu", "representation": "service_path", "min_zoom": 0, "max_zoom": 24, "offset_rank": 0}}, {"type": "Feature", "bbox": [139.34621, 35.83766, 139.35945, 35.84025], "geometry": {"type": "LineString", "coordinates": [[139.35945, 35.83766], [139.35678, 35.83774], [139.35568, 35.8378], [139.35431, 35.83788], [139.35293, 35.838], [139.35241, 35.83805], [139.35192, 35.83813], [139.35162, 35.8382], [139.35131, 35.83828], [139.351, 35.8384], [139.35078, 35.83849], [139.35007, 35.83876], [139.34824, 35.83946], [139.34821, 35.83948], [139.34621, 35.84025]]}, "properties": {"id": "GEOM_TOKYO_0878", "route_id": "R_250D6650", "route_name": "池袋線", "route_color": "#00A15F", "route_text_color": "#ffffff", "line_name": "池袋線", "operator_id": "seibu", "representation": "service_path", "min_zoom": 0, "max_zoom": 24, "offset_rank": 0}}, {"type": "Feature", "bbox": [139.32214, 35.84963, 139.32597, 35.8525], "geometry": {"type": "LineString", "coordinates": [[139.32597, 35.8525], [139.32596, 35.85226], [139.32591, 35.85146], [139.32588, 35.85122], [139.32582, 35.85101], [139.32576, 35.85088], [139.32566, 35.85073], [139.32552, 35.85057], [139.32526, 35.85035], [139.32507, 35.85019], [139.32471, 35.84998], [139.32449, 35.84984], [139.3242, 35.84973], [139.32391, 35.84966], [139.32365, 35.84963], [139.32335, 35.84964], [139.32311, 35.84967], [139.32287, 35.8497], [139.32242, 35.84981], [139.32214, 35.84989]]}, "properties": {"id": "GEOM_TOKYO_0879", "route_id": "R_250D6650", "route_name": "池袋線", "route_color": "#00A15F", "route_text_color": "#ffffff", "line_name": "池袋線", "operator_id": "seibu", "representation": "service_path", "min_zoom": 0, "max_zoom": 24, "offset_rank": 0}}, {"type": "Feature", "bbox": [139.32214, 35.84087, 139.34452, 35.84989], "geometry": {"type": "LineString", "coordinates": [[139.34452, 35.84087], [139.34409, 35.84102], [139.34368, 35.84117], [139.34282, 35.84149], [139.34208, 35.84175], [139.34185, 35.84184], [139.34172, 35.84189], [139.3417, 35.84189], [139.34131, 35.84203], [139.34097, 35.84213], [139.34081, 35.84218], [139.34051, 35.84224], [139.33924, 35.84243], [139.33652, 35.84281], [139.33378, 35.84319], [139.33355, 35.84321], [139.33298, 35.8433], [139.33187, 35.84343], [139.33138, 35.84349], [139.33097, 35.84354], [139.33052, 35.84363], [139.33007, 35.84373], [139.32961, 35.84387], [139.32927, 35.844], [139.32901, 35.84412], [139.32878, 35.84426], [139.32849, 35.84447], [139.3282, 35.84474], [139.32789, 35.84501], [139.32761, 35.84528], [139.3273, 35.84557], [139.3269, 35.84598], [139.32675, 35.84611], [139.32622, 35.84657], [139.32565, 35.84711], [139.32468, 35.84799], [139.32399, 35.84862], [139.32334, 35.84919], [139.32314, 35.84936], [139.32299, 35.84946], [139.32275, 35.8496], [139.3224, 35.84978], [139.32214, 35.84989]]}, "properties": {"id": "GEOM_TOKYO_0880", "route_id": "R_250D6650", "route_name": "池袋線", "route_color": "#00A15F", "route_text_color": "#ffffff", "line_name": "池袋線", "operator_id": "seibu", "representation": "service_path", "min_zoom": 0, "max_zoom": 24, "offset_rank": 0}}, {"type": "Feature", "bbox": [139.28015, 35.88476, 139.28121, 35.88575], "geometry": {"type": "LineString", "coordinates": [[139.28121, 35.88476], [139.28114, 35.88481], [139.28078, 35.88516], [139.2803, 35.88562], [139.28015, 35.88575]]}, "properties": {"id": "GEOM_TOKYO_0881", "route_id": "R_250D6650", "route_name": "池袋線", "route_color": "#00A15F", "route_text_color": "#ffffff", "line_name": "池袋線", "operator_id": "seibu", "representation": "service_path", "min_zoom": 0, "max_zoom": 24, "offset_rank": 0}}, {"type": "Feature", "bbox": [139.22645, 35.89289, 139.26002, 35.9097], "geometry": {"type": "LineString", "coordinates": [[139.22645, 35.90831], [139.22661, 35.90834], [139.22695, 35.9084], [139.22725, 35.9085], [139.22758, 35.90868], [139.22796, 35.90894], [139.22852, 35.90925], [139.22929, 35.90957], [139.22955, 35.90964], [139.22999, 35.9097], [139.23041, 35.9097], [139.23087, 35.90962], [139.23136, 35.90943], [139.23189, 35.9092], [139.23248, 35.90893], [139.233, 35.90869], [139.23364, 35.90844], [139.23407, 35.90835], [139.23456, 35.90829], [139.23509, 35.90825], [139.23557, 35.90819], [139.23591, 35.90814], [139.23621, 35.90802], [139.23636, 35.90793], [139.23652, 35.90783], [139.23662, 35.90775], [139.2369, 35.90752], [139.23745, 35.90703], [139.23819, 35.90643], [139.23859, 35.90616], [139.23918, 35.90587], [139.23958, 35.90578], [139.23992, 35.90574], [139.24078, 35.90567], [139.24122, 35.90564], [139.24134, 35.90562], [139.24176, 35.90555], [139.24243, 35.9053], [139.24322, 35.90486], [139.24345, 35.90467], [139.2436, 35.90457], [139.24384, 35.90431], [139.24405, 35.90404], [139.2443, 35.9036], [139.2445, 35.90309], [139.24472, 35.90215], [139.24483, 35.90133], [139.24501, 35.90029], [139.24511, 35.89981], [139.2454, 35.89922], [139.24571, 35.89881], [139.24617, 35.89841], [139.24681, 35.89806], [139.24694, 35.89801], [139.24715, 35.89792], [139.2474, 35.89785], [139.24755, 35.89782], [139.24784, 35.89775], [139.24824, 35.89769], [139.24881, 35.8976], [139.24984, 35.89745], [139.25099, 35.89727], [139.25256, 35.89703], [139.25306, 35.89695], [139.25329, 35.89689], [139.25343, 35.89683], [139.25368, 35.89671], [139.25386, 35.89663], [139.25417, 35.89648], [139.2544, 35.89636], [139.25474, 35.8962], [139.25503, 35.89606], [139.25539, 35.89589], [139.25586, 35.89568], [139.25675, 35.89525], [139.25715, 35.89506], [139.25783, 35.89473], [139.25827, 35.89453], [139.25863, 35.89434], [139.25887, 35.8942], [139.25906, 35.89407], [139.25928, 35.89391], [139.25942, 35.89379], [139.25954, 35.89365], [139.25969, 35.89344], [139.25987, 35.89314], [139.26002, 35.89289]]}, "properties": {"id": "GEOM_TOKYO_0882", "route_id": "R_250D6650", "route_name": "池袋線", "route_color": "#00A15F", "route_text_color": "#ffffff", "line_name": "池袋線", "operator_id": "seibu", "representation": "service_path", "min_zoom": 0, "max_zoom": 24, "offset_rank": 0}}, {"type": "Feature", "bbox": [139.3036, 35.88172, 139.30516, 35.88233], "geometry": {"type": "LineString", "coordinates": [[139.30516, 35.88172], [139.30492, 35.88185], [139.30467, 35.88196], [139.30428, 35.8821], [139.30401, 35.88219], [139.30374, 35.88229], [139.3036, 35.88233]]}, "properties": {"id": "GEOM_TOKYO_0883", "route_id": "R_250D6650", "route_name": "池袋線", "route_color": "#00A15F", "route_text_color": "#ffffff", "line_name": "池袋線", "operator_id": "seibu", "representation": "service_path", "min_zoom": 0, "max_zoom": 24, "offset_rank": 0}}, {"type": "Feature", "bbox": [139.32597, 35.8525, 139.32599, 35.85354], "geometry": {"type": "LineString", "coordinates": [[139.32597, 35.8525], [139.32599, 35.85354]]}, "properties": {"id": "GEOM_TOKYO_0884", "route_id": "R_250D6650", "route_name": "池袋線", "route_color": "#00A15F", "route_text_color": "#ffffff", "line_name": "池袋線", "operator_id": "seibu", "representation": "service_path", "min_zoom": 0, "max_zoom": 24, "offset_rank": 0}}, {"type": "Feature", "bbox": [139.28121, 35.87734, 139.3036, 35.88476], "geometry": {"type": "LineString", "coordinates": [[139.28121, 35.88476], [139.28132, 35.88464], [139.28182, 35.88415], [139.28185, 35.88412], [139.28199, 35.88399], [139.28215, 35.88383], [139.28266, 35.88333], [139.28292, 35.88309], [139.28312, 35.88289], [139.28323, 35.8828], [139.28336, 35.88269], [139.28347, 35.88259], [139.2838, 35.88238], [139.28405, 35.88228], [139.28419, 35.88221], [139.28435, 35.88217], [139.28489, 35.88208], [139.28612, 35.88184], [139.28637, 35.88178], [139.28677, 35.88166], [139.28696, 35.88161], [139.28703, 35.88158], [139.28733, 35.88144], [139.2876, 35.88131], [139.28771, 35.88124], [139.28787, 35.88112], [139.28818, 35.88086], [139.28844, 35.88061], [139.28885, 35.88019], [139.28967, 35.87938], [139.2905, 35.87857], [139.29078, 35.87835], [139.29103, 35.87819], [139.29121, 35.8781], [139.29139, 35.87801], [139.29171, 35.87789], [139.29205, 35.87779], [139.29231, 35.87772], [139.29282, 35.87761], [139.29392, 35.87744], [139.29479, 35.87735], [139.29524, 35.87734], [139.29573, 35.87738], [139.29611, 35.87743], [139.29622, 35.87746], [139.29648, 35.87753], [139.29669, 35.87762], [139.29695, 35.87775], [139.29718, 35.87787], [139.29736, 35.878], [139.29755, 35.87816], [139.2978, 35.87839], [139.29797, 35.8786], [139.29811, 35.8788], [139.29823, 35.87897], [139.29835, 35.8792], [139.29842, 35.87942], [139.29852, 35.8798], [139.29863, 35.88036], [139.29872, 35.88085], [139.2988, 35.88105], [139.29892, 35.88126], [139.29902, 35.88139], [139.29913, 35.88152], [139.29926, 35.88164], [139.29941, 35.88177], [139.29957, 35.88189], [139.29972, 35.88199], [139.29989, 35.88208], [139.30011, 35.88218], [139.30027, 35.88225], [139.30054, 35.88234], [139.30077, 35.88238], [139.301, 35.88242], [139.30121, 35.88246], [139.30143, 35.88248], [139.30227, 35.88249], [139.30276, 35.88249], [139.30304, 35.88247], [139.30321, 35.88243], [139.30341, 35.88238], [139.3036, 35.88233]]}, "properties": {"id": "GEOM_TOKYO_0885", "route_id": "R_250D6650", "route_name": "池袋線", "route_color": "#00A15F", "route_text_color": "#ffffff", "line_name": "池袋線", "operator_id": "seibu", "representation": "service_path", "min_zoom": 0, "max_zoom": 24, "offset_rank": 0}}, {"type": "Feature", "bbox": [139.22536, 35.90829, 139.22645, 35.90834], "geometry": {"type": "LineString", "coordinates": [[139.22645, 35.90831], [139.22592, 35.90829], [139.22536, 35.90834]]}, "properties": {"id": "GEOM_TOKYO_0886", "route_id": "R_250D6650", "route_name": "池袋線", "route_color": "#00A15F", "route_text_color": "#ffffff", "line_name": "池袋線", "operator_id": "seibu", "representation": "service_path", "min_zoom": 0, "max_zoom": 24, "offset_rank": 0}}, {"type": "Feature", "bbox": [139.32013, 35.84989, 139.32214, 35.85071], "geometry": {"type": "LineString", "coordinates": [[139.32013, 35.85071], [139.32099, 35.85035], [139.32214, 35.84989]]}, "properties": {"id": "GEOM_TOKYO_0887", "route_id": "R_250D6650", "route_name": "池袋線", "route_color": "#00A15F", "route_text_color": "#ffffff", "line_name": "池袋線", "operator_id": "seibu", "representation": "service_path", "min_zoom": 0, "max_zoom": 24, "offset_rank": 0}}, {"type": "Feature", "bbox": [139.47473, 35.74125, 139.4762, 35.74191], "geometry": {"type": "LineString", "coordinates": [[139.4762, 35.74125], [139.4758, 35.74148], [139.47473, 35.74191]]}, "properties": {"id": "GEOM_TOKYO_0888", "route_id": "R_100802B8", "route_name": "拝島線", "route_color": "#00A15F", "route_text_color": "#ffffff", "line_name": "拝島線", "operator_id": "seibu", "representation": "service_path", "min_zoom": 0, "max_zoom": 24, "offset_rank": 0}}, {"type": "Feature", "bbox": [139.4762, 35.74031, 139.47745, 35.74125], "geometry": {"type": "LineString", "coordinates": [[139.47745, 35.74031], [139.47715, 35.74055], [139.47668, 35.74094], [139.4762, 35.74125]]}, "properties": {"id": "GEOM_TOKYO_0889", "route_id": "R_100802B8", "route_name": "拝島線", "route_color": "#00A15F", "route_text_color": "#ffffff", "line_name": "拝島線", "operator_id": "seibu", "representation": "service_path", "min_zoom": 0, "max_zoom": 24, "offset_rank": 0}}, {"type": "Feature", "bbox": [139.39298, 35.7289, 139.4181, 35.73174], "geometry": {"type": "LineString", "coordinates": [[139.4181, 35.73174], [139.41659, 35.73165], [139.41529, 35.73153], [139.41491, 35.7315], [139.41446, 35.73146], [139.41333, 35.73132], [139.4113, 35.73107], [139.40908, 35.73081], [139.40852, 35.73075], [139.40788, 35.73068], [139.40643, 35.7305], [139.40503, 35.73034], [139.40411, 35.73021], [139.40395, 35.73019], [139.40275, 35.73005], [139.40187, 35.72997], [139.40069, 35.72984], [139.39832, 35.72954], [139.39611, 35.72928], [139.39458, 35.72911], [139.39381, 35.72901], [139.39298, 35.7289]]}, "properties": {"id": "GEOM_TOKYO_0890", "route_id": "R_100802B8", "route_name": "拝島線", "route_color": "#00A15F", "route_text_color": "#ffffff", "line_name": "拝島線", "operator_id": "seibu", "representation": "service_path", "min_zoom": 0, "max_zoom": 24, "offset_rank": 0}}, {"type": "Feature", "bbox": [139.41945, 35.73013, 139.43363, 35.73258], "geometry": {"type": "LineString", "coordinates": [[139.43363, 35.73258], [139.43355, 35.73255], [139.43297, 35.73225], [139.43254, 35.73204], [139.43171, 35.73163], [139.42965, 35.7306], [139.42926, 35.73042], [139.42876, 35.73023], [139.42852, 35.73016], [139.42836, 35.73014], [139.42816, 35.73013], [139.42791, 35.73014], [139.42653, 35.7303], [139.42646, 35.73031], [139.42395, 35.73064], [139.42294, 35.73081], [139.42159, 35.73114], [139.42129, 35.73121], [139.42032, 35.73146], [139.41967, 35.73162], [139.41945, 35.73167]]}, "properties": {"id": "GEOM_TOKYO_0891", "route_id": "R_100802B8", "route_name": "拝島線", "route_color": "#00A15F", "route_text_color": "#ffffff", "line_name": "拝島線", "operator_id": "seibu", "representation": "service_path", "min_zoom": 0, "max_zoom": 24, "offset_rank": 0}}, {"type": "Feature", "bbox": [139.43496, 35.73261, 139.46313, 35.73528], "geometry": {"type": "LineString", "coordinates": [[139.43496, 35.73323], [139.43504, 35.73327], [139.4353, 35.73338], [139.43537, 35.7334], [139.43546, 35.73344], [139.43561, 35.73348], [139.43573, 35.73352], [139.4359, 35.73356], [139.43613, 35.73361], [139.43625, 35.73364], [139.43638, 35.73366], [139.43655, 35.73368], [139.43674, 35.7337], [139.4369, 35.73372], [139.43698, 35.73372], [139.43717, 35.73372], [139.43796, 35.73371], [139.43865, 35.73368], [139.44002, 35.73359], [139.44122, 35.73354], [139.44366, 35.7334], [139.446, 35.73328], [139.44749, 35.73321], [139.45062, 35.73306], [139.45109, 35.73304], [139.45284, 35.73295], [139.45679, 35.73273], [139.45802, 35.73267], [139.45903, 35.73262], [139.4595, 35.73261], [139.46004, 35.73262], [139.46031, 35.73265], [139.46057, 35.73269], [139.46071, 35.73273], [139.4609, 35.73278], [139.46103, 35.73282], [139.46129, 35.73291], [139.46149, 35.73299], [139.46165, 35.73307], [139.46174, 35.73312], [139.46191, 35.73324], [139.46196, 35.73327], [139.46207, 35.73336], [139.4622, 35.73348], [139.46231, 35.73357], [139.46242, 35.73367], [139.46254, 35.73381], [139.46264, 35.73395], [139.46274, 35.73414], [139.46286, 35.73435], [139.46301, 35.73482], [139.46313, 35.73528]]}, "properties": {"id": "GEOM_TOKYO_0892", "route_id": "R_100802B8", "route_name": "拝島線", "route_color": "#00A15F", "route_text_color": "#ffffff", "line_name": "拝島線", "operator_id": "seibu", "representation": "service_path", "min_zoom": 0, "max_zoom": 24, "offset_rank": 0}}, {"type": "Feature", "bbox": [139.46313, 35.73528, 139.4634, 35.73699], "geometry": {"type": "LineString", "coordinates": [[139.46313, 35.73528], [139.4634, 35.73699]]}, "properties": {"id": "GEOM_TOKYO_0893", "route_id": "R_100802B8", "route_name": "拝島線", "route_color": "#00A15F", "route_text_color": "#ffffff", "line_name": "拝島線", "operator_id": "seibu", "representation": "service_path", "min_zoom": 0, "max_zoom": 24, "offset_rank": 0}}, {"type": "Feature", "bbox": [139.48429, 35.73735, 139.48745, 35.73956], "geometry": {"type": "LineString", "coordinates": [[139.48745, 35.73735], [139.48731, 35.73741], [139.48713, 35.7375], [139.48683, 35.73767], [139.48652, 35.73785], [139.48627, 35.738], [139.48612, 35.73809], [139.48587, 35.73825], [139.48566, 35.7384], [139.48548, 35.73853], [139.48532, 35.73866], [139.48506, 35.73887], [139.48472, 35.73917], [139.48429, 35.73956]]}, "properties": {"id": "GEOM_TOKYO_0894", "route_id": "R_100802B8", "route_name": "拝島線", "route_color": "#00A15F", "route_text_color": "#ffffff", "line_name": "拝島線", "operator_id": "seibu", "representation": "service_path", "min_zoom": 0, "max_zoom": 24, "offset_rank": 0}}, {"type": "Feature", "bbox": [139.47745, 35.73956, 139.48429, 35.74031], "geometry": {"type": "LineString", "coordinates": [[139.48429, 35.73956], [139.48364, 35.73984], [139.4833, 35.73997], [139.48294, 35.74006], [139.48265, 35.74012], [139.4824, 35.74014], [139.48208, 35.74015], [139.48168, 35.74013], [139.48118, 35.74007], [139.48075, 35.74], [139.47976, 35.73979], [139.47937, 35.73971], [139.47912, 35.73969], [139.47901, 35.73968], [139.47884, 35.73969], [139.47875, 35.73971], [139.47862, 35.73974], [139.4784, 35.73981], [139.47813, 35.7399], [139.47792, 35.74], [139.4777, 35.74013], [139.47745, 35.74031]]}, "properties": {"id": "GEOM_TOKYO_0895", "route_id": "R_100802B8", "route_name": "拝島線", "route_color": "#00A15F", "route_text_color": "#ffffff", "line_name": "拝島線", "operator_id": "seibu", "representation": "service_path", "min_zoom": 0, "max_zoom": 24, "offset_rank": 0}}, {"type": "Feature", "bbox": [139.48745, 35.73648, 139.48944, 35.73735], "geometry": {"type": "LineString", "coordinates": [[139.48944, 35.73648], [139.48745, 35.73735]]}, "properties": {"id": "GEOM_TOKYO_0896", "route_id": "R_100802B8", "route_name": "拝島線", "route_color": "#00A15F", "route_text_color": "#ffffff", "line_name": "拝島線", "operator_id": "seibu", "representation": "service_path", "min_zoom": 0, "max_zoom": 24, "offset_rank": 0}}, {"type": "Feature", "bbox": [139.4634, 35.73699, 139.46359, 35.73814], "geometry": {"type": "LineString", "coordinates": [[139.4634, 35.73699], [139.46359, 35.73814]]}, "properties": {"id": "GEOM_TOKYO_0897", "route_id": "R_100802B8", "route_name": "拝島線", "route_color": "#00A15F", "route_text_color": "#ffffff", "line_name": "拝島線", "operator_id": "seibu", "representation": "service_path", "min_zoom": 0, "max_zoom": 24, "offset_rank": 0}}, {"type": "Feature", "bbox": [139.43363, 35.73258, 139.43496, 35.73323], "geometry": {"type": "LineString", "coordinates": [[139.43496, 35.73323], [139.43363, 35.73258]]}, "properties": {"id": "GEOM_TOKYO_0898", "route_id": "R_100802B8", "route_name": "拝島線", "route_color": "#00A15F", "route_text_color": "#ffffff", "line_name": "拝島線", "operator_id": "seibu", "representation": "service_path", "min_zoom": 0, "max_zoom": 24, "offset_rank": 0}}, {"type": "Feature", "bbox": [139.3691, 35.72611, 139.37021, 35.72625], "geometry": {"type": "LineString", "coordinates": [[139.37021, 35.72625], [139.3691, 35.72611]]}, "properties": {"id": "GEOM_TOKYO_0899", "route_id": "R_100802B8", "route_name": "拝島線", "route_color": "#00A15F", "route_text_color": "#ffffff", "line_name": "拝島線", "operator_id": "seibu", "representation": "service_path", "min_zoom": 0, "max_zoom": 24, "offset_rank": 0}}, {"type": "Feature", "bbox": [139.39171, 35.72875, 139.39298, 35.7289], "geometry": {"type": "LineString", "coordinates": [[139.39298, 35.7289], [139.39171, 35.72875]]}, "properties": {"id": "GEOM_TOKYO_0900", "route_id": "R_100802B8", "route_name": "拝島線", "route_color": "#00A15F", "route_text_color": "#ffffff", "line_name": "拝島線", "operator_id": "seibu", "representation": "service_path", "min_zoom": 0, "max_zoom": 24, "offset_rank": 0}}, {"type": "Feature", "bbox": [139.37021, 35.72625, 139.39171, 35.72875], "geometry": {"type": "LineString", "coordinates": [[139.39171, 35.72875], [139.38836, 35.72838], [139.3876, 35.72828], [139.38725, 35.72824], [139.38698, 35.72821], [139.3856, 35.72806], [139.3846, 35.72801], [139.38397, 35.72796], [139.38325, 35.7279], [139.38265, 35.72782], [139.38226, 35.72777], [139.38188, 35.72769], [139.38121, 35.72753], [139.38078, 35.72743], [139.37951, 35.72715], [139.37892, 35.72705], [139.3784, 35.72698], [139.37774, 35.72692], [139.37655, 35.72687], [139.37548, 35.72679], [139.37479, 35.72674], [139.37349, 35.72661], [139.3718, 35.72644], [139.37021, 35.72625]]}, "properties": {"id": "GEOM_TOKYO_0901", "route_id": "R_100802B8", "route_name": "拝島線", "route_color": "#00A15F", "route_text_color": "#ffffff", "line_name": "拝島線", "operator_id": "seibu", "representation": "service_path", "min_zoom": 0, "max_zoom": 24, "offset_rank": 0}}, {"type": "Feature", "bbox": [139.4181, 35.73167, 139.41945, 35.73174], "geometry": {"type": "LineString", "coordinates": [[139.41945, 35.73167], [139.4181, 35.73174]]}, "properties": {"id": "GEOM_TOKYO_0902", "route_id": "R_100802B8", "route_name": "拝島線", "route_color": "#00A15F", "route_text_color": "#ffffff", "line_name": "拝島線", "operator_id": "seibu", "representation": "service_path", "min_zoom": 0, "max_zoom": 24, "offset_rank": 0}}, {"type": "Feature", "bbox": [139.46385, 35.73935, 139.47473, 35.74206], "geometry": {"type": "LineString", "coordinates": [[139.47473, 35.74191], [139.4741, 35.74204], [139.47384, 35.74206], [139.47363, 35.74206], [139.47341, 35.74204], [139.473, 35.74196], [139.47293, 35.74194], [139.47247, 35.74185], [139.47194, 35.74174], [139.47174, 35.7417], [139.47152, 35.74169], [139.47133, 35.74169], [139.46939, 35.74182], [139.4666, 35.742], [139.4658, 35.74202], [139.46551, 35.74199], [139.46534, 35.74195], [139.46512, 35.74187], [139.46492, 35.74177], [139.46472, 35.74162], [139.46457, 35.74146], [139.46446, 35.7413], [139.46433, 35.74106], [139.46424, 35.74086], [139.4642, 35.74064], [139.46404, 35.73987], [139.46385, 35.73935]]}, "properties": {"id": "GEOM_TOKYO_0903", "route_id": "R_100802B8", "route_name": "拝島線", "route_color": "#00A15F", "route_text_color": "#ffffff", "line_name": "拝島線", "operator_id": "seibu", "representation": "service_path", "min_zoom": 0, "max_zoom": 24, "offset_rank": 0}}, {"type": "Feature", "bbox": [139.46359, 35.73814, 139.46385, 35.73935], "geometry": {"type": "LineString", "coordinates": [[139.46385, 35.73935], [139.46359, 35.73814]]}, "properties": {"id": "GEOM_TOKYO_0904", "route_id": "R_100802B8", "route_name": "拝島線", "route_color": "#00A15F", "route_text_color": "#ffffff", "line_name": "拝島線", "operator_id": "seibu", "representation": "service_path", "min_zoom": 0, "max_zoom": 24, "offset_rank": 0}}, {"type": "Feature", "bbox": [139.34398, 35.7208, 139.34442, 35.72133], "geometry": {"type": "LineString", "coordinates": [[139.34398, 35.72133], [139.3441, 35.7212], [139.34442, 35.7208]]}, "properties": {"id": "GEOM_TOKYO_0905", "route_id": "R_100802B8", "route_name": "拝島線", "route_color": "#00A15F", "route_text_color": "#ffffff", "line_name": "拝島線", "operator_id": "seibu", "representation": "service_path", "min_zoom": 0, "max_zoom": 24, "offset_rank": 0}}, {"type": "Feature", "bbox": [139.34442, 35.71862, 139.3691, 35.72611], "geometry": {"type": "LineString", "coordinates": [[139.3691, 35.72611], [139.36862, 35.72606], [139.36693, 35.72586], [139.36608, 35.72575], [139.36534, 35.72567], [139.3649, 35.72562], [139.36459, 35.72558], [139.36309, 35.7254], [139.36263, 35.72534], [139.3622, 35.72528], [139.36188, 35.72524], [139.36184, 35.72524], [139.36165, 35.7252], [139.36147, 35.72517], [139.36118, 35.72512], [139.36057, 35.72502], [139.36055, 35.72501], [139.36035, 35.72497], [139.36017, 35.72492], [139.35988, 35.72485], [139.35985, 35.72484], [139.35972, 35.7248], [139.3595, 35.72472], [139.35928, 35.72466], [139.35876, 35.72448], [139.35802, 35.72418], [139.35757, 35.72394], [139.35689, 35.72359], [139.35629, 35.72326], [139.35562, 35.72286], [139.35541, 35.72274], [139.35533, 35.72268], [139.35509, 35.72254], [139.35361, 35.72166], [139.35312, 35.72131], [139.35305, 35.72126], [139.35297, 35.7212], [139.35281, 35.72106], [139.3526, 35.72087], [139.35222, 35.72052], [139.35126, 35.71969], [139.351, 35.71945], [139.35051, 35.71912], [139.35027, 35.71898], [139.34994, 35.71883], [139.34966, 35.71874], [139.34951, 35.7187], [139.34926, 35.71867], [139.34917, 35.71865], [139.34906, 35.71864], [139.34864, 35.71862], [139.34836, 35.71862], [139.34801, 35.71863], [139.34755, 35.71874], [139.34706, 35.71889], [139.34685, 35.71898], [139.34664, 35.71907], [139.34643, 35.71918], [139.34604, 35.71939], [139.34525, 35.71996], [139.34496, 35.72023], [139.34466, 35.72052], [139.34442, 35.7208]]}, "properties": {"id": "GEOM_TOKYO_0906", "route_id": "R_100802B8", "route_name": "拝島線", "route_color": "#00A15F", "route_text_color": "#ffffff", "line_name": "拝島線", "operator_id": "seibu", "representation": "service_path", "min_zoom": 0, "max_zoom": 24, "offset_rank": 0}}, {"type": "Feature", "bbox": [139.41264, 35.69908, 139.41269, 35.69997], "geometry": {"type": "LineString", "coordinates": [[139.41264, 35.69908], [139.41269, 35.69997]]}, "properties": {"id": "GEOM_TOKYO_0911", "route_id": "R_E05060FC", "route_name": null, "route_color": "#54C0D8", "route_text_color": null, "line_name": "多摩都市モノレール線", "operator_id": "tama_monorail", "representation": "service_path", "min_zoom": 0, "max_zoom": 24, "offset_rank": 0}}, {"type": "Feature", "bbox": [139.4094, 35.69006, 139.41241, 35.69587], "geometry": {"type": "LineString", "coordinates": [[139.41241, 35.69587], [139.41139, 35.69404], [139.41087, 35.69309], [139.41007, 35.69159], [139.40983, 35.69109], [139.4094, 35.69006]]}, "properties": {"id": "GEOM_TOKYO_0912", "route_id": "R_E05060FC", "route_name": null, "route_color": "#54C0D8", "route_text_color": null, "line_name": "多摩都市モノレール線", "operator_id": "tama_monorail", "representation": "service_path", "min_zoom": 0, "max_zoom": 24, "offset_rank": 0}}, {"type": "Feature", "bbox": [139.41811, 35.71913, 139.41941, 35.7231], "geometry": {"type": "LineString", "coordinates": [[139.41941, 35.71913], [139.41856, 35.72062], [139.41838, 35.72092], [139.41829, 35.72109], [139.41822, 35.72127], [139.41817, 35.72144], [139.41814, 35.7216], [139.41811, 35.7231]]}, "properties": {"id": "GEOM_TOKYO_0913", "route_id": "R_E05060FC", "route_name": null, "route_color": "#54C0D8", "route_text_color": null, "line_name": "多摩都市モノレール線", "operator_id": "tama_monorail", "representation": "service_path", "min_zoom": 0, "max_zoom": 24, "offset_rank": 0}}, {"type": "Feature", "bbox": [139.4165, 35.73875, 139.41661, 35.73932], "geometry": {"type": "LineString", "coordinates": [[139.41661, 35.73875], [139.4165, 35.73932]]}, "properties": {"id": "GEOM_TOKYO_0914", "route_id": "R_E05060FC", "route_name": null, "route_color": "#54C0D8", "route_text_color": null, "line_name": "多摩都市モノレール線", "operator_id": "tama_monorail", "representation": "service_path", "min_zoom": 0, "max_zoom": 24, "offset_rank": 0}}, {"type": "Feature", "bbox": [139.41661, 35.73245, 139.41769, 35.73875], "geometry": {"type": "LineString", "coordinates": [[139.41769, 35.73245], [139.41756, 35.73331], [139.41742, 35.73403], [139.41733, 35.73459], [139.41724, 35.73529], [139.41689, 35.73726], [139.41661, 35.73875]]}, "properties": {"id": "GEOM_TOKYO_0915", "route_id": "R_E05060FC", "route_name": null, "route_color": "#54C0D8", "route_text_color": null, "line_name": "多摩都市モノレール線", "operator_id": "tama_monorail", "representation": "service_path", "min_zoom": 0, "max_zoom": 24, "offset_rank": 0}}, {"type": "Feature", "bbox": [139.41941, 35.71856, 139.41972, 35.71913], "geometry": {"type": "LineString", "coordinates": [[139.41972, 35.71856], [139.41941, 35.71913]]}, "properties": {"id": "GEOM_TOKYO_0916", "route_id": "R_E05060FC", "route_name": null, "route_color": "#54C0D8", "route_text_color": null, "line_name": "多摩都市モノレール線", "operator_id": "tama_monorail", "representation": "service_path", "min_zoom": 0, "max_zoom": 24, "offset_rank": 0}}, {"type": "Feature", "bbox": [139.41586, 35.73932, 139.4165, 35.74549], "geometry": {"type": "LineString", "coordinates": [[139.4165, 35.73932], [139.4163, 35.74053], [139.41609, 35.74173], [139.41599, 35.74239], [139.41595, 35.74277], [139.41593, 35.74304], [139.41591, 35.74345], [139.41586, 35.74549]]}, "properties": {"id": "GEOM_TOKYO_0917", "route_id": "R_E05060FC", "route_name": null, "route_color": "#54C0D8", "route_text_color": null, "line_name": "多摩都市モノレール線", "operator_id": "tama_monorail", "representation": "service_path", "min_zoom": 0, "max_zoom": 24, "offset_rank": 0}}, {"type": "Feature", "bbox": [139.41269, 35.69997, 139.41308, 35.70984], "geometry": {"type": "LineString", "coordinates": [[139.41308, 35.70984], [139.41295, 35.70967], [139.41284, 35.70948], [139.41277, 35.70935], [139.41273, 35.70921], [139.41271, 35.70905], [139.41271, 35.70898], [139.41271, 35.70778], [139.41271, 35.706], [139.41271, 35.70417], [139.41269, 35.69997]]}, "properties": {"id": "GEOM_TOKYO_0918", "route_id": "R_E05060FC", "route_name": null, "route_color": "#54C0D8", "route_text_color": null, "line_name": "多摩都市モノレール線", "operator_id": "tama_monorail", "representation": "service_path", "min_zoom": 0, "max_zoom": 24, "offset_rank": 0}}, {"type": "Feature", "bbox": [139.41778, 35.72367, 139.4181, 35.73189], "geometry": {"type": "LineString", "coordinates": [[139.4181, 35.72367], [139.41803, 35.72567], [139.41801, 35.72622], [139.41808, 35.72836], [139.41805, 35.72989], [139.41804, 35.73022], [139.418, 35.73058], [139.41793, 35.73112], [139.41778, 35.73189]]}, "properties": {"id": "GEOM_TOKYO_0919", "route_id": "R_E05060FC", "route_name": null, "route_color": "#54C0D8", "route_text_color": null, "line_name": "多摩都市モノレール線", "operator_id": "tama_monorail", "representation": "service_path", "min_zoom": 0, "max_zoom": 24, "offset_rank": 0}}, {"type": "Feature", "bbox": [139.41308, 35.70984, 139.41347, 35.71025], "geometry": {"type": "LineString", "coordinates": [[139.41347, 35.71025], [139.41308, 35.70984]]}, "properties": {"id": "GEOM_TOKYO_0920", "route_id": "R_E05060FC", "route_name": null, "route_color": "#54C0D8", "route_text_color": null, "line_name": "多摩都市モノレール線", "operator_id": "tama_monorail", "representation": "service_path", "min_zoom": 0, "max_zoom": 24, "offset_rank": 0}}, {"type": "Feature", "bbox": [139.41769, 35.73189, 139.41778, 35.73245], "geometry": {"type": "LineString", "coordinates": [[139.41778, 35.73189], [139.41776, 35.73203], [139.41769, 35.73245]]}, "properties": {"id": "GEOM_TOKYO_0921", "route_id": "R_E05060FC", "route_name": null, "route_color": "#54C0D8", "route_text_color": null, "line_name": "多摩都市モノレール線", "operator_id": "tama_monorail", "representation": "service_path", "min_zoom": 0, "max_zoom": 24, "offset_rank": 0}}, {"type": "Feature", "bbox": [139.41727, 35.71449, 139.42002, 35.71856], "geometry": {"type": "LineString", "coordinates": [[139.41727, 35.71449], [139.41897, 35.71642], [139.41984, 35.71738], [139.41993, 35.71751], [139.41998, 35.71758], [139.42001, 35.71766], [139.42002, 35.71772], [139.42002, 35.71783], [139.42001, 35.71791], [139.41999, 35.71798], [139.41991, 35.71817], [139.41984, 35.71831], [139.41972, 35.71856]]}, "properties": {"id": "GEOM_TOKYO_0922", "route_id": "R_E05060FC", "route_name": null, "route_color": "#54C0D8", "route_text_color": null, "line_name": "多摩都市モノレール線", "operator_id": "tama_monorail", "representation": "service_path", "min_zoom": 0, "max_zoom": 24, "offset_rank": 0}}, {"type": "Feature", "bbox": [139.41586, 35.74549, 139.41587, 35.74603], "geometry": {"type": "LineString", "coordinates": [[139.41586, 35.74549], [139.41587, 35.74603]]}, "properties": {"id": "GEOM_TOKYO_0923", "route_id": "R_E05060FC", "route_name": null, "route_color": "#54C0D8", "route_text_color": null, "line_name": "多摩都市モノレール線", "operator_id": "tama_monorail", "representation": "service_path", "min_zoom": 0, "max_zoom": 24, "offset_rank": 0}}, {"type": "Feature", "bbox": [139.41347, 35.71025, 139.41687, 35.71405], "geometry": {"type": "LineString", "coordinates": [[139.41687, 35.71405], [139.41426, 35.7111], [139.41361, 35.7104], [139.41347, 35.71025]]}, "properties": {"id": "GEOM_TOKYO_0924", "route_id": "R_E05060FC", "route_name": null, "route_color": "#54C0D8", "route_text_color": null, "line_name": "多摩都市モノレール線", "operator_id": "tama_monorail", "representation": "service_path", "min_zoom": 0, "max_zoom": 24, "offset_rank": 0}}, {"type": "Feature", "bbox": [139.41687, 35.71405, 139.41727, 35.71449], "geometry": {"type": "LineString", "coordinates": [[139.41727, 35.71449], [139.41687, 35.71405]]}, "properties": {"id": "GEOM_TOKYO_0925", "route_id": "R_E05060FC", "route_name": null, "route_color": "#54C0D8", "route_text_color": null, "line_name": "多摩都市モノレール線", "operator_id": "tama_monorail", "representation": "service_path", "min_zoom": 0, "max_zoom": 24, "offset_rank": 0}}, {"type": "Feature", "bbox": [139.41263, 35.69647, 139.41309, 35.69908], "geometry": {"type": "LineString", "coordinates": [[139.41274, 35.69647], [139.41296, 35.69689], [139.41305, 35.69707], [139.41308, 35.69719], [139.41309, 35.69729], [139.41307, 35.69741], [139.41305, 35.6975], [139.41302, 35.69759], [139.41295, 35.69774], [139.41282, 35.69798], [139.41271, 35.69817], [139.41266, 35.6983], [139.41263, 35.6984], [139.41264, 35.69908]]}, "properties": {"id": "GEOM_TOKYO_0926", "route_id": "R_E05060FC", "route_name": null, "route_color": "#54C0D8", "route_text_color": null, "line_name": "多摩都市モノレール線", "operator_id": "tama_monorail", "representation": "service_path", "min_zoom": 0, "max_zoom": 24, "offset_rank": 0}}, {"type": "Feature", "bbox": [139.41241, 35.69587, 139.41274, 35.69647], "geometry": {"type": "LineString", "coordinates": [[139.41274, 35.69647], [139.41241, 35.69587]]}, "properties": {"id": "GEOM_TOKYO_0927", "route_id": "R_E05060FC", "route_name": null, "route_color": "#54C0D8", "route_text_color": null, "line_name": "多摩都市モノレール線", "operator_id": "tama_monorail", "representation": "service_path", "min_zoom": 0, "max_zoom": 24, "offset_rank": 0}}, {"type": "Feature", "bbox": [139.4181, 35.7231, 139.41811, 35.72367], "geometry": {"type": "LineString", "coordinates": [[139.41811, 35.7231], [139.4181, 35.72367]]}, "properties": {"id": "GEOM_TOKYO_0928", "route_id": "R_E05060FC", "route_name": null, "route_color": "#54C0D8", "route_text_color": null, "line_name": "多摩都市モノレール線", "operator_id": "tama_monorail", "representation": "service_path", "min_zoom": 0, "max_zoom": 24, "offset_rank": 0}}, {"type": "Feature", "bbox": [139.40916, 35.68954, 139.4094, 35.69006], "geometry": {"type": "LineString", "coordinates": [[139.4094, 35.69006], [139.40916, 35.68954]]}, "properties": {"id": "GEOM_TOKYO_0929", "route_id": "R_E05060FC", "route_name": null, "route_color": "#54C0D8", "route_text_color": null, "line_name": "多摩都市モノレール線", "operator_id": "tama_monorail", "representation": "service_path", "min_zoom": 0, "max_zoom": 24, "offset_rank": 0}}, {"type": "Feature", "bbox": [139.41094, 35.65554, 139.41516, 35.66095], "geometry": {"type": "LineString", "coordinates": [[139.41516, 35.66095], [139.41514, 35.6609], [139.41508, 35.66071], [139.41484, 35.66035], [139.41415, 35.65954], [139.41389, 35.65919], [139.41361, 35.65879], [139.41338, 35.65841], [139.41295, 35.65766], [139.41281, 35.65746], [139.41263, 35.65727], [139.41238, 35.65702], [139.41208, 35.65678], [139.41171, 35.65648], [139.41148, 35.65624], [139.41135, 35.6561], [139.41121, 35.65594], [139.41108, 35.65577], [139.41098, 35.65561], [139.41094, 35.65554]]}, "properties": {"id": "GEOM_TOKYO_0930", "route_id": "R_E05060FC", "route_name": null, "route_color": "#54C0D8", "route_text_color": null, "line_name": "多摩都市モノレール線", "operator_id": "tama_monorail", "representation": "service_path", "min_zoom": 0, "max_zoom": 24, "offset_rank": 0}}, {"type": "Feature", "bbox": [139.42192, 35.63147, 139.42215, 35.63212], "geometry": {"type": "LineString", "coordinates": [[139.42215, 35.63147], [139.42192, 35.63212]]}, "properties": {"id": "GEOM_TOKYO_0931", "route_id": "R_E05060FC", "route_name": null, "route_color": "#54C0D8", "route_text_color": null, "line_name": "多摩都市モノレール線", "operator_id": "tama_monorail", "representation": "service_path", "min_zoom": 0, "max_zoom": 24, "offset_rank": 0}}, {"type": "Feature", "bbox": [139.41057, 35.65492, 139.41094, 35.65554], "geometry": {"type": "LineString", "coordinates": [[139.41057, 35.65492], [139.41094, 35.65554]]}, "properties": {"id": "GEOM_TOKYO_0932", "route_id": "R_E05060FC", "route_name": null, "route_color": "#54C0D8", "route_text_color": null, "line_name": "多摩都市モノレール線", "operator_id": "tama_monorail", "representation": "service_path", "min_zoom": 0, "max_zoom": 24, "offset_rank": 0}}, {"type": "Feature", "bbox": [139.41676, 35.63212, 139.42192, 35.63666], "geometry": {"type": "LineString", "coordinates": [[139.42192, 35.63212], [139.42189, 35.63218], [139.42169, 35.63269], [139.42139, 35.63331], [139.42117, 35.6336], [139.4209, 35.63386], [139.42057, 35.63414], [139.4195, 35.63486], [139.41786, 35.63593], [139.41683, 35.63662], [139.41676, 35.63666]]}, "properties": {"id": "GEOM_TOKYO_0933", "route_id": "R_E05060FC", "route_name": null, "route_color": "#54C0D8", "route_text_color": null, "line_name": "多摩都市モノレール線", "operator_id": "tama_monorail", "representation": "service_path", "min_zoom": 0, "max_zoom": 24, "offset_rank": 0}}, {"type": "Feature", "bbox": [139.40372, 35.64821, 139.40391, 35.64886], "geometry": {"type": "LineString", "coordinates": [[139.40372, 35.64821], [139.40391, 35.64886]]}, "properties": {"id": "GEOM_TOKYO_0934", "route_id": "R_E05060FC", "route_name": null, "route_color": "#54C0D8", "route_text_color": null, "line_name": "多摩都市モノレール線", "operator_id": "tama_monorail", "representation": "service_path", "min_zoom": 0, "max_zoom": 24, "offset_rank": 0}}, {"type": "Feature", "bbox": [139.42267, 35.62352, 139.4229, 35.62419], "geometry": {"type": "LineString", "coordinates": [[139.42267, 35.62352], [139.4229, 35.62419]]}, "properties": {"id": "GEOM_TOKYO_0935", "route_id": "R_E05060FC", "route_name": null, "route_color": "#54C0D8", "route_text_color": null, "line_name": "多摩都市モノレール線", "operator_id": "tama_monorail", "representation": "service_path", "min_zoom": 0, "max_zoom": 24, "offset_rank": 0}}, {"type": "Feature", "bbox": [139.40565, 35.67843, 139.40916, 35.68954], "geometry": {"type": "LineString", "coordinates": [[139.40916, 35.68954], [139.40898, 35.68906], [139.40835, 35.68753], [139.40789, 35.6864], [139.40754, 35.68553], [139.40734, 35.68509], [139.4072, 35.68477], [139.40677, 35.68376], [139.40642, 35.68297], [139.40616, 35.68243], [139.40578, 35.68163], [139.4057, 35.68141], [139.40567, 35.6813], [139.40565, 35.68115], [139.40566, 35.681], [139.40568, 35.68085], [139.40572, 35.6807], [139.40579, 35.68049], [139.40589, 35.68032], [139.406, 35.68017], [139.40635, 35.6799], [139.40777, 35.67907], [139.40885, 35.67843]]}, "properties": {"id": "GEOM_TOKYO_0936", "route_id": "R_E05060FC", "route_name": null, "route_color": "#54C0D8", "route_text_color": null, "line_name": "多摩都市モノレール線", "operator_id": "tama_monorail", "representation": "service_path", "min_zoom": 0, "max_zoom": 24, "offset_rank": 0}}, {"type": "Feature", "bbox": [139.40391, 35.64886, 139.41057, 35.65492], "geometry": {"type": "LineString", "coordinates": [[139.40391, 35.64886], [139.40393, 35.64894], [139.40401, 35.6492], [139.40408, 35.64936], [139.40422, 35.6495], [139.40444, 35.64968], [139.40478, 35.64989], [139.40513, 35.6501], [139.4055, 35.65027], [139.40585, 35.65041], [139.40666, 35.6506], [139.40705, 35.65069], [139.40734, 35.6508], [139.40758, 35.65093], [139.40783, 35.65114], [139.40813, 35.65142], [139.40829, 35.65169], [139.40852, 35.65223], [139.40875, 35.65289], [139.40889, 35.65313], [139.40902, 35.65335], [139.40918, 35.65353], [139.40939, 35.65375], [139.40961, 35.65394], [139.40986, 35.65412], [139.41012, 35.65431], [139.41028, 35.65447], [139.41043, 35.65466], [139.41055, 35.65488], [139.41057, 35.65492]]}, "properties": {"id": "GEOM_TOKYO_0937", "route_id": "R_E05060FC", "route_name": null, "route_color": "#54C0D8", "route_text_color": null, "line_name": "多摩都市モノレール線", "operator_id": "tama_monorail", "representation": "service_path", "min_zoom": 0, "max_zoom": 24, "offset_rank": 0}}, {"type": "Feature", "bbox": [139.40349, 35.64204, 139.40837, 35.64821], "geometry": {"type": "LineString", "coordinates": [[139.40837, 35.64204], [139.40746, 35.64235], [139.40705, 35.64247], [139.4064, 35.64259], [139.40586, 35.64267], [139.40527, 35.64281], [139.40498, 35.6429], [139.40463, 35.64304], [139.40442, 35.64316], [139.40428, 35.64329], [139.40419, 35.6434], [139.40413, 35.64353], [139.40411, 35.64357], [139.40403, 35.64384], [139.40398, 35.64406], [139.40397, 35.6442], [139.40398, 35.6444], [139.40403, 35.64515], [139.40404, 35.64544], [139.40395, 35.64578], [139.40384, 35.64599], [139.40357, 35.6465], [139.40349, 35.64671], [139.40349, 35.64693], [139.40351, 35.64725], [139.40371, 35.64814], [139.40372, 35.64821]]}, "properties": {"id": "GEOM_TOKYO_0938", "route_id": "R_E05060FC", "route_name": null, "route_color": "#54C0D8", "route_text_color": null, "line_name": "多摩都市モノレール線", "operator_id": "tama_monorail", "representation": "service_path", "min_zoom": 0, "max_zoom": 24, "offset_rank": 0}}, {"type": "Feature", "bbox": [139.40885, 35.67807, 139.40946, 35.67843], "geometry": {"type": "LineString", "coordinates": [[139.40885, 35.67843], [139.40946, 35.67807]]}, "properties": {"id": "GEOM_TOKYO_0939", "route_id": "R_E05060FC", "route_name": null, "route_color": "#54C0D8", "route_text_color": null, "line_name": "多摩都市モノレール線", "operator_id": "tama_monorail", "representation": "service_path", "min_zoom": 0, "max_zoom": 24, "offset_rank": 0}}, {"type": "Feature", "bbox": [139.40837, 35.64173, 139.40908, 35.64204], "geometry": {"type": "LineString", "coordinates": [[139.40908, 35.64173], [139.40837, 35.64204]]}, "properties": {"id": "GEOM_TOKYO_0940", "route_id": "R_E05060FC", "route_name": null, "route_color": "#54C0D8", "route_text_color": null, "line_name": "多摩都市モノレール線", "operator_id": "tama_monorail", "representation": "service_path", "min_zoom": 0, "max_zoom": 24, "offset_rank": 0}}, {"type": "Feature", "bbox": [139.40908, 35.63706, 139.41613, 35.64173], "geometry": {"type": "LineString", "coordinates": [[139.41613, 35.63706], [139.41606, 35.63711], [139.4153, 35.63767], [139.4147, 35.63816], [139.41445, 35.6384], [139.41377, 35.63933], [139.4135, 35.63963], [139.41317, 35.63989], [139.41282, 35.6401], [139.41214, 35.64041], [139.40916, 35.64169], [139.40908, 35.64173]]}, "properties": {"id": "GEOM_TOKYO_0941", "route_id": "R_E05060FC", "route_name": null, "route_color": "#54C0D8", "route_text_color": null, "line_name": "多摩都市モノレール線", "operator_id": "tama_monorail", "representation": "service_path", "min_zoom": 0, "max_zoom": 24, "offset_rank": 0}}, {"type": "Feature", "bbox": [139.42215, 35.62419, 139.42379, 35.63147], "geometry": {"type": "LineString", "coordinates": [[139.4229, 35.62419], [139.42292, 35.62426], [139.42341, 35.6257], [139.42364, 35.62641], [139.42376, 35.62685], [139.42379, 35.62717], [139.42378, 35.62749], [139.42374, 35.62777], [139.42368, 35.62802], [139.42324, 35.62905], [139.42315, 35.62924], [139.4229, 35.62977], [139.42245, 35.63076], [139.4223, 35.63113], [139.42217, 35.63141], [139.42215, 35.63147]]}, "properties": {"id": "GEOM_TOKYO_0942", "route_id": "R_E05060FC", "route_name": null, "route_color": "#54C0D8", "route_text_color": null, "line_name": "多摩都市モノレール線", "operator_id": "tama_monorail", "representation": "service_path", "min_zoom": 0, "max_zoom": 24, "offset_rank": 0}}, {"type": "Feature", "bbox": [139.41962, 35.67104, 139.4201, 35.67159], "geometry": {"type": "LineString", "coordinates": [[139.41962, 35.67159], [139.4201, 35.67104]]}, "properties": {"id": "GEOM_TOKYO_0943", "route_id": "R_E05060FC", "route_name": null, "route_color": "#54C0D8", "route_text_color": null, "line_name": "多摩都市モノレール線", "operator_id": "tama_monorail", "representation": "service_path", "min_zoom": 0, "max_zoom": 24, "offset_rank": 0}}, {"type": "Feature", "bbox": [139.40946, 35.67159, 139.41962, 35.67807], "geometry": {"type": "LineString", "coordinates": [[139.40946, 35.67807], [139.41091, 35.67716], [139.41351, 35.67553], [139.41519, 35.67448], [139.41714, 35.67326], [139.41851, 35.67239], [139.41926, 35.67189], [139.41962, 35.67159]]}, "properties": {"id": "GEOM_TOKYO_0944", "route_id": "R_E05060FC", "route_name": null, "route_color": "#54C0D8", "route_text_color": null, "line_name": "多摩都市モノレール線", "operator_id": "tama_monorail", "representation": "service_path", "min_zoom": 0, "max_zoom": 24, "offset_rank": 0}}, {"type": "Feature", "bbox": [139.41531, 35.66163, 139.42062, 35.67104], "geometry": {"type": "LineString", "coordinates": [[139.41531, 35.66163], [139.41534, 35.6617], [139.41553, 35.66221], [139.41554, 35.66224], [139.41566, 35.66245], [139.41575, 35.66259], [139.41593, 35.66279], [139.41623, 35.66307], [139.417, 35.66374], [139.41778, 35.66443], [139.41843, 35.66501], [139.41879, 35.6654], [139.41914, 35.66587], [139.4195, 35.66642], [139.4202, 35.6676], [139.42052, 35.66824], [139.42062, 35.66853], [139.42062, 35.66878], [139.42062, 35.66922], [139.42052, 35.6699], [139.42048, 35.67026], [139.42044, 35.67043], [139.42038, 35.6706], [139.4201, 35.67104]]}, "properties": {"id": "GEOM_TOKYO_0945", "route_id": "R_E05060FC", "route_name": null, "route_color": "#54C0D8", "route_text_color": null, "line_name": "多摩都市モノレール線", "operator_id": "tama_monorail", "representation": "service_path", "min_zoom": 0, "max_zoom": 24, "offset_rank": 0}}, {"type": "Feature", "bbox": [139.41613, 35.63666, 139.41676, 35.63706], "geometry": {"type": "LineString", "coordinates": [[139.41676, 35.63666], [139.41613, 35.63706]]}, "properties": {"id": "GEOM_TOKYO_0946", "route_id": "R_E05060FC", "route_name": null, "route_color": "#54C0D8", "route_text_color": null, "line_name": "多摩都市モノレール線", "operator_id": "tama_monorail", "representation": "service_path", "min_zoom": 0, "max_zoom": 24, "offset_rank": 0}}, {"type": "Feature", "bbox": [139.41516, 35.66095, 139.41531, 35.66163], "geometry": {"type": "LineString", "coordinates": [[139.41516, 35.66095], [139.41531, 35.66163]]}, "properties": {"id": "GEOM_TOKYO_0947", "route_id": "R_E05060FC", "route_name": null, "route_color": "#54C0D8", "route_text_color": null, "line_name": "多摩都市モノレール線", "operator_id": "tama_monorail", "representation": "service_path", "min_zoom": 0, "max_zoom": 24, "offset_rank": 0}}, {"type": "Feature", "bbox": [139.15582, 35.25741, 139.59111, 35.48638], "geometry": {"type": "LineString", "coordinates": [[139.15582, 35.25741], [139.15594, 35.25752], [139.16043, 35.26191], [139.16057, 35.26205], [139.1608, 35.26227], [139.16119, 35.26265], [139.16123, 35.26269], [139.16157, 35.26302], [139.16268, 35.26411], [139.16291, 35.26433], [139.1658, 35.26716], [139.16615, 35.2675], [139.16642, 35.26776], [139.16782, 35.26913], [139.17077, 35.272], [139.17232, 35.27352], [139.1732, 35.27431], [139.17399, 35.27499], [139.17413, 35.2751], [139.17476, 35.27562], [139.17489, 35.27573], [139.17511, 35.27591], [139.17527, 35.27604], [139.17536, 35.27611], [139.17595, 35.27653], [139.17608, 35.27662], [139.17675, 35.2771], [139.17916, 35.27864], [139.18203, 35.28019], [139.1826, 35.28047], [139.18883, 35.28337], [139.18949, 35.28367], [139.18961, 35.28372], [139.1897, 35.28377], [139.19055, 35.28416], [139.1912, 35.28446], [139.19142, 35.28456], [139.19148, 35.28459], [139.19184, 35.28475], [139.19213, 35.28489], [139.19313, 35.28534], [139.19636, 35.28683], [139.19667, 35.28697], [139.19836, 35.28778], [139.1999, 35.28849], [139.20357, 35.29016], [139.20401, 35.29036], [139.20512, 35.29088], [139.21261, 35.29431], [139.21476, 35.29532], [139.21687, 35.29631], [139.21743, 35.29655], [139.21757, 35.29661], [139.2188, 35.29718], [139.21941, 35.29746], [139.21976, 35.29762], [139.22111, 35.29825], [139.22125, 35.29831], [139.22133, 35.29835], [139.22144, 35.2984], [139.22265, 35.29896], [139.22277, 35.29901], [139.22322, 35.29922], [139.22345, 35.29933], [139.22368, 35.29943], [139.22389, 35.29953], [139.22395, 35.29956], [139.22517, 35.30009], [139.2253, 35.30014], [139.22619, 35.3005], [139.22631, 35.30054], [139.22752, 35.30102], [139.22925, 35.30165], [139.23048, 35.30206], [139.2322, 35.30253], [139.23346, 35.30288], [139.23456, 35.3032], [139.23535, 35.30342], [139.23557, 35.30348], [139.23674, 35.3038], [139.23691, 35.30385], [139.23771, 35.30408], [139.23832, 35.30425], [139.2431, 35.30562], [139.24682, 35.3067], [139.24687, 35.30677], [139.24716, 35.30687], [139.24725, 35.30691], [139.2477, 35.30704], [139.24795, 35.30712], [139.24839, 35.30725], [139.24857, 35.3073], [139.24908, 35.30746], [139.24915, 35.30748], [139.25056, 35.30789], [139.25197, 35.30831], [139.25325, 35.30868], [139.25426, 35.30898], [139.25494, 35.30918], [139.255, 35.3092], [139.25545, 35.30934], [139.25557, 35.30937], [139.2563, 35.30958], [139.25639, 35.3096], [139.2572, 35.30983], [139.25729, 35.30985], [139.2575, 35.30992], [139.25793, 35.31004], [139.25798, 35.31005], [139.25836, 35.31016], [139.25843, 35.31018], [139.25905, 35.31037], [139.2603, 35.31072], [139.26066, 35.31082], [139.26101, 35.31092], [139.26112, 35.31095], [139.26157, 35.3111], [139.26166, 35.31112], [139.26256, 35.31138], [139.26442, 35.31189], [139.26488, 35.31201], [139.26602, 35.31231], [139.26668, 35.31252], [139.26761, 35.31282], [139.26785, 35.31291], [139.27007, 35.31376], [139.27121, 35.31428], [139.27225, 35.31478], [139.27272, 35.31504], [139.27337, 35.31543], [139.27471, 35.31619], [139.276, 35.31693], [139.27675, 35.31738], [139.2775, 35.31782], [139.278, 35.31811], [139.27975, 35.31913], [139.28082, 35.31976], [139.28225, 35.32059], [139.28377, 35.32148], [139.28532, 35.3224], [139.28652, 35.32306], [139.28731, 35.32354], [139.28831, 35.32418], [139.2889, 35.32462], [139.28944, 35.32509], [139.28993, 35.32552], [139.29089, 35.32638], [139.29167, 35.32711], [139.29285, 35.3282], [139.29306, 35.3284], [139.29328, 35.32861], [139.29477, 35.32995], [139.29567, 35.33076], [139.29589, 35.33095], [139.29684, 35.33178], [139.29721, 35.33215], [139.2978, 35.33269], [139.29853, 35.33335], [139.29902, 35.3338], [139.29925, 35.33401], [139.30023, 35.33489], [139.30081, 35.33539], [139.301, 35.33556], [139.30126, 35.3358], [139.30187, 35.33631], [139.3022, 35.33661], [139.30247, 35.33685], [139.30302, 35.33745], [139.30407, 35.33857], [139.30507, 35.33965], [139.30633, 35.341], [139.30661, 35.3413], [139.30725, 35.34199], [139.30758, 35.34235], [139.30886, 35.3437], [139.30909, 35.34395], [139.30913, 35.344], [139.30947, 35.34437], [139.31056, 35.34554], [139.31075, 35.34574], [139.31103, 35.34605], [139.31116, 35.34619], [139.31199, 35.34707], [139.3122, 35.34731], [139.31277, 35.34792], [139.31296, 35.34815], [139.314, 35.34923], [139.31528, 35.35058], [139.31626, 35.3516], [139.31649, 35.35183], [139.3173, 35.35268], [139.31738, 35.35277], [139.3189, 35.35436], [139.31961, 35.35501], [139.31996, 35.35532], [139.32022, 35.35553], [139.3214, 35.35642], [139.32223, 35.35701], [139.32321, 35.3577], [139.32521, 35.35913], [139.32595, 35.35965], [139.327, 35.36042], [139.32733, 35.36066], [139.32858, 35.36156], [139.32997, 35.36256], [139.3302, 35.36273], [139.33412, 35.36555], [139.33439, 35.36573], [139.33623, 35.36707], [139.3365, 35.36726], [139.3381, 35.36841], [139.33868, 35.36884], [139.34055, 35.37018], [139.34172, 35.37102], [139.3425, 35.37157], [139.3429, 35.37187], [139.3439, 35.37259], [139.34509, 35.37345], [139.34541, 35.37369], [139.34651, 35.37447], [139.3473, 35.37504], [139.34785, 35.37544], [139.34847, 35.37589], [139.34902, 35.37628], [139.34932, 35.37652], [139.35091, 35.37766], [139.35117, 35.37785], [139.35229, 35.37864], [139.35272, 35.37896], [139.35284, 35.37904], [139.35306, 35.37921], [139.3548, 35.38046], [139.35505, 35.38064], [139.35525, 35.38079], [139.35539, 35.38089], [139.3555, 35.38098], [139.356, 35.38134], [139.35615, 35.38145], [139.35624, 35.38152], [139.35742, 35.38237], [139.35772, 35.38258], [139.35935, 35.38376], [139.36037, 35.3845], [139.36145, 35.38525], [139.36151, 35.3853], [139.36171, 35.38542], [139.36194, 35.38556], [139.36203, 35.38562], [139.3623, 35.38579], [139.36362, 35.38661], [139.36462, 35.38718], [139.36506, 35.38739], [139.36553, 35.38763], [139.36611, 35.3879], [139.36667, 35.38818], [139.36808, 35.38882], [139.36927, 35.38937], [139.36979, 35.3896], [139.37024, 35.38981], [139.3714, 35.39034], [139.3718, 35.39053], [139.37397, 35.39145], [139.374, 35.39146], [139.37573, 35.39223], [139.37805, 35.39323], [139.37843, 35.39341], [139.37963, 35.39394], [139.38162, 35.39481], [139.38216, 35.39505], [139.38239, 35.39516], [139.38262, 35.39526], [139.38378, 35.39577], [139.38404, 35.39588], [139.38435, 35.39602], [139.38469, 35.39616], [139.38515, 35.39636], [139.38674, 35.39706], [139.3876, 35.39744], [139.3884, 35.39779], [139.38934, 35.39821], [139.38986, 35.39844], [139.39136, 35.3991], [139.39182, 35.3993], [139.39277, 35.39973], [139.39423, 35.40035], [139.39533, 35.40084], [139.39666, 35.40142], [139.39689, 35.40152], [139.3995, 35.40267], [139.39974, 35.40278], [139.40106, 35.40335], [139.40382, 35.40455], [139.40527, 35.4052], [139.40643, 35.40571], [139.40796, 35.40638], [139.41148, 35.40793], [139.4121, 35.4082], [139.41234, 35.4083], [139.41462, 35.40933], [139.41508, 35.40952], [139.41868, 35.41114], [139.42113, 35.41224], [139.42307, 35.41308], [139.42479, 35.41386], [139.42638, 35.41458], [139.42861, 35.41562], [139.42898, 35.41579], [139.43033, 35.41641], [139.43088, 35.41666], [139.4311, 35.41676], [139.43321, 35.41774], [139.43436, 35.41826], [139.43586, 35.41894], [139.43754, 35.4197], [139.43785, 35.41984], [139.43805, 35.41993], [139.43957, 35.42062], [139.44045, 35.42101], [139.44099, 35.42126], [139.44102, 35.42127], [139.44228, 35.42184], [139.44262, 35.42199], [139.44294, 35.42213], [139.44343, 35.42236], [139.44374, 35.4225], [139.4449, 35.42302], [139.44506, 35.42309], [139.44583, 35.42344], [139.44693, 35.42394], [139.44785, 35.42436], [139.44832, 35.42457], [139.45085, 35.42573], [139.45102, 35.4258], [139.45107, 35.42583], [139.45259, 35.42652], [139.4533, 35.42685], [139.45342, 35.4269], [139.45524, 35.42769], [139.45541, 35.42776], [139.45697, 35.42844], [139.45761, 35.42874], [139.45795, 35.42889], [139.45889, 35.42933], [139.45912, 35.42943], [139.45981, 35.42974], [139.45992, 35.42979], [139.46018, 35.42991], [139.46086, 35.43022], [139.46107, 35.43031], [139.46113, 35.43033], [139.46139, 35.43045], [139.46187, 35.43065], [139.46207, 35.43073], [139.46211, 35.43075], [139.46303, 35.43113], [139.46358, 35.43135], [139.46374, 35.43141], [139.46382, 35.43144], [139.46393, 35.43149], [139.46408, 35.43154], [139.46441, 35.43167], [139.46626, 35.4324], [139.46726, 35.43274], [139.4679, 35.43297], [139.46912, 35.4334], [139.47025, 35.43381], [139.47062, 35.43395], [139.47291, 35.43481], [139.47321, 35.43492], [139.47356, 35.43505], [139.47397, 35.43519], [139.47429, 35.4353], [139.47587, 35.43587], [139.47741, 35.43644], [139.47747, 35.43646], [139.47772, 35.43656], [139.47778, 35.43658], [139.47823, 35.43675], [139.47829, 35.43677], [139.47846, 35.43683], [139.47854, 35.43686], [139.47893, 35.43701], [139.47986, 35.43736], [139.48004, 35.43742], [139.48177, 35.43808], [139.48185, 35.43811], [139.48193, 35.43814], [139.48201, 35.43817], [139.48226, 35.43826], [139.48258, 35.43838], [139.48329, 35.43864], [139.48339, 35.43868], [139.48362, 35.43876], [139.48419, 35.43896], [139.48431, 35.439], [139.48454, 35.43907], [139.48466, 35.43912], [139.4853, 35.43935], [139.48538, 35.43938], [139.48548, 35.43942], [139.48554, 35.43944], [139.48705, 35.44001], [139.48713, 35.44004], [139.4885, 35.44054], [139.48894, 35.44069], [139.48926, 35.44081], [139.49138, 35.44158], [139.49167, 35.44168], [139.49217, 35.44186], [139.49383, 35.44246], [139.49401, 35.44253], [139.49404, 35.44253], [139.49523, 35.44299], [139.49571, 35.44316], [139.49594, 35.44324], [139.4968, 35.4435], [139.49855, 35.44415], [139.50027, 35.44479], [139.50249, 35.44562], [139.5042, 35.44627], [139.50492, 35.44653], [139.50649, 35.44704], [139.50939, 35.4479], [139.50986, 35.44804], [139.51347, 35.4491], [139.51615, 35.44996], [139.51626, 35.44999], [139.51872, 35.45104], [139.52105, 35.45223], [139.52268, 35.45313], [139.52548, 35.45479], [139.52569, 35.45492], [139.52718, 35.4558], [139.52737, 35.45591], [139.53057, 35.45782], [139.53146, 35.45837], [139.53247, 35.45893], [139.53461, 35.46023], [139.53629, 35.46122], [139.53903, 35.46284], [139.5415, 35.46432], [139.54216, 35.46469], [139.54233, 35.4648], [139.54251, 35.46491], [139.54346, 35.46547], [139.54474, 35.46625], [139.54654, 35.4673], [139.54751, 35.46786], [139.54783, 35.46805], [139.54791, 35.46809], [139.5502, 35.46949], [139.55044, 35.46963], [139.55053, 35.46968], [139.55066, 35.46976], [139.55126, 35.47012], [139.55244, 35.47082], [139.5535, 35.47145], [139.55366, 35.47155], [139.55405, 35.47177], [139.55524, 35.47248], [139.55619, 35.47303], [139.55771, 35.47393], [139.5586, 35.47449], [139.56025, 35.47544], [139.5611, 35.47594], [139.56133, 35.47608], [139.56229, 35.47665], [139.5629, 35.477], [139.56368, 35.47743], [139.56386, 35.47753], [139.56473, 35.47796], [139.56532, 35.47828], [139.56582, 35.47853], [139.56651, 35.47885], [139.56687, 35.479], [139.56941, 35.47996], [139.57003, 35.48018], [139.57048, 35.48032], [139.57156, 35.48064], [139.57202, 35.48078], [139.57253, 35.48091], [139.57409, 35.48128], [139.57544, 35.48162], [139.57662, 35.48192], [139.57718, 35.48205], [139.58086, 35.48293], [139.58127, 35.48303], [139.58172, 35.48314], [139.58294, 35.48344], [139.58528, 35.48409], [139.5854, 35.48413], [139.58569, 35.48421], [139.58577, 35.48423], [139.588, 35.485], [139.58914, 35.48547], [139.58987, 35.48578], [139.59002, 35.48585], [139.5907, 35.48617], [139.59083, 35.48624], [139.59111, 35.48638]]}, "properties": {"id": "GEOM_TOKYO_0951", "route_id": "R_3B2E9FFD", "route_name": null, "route_color": "#1F78FF", "route_text_color": null, "line_name": "東海道新幹線", "operator_id": "東海旅客鉄道", "representation": "service_path", "min_zoom": 0, "max_zoom": 24, "offset_rank": 0}}, {"type": "Feature", "bbox": [139.07952, 35.10548, 139.15371, 35.25501], "geometry": {"type": "LineString", "coordinates": [[139.15371, 35.25501], [139.15368, 35.25497], [139.15338, 35.25458], [139.15301, 35.25412], [139.15248, 35.25344], [139.15236, 35.25328], [139.15154, 35.25219], [139.15075, 35.25112], [139.15043, 35.25066], [139.15015, 35.25031], [139.14982, 35.24987], [139.14954, 35.24948], [139.14915, 35.24896], [139.14848, 35.24805], [139.14783, 35.24716], [139.14719, 35.24629], [139.14682, 35.24582], [139.14636, 35.24512], [139.14584, 35.24437], [139.14524, 35.2433], [139.14492, 35.24271], [139.14468, 35.24227], [139.14438, 35.24175], [139.14414, 35.24122], [139.144, 35.24093], [139.14367, 35.24009], [139.14356, 35.23978], [139.1432, 35.23901], [139.14277, 35.23773], [139.14237, 35.23667], [139.14221, 35.23616], [139.14185, 35.23523], [139.14173, 35.23489], [139.14145, 35.23412], [139.14105, 35.23299], [139.14073, 35.23208], [139.14028, 35.23084], [139.14003, 35.23007], [139.1397, 35.22897], [139.13945, 35.22814], [139.13922, 35.22721], [139.13907, 35.22659], [139.13897, 35.22617], [139.13891, 35.22575], [139.13885, 35.2253], [139.13874, 35.22449], [139.13872, 35.22419], [139.13859, 35.2234], [139.13836, 35.22171], [139.13819, 35.22046], [139.13801, 35.21928], [139.13785, 35.2181], [139.13771, 35.21701], [139.1376, 35.21627], [139.1375, 35.21545], [139.13744, 35.21516], [139.13729, 35.21411], [139.13722, 35.21338], [139.13717, 35.21292], [139.13714, 35.2126], [139.13706, 35.21194], [139.1369, 35.21063], [139.13684, 35.21012], [139.13678, 35.20954], [139.13668, 35.20869], [139.13659, 35.20794], [139.13647, 35.20702], [139.13638, 35.20618], [139.13619, 35.20495], [139.136, 35.20381], [139.13584, 35.20284], [139.1357, 35.20192], [139.13558, 35.20117], [139.13547, 35.20079], [139.13543, 35.2005], [139.13539, 35.20014], [139.13536, 35.1996], [139.13534, 35.19874], [139.13524, 35.19732], [139.13517, 35.19652], [139.13511, 35.19598], [139.13495, 35.19475], [139.13481, 35.19365], [139.13467, 35.19272], [139.13449, 35.19196], [139.13424, 35.19092], [139.13403, 35.19001], [139.13381, 35.1892], [139.13344, 35.18815], [139.13327, 35.18766], [139.13326, 35.18763], [139.13228, 35.18554], [139.13204, 35.18506], [139.132, 35.18495], [139.13195, 35.18484], [139.13173, 35.18448], [139.1314, 35.184], [139.13067, 35.18292], [139.12976, 35.18162], [139.12925, 35.18091], [139.12859, 35.17999], [139.12832, 35.17962], [139.12782, 35.17891], [139.12773, 35.17879], [139.12732, 35.17819], [139.1269, 35.17762], [139.12633, 35.17685], [139.12591, 35.17627], [139.12545, 35.17565], [139.12491, 35.175], [139.12438, 35.17434], [139.12381, 35.17367], [139.12335, 35.17315], [139.12277, 35.17245], [139.12241, 35.17201], [139.12184, 35.17132], [139.12147, 35.17092], [139.12124, 35.17067], [139.12061, 35.16996], [139.12051, 35.16986], [139.12029, 35.16963], [139.11994, 35.16924], [139.11965, 35.16892], [139.11897, 35.16821], [139.11857, 35.16777], [139.11794, 35.16715], [139.11765, 35.16679], [139.11735, 35.16647], [139.117, 35.16609], [139.11699, 35.16608], [139.11666, 35.16572], [139.11636, 35.16541], [139.11603, 35.16507], [139.11562, 35.16461], [139.11504, 35.16399], [139.11437, 35.16323], [139.11401, 35.16284], [139.11374, 35.16253], [139.11305, 35.16181], [139.11239, 35.16109], [139.11211, 35.16078], [139.11142, 35.16001], [139.11074, 35.15929], [139.11036, 35.15887], [139.11024, 35.15873], [139.10957, 35.15801], [139.10948, 35.15792], [139.10911, 35.15753], [139.10892, 35.15732], [139.10864, 35.15703], [139.10812, 35.15643], [139.10746, 35.15566], [139.10731, 35.15551], [139.10665, 35.1548], [139.10621, 35.15434], [139.10558, 35.15366], [139.10494, 35.15298], [139.10461, 35.15262], [139.1043, 35.15229], [139.10397, 35.15193], [139.10333, 35.15123], [139.10299, 35.15087], [139.10261, 35.15046], [139.10196, 35.14976], [139.10132, 35.14907], [139.10098, 35.1487], [139.10027, 35.14795], [139.09958, 35.14719], [139.09894, 35.14648], [139.09861, 35.14612], [139.09795, 35.14542], [139.09786, 35.14532], [139.09708, 35.14447], [139.09652, 35.14387], [139.09641, 35.14375], [139.09635, 35.14368], [139.09578, 35.14307], [139.09527, 35.14253], [139.09493, 35.14217], [139.09476, 35.14199], [139.0947, 35.14192], [139.09448, 35.14167], [139.09405, 35.14119], [139.094, 35.14112], [139.09369, 35.14072], [139.09355, 35.14054], [139.09324, 35.14012], [139.09315, 35.13992], [139.093, 35.13948], [139.09269, 35.13859], [139.09269, 35.13857], [139.09242, 35.13775], [139.09223, 35.13724], [139.09195, 35.13638], [139.09169, 35.13557], [139.09139, 35.13469], [139.0911, 35.1338], [139.09082, 35.13298], [139.09061, 35.13237], [139.09052, 35.13209], [139.09037, 35.13164], [139.09007, 35.13076], [139.08981, 35.12993], [139.08979, 35.12987], [139.08961, 35.12933], [139.08937, 35.12857], [139.08919, 35.12802], [139.08908, 35.12776], [139.08879, 35.1269], [139.08864, 35.12642], [139.08835, 35.12558], [139.08807, 35.12473], [139.08779, 35.12389], [139.08751, 35.12302], [139.08722, 35.12216], [139.08693, 35.12125], [139.0869, 35.12117], [139.08677, 35.12079], [139.08663, 35.12036], [139.08648, 35.11991], [139.08636, 35.11953], [139.08603, 35.11857], [139.08586, 35.11809], [139.08572, 35.11764], [139.08555, 35.11714], [139.08542, 35.11671], [139.08529, 35.11633], [139.085, 35.11548], [139.08469, 35.11453], [139.08449, 35.1139], [139.08412, 35.1129], [139.08398, 35.11247], [139.08385, 35.11208], [139.08378, 35.1119], [139.08371, 35.11168], [139.08359, 35.11134], [139.08341, 35.11086], [139.08307, 35.11015], [139.08288, 35.10981], [139.08254, 35.10926], [139.08217, 35.10873], [139.08148, 35.10775], [139.08112, 35.10727], [139.08085, 35.10697], [139.0804, 35.10646], [139.08012, 35.10617], [139.07997, 35.106], [139.07952, 35.10548]]}, "properties": {"id": "GEOM_TOKYO_0956", "route_id": "R_3B2E9FFD", "route_name": null, "route_color": "#1F78FF", "route_text_color": null, "line_name": "東海道新幹線", "operator_id": "東海旅客鉄道", "representation": "service_path", "min_zoom": 0, "max_zoom": 24, "offset_rank": 0}}, {"type": "Feature", "bbox": [139.15371, 35.25501, 139.15582, 35.25741], "geometry": {"type": "LineString", "coordinates": [[139.15371, 35.25501], [139.15582, 35.25741]]}, "properties": {"id": "GEOM_TOKYO_0958", "route_id": "R_3B2E9FFD", "route_name": null, "route_color": "#1F78FF", "route_text_color": null, "line_name": "東海道新幹線", "operator_id": "東海旅客鉄道", "representation": "service_path", "min_zoom": 0, "max_zoom": 24, "offset_rank": 0}}, {"type": "Feature", "bbox": [139.48656, 35.55761, 139.48677, 35.55839], "geometry": {"type": "LineString", "coordinates": [[139.48677, 35.55761], [139.48656, 35.55839]]}, "properties": {"id": "GEOM_TOKYO_1234", "route_id": "R_446823A8", "route_name": null, "route_color": "#D9485F", "route_text_color": null, "line_name": "こどもの国線", "operator_id": "tokyu", "representation": "service_path", "min_zoom": 0, "max_zoom": 24, "offset_rank": 0}}, {"type": "Feature", "bbox": [139.49176, 35.54524, 139.49256, 35.54596], "geometry": {"type": "LineString", "coordinates": [[139.49176, 35.54596], [139.49222, 35.54554], [139.49256, 35.54524]]}, "properties": {"id": "GEOM_TOKYO_1235", "route_id": "R_446823A8", "route_name": null, "route_color": "#D9485F", "route_text_color": null, "line_name": "こどもの国線", "operator_id": "tokyu", "representation": "service_path", "min_zoom": 0, "max_zoom": 24, "offset_rank": 0}}, {"type": "Feature", "bbox": [139.48677, 35.54596, 139.49176, 35.55761], "geometry": {"type": "LineString", "coordinates": [[139.49176, 35.54596], [139.49119, 35.54649], [139.49095, 35.54674], [139.49084, 35.5469], [139.49079, 35.54704], [139.49074, 35.54724], [139.49066, 35.54773], [139.49039, 35.5493], [139.49039, 35.54931], [139.49014, 35.55087], [139.49, 35.55175], [139.48988, 35.55239], [139.48982, 35.55262], [139.48974, 35.5528], [139.48959, 35.55302], [139.4894, 35.55326], [139.48917, 35.5535], [139.48874, 35.55401], [139.48805, 35.55477], [139.48773, 35.55517], [139.48747, 35.55549], [139.48733, 35.55571], [139.48724, 35.55591], [139.48716, 35.55612], [139.48701, 35.55663], [139.48677, 35.55761]]}, "properties": {"id": "GEOM_TOKYO_1236", "route_id": "R_446823A8", "route_name": null, "route_color": "#D9485F", "route_text_color": null, "line_name": "こどもの国線", "operator_id": "tokyu", "representation": "service_path", "min_zoom": 0, "max_zoom": 24, "offset_rank": 0}}, {"type": "Feature", "bbox": [139.49117, 35.53201, 139.49401, 35.54524], "geometry": {"type": "LineString", "coordinates": [[139.49284, 35.53201], [139.49256, 35.53206], [139.4922, 35.53216], [139.49199, 35.53225], [139.49183, 35.53235], [139.49167, 35.5325], [139.49138, 35.53287], [139.49124, 35.53311], [139.49119, 35.53328], [139.49117, 35.53351], [139.4912, 35.53374], [139.49127, 35.534], [139.49139, 35.53434], [139.49182, 35.53551], [139.49233, 35.53696], [139.49241, 35.53718], [139.49275, 35.53819], [139.49278, 35.53828], [139.4929, 35.53859], [139.49317, 35.53948], [139.49365, 35.54086], [139.49372, 35.54107], [139.49387, 35.54147], [139.494, 35.54191], [139.49401, 35.54213], [139.49399, 35.54234], [139.49355, 35.54356], [139.49335, 35.54419], [139.4933, 35.54428], [139.49312, 35.54463], [139.493, 35.54483], [139.49285, 35.54498], [139.49256, 35.54524]]}, "properties": {"id": "GEOM_TOKYO_1237", "route_id": "R_446823A8", "route_name": null, "route_color": "#D9485F", "route_text_color": null, "line_name": "こどもの国線", "operator_id": "tokyu", "representation": "service_path", "min_zoom": 0, "max_zoom": 24, "offset_rank": 0}}, {"type": "Feature", "bbox": [139.49284, 35.53185, 139.49536, 35.53201], "geometry": {"type": "LineString", "coordinates": [[139.49536, 35.53185], [139.49284, 35.53201]]}, "properties": {"id": "GEOM_TOKYO_1238", "route_id": "R_446823A8", "route_name": null, "route_color": "#D9485F", "route_text_color": null, "line_name": "こどもの国線", "operator_id": "tokyu", "representation": "service_path", "min_zoom": 0, "max_zoom": 24, "offset_rank": 0}}, {"type": "Feature", "bbox": [139.55955, 35.57763, 139.57255, 35.57921], "geometry": {"type": "LineString", "coordinates": [[139.55955, 35.57763], [139.56003, 35.57769], [139.56033, 35.57773], [139.5606, 35.57777], [139.56217, 35.57782], [139.56227, 35.57782], [139.56276, 35.57784], [139.56285, 35.57784], [139.56354, 35.57785], [139.5649, 35.5779], [139.56528, 35.57791], [139.56549, 35.57792], [139.56633, 35.57795], [139.56854, 35.57801], [139.56913, 35.57804], [139.56949, 35.57805], [139.56958, 35.57805], [139.57025, 35.57812], [139.57066, 35.57821], [139.57113, 35.57838], [139.57155, 35.57856], [139.572, 35.57881], [139.57255, 35.57921]]}, "properties": {"id": "GEOM_TOKYO_1335", "route_id": "R_AC3B1654", "route_name": null, "route_color": "#D9485F", "route_text_color": null, "line_name": "田園都市線", "operator_id": "tokyu", "representation": "service_path", "min_zoom": 0, "max_zoom": 24, "offset_rank": 0}}, {"type": "Feature", "bbox": [139.51665, 35.54282, 139.51795, 35.54289], "geometry": {"type": "LineString", "coordinates": [[139.51795, 35.54289], [139.51665, 35.54282]]}, "properties": {"id": "GEOM_TOKYO_1337", "route_id": "R_AC3B1654", "route_name": null, "route_color": "#D9485F", "route_text_color": null, "line_name": "田園都市線", "operator_id": "tokyu", "representation": "service_path", "min_zoom": 0, "max_zoom": 24, "offset_rank": 0}}, {"type": "Feature", "bbox": [139.55362, 35.56914, 139.55779, 35.57711], "geometry": {"type": "LineString", "coordinates": [[139.55779, 35.57711], [139.5573, 35.57691], [139.55662, 35.57654], [139.5561, 35.57615], [139.55516, 35.57502], [139.55509, 35.57492], [139.55483, 35.57442], [139.55455, 35.57386], [139.55447, 35.57359], [139.5544, 35.57334], [139.55438, 35.5732], [139.55425, 35.57256], [139.55404, 35.57142], [139.55376, 35.56992], [139.55374, 35.56981], [139.55364, 35.56925], [139.55362, 35.56914]]}, "properties": {"id": "GEOM_TOKYO_1338", "route_id": "R_AC3B1654", "route_name": null, "route_color": "#D9485F", "route_text_color": null, "line_name": "田園都市線", "operator_id": "tokyu", "representation": "service_path", "min_zoom": 0, "max_zoom": 24, "offset_rank": 0}}, {"type": "Feature", "bbox": [139.54082, 35.55081, 139.5417, 35.55172], "geometry": {"type": "LineString", "coordinates": [[139.5417, 35.55172], [139.54082, 35.55081]]}, "properties": {"id": "GEOM_TOKYO_1339", "route_id": "R_AC3B1654", "route_name": null, "route_color": "#D9485F", "route_text_color": null, "line_name": "田園都市線", "operator_id": "tokyu", "representation": "service_path", "min_zoom": 0, "max_zoom": 24, "offset_rank": 0}}, {"type": "Feature", "bbox": [139.55779, 35.57711, 139.55955, 35.57763], "geometry": {"type": "LineString", "coordinates": [[139.55955, 35.57763], [139.55884, 35.57751], [139.55842, 35.57737], [139.55779, 35.57711]]}, "properties": {"id": "GEOM_TOKYO_1342", "route_id": "R_AC3B1654", "route_name": null, "route_color": "#D9485F", "route_text_color": null, "line_name": "田園都市線", "operator_id": "tokyu", "representation": "service_path", "min_zoom": 0, "max_zoom": 24, "offset_rank": 0}}, {"type": "Feature", "bbox": [139.55347, 35.56841, 139.55362, 35.56914], "geometry": {"type": "LineString", "coordinates": [[139.55362, 35.56914], [139.55355, 35.56879], [139.55347, 35.56841]]}, "properties": {"id": "GEOM_TOKYO_1343", "route_id": "R_AC3B1654", "route_name": null, "route_color": "#D9485F", "route_text_color": null, "line_name": "田園都市線", "operator_id": "tokyu", "representation": "service_path", "min_zoom": 0, "max_zoom": 24, "offset_rank": 0}}, {"type": "Feature", "bbox": [139.52805, 35.54347, 139.54082, 35.55081], "geometry": {"type": "LineString", "coordinates": [[139.54082, 35.55081], [139.54007, 35.55004], [139.53952, 35.54948], [139.53927, 35.54923], [139.53904, 35.549], [139.53871, 35.54865], [139.53828, 35.54819], [139.53741, 35.54731], [139.53679, 35.54666], [139.5363, 35.54631], [139.53536, 35.54574], [139.53513, 35.54565], [139.53492, 35.54557], [139.53364, 35.54516], [139.53321, 35.54501], [139.53268, 35.54484], [139.53058, 35.54418], [139.53007, 35.54404], [139.52933, 35.54379], [139.52882, 35.54364], [139.52851, 35.54357], [139.52817, 35.5435], [139.52805, 35.54347]]}, "properties": {"id": "GEOM_TOKYO_1348", "route_id": "R_AC3B1654", "route_name": null, "route_color": "#D9485F", "route_text_color": null, "line_name": "田園都市線", "operator_id": "tokyu", "representation": "service_path", "min_zoom": 0, "max_zoom": 24, "offset_rank": 0}}, {"type": "Feature", "bbox": [139.50404, 35.53542, 139.50506, 35.53633], "geometry": {"type": "LineString", "coordinates": [[139.50506, 35.53633], [139.50478, 35.5361], [139.50449, 35.53584], [139.50404, 35.53542]]}, "properties": {"id": "GEOM_TOKYO_1349", "route_id": "R_AC3B1654", "route_name": null, "route_color": "#D9485F", "route_text_color": null, "line_name": "田園都市線", "operator_id": "tokyu", "representation": "service_path", "min_zoom": 0, "max_zoom": 24, "offset_rank": 0}}, {"type": "Feature", "bbox": [139.55163, 35.55889, 139.55347, 35.56841], "geometry": {"type": "LineString", "coordinates": [[139.55347, 35.56841], [139.55296, 35.56563], [139.55282, 35.56434], [139.55281, 35.56339], [139.5528, 35.56303], [139.55273, 35.56177], [139.55264, 35.56119], [139.55249, 35.56074], [139.55175, 35.55915], [139.55163, 35.55889]]}, "properties": {"id": "GEOM_TOKYO_1350", "route_id": "R_AC3B1654", "route_name": null, "route_color": "#D9485F", "route_text_color": null, "line_name": "田園都市線", "operator_id": "tokyu", "representation": "service_path", "min_zoom": 0, "max_zoom": 24, "offset_rank": 0}}, {"type": "Feature", "bbox": [139.52711, 35.54333, 139.52805, 35.54347], "geometry": {"type": "LineString", "coordinates": [[139.52805, 35.54347], [139.52711, 35.54333]]}, "properties": {"id": "GEOM_TOKYO_1351", "route_id": "R_AC3B1654", "route_name": null, "route_color": "#D9485F", "route_text_color": null, "line_name": "田園都市線", "operator_id": "tokyu", "representation": "service_path", "min_zoom": 0, "max_zoom": 24, "offset_rank": 0}}, {"type": "Feature", "bbox": [139.55119, 35.55818, 139.55163, 35.55889], "geometry": {"type": "LineString", "coordinates": [[139.55163, 35.55889], [139.55119, 35.55818]]}, "properties": {"id": "GEOM_TOKYO_1353", "route_id": "R_AC3B1654", "route_name": null, "route_color": "#D9485F", "route_text_color": null, "line_name": "田園都市線", "operator_id": "tokyu", "representation": "service_path", "min_zoom": 0, "max_zoom": 24, "offset_rank": 0}}, {"type": "Feature", "bbox": [139.50506, 35.53633, 139.51665, 35.54282], "geometry": {"type": "LineString", "coordinates": [[139.51665, 35.54282], [139.51534, 35.54275], [139.5144, 35.54262], [139.51347, 35.54243], [139.51334, 35.54241], [139.51247, 35.54215], [139.51154, 35.54171], [139.51065, 35.54124], [139.51027, 35.54096], [139.50924, 35.54006], [139.50753, 35.53855], [139.50707, 35.53812], [139.50506, 35.53633]]}, "properties": {"id": "GEOM_TOKYO_1355", "route_id": "R_AC3B1654", "route_name": null, "route_color": "#D9485F", "route_text_color": null, "line_name": "田園都市線", "operator_id": "tokyu", "representation": "service_path", "min_zoom": 0, "max_zoom": 24, "offset_rank": 0}}, {"type": "Feature", "bbox": [139.51795, 35.54289, 139.52711, 35.54333], "geometry": {"type": "LineString", "coordinates": [[139.52711, 35.54333], [139.52674, 35.54326], [139.52647, 35.54325], [139.52636, 35.54325], [139.52583, 35.54323], [139.52263, 35.54305], [139.52122, 35.54306], [139.52055, 35.54302], [139.52008, 35.543], [139.51908, 35.54295], [139.51795, 35.54289]]}, "properties": {"id": "GEOM_TOKYO_1356", "route_id": "R_AC3B1654", "route_name": null, "route_color": "#D9485F", "route_text_color": null, "line_name": "田園都市線", "operator_id": "tokyu", "representation": "service_path", "min_zoom": 0, "max_zoom": 24, "offset_rank": 0}}, {"type": "Feature", "bbox": [139.5417, 35.55172, 139.55119, 35.55818], "geometry": {"type": "LineString", "coordinates": [[139.55119, 35.55818], [139.55107, 35.55807], [139.55052, 35.55752], [139.55036, 35.55741], [139.55019, 35.55729], [139.55013, 35.55726], [139.54716, 35.5558], [139.54444, 35.55443], [139.54402, 35.55409], [139.54292, 35.55319], [139.5417, 35.55172]]}, "properties": {"id": "GEOM_TOKYO_1357", "route_id": "R_AC3B1654", "route_name": null, "route_color": "#D9485F", "route_text_color": null, "line_name": "田園都市線", "operator_id": "tokyu", "representation": "service_path", "min_zoom": 0, "max_zoom": 24, "offset_rank": 0}}, {"type": "Feature", "bbox": [139.49536, 35.53184, 139.50404, 35.53542], "geometry": {"type": "LineString", "coordinates": [[139.50404, 35.53542], [139.50371, 35.53514], [139.50345, 35.53493], [139.50253, 35.53407], [139.50175, 35.53337], [139.50091, 35.53267], [139.50051, 35.53242], [139.49988, 35.53213], [139.49913, 35.53193], [139.49781, 35.53185], [139.4968, 35.53184], [139.49536, 35.53185]]}, "properties": {"id": "GEOM_TOKYO_1359", "route_id": "R_AC3B1654", "route_name": null, "route_color": "#D9485F", "route_text_color": null, "line_name": "田園都市線", "operator_id": "tokyu", "representation": "service_path", "min_zoom": 0, "max_zoom": 24, "offset_rank": 0}}, {"type": "Feature", "bbox": [139.46939, 35.51144, 139.47149, 35.51159], "geometry": {"type": "LineString", "coordinates": [[139.46939, 35.51144], [139.47149, 35.51159]]}, "properties": {"id": "GEOM_TOKYO_1360", "route_id": "R_AC3B1654", "route_name": null, "route_color": "#D9485F", "route_text_color": null, "line_name": "田園都市線", "operator_id": "tokyu", "representation": "service_path", "min_zoom": 0, "max_zoom": 24, "offset_rank": 0}}, {"type": "Feature", "bbox": [139.48472, 35.52621, 139.48516, 35.52792], "geometry": {"type": "LineString", "coordinates": [[139.48472, 35.52621], [139.48516, 35.52792]]}, "properties": {"id": "GEOM_TOKYO_1361", "route_id": "R_AC3B1654", "route_name": null, "route_color": "#D9485F", "route_text_color": null, "line_name": "田園都市線", "operator_id": "tokyu", "representation": "service_path", "min_zoom": 0, "max_zoom": 24, "offset_rank": 0}}, {"type": "Feature", "bbox": [139.47149, 35.51159, 139.4813, 35.51649], "geometry": {"type": "LineString", "coordinates": [[139.47149, 35.51159], [139.47222, 35.51167], [139.47282, 35.51177], [139.47354, 35.51193], [139.47393, 35.51205], [139.47426, 35.51214], [139.47525, 35.51254], [139.47594, 35.51286], [139.47604, 35.51292], [139.47759, 35.51382], [139.47912, 35.51473], [139.47975, 35.51513], [139.48003, 35.51533], [139.48042, 35.51565], [139.48087, 35.51608], [139.4813, 35.51649]]}, "properties": {"id": "GEOM_TOKYO_1362", "route_id": "R_AC3B1654", "route_name": null, "route_color": "#D9485F", "route_text_color": null, "line_name": "田園都市線", "operator_id": "tokyu", "representation": "service_path", "min_zoom": 0, "max_zoom": 24, "offset_rank": 0}}, {"type": "Feature", "bbox": [139.48516, 35.52792, 139.49313, 35.53181], "geometry": {"type": "LineString", "coordinates": [[139.48516, 35.52792], [139.48525, 35.5283], [139.4856, 35.52939], [139.48574, 35.52981], [139.48585, 35.53005], [139.48595, 35.53024], [139.48612, 35.53046], [139.48615, 35.5305], [139.48634, 35.53069], [139.48654, 35.53087], [139.48673, 35.53102], [139.48689, 35.53113], [139.48703, 35.53121], [139.48726, 35.53132], [139.48754, 35.53143], [139.48793, 35.53153], [139.48827, 35.5316], [139.48854, 35.53164], [139.48902, 35.53166], [139.48998, 35.53168], [139.49025, 35.53169], [139.49064, 35.53171], [139.49197, 35.53176], [139.49313, 35.53181]]}, "properties": {"id": "GEOM_TOKYO_1363", "route_id": "R_AC3B1654", "route_name": null, "route_color": "#D9485F", "route_text_color": null, "line_name": "田園都市線", "operator_id": "tokyu", "representation": "service_path", "min_zoom": 0, "max_zoom": 24, "offset_rank": 0}}, {"type": "Feature", "bbox": [139.4813, 35.51649, 139.48224, 35.51784], "geometry": {"type": "LineString", "coordinates": [[139.4813, 35.51649], [139.48162, 35.51689], [139.48183, 35.51717], [139.48224, 35.51784]]}, "properties": {"id": "GEOM_TOKYO_1364", "route_id": "R_AC3B1654", "route_name": null, "route_color": "#D9485F", "route_text_color": null, "line_name": "田園都市線", "operator_id": "tokyu", "representation": "service_path", "min_zoom": 0, "max_zoom": 24, "offset_rank": 0}}, {"type": "Feature", "bbox": [139.44594, 35.50788, 139.45788, 35.51036], "geometry": {"type": "LineString", "coordinates": [[139.44594, 35.50788], [139.44768, 35.50804], [139.44922, 35.5082], [139.44978, 35.50831], [139.45118, 35.50865], [139.45218, 35.5089], [139.45265, 35.50903], [139.4539, 35.50934], [139.45587, 35.50983], [139.45608, 35.50988], [139.45711, 35.51013], [139.45788, 35.51036]]}, "properties": {"id": "GEOM_TOKYO_1365", "route_id": "R_AC3B1654", "route_name": null, "route_color": "#D9485F", "route_text_color": null, "line_name": "田園都市線", "operator_id": "tokyu", "representation": "service_path", "min_zoom": 0, "max_zoom": 24, "offset_rank": 0}}, {"type": "Feature", "bbox": [139.49313, 35.53181, 139.49536, 35.53185], "geometry": {"type": "LineString", "coordinates": [[139.49313, 35.53181], [139.49536, 35.53185]]}, "properties": {"id": "GEOM_TOKYO_1366", "route_id": "R_AC3B1654", "route_name": null, "route_color": "#D9485F", "route_text_color": null, "line_name": "田園都市線", "operator_id": "tokyu", "representation": "service_path", "min_zoom": 0, "max_zoom": 24, "offset_rank": 0}}, {"type": "Feature", "bbox": [139.44429, 35.50774, 139.44594, 35.50788], "geometry": {"type": "LineString", "coordinates": [[139.44429, 35.50774], [139.44594, 35.50788]]}, "properties": {"id": "GEOM_TOKYO_1367", "route_id": "R_AC3B1654", "route_name": null, "route_color": "#D9485F", "route_text_color": null, "line_name": "田園都市線", "operator_id": "tokyu", "representation": "service_path", "min_zoom": 0, "max_zoom": 24, "offset_rank": 0}}, {"type": "Feature", "bbox": [139.45957, 35.51075, 139.46939, 35.51144], "geometry": {"type": "LineString", "coordinates": [[139.45957, 35.51075], [139.46004, 35.51085], [139.46042, 35.51092], [139.46087, 35.51096], [139.46176, 35.51101], [139.46269, 35.51108], [139.46472, 35.51119], [139.46619, 35.51128], [139.46813, 35.51137], [139.46939, 35.51144]]}, "properties": {"id": "GEOM_TOKYO_1368", "route_id": "R_AC3B1654", "route_name": null, "route_color": "#D9485F", "route_text_color": null, "line_name": "田園都市線", "operator_id": "tokyu", "representation": "service_path", "min_zoom": 0, "max_zoom": 24, "offset_rank": 0}}, {"type": "Feature", "bbox": [139.45788, 35.51036, 139.45957, 35.51075], "geometry": {"type": "LineString", "coordinates": [[139.45788, 35.51036], [139.45822, 35.51044], [139.45957, 35.51075]]}, "properties": {"id": "GEOM_TOKYO_1369", "route_id": "R_AC3B1654", "route_name": null, "route_color": "#D9485F", "route_text_color": null, "line_name": "田園都市線", "operator_id": "tokyu", "representation": "service_path", "min_zoom": 0, "max_zoom": 24, "offset_rank": 0}}, {"type": "Feature", "bbox": [139.48224, 35.51784, 139.48472, 35.52621], "geometry": {"type": "LineString", "coordinates": [[139.48224, 35.51784], [139.4824, 35.51823], [139.48276, 35.5191], [139.48304, 35.51988], [139.48314, 35.52027], [139.48383, 35.52293], [139.48422, 35.52445], [139.48472, 35.52621]]}, "properties": {"id": "GEOM_TOKYO_1370", "route_id": "R_AC3B1654", "route_name": null, "route_color": "#D9485F", "route_text_color": null, "line_name": "田園都市線", "operator_id": "tokyu", "representation": "service_path", "min_zoom": 0, "max_zoom": 24, "offset_rank": 0}}, {"type": "Feature", "bbox": [139.54536, 35.33331, 139.54852, 35.33721], "geometry": {"type": "LineString", "coordinates": [[139.54536, 35.33721], [139.54601, 35.33661], [139.54618, 35.33646], [139.54647, 35.33619], [139.5469, 35.33579], [139.54728, 35.33546], [139.54759, 35.33514], [139.54778, 35.33493], [139.54809, 35.33456], [139.54817, 35.33443], [139.5483, 35.33416], [139.54843, 35.33389], [139.5485, 35.3336], [139.54852, 35.33331]]}, "properties": {"id": "GEOM_TOKYO_2112", "route_id": "R_05335D5F", "route_name": null, "route_color": "#2F4CA0", "route_text_color": null, "line_name": "横須賀線", "operator_id": "jr_east", "representation": "service_path", "min_zoom": 0, "max_zoom": 24, "offset_rank": 0}}, {"type": "Feature", "bbox": [139.55039, 35.30998, 139.56007, 35.31826], "geometry": {"type": "LineString", "coordinates": [[139.55039, 35.31826], [139.55041, 35.31792], [139.55047, 35.31752], [139.55054, 35.31716], [139.55058, 35.31698], [139.55073, 35.3165], [139.55081, 35.31624], [139.55085, 35.31611], [139.55089, 35.31599], [139.55107, 35.31554], [139.5512, 35.31525], [139.55135, 35.31495], [139.55164, 35.31447], [139.5518, 35.31423], [139.55202, 35.31391], [139.55238, 35.31344], [139.5526, 35.31323], [139.55293, 35.31292], [139.55332, 35.31257], [139.55359, 35.31236], [139.55394, 35.3121], [139.55425, 35.3119], [139.55456, 35.31171], [139.55494, 35.31148], [139.55526, 35.31129], [139.55563, 35.31111], [139.55622, 35.31087], [139.55663, 35.31073], [139.55733, 35.31052], [139.55799, 35.31036], [139.55862, 35.31024], [139.55867, 35.31022], [139.55895, 35.31017], [139.55928, 35.3101], [139.55963, 35.31005], [139.56007, 35.30998]]}, "properties": {"id": "GEOM_TOKYO_2113", "route_id": "R_05335D5F", "route_name": null, "route_color": "#2F4CA0", "route_text_color": null, "line_name": "横須賀線", "operator_id": "jr_east", "representation": "service_path", "min_zoom": 0, "max_zoom": 24, "offset_rank": 0}}, {"type": "Feature", "bbox": [139.54377, 35.33721, 139.54536, 35.33867], "geometry": {"type": "LineString", "coordinates": [[139.54536, 35.33721], [139.54377, 35.33867]]}, "properties": {"id": "GEOM_TOKYO_2114", "route_id": "R_05335D5F", "route_name": null, "route_color": "#2F4CA0", "route_text_color": null, "line_name": "横須賀線", "operator_id": "jr_east", "representation": "service_path", "min_zoom": 0, "max_zoom": 24, "offset_rank": 0}}, {"type": "Feature", "bbox": [139.53102, 35.3526, 139.53164, 35.35542], "geometry": {"type": "LineString", "coordinates": [[139.53102, 35.3526], [139.53112694, 35.35302777], [139.53141, 35.35416], [139.53164, 35.35542]]}, "properties": {"id": "GEOM_TOKYO_2115", "route_id": "R_05335D5F", "route_name": null, "route_color": "#2F4CA0", "route_text_color": null, "line_name": "横須賀線", "operator_id": "jr_east", "representation": "service_path", "min_zoom": 0, "max_zoom": 24, "offset_rank": 0}}, {"type": "Feature", "bbox": [139.56007, 35.30636, 139.56764, 35.30998], "geometry": {"type": "LineString", "coordinates": [[139.56007, 35.30998], [139.56064, 35.3098], [139.561, 35.30965], [139.56156, 35.30939], [139.56179, 35.30927], [139.56216, 35.30909], [139.56253, 35.30889], [139.56309, 35.30859], [139.56342, 35.30843], [139.56358, 35.30834], [139.56402, 35.3081], [139.56484, 35.30767], [139.56543, 35.30738], [139.56593, 35.30711], [139.56622, 35.30696], [139.56643, 35.30688], [139.5667, 35.30673], [139.56719, 35.30654], [139.56764, 35.30636]]}, "properties": {"id": "GEOM_TOKYO_2116", "route_id": "R_05335D5F", "route_name": null, "route_color": "#2F4CA0", "route_text_color": null, "line_name": "横須賀線", "operator_id": "jr_east", "representation": "service_path", "min_zoom": 0, "max_zoom": 24, "offset_rank": 0}}, {"type": "Feature", "bbox": [139.54829, 35.3284, 139.54852, 35.33331], "geometry": {"type": "LineString", "coordinates": [[139.54848, 35.3284], [139.54842, 35.32862], [139.54832, 35.32916], [139.54829, 35.32968], [139.54829, 35.32983], [139.54829, 35.33056], [139.5483, 35.33128], [139.5483, 35.33171], [139.54832, 35.33201], [139.54836, 35.33238], [139.54839, 35.33272], [139.54844, 35.33292], [139.54847, 35.33312], [139.54852, 35.33331]]}, "properties": {"id": "GEOM_TOKYO_2118", "route_id": "R_05335D5F", "route_name": null, "route_color": "#2F4CA0", "route_text_color": null, "line_name": "横須賀線", "operator_id": "jr_east", "representation": "service_path", "min_zoom": 0, "max_zoom": 24, "offset_rank": 0}}, {"type": "Feature", "bbox": [139.54848, 35.32036, 139.5508, 35.3284], "geometry": {"type": "LineString", "coordinates": [[139.55051, 35.32036], [139.55054, 35.32054], [139.55065, 35.3213], [139.55071, 35.32194], [139.55078, 35.32288], [139.5508, 35.32335], [139.55079, 35.32381], [139.55073, 35.32413], [139.55069, 35.32429], [139.55055, 35.32464], [139.55038, 35.32495], [139.55022, 35.32521], [139.54999, 35.32551], [139.54979, 35.32576], [139.54948, 35.32611], [139.54936, 35.32624], [139.54915, 35.3265], [139.54881, 35.3271], [139.54868, 35.32736], [139.54861, 35.3275], [139.54852, 35.32787], [139.5485, 35.32808], [139.54848, 35.3284]]}, "properties": {"id": "GEOM_TOKYO_2119", "route_id": "R_05335D5F", "route_name": null, "route_color": "#2F4CA0", "route_text_color": null, "line_name": "横須賀線", "operator_id": "jr_east", "representation": "service_path", "min_zoom": 0, "max_zoom": 24, "offset_rank": 0}}, {"type": "Feature", "bbox": [139.53016, 35.33867, 139.54377, 35.3526], "geometry": {"type": "LineString", "coordinates": [[139.54377, 35.33867], [139.54243, 35.33991], [139.54174, 35.34056], [139.54087, 35.34134], [139.54038, 35.34167], [139.53993, 35.34193], [139.53927, 35.34221], [139.53782, 35.34272], [139.5364, 35.34314], [139.53579, 35.34339], [139.53534, 35.34365], [139.53497, 35.34388], [139.53461, 35.34425], [139.53371, 35.34515], [139.53304, 35.34592], [139.53275, 35.3462], [139.53245, 35.34651], [139.53182, 35.34716], [139.53144, 35.34758], [139.53119, 35.34785], [139.53069, 35.34853], [139.53038, 35.34903], [139.53022, 35.3495], [139.53016, 35.34979], [139.53022, 35.35024], [139.53043, 35.35101], [139.53081, 35.35209], [139.53102, 35.3526]]}, "properties": {"id": "GEOM_TOKYO_2120", "route_id": "R_05335D5F", "route_name": null, "route_color": "#2F4CA0", "route_text_color": null, "line_name": "横須賀線", "operator_id": "jr_east", "representation": "service_path", "min_zoom": 0, "max_zoom": 24, "offset_rank": 0}}, {"type": "Feature", "bbox": [139.54848, 35.3284, 139.54862, 35.33331], "geometry": {"type": "LineString", "coordinates": [[139.54848, 35.3284], [139.5485, 35.32864], [139.54852, 35.32938], [139.54853, 35.3301], [139.54856, 35.3305], [139.54858, 35.33149], [139.54862, 35.33198], [139.54861, 35.3321], [139.54861, 35.33249], [139.5486, 35.33283], [139.54858, 35.33305], [139.54852, 35.33331]]}, "properties": {"id": "GEOM_TOKYO_2121", "route_id": "R_05335D5F", "route_name": null, "route_color": "#2F4CA0", "route_text_color": null, "line_name": "横須賀線", "operator_id": "jr_east", "representation": "service_path", "min_zoom": 0, "max_zoom": 24, "offset_rank": 0}}, {"type": "Feature", "bbox": [139.56007, 35.30636, 139.56764, 35.30998], "geometry": {"type": "LineString", "coordinates": [[139.56007, 35.30998], [139.56102, 35.30981], [139.56174, 35.30967], [139.56236, 35.30953], [139.56289, 35.30934], [139.56323, 35.30913], [139.56344, 35.309], [139.56359, 35.30889], [139.56386, 35.30872], [139.56431, 35.30844], [139.5647, 35.30819], [139.56474, 35.30816], [139.56553, 35.30764], [139.56602, 35.30736], [139.56621, 35.30725], [139.56669, 35.30695], [139.56739, 35.30653], [139.56764, 35.30636]]}, "properties": {"id": "GEOM_TOKYO_2122", "route_id": "R_05335D5F", "route_name": null, "route_color": "#2F4CA0", "route_text_color": null, "line_name": "横須賀線", "operator_id": "jr_east", "representation": "service_path", "min_zoom": 0, "max_zoom": 24, "offset_rank": 0}}, {"type": "Feature", "bbox": [139.55038, 35.31826, 139.55051, 35.32036], "geometry": {"type": "LineString", "coordinates": [[139.55039, 35.31826], [139.55038, 35.31843], [139.5504, 35.31887], [139.55041, 35.31933], [139.55044, 35.31969], [139.55046, 35.31996], [139.55051, 35.32036]]}, "properties": {"id": "GEOM_TOKYO_2123", "route_id": "R_05335D5F", "route_name": null, "route_color": "#2F4CA0", "route_text_color": null, "line_name": "横須賀線", "operator_id": "jr_east", "representation": "service_path", "min_zoom": 0, "max_zoom": 24, "offset_rank": 0}}, {"type": "Feature", "bbox": [139.39057, 36.11504, 139.43095, 36.1396], "geometry": {"type": "LineString", "coordinates": [[139.43095, 36.11504], [139.43084, 36.11515], [139.42931, 36.11671], [139.42913, 36.11685], [139.42872, 36.11716], [139.42774, 36.11781], [139.42699, 36.11831], [139.42639, 36.11871], [139.42535, 36.11938], [139.42383, 36.12037], [139.42375, 36.12042], [139.42187, 36.12163], [139.42131, 36.12198], [139.42094, 36.12221], [139.42007, 36.12266], [139.41738, 36.12392], [139.4157, 36.12471], [139.41265, 36.12617], [139.4099, 36.12747], [139.40782, 36.12847], [139.40781, 36.12847], [139.40666, 36.12904], [139.40622, 36.1293], [139.40573, 36.12964], [139.40506, 36.13013], [139.40373, 36.13113], [139.40228, 36.13225], [139.40106, 36.13315], [139.39992, 36.13404], [139.39975, 36.13417], [139.39947, 36.13438], [139.39831, 36.13526], [139.39646, 36.13664], [139.39547, 36.13734], [139.39526, 36.13751], [139.39463, 36.13796], [139.39422, 36.13819], [139.39378, 36.1384], [139.39274, 36.13881], [139.39057, 36.1396]]}, "properties": {"id": "GEOM_TOKYO_2169", "route_id": "R_7E54B177", "route_name": null, "route_color": "#F28E1C", "route_text_color": null, "line_name": "高崎線", "operator_id": "jr_east", "representation": "service_path", "min_zoom": 0, "max_zoom": 24, "offset_rank": 0}}, {"type": "Feature", "bbox": [139.38928, 36.1396, 139.39057, 36.14002], "geometry": {"type": "LineString", "coordinates": [[139.39057, 36.1396], [139.38928, 36.14002]]}, "properties": {"id": "GEOM_TOKYO_2171", "route_id": "R_7E54B177", "route_name": null, "route_color": "#F28E1C", "route_text_color": null, "line_name": "高崎線", "operator_id": "jr_east", "representation": "service_path", "min_zoom": 0, "max_zoom": 24, "offset_rank": 0}}, {"type": "Feature", "bbox": [139.45188, 36.10217, 139.45533, 36.10361], "geometry": {"type": "LineString", "coordinates": [[139.45533, 36.10217], [139.4547, 36.10243], [139.45382, 36.10279], [139.45273, 36.10325], [139.45188, 36.10361]]}, "properties": {"id": "GEOM_TOKYO_2172", "route_id": "R_7E54B177", "route_name": null, "route_color": "#F28E1C", "route_text_color": null, "line_name": "高崎線", "operator_id": "jr_east", "representation": "service_path", "min_zoom": 0, "max_zoom": 24, "offset_rank": 0}}, {"type": "Feature", "bbox": [139.47607, 36.08459, 139.47784, 36.0864], "geometry": {"type": "LineString", "coordinates": [[139.47607, 36.0864], [139.47784, 36.08459]]}, "properties": {"id": "GEOM_TOKYO_2173", "route_id": "R_7E54B177", "route_name": null, "route_color": "#F28E1C", "route_text_color": null, "line_name": "高崎線", "operator_id": "jr_east", "representation": "service_path", "min_zoom": 0, "max_zoom": 24, "offset_rank": 0}}, {"type": "Feature", "bbox": [139.43095, 36.11275, 139.43322, 36.11504], "geometry": {"type": "LineString", "coordinates": [[139.43322, 36.11275], [139.43248, 36.11348], [139.43171, 36.11426], [139.43095, 36.11504]]}, "properties": {"id": "GEOM_TOKYO_2175", "route_id": "R_7E54B177", "route_name": null, "route_color": "#F28E1C", "route_text_color": null, "line_name": "高崎線", "operator_id": "jr_east", "representation": "service_path", "min_zoom": 0, "max_zoom": 24, "offset_rank": 0}}, {"type": "Feature", "bbox": [139.36504, 36.14002, 139.38928, 36.15588], "geometry": {"type": "LineString", "coordinates": [[139.38928, 36.14002], [139.38792, 36.14055], [139.38547, 36.14149], [139.38422, 36.14197], [139.38176, 36.14293], [139.37866, 36.1441], [139.37816, 36.14431], [139.3779, 36.14445], [139.37759, 36.14469], [139.37613, 36.14609], [139.37528, 36.14689], [139.37387, 36.14824], [139.37381, 36.14829], [139.37274, 36.14927], [139.37179, 36.15015], [139.3715, 36.15036], [139.37116, 36.15068], [139.37054, 36.15125], [139.36961, 36.15212], [139.36911, 36.15261], [139.36844, 36.15321], [139.36754, 36.15405], [139.36679, 36.15465], [139.36598, 36.15527], [139.36541, 36.15567], [139.36504, 36.15588]]}, "properties": {"id": "GEOM_TOKYO_2176", "route_id": "R_7E54B177", "route_name": null, "route_color": "#F28E1C", "route_text_color": null, "line_name": "高崎線", "operator_id": "jr_east", "representation": "service_path", "min_zoom": 0, "max_zoom": 24, "offset_rank": 0}}, {"type": "Feature", "bbox": [139.53448, 35.99929, 139.56328, 36.03059], "geometry": {"type": "LineString", "coordinates": [[139.53448, 36.03059], [139.53461, 36.03035], [139.53485, 36.02997], [139.53495, 36.02981], [139.53549, 36.02901], [139.5356, 36.02886], [139.53572, 36.02869], [139.53588, 36.02846], [139.53643, 36.0278], [139.53791, 36.02605], [139.53864, 36.0252], [139.5395, 36.02419], [139.53968, 36.02396], [139.53985, 36.02377], [139.54007, 36.02349], [139.54067, 36.02277], [139.54094, 36.02244], [139.54142, 36.02186], [139.54227, 36.02081], [139.54309, 36.01979], [139.5441, 36.01853], [139.54422, 36.0184], [139.54512, 36.0173], [139.54551, 36.01683], [139.547, 36.01501], [139.54706, 36.01493], [139.54734, 36.01461], [139.54795, 36.01385], [139.54849, 36.0132], [139.54886, 36.01282], [139.54943, 36.01229], [139.54943, 36.01228], [139.55084, 36.01094], [139.55164, 36.01019], [139.55191, 36.00992], [139.55268, 36.0092], [139.55317, 36.00875], [139.55346, 36.00848], [139.55359, 36.00836], [139.55374, 36.00822], [139.55404, 36.00794], [139.55413, 36.00785], [139.55451, 36.00751], [139.5549, 36.00715], [139.55533, 36.00675], [139.5555, 36.0066], [139.55566, 36.00645], [139.55596, 36.00618], [139.55627, 36.00589], [139.55643, 36.00574], [139.55657, 36.00561], [139.55754, 36.00472], [139.55786, 36.00443], [139.55804, 36.00427], [139.55821, 36.00411], [139.55836, 36.00396], [139.5586, 36.00376], [139.55919, 36.00319], [139.56094, 36.00151], [139.56328, 35.99929]]}, "properties": {"id": "GEOM_TOKYO_2177", "route_id": "R_7E54B177", "route_name": null, "route_color": "#F28E1C", "route_text_color": null, "line_name": "高崎線", "operator_id": "jr_east", "representation": "service_path", "min_zoom": 0, "max_zoom": 24, "offset_rank": 0}}, {"type": "Feature", "bbox": [139.53261, 36.03059, 139.53448, 36.03377], "geometry": {"type": "LineString", "coordinates": [[139.53261, 36.03377], [139.53313, 36.03292], [139.53448, 36.03059]]}, "properties": {"id": "GEOM_TOKYO_2179", "route_id": "R_7E54B177", "route_name": null, "route_color": "#F28E1C", "route_text_color": null, "line_name": "高崎線", "operator_id": "jr_east", "representation": "service_path", "min_zoom": 0, "max_zoom": 24, "offset_rank": 0}}, {"type": "Feature", "bbox": [139.51077, 36.03377, 139.53261, 36.05763], "geometry": {"type": "LineString", "coordinates": [[139.51077, 36.05763], [139.51084, 36.05756], [139.51091, 36.05746], [139.511, 36.05734], [139.51115, 36.05714], [139.51128, 36.05695], [139.51136, 36.05685], [139.51152, 36.05663], [139.51174, 36.05636], [139.51183, 36.05623], [139.51197, 36.05605], [139.51211, 36.05588], [139.51256, 36.05533], [139.51262, 36.05524], [139.51307, 36.05471], [139.51453, 36.0532], [139.51553, 36.0522], [139.51571, 36.05201], [139.51592, 36.0518], [139.51626, 36.05146], [139.5163, 36.05142], [139.51648, 36.05124], [139.51677, 36.05094], [139.51691, 36.0508], [139.51743, 36.05027], [139.51811, 36.0496], [139.51877, 36.04893], [139.51913, 36.04856], [139.51923, 36.04847], [139.51957, 36.04812], [139.51975, 36.04794], [139.52005, 36.04764], [139.5203, 36.0474], [139.52044, 36.04725], [139.52055, 36.04714], [139.52066, 36.04702], [139.52074, 36.04694], [139.52092, 36.04677], [139.52103, 36.04664], [139.52114, 36.04654], [139.52126, 36.04641], [139.52146, 36.0462], [139.52182, 36.04584], [139.52274, 36.04489], [139.52303, 36.0446], [139.52319, 36.04443], [139.5236, 36.04399], [139.52369, 36.04391], [139.52412, 36.04345], [139.5243, 36.04325], [139.52455, 36.04301], [139.52606, 36.0414], [139.52629, 36.04115], [139.52668, 36.04075], [139.5271, 36.0403], [139.52752, 36.03988], [139.52826, 36.03909], [139.52859, 36.03872], [139.52906, 36.03822], [139.52942, 36.03785], [139.5305, 36.03673], [139.53088, 36.03629], [139.53126, 36.0358], [139.53169, 36.03516], [139.53178, 36.03501], [139.5319, 36.03483], [139.53261, 36.03377]]}, "properties": {"id": "GEOM_TOKYO_2181", "route_id": "R_7E54B177", "route_name": null, "route_color": "#F28E1C", "route_text_color": null, "line_name": "高崎線", "operator_id": "jr_east", "representation": "service_path", "min_zoom": 0, "max_zoom": 24, "offset_rank": 0}}, {"type": "Feature", "bbox": [139.5084, 36.05763, 139.51077, 36.06085], "geometry": {"type": "LineString", "coordinates": [[139.51077, 36.05763], [139.5084, 36.06085]]}, "properties": {"id": "GEOM_TOKYO_2182", "route_id": "R_7E54B177", "route_name": null, "route_color": "#F28E1C", "route_text_color": null, "line_name": "高崎線", "operator_id": "jr_east", "representation": "service_path", "min_zoom": 0, "max_zoom": 24, "offset_rank": 0}}, {"type": "Feature", "bbox": [139.43322, 36.10361, 139.45188, 36.11275], "geometry": {"type": "LineString", "coordinates": [[139.45188, 36.10361], [139.45186, 36.10362], [139.45114, 36.10393], [139.44945, 36.10453], [139.44887, 36.10466], [139.44778, 36.10485], [139.44444, 36.10527], [139.44306, 36.10546], [139.44192, 36.10566], [139.44142, 36.1058], [139.4412, 36.10585], [139.44096, 36.10593], [139.44071, 36.10601], [139.44047, 36.10612], [139.43985, 36.10644], [139.43932, 36.1068], [139.43884, 36.10718], [139.43766, 36.10833], [139.4364, 36.10959], [139.43496, 36.11103], [139.43395, 36.11202], [139.43363, 36.11234], [139.43322, 36.11275]]}, "properties": {"id": "GEOM_TOKYO_2183", "route_id": "R_7E54B177", "route_name": null, "route_color": "#F28E1C", "route_text_color": null, "line_name": "高崎線", "operator_id": "jr_east", "representation": "service_path", "min_zoom": 0, "max_zoom": 24, "offset_rank": 0}}, {"type": "Feature", "bbox": [139.45533, 36.0864, 139.47607, 36.10217], "geometry": {"type": "LineString", "coordinates": [[139.45533, 36.10217], [139.45776, 36.10116], [139.45858, 36.10081], [139.45887, 36.10068], [139.45942, 36.1004], [139.45997, 36.10003], [139.46021, 36.09975], [139.4604, 36.09953], [139.46084, 36.09897], [139.46203, 36.09743], [139.46274, 36.09651], [139.46306, 36.0961], [139.46356, 36.09546], [139.46488, 36.09373], [139.46576, 36.09263], [139.46609, 36.09224], [139.46628, 36.09207], [139.46702, 36.09165], [139.46812, 36.09109], [139.46846, 36.09092], [139.47058, 36.08987], [139.47142, 36.08944], [139.47284, 36.08873], [139.47385, 36.0882], [139.47412, 36.08806], [139.47425, 36.08798], [139.47487, 36.0875], [139.47551, 36.08694], [139.47596, 36.08651], [139.47607, 36.0864]]}, "properties": {"id": "GEOM_TOKYO_2185", "route_id": "R_7E54B177", "route_name": null, "route_color": "#F28E1C", "route_text_color": null, "line_name": "高崎線", "operator_id": "jr_east", "representation": "service_path", "min_zoom": 0, "max_zoom": 24, "offset_rank": 0}}, {"type": "Feature", "bbox": [139.47784, 36.06085, 139.5084, 36.08459], "geometry": {"type": "LineString", "coordinates": [[139.47784, 36.08459], [139.47804, 36.08439], [139.47861, 36.08382], [139.47894, 36.08349], [139.47935, 36.08307], [139.47944, 36.08299], [139.47957, 36.08286], [139.4801, 36.08232], [139.48033, 36.08211], [139.48053, 36.08189], [139.48121, 36.08123], [139.48189, 36.08055], [139.48242, 36.0801], [139.48278, 36.07982], [139.483, 36.07967], [139.48333, 36.07946], [139.48355, 36.07933], [139.48407, 36.07905], [139.48453, 36.07884], [139.48483, 36.0787], [139.48562, 36.07833], [139.48604, 36.07814], [139.48656, 36.07787], [139.48702, 36.07764], [139.4875, 36.07737], [139.48777, 36.07721], [139.48804, 36.07704], [139.48878, 36.07661], [139.48949, 36.07619], [139.4909, 36.07536], [139.49206, 36.07468], [139.4926, 36.07436], [139.49359, 36.07378], [139.49432, 36.07335], [139.49499, 36.07296], [139.49557, 36.07263], [139.49616, 36.0723], [139.49659, 36.07207], [139.49678, 36.07195], [139.49782, 36.07133], [139.49826, 36.07107], [139.49887, 36.0707], [139.49984, 36.07014], [139.50004, 36.07001], [139.50015, 36.06996], [139.50183, 36.06895], [139.50223, 36.06868], [139.50252, 36.06847], [139.50262, 36.0684], [139.50284, 36.06823], [139.50306, 36.06804], [139.50312, 36.06799], [139.50327, 36.06784], [139.50344, 36.06764], [139.50353, 36.06752], [139.50357, 36.06747], [139.50374, 36.06722], [139.50401, 36.06685], [139.50434, 36.0664], [139.50556, 36.06475], [139.50722, 36.06248], [139.5084, 36.06085]]}, "properties": {"id": "GEOM_TOKYO_2187", "route_id": "R_7E54B177", "route_name": null, "route_color": "#F28E1C", "route_text_color": null, "line_name": "高崎線", "operator_id": "jr_east", "representation": "service_path", "min_zoom": 0, "max_zoom": 24, "offset_rank": 0}}, {"type": "Feature", "bbox": [139.28287, 36.17515, 139.32852, 36.19097], "geometry": {"type": "LineString", "coordinates": [[139.32852, 36.17515], [139.3277, 36.17548], [139.32714, 36.17572], [139.32615, 36.17613], [139.32558, 36.17638], [139.32536, 36.17647], [139.32311, 36.1774], [139.32245, 36.17769], [139.32055, 36.17848], [139.31856, 36.17932], [139.31719, 36.17989], [139.31673, 36.18009], [139.31538, 36.18066], [139.31447, 36.18105], [139.31272, 36.18177], [139.312, 36.18208], [139.31011, 36.18288], [139.30952, 36.18312], [139.30758, 36.18393], [139.30707, 36.18416], [139.30689, 36.18423], [139.30616, 36.18452], [139.30448, 36.18524], [139.30415, 36.18538], [139.30336, 36.18567], [139.30283, 36.18589], [139.30202, 36.18614], [139.30112, 36.18639], [139.29906, 36.18691], [139.29844, 36.18706], [139.29661, 36.18752], [139.29597, 36.18768], [139.29473, 36.188], [139.29269, 36.18851], [139.29166, 36.18877], [139.28983, 36.18923], [139.28886, 36.18946], [139.2872, 36.18989], [139.28654, 36.19005], [139.28602, 36.19018], [139.28575, 36.19025], [139.28476, 36.1905], [139.28423, 36.19062], [139.28287, 36.19097]]}, "properties": {"id": "GEOM_TOKYO_2198", "route_id": "R_7E54B177", "route_name": null, "route_color": "#F28E1C", "route_text_color": null, "line_name": "高崎線", "operator_id": "jr_east", "representation": "service_path", "min_zoom": 0, "max_zoom": 24, "offset_rank": 0}}, {"type": "Feature", "bbox": [139.34721, 36.15588, 139.36504, 36.16551], "geometry": {"type": "LineString", "coordinates": [[139.34721, 36.16551], [139.34865, 36.16463], [139.35015, 36.16383], [139.35186, 36.16296], [139.35231, 36.16271], [139.35347, 36.16192], [139.35451, 36.16121], [139.35463, 36.16113], [139.35522, 36.16078], [139.35586, 36.16042], [139.35671, 36.15995], [139.35769, 36.15943], [139.35888, 36.15883], [139.35917, 36.15868], [139.35946, 36.15853], [139.36175, 36.15743], [139.36282, 36.15692], [139.36389, 36.15642], [139.36421, 36.15626], [139.36504, 36.15588]]}, "properties": {"id": "GEOM_TOKYO_2201", "route_id": "R_7E54B177", "route_name": null, "route_color": "#F28E1C", "route_text_color": null, "line_name": "高崎線", "operator_id": "jr_east", "representation": "service_path", "min_zoom": 0, "max_zoom": 24, "offset_rank": 0}}, {"type": "Feature", "bbox": [139.34721, 36.15588, 139.36504, 36.16551], "geometry": {"type": "LineString", "coordinates": [[139.34721, 36.16551], [139.34792, 36.16522], [139.34881, 36.16482], [139.35017, 36.16413], [139.3514, 36.16349], [139.35262, 36.16284], [139.35391, 36.16215], [139.35515, 36.16148], [139.35725, 36.16034], [139.35954, 36.15911], [139.35983, 36.15896], [139.36017, 36.15878], [139.36151, 36.15806], [139.3629, 36.15726], [139.36369, 36.15679], [139.36479, 36.15607], [139.36504, 36.15588]]}, "properties": {"id": "GEOM_TOKYO_2205", "route_id": "R_7E54B177", "route_name": null, "route_color": "#F28E1C", "route_text_color": null, "line_name": "高崎線", "operator_id": "jr_east", "representation": "service_path", "min_zoom": 0, "max_zoom": 24, "offset_rank": 0}}, {"type": "Feature", "bbox": [139.332, 36.16551, 139.34721, 36.17369], "geometry": {"type": "LineString", "coordinates": [[139.332, 36.17369], [139.33325, 36.17312], [139.33364, 36.17292], [139.33491, 36.17225], [139.33625, 36.17152], [139.33801, 36.17057], [139.339, 36.17003], [139.33939, 36.16983], [139.34015, 36.16938], [139.34086, 36.16896], [139.34151, 36.16861], [139.34246, 36.16808], [139.34344, 36.16755], [139.34525, 36.16656], [139.34636, 36.16596], [139.34721, 36.16551]]}, "properties": {"id": "GEOM_TOKYO_2206", "route_id": "R_7E54B177", "route_name": null, "route_color": "#F28E1C", "route_text_color": null, "line_name": "高崎線", "operator_id": "jr_east", "representation": "service_path", "min_zoom": 0, "max_zoom": 24, "offset_rank": 0}}, {"type": "Feature", "bbox": [139.32852, 36.17369, 139.332, 36.17515], "geometry": {"type": "LineString", "coordinates": [[139.332, 36.17369], [139.32852, 36.17515]]}, "properties": {"id": "GEOM_TOKYO_2208", "route_id": "R_7E54B177", "route_name": null, "route_color": "#F28E1C", "route_text_color": null, "line_name": "高崎線", "operator_id": "jr_east", "representation": "service_path", "min_zoom": 0, "max_zoom": 24, "offset_rank": 0}}, {"type": "Feature", "bbox": [139.54903, 35.3676, 139.5512, 35.36811], "geometry": {"type": "LineString", "coordinates": [[139.5512, 35.36811], [139.54903, 35.3676]]}, "properties": {"id": "GEOM_TOKYO_2236", "route_id": "R_135208E9", "route_name": null, "route_color": "#00BCD4", "route_text_color": null, "line_name": "根岸線", "operator_id": "jr_east", "representation": "service_path", "min_zoom": 0, "max_zoom": 24, "offset_rank": 0}}, {"type": "Feature", "bbox": [139.53102, 35.3526, 139.532, 35.35561], "geometry": {"type": "LineString", "coordinates": [[139.532, 35.35561], [139.53155, 35.3542], [139.531245, 35.353231], [139.53102, 35.3526]]}, "properties": {"id": "GEOM_TOKYO_2237", "route_id": "R_135208E9", "route_name": null, "route_color": "#00BCD4", "route_text_color": null, "line_name": "根岸線", "operator_id": "jr_east", "representation": "service_path", "min_zoom": 0, "max_zoom": 24, "offset_rank": 0}}, {"type": "Feature", "bbox": [139.52942, 35.35561, 139.54903, 35.36888], "geometry": {"type": "LineString", "coordinates": [[139.54903, 35.3676], [139.54895, 35.36759], [139.54851, 35.36749], [139.54842, 35.36747], [139.54801, 35.36738], [139.54792, 35.36736], [139.54754, 35.36728], [139.54672, 35.36711], [139.54621, 35.36707], [139.54568, 35.36704], [139.54532, 35.36704], [139.54473, 35.36712], [139.5445, 35.36716], [139.54419, 35.36723], [139.54385, 35.36731], [139.54327, 35.36747], [139.54316, 35.36749], [139.54279, 35.36759], [139.54073, 35.36808], [139.53969, 35.36837], [139.53898, 35.36857], [139.53887, 35.3686], [139.53811, 35.36875], [139.53748, 35.36884], [139.53661, 35.36888], [139.53592, 35.36888], [139.53538, 35.36884], [139.53497, 35.36877], [139.53468, 35.36871], [139.53441, 35.36863], [139.53407, 35.36852], [139.5336, 35.36832], [139.5331, 35.36807], [139.53264, 35.3678], [139.53219, 35.36744], [139.53173, 35.36698], [139.53141, 35.36657], [139.53105, 35.36602], [139.53092, 35.36578], [139.53062, 35.36521], [139.5303, 35.36449], [139.53014, 35.36417], [139.53009, 35.36403], [139.52977, 35.36327], [139.52961, 35.36274], [139.5295, 35.3622], [139.52942, 35.36145], [139.52945, 35.36098], [139.52953, 35.3606], [139.52968, 35.36022], [139.52997, 35.35971], [139.53043, 35.35908], [139.53131, 35.35796], [139.53168, 35.35746], [139.53188, 35.35702], [139.53205, 35.3564], [139.53207, 35.35598], [139.532, 35.35561]]}, "properties": {"id": "GEOM_TOKYO_2238", "route_id": "R_135208E9", "route_name": null, "route_color": "#00BCD4", "route_text_color": null, "line_name": "根岸線", "operator_id": "jr_east", "representation": "service_path", "min_zoom": 0, "max_zoom": 24, "offset_rank": 0}}, {"type": "Feature", "bbox": [139.5512, 35.36811, 139.57538, 35.37497], "geometry": {"type": "LineString", "coordinates": [[139.57538, 35.37497], [139.57343, 35.37452], [139.57213, 35.37428], [139.56773, 35.3734], [139.56548, 35.37285], [139.56286, 35.3722], [139.5628, 35.37215], [139.5612, 35.37104], [139.56061, 35.37068], [139.56034, 35.37054], [139.56018, 35.37046], [139.55994, 35.37035], [139.55973, 35.37025], [139.55949, 35.37016], [139.55926, 35.37008], [139.55882, 35.36994], [139.55849, 35.36985], [139.55751, 35.36958], [139.55475, 35.36894], [139.55404, 35.36878], [139.55393, 35.36876], [139.55326, 35.3686], [139.55262, 35.36846], [139.55191, 35.36829], [139.5516, 35.36821], [139.55131, 35.36814], [139.5512, 35.36811]]}, "properties": {"id": "GEOM_TOKYO_2239", "route_id": "R_135208E9", "route_name": null, "route_color": "#00BCD4", "route_text_color": null, "line_name": "根岸線", "operator_id": "jr_east", "representation": "service_path", "min_zoom": 0, "max_zoom": 24, "offset_rank": 0}}, {"type": "Feature", "bbox": [139.39115, 35.97526, 139.62471, 36.13894], "geometry": {"type": "LineString", "coordinates": [[139.39115, 36.13894], [139.39267, 36.13838], [139.39291, 36.1383], [139.39461, 36.13766], [139.39508, 36.13748], [139.39547, 36.13734], [139.39666, 36.1369], [139.39859, 36.13619], [139.40133, 36.13518], [139.40275, 36.13463], [139.4028, 36.1346], [139.40408, 36.13413], [139.40472, 36.13391], [139.40587, 36.13348], [139.40747, 36.13289], [139.40875, 36.13243], [139.40903, 36.13233], [139.41044, 36.13182], [139.41177, 36.13133], [139.41339, 36.13075], [139.41481, 36.13024], [139.41715, 36.12939], [139.41747, 36.12927], [139.41857, 36.12887], [139.41952, 36.12854], [139.42043, 36.12821], [139.42147, 36.12783], [139.42211, 36.12761], [139.42392, 36.12693], [139.42441, 36.12676], [139.42445, 36.12673], [139.42521, 36.12647], [139.4272, 36.12574], [139.42724, 36.12572], [139.42744, 36.12565], [139.42753, 36.12562], [139.429, 36.12509], [139.43034, 36.12459], [139.43075, 36.12445], [139.43122, 36.12428], [139.43148, 36.12418], [139.43158, 36.12415], [139.43186, 36.12405], [139.43213, 36.12395], [139.43243, 36.12384], [139.43298, 36.12364], [139.43316, 36.12358], [139.4333, 36.12352], [139.43359, 36.12343], [139.4344, 36.12311], [139.43493, 36.12292], [139.43506, 36.12288], [139.43559, 36.12267], [139.43609, 36.1225], [139.43623, 36.12244], [139.43674, 36.12226], [139.43717, 36.1221], [139.43883, 36.12148], [139.43989, 36.12106], [139.44125, 36.1205], [139.4419, 36.12024], [139.44261, 36.11996], [139.44327, 36.11968], [139.4443, 36.11928], [139.44581, 36.11865], [139.44728, 36.11804], [139.4481, 36.1177], [139.44944, 36.1171], [139.45041, 36.11667], [139.45191, 36.11595], [139.45378, 36.11501], [139.45398, 36.11491], [139.45499, 36.11438], [139.45572, 36.11399], [139.45682, 36.11335], [139.45789, 36.11274], [139.45868, 36.11229], [139.45879, 36.11223], [139.45914, 36.11202], [139.46024, 36.11139], [139.46125, 36.11079], [139.46141, 36.1107], [139.46284, 36.10987], [139.46435, 36.10901], [139.46487, 36.10871], [139.46655, 36.10776], [139.46726, 36.10735], [139.46766, 36.10711], [139.46783, 36.10702], [139.46865, 36.10653], [139.47009, 36.10571], [139.47133, 36.10501], [139.47346, 36.10376], [139.47536, 36.10266], [139.47687, 36.1018], [139.47752, 36.10143], [139.47841, 36.10091], [139.47858, 36.1008], [139.47871, 36.10074], [139.4797, 36.10015], [139.48064, 36.09962], [139.48128, 36.09927], [139.48144, 36.09916], [139.48161, 36.09906], [139.48318, 36.09816], [139.48628, 36.09635], [139.48785, 36.09544], [139.48845, 36.09511], [139.48942, 36.09454], [139.49047, 36.09393], [139.49054, 36.09388], [139.49179, 36.09317], [139.49265, 36.09268], [139.49367, 36.09208], [139.49409, 36.09184], [139.49524, 36.09117], [139.49584, 36.09082], [139.49678, 36.09027], [139.49692, 36.09019], [139.49701, 36.09015], [139.4978, 36.08969], [139.49806, 36.08954], [139.49846, 36.08931], [139.49882, 36.0891], [139.49925, 36.08886], [139.49976, 36.08856], [139.50019, 36.08831], [139.50067, 36.08804], [139.50104, 36.08782], [139.50166, 36.08746], [139.50241, 36.08702], [139.50318, 36.08659], [139.50332, 36.08651], [139.50392, 36.08617], [139.50471, 36.08572], [139.50508, 36.08551], [139.50524, 36.08541], [139.50543, 36.08532], [139.50579, 36.0851], [139.50612, 36.08492], [139.50623, 36.08485], [139.50727, 36.08424], [139.50774, 36.08398], [139.50884, 36.08335], [139.50977, 36.08283], [139.51013, 36.08263], [139.51096, 36.08214], [139.51202, 36.08151], [139.51238, 36.08132], [139.51337, 36.08075], [139.5134, 36.08073], [139.51378, 36.08051], [139.51392, 36.08043], [139.51414, 36.08029], [139.51494, 36.07982], [139.51581, 36.0793], [139.51585, 36.07927], [139.51621, 36.07904], [139.51665, 36.07878], [139.51694, 36.0786], [139.51756, 36.07821], [139.51767, 36.07814], [139.51842, 36.07766], [139.51869, 36.07747], [139.51927, 36.07708], [139.5195, 36.07692], [139.5203, 36.07636], [139.52078, 36.07603], [139.52117, 36.07577], [139.52175, 36.07535], [139.52215, 36.07507], [139.52354, 36.07406], [139.52439, 36.07343], [139.52457, 36.07328], [139.5254, 36.07265], [139.52694, 36.07145], [139.52726, 36.0712], [139.52803, 36.07059], [139.52922, 36.06965], [139.53, 36.06906], [139.53048, 36.06867], [139.53174, 36.06769], [139.53201, 36.06747], [139.53238, 36.06718], [139.5333, 36.06647], [139.53356, 36.06626], [139.5341, 36.06584], [139.53476, 36.06532], [139.53478, 36.06531], [139.53492, 36.0652], [139.53542, 36.0648], [139.53696, 36.06356], [139.53831, 36.06248], [139.53909, 36.06189], [139.53924, 36.06175], [139.54063, 36.0607], [139.54137, 36.06012], [139.54182, 36.05978], [139.54289, 36.05894], [139.54427, 36.05785], [139.5461, 36.05642], [139.54707, 36.05565], [139.54711, 36.05562], [139.54906, 36.0541], [139.54918, 36.05399], [139.55, 36.05335], [139.55087, 36.05268], [139.55134, 36.05231], [139.55236, 36.0515], [139.55312, 36.05092], [139.55348, 36.05064], [139.55379, 36.0504], [139.55392, 36.05029], [139.55493, 36.04951], [139.55523, 36.04926], [139.55534, 36.04919], [139.55587, 36.04876], [139.55597, 36.04869], [139.55747, 36.04752], [139.55779, 36.04726], [139.55797, 36.04712], [139.55824, 36.04691], [139.55841, 36.04677], [139.55859, 36.04664], [139.55885, 36.04643], [139.55942, 36.04598], [139.55982, 36.04566], [139.56053, 36.04511], [139.56057, 36.04509], [139.561, 36.04474], [139.56169, 36.0442], [139.56176, 36.04415], [139.56471, 36.04184], [139.56511, 36.04153], [139.56568, 36.0411], [139.56606, 36.04079], [139.56613, 36.04074], [139.56683, 36.04017], [139.56738, 36.03973], [139.56744, 36.03968], [139.56791, 36.03931], [139.56841, 36.03891], [139.5703, 36.03742], [139.5705, 36.03726], [139.57077, 36.03706], [139.5709, 36.03696], [139.57108, 36.03682], [139.57189, 36.03619], [139.57209, 36.03605], [139.57337, 36.03505], [139.57383, 36.03469], [139.57501, 36.03374], [139.57574, 36.03316], [139.57617, 36.03281], [139.57703, 36.03214], [139.57778, 36.03155], [139.57819, 36.03122], [139.57849, 36.03097], [139.57852, 36.03096], [139.57928, 36.03036], [139.58015, 36.02969], [139.58204, 36.02819], [139.58223, 36.02806], [139.58256, 36.02782], [139.58299, 36.02748], [139.5838, 36.02684], [139.58392, 36.02672], [139.58559, 36.02542], [139.58619, 36.02497], [139.58784, 36.02366], [139.5881, 36.02346], [139.58832, 36.02329], [139.58914, 36.02265], [139.58993, 36.02202], [139.59025, 36.02177], [139.59094, 36.02121], [139.59095, 36.0212], [139.59135, 36.0209], [139.59193, 36.02044], [139.59318, 36.01947], [139.59351, 36.01921], [139.59383, 36.01896], [139.59419, 36.01867], [139.59463, 36.01831], [139.59506, 36.01797], [139.59537, 36.01771], [139.59561, 36.01753], [139.59596, 36.01725], [139.5969, 36.01649], [139.59726, 36.01622], [139.59764, 36.01594], [139.59772, 36.01588], [139.59858, 36.01521], [139.59864, 36.01518], [139.59887, 36.01499], [139.59979, 36.01427], [139.60107, 36.01327], [139.60149, 36.01293], [139.60268, 36.012], [139.60431, 36.01071], [139.60443, 36.01063], [139.60518, 36.01004], [139.60685, 36.00874], [139.60712, 36.00853], [139.60746, 36.00826], [139.60777, 36.00802], [139.60847, 36.00746], [139.6085, 36.00745], [139.60906, 36.00701], [139.60946, 36.00669], [139.61072, 36.0057], [139.61161, 36.00498], [139.61228, 36.00444], [139.61369, 36.00319], [139.61447, 36.00251], [139.61577, 36.00119], [139.61638, 36.00052], [139.61649, 36.0004], [139.61713, 35.9997], [139.6178, 35.99885], [139.61824, 35.99829], [139.61939, 35.99668], [139.61982, 35.99599], [139.62014, 35.9955], [139.62064, 35.99466], [139.62099, 35.99401], [139.62177, 35.9925], [139.62194, 35.99215], [139.62248, 35.99084], [139.6226, 35.9905], [139.6227, 35.99026], [139.62275, 35.99014], [139.62277, 35.9901], [139.62309, 35.98919], [139.62331, 35.98858], [139.62349, 35.98795], [139.62363, 35.98745], [139.62382, 35.98671], [139.62393, 35.98628], [139.62398, 35.986], [139.62404, 35.98575], [139.62408, 35.98549], [139.62418, 35.98497], [139.62424, 35.98465], [139.62426, 35.98452], [139.6243, 35.98424], [139.62438, 35.98381], [139.62443, 35.9835], [139.62448, 35.98314], [139.62453, 35.98292], [139.6246, 35.98222], [139.62464, 35.98177], [139.62469, 35.98107], [139.62471, 35.98048], [139.6247, 35.97929], [139.62468, 35.97899], [139.62466, 35.97858], [139.62464, 35.97813], [139.62459, 35.97689], [139.62458, 35.97668], [139.62455, 35.97595], [139.62452, 35.97526]]}, "properties": {"id": "GEOM_TOKYO_2291", "route_id": "R_D6BC8A01", "route_name": null, "route_color": "#E65045", "route_text_color": null, "line_name": "上越新幹線", "operator_id": "jr_east", "representation": "service_path", "min_zoom": 0, "max_zoom": 24, "offset_rank": 0}}, {"type": "Feature", "bbox": [139.38814, 36.13894, 139.39115, 36.14006], "geometry": {"type": "LineString", "coordinates": [[139.39115, 36.13894], [139.38814, 36.14006]]}, "properties": {"id": "GEOM_TOKYO_2292", "route_id": "R_D6BC8A01", "route_name": null, "route_color": "#E65045", "route_text_color": null, "line_name": "上越新幹線", "operator_id": "jr_east", "representation": "service_path", "min_zoom": 0, "max_zoom": 24, "offset_rank": 0}}, {"type": "Feature", "bbox": [139.18155, 36.14006, 139.38814, 36.21779], "geometry": {"type": "LineString", "coordinates": [[139.38814, 36.14006], [139.38689, 36.1405], [139.38651, 36.14064], [139.38406, 36.14155], [139.38155, 36.14247], [139.3799, 36.14308], [139.3795, 36.14324], [139.37919, 36.14335], [139.37853, 36.1436], [139.37647, 36.14441], [139.37535, 36.14485], [139.37179, 36.14627], [139.37147, 36.14639], [139.37026, 36.14682], [139.36898, 36.14729], [139.36843, 36.14749], [139.36759, 36.14779], [139.36662, 36.14813], [139.3658, 36.1484], [139.36369, 36.14911], [139.36226, 36.14956], [139.36058, 36.15007], [139.35807, 36.15068], [139.35794, 36.15072], [139.35655, 36.151], [139.3553, 36.15123], [139.35382, 36.15148], [139.35246, 36.15168], [139.35109, 36.15184], [139.34965, 36.15197], [139.34829, 36.15208], [139.34716, 36.15217], [139.34685, 36.1522], [139.34539, 36.1523], [139.34367, 36.15243], [139.34177, 36.15257], [139.33986, 36.1527], [139.33823, 36.15282], [139.33659, 36.15296], [139.33612, 36.153], [139.33464, 36.15312], [139.33328, 36.15322], [139.33212, 36.15332], [139.32992, 36.15346], [139.32871, 36.15354], [139.32716, 36.15364], [139.32578, 36.15374], [139.32508, 36.15378], [139.3238, 36.15387], [139.32154, 36.15406], [139.31918, 36.15428], [139.31735, 36.15452], [139.31521, 36.15482], [139.31412, 36.15503], [139.31303, 36.15524], [139.31168, 36.15555], [139.31058, 36.15581], [139.30875, 36.15634], [139.30784, 36.15666], [139.30664, 36.15709], [139.30553, 36.1575], [139.30382, 36.15823], [139.3038, 36.15824], [139.30248, 36.15883], [139.301, 36.15954], [139.29961, 36.16021], [139.29859, 36.16071], [139.29645, 36.16174], [139.29517, 36.16236], [139.29425, 36.16282], [139.29362, 36.16313], [139.29208, 36.16388], [139.28983, 36.165], [139.2895, 36.16516], [139.28822, 36.16581], [139.28665, 36.16659], [139.2846, 36.1676], [139.28338, 36.1682], [139.28146, 36.16915], [139.28002, 36.16983], [139.27979, 36.16993], [139.27798, 36.17079], [139.27787, 36.17085], [139.27649, 36.17152], [139.27446, 36.17247], [139.27241, 36.17346], [139.27019, 36.17454], [139.26889, 36.17517], [139.26845, 36.17539], [139.26651, 36.17633], [139.26536, 36.17688], [139.26277, 36.17815], [139.26159, 36.17873], [139.25894, 36.18002], [139.2588, 36.18009], [139.25644, 36.18125], [139.25492, 36.18199], [139.25277, 36.18304], [139.24969, 36.18456], [139.24945, 36.18468], [139.24679, 36.186], [139.24612, 36.18635], [139.2452, 36.18679], [139.24461, 36.18707], [139.24386, 36.18744], [139.24334, 36.1877], [139.24303, 36.18785], [139.24242, 36.18815], [139.242, 36.18835], [139.24171, 36.18849], [139.24109, 36.18879], [139.24002, 36.1893], [139.23933, 36.18964], [139.23874, 36.18992], [139.23811, 36.19023], [139.23749, 36.19054], [139.23634, 36.19109], [139.23549, 36.19151], [139.2351, 36.1917], [139.23457, 36.19196], [139.23383, 36.19232], [139.23272, 36.19286], [139.23159, 36.19341], [139.23021, 36.19408], [139.22876, 36.1948], [139.22792, 36.19521], [139.2271, 36.1956], [139.2254, 36.19644], [139.22438, 36.19692], [139.22432, 36.19695], [139.22356, 36.19732], [139.22173, 36.19821], [139.22052, 36.19879], [139.21921, 36.19945], [139.21762, 36.20022], [139.21606, 36.20098], [139.21481, 36.20158], [139.21439, 36.20178], [139.21318, 36.20239], [139.21201, 36.20295], [139.21138, 36.20326], [139.21078, 36.20356], [139.20972, 36.20407], [139.20888, 36.20447], [139.20812, 36.20484], [139.20739, 36.2052], [139.20664, 36.20557], [139.20609, 36.20584], [139.20558, 36.2061], [139.20531, 36.20623], [139.20485, 36.20645], [139.20409, 36.20683], [139.20335, 36.2072], [139.20247, 36.20763], [139.2017, 36.20799], [139.20095, 36.20835], [139.20014, 36.20875], [139.19975, 36.20894], [139.19884, 36.20938], [139.19828, 36.20966], [139.19773, 36.20993], [139.19697, 36.2103], [139.19595, 36.21079], [139.1958, 36.21086], [139.19498, 36.21127], [139.19432, 36.21158], [139.19428, 36.2116], [139.19379, 36.21184], [139.19311, 36.21217], [139.19214, 36.21264], [139.19115, 36.21312], [139.1903, 36.21353], [139.18951, 36.21393], [139.18832, 36.2145], [139.18705, 36.21513], [139.18639, 36.21545], [139.18545, 36.2159], [139.18495, 36.21614], [139.18481, 36.21622], [139.18455, 36.21635], [139.18399, 36.21661], [139.18335, 36.21693], [139.18266, 36.21725], [139.18172, 36.21771], [139.18155, 36.21779]]}, "properties": {"id": "GEOM_TOKYO_2312", "route_id": "R_D6BC8A01", "route_name": null, "route_color": "#E65045", "route_text_color": null, "line_name": "上越新幹線", "operator_id": "jr_east", "representation": "service_path", "min_zoom": 0, "max_zoom": 24, "offset_rank": 0}}, {"type": "Feature", "bbox": [139.46062, 35.90724, 139.48268, 35.91898], "geometry": {"type": "LineString", "coordinates": [[139.46062, 35.91898], [139.46187, 35.91877], [139.46223, 35.91871], [139.46426, 35.91837], [139.46619, 35.91804], [139.46733, 35.91786], [139.46909, 35.91749], [139.46942, 35.9174], [139.46972, 35.91726], [139.4716, 35.91612], [139.4724, 35.9156], [139.47261, 35.91547], [139.47375, 35.91475], [139.47513, 35.91387], [139.47568, 35.91351], [139.47703, 35.91265], [139.47776, 35.91218], [139.47843, 35.91177], [139.47922, 35.91124], [139.47965, 35.91092], [139.47984, 35.91071], [139.48004, 35.91049], [139.48044, 35.91002], [139.48092, 35.90944], [139.48132, 35.90899], [139.48155, 35.9087], [139.48179, 35.90842], [139.48216, 35.90792], [139.48268, 35.90724]]}, "properties": {"id": "GEOM_TOKYO_2502", "route_id": "R_94A1418C", "route_name": null, "route_color": "#0099CC", "route_text_color": null, "line_name": "川越線", "operator_id": "jr_east", "representation": "service_path", "min_zoom": 0, "max_zoom": 24, "offset_rank": 0}}, {"type": "Feature", "bbox": [139.40566, 35.90739, 139.40686, 35.90777], "geometry": {"type": "LineString", "coordinates": [[139.40566, 35.90739], [139.40686, 35.90777]]}, "properties": {"id": "GEOM_TOKYO_2503", "route_id": "R_94A1418C", "route_name": null, "route_color": "#0099CC", "route_text_color": null, "line_name": "川越線", "operator_id": "jr_east", "representation": "service_path", "min_zoom": 0, "max_zoom": 24, "offset_rank": 0}}, {"type": "Feature", "bbox": [139.45925, 35.91898, 139.46062, 35.91921], "geometry": {"type": "LineString", "coordinates": [[139.45925, 35.91921], [139.46062, 35.91898]]}, "properties": {"id": "GEOM_TOKYO_2504", "route_id": "R_94A1418C", "route_name": null, "route_color": "#0099CC", "route_text_color": null, "line_name": "川越線", "operator_id": "jr_east", "representation": "service_path", "min_zoom": 0, "max_zoom": 24, "offset_rank": 0}}, {"type": "Feature", "bbox": [139.43603, 35.91776, 139.45925, 35.92112], "geometry": {"type": "LineString", "coordinates": [[139.43603, 35.91776], [139.4374, 35.9183], [139.4391, 35.91892], [139.44076, 35.91957], [139.44153, 35.91987], [139.44211, 35.92009], [139.44282, 35.92033], [139.44349, 35.92055], [139.44409, 35.92071], [139.44482, 35.92089], [139.44551, 35.92102], [139.44619, 35.92109], [139.4469, 35.92112], [139.44757, 35.92112], [139.44831, 35.92107], [139.44897, 35.92097], [139.44967, 35.92085], [139.45033, 35.92074], [139.45044, 35.92072], [139.45075, 35.92067], [139.45105, 35.92062], [139.45136, 35.92058], [139.45273, 35.92036], [139.45389, 35.9202], [139.45433, 35.92014], [139.45497, 35.92002], [139.45511, 35.91999], [139.4554, 35.91993], [139.45565, 35.91987], [139.45588, 35.91982], [139.45705, 35.91961], [139.45812, 35.91943], [139.45925, 35.91921]]}, "properties": {"id": "GEOM_TOKYO_2505", "route_id": "R_94A1418C", "route_name": null, "route_color": "#0099CC", "route_text_color": null, "line_name": "川越線", "operator_id": "jr_east", "representation": "service_path", "min_zoom": 0, "max_zoom": 24, "offset_rank": 0}}, {"type": "Feature", "bbox": [139.43479, 35.91732, 139.43603, 35.91776], "geometry": {"type": "LineString", "coordinates": [[139.43479, 35.91732], [139.43603, 35.91776]]}, "properties": {"id": "GEOM_TOKYO_2506", "route_id": "R_94A1418C", "route_name": null, "route_color": "#0099CC", "route_text_color": null, "line_name": "川越線", "operator_id": "jr_east", "representation": "service_path", "min_zoom": 0, "max_zoom": 24, "offset_rank": 0}}, {"type": "Feature", "bbox": [139.40686, 35.90777, 139.43479, 35.91732], "geometry": {"type": "LineString", "coordinates": [[139.40686, 35.90777], [139.40754, 35.90796], [139.4084, 35.90822], [139.40948, 35.90854], [139.41077, 35.90893], [139.41217, 35.90935], [139.41321, 35.90965], [139.4148, 35.91013], [139.415, 35.91019], [139.41525, 35.91027], [139.41603, 35.9105], [139.41801, 35.9111], [139.41994, 35.91181], [139.42194, 35.91255], [139.42372, 35.9132], [139.42471, 35.91357], [139.42531, 35.91379], [139.42693, 35.91439], [139.42892, 35.91513], [139.43042, 35.91568], [139.43137, 35.91604], [139.43208, 35.9163], [139.43336, 35.91679], [139.43479, 35.91732]]}, "properties": {"id": "GEOM_TOKYO_2507", "route_id": "R_94A1418C", "route_name": null, "route_color": "#0099CC", "route_text_color": null, "line_name": "川越線", "operator_id": "jr_east", "representation": "service_path", "min_zoom": 0, "max_zoom": 24, "offset_rank": 0}}, {"type": "Feature", "bbox": [139.52007, 35.90327, 139.56435, 35.91674], "geometry": {"type": "LineString", "coordinates": [[139.56435, 35.91674], [139.56404, 35.91662], [139.56377, 35.91651], [139.56287, 35.91615], [139.56077, 35.91523], [139.56028, 35.91499], [139.55979, 35.91474], [139.55915, 35.91433], [139.55858, 35.91389], [139.55715, 35.91274], [139.5545, 35.9106], [139.55336, 35.90969], [139.55197, 35.90858], [139.55074, 35.9076], [139.54851, 35.90583], [139.54798, 35.9054], [139.54739, 35.90496], [139.54664, 35.9045], [139.54637, 35.90434], [139.54573, 35.90405], [139.54549, 35.90398], [139.54493, 35.90381], [139.54427, 35.90372], [139.54232, 35.90368], [139.53821, 35.90362], [139.53445, 35.90356], [139.53408, 35.90356], [139.52951, 35.90353], [139.52639, 35.90352], [139.52584, 35.90352], [139.52319, 35.90348], [139.52164, 35.9034], [139.52007, 35.90327]]}, "properties": {"id": "GEOM_TOKYO_2512", "route_id": "R_94A1418C", "route_name": null, "route_color": "#0099CC", "route_text_color": null, "line_name": "川越線", "operator_id": "jr_east", "representation": "service_path", "min_zoom": 0, "max_zoom": 24, "offset_rank": 0}}, {"type": "Feature", "bbox": [139.51824, 35.90309, 139.52007, 35.90327], "geometry": {"type": "LineString", "coordinates": [[139.52007, 35.90327], [139.51824, 35.90309]]}, "properties": {"id": "GEOM_TOKYO_2513", "route_id": "R_94A1418C", "route_name": null, "route_color": "#0099CC", "route_text_color": null, "line_name": "川越線", "operator_id": "jr_east", "representation": "service_path", "min_zoom": 0, "max_zoom": 24, "offset_rank": 0}}, {"type": "Feature", "bbox": [139.48268, 35.90613, 139.48373, 35.90724], "geometry": {"type": "LineString", "coordinates": [[139.48268, 35.90724], [139.48301, 35.90688], [139.48373, 35.90613]]}, "properties": {"id": "GEOM_TOKYO_2514", "route_id": "R_94A1418C", "route_name": null, "route_color": "#0099CC", "route_text_color": null, "line_name": "川越線", "operator_id": "jr_east", "representation": "service_path", "min_zoom": 0, "max_zoom": 24, "offset_rank": 0}}, {"type": "Feature", "bbox": [139.37028, 35.90158, 139.37196, 35.90179], "geometry": {"type": "LineString", "coordinates": [[139.37028, 35.90158], [139.37062, 35.90162], [139.37127, 35.9017], [139.37161, 35.90175], [139.37179, 35.90178], [139.37196, 35.90179]]}, "properties": {"id": "GEOM_TOKYO_2515", "route_id": "R_94A1418C", "route_name": null, "route_color": "#0099CC", "route_text_color": null, "line_name": "川越線", "operator_id": "jr_east", "representation": "service_path", "min_zoom": 0, "max_zoom": 24, "offset_rank": 0}}, {"type": "Feature", "bbox": [139.37196, 35.90179, 139.40566, 35.90739], "geometry": {"type": "LineString", "coordinates": [[139.37196, 35.90179], [139.37216, 35.90184], [139.37342, 35.90213], [139.37443, 35.90241], [139.37539, 35.90271], [139.37573, 35.90283], [139.3765, 35.90309], [139.37829, 35.90368], [139.37958, 35.90409], [139.38022, 35.9043], [139.38199, 35.90488], [139.38303, 35.90522], [139.38351, 35.90536], [139.38428, 35.90551], [139.3846, 35.90554], [139.3862, 35.90564], [139.38773, 35.90573], [139.39032, 35.90594], [139.39056, 35.90596], [139.39154, 35.90602], [139.39222, 35.90609], [139.39246, 35.9061], [139.39256, 35.90611], [139.3939, 35.9062], [139.39467, 35.90625], [139.39469, 35.90625], [139.39647, 35.90637], [139.39804, 35.90649], [139.39938, 35.90659], [139.40086, 35.9067], [139.40205, 35.90679], [139.403, 35.90688], [139.40385, 35.90701], [139.40477, 35.90718], [139.40519, 35.90726], [139.40563, 35.90739], [139.40566, 35.90739]]}, "properties": {"id": "GEOM_TOKYO_2516", "route_id": "R_94A1418C", "route_name": null, "route_color": "#0099CC", "route_text_color": null, "line_name": "川越線", "operator_id": "jr_east", "representation": "service_path", "min_zoom": 0, "max_zoom": 24, "offset_rank": 0}}, {"type": "Feature", "bbox": [139.48373, 35.90067, 139.51824, 35.90613], "geometry": {"type": "LineString", "coordinates": [[139.51824, 35.90309], [139.51499, 35.90279], [139.5122, 35.90254], [139.51176, 35.9025], [139.50866, 35.90222], [139.50779, 35.90214], [139.50576, 35.90195], [139.50345, 35.90173], [139.4997, 35.90139], [139.49678, 35.90111], [139.49511, 35.90098], [139.49437, 35.90094], [139.49393, 35.90091], [139.49123, 35.90072], [139.49076, 35.90067], [139.49032, 35.90067], [139.48933, 35.90073], [139.48903, 35.9008], [139.48833, 35.90098], [139.48809, 35.9011], [139.48773, 35.90132], [139.48749, 35.90152], [139.48716, 35.90185], [139.48663, 35.9027], [139.48614, 35.90341], [139.48555, 35.90419], [139.48504, 35.90484], [139.48444, 35.90548], [139.48402, 35.90585], [139.48373, 35.90613]]}, "properties": {"id": "GEOM_TOKYO_2517", "route_id": "R_94A1418C", "route_name": null, "route_color": "#0099CC", "route_text_color": null, "line_name": "川越線", "operator_id": "jr_east", "representation": "service_path", "min_zoom": 0, "max_zoom": 24, "offset_rank": 0}}, {"type": "Feature", "bbox": [139.33694, 35.89688, 139.33784, 35.89836], "geometry": {"type": "LineString", "coordinates": [[139.33694, 35.89836], [139.33705, 35.89818], [139.33757, 35.8973], [139.33784, 35.89688]]}, "properties": {"id": "GEOM_TOKYO_2518", "route_id": "R_94A1418C", "route_name": null, "route_color": "#0099CC", "route_text_color": null, "line_name": "川越線", "operator_id": "jr_east", "representation": "service_path", "min_zoom": 0, "max_zoom": 24, "offset_rank": 0}}, {"type": "Feature", "bbox": [139.3369, 35.89836, 139.37028, 35.90161], "geometry": {"type": "LineString", "coordinates": [[139.37028, 35.90158], [139.37006, 35.90156], [139.36992, 35.90155], [139.36966, 35.90154], [139.36752, 35.90154], [139.36262, 35.90155], [139.35644, 35.9016], [139.35583, 35.90161], [139.34735, 35.9016], [139.34535, 35.9016], [139.34455, 35.9016], [139.34208, 35.9016], [139.34029, 35.90161], [139.3399, 35.9016], [139.33962, 35.90159], [139.33953, 35.90158], [139.33943, 35.90157], [139.33928, 35.90155], [139.33917, 35.90152], [139.33906, 35.90149], [139.33898, 35.90146], [139.33889, 35.90143], [139.33873, 35.90137], [139.33857, 35.9013], [139.33843, 35.90123], [139.33832, 35.90118], [139.33811, 35.90106], [139.33798, 35.90097], [139.33786, 35.90087], [139.33778, 35.9008], [139.3377, 35.90073], [139.33762, 35.90066], [139.33749, 35.90053], [139.33743, 35.90045], [139.33735, 35.90034], [139.33732, 35.90029], [139.33728, 35.90022], [139.33723, 35.90014], [139.33716, 35.89999], [139.3371, 35.89988], [139.33706, 35.89978], [139.337, 35.89962], [139.33696, 35.89946], [139.33693, 35.89928], [139.33691, 35.89905], [139.3369, 35.89872], [139.33691, 35.89856], [139.33694, 35.89836]]}, "properties": {"id": "GEOM_TOKYO_2519", "route_id": "R_94A1418C", "route_name": null, "route_color": "#0099CC", "route_text_color": null, "line_name": "川越線", "operator_id": "jr_east", "representation": "service_path", "min_zoom": 0, "max_zoom": 24, "offset_rank": 0}}, {"type": "Feature", "bbox": [139.33784, 35.89586, 139.33842, 35.89688], "geometry": {"type": "LineString", "coordinates": [[139.33842, 35.89586], [139.33784, 35.89688]]}, "properties": {"id": "GEOM_TOKYO_2520", "route_id": "R_94A1418C", "route_name": null, "route_color": "#0099CC", "route_text_color": null, "line_name": "川越線", "operator_id": "jr_east", "representation": "service_path", "min_zoom": 0, "max_zoom": 24, "offset_rank": 0}}, {"type": "Feature", "bbox": [139.47936, 35.70011, 139.48235, 35.70018], "geometry": {"type": "LineString", "coordinates": [[139.48235, 35.70018], [139.48141, 35.70015], [139.48002, 35.70011], [139.47965, 35.70011], [139.47936, 35.70011]]}, "properties": {"id": "GEOM_TOKYO_2670", "route_id": "R_3F47F0D7", "route_name": null, "route_color": "#F15A24", "route_text_color": null, "line_name": "中央線", "operator_id": "jr_east", "representation": "service_path", "min_zoom": 0, "max_zoom": 24, "offset_rank": 0}}, {"type": "Feature", "bbox": [139.46475, 35.69968, 139.4671, 35.69978], "geometry": {"type": "LineString", "coordinates": [[139.4671, 35.69978], [139.46577, 35.69972], [139.46546, 35.69971], [139.46475, 35.69968]]}, "properties": {"id": "GEOM_TOKYO_2671", "route_id": "R_3F47F0D7", "route_name": null, "route_color": "#F15A24", "route_text_color": null, "line_name": "中央線", "operator_id": "jr_east", "representation": "service_path", "min_zoom": 0, "max_zoom": 24, "offset_rank": 0}}, {"type": "Feature", "bbox": [139.41516, 35.69803, 139.41708, 35.69808], "geometry": {"type": "LineString", "coordinates": [[139.41516, 35.69803], [139.41708, 35.69808]]}, "properties": {"id": "GEOM_TOKYO_2672", "route_id": "R_3F47F0D7", "route_name": null, "route_color": "#F15A24", "route_text_color": null, "line_name": "中央線", "operator_id": "jr_east", "representation": "service_path", "min_zoom": 0, "max_zoom": 24, "offset_rank": 0}}, {"type": "Feature", "bbox": [139.54228, 35.70204, 139.54483, 35.70214], "geometry": {"type": "LineString", "coordinates": [[139.54228, 35.70204], [139.54483, 35.70214]]}, "properties": {"id": "GEOM_TOKYO_2673", "route_id": "R_3F47F0D7", "route_name": null, "route_color": "#F15A24", "route_text_color": null, "line_name": "中央線", "operator_id": "jr_east", "representation": "service_path", "min_zoom": 0, "max_zoom": 24, "offset_rank": 0}}, {"type": "Feature", "bbox": [139.52247, 35.70152, 139.52505, 35.7016], "geometry": {"type": "LineString", "coordinates": [[139.52247, 35.70152], [139.52505, 35.7016]]}, "properties": {"id": "GEOM_TOKYO_2674", "route_id": "R_3F47F0D7", "route_name": null, "route_color": "#F15A24", "route_text_color": null, "line_name": "中央線", "operator_id": "jr_east", "representation": "service_path", "min_zoom": 0, "max_zoom": 24, "offset_rank": 0}}, {"type": "Feature", "bbox": [139.50481, 35.70097, 139.50705, 35.7011], "geometry": {"type": "LineString", "coordinates": [[139.50481, 35.70097], [139.50705, 35.7011]]}, "properties": {"id": "GEOM_TOKYO_2676", "route_id": "R_3F47F0D7", "route_name": null, "route_color": "#F15A24", "route_text_color": null, "line_name": "中央線", "operator_id": "jr_east", "representation": "service_path", "min_zoom": 0, "max_zoom": 24, "offset_rank": 0}}, {"type": "Feature", "bbox": [139.54483, 35.70214, 139.55959, 35.70268], "geometry": {"type": "LineString", "coordinates": [[139.54483, 35.70214], [139.54624, 35.7022], [139.54661, 35.70219], [139.54712, 35.70223], [139.54835, 35.70227], [139.54996, 35.70232], [139.55042, 35.70235], [139.55045, 35.70235], [139.55124, 35.70238], [139.55269, 35.70243], [139.55448, 35.70248], [139.55601, 35.70256], [139.55733, 35.7026], [139.55815, 35.70263], [139.55959, 35.70268]]}, "properties": {"id": "GEOM_TOKYO_2677", "route_id": "R_3F47F0D7", "route_name": null, "route_color": "#F15A24", "route_text_color": null, "line_name": "中央線", "operator_id": "jr_east", "representation": "service_path", "min_zoom": 0, "max_zoom": 24, "offset_rank": 0}}, {"type": "Feature", "bbox": [139.4451, 35.69916, 139.44773, 35.69923], "geometry": {"type": "LineString", "coordinates": [[139.44773, 35.69923], [139.4451, 35.69916]]}, "properties": {"id": "GEOM_TOKYO_2679", "route_id": "R_3F47F0D7", "route_name": null, "route_color": "#F15A24", "route_text_color": null, "line_name": "中央線", "operator_id": "jr_east", "representation": "service_path", "min_zoom": 0, "max_zoom": 24, "offset_rank": 0}}, {"type": "Feature", "bbox": [139.41708, 35.69808, 139.4451, 35.69916], "geometry": {"type": "LineString", "coordinates": [[139.41708, 35.69808], [139.41757, 35.69811], [139.4181, 35.69812], [139.41869, 35.69813], [139.41927, 35.69816], [139.42014, 35.6982], [139.42079, 35.69824], [139.42255, 35.69837], [139.42388, 35.69848], [139.42489, 35.69852], [139.4259, 35.69857], [139.42699, 35.6986], [139.42739, 35.69862], [139.4279, 35.69864], [139.43053, 35.69873], [139.43392, 35.69882], [139.43402, 35.69882], [139.43973, 35.699], [139.4451, 35.69916]]}, "properties": {"id": "GEOM_TOKYO_2680", "route_id": "R_3F47F0D7", "route_name": null, "route_color": "#F15A24", "route_text_color": null, "line_name": "中央線", "operator_id": "jr_east", "representation": "service_path", "min_zoom": 0, "max_zoom": 24, "offset_rank": 0}}, {"type": "Feature", "bbox": [139.56169, 35.70271, 139.57861, 35.70311], "geometry": {"type": "LineString", "coordinates": [[139.56169, 35.70271], [139.56325, 35.70274], [139.5649, 35.70278], [139.56586, 35.70282], [139.56602, 35.70282], [139.56753, 35.70284], [139.56757, 35.70284], [139.56858, 35.70288], [139.5697, 35.70291], [139.57083, 35.70294], [139.57158, 35.70297], [139.57259, 35.70299], [139.57453, 35.70304], [139.57584, 35.70307], [139.57701, 35.70308], [139.57861, 35.70311]]}, "properties": {"id": "GEOM_TOKYO_2682", "route_id": "R_3F47F0D7", "route_name": null, "route_color": "#F15A24", "route_text_color": null, "line_name": "中央線", "operator_id": "jr_east", "representation": "service_path", "min_zoom": 0, "max_zoom": 24, "offset_rank": 0}}, {"type": "Feature", "bbox": [139.4671, 35.69978, 139.47936, 35.70011], "geometry": {"type": "LineString", "coordinates": [[139.47936, 35.70011], [139.47858, 35.70011], [139.47817, 35.7001], [139.4779, 35.7001], [139.47674, 35.7001], [139.47603, 35.7001], [139.47525, 35.70007], [139.47444, 35.70003], [139.47156, 35.69993], [139.4671, 35.69978]]}, "properties": {"id": "GEOM_TOKYO_2683", "route_id": "R_3F47F0D7", "route_name": null, "route_color": "#F15A24", "route_text_color": null, "line_name": "中央線", "operator_id": "jr_east", "representation": "service_path", "min_zoom": 0, "max_zoom": 24, "offset_rank": 0}}, {"type": "Feature", "bbox": [139.44773, 35.69923, 139.46475, 35.6997], "geometry": {"type": "LineString", "coordinates": [[139.44773, 35.69923], [139.44926, 35.69929], [139.4499, 35.69929], [139.45052, 35.69934], [139.45073, 35.69936], [139.4519, 35.69936], [139.45715, 35.69949], [139.45777, 35.69951], [139.45897, 35.69955], [139.4602, 35.6996], [139.46058, 35.69961], [139.46175, 35.69964], [139.46278, 35.6997], [139.46309, 35.69969], [139.46475, 35.69968]]}, "properties": {"id": "GEOM_TOKYO_2684", "route_id": "R_3F47F0D7", "route_name": null, "route_color": "#F15A24", "route_text_color": null, "line_name": "中央線", "operator_id": "jr_east", "representation": "service_path", "min_zoom": 0, "max_zoom": 24, "offset_rank": 0}}, {"type": "Feature", "bbox": [139.39383, 35.67931, 139.41237, 35.69805], "geometry": {"type": "LineString", "coordinates": [[139.39383, 35.67931], [139.3941, 35.67981], [139.39487, 35.68123], [139.39672, 35.68475], [139.39849, 35.68806], [139.39874, 35.68855], [139.39948, 35.68996], [139.39974, 35.69044], [139.4002, 35.6913], [139.40047, 35.69184], [139.40095, 35.69273], [139.40137, 35.69347], [139.40156, 35.69379], [139.40176, 35.69412], [139.40205, 35.69454], [139.40247, 35.69505], [139.40294, 35.69555], [139.40319, 35.69579], [139.40372, 35.6962], [139.40453, 35.6967], [139.40492, 35.69693], [139.40592, 35.6974], [139.40656, 35.69763], [139.40717, 35.69781], [139.40793, 35.69796], [139.4085, 35.69801], [139.40935, 35.69805], [139.41053, 35.698], [139.41119, 35.69789], [139.41166, 35.69782], [139.41206, 35.69777], [139.41237, 35.69775]]}, "properties": {"id": "GEOM_TOKYO_2686", "route_id": "R_3F47F0D7", "route_name": null, "route_color": "#F15A24", "route_text_color": null, "line_name": "中央線", "operator_id": "jr_east", "representation": "service_path", "min_zoom": 0, "max_zoom": 24, "offset_rank": 0}}, {"type": "Feature", "bbox": [139.50705, 35.7011, 139.52247, 35.70152], "geometry": {"type": "LineString", "coordinates": [[139.50705, 35.7011], [139.50729, 35.70111], [139.50859, 35.70118], [139.51003, 35.7012], [139.51139, 35.70124], [139.51143, 35.70124], [139.51247, 35.70127], [139.5139, 35.70131], [139.51532, 35.70136], [139.51676, 35.70141], [139.51771, 35.70143], [139.51904, 35.70146], [139.52043, 35.70149], [139.52247, 35.70152]]}, "properties": {"id": "GEOM_TOKYO_2687", "route_id": "R_3F47F0D7", "route_name": null, "route_color": "#F15A24", "route_text_color": null, "line_name": "中央線", "operator_id": "jr_east", "representation": "service_path", "min_zoom": 0, "max_zoom": 24, "offset_rank": 0}}, {"type": "Feature", "bbox": [139.48235, 35.70018, 139.50481, 35.70097], "geometry": {"type": "LineString", "coordinates": [[139.48235, 35.70018], [139.48377, 35.70033], [139.48403, 35.70033], [139.48445, 35.70035], [139.48551, 35.70038], [139.48824, 35.70047], [139.49103, 35.70054], [139.4911, 35.70054], [139.49254, 35.70059], [139.49679, 35.70072], [139.49765, 35.70075], [139.49801, 35.70077], [139.49901, 35.70081], [139.49958, 35.70085], [139.50013, 35.70086], [139.5015, 35.7009], [139.50232, 35.70092], [139.50333, 35.70094], [139.50413, 35.70097], [139.50481, 35.70097]]}, "properties": {"id": "GEOM_TOKYO_2688", "route_id": "R_3F47F0D7", "route_name": null, "route_color": "#F15A24", "route_text_color": null, "line_name": "中央線", "operator_id": "jr_east", "representation": "service_path", "min_zoom": 0, "max_zoom": 24, "offset_rank": 0}}, {"type": "Feature", "bbox": [139.41237, 35.69775, 139.41516, 35.69778], "geometry": {"type": "LineString", "coordinates": [[139.41516, 35.69778], [139.41505, 35.69778], [139.41256, 35.69775], [139.41237, 35.69775]]}, "properties": {"id": "GEOM_TOKYO_2689", "route_id": "R_3F47F0D7", "route_name": null, "route_color": "#F15A24", "route_text_color": null, "line_name": "中央線", "operator_id": "jr_east", "representation": "service_path", "min_zoom": 0, "max_zoom": 24, "offset_rank": 0}}, {"type": "Feature", "bbox": [139.52505, 35.7016, 139.54228, 35.70204], "geometry": {"type": "LineString", "coordinates": [[139.52505, 35.7016], [139.52812, 35.70169], [139.53091, 35.70179], [139.53256, 35.70182], [139.53321, 35.70184], [139.53406, 35.70187], [139.53509, 35.70187], [139.53579, 35.70189], [139.53679, 35.7019], [139.53762, 35.70193], [139.53854, 35.70196], [139.53917, 35.70196], [139.54026, 35.70201], [139.54133, 35.70202], [139.54228, 35.70204]]}, "properties": {"id": "GEOM_TOKYO_2690", "route_id": "R_3F47F0D7", "route_name": null, "route_color": "#F15A24", "route_text_color": null, "line_name": "中央線", "operator_id": "jr_east", "representation": "service_path", "min_zoom": 0, "max_zoom": 24, "offset_rank": 0}}, {"type": "Feature", "bbox": [139.41238, 35.69802, 139.41516, 35.69803], "geometry": {"type": "LineString", "coordinates": [[139.41516, 35.69803], [139.41505, 35.69803], [139.41254, 35.69802], [139.41238, 35.69802]]}, "properties": {"id": "GEOM_TOKYO_2691", "route_id": "R_3F47F0D7", "route_name": null, "route_color": "#F15A24", "route_text_color": null, "line_name": "中央線", "operator_id": "jr_east", "representation": "service_path", "min_zoom": 0, "max_zoom": 24, "offset_rank": 0}}, {"type": "Feature", "bbox": [139.55959, 35.70268, 139.56169, 35.70271], "geometry": {"type": "LineString", "coordinates": [[139.55959, 35.70268], [139.56058, 35.70269], [139.56067, 35.70269], [139.56101, 35.7027], [139.56169, 35.70271]]}, "properties": {"id": "GEOM_TOKYO_2692", "route_id": "R_3F47F0D7", "route_name": null, "route_color": "#F15A24", "route_text_color": null, "line_name": "中央線", "operator_id": "jr_east", "representation": "service_path", "min_zoom": 0, "max_zoom": 24, "offset_rank": 0}}, {"type": "Feature", "bbox": [139.41516, 35.69778, 139.41708, 35.69808], "geometry": {"type": "LineString", "coordinates": [[139.41516, 35.69778], [139.41581, 35.69788], [139.41708, 35.69808]]}, "properties": {"id": "GEOM_TOKYO_2693", "route_id": "R_3F47F0D7", "route_name": null, "route_color": "#F15A24", "route_text_color": null, "line_name": "中央線", "operator_id": "jr_east", "representation": "service_path", "min_zoom": 0, "max_zoom": 24, "offset_rank": 0}}, {"type": "Feature", "bbox": [139.38242, 35.66008, 139.39303, 35.67778], "geometry": {"type": "LineString", "coordinates": [[139.39303, 35.67778], [139.39281, 35.67737], [139.39265, 35.677], [139.39245, 35.67641], [139.39218, 35.67542], [139.39092, 35.6709], [139.39067, 35.6699], [139.39044, 35.66909], [139.39013, 35.66802], [139.38983, 35.66715], [139.38958, 35.6666], [139.3892, 35.66592], [139.38891, 35.66545], [139.38847, 35.66483], [139.38815, 35.66443], [139.38767, 35.66388], [139.38734, 35.66355], [139.38691, 35.66313], [139.38642, 35.6627], [139.38594, 35.66233], [139.3856, 35.6621], [139.38499, 35.66169], [139.38405, 35.66111], [139.38242, 35.66008]]}, "properties": {"id": "GEOM_TOKYO_2694", "route_id": "R_3F47F0D7", "route_name": null, "route_color": "#F15A24", "route_text_color": null, "line_name": "中央線", "operator_id": "jr_east", "representation": "service_path", "min_zoom": 0, "max_zoom": 24, "offset_rank": 0}}, {"type": "Feature", "bbox": [139.38049, 35.65882, 139.38242, 35.66008], "geometry": {"type": "LineString", "coordinates": [[139.38049, 35.65882], [139.3814, 35.65942], [139.38164, 35.65957], [139.38242, 35.66008]]}, "properties": {"id": "GEOM_TOKYO_2695", "route_id": "R_3F47F0D7", "route_name": null, "route_color": "#F15A24", "route_text_color": null, "line_name": "中央線", "operator_id": "jr_east", "representation": "service_path", "min_zoom": 0, "max_zoom": 24, "offset_rank": 0}}, {"type": "Feature", "bbox": [139.39303, 35.67778, 139.39383, 35.67931], "geometry": {"type": "LineString", "coordinates": [[139.39383, 35.67931], [139.39365, 35.67896], [139.39348, 35.67865], [139.39303, 35.67778]]}, "properties": {"id": "GEOM_TOKYO_2696", "route_id": "R_3F47F0D7", "route_name": null, "route_color": "#F15A24", "route_text_color": null, "line_name": "中央線", "operator_id": "jr_east", "representation": "service_path", "min_zoom": 0, "max_zoom": 24, "offset_rank": 0}}, {"type": "Feature", "bbox": [139.31299, 35.65574, 139.33754, 35.65931], "geometry": {"type": "LineString", "coordinates": [[139.33754, 35.65574], [139.33663, 35.6559], [139.33625, 35.65596], [139.33592, 35.65601], [139.33572, 35.65605], [139.33495, 35.65617], [139.33418, 35.65631], [139.33383, 35.65638], [139.33328, 35.65647], [139.33223, 35.65661], [139.33143, 35.6567], [139.33011, 35.65684], [139.32956, 35.65689], [139.32922, 35.65694], [139.32887, 35.657], [139.32852, 35.65708], [139.32799, 35.6572], [139.32718, 35.6574], [139.32508, 35.65791], [139.32384, 35.65824], [139.32307, 35.65843], [139.32222, 35.65863], [139.3205, 35.65906], [139.31956, 35.65928], [139.31918, 35.65931], [139.31885, 35.65931], [139.31849, 35.6593], [139.31784, 35.65921], [139.3175, 35.65912], [139.31719, 35.65902], [139.31694, 35.65892], [139.31666, 35.65877], [139.31555, 35.65817], [139.31436, 35.65754], [139.31299, 35.65681]]}, "properties": {"id": "GEOM_TOKYO_2697", "route_id": "R_3F47F0D7", "route_name": null, "route_color": "#F15A24", "route_text_color": null, "line_name": "中央線", "operator_id": "jr_east", "representation": "service_path", "min_zoom": 0, "max_zoom": 24, "offset_rank": 0}}, {"type": "Feature", "bbox": [139.31102, 35.65574, 139.31299, 35.65681], "geometry": {"type": "LineString", "coordinates": [[139.31299, 35.65681], [139.31102, 35.65574]]}, "properties": {"id": "GEOM_TOKYO_2698", "route_id": "R_3F47F0D7", "route_name": null, "route_color": "#F15A24", "route_text_color": null, "line_name": "中央線", "operator_id": "jr_east", "representation": "service_path", "min_zoom": 0, "max_zoom": 24, "offset_rank": 0}}, {"type": "Feature", "bbox": [139.33754, 35.65527, 139.3401, 35.65574], "geometry": {"type": "LineString", "coordinates": [[139.3401, 35.65527], [139.339, 35.65547], [139.33754, 35.65574]]}, "properties": {"id": "GEOM_TOKYO_2699", "route_id": "R_3F47F0D7", "route_name": null, "route_color": "#F15A24", "route_text_color": null, "line_name": "中央線", "operator_id": "jr_east", "representation": "service_path", "min_zoom": 0, "max_zoom": 24, "offset_rank": 0}}, {"type": "Feature", "bbox": [139.3401, 35.65428, 139.34577, 35.65527], "geometry": {"type": "LineString", "coordinates": [[139.34577, 35.65428], [139.34456, 35.65451], [139.34409, 35.65459], [139.34377, 35.65464], [139.34316, 35.65474], [139.3427, 35.65482], [139.34134, 35.65505], [139.3401, 35.65527]]}, "properties": {"id": "GEOM_TOKYO_2700", "route_id": "R_3F47F0D7", "route_name": null, "route_color": "#F15A24", "route_text_color": null, "line_name": "中央線", "operator_id": "jr_east", "representation": "service_path", "min_zoom": 0, "max_zoom": 24, "offset_rank": 0}}, {"type": "Feature", "bbox": [138.57021, 35.65978, 138.59802, 35.66677], "geometry": {"type": "LineString", "coordinates": [[138.59802, 35.65978], [138.59677, 35.65992], [138.59663, 35.65993], [138.5952, 35.66008], [138.59504, 35.6601], [138.59362, 35.66025], [138.59208, 35.6604], [138.59137, 35.66047], [138.59106, 35.6605], [138.5905, 35.66055], [138.58895, 35.66072], [138.58812, 35.6608], [138.58751, 35.66087], [138.58737, 35.66088], [138.58729, 35.66089], [138.5858, 35.66104], [138.58425, 35.66121], [138.58209, 35.66143], [138.58111, 35.66155], [138.58065, 35.66163], [138.57994, 35.66179], [138.57979, 35.66184], [138.57964, 35.6619], [138.57951, 35.66198], [138.57938, 35.66207], [138.57895, 35.66241], [138.57868, 35.66261], [138.57858, 35.66268], [138.57802, 35.66311], [138.57779, 35.66328], [138.5776, 35.66343], [138.57748, 35.66352], [138.57743, 35.66356], [138.5765, 35.66428], [138.57634, 35.6644], [138.57614, 35.66455], [138.57587, 35.66475], [138.57541, 35.66508], [138.57521, 35.66522], [138.57498, 35.66536], [138.57475, 35.66549], [138.57447, 35.66563], [138.57417, 35.66575], [138.57385, 35.66586], [138.57376, 35.66589], [138.57337, 35.666], [138.57293, 35.66612], [138.57195, 35.66634], [138.57021, 35.66677]]}, "properties": {"id": "GEOM_TOKYO_2701", "route_id": "R_3F47F0D7", "route_name": null, "route_color": "#F15A24", "route_text_color": null, "line_name": "中央線", "operator_id": "jr_east", "representation": "service_path", "min_zoom": 0, "max_zoom": 24, "offset_rank": 0}}, {"type": "Feature", "bbox": [138.46313, 35.69391, 138.47673, 35.69994], "geometry": {"type": "LineString", "coordinates": [[138.46313, 35.69994], [138.46379, 35.69977], [138.46399, 35.6997], [138.46516, 35.69923], [138.46538, 35.69914], [138.46552, 35.6991], [138.46559, 35.69908], [138.46588, 35.699], [138.46625, 35.69894], [138.46672, 35.69888], [138.46726, 35.69883], [138.46746, 35.69881], [138.46821, 35.69876], [138.46831, 35.69875], [138.46838, 35.69874], [138.46884, 35.69871], [138.46917, 35.69867], [138.4695, 35.69862], [138.46978, 35.69856], [138.4701, 35.69846], [138.47044, 35.69834], [138.4708, 35.69819], [138.4711, 35.69805], [138.47142, 35.6979], [138.47177, 35.69772], [138.47216, 35.69752], [138.47223, 35.69748], [138.47247, 35.69733], [138.47284, 35.69707], [138.47333, 35.6967], [138.47375, 35.69633], [138.47425, 35.69592], [138.47481, 35.6955], [138.47534, 35.69509], [138.47579, 35.69473], [138.47601, 35.69453], [138.47637, 35.69423], [138.47657, 35.69405], [138.47673, 35.69391]]}, "properties": {"id": "GEOM_TOKYO_2704", "route_id": "R_3F47F0D7", "route_name": null, "route_color": "#F15A24", "route_text_color": null, "line_name": "中央線", "operator_id": "jr_east", "representation": "service_path", "min_zoom": 0, "max_zoom": 24, "offset_rank": 0}}, {"type": "Feature", "bbox": [138.56731, 35.66677, 138.57021, 35.66748], "geometry": {"type": "LineString", "coordinates": [[138.57021, 35.66677], [138.56731, 35.66748]]}, "properties": {"id": "GEOM_TOKYO_2705", "route_id": "R_3F47F0D7", "route_name": null, "route_color": "#F15A24", "route_text_color": null, "line_name": "中央線", "operator_id": "jr_east", "representation": "service_path", "min_zoom": 0, "max_zoom": 24, "offset_rank": 0}}, {"type": "Feature", "bbox": [138.74015, 35.68096, 138.74376, 35.69254], "geometry": {"type": "LineString", "coordinates": [[138.74112, 35.68096], [138.74093, 35.68134], [138.74092, 35.68136], [138.74081, 35.68166], [138.74078, 35.68174], [138.74076, 35.68177], [138.74068, 35.68197], [138.74056, 35.68235], [138.7403, 35.68323], [138.74019, 35.68372], [138.74015, 35.68417], [138.74015, 35.6844], [138.7402, 35.68474], [138.74022, 35.68485], [138.74029, 35.68502], [138.7404, 35.68523], [138.7405, 35.68538], [138.74107, 35.68623], [138.74156, 35.68687], [138.74168, 35.68709], [138.74174, 35.68722], [138.74207, 35.68811], [138.74224, 35.6886], [138.74262, 35.68997], [138.74301, 35.69104], [138.74348, 35.69206], [138.74376, 35.69254]]}, "properties": {"id": "GEOM_TOKYO_2706", "route_id": "R_3F47F0D7", "route_name": null, "route_color": "#F15A24", "route_text_color": null, "line_name": "中央線", "operator_id": "jr_east", "representation": "service_path", "min_zoom": 0, "max_zoom": 24, "offset_rank": 0}}, {"type": "Feature", "bbox": [138.73627, 35.70466, 138.74002, 35.70523], "geometry": {"type": "LineString", "coordinates": [[138.73627, 35.70523], [138.73675, 35.70519], [138.73852, 35.70501], [138.73859, 35.705], [138.73885, 35.70496], [138.73901, 35.70493], [138.73929, 35.70488], [138.73954, 35.70483], [138.73974, 35.70477], [138.74002, 35.70466]]}, "properties": {"id": "GEOM_TOKYO_2707", "route_id": "R_3F47F0D7", "route_name": null, "route_color": "#F15A24", "route_text_color": null, "line_name": "中央線", "operator_id": "jr_east", "representation": "service_path", "min_zoom": 0, "max_zoom": 24, "offset_rank": 0}}, {"type": "Feature", "bbox": [138.41445, 35.74304, 138.42357, 35.74927], "geometry": {"type": "LineString", "coordinates": [[138.41445, 35.74927], [138.41465, 35.7486], [138.41487, 35.7479], [138.41488, 35.74786], [138.41493, 35.74766], [138.41498, 35.74745], [138.41506, 35.74725], [138.41516, 35.74704], [138.41529, 35.74683], [138.41543, 35.7466], [138.4156, 35.74637], [138.41577, 35.74619], [138.41596, 35.74601], [138.41619, 35.74583], [138.41642, 35.74565], [138.41668, 35.74548], [138.41694, 35.7453], [138.41724, 35.74512], [138.41753, 35.74493], [138.41783, 35.74476], [138.41818, 35.74454], [138.41852, 35.74434], [138.42005, 35.74349], [138.42038, 35.74335], [138.42072, 35.74323], [138.42105, 35.74315], [138.42147, 35.74309], [138.42184, 35.74306], [138.42209, 35.74305], [138.42227, 35.74304], [138.4227, 35.74307], [138.42319, 35.74315], [138.42357, 35.74321]]}, "properties": {"id": "GEOM_TOKYO_2708", "route_id": "R_3F47F0D7", "route_name": null, "route_color": "#F15A24", "route_text_color": null, "line_name": "中央線", "operator_id": "jr_east", "representation": "service_path", "min_zoom": 0, "max_zoom": 24, "offset_rank": 0}}, {"type": "Feature", "bbox": [138.60059, 35.65617, 138.63331, 35.65922], "geometry": {"type": "LineString", "coordinates": [[138.63331, 35.65748], [138.63283, 35.65746], [138.63149, 35.65739], [138.63113, 35.65737], [138.62658, 35.65714], [138.62511, 35.65705], [138.62188, 35.65686], [138.61981, 35.65676], [138.61842, 35.65668], [138.61713, 35.65661], [138.61555, 35.65653], [138.61398, 35.65645], [138.61243, 35.65638], [138.6122, 35.65637], [138.61179, 35.65635], [138.61086, 35.6563], [138.60929, 35.65622], [138.60842, 35.65617], [138.60764, 35.65617], [138.60728, 35.65619], [138.607, 35.65623], [138.60671, 35.65629], [138.60645, 35.65637], [138.60617, 35.65648], [138.60596, 35.65657], [138.60489, 35.65708], [138.60396, 35.65753], [138.60302, 35.65801], [138.60218, 35.65842], [138.6018, 35.65861], [138.60146, 35.65878], [138.60059, 35.65922]]}, "properties": {"id": "GEOM_TOKYO_2709", "route_id": "R_3F47F0D7", "route_name": null, "route_color": "#F15A24", "route_text_color": null, "line_name": "中央線", "operator_id": "jr_east", "representation": "service_path", "min_zoom": 0, "max_zoom": 24, "offset_rank": 0}}, {"type": "Feature", "bbox": [138.65866, 35.67321, 138.6593, 35.67372], "geometry": {"type": "LineString", "coordinates": [[138.6593, 35.67372], [138.65866, 35.67321]]}, "properties": {"id": "GEOM_TOKYO_2712", "route_id": "R_3F47F0D7", "route_name": null, "route_color": "#F15A24", "route_text_color": null, "line_name": "中央線", "operator_id": "jr_east", "representation": "service_path", "min_zoom": 0, "max_zoom": 24, "offset_rank": 0}}, {"type": "Feature", "bbox": [138.41445, 35.74321, 138.42357, 35.74927], "geometry": {"type": "LineString", "coordinates": [[138.41445, 35.74927], [138.41475, 35.74867], [138.41507, 35.74796], [138.41534, 35.74746], [138.4155, 35.74719], [138.41561, 35.74706], [138.41576, 35.74693], [138.41619, 35.74658], [138.41675, 35.74617], [138.41731, 35.74582], [138.41843, 35.74516], [138.41886, 35.7449], [138.41887, 35.74489], [138.41966, 35.74447], [138.4205, 35.74403], [138.42131, 35.74363], [138.42168, 35.7435], [138.42208, 35.7434], [138.42276, 35.74327], [138.423, 35.74325], [138.42357, 35.74321]]}, "properties": {"id": "GEOM_TOKYO_2713", "route_id": "R_3F47F0D7", "route_name": null, "route_color": "#F15A24", "route_text_color": null, "line_name": "中央線", "operator_id": "jr_east", "representation": "service_path", "min_zoom": 0, "max_zoom": 24, "offset_rank": 0}}, {"type": "Feature", "bbox": [138.45036, 35.70848, 138.45244, 35.71065], "geometry": {"type": "LineString", "coordinates": [[138.45244, 35.70848], [138.45226, 35.70869], [138.45197, 35.70902], [138.45183, 35.70918], [138.45121, 35.70989], [138.45113, 35.70997], [138.45103, 35.71006], [138.45097, 35.71012], [138.45095, 35.71013], [138.4507, 35.71036], [138.45036, 35.71065]]}, "properties": {"id": "GEOM_TOKYO_2714", "route_id": "R_3F47F0D7", "route_name": null, "route_color": "#F15A24", "route_text_color": null, "line_name": "中央線", "operator_id": "jr_east", "representation": "service_path", "min_zoom": 0, "max_zoom": 24, "offset_rank": 0}}, {"type": "Feature", "bbox": [138.70339, 35.69452, 138.73324, 35.70622], "geometry": {"type": "LineString", "coordinates": [[138.73324, 35.7055], [138.73163, 35.70569], [138.73104, 35.70573], [138.72944, 35.70592], [138.72905, 35.70596], [138.72767, 35.7061], [138.72669, 35.70619], [138.72628, 35.7062], [138.72578, 35.70622], [138.72535, 35.70621], [138.72497, 35.70616], [138.72464, 35.70609], [138.72427, 35.70597], [138.72368, 35.70573], [138.72275, 35.70527], [138.7215, 35.70458], [138.72036, 35.70396], [138.71981, 35.70365], [138.71849, 35.70292], [138.71704, 35.70212], [138.71603, 35.70156], [138.71453, 35.70072], [138.71289, 35.69981], [138.7119, 35.69926], [138.7112, 35.69888], [138.71061, 35.69855], [138.70805, 35.69711], [138.70712, 35.69659], [138.70635, 35.69615], [138.70545, 35.69567], [138.70339, 35.69452]]}, "properties": {"id": "GEOM_TOKYO_2715", "route_id": "R_3F47F0D7", "route_name": null, "route_color": "#F15A24", "route_text_color": null, "line_name": "中央線", "operator_id": "jr_east", "representation": "service_path", "min_zoom": 0, "max_zoom": 24, "offset_rank": 0}}, {"type": "Feature", "bbox": [138.74058, 35.68096, 138.74376, 35.69254], "geometry": {"type": "LineString", "coordinates": [[138.74112, 35.68096], [138.74104, 35.68135], [138.74103, 35.68137], [138.74096, 35.68168], [138.74094, 35.68181], [138.74092, 35.68188], [138.74087, 35.68213], [138.74079, 35.6824], [138.74073, 35.68267], [138.74058, 35.68376], [138.74058, 35.68411], [138.74065, 35.68467], [138.7408, 35.68518], [138.74103, 35.68562], [138.74182, 35.68686], [138.74191, 35.68703], [138.74226, 35.68793], [138.74276, 35.6893], [138.74352, 35.69159], [138.74363, 35.69197], [138.74376, 35.69254]]}, "properties": {"id": "GEOM_TOKYO_2716", "route_id": "R_3F47F0D7", "route_name": null, "route_color": "#F15A24", "route_text_color": null, "line_name": "中央線", "operator_id": "jr_east", "representation": "service_path", "min_zoom": 0, "max_zoom": 24, "offset_rank": 0}}, {"type": "Feature", "bbox": [138.70272, 35.69416, 138.70339, 35.69452], "geometry": {"type": "LineString", "coordinates": [[138.70339, 35.69452], [138.70272, 35.69416]]}, "properties": {"id": "GEOM_TOKYO_2718", "route_id": "R_3F47F0D7", "route_name": null, "route_color": "#F15A24", "route_text_color": null, "line_name": "中央線", "operator_id": "jr_east", "representation": "service_path", "min_zoom": 0, "max_zoom": 24, "offset_rank": 0}}, {"type": "Feature", "bbox": [138.59802, 35.65922, 138.60059, 35.65978], "geometry": {"type": "LineString", "coordinates": [[138.60059, 35.65922], [138.60031, 35.65935], [138.60011, 35.65943], [138.59988, 35.65951], [138.59961, 35.65957], [138.59934, 35.65963], [138.59904, 35.65968], [138.5988, 35.65971], [138.59802, 35.65978]]}, "properties": {"id": "GEOM_TOKYO_2719", "route_id": "R_3F47F0D7", "route_name": null, "route_color": "#F15A24", "route_text_color": null, "line_name": "中央線", "operator_id": "jr_east", "representation": "service_path", "min_zoom": 0, "max_zoom": 24, "offset_rank": 0}}, {"type": "Feature", "bbox": [138.45244, 35.69994, 138.46313, 35.70848], "geometry": {"type": "LineString", "coordinates": [[138.45244, 35.70848], [138.45246, 35.70845], [138.45321, 35.70751], [138.45389, 35.70667], [138.454, 35.70653], [138.45417, 35.70632], [138.45513, 35.70512], [138.45548, 35.7047], [138.45564, 35.70451], [138.45582, 35.7043], [138.45616, 35.70394], [138.45675, 35.7033], [138.45688, 35.70316], [138.45691, 35.70314], [138.45732, 35.70276], [138.45752, 35.70261], [138.45775, 35.70247], [138.45821, 35.70224], [138.45837, 35.70216], [138.4589, 35.7019], [138.46046, 35.70116], [138.46203, 35.70044], [138.46313, 35.69994]]}, "properties": {"id": "GEOM_TOKYO_2720", "route_id": "R_3F47F0D7", "route_name": null, "route_color": "#F15A24", "route_text_color": null, "line_name": "中央線", "operator_id": "jr_east", "representation": "service_path", "min_zoom": 0, "max_zoom": 24, "offset_rank": 0}}, {"type": "Feature", "bbox": [138.74002, 35.70242, 138.74286, 35.70466], "geometry": {"type": "LineString", "coordinates": [[138.74002, 35.70466], [138.74054, 35.70439], [138.74105, 35.70406], [138.74114, 35.704], [138.74166, 35.70358], [138.74177, 35.70349], [138.74225, 35.70307], [138.7425, 35.70285], [138.74267, 35.70263], [138.74286, 35.70242]]}, "properties": {"id": "GEOM_TOKYO_2724", "route_id": "R_3F47F0D7", "route_name": null, "route_color": "#F15A24", "route_text_color": null, "line_name": "中央線", "operator_id": "jr_east", "representation": "service_path", "min_zoom": 0, "max_zoom": 24, "offset_rank": 0}}, {"type": "Feature", "bbox": [138.68435, 35.68489, 138.70272, 35.69416], "geometry": {"type": "LineString", "coordinates": [[138.70272, 35.69416], [138.7014, 35.69344], [138.69984, 35.69256], [138.69882, 35.69199], [138.69714, 35.69107], [138.69616, 35.69054], [138.69493, 35.68986], [138.69391, 35.68929], [138.6939, 35.68929], [138.69304, 35.68881], [138.6926, 35.68857], [138.68986, 35.68704], [138.68893, 35.68652], [138.68819, 35.68612], [138.6876, 35.68582], [138.68684, 35.68546], [138.68632, 35.68526], [138.68598, 35.68516], [138.68545, 35.68503], [138.68494, 35.68495], [138.68435, 35.68489]]}, "properties": {"id": "GEOM_TOKYO_2725", "route_id": "R_3F47F0D7", "route_name": null, "route_color": "#F15A24", "route_text_color": null, "line_name": "中央線", "operator_id": "jr_east", "representation": "service_path", "min_zoom": 0, "max_zoom": 24, "offset_rank": 0}}, {"type": "Feature", "bbox": [138.52076, 35.66748, 138.56731, 35.66974], "geometry": {"type": "LineString", "coordinates": [[138.56731, 35.66748], [138.5657, 35.66787], [138.56495, 35.66805], [138.56422, 35.66823], [138.56352, 35.66841], [138.56298, 35.66854], [138.56274, 35.6686], [138.56268, 35.66862], [138.56126, 35.66895], [138.56122, 35.66896], [138.56111, 35.66899], [138.56079, 35.66907], [138.56068, 35.6691], [138.55979, 35.66932], [138.55901, 35.66952], [138.55832, 35.66964], [138.55764, 35.66971], [138.55667, 35.66974], [138.55482, 35.66971], [138.55445, 35.6697], [138.55404, 35.66969], [138.55389, 35.66969], [138.55341, 35.66968], [138.55094, 35.66963], [138.5495, 35.66958], [138.54931, 35.66957], [138.54886, 35.66956], [138.54812, 35.66954], [138.54652, 35.66949], [138.54445, 35.66943], [138.54208, 35.66936], [138.53617, 35.66917], [138.53337, 35.66909], [138.53322, 35.66909], [138.53027, 35.669], [138.5273, 35.66891], [138.52445, 35.66883], [138.52407, 35.66882], [138.52291, 35.66878], [138.52248, 35.66877], [138.52236, 35.66877], [138.52218, 35.66876], [138.52076, 35.66872]]}, "properties": {"id": "GEOM_TOKYO_2726", "route_id": "R_3F47F0D7", "route_name": null, "route_color": "#F15A24", "route_text_color": null, "line_name": "中央線", "operator_id": "jr_east", "representation": "service_path", "min_zoom": 0, "max_zoom": 24, "offset_rank": 0}}, {"type": "Feature", "bbox": [138.4871, 35.68703, 138.48855, 35.68842], "geometry": {"type": "LineString", "coordinates": [[138.48855, 35.68703], [138.48805, 35.68751], [138.4876, 35.68794], [138.48748, 35.68805], [138.4871, 35.68842]]}, "properties": {"id": "GEOM_TOKYO_2727", "route_id": "R_3F47F0D7", "route_name": null, "route_color": "#F15A24", "route_text_color": null, "line_name": "中央線", "operator_id": "jr_east", "representation": "service_path", "min_zoom": 0, "max_zoom": 24, "offset_rank": 0}}, {"type": "Feature", "bbox": [138.43256, 35.73572, 138.43373, 35.73802], "geometry": {"type": "LineString", "coordinates": [[138.43256, 35.73572], [138.43312, 35.73677], [138.4333, 35.73713], [138.43373, 35.73802]]}, "properties": {"id": "GEOM_TOKYO_2728", "route_id": "R_3F47F0D7", "route_name": null, "route_color": "#F15A24", "route_text_color": null, "line_name": "中央線", "operator_id": "jr_east", "representation": "service_path", "min_zoom": 0, "max_zoom": 24, "offset_rank": 0}}, {"type": "Feature", "bbox": [138.73324, 35.70523, 138.73627, 35.7055], "geometry": {"type": "LineString", "coordinates": [[138.73627, 35.70523], [138.73416, 35.70542], [138.73324, 35.7055]]}, "properties": {"id": "GEOM_TOKYO_2730", "route_id": "R_3F47F0D7", "route_name": null, "route_color": "#F15A24", "route_text_color": null, "line_name": "中央線", "operator_id": "jr_east", "representation": "service_path", "min_zoom": 0, "max_zoom": 24, "offset_rank": 0}}, {"type": "Feature", "bbox": [138.41426, 35.74927, 138.41445, 35.74985], "geometry": {"type": "LineString", "coordinates": [[138.41426, 35.74985], [138.41445, 35.74927]]}, "properties": {"id": "GEOM_TOKYO_2731", "route_id": "R_3F47F0D7", "route_name": null, "route_color": "#F15A24", "route_text_color": null, "line_name": "中央線", "operator_id": "jr_east", "representation": "service_path", "min_zoom": 0, "max_zoom": 24, "offset_rank": 0}}, {"type": "Feature", "bbox": [138.6593, 35.67372, 138.6816, 35.68609], "geometry": {"type": "LineString", "coordinates": [[138.6816, 35.68521], [138.68145, 35.68524], [138.68122, 35.68529], [138.68112, 35.68532], [138.68025, 35.68552], [138.68022, 35.68552], [138.68014, 35.68554], [138.67921, 35.68576], [138.67895, 35.68583], [138.6785, 35.68591], [138.67792, 35.68601], [138.67731, 35.68607], [138.67686, 35.68609], [138.67619, 35.68606], [138.67563, 35.68598], [138.67516, 35.68588], [138.67486, 35.68577], [138.67447, 35.6856], [138.67405, 35.68536], [138.67356, 35.68504], [138.6726, 35.68434], [138.67204, 35.68389], [138.67087, 35.68295], [138.6693, 35.68169], [138.66849, 35.68104], [138.66694, 35.67981], [138.66501, 35.67827], [138.66403, 35.67752], [138.66344, 35.67704], [138.66295, 35.67664], [138.66255, 35.67632], [138.6593, 35.67372]]}, "properties": {"id": "GEOM_TOKYO_2733", "route_id": "R_3F47F0D7", "route_name": null, "route_color": "#F15A24", "route_text_color": null, "line_name": "中央線", "operator_id": "jr_east", "representation": "service_path", "min_zoom": 0, "max_zoom": 24, "offset_rank": 0}}, {"type": "Feature", "bbox": [138.63566, 35.65757, 138.65866, 35.67321], "geometry": {"type": "LineString", "coordinates": [[138.65866, 35.67321], [138.65446, 35.66988], [138.65433, 35.66977], [138.65382, 35.66937], [138.65333, 35.66896], [138.65147, 35.66748], [138.65129, 35.66733], [138.65114, 35.66721], [138.65011, 35.66639], [138.64765, 35.66441], [138.64652, 35.66353], [138.64578, 35.66292], [138.6455, 35.66272], [138.64434, 35.66176], [138.64324, 35.66089], [138.64283, 35.66056], [138.64223, 35.66009], [138.6414, 35.65941], [138.64075, 35.65892], [138.64025, 35.65859], [138.64008, 35.6585], [138.63968, 35.65832], [138.63929, 35.65813], [138.63926, 35.65813], [138.63905, 35.65804], [138.63885, 35.65798], [138.63846, 35.65786], [138.63797, 35.65774], [138.63681, 35.65766], [138.63566, 35.65757]]}, "properties": {"id": "GEOM_TOKYO_2735", "route_id": "R_3F47F0D7", "route_name": null, "route_color": "#F15A24", "route_text_color": null, "line_name": "中央線", "operator_id": "jr_east", "representation": "service_path", "min_zoom": 0, "max_zoom": 24, "offset_rank": 0}}, {"type": "Feature", "bbox": [138.74286, 35.69254, 138.74421, 35.70242], "geometry": {"type": "LineString", "coordinates": [[138.74286, 35.70242], [138.74301, 35.70206], [138.74318, 35.70158], [138.74337, 35.70096], [138.74347, 35.7003], [138.74388, 35.69757], [138.74408, 35.69637], [138.7441, 35.69621], [138.74416, 35.69582], [138.74417, 35.69569], [138.74419, 35.69555], [138.7442, 35.69541], [138.74421, 35.69519], [138.7442, 35.69477], [138.74417, 35.69447], [138.74414, 35.69408], [138.74406, 35.69377], [138.74393, 35.6932], [138.74388, 35.693], [138.74383, 35.69278], [138.74376, 35.69254]]}, "properties": {"id": "GEOM_TOKYO_2739", "route_id": "R_3F47F0D7", "route_name": null, "route_color": "#F15A24", "route_text_color": null, "line_name": "中央線", "operator_id": "jr_east", "representation": "service_path", "min_zoom": 0, "max_zoom": 24, "offset_rank": 0}}, {"type": "Feature", "bbox": [138.74322, 35.67086, 138.74344, 35.67162], "geometry": {"type": "LineString", "coordinates": [[138.74322, 35.67162], [138.74328, 35.67135], [138.74336, 35.67107], [138.74344, 35.67086]]}, "properties": {"id": "GEOM_TOKYO_2741", "route_id": "R_3F47F0D7", "route_name": null, "route_color": "#F15A24", "route_text_color": null, "line_name": "中央線", "operator_id": "jr_east", "representation": "service_path", "min_zoom": 0, "max_zoom": 24, "offset_rank": 0}}, {"type": "Feature", "bbox": [138.6816, 35.68489, 138.68435, 35.68521], "geometry": {"type": "LineString", "coordinates": [[138.68435, 35.68489], [138.68354, 35.68493], [138.68255, 35.68504], [138.68214, 35.6851], [138.6816, 35.68521]]}, "properties": {"id": "GEOM_TOKYO_2742", "route_id": "R_3F47F0D7", "route_name": null, "route_color": "#F15A24", "route_text_color": null, "line_name": "中央線", "operator_id": "jr_east", "representation": "service_path", "min_zoom": 0, "max_zoom": 24, "offset_rank": 0}}, {"type": "Feature", "bbox": [138.74321, 35.67162, 138.74334, 35.67406], "geometry": {"type": "LineString", "coordinates": [[138.74322, 35.67162], [138.74321, 35.67222], [138.74323, 35.67288], [138.74325, 35.67309], [138.74327, 35.67338], [138.74327, 35.67344], [138.74334, 35.67406]]}, "properties": {"id": "GEOM_TOKYO_2745", "route_id": "R_3F47F0D7", "route_name": null, "route_color": "#F15A24", "route_text_color": null, "line_name": "中央線", "operator_id": "jr_east", "representation": "service_path", "min_zoom": 0, "max_zoom": 24, "offset_rank": 0}}, {"type": "Feature", "bbox": [138.74112, 35.67406, 138.74336, 35.68096], "geometry": {"type": "LineString", "coordinates": [[138.74334, 35.67406], [138.74336, 35.67449], [138.74333, 35.67484], [138.74329, 35.67515], [138.74319, 35.67562], [138.74294, 35.67635], [138.74259, 35.67722], [138.74253, 35.6774], [138.7424, 35.67772], [138.74189, 35.67898], [138.74162, 35.67964], [138.74122, 35.68065], [138.74112, 35.68096]]}, "properties": {"id": "GEOM_TOKYO_2747", "route_id": "R_3F47F0D7", "route_name": null, "route_color": "#F15A24", "route_text_color": null, "line_name": "中央線", "operator_id": "jr_east", "representation": "service_path", "min_zoom": 0, "max_zoom": 24, "offset_rank": 0}}, {"type": "Feature", "bbox": [138.43232, 35.71659, 138.44613, 35.73572], "geometry": {"type": "LineString", "coordinates": [[138.43256, 35.73572], [138.43244, 35.73544], [138.43237, 35.73517], [138.43234, 35.73496], [138.43232, 35.73454], [138.43232, 35.73442], [138.43235, 35.73402], [138.43241, 35.73357], [138.43246, 35.73341], [138.43254, 35.73323], [138.43271, 35.73295], [138.43302, 35.73251], [138.43345, 35.73203], [138.43392, 35.7316], [138.43439, 35.73125], [138.43494, 35.73084], [138.43592, 35.7301], [138.43626, 35.72986], [138.43649, 35.72968], [138.437, 35.72931], [138.43738, 35.72906], [138.43804, 35.72866], [138.43871, 35.72824], [138.43921, 35.72793], [138.43962, 35.72766], [138.44019, 35.72723], [138.44044, 35.72703], [138.4406, 35.7269], [138.44085, 35.72663], [138.44097, 35.72647], [138.44107, 35.72628], [138.44118, 35.72605], [138.44129, 35.72576], [138.4414, 35.72548], [138.44149, 35.72523], [138.44158, 35.72499], [138.44168, 35.7246], [138.44174, 35.72433], [138.4418, 35.72412], [138.44184, 35.72397], [138.44194, 35.7237], [138.44211, 35.72331], [138.44231, 35.72289], [138.4426, 35.72241], [138.44305, 35.7217], [138.44349, 35.72102], [138.44354, 35.72095], [138.44387, 35.7205], [138.44448, 35.7197], [138.44454, 35.71962], [138.44465, 35.71948], [138.44479, 35.7193], [138.44484, 35.71924], [138.44491, 35.71915], [138.44499, 35.71904], [138.44517, 35.71875], [138.44547, 35.71814], [138.44556, 35.7179], [138.44595, 35.71694], [138.44612, 35.7166], [138.44613, 35.71659]]}, "properties": {"id": "GEOM_TOKYO_2748", "route_id": "R_3F47F0D7", "route_name": null, "route_color": "#F15A24", "route_text_color": null, "line_name": "中央線", "operator_id": "jr_east", "representation": "service_path", "min_zoom": 0, "max_zoom": 24, "offset_rank": 0}}, {"type": "Feature", "bbox": [138.74002, 35.70242, 138.74286, 35.70466], "geometry": {"type": "LineString", "coordinates": [[138.74002, 35.70466], [138.7404, 35.70457], [138.74086, 35.70437], [138.7412, 35.70417], [138.7413, 35.7041], [138.74174, 35.70378], [138.74183, 35.7037], [138.7422, 35.70337], [138.74263, 35.70286], [138.74277, 35.70265], [138.74286, 35.70242]]}, "properties": {"id": "GEOM_TOKYO_2750", "route_id": "R_3F47F0D7", "route_name": null, "route_color": "#F15A24", "route_text_color": null, "line_name": "中央線", "operator_id": "jr_east", "representation": "service_path", "min_zoom": 0, "max_zoom": 24, "offset_rank": 0}}, {"type": "Feature", "bbox": [138.44613, 35.71135, 138.44949, 35.71659], "geometry": {"type": "LineString", "coordinates": [[138.44613, 35.71659], [138.44647, 35.71611], [138.44675, 35.71578], [138.44716, 35.71528], [138.44748, 35.7148], [138.44758, 35.7146], [138.44803, 35.71345], [138.44837, 35.71267], [138.44846, 35.71254], [138.44868, 35.71226], [138.44949, 35.71135]]}, "properties": {"id": "GEOM_TOKYO_2754", "route_id": "R_3F47F0D7", "route_name": null, "route_color": "#F15A24", "route_text_color": null, "line_name": "中央線", "operator_id": "jr_east", "representation": "service_path", "min_zoom": 0, "max_zoom": 24, "offset_rank": 0}}, {"type": "Feature", "bbox": [138.3951, 35.75225, 138.41574, 35.78987], "geometry": {"type": "LineString", "coordinates": [[138.41352, 35.75225], [138.41329, 35.75311], [138.41326, 35.7532], [138.41316, 35.75345], [138.41293, 35.75423], [138.41287, 35.75445], [138.41257, 35.75549], [138.41222, 35.75673], [138.41209, 35.75729], [138.412, 35.75781], [138.41199, 35.75789], [138.41193, 35.75845], [138.41188, 35.75896], [138.41185, 35.75942], [138.41186, 35.75965], [138.41188, 35.75987], [138.41194, 35.76052], [138.41201, 35.76111], [138.41214, 35.76171], [138.41224, 35.76206], [138.41238, 35.76241], [138.4125, 35.76269], [138.41252, 35.76274], [138.41257, 35.76284], [138.41263, 35.76296], [138.41266, 35.76301], [138.41276, 35.76316], [138.41284, 35.76327], [138.41327, 35.76376], [138.4137, 35.76423], [138.41412, 35.76468], [138.41432, 35.76489], [138.41441, 35.76498], [138.41464, 35.76524], [138.41484, 35.7655], [138.41502, 35.76578], [138.41517, 35.76605], [138.41532, 35.76635], [138.41545, 35.76665], [138.41556, 35.76694], [138.41565, 35.76724], [138.4157, 35.76747], [138.41573, 35.76771], [138.41574, 35.76804], [138.41572, 35.76846], [138.41569, 35.76875], [138.41565, 35.76896], [138.41558, 35.76917], [138.41546, 35.76949], [138.41533, 35.76981], [138.41498, 35.77059], [138.41489, 35.77077], [138.41468, 35.77126], [138.41438, 35.77193], [138.41434, 35.77203], [138.41429, 35.77213], [138.414, 35.77278], [138.41364, 35.7736], [138.41331, 35.77435], [138.41296, 35.77513], [138.41262, 35.77592], [138.41244, 35.77631], [138.41223, 35.77671], [138.41204, 35.77705], [138.41183, 35.77737], [138.41156, 35.77771], [138.41129, 35.77804], [138.41094, 35.77841], [138.41057, 35.77876], [138.41011, 35.77913], [138.40936, 35.77974], [138.40922, 35.77985], [138.40894, 35.78007], [138.40745, 35.78128], [138.40622, 35.78228], [138.40596, 35.78249], [138.40487, 35.78337], [138.40435, 35.78379], [138.40377, 35.78423], [138.40327, 35.78455], [138.40281, 35.78483], [138.40225, 35.7851], [138.40132, 35.78545], [138.39971, 35.78604], [138.39907, 35.7863], [138.39884, 35.78641], [138.39854, 35.78657], [138.39828, 35.78675], [138.3981, 35.78689], [138.39777, 35.78722], [138.39741, 35.78756], [138.39718, 35.78779], [138.39686, 35.7881], [138.39682, 35.78814], [138.39647, 35.7885], [138.39569, 35.78926], [138.3951, 35.78987]]}, "properties": {"id": "GEOM_TOKYO_2755", "route_id": "R_3F47F0D7", "route_name": null, "route_color": "#F15A24", "route_text_color": null, "line_name": "中央線", "operator_id": "jr_east", "representation": "service_path", "min_zoom": 0, "max_zoom": 24, "offset_rank": 0}}, {"type": "Feature", "bbox": [138.51794, 35.66863, 138.52076, 35.66872], "geometry": {"type": "LineString", "coordinates": [[138.52076, 35.66872], [138.51794, 35.66863]]}, "properties": {"id": "GEOM_TOKYO_2756", "route_id": "R_3F47F0D7", "route_name": null, "route_color": "#F15A24", "route_text_color": null, "line_name": "中央線", "operator_id": "jr_east", "representation": "service_path", "min_zoom": 0, "max_zoom": 24, "offset_rank": 0}}, {"type": "Feature", "bbox": [138.63331, 35.65748, 138.63566, 35.65757], "geometry": {"type": "LineString", "coordinates": [[138.63566, 35.65757], [138.63331, 35.65748]]}, "properties": {"id": "GEOM_TOKYO_2757", "route_id": "R_3F47F0D7", "route_name": null, "route_color": "#F15A24", "route_text_color": null, "line_name": "中央線", "operator_id": "jr_east", "representation": "service_path", "min_zoom": 0, "max_zoom": 24, "offset_rank": 0}}, {"type": "Feature", "bbox": [138.47673, 35.68842, 138.4871, 35.69391], "geometry": {"type": "LineString", "coordinates": [[138.4871, 35.68842], [138.48654, 35.68886], [138.48552, 35.68961], [138.48431, 35.69044], [138.48395, 35.69067], [138.48363, 35.69083], [138.48275, 35.69122], [138.48253, 35.69132], [138.48234, 35.69141], [138.48138, 35.69184], [138.48114, 35.69195], [138.48075, 35.69213], [138.47917, 35.69283], [138.47849, 35.69312], [138.47828, 35.69322], [138.47778, 35.69344], [138.47758, 35.69353], [138.47753, 35.69355], [138.47673, 35.69391]]}, "properties": {"id": "GEOM_TOKYO_2758", "route_id": "R_3F47F0D7", "route_name": null, "route_color": "#F15A24", "route_text_color": null, "line_name": "中央線", "operator_id": "jr_east", "representation": "service_path", "min_zoom": 0, "max_zoom": 24, "offset_rank": 0}}, {"type": "Feature", "bbox": [138.46313, 35.69391, 138.47673, 35.69994], "geometry": {"type": "LineString", "coordinates": [[138.46313, 35.69994], [138.46362, 35.6997], [138.4638, 35.69962], [138.46498, 35.69907], [138.46533, 35.69892], [138.46554, 35.69881], [138.46613, 35.69848], [138.46629, 35.69842], [138.46637, 35.69841], [138.46662, 35.69838], [138.46748, 35.69834], [138.46824, 35.6983], [138.46838, 35.6983], [138.4685, 35.6983], [138.46862, 35.69829], [138.46894, 35.6983], [138.46915, 35.69828], [138.46939, 35.69825], [138.46969, 35.69819], [138.46988, 35.69814], [138.47021, 35.69805], [138.47052, 35.69794], [138.47087, 35.69779], [138.47122, 35.69762], [138.4715, 35.69748], [138.47181, 35.69732], [138.47196, 35.69723], [138.47209, 35.69714], [138.47234, 35.69694], [138.47312, 35.69632], [138.47432, 35.69535], [138.47467, 35.69508], [138.47513, 35.69477], [138.47556, 35.6945], [138.47587, 35.69433], [138.47626, 35.69413], [138.47673, 35.69391]]}, "properties": {"id": "GEOM_TOKYO_2759", "route_id": "R_3F47F0D7", "route_name": null, "route_color": "#F15A24", "route_text_color": null, "line_name": "中央線", "operator_id": "jr_east", "representation": "service_path", "min_zoom": 0, "max_zoom": 24, "offset_rank": 0}}, {"type": "Feature", "bbox": [138.41352, 35.74985, 138.41426, 35.75225], "geometry": {"type": "LineString", "coordinates": [[138.41426, 35.74985], [138.41404, 35.75048], [138.41373, 35.75153], [138.41352, 35.75225]]}, "properties": {"id": "GEOM_TOKYO_2760", "route_id": "R_3F47F0D7", "route_name": null, "route_color": "#F15A24", "route_text_color": null, "line_name": "中央線", "operator_id": "jr_east", "representation": "service_path", "min_zoom": 0, "max_zoom": 24, "offset_rank": 0}}, {"type": "Feature", "bbox": [138.44613, 35.71135, 138.44949, 35.71659], "geometry": {"type": "LineString", "coordinates": [[138.44613, 35.71659], [138.44613, 35.71639], [138.44616, 35.71621], [138.44622, 35.71605], [138.44624, 35.71602], [138.44632, 35.71594], [138.44659, 35.71553], [138.44666, 35.71542], [138.44692, 35.71499], [138.44719, 35.7145], [138.44746, 35.71405], [138.44766, 35.71364], [138.44811, 35.71275], [138.44824, 35.71248], [138.44848, 35.71218], [138.44854, 35.71212], [138.44905, 35.7117], [138.44949, 35.71135]]}, "properties": {"id": "GEOM_TOKYO_2761", "route_id": "R_3F47F0D7", "route_name": null, "route_color": "#F15A24", "route_text_color": null, "line_name": "中央線", "operator_id": "jr_east", "representation": "service_path", "min_zoom": 0, "max_zoom": 24, "offset_rank": 0}}, {"type": "Feature", "bbox": [138.42357, 35.73802, 138.43382, 35.74382], "geometry": {"type": "LineString", "coordinates": [[138.43373, 35.73802], [138.43381, 35.73841], [138.43382, 35.7387], [138.43381, 35.73917], [138.43375, 35.73952], [138.43367, 35.73977], [138.43351, 35.74009], [138.43337, 35.74034], [138.43309, 35.74074], [138.43275, 35.74123], [138.43255, 35.74152], [138.43244, 35.74166], [138.43232, 35.74182], [138.43231, 35.74184], [138.43209, 35.7421], [138.43184, 35.74237], [138.43151, 35.7427], [138.43128, 35.74289], [138.43104, 35.74306], [138.43078, 35.74324], [138.43042, 35.74343], [138.43024, 35.74351], [138.43018, 35.74354], [138.42994, 35.74364], [138.42976, 35.7437], [138.42957, 35.74375], [138.42927, 35.7438], [138.42902, 35.74382], [138.42884, 35.74382], [138.42835, 35.74378], [138.42677, 35.74359], [138.42521, 35.74341], [138.42357, 35.74321]]}, "properties": {"id": "GEOM_TOKYO_2762", "route_id": "R_3F47F0D7", "route_name": null, "route_color": "#F15A24", "route_text_color": null, "line_name": "中央線", "operator_id": "jr_east", "representation": "service_path", "min_zoom": 0, "max_zoom": 24, "offset_rank": 0}}, {"type": "Feature", "bbox": [138.44949, 35.71065, 138.45036, 35.71135], "geometry": {"type": "LineString", "coordinates": [[138.45036, 35.71065], [138.45032, 35.71069], [138.44986, 35.71107], [138.44949, 35.71135]]}, "properties": {"id": "GEOM_TOKYO_2763", "route_id": "R_3F47F0D7", "route_name": null, "route_color": "#F15A24", "route_text_color": null, "line_name": "中央線", "operator_id": "jr_east", "representation": "service_path", "min_zoom": 0, "max_zoom": 24, "offset_rank": 0}}, {"type": "Feature", "bbox": [138.88231, 35.59429, 138.88516, 35.59445], "geometry": {"type": "LineString", "coordinates": [[138.88516, 35.5944], [138.88476, 35.59435], [138.88422, 35.59431], [138.88367, 35.59429], [138.883, 35.59433], [138.88285, 35.59434], [138.88231, 35.59445]]}, "properties": {"id": "GEOM_TOKYO_2765", "route_id": "R_3F47F0D7", "route_name": null, "route_color": "#F15A24", "route_text_color": null, "line_name": "中央線", "operator_id": "jr_east", "representation": "service_path", "min_zoom": 0, "max_zoom": 24, "offset_rank": 0}}, {"type": "Feature", "bbox": [139.03485, 35.60711, 139.03632, 35.608], "geometry": {"type": "LineString", "coordinates": [[139.03632, 35.60711], [139.03616, 35.60722], [139.03569, 35.60755], [139.03525, 35.60778], [139.03485, 35.608]]}, "properties": {"id": "GEOM_TOKYO_2766", "route_id": "R_3F47F0D7", "route_name": null, "route_color": "#F15A24", "route_text_color": null, "line_name": "中央線", "operator_id": "jr_east", "representation": "service_path", "min_zoom": 0, "max_zoom": 24, "offset_rank": 0}}, {"type": "Feature", "bbox": [139.07139, 35.61403, 139.07238, 35.61407], "geometry": {"type": "LineString", "coordinates": [[139.07238, 35.61407], [139.07139, 35.61403]]}, "properties": {"id": "GEOM_TOKYO_2767", "route_id": "R_3F47F0D7", "route_name": null, "route_color": "#F15A24", "route_text_color": null, "line_name": "中央線", "operator_id": "jr_east", "representation": "service_path", "min_zoom": 0, "max_zoom": 24, "offset_rank": 0}}, {"type": "Feature", "bbox": [139.10128, 35.61775, 139.11428, 35.61845], "geometry": {"type": "LineString", "coordinates": [[139.11428, 35.6179], [139.11403, 35.61783], [139.11362, 35.61779], [139.11331, 35.61776], [139.11285, 35.61775], [139.11246, 35.61778], [139.11153, 35.61783], [139.11069, 35.61789], [139.11027, 35.61791], [139.10917, 35.61797], [139.10782, 35.61808], [139.10699, 35.61812], [139.10623, 35.61816], [139.10519, 35.61823], [139.10505, 35.61824], [139.10354, 35.61834], [139.10184, 35.61845], [139.10128, 35.61844]]}, "properties": {"id": "GEOM_TOKYO_2768", "route_id": "R_3F47F0D7", "route_name": null, "route_color": "#F15A24", "route_text_color": null, "line_name": "中央線", "operator_id": "jr_east", "representation": "service_path", "min_zoom": 0, "max_zoom": 24, "offset_rank": 0}}, {"type": "Feature", "bbox": [139.25207, 35.63968, 139.25807, 35.64023], "geometry": {"type": "LineString", "coordinates": [[139.25207, 35.64023], [139.25253, 35.64013], [139.25349, 35.63995], [139.25408, 35.63983], [139.25439, 35.63979], [139.25482, 35.63974], [139.25551, 35.63969], [139.25577, 35.63968], [139.25615, 35.63969], [139.25656, 35.6397], [139.25698, 35.63974], [139.25748, 35.63982], [139.25807, 35.63996]]}, "properties": {"id": "GEOM_TOKYO_2769", "route_id": "R_3F47F0D7", "route_name": null, "route_color": "#F15A24", "route_text_color": null, "line_name": "中央線", "operator_id": "jr_east", "representation": "service_path", "min_zoom": 0, "max_zoom": 24, "offset_rank": 0}}, {"type": "Feature", "bbox": [138.94406, 35.61143, 138.96693, 35.61542], "geometry": {"type": "LineString", "coordinates": [[138.96693, 35.61237], [138.96684, 35.61234], [138.96634, 35.61218], [138.96527, 35.61184], [138.96515, 35.6118], [138.96416, 35.6115], [138.96375, 35.61145], [138.96341, 35.61143], [138.96283, 35.61144], [138.96243, 35.61147], [138.96219, 35.61152], [138.96191, 35.61155], [138.96159, 35.61164], [138.96143, 35.61169], [138.95929, 35.61259], [138.9589, 35.61275], [138.95832, 35.61296], [138.95782, 35.61308], [138.95765, 35.61309], [138.95745, 35.6131], [138.95723, 35.61311], [138.95709, 35.61311], [138.9557, 35.61304], [138.95543, 35.61301], [138.95537, 35.61301], [138.95485, 35.61301], [138.95422, 35.6131], [138.9538, 35.61322], [138.95314, 35.61355], [138.9521, 35.61424], [138.95175, 35.61445], [138.95099, 35.61489], [138.95044, 35.61509], [138.95009, 35.61519], [138.9494, 35.61534], [138.94868, 35.61542], [138.94841, 35.61541], [138.948, 35.61534], [138.94732, 35.61517], [138.94666, 35.61495], [138.94542, 35.61447], [138.94534, 35.61443], [138.94489, 35.61422], [138.94472, 35.61415], [138.94406, 35.61387]]}, "properties": {"id": "GEOM_TOKYO_2770", "route_id": "R_3F47F0D7", "route_name": null, "route_color": "#F15A24", "route_text_color": null, "line_name": "中央線", "operator_id": "jr_east", "representation": "service_path", "min_zoom": 0, "max_zoom": 24, "offset_rank": 0}}, {"type": "Feature", "bbox": [139.12084, 35.61784, 139.14111, 35.62064], "geometry": {"type": "LineString", "coordinates": [[139.12084, 35.62018], [139.12118, 35.62015], [139.12165, 35.62007], [139.12183, 35.62006], [139.12197, 35.62005], [139.1221, 35.62003], [139.12233, 35.61997], [139.1228, 35.61988], [139.12309, 35.61984], [139.1235, 35.61984], [139.12369, 35.61984], [139.12413, 35.61986], [139.12458, 35.61993], [139.12524, 35.62006], [139.12627, 35.6203], [139.12712, 35.62051], [139.12751, 35.62057], [139.12787, 35.62061], [139.12794, 35.62061], [139.12818, 35.62063], [139.12823, 35.62064], [139.12885, 35.62064], [139.12998, 35.6206], [139.13136, 35.62059], [139.13185, 35.62059], [139.13217, 35.62058], [139.13267, 35.62058], [139.13314, 35.62057], [139.1347, 35.62045], [139.1353, 35.6204], [139.13586, 35.62032], [139.13618, 35.62027], [139.13653, 35.62021], [139.1369, 35.62012], [139.13776, 35.6198], [139.13844, 35.61946], [139.1394, 35.61884], [139.14007, 35.6184], [139.14037, 35.61821], [139.14081, 35.61797], [139.14111, 35.61784]]}, "properties": {"id": "GEOM_TOKYO_2771", "route_id": "R_3F47F0D7", "route_name": null, "route_color": "#F15A24", "route_text_color": null, "line_name": "中央線", "operator_id": "jr_east", "representation": "service_path", "min_zoom": 0, "max_zoom": 24, "offset_rank": 0}}, {"type": "Feature", "bbox": [139.00221, 35.60798, 139.00476, 35.6081], "geometry": {"type": "LineString", "coordinates": [[139.00476, 35.6081], [139.00221, 35.60798]]}, "properties": {"id": "GEOM_TOKYO_2772", "route_id": "R_3F47F0D7", "route_name": null, "route_color": "#F15A24", "route_text_color": null, "line_name": "中央線", "operator_id": "jr_east", "representation": "service_path", "min_zoom": 0, "max_zoom": 24, "offset_rank": 0}}, {"type": "Feature", "bbox": [138.82386, 35.60377, 138.82687, 35.60421], "geometry": {"type": "LineString", "coordinates": [[138.82386, 35.60377], [138.82389, 35.60377], [138.82456, 35.60383], [138.8255, 35.60396], [138.82685, 35.6042], [138.82687, 35.60421]]}, "properties": {"id": "GEOM_TOKYO_2773", "route_id": "R_3F47F0D7", "route_name": null, "route_color": "#F15A24", "route_text_color": null, "line_name": "中央線", "operator_id": "jr_east", "representation": "service_path", "min_zoom": 0, "max_zoom": 24, "offset_rank": 0}}, {"type": "Feature", "bbox": [139.08517, 35.61251, 139.10128, 35.61844], "geometry": {"type": "LineString", "coordinates": [[139.08517, 35.61251], [139.08557, 35.61261], [139.08635, 35.61296], [139.08674, 35.61315], [139.08755, 35.61358], [139.0885, 35.61409], [139.08917, 35.61448], [139.08988, 35.61486], [139.09076, 35.61542], [139.09216, 35.61632], [139.09237, 35.61648], [139.09249, 35.61659], [139.09258, 35.61667], [139.0929, 35.61684], [139.09405, 35.61727], [139.09464, 35.61747], [139.09587, 35.61788], [139.09629, 35.61802], [139.09739, 35.6183], [139.0978, 35.61836], [139.09826, 35.61838], [139.09883, 35.61843], [139.10026, 35.61841], [139.10057, 35.6184], [139.10128, 35.61844]]}, "properties": {"id": "GEOM_TOKYO_2774", "route_id": "R_3F47F0D7", "route_name": null, "route_color": "#F15A24", "route_text_color": null, "line_name": "中央線", "operator_id": "jr_east", "representation": "service_path", "min_zoom": 0, "max_zoom": 24, "offset_rank": 0}}, {"type": "Feature", "bbox": [139.00476, 35.60735, 139.01395, 35.60827], "geometry": {"type": "LineString", "coordinates": [[139.00476, 35.6081], [139.00567, 35.60816], [139.00584, 35.60817], [139.00617, 35.6082], [139.00649, 35.60821], [139.0074, 35.60825], [139.00799, 35.60827], [139.00857, 35.60825], [139.00875, 35.60824], [139.00936, 35.60817], [139.00995, 35.60808], [139.01097, 35.60798], [139.01202, 35.60782], [139.0125, 35.60774], [139.01295, 35.60765], [139.0132, 35.60759], [139.01347, 35.60752], [139.01358, 35.60748], [139.01395, 35.60735]]}, "properties": {"id": "GEOM_TOKYO_2775", "route_id": "R_3F47F0D7", "route_name": null, "route_color": "#F15A24", "route_text_color": null, "line_name": "中央線", "operator_id": "jr_east", "representation": "service_path", "min_zoom": 0, "max_zoom": 24, "offset_rank": 0}}, {"type": "Feature", "bbox": [138.77831, 35.63966, 138.78048, 35.64009], "geometry": {"type": "LineString", "coordinates": [[138.77831, 35.64009], [138.77845, 35.64006], [138.77923, 35.63989], [138.78023, 35.6397], [138.78048, 35.63966]]}, "properties": {"id": "GEOM_TOKYO_2776", "route_id": "R_3F47F0D7", "route_name": null, "route_color": "#F15A24", "route_text_color": null, "line_name": "中央線", "operator_id": "jr_east", "representation": "service_path", "min_zoom": 0, "max_zoom": 24, "offset_rank": 0}}, {"type": "Feature", "bbox": [139.07494, 35.61227, 139.08517, 35.6142], "geometry": {"type": "LineString", "coordinates": [[139.07494, 35.6142], [139.07556, 35.61419], [139.07577, 35.61418], [139.07622, 35.6141], [139.07666, 35.61399], [139.07744, 35.61375], [139.07954, 35.61311], [139.08, 35.61296], [139.08104, 35.6126], [139.08159, 35.61246], [139.08197, 35.61238], [139.08237, 35.61233], [139.08309, 35.61229], [139.08364, 35.61227], [139.08418, 35.61232], [139.08462, 35.61239], [139.08517, 35.61251]]}, "properties": {"id": "GEOM_TOKYO_2777", "route_id": "R_3F47F0D7", "route_name": null, "route_color": "#F15A24", "route_text_color": null, "line_name": "中央線", "operator_id": "jr_east", "representation": "service_path", "min_zoom": 0, "max_zoom": 24, "offset_rank": 0}}, {"type": "Feature", "bbox": [139.14111, 35.61607, 139.15063, 35.61784], "geometry": {"type": "LineString", "coordinates": [[139.14111, 35.61784], [139.14159, 35.61765], [139.1422, 35.61745], [139.14263, 35.61735], [139.14342, 35.6172], [139.14426, 35.61706], [139.14575, 35.61679], [139.14698, 35.61658], [139.14816, 35.61641], [139.14838, 35.61638], [139.15063, 35.61607]]}, "properties": {"id": "GEOM_TOKYO_2778", "route_id": "R_3F47F0D7", "route_name": null, "route_color": "#F15A24", "route_text_color": null, "line_name": "中央線", "operator_id": "jr_east", "representation": "service_path", "min_zoom": 0, "max_zoom": 24, "offset_rank": 0}}, {"type": "Feature", "bbox": [139.03846, 35.60274, 139.07139, 35.61403], "geometry": {"type": "LineString", "coordinates": [[139.03846, 35.60528], [139.03858, 35.60509], [139.03895, 35.60464], [139.03907, 35.60454], [139.04028, 35.6036], [139.04039, 35.60354], [139.0413, 35.60312], [139.04162, 35.603], [139.04229, 35.60282], [139.04282, 35.60276], [139.04308, 35.60274], [139.04361, 35.60277], [139.04403, 35.60283], [139.04453, 35.60292], [139.04491, 35.60304], [139.04521, 35.60314], [139.04541, 35.60324], [139.04571, 35.60342], [139.04605, 35.60363], [139.04646, 35.60385], [139.04693, 35.60413], [139.04732, 35.60433], [139.04794, 35.60469], [139.05031, 35.60602], [139.05039, 35.60607], [139.05068, 35.60617], [139.05171, 35.60637], [139.05201, 35.6064], [139.05363, 35.60662], [139.05445, 35.60672], [139.0558, 35.60688], [139.05619, 35.60693], [139.05656, 35.607], [139.05688, 35.60709], [139.05732, 35.6073], [139.05747, 35.60738], [139.05762, 35.60749], [139.05813, 35.60791], [139.05987, 35.60927], [139.06044, 35.60973], [139.06068, 35.60992], [139.06119, 35.61031], [139.06212, 35.61106], [139.06219, 35.61112], [139.06241, 35.61132], [139.06247, 35.61137], [139.06331, 35.61213], [139.06339, 35.61219], [139.06358, 35.61234], [139.06416, 35.6128], [139.06425, 35.61286], [139.06444, 35.61298], [139.06502, 35.61321], [139.06564, 35.61336], [139.06609, 35.61346], [139.06706, 35.61363], [139.06806, 35.61376], [139.06882, 35.61382], [139.07052, 35.61397], [139.07139, 35.61403]]}, "properties": {"id": "GEOM_TOKYO_2779", "route_id": "R_3F47F0D7", "route_name": null, "route_color": "#F15A24", "route_text_color": null, "line_name": "中央線", "operator_id": "jr_east", "representation": "service_path", "min_zoom": 0, "max_zoom": 24, "offset_rank": 0}}, {"type": "Feature", "bbox": [139.20444, 35.63001, 139.25207, 35.64043], "geometry": {"type": "LineString", "coordinates": [[139.20444, 35.63001], [139.20455, 35.63019], [139.20477, 35.63051], [139.20491, 35.63069], [139.20523, 35.63098], [139.20543, 35.63114], [139.20569, 35.63133], [139.20604, 35.63152], [139.20645, 35.63168], [139.20676, 35.63182], [139.20696, 35.63191], [139.2084, 35.63248], [139.20936, 35.63288], [139.21033, 35.63333], [139.21123, 35.63373], [139.21273, 35.63435], [139.21428, 35.63493], [139.21447, 35.63498], [139.21568, 35.63539], [139.21656, 35.63565], [139.21772, 35.636], [139.219, 35.63638], [139.22031, 35.63679], [139.22202, 35.63729], [139.22267, 35.63748], [139.22306, 35.63759], [139.22423, 35.6379], [139.22573, 35.63832], [139.2262, 35.63844], [139.22727, 35.63869], [139.22871, 35.63901], [139.23027, 35.63931], [139.2307, 35.63938], [139.23121, 35.63945], [139.23204, 35.63954], [139.23289, 35.63962], [139.23339, 35.63965], [139.23365, 35.63966], [139.23391, 35.63966], [139.23421, 35.63966], [139.23463, 35.63962], [139.23499, 35.63959], [139.236, 35.63949], [139.23607, 35.63949], [139.2369, 35.63939], [139.23812, 35.63926], [139.2392, 35.63913], [139.23959, 35.63912], [139.24025, 35.63918], [139.24084, 35.63927], [139.24141, 35.63943], [139.24177, 35.63954], [139.24277, 35.64003], [139.243, 35.64011], [139.24335, 35.64022], [139.24399, 35.64033], [139.24438, 35.64036], [139.24475, 35.64038], [139.24531, 35.64037], [139.24591, 35.64031], [139.24628, 35.64027], [139.24681, 35.64027], [139.24745, 35.64029], [139.24786, 35.64031], [139.24862, 35.64039], [139.24896, 35.64041], [139.2492, 35.64043], [139.24975, 35.64041], [139.25089, 35.64033], [139.25207, 35.64023]]}, "properties": {"id": "GEOM_TOKYO_2780", "route_id": "R_3F47F0D7", "route_name": null, "route_color": "#F15A24", "route_text_color": null, "line_name": "中央線", "operator_id": "jr_east", "representation": "service_path", "min_zoom": 0, "max_zoom": 24, "offset_rank": 0}}, {"type": "Feature", "bbox": [139.34577, 35.65005, 139.38049, 35.65882], "geometry": {"type": "LineString", "coordinates": [[139.34577, 35.65428], [139.34624, 35.65418], [139.34678, 35.65407], [139.34683, 35.65405], [139.3472, 35.65397], [139.34767, 35.65384], [139.34809, 35.6537], [139.34867, 35.65349], [139.34904, 35.65333], [139.34948, 35.65311], [139.35002, 35.65281], [139.35104, 35.65229], [139.35192, 35.65184], [139.35203, 35.65179], [139.35247, 35.65159], [139.3534, 35.65115], [139.35428, 35.65072], [139.35469, 35.65054], [139.35498, 35.65042], [139.35535, 35.6503], [139.35591, 35.65016], [139.35631, 35.6501], [139.3567, 35.65006], [139.35711, 35.65005], [139.3574, 35.65007], [139.35755, 35.65009], [139.35816, 35.65021], [139.35834, 35.65025], [139.35865, 35.65034], [139.35893, 35.65044], [139.3596, 35.65073], [139.36088, 35.65137], [139.36099, 35.65143], [139.36153, 35.65168], [139.36192, 35.65185], [139.36224, 35.65196], [139.36259, 35.65205], [139.36292, 35.65211], [139.36332, 35.65217], [139.36361, 35.65219], [139.36418, 35.65221], [139.36495, 35.65216], [139.36536, 35.65209], [139.36593, 35.65203], [139.36632, 35.65198], [139.36696, 35.65194], [139.36762, 35.65194], [139.36803, 35.65198], [139.36874, 35.65209], [139.36935, 35.65222], [139.36965, 35.65232], [139.37009, 35.65248], [139.37023, 35.65255], [139.37056, 35.6527], [139.37107, 35.65297], [139.37149, 35.6532], [139.37166, 35.6533], [139.3718, 35.65339], [139.37405, 35.65478], [139.37619, 35.65611], [139.37718, 35.65674], [139.37757, 35.65698], [139.37862, 35.65763], [139.37947, 35.65815], [139.38049, 35.65882]]}, "properties": {"id": "GEOM_TOKYO_2781", "route_id": "R_3F47F0D7", "route_name": null, "route_color": "#F15A24", "route_text_color": null, "line_name": "中央線", "operator_id": "jr_east", "representation": "service_path", "min_zoom": 0, "max_zoom": 24, "offset_rank": 0}}, {"type": "Feature", "bbox": [139.11428, 35.6179, 139.11653, 35.61899], "geometry": {"type": "LineString", "coordinates": [[139.11653, 35.61899], [139.11428, 35.6179]]}, "properties": {"id": "GEOM_TOKYO_2782", "route_id": "R_3F47F0D7", "route_name": null, "route_color": "#F15A24", "route_text_color": null, "line_name": "中央線", "operator_id": "jr_east", "representation": "service_path", "min_zoom": 0, "max_zoom": 24, "offset_rank": 0}}, {"type": "Feature", "bbox": [138.94107, 35.61264, 138.94406, 35.61387], "geometry": {"type": "LineString", "coordinates": [[138.94406, 35.61387], [138.94133, 35.61274], [138.94107, 35.61264]]}, "properties": {"id": "GEOM_TOKYO_2783", "route_id": "R_3F47F0D7", "route_name": null, "route_color": "#F15A24", "route_text_color": null, "line_name": "中央線", "operator_id": "jr_east", "representation": "service_path", "min_zoom": 0, "max_zoom": 24, "offset_rank": 0}}, {"type": "Feature", "bbox": [139.11653, 35.61899, 139.12084, 35.62018], "geometry": {"type": "LineString", "coordinates": [[139.11653, 35.61899], [139.11685, 35.61914], [139.11772, 35.61953], [139.11807, 35.61969], [139.11845, 35.61982], [139.11896, 35.61998], [139.11949, 35.62009], [139.11954, 35.6201], [139.11964, 35.62011], [139.12001, 35.62015], [139.12084, 35.62018]]}, "properties": {"id": "GEOM_TOKYO_2784", "route_id": "R_3F47F0D7", "route_name": null, "route_color": "#F15A24", "route_text_color": null, "line_name": "中央線", "operator_id": "jr_east", "representation": "service_path", "min_zoom": 0, "max_zoom": 24, "offset_rank": 0}}, {"type": "Feature", "bbox": [139.15063, 35.61592, 139.15203, 35.61607], "geometry": {"type": "LineString", "coordinates": [[139.15063, 35.61607], [139.15203, 35.61592]]}, "properties": {"id": "GEOM_TOKYO_2785", "route_id": "R_3F47F0D7", "route_name": null, "route_color": "#F15A24", "route_text_color": null, "line_name": "中央線", "operator_id": "jr_east", "representation": "service_path", "min_zoom": 0, "max_zoom": 24, "offset_rank": 0}}, {"type": "Feature", "bbox": [139.03846, 35.60293, 139.07139, 35.61416], "geometry": {"type": "LineString", "coordinates": [[139.03846, 35.60528], [139.03871, 35.60506], [139.03926, 35.60466], [139.0395, 35.60445], [139.04046, 35.60371], [139.04064, 35.60363], [139.04106, 35.60341], [139.04153, 35.60324], [139.04185, 35.60314], [139.04224, 35.60305], [139.04275, 35.60295], [139.04317, 35.60293], [139.0437, 35.60296], [139.0442, 35.60304], [139.0447, 35.60317], [139.04493, 35.60325], [139.04514, 35.60336], [139.04565, 35.60359], [139.04634, 35.60397], [139.04666, 35.60419], [139.04765, 35.60484], [139.05041, 35.6067], [139.05374, 35.60895], [139.05488, 35.60972], [139.05547, 35.61012], [139.05648, 35.61062], [139.06033, 35.61199], [139.06274, 35.6128], [139.06287, 35.61284], [139.06336, 35.613], [139.06368, 35.61311], [139.06378, 35.61314], [139.06439, 35.61336], [139.06531, 35.61363], [139.06562, 35.61371], [139.06681, 35.61398], [139.0674, 35.61409], [139.06771, 35.61413], [139.06841, 35.61416], [139.06988, 35.61413], [139.07076, 35.6141], [139.07139, 35.61403]]}, "properties": {"id": "GEOM_TOKYO_2786", "route_id": "R_3F47F0D7", "route_name": null, "route_color": "#F15A24", "route_text_color": null, "line_name": "中央線", "operator_id": "jr_east", "representation": "service_path", "min_zoom": 0, "max_zoom": 24, "offset_rank": 0}}, {"type": "Feature", "bbox": [139.18962, 35.61694, 139.19161, 35.6171], "geometry": {"type": "LineString", "coordinates": [[139.18962, 35.61702], [139.19002, 35.61696], [139.19014, 35.61695], [139.19032, 35.61694], [139.19059, 35.61694], [139.19086, 35.61696], [139.19118, 35.617], [139.19154, 35.61707], [139.19161, 35.6171]]}, "properties": {"id": "GEOM_TOKYO_2787", "route_id": "R_3F47F0D7", "route_name": null, "route_color": "#F15A24", "route_text_color": null, "line_name": "中央線", "operator_id": "jr_east", "representation": "service_path", "min_zoom": 0, "max_zoom": 24, "offset_rank": 0}}, {"type": "Feature", "bbox": [139.19863, 35.62174, 139.20444, 35.63001], "geometry": {"type": "LineString", "coordinates": [[139.19863, 35.62174], [139.19915, 35.62225], [139.19932, 35.62244], [139.20004, 35.62314], [139.20027, 35.62333], [139.20047, 35.62353], [139.20053, 35.62358], [139.20065, 35.62369], [139.20132, 35.62433], [139.20174, 35.62471], [139.20238, 35.62531], [139.20261, 35.62555], [139.20312, 35.6262], [139.20326, 35.62642], [139.20335, 35.62657], [139.20349, 35.6269], [139.20372, 35.6275], [139.20392, 35.62826], [139.20412, 35.62933], [139.20439, 35.62994], [139.20444, 35.63001]]}, "properties": {"id": "GEOM_TOKYO_2788", "route_id": "R_3F47F0D7", "route_name": null, "route_color": "#F15A24", "route_text_color": null, "line_name": "中央線", "operator_id": "jr_east", "representation": "service_path", "min_zoom": 0, "max_zoom": 24, "offset_rank": 0}}, {"type": "Feature", "bbox": [138.78048, 35.63903, 138.78276, 35.63966], "geometry": {"type": "LineString", "coordinates": [[138.78048, 35.63966], [138.78077, 35.63961], [138.78138, 35.63948], [138.78187, 35.63934], [138.78276, 35.63903]]}, "properties": {"id": "GEOM_TOKYO_2789", "route_id": "R_3F47F0D7", "route_name": null, "route_color": "#F15A24", "route_text_color": null, "line_name": "中央線", "operator_id": "jr_east", "representation": "service_path", "min_zoom": 0, "max_zoom": 24, "offset_rank": 0}}, {"type": "Feature", "bbox": [139.07238, 35.61407, 139.07494, 35.6142], "geometry": {"type": "LineString", "coordinates": [[139.07494, 35.6142], [139.07339, 35.61413], [139.07238, 35.61407]]}, "properties": {"id": "GEOM_TOKYO_2790", "route_id": "R_3F47F0D7", "route_name": null, "route_color": "#F15A24", "route_text_color": null, "line_name": "中央線", "operator_id": "jr_east", "representation": "service_path", "min_zoom": 0, "max_zoom": 24, "offset_rank": 0}}, {"type": "Feature", "bbox": [138.81989, 35.60376, 138.82386, 35.60415], "geometry": {"type": "LineString", "coordinates": [[138.81989, 35.60415], [138.82009, 35.60412], [138.82071, 35.60401], [138.82188, 35.60385], [138.82278, 35.60377], [138.82324, 35.60376], [138.82386, 35.60377]]}, "properties": {"id": "GEOM_TOKYO_2791", "route_id": "R_3F47F0D7", "route_name": null, "route_color": "#F15A24", "route_text_color": null, "line_name": "中央線", "operator_id": "jr_east", "representation": "service_path", "min_zoom": 0, "max_zoom": 24, "offset_rank": 0}}, {"type": "Feature", "bbox": [139.28394, 35.64283, 139.31102, 35.65574], "geometry": {"type": "LineString", "coordinates": [[139.31102, 35.65574], [139.30812, 35.65419], [139.305, 35.65254], [139.30494, 35.6525], [139.30373, 35.65187], [139.3007, 35.65025], [139.29933, 35.64952], [139.29821, 35.64893], [139.29672, 35.64812], [139.29573, 35.6476], [139.29526, 35.64735], [139.29417, 35.64677], [139.29315, 35.64622], [139.29231, 35.64584], [139.29112, 35.6454], [139.28953, 35.64483], [139.28588, 35.64352], [139.28549, 35.64339], [139.28394, 35.64283]]}, "properties": {"id": "GEOM_TOKYO_2792", "route_id": "R_3F47F0D7", "route_name": null, "route_color": "#F15A24", "route_text_color": null, "line_name": "中央線", "operator_id": "jr_east", "representation": "service_path", "min_zoom": 0, "max_zoom": 24, "offset_rank": 0}}, {"type": "Feature", "bbox": [139.25207, 35.6399, 139.25807, 35.64023], "geometry": {"type": "LineString", "coordinates": [[139.25207, 35.64023], [139.25266, 35.64019], [139.25385, 35.64008], [139.25438, 35.64006], [139.25581, 35.63993], [139.25652, 35.6399], [139.25729, 35.63991], [139.25794, 35.63995], [139.25807, 35.63996]]}, "properties": {"id": "GEOM_TOKYO_2793", "route_id": "R_3F47F0D7", "route_name": null, "route_color": "#F15A24", "route_text_color": null, "line_name": "中央線", "operator_id": "jr_east", "representation": "service_path", "min_zoom": 0, "max_zoom": 24, "offset_rank": 0}}, {"type": "Feature", "bbox": [139.01395, 35.60638, 139.03485, 35.60921], "geometry": {"type": "LineString", "coordinates": [[139.01395, 35.60735], [139.01534, 35.60688], [139.01552, 35.60682], [139.01578, 35.60673], [139.01595, 35.60665], [139.01665, 35.60647], [139.01716, 35.60638], [139.01764, 35.60638], [139.01837, 35.60643], [139.0187, 35.60647], [139.01923, 35.60658], [139.02017, 35.60689], [139.02031, 35.60695], [139.02061, 35.60702], [139.0217, 35.60736], [139.023, 35.60777], [139.02379, 35.60799], [139.02526, 35.60827], [139.02577, 35.60836], [139.02716, 35.60861], [139.02759, 35.60866], [139.02817, 35.60879], [139.0298, 35.60908], [139.03012, 35.60913], [139.03053, 35.60917], [139.03111, 35.60921], [139.0315, 35.6092], [139.03186, 35.60913], [139.03245, 35.609], [139.03296, 35.60885], [139.03384, 35.6085], [139.03441, 35.60825], [139.03485, 35.608]]}, "properties": {"id": "GEOM_TOKYO_2794", "route_id": "R_3F47F0D7", "route_name": null, "route_color": "#F15A24", "route_text_color": null, "line_name": "中央線", "operator_id": "jr_east", "representation": "service_path", "min_zoom": 0, "max_zoom": 24, "offset_rank": 0}}, {"type": "Feature", "bbox": [139.08517, 35.61251, 139.10128, 35.61863], "geometry": {"type": "LineString", "coordinates": [[139.08517, 35.61251], [139.08597, 35.61296], [139.08658, 35.61328], [139.08734, 35.6137], [139.08835, 35.61429], [139.0913, 35.61603], [139.0922, 35.6166], [139.09239, 35.61674], [139.09247, 35.6168], [139.09275, 35.61693], [139.09309, 35.61705], [139.09469, 35.61766], [139.09586, 35.61813], [139.09628, 35.61827], [139.09713, 35.61844], [139.09787, 35.61856], [139.09857, 35.6186], [139.09989, 35.61863], [139.1008, 35.61851], [139.10128, 35.61844]]}, "properties": {"id": "GEOM_TOKYO_2795", "route_id": "R_3F47F0D7", "route_name": null, "route_color": "#F15A24", "route_text_color": null, "line_name": "中央線", "operator_id": "jr_east", "representation": "service_path", "min_zoom": 0, "max_zoom": 24, "offset_rank": 0}}, {"type": "Feature", "bbox": [138.82687, 35.59445, 138.88231, 35.60569], "geometry": {"type": "LineString", "coordinates": [[138.88231, 35.59445], [138.88226, 35.59447], [138.88174, 35.59465], [138.88111, 35.59486], [138.88086, 35.59493], [138.88077, 35.59495], [138.88042, 35.59503], [138.87997, 35.59509], [138.87917, 35.59512], [138.87751, 35.59511], [138.87705, 35.59511], [138.87498, 35.59509], [138.87463, 35.5951], [138.87446, 35.5951], [138.87377, 35.59517], [138.87318, 35.59531], [138.87284, 35.59546], [138.87232, 35.59574], [138.87209, 35.59589], [138.87185, 35.59604], [138.87161, 35.59622], [138.87135, 35.59645], [138.87117, 35.59664], [138.87088, 35.59695], [138.8704, 35.59741], [138.87013, 35.59765], [138.86983, 35.59788], [138.86954, 35.59811], [138.86924, 35.59829], [138.86856, 35.59863], [138.86764, 35.59901], [138.86743, 35.59913], [138.8674, 35.59914], [138.86686, 35.59951], [138.86617, 35.6], [138.86591, 35.60019], [138.86573, 35.6003], [138.86557, 35.6004], [138.86533, 35.60054], [138.86503, 35.60069], [138.86467, 35.60079], [138.86425, 35.60089], [138.86378, 35.60096], [138.86324, 35.60105], [138.86245, 35.60119], [138.86194, 35.6013], [138.86159, 35.60139], [138.86122, 35.60154], [138.86086, 35.6017], [138.86055, 35.60188], [138.86035, 35.60203], [138.86021, 35.60212], [138.85994, 35.60233], [138.85991, 35.60237], [138.85987, 35.60242], [138.85961, 35.60271], [138.85944, 35.60291], [138.85927, 35.60305], [138.85923, 35.60308], [138.85873, 35.60341], [138.85852, 35.60354], [138.85825, 35.60371], [138.85816, 35.60377], [138.85779, 35.60399], [138.85733, 35.60419], [138.8569, 35.60427], [138.8563, 35.60436], [138.85586, 35.60439], [138.85554, 35.60439], [138.85523, 35.60437], [138.85464, 35.60427], [138.85401, 35.60413], [138.85327, 35.60391], [138.85265, 35.60366], [138.85182, 35.60329], [138.85174, 35.60325], [138.85151, 35.60313], [138.85114, 35.6029], [138.85088, 35.60277], [138.85077, 35.60271], [138.85039, 35.60251], [138.8501, 35.60236], [138.84978, 35.60222], [138.8494, 35.60209], [138.84899, 35.60195], [138.84847, 35.60185], [138.84807, 35.60181], [138.84769, 35.60179], [138.84595, 35.60187], [138.84498, 35.60194], [138.84445, 35.602], [138.84399, 35.6021], [138.8436, 35.60225], [138.84334, 35.60235], [138.84292, 35.6026], [138.84238, 35.60306], [138.84138, 35.60404], [138.8411, 35.60427], [138.84107, 35.6043], [138.84081, 35.60449], [138.84021, 35.60492], [138.83994, 35.60507], [138.83962, 35.6052], [138.83926, 35.6053], [138.83911, 35.60533], [138.83885, 35.60538], [138.83643, 35.60564], [138.83583, 35.60569], [138.83544, 35.60569], [138.83475, 35.60558], [138.8341, 35.60546], [138.83359, 35.60538], [138.83322, 35.60535], [138.83312, 35.60534], [138.83251, 35.6053], [138.83179, 35.60534], [138.83111, 35.6054], [138.83065, 35.60542], [138.83041, 35.60543], [138.83006, 35.60539], [138.8297, 35.60534], [138.82919, 35.60522], [138.82858, 35.60501], [138.82826, 35.6049], [138.82814, 35.60486], [138.82753, 35.60458], [138.82721, 35.60439], [138.827, 35.60428], [138.82687, 35.60421]]}, "properties": {"id": "GEOM_TOKYO_2796", "route_id": "R_3F47F0D7", "route_name": null, "route_color": "#F15A24", "route_text_color": null, "line_name": "中央線", "operator_id": "jr_east", "representation": "service_path", "min_zoom": 0, "max_zoom": 24, "offset_rank": 0}}, {"type": "Feature", "bbox": [138.88516, 35.5944, 138.94107, 35.61264], "geometry": {"type": "LineString", "coordinates": [[138.94107, 35.61264], [138.94044, 35.61239], [138.94018, 35.61229], [138.93969, 35.61209], [138.93954, 35.61203], [138.93913, 35.61186], [138.93891, 35.61175], [138.93857, 35.61156], [138.93837, 35.61145], [138.93808, 35.61128], [138.93792, 35.61118], [138.93777, 35.61108], [138.93771, 35.61104], [138.93749, 35.61086], [138.93718, 35.61054], [138.93699, 35.61031], [138.93678, 35.61007], [138.93644, 35.60952], [138.93603, 35.6089], [138.93574, 35.60843], [138.93562, 35.60817], [138.93555, 35.60806], [138.93532, 35.60766], [138.93513, 35.60742], [138.93505, 35.60732], [138.93477, 35.60705], [138.93429, 35.60663], [138.9339, 35.60632], [138.93331, 35.60599], [138.93286, 35.60577], [138.93272, 35.60573], [138.93237, 35.60562], [138.93199, 35.6055], [138.93108, 35.60521], [138.93068, 35.60509], [138.92948, 35.60474], [138.92938, 35.60471], [138.92706, 35.60407], [138.92685, 35.60401], [138.92645, 35.60389], [138.92638, 35.60387], [138.92581, 35.60363], [138.92514, 35.60325], [138.92349, 35.60228], [138.923, 35.602], [138.9226, 35.60179], [138.92162, 35.6014], [138.92114, 35.60118], [138.92061, 35.60094], [138.91989, 35.60054], [138.9196, 35.60037], [138.91772, 35.59925], [138.91718, 35.59904], [138.91715, 35.59903], [138.9169, 35.59894], [138.91657, 35.59885], [138.91614, 35.59877], [138.91584, 35.59874], [138.91525, 35.59871], [138.91516, 35.59871], [138.9144, 35.59868], [138.91345, 35.59864], [138.91332, 35.59863], [138.91226, 35.59858], [138.91192, 35.59859], [138.91148, 35.5986], [138.91117, 35.59866], [138.91088, 35.59874], [138.91058, 35.59885], [138.91013, 35.59913], [138.90974, 35.59933], [138.90948, 35.59944], [138.90919, 35.59955], [138.90853, 35.59973], [138.90848, 35.59974], [138.90821, 35.5998], [138.90754, 35.59995], [138.90647, 35.60017], [138.90639, 35.60018], [138.90603, 35.60026], [138.90595, 35.60028], [138.90564, 35.60034], [138.90458, 35.60053], [138.90449, 35.60055], [138.90414, 35.60062], [138.90378, 35.60069], [138.90215, 35.601], [138.90143, 35.60109], [138.90122, 35.6011], [138.90064, 35.60106], [138.90026, 35.60101], [138.90023, 35.60101], [138.89965, 35.60087], [138.89918, 35.60071], [138.89863, 35.60047], [138.89751, 35.59984], [138.89724, 35.59973], [138.89688, 35.59963], [138.89507, 35.59912], [138.89373, 35.59875], [138.89261, 35.59844], [138.89243, 35.59835], [138.89221, 35.59824], [138.89147, 35.59773], [138.89078, 35.59725], [138.88935, 35.59621], [138.88828, 35.59547], [138.88761, 35.59507], [138.88696, 35.59484], [138.88652, 35.59473], [138.88595, 35.59458], [138.88547, 35.59446], [138.88516, 35.5944]]}, "properties": {"id": "GEOM_TOKYO_2797", "route_id": "R_3F47F0D7", "route_name": null, "route_color": "#F15A24", "route_text_color": null, "line_name": "中央線", "operator_id": "jr_east", "representation": "service_path", "min_zoom": 0, "max_zoom": 24, "offset_rank": 0}}, {"type": "Feature", "bbox": [139.01395, 35.60438, 139.03485, 35.60825], "geometry": {"type": "LineString", "coordinates": [[139.01395, 35.60735], [139.01415, 35.6072], [139.01519, 35.60623], [139.01566, 35.60583], [139.01609, 35.60546], [139.01688, 35.60498], [139.01731, 35.60478], [139.01771, 35.60464], [139.01815, 35.60452], [139.01865, 35.60445], [139.01905, 35.60442], [139.02058, 35.60442], [139.02209, 35.6044], [139.02266, 35.6044], [139.02327, 35.60438], [139.02342, 35.60439], [139.02398, 35.60441], [139.02452, 35.60445], [139.02527, 35.60454], [139.0258, 35.60465], [139.02622, 35.60477], [139.02655, 35.60489], [139.027, 35.60506], [139.0274, 35.60528], [139.02859, 35.60607], [139.02887, 35.60624], [139.02909, 35.60641], [139.02953, 35.6069], [139.0296, 35.60696], [139.03008, 35.60734], [139.03029, 35.60747], [139.03072, 35.60771], [139.03123, 35.60794], [139.0316, 35.60806], [139.03194, 35.60812], [139.03231, 35.60821], [139.03271, 35.60823], [139.03315, 35.60825], [139.03348, 35.60824], [139.034, 35.60817], [139.03485, 35.608]]}, "properties": {"id": "GEOM_TOKYO_2798", "route_id": "R_3F47F0D7", "route_name": null, "route_color": "#F15A24", "route_text_color": null, "line_name": "中央線", "operator_id": "jr_east", "representation": "service_path", "min_zoom": 0, "max_zoom": 24, "offset_rank": 0}}, {"type": "Feature", "bbox": [139.12084, 35.61784, 139.14111, 35.62094], "geometry": {"type": "LineString", "coordinates": [[139.12084, 35.62018], [139.12123, 35.62021], [139.12183, 35.62025], [139.12206, 35.62022], [139.12255, 35.62022], [139.12306, 35.62025], [139.12541, 35.62068], [139.12566, 35.62074], [139.1261, 35.62091], [139.12634, 35.62092], [139.12641, 35.62093], [139.12669, 35.62094], [139.12798, 35.6209], [139.12863, 35.62087], [139.12887, 35.62086], [139.12987, 35.62082], [139.13186, 35.62074], [139.1322, 35.62073], [139.13263, 35.62071], [139.1333, 35.62072], [139.1353, 35.62063], [139.13588, 35.62056], [139.1363, 35.62049], [139.13644, 35.62046], [139.13735, 35.62016], [139.13829, 35.61978], [139.13879, 35.61948], [139.13943, 35.61913], [139.14, 35.61871], [139.14035, 35.61843], [139.14083, 35.61806], [139.14111, 35.61784]]}, "properties": {"id": "GEOM_TOKYO_2799", "route_id": "R_3F47F0D7", "route_name": null, "route_color": "#F15A24", "route_text_color": null, "line_name": "中央線", "operator_id": "jr_east", "representation": "service_path", "min_zoom": 0, "max_zoom": 24, "offset_rank": 0}}, {"type": "Feature", "bbox": [139.25807, 35.63996, 139.28133, 35.64202], "geometry": {"type": "LineString", "coordinates": [[139.28133, 35.64192], [139.28066, 35.64168], [139.28011, 35.64152], [139.27962, 35.64139], [139.27886, 35.64127], [139.27814, 35.64119], [139.27716, 35.64112], [139.27687, 35.64112], [139.27668, 35.64113], [139.27635, 35.64116], [139.27533, 35.64127], [139.27446, 35.64135], [139.27374, 35.64142], [139.27203, 35.64157], [139.2707, 35.64169], [139.27001, 35.64175], [139.26906, 35.64184], [139.26776, 35.64195], [139.2672, 35.642], [139.26669, 35.64202], [139.26637, 35.64201], [139.26626, 35.642], [139.26578, 35.64195], [139.26523, 35.64185], [139.26486, 35.64175], [139.26307, 35.64128], [139.26231, 35.64108], [139.26145, 35.64083], [139.25973, 35.6404], [139.25807, 35.63996]]}, "properties": {"id": "GEOM_TOKYO_2800", "route_id": "R_3F47F0D7", "route_name": null, "route_color": "#F15A24", "route_text_color": null, "line_name": "中央線", "operator_id": "jr_east", "representation": "service_path", "min_zoom": 0, "max_zoom": 24, "offset_rank": 0}}, {"type": "Feature", "bbox": [138.96693, 35.61237, 138.96983, 35.61341], "geometry": {"type": "LineString", "coordinates": [[138.96983, 35.61341], [138.96701, 35.61239], [138.96693, 35.61237]]}, "properties": {"id": "GEOM_TOKYO_2801", "route_id": "R_3F47F0D7", "route_name": null, "route_color": "#F15A24", "route_text_color": null, "line_name": "中央線", "operator_id": "jr_east", "representation": "service_path", "min_zoom": 0, "max_zoom": 24, "offset_rank": 0}}, {"type": "Feature", "bbox": [138.78276, 35.60415, 138.81989, 35.63903], "geometry": {"type": "LineString", "coordinates": [[138.81989, 35.60415], [138.81943, 35.60434], [138.81915, 35.60446], [138.81854, 35.60484], [138.8185, 35.60487], [138.81827, 35.60504], [138.81799, 35.60525], [138.8176, 35.60558], [138.81582, 35.60733], [138.81255, 35.61059], [138.81054, 35.61253], [138.80341, 35.61943], [138.80171, 35.62108], [138.80126, 35.62152], [138.79957, 35.62318], [138.79468, 35.62805], [138.79225, 35.63048], [138.79093, 35.63174], [138.78758, 35.63497], [138.78443, 35.63801], [138.78437, 35.63807], [138.78417, 35.63822], [138.78413, 35.63826], [138.78363, 35.63859], [138.78342, 35.63871], [138.78327, 35.63879], [138.78276, 35.63903]]}, "properties": {"id": "GEOM_TOKYO_2802", "route_id": "R_3F47F0D7", "route_name": null, "route_color": "#F15A24", "route_text_color": null, "line_name": "中央線", "operator_id": "jr_east", "representation": "service_path", "min_zoom": 0, "max_zoom": 24, "offset_rank": 0}}, {"type": "Feature", "bbox": [138.78276, 35.60415, 138.81989, 35.63903], "geometry": {"type": "LineString", "coordinates": [[138.78276, 35.63903], [138.78293, 35.6389], [138.78329, 35.63864], [138.78367, 35.63833], [138.78393, 35.63809], [138.78403, 35.638], [138.78412, 35.63792], [138.78418, 35.63785], [138.78733, 35.6348], [138.79194, 35.63034], [138.79443, 35.62787], [138.80079, 35.62158], [138.80147, 35.62092], [138.80307, 35.61937], [138.81021, 35.61248], [138.81223, 35.61052], [138.81363, 35.60914], [138.81553, 35.60723], [138.81725, 35.60552], [138.81766, 35.60517], [138.81777, 35.60508], [138.8179, 35.60498], [138.81848, 35.60463], [138.81892, 35.60441], [138.8195, 35.60422], [138.81989, 35.60415]]}, "properties": {"id": "GEOM_TOKYO_2803", "route_id": "R_3F47F0D7", "route_name": null, "route_color": "#F15A24", "route_text_color": null, "line_name": "中央線", "operator_id": "jr_east", "representation": "service_path", "min_zoom": 0, "max_zoom": 24, "offset_rank": 0}}, {"type": "Feature", "bbox": [139.15203, 35.61513, 139.15813, 35.61592], "geometry": {"type": "LineString", "coordinates": [[139.15203, 35.61592], [139.15209, 35.61592], [139.15238, 35.61587], [139.15598, 35.61543], [139.15813, 35.61513]]}, "properties": {"id": "GEOM_TOKYO_2804", "route_id": "R_3F47F0D7", "route_name": null, "route_color": "#F15A24", "route_text_color": null, "line_name": "中央線", "operator_id": "jr_east", "representation": "service_path", "min_zoom": 0, "max_zoom": 24, "offset_rank": 0}}, {"type": "Feature", "bbox": [139.19863, 35.62174, 139.20444, 35.63001], "geometry": {"type": "LineString", "coordinates": [[139.19863, 35.62174], [139.19905, 35.62236], [139.19971, 35.62323], [139.20096, 35.62505], [139.20119, 35.62538], [139.20145, 35.62575], [139.202, 35.62654], [139.2042, 35.62978], [139.20444, 35.63001]]}, "properties": {"id": "GEOM_TOKYO_2805", "route_id": "R_3F47F0D7", "route_name": null, "route_color": "#F15A24", "route_text_color": null, "line_name": "中央線", "operator_id": "jr_east", "representation": "service_path", "min_zoom": 0, "max_zoom": 24, "offset_rank": 0}}, {"type": "Feature", "bbox": [139.28133, 35.64192, 139.28394, 35.64283], "geometry": {"type": "LineString", "coordinates": [[139.28394, 35.64283], [139.28133, 35.64192]]}, "properties": {"id": "GEOM_TOKYO_2806", "route_id": "R_3F47F0D7", "route_name": null, "route_color": "#F15A24", "route_text_color": null, "line_name": "中央線", "operator_id": "jr_east", "representation": "service_path", "min_zoom": 0, "max_zoom": 24, "offset_rank": 0}}, {"type": "Feature", "bbox": [138.96983, 35.60798, 139.00221, 35.61392], "geometry": {"type": "LineString", "coordinates": [[139.00221, 35.60798], [139.00154, 35.60798], [138.99871, 35.60811], [138.99748, 35.60819], [138.99684, 35.60823], [138.99659, 35.60824], [138.99311, 35.60843], [138.99277, 35.60844], [138.99157, 35.60849], [138.99026, 35.60855], [138.99015, 35.60856], [138.98803, 35.60869], [138.98762, 35.60871], [138.98654, 35.60881], [138.98611, 35.60887], [138.9855, 35.60907], [138.98436, 35.60959], [138.98409, 35.60973], [138.98338, 35.61012], [138.98261, 35.61057], [138.98161, 35.61116], [138.98077, 35.61167], [138.98025, 35.61198], [138.97988, 35.61219], [138.97939, 35.6125], [138.97917, 35.61262], [138.97883, 35.6128], [138.97853, 35.61292], [138.97803, 35.6131], [138.97705, 35.61333], [138.97661, 35.6134], [138.97631, 35.61344], [138.97453, 35.6137], [138.97399, 35.61379], [138.97347, 35.61384], [138.9732, 35.61386], [138.97302, 35.61388], [138.97269, 35.6139], [138.97233, 35.61392], [138.9719, 35.61392], [138.97154, 35.61389], [138.97132, 35.61385], [138.97104, 35.61381], [138.97061, 35.61368], [138.96989, 35.61343], [138.96983, 35.61341]]}, "properties": {"id": "GEOM_TOKYO_2807", "route_id": "R_3F47F0D7", "route_name": null, "route_color": "#F15A24", "route_text_color": null, "line_name": "中央線", "operator_id": "jr_east", "representation": "service_path", "min_zoom": 0, "max_zoom": 24, "offset_rank": 0}}, {"type": "Feature", "bbox": [139.16353, 35.61644, 139.18743, 35.62203], "geometry": {"type": "LineString", "coordinates": [[139.18743, 35.61761], [139.18679, 35.61778], [139.18507, 35.61824], [139.18399, 35.61856], [139.18342, 35.61879], [139.18289, 35.61904], [139.18198, 35.61949], [139.18102, 35.61999], [139.18066, 35.62013], [139.17885, 35.62078], [139.17819, 35.62095], [139.1777, 35.6211], [139.17716, 35.62126], [139.17504, 35.62184], [139.17482, 35.62189], [139.1745, 35.62195], [139.17414, 35.622], [139.17399, 35.62201], [139.17366, 35.62203], [139.17341, 35.62203], [139.1732, 35.62202], [139.17292, 35.62199], [139.1724, 35.62188], [139.17194, 35.62177], [139.17169, 35.6217], [139.17142, 35.6216], [139.17124, 35.62149], [139.17112, 35.62143], [139.1711, 35.62142], [139.17084, 35.62127], [139.17078, 35.62123], [139.16892, 35.62], [139.16836, 35.61963], [139.16805, 35.61943], [139.16599, 35.61809], [139.16409, 35.61684], [139.16368, 35.61655], [139.16353, 35.61644]]}, "properties": {"id": "GEOM_TOKYO_2808", "route_id": "R_3F47F0D7", "route_name": null, "route_color": "#F15A24", "route_text_color": null, "line_name": "中央線", "operator_id": "jr_east", "representation": "service_path", "min_zoom": 0, "max_zoom": 24, "offset_rank": 0}}, {"type": "Feature", "bbox": [139.18743, 35.61702, 139.18962, 35.61761], "geometry": {"type": "LineString", "coordinates": [[139.18743, 35.61761], [139.18962, 35.61702]]}, "properties": {"id": "GEOM_TOKYO_2809", "route_id": "R_3F47F0D7", "route_name": null, "route_color": "#F15A24", "route_text_color": null, "line_name": "中央線", "operator_id": "jr_east", "representation": "service_path", "min_zoom": 0, "max_zoom": 24, "offset_rank": 0}}, {"type": "Feature", "bbox": [139.03632, 35.60542, 139.03828, 35.60711], "geometry": {"type": "LineString", "coordinates": [[139.03828, 35.60542], [139.03632, 35.60711]]}, "properties": {"id": "GEOM_TOKYO_2810", "route_id": "R_3F47F0D7", "route_name": null, "route_color": "#F15A24", "route_text_color": null, "line_name": "中央線", "operator_id": "jr_east", "representation": "service_path", "min_zoom": 0, "max_zoom": 24, "offset_rank": 0}}, {"type": "Feature", "bbox": [139.03828, 35.60528, 139.03846, 35.60542], "geometry": {"type": "LineString", "coordinates": [[139.03828, 35.60542], [139.03846, 35.60528]]}, "properties": {"id": "GEOM_TOKYO_2811", "route_id": "R_3F47F0D7", "route_name": null, "route_color": "#F15A24", "route_text_color": null, "line_name": "中央線", "operator_id": "jr_east", "representation": "service_path", "min_zoom": 0, "max_zoom": 24, "offset_rank": 0}}, {"type": "Feature", "bbox": [139.15813, 35.61495, 139.16353, 35.61644], "geometry": {"type": "LineString", "coordinates": [[139.15813, 35.61513], [139.15855, 35.61506], [139.15916, 35.61498], [139.15953, 35.61495], [139.15995, 35.61496], [139.16036, 35.61503], [139.1613, 35.61523], [139.16172, 35.61536], [139.16211, 35.61555], [139.16249, 35.61574], [139.16288, 35.61596], [139.16353, 35.61644]]}, "properties": {"id": "GEOM_TOKYO_2812", "route_id": "R_3F47F0D7", "route_name": null, "route_color": "#F15A24", "route_text_color": null, "line_name": "中央線", "operator_id": "jr_east", "representation": "service_path", "min_zoom": 0, "max_zoom": 24, "offset_rank": 0}}, {"type": "Feature", "bbox": [139.15813, 35.61513, 139.16353, 35.61644], "geometry": {"type": "LineString", "coordinates": [[139.15813, 35.61513], [139.1591, 35.61515], [139.15969, 35.61519], [139.16033, 35.61528], [139.16092, 35.6154], [139.16156, 35.61556], [139.16198, 35.61571], [139.16218, 35.61578], [139.16283, 35.61608], [139.16334, 35.61634], [139.16353, 35.61644]]}, "properties": {"id": "GEOM_TOKYO_2813", "route_id": "R_3F47F0D7", "route_name": null, "route_color": "#F15A24", "route_text_color": null, "line_name": "中央線", "operator_id": "jr_east", "representation": "service_path", "min_zoom": 0, "max_zoom": 24, "offset_rank": 0}}, {"type": "Feature", "bbox": [138.74344, 35.64009, 138.77831, 35.67086], "geometry": {"type": "LineString", "coordinates": [[138.74344, 35.67086], [138.74358, 35.67043], [138.74368, 35.67023], [138.74373, 35.67012], [138.74394, 35.66989], [138.74533, 35.66838], [138.74687, 35.66669], [138.74806, 35.66536], [138.74962, 35.66362], [138.75317, 35.65947], [138.75334, 35.65926], [138.75633, 35.65607], [138.75752, 35.65481], [138.75763, 35.65469], [138.76436, 35.64753], [138.76473, 35.64716], [138.76503, 35.64683], [138.76523, 35.64659], [138.76547, 35.64618], [138.76567, 35.64585], [138.76583, 35.64551], [138.76597, 35.6453], [138.76619, 35.64511], [138.76654, 35.64478], [138.76667, 35.64466], [138.76698, 35.64441], [138.76717, 35.64429], [138.7674, 35.64418], [138.76764, 35.6441], [138.76802, 35.64398], [138.76818, 35.64395], [138.76832, 35.64395], [138.76856, 35.64394], [138.76991, 35.64395], [138.77129, 35.64399], [138.77171, 35.64399], [138.77209, 35.64396], [138.77249, 35.64391], [138.77286, 35.64381], [138.77293, 35.64376], [138.77299, 35.64371], [138.77532, 35.64162], [138.77563, 35.64133], [138.77572, 35.64125], [138.77593, 35.64107], [138.77611, 35.64092], [138.77638, 35.64072], [138.77669, 35.64053], [138.77696, 35.6404], [138.77735, 35.64028], [138.77831, 35.64009]]}, "properties": {"id": "GEOM_TOKYO_2814", "route_id": "R_3F47F0D7", "route_name": null, "route_color": "#F15A24", "route_text_color": null, "line_name": "中央線", "operator_id": "jr_east", "representation": "service_path", "min_zoom": 0, "max_zoom": 24, "offset_rank": 0}}, {"type": "Feature", "bbox": [138.74344, 35.64009, 138.77831, 35.67086], "geometry": {"type": "LineString", "coordinates": [[138.74344, 35.67086], [138.74365, 35.67057], [138.74397, 35.67017], [138.74425, 35.66989], [138.74544, 35.66857], [138.74687, 35.667], [138.74691, 35.66696], [138.7535, 35.65971], [138.75373, 35.65947], [138.75374, 35.65945], [138.75676, 35.65615], [138.75788, 35.65494], [138.75893, 35.65379], [138.7645, 35.64771], [138.76457, 35.64764], [138.76557, 35.64651], [138.76564, 35.64643], [138.7664, 35.64573], [138.76673, 35.64544], [138.76711, 35.64522], [138.76724, 35.64513], [138.76764, 35.64497], [138.76777, 35.64493], [138.76792, 35.64489], [138.76853, 35.64479], [138.77001, 35.64476], [138.7702, 35.64472], [138.77121, 35.64474], [138.77142, 35.6448], [138.77161, 35.6448], [138.77198, 35.64472], [138.77232, 35.64463], [138.77258, 35.64452], [138.77286, 35.64433], [138.77307, 35.64421], [138.77336, 35.644], [138.77369, 35.64367], [138.77565, 35.64184], [138.77674, 35.64083], [138.77769, 35.64039], [138.77831, 35.64009]]}, "properties": {"id": "GEOM_TOKYO_2815", "route_id": "R_3F47F0D7", "route_name": null, "route_color": "#F15A24", "route_text_color": null, "line_name": "中央線", "operator_id": "jr_east", "representation": "service_path", "min_zoom": 0, "max_zoom": 24, "offset_rank": 0}}, {"type": "Feature", "bbox": [138.48855, 35.68095, 138.49736, 35.68703], "geometry": {"type": "LineString", "coordinates": [[138.48855, 35.68703], [138.48954, 35.68607], [138.48995, 35.68568], [138.49041, 35.68523], [138.49061, 35.68505], [138.49085, 35.68486], [138.49156, 35.68443], [138.49217, 35.68405], [138.49241, 35.6839], [138.4926, 35.68379], [138.494, 35.68296], [138.4956, 35.682], [138.49689, 35.68122], [138.4971, 35.6811], [138.49736, 35.68095]]}, "properties": {"id": "GEOM_TOKYO_2836", "route_id": "R_3F47F0D7", "route_name": null, "route_color": "#F15A24", "route_text_color": null, "line_name": "中央線", "operator_id": "jr_east", "representation": "service_path", "min_zoom": 0, "max_zoom": 24, "offset_rank": 0}}, {"type": "Feature", "bbox": [138.49736, 35.66836, 138.50649, 35.68095], "geometry": {"type": "LineString", "coordinates": [[138.50649, 35.66836], [138.50628, 35.66837], [138.50607, 35.66839], [138.50594, 35.66841], [138.50575, 35.66844], [138.50549, 35.6685], [138.50523, 35.66857], [138.50494, 35.66866], [138.50477, 35.66872], [138.50455, 35.66879], [138.5045, 35.66881], [138.50407, 35.66898], [138.50366, 35.66917], [138.50329, 35.6694], [138.50288, 35.66965], [138.50251, 35.66988], [138.50225, 35.67007], [138.50212, 35.6702], [138.50184, 35.67053], [138.5016, 35.67081], [138.50133, 35.67121], [138.50113, 35.67153], [138.50098, 35.67181], [138.50082, 35.67219], [138.50071, 35.67246], [138.50058, 35.67286], [138.50051, 35.67315], [138.50039, 35.67379], [138.50037, 35.67387], [138.50029, 35.67435], [138.50018, 35.67498], [138.50013, 35.67522], [138.50009, 35.67546], [138.50006, 35.67572], [138.50004, 35.67587], [138.49999, 35.67628], [138.49991, 35.67668], [138.49986, 35.67697], [138.4998, 35.67725], [138.49972, 35.67757], [138.49963, 35.67788], [138.49953, 35.6782], [138.4994, 35.67854], [138.49926, 35.67887], [138.4991, 35.67917], [138.49899, 35.67936], [138.49887, 35.67952], [138.4987, 35.67975], [138.49847, 35.68001], [138.49825, 35.68022], [138.49799, 35.68046], [138.49795, 35.68049], [138.49781, 35.68061], [138.49771, 35.6807], [138.49736, 35.68095]]}, "properties": {"id": "GEOM_TOKYO_2837", "route_id": "R_3F47F0D7", "route_name": null, "route_color": "#F15A24", "route_text_color": null, "line_name": "中央線", "operator_id": "jr_east", "representation": "service_path", "min_zoom": 0, "max_zoom": 24, "offset_rank": 0}}, {"type": "Feature", "bbox": [138.50649, 35.66834, 138.51794, 35.66863], "geometry": {"type": "LineString", "coordinates": [[138.51794, 35.66863], [138.5167, 35.6686], [138.51403, 35.66852], [138.51107, 35.66843], [138.50783, 35.66834], [138.50767, 35.66834], [138.50743, 35.66834], [138.50726, 35.66834], [138.50667, 35.66835], [138.50649, 35.66836]]}, "properties": {"id": "GEOM_TOKYO_2838", "route_id": "R_3F47F0D7", "route_name": null, "route_color": "#F15A24", "route_text_color": null, "line_name": "中央線", "operator_id": "jr_east", "representation": "service_path", "min_zoom": 0, "max_zoom": 24, "offset_rank": 0}}, {"type": "Feature", "bbox": [138.49736, 35.66836, 138.50649, 35.68095], "geometry": {"type": "LineString", "coordinates": [[138.50649, 35.66836], [138.50627, 35.66839], [138.50602, 35.66843], [138.50574, 35.6685], [138.50549, 35.66858], [138.50523, 35.66867], [138.50483, 35.66883], [138.50464, 35.66891], [138.50451, 35.66896], [138.50416, 35.66912], [138.50373, 35.66935], [138.5034, 35.66956], [138.50293, 35.66988], [138.50273, 35.67001], [138.5025, 35.6702], [138.50233, 35.67037], [138.50205, 35.67066], [138.50181, 35.67095], [138.50156, 35.67131], [138.50137, 35.67164], [138.50124, 35.6719], [138.50106, 35.67229], [138.50097, 35.67253], [138.50087, 35.67287], [138.50086, 35.67292], [138.5008, 35.6732], [138.50069, 35.67383], [138.50068, 35.67393], [138.50062, 35.6744], [138.50055, 35.67504], [138.50051, 35.67558], [138.50047, 35.67591], [138.50045, 35.67609], [138.50043, 35.67632], [138.50037, 35.67679], [138.50032, 35.67707], [138.50026, 35.67736], [138.50016, 35.67768], [138.50004, 35.67801], [138.49992, 35.67831], [138.49978, 35.6786], [138.4996, 35.67891], [138.49941, 35.6792], [138.49926, 35.67942], [138.49907, 35.67964], [138.4989, 35.67982], [138.49871, 35.68001], [138.49853, 35.68018], [138.49833, 35.68034], [138.49804, 35.68054], [138.49802, 35.68055], [138.49785, 35.68066], [138.49771, 35.68075], [138.49754, 35.68085], [138.49736, 35.68095]]}, "properties": {"id": "GEOM_TOKYO_2839", "route_id": "R_3F47F0D7", "route_name": null, "route_color": "#F15A24", "route_text_color": null, "line_name": "中央線", "operator_id": "jr_east", "representation": "service_path", "min_zoom": 0, "max_zoom": 24, "offset_rank": 0}}, {"type": "Feature", "bbox": [139.19782, 35.62093, 139.19863, 35.62174], "geometry": {"type": "LineString", "coordinates": [[139.19782, 35.62093], [139.19787, 35.62098], [139.19863, 35.62174]]}, "properties": {"id": "GEOM_TOKYO_2840", "route_id": "R_3F47F0D7", "route_name": null, "route_color": "#F15A24", "route_text_color": null, "line_name": "中央線", "operator_id": "jr_east", "representation": "service_path", "min_zoom": 0, "max_zoom": 24, "offset_rank": 0}}, {"type": "Feature", "bbox": [139.19161, 35.6171, 139.19782, 35.62093], "geometry": {"type": "LineString", "coordinates": [[139.19161, 35.6171], [139.1923, 35.61717], [139.19279, 35.61732], [139.19347, 35.61755], [139.1941, 35.61788], [139.1945, 35.61812], [139.19538, 35.61863], [139.19604, 35.61917], [139.19616, 35.61927], [139.19739, 35.62048], [139.19782, 35.62093]]}, "properties": {"id": "GEOM_TOKYO_2841", "route_id": "R_3F47F0D7", "route_name": null, "route_color": "#F15A24", "route_text_color": null, "line_name": "中央線", "operator_id": "jr_east", "representation": "service_path", "min_zoom": 0, "max_zoom": 24, "offset_rank": 0}}, {"type": "Feature", "bbox": [139.19161, 35.6171, 139.19782, 35.62093], "geometry": {"type": "LineString", "coordinates": [[139.19161, 35.6171], [139.19226, 35.61731], [139.19314, 35.61772], [139.19377, 35.61812], [139.19405, 35.61837], [139.1948, 35.61901], [139.19558, 35.6196], [139.19578, 35.61977], [139.1963, 35.62007], [139.19675, 35.62032], [139.19718, 35.62055], [139.19754, 35.62076], [139.19782, 35.62093]]}, "properties": {"id": "GEOM_TOKYO_2842", "route_id": "R_3F47F0D7", "route_name": null, "route_color": "#F15A24", "route_text_color": null, "line_name": "中央線", "operator_id": "jr_east", "representation": "service_path", "min_zoom": 0, "max_zoom": 24, "offset_rank": 0}}, {"type": "Feature", "bbox": [139.53392, 35.39917, 139.5347, 35.4017], "geometry": {"type": "LineString", "coordinates": [[139.53392, 35.4017], [139.5342, 35.40076], [139.53433, 35.40034], [139.53448, 35.3999], [139.53458, 35.39956], [139.53468, 35.39926], [139.5347, 35.39917]]}, "properties": {"id": "GEOM_TOKYO_2911", "route_id": "R_09EB5226", "route_name": null, "route_color": "#F28E1C", "route_text_color": null, "line_name": "東海道線", "operator_id": "jr_east", "representation": "service_path", "min_zoom": 0, "max_zoom": 24, "offset_rank": 0}}, {"type": "Feature", "bbox": [139.52918, 35.35542, 139.53574, 35.39917], "geometry": {"type": "LineString", "coordinates": [[139.5347, 35.39917], [139.53473, 35.39908], [139.53511, 35.39793], [139.53536, 35.3971], [139.53552, 35.39659], [139.53567, 35.39597], [139.53572, 35.39519], [139.53574, 35.39447], [139.53564, 35.39349], [139.53548, 35.39179], [139.53545, 35.39148], [139.53524, 35.38921], [139.535, 35.38661], [139.53476, 35.38394], [139.53463, 35.3828], [139.53458, 35.38238], [139.53444, 35.38134], [139.53433, 35.3808], [139.5342, 35.38026], [139.53406, 35.37982], [139.53362, 35.37875], [139.53296, 35.37736], [139.5321, 35.3758], [139.53199, 35.3756], [139.53176, 35.37521], [139.5316, 35.37492], [139.5313, 35.37438], [139.53113, 35.37405], [139.53083, 35.37354], [139.5306, 35.37313], [139.52997, 35.37173], [139.52971, 35.37118], [139.52956, 35.37072], [139.52952, 35.37034], [139.52957, 35.36993], [139.52971, 35.36915], [139.53001, 35.3679], [139.53025, 35.36704], [139.5304, 35.3665], [139.53045, 35.3662], [139.53045, 35.36602], [139.53043, 35.36576], [139.53039, 35.36545], [139.53021, 35.36478], [139.53007, 35.36445], [139.52995, 35.36415], [139.52984, 35.36386], [139.52959, 35.36325], [139.52936, 35.36266], [139.52923, 35.362], [139.52918, 35.36156], [139.52922, 35.36091], [139.52938, 35.36036], [139.52965, 35.35979], [139.53002, 35.35926], [139.53077, 35.35829], [139.53133, 35.35755], [139.53156, 35.3571], [139.5317, 35.35671], [139.53175, 35.35627], [139.53173, 35.35591], [139.53164, 35.35542]]}, "properties": {"id": "GEOM_TOKYO_2912", "route_id": "R_09EB5226", "route_name": null, "route_color": "#F28E1C", "route_text_color": null, "line_name": "東海道線", "operator_id": "jr_east", "representation": "service_path", "min_zoom": 0, "max_zoom": 24, "offset_rank": 0}}, {"type": "Feature", "bbox": [139.44401, 35.33674, 139.44778, 35.33695], "geometry": {"type": "LineString", "coordinates": [[139.44401, 35.33674], [139.44778, 35.33695]]}, "properties": {"id": "GEOM_TOKYO_2913", "route_id": "R_09EB5226", "route_name": null, "route_color": "#F28E1C", "route_text_color": null, "line_name": "東海道線", "operator_id": "jr_east", "representation": "service_path", "min_zoom": 0, "max_zoom": 24, "offset_rank": 0}}, {"type": "Feature", "bbox": [139.4064, 35.33007, 139.4096, 35.33122], "geometry": {"type": "LineString", "coordinates": [[139.4096, 35.33122], [139.40696, 35.33026], [139.40657, 35.33013], [139.4064, 35.33007]]}, "properties": {"id": "GEOM_TOKYO_2914", "route_id": "R_09EB5226", "route_name": null, "route_color": "#F28E1C", "route_text_color": null, "line_name": "東海道線", "operator_id": "jr_east", "representation": "service_path", "min_zoom": 0, "max_zoom": 24, "offset_rank": 0}}, {"type": "Feature", "bbox": [139.44778, 35.33695, 139.48473, 35.33876], "geometry": {"type": "LineString", "coordinates": [[139.44778, 35.33695], [139.44906, 35.33699], [139.45202, 35.33712], [139.45519, 35.33729], [139.45769, 35.33741], [139.45789, 35.33742], [139.46055, 35.33755], [139.46335, 35.3377], [139.46614, 35.33784], [139.46895, 35.33798], [139.46967, 35.33801], [139.4729, 35.33817], [139.47367, 35.33821], [139.47692, 35.33838], [139.48087, 35.33855], [139.48319, 35.33869], [139.48473, 35.33876]]}, "properties": {"id": "GEOM_TOKYO_2915", "route_id": "R_09EB5226", "route_name": null, "route_color": "#F28E1C", "route_text_color": null, "line_name": "東海道線", "operator_id": "jr_east", "representation": "service_path", "min_zoom": 0, "max_zoom": 24, "offset_rank": 0}}, {"type": "Feature", "bbox": [139.53605, 35.41219, 139.55652, 35.42876], "geometry": {"type": "LineString", "coordinates": [[139.53605, 35.41219], [139.53663, 35.41287], [139.53735, 35.41347], [139.5379, 35.41386], [139.53835, 35.41414], [139.53892, 35.41445], [139.53977, 35.41492], [139.54168, 35.41596], [139.54319, 35.41674], [139.5451, 35.41773], [139.54675, 35.41862], [139.54762, 35.41908], [139.54922, 35.41994], [139.55065, 35.42063], [139.55143, 35.42106], [139.55183, 35.42128], [139.55292, 35.422], [139.55357, 35.42258], [139.55409, 35.42317], [139.5545, 35.4237], [139.55493, 35.42438], [139.55527, 35.42514], [139.55595, 35.42676], [139.55633, 35.42775], [139.55642, 35.42805], [139.55652, 35.42876]]}, "properties": {"id": "GEOM_TOKYO_2916", "route_id": "R_09EB5226", "route_name": null, "route_color": "#F28E1C", "route_text_color": null, "line_name": "東海道線", "operator_id": "jr_east", "representation": "service_path", "min_zoom": 0, "max_zoom": 24, "offset_rank": 0}}, {"type": "Feature", "bbox": [139.55649, 35.42876, 139.55652, 35.43115], "geometry": {"type": "LineString", "coordinates": [[139.55652, 35.42876], [139.55651, 35.42939], [139.5565, 35.43017], [139.5565, 35.43057], [139.55649, 35.43115]]}, "properties": {"id": "GEOM_TOKYO_2917", "route_id": "R_09EB5226", "route_name": null, "route_color": "#F28E1C", "route_text_color": null, "line_name": "東海道線", "operator_id": "jr_east", "representation": "service_path", "min_zoom": 0, "max_zoom": 24, "offset_rank": 0}}, {"type": "Feature", "bbox": [139.48473, 35.33876, 139.48811, 35.3389], "geometry": {"type": "LineString", "coordinates": [[139.48473, 35.33876], [139.48604, 35.33882], [139.4878, 35.33889], [139.48811, 35.3389]]}, "properties": {"id": "GEOM_TOKYO_2918", "route_id": "R_09EB5226", "route_name": null, "route_color": "#F28E1C", "route_text_color": null, "line_name": "東海道線", "operator_id": "jr_east", "representation": "service_path", "min_zoom": 0, "max_zoom": 24, "offset_rank": 0}}, {"type": "Feature", "bbox": [139.53372, 35.4017, 139.53605, 35.41219], "geometry": {"type": "LineString", "coordinates": [[139.53392, 35.4017], [139.53379, 35.40252], [139.53372, 35.40344], [139.53373, 35.40375], [139.53383, 35.40452], [139.5341, 35.40639], [139.53433, 35.40812], [139.5345, 35.40907], [139.53459, 35.40956], [139.53477, 35.41002], [139.53499, 35.41048], [139.53506, 35.41059], [139.53534, 35.4111], [139.53568, 35.41168], [139.53605, 35.41219]]}, "properties": {"id": "GEOM_TOKYO_2919", "route_id": "R_09EB5226", "route_name": null, "route_color": "#F28E1C", "route_text_color": null, "line_name": "東海道線", "operator_id": "jr_east", "representation": "service_path", "min_zoom": 0, "max_zoom": 24, "offset_rank": 0}}, {"type": "Feature", "bbox": [139.48811, 35.33587, 139.53069, 35.35289], "geometry": {"type": "LineString", "coordinates": [[139.53069, 35.35289], [139.5306, 35.35267], [139.53023, 35.35183], [139.52967, 35.35081], [139.52925, 35.35026], [139.52896, 35.34999], [139.52847, 35.34964], [139.52773, 35.34916], [139.52685, 35.34864], [139.52597, 35.34816], [139.52541, 35.34786], [139.5217, 35.34587], [139.51978, 35.34483], [139.51972, 35.3448], [139.51948, 35.34468], [139.51922, 35.34454], [139.51871, 35.34427], [139.51647, 35.34305], [139.5162, 35.34291], [139.51367, 35.34155], [139.51283, 35.3411], [139.50922, 35.33915], [139.50631, 35.33759], [139.50537, 35.33708], [139.5044, 35.33661], [139.50425, 35.33655], [139.50406, 35.33645], [139.5037, 35.33632], [139.5033, 35.33616], [139.50282, 35.33606], [139.50232, 35.33596], [139.50186, 35.33591], [139.50136, 35.33587], [139.50121, 35.33588], [139.50008, 35.33599], [139.49908, 35.3362], [139.49829, 35.33638], [139.49775, 35.33654], [139.49756, 35.33661], [139.49714, 35.33673], [139.4968, 35.33682], [139.49534, 35.33722], [139.49438, 35.33746], [139.49392, 35.33759], [139.49277, 35.33789], [139.49165, 35.33819], [139.49066, 35.33845], [139.49023, 35.33856], [139.48933, 35.3388], [139.4892, 35.33882], [139.48881, 35.33886], [139.48811, 35.3389]]}, "properties": {"id": "GEOM_TOKYO_2920", "route_id": "R_09EB5226", "route_name": null, "route_color": "#F28E1C", "route_text_color": null, "line_name": "東海道線", "operator_id": "jr_east", "representation": "service_path", "min_zoom": 0, "max_zoom": 24, "offset_rank": 0}}, {"type": "Feature", "bbox": [139.4096, 35.33122, 139.44401, 35.33674], "geometry": {"type": "LineString", "coordinates": [[139.4096, 35.33122], [139.4113, 35.33182], [139.41344, 35.33263], [139.41634, 35.3337], [139.41878, 35.3346], [139.41969, 35.33493], [139.42061, 35.33527], [139.42138, 35.33544], [139.4227, 35.3356], [139.42461, 35.33571], [139.42673, 35.33582], [139.42883, 35.33593], [139.43063, 35.33602], [139.4311, 35.33605], [139.43354, 35.33616], [139.43621, 35.33631], [139.43816, 35.33642], [139.43946, 35.33647], [139.44114, 35.33657], [139.44162, 35.33661], [139.44247, 35.33665], [139.44332, 35.3367], [139.44357, 35.33672], [139.44401, 35.33674]]}, "properties": {"id": "GEOM_TOKYO_2921", "route_id": "R_09EB5226", "route_name": null, "route_color": "#F28E1C", "route_text_color": null, "line_name": "東海道線", "operator_id": "jr_east", "representation": "service_path", "min_zoom": 0, "max_zoom": 24, "offset_rank": 0}}, {"type": "Feature", "bbox": [139.53605, 35.41219, 139.57961, 35.44699], "geometry": {"type": "LineString", "coordinates": [[139.53605, 35.41219], [139.53631, 35.4124], [139.53684, 35.41284], [139.53764, 35.41339], [139.53807, 35.41366], [139.53981, 35.41476], [139.54026, 35.415], [139.54331, 35.41662], [139.54736, 35.41875], [139.54953, 35.41994], [139.5508, 35.42055], [139.55186, 35.42116], [139.55199, 35.42123], [139.55262, 35.42162], [139.55309, 35.42193], [139.55369, 35.42246], [139.55407, 35.42283], [139.55441, 35.42323], [139.55485, 35.42384], [139.55507, 35.42425], [139.55531, 35.42482], [139.55621, 35.42668], [139.55665, 35.42762], [139.55684, 35.4284], [139.55686, 35.42859], [139.55687, 35.42874], [139.55688, 35.4289], [139.55688, 35.42926], [139.55689, 35.42942], [139.5569, 35.4302], [139.5569, 35.43039], [139.55689, 35.43049], [139.5569, 35.43158], [139.55708, 35.43256], [139.55741, 35.4335], [139.55786, 35.43431], [139.55821, 35.43477], [139.55943, 35.43612], [139.5598, 35.43659], [139.56012, 35.43693], [139.56128, 35.4382], [139.56187, 35.43878], [139.56211, 35.43901], [139.56242, 35.43921], [139.56587, 35.44101], [139.5693, 35.44266], [139.56987, 35.44295], [139.57451, 35.44528], [139.57557, 35.44582], [139.57668, 35.4464], [139.57746, 35.44673], [139.57852, 35.44695], [139.57961, 35.44699]]}, "properties": {"id": "GEOM_TOKYO_2922", "route_id": "R_09EB5226", "route_name": null, "route_color": "#F28E1C", "route_text_color": null, "line_name": "東海道線", "operator_id": "jr_east", "representation": "service_path", "min_zoom": 0, "max_zoom": 24, "offset_rank": 0}}, {"type": "Feature", "bbox": [139.55642, 35.43115, 139.57961, 35.44709], "geometry": {"type": "LineString", "coordinates": [[139.55649, 35.43115], [139.55651, 35.43227], [139.55644, 35.43349], [139.55642, 35.4342], [139.55643, 35.43507], [139.55665, 35.43598], [139.55706, 35.43671], [139.55753, 35.43734], [139.55838, 35.43804], [139.55846, 35.43809], [139.55956, 35.4388], [139.56073, 35.43933], [139.56236, 35.43997], [139.56377, 35.44054], [139.56585, 35.44135], [139.56687, 35.44178], [139.56922, 35.44293], [139.57024, 35.44342], [139.57288, 35.44474], [139.5749, 35.44566], [139.57669, 35.44663], [139.5773, 35.44687], [139.57782, 35.44701], [139.57836, 35.44709], [139.57892, 35.44708], [139.57961, 35.44699]]}, "properties": {"id": "GEOM_TOKYO_2923", "route_id": "R_09EB5226", "route_name": null, "route_color": "#F28E1C", "route_text_color": null, "line_name": "東海道線", "operator_id": "jr_east", "representation": "service_path", "min_zoom": 0, "max_zoom": 24, "offset_rank": 0}}, {"type": "Feature", "bbox": [139.37642, 35.32722, 139.4064, 35.33127], "geometry": {"type": "LineString", "coordinates": [[139.4064, 35.33007], [139.40588, 35.32989], [139.40418, 35.3293], [139.40288, 35.32885], [139.40165, 35.32841], [139.40074, 35.32806], [139.39972, 35.32774], [139.39839, 35.32743], [139.3977, 35.32732], [139.39702, 35.32724], [139.39642, 35.32722], [139.39597, 35.32726], [139.39447, 35.32745], [139.39271, 35.32769], [139.39124, 35.32786], [139.38893, 35.32815], [139.38848, 35.32822], [139.38839, 35.32823], [139.38744, 35.32834], [139.38644, 35.32846], [139.38585, 35.32854], [139.38527, 35.32863], [139.38467, 35.32874], [139.38369, 35.32902], [139.38269, 35.32932], [139.38211, 35.32949], [139.38166, 35.32961], [139.38045, 35.32999], [139.37952, 35.33028], [139.37831, 35.33065], [139.37738, 35.33097], [139.37694, 35.33112], [139.37678, 35.33117], [139.37642, 35.33127]]}, "properties": {"id": "GEOM_TOKYO_2924", "route_id": "R_09EB5226", "route_name": null, "route_color": "#F28E1C", "route_text_color": null, "line_name": "東海道線", "operator_id": "jr_east", "representation": "service_path", "min_zoom": 0, "max_zoom": 24, "offset_rank": 0}}, {"type": "Feature", "bbox": [139.53069, 35.35289, 139.53164, 35.35542], "geometry": {"type": "LineString", "coordinates": [[139.53164, 35.35542], [139.53115, 35.35412], [139.53069, 35.35289]]}, "properties": {"id": "GEOM_TOKYO_2925", "route_id": "R_09EB5226", "route_name": null, "route_color": "#F28E1C", "route_text_color": null, "line_name": "東海道線", "operator_id": "jr_east", "representation": "service_path", "min_zoom": 0, "max_zoom": 24, "offset_rank": 0}}, {"type": "Feature", "bbox": [139.21078, 35.28084, 139.21271, 35.28101], "geometry": {"type": "LineString", "coordinates": [[139.21078, 35.28084], [139.21092, 35.28084], [139.21123, 35.28087], [139.21198, 35.28094], [139.21271, 35.28101]]}, "properties": {"id": "GEOM_TOKYO_2926", "route_id": "R_09EB5226", "route_name": null, "route_color": "#F28E1C", "route_text_color": null, "line_name": "東海道線", "operator_id": "jr_east", "representation": "service_path", "min_zoom": 0, "max_zoom": 24, "offset_rank": 0}}, {"type": "Feature", "bbox": [139.2129, 35.28106, 139.21701, 35.28173], "geometry": {"type": "LineString", "coordinates": [[139.2129, 35.28106], [139.21701, 35.28173]]}, "properties": {"id": "GEOM_TOKYO_2927", "route_id": "R_09EB5226", "route_name": null, "route_color": "#F28E1C", "route_text_color": null, "line_name": "東海道線", "operator_id": "jr_east", "representation": "service_path", "min_zoom": 0, "max_zoom": 24, "offset_rank": 0}}, {"type": "Feature", "bbox": [139.21271, 35.28101, 139.2129, 35.28106], "geometry": {"type": "LineString", "coordinates": [[139.21271, 35.28101], [139.2129, 35.28106]]}, "properties": {"id": "GEOM_TOKYO_2928", "route_id": "R_09EB5226", "route_name": null, "route_color": "#F28E1C", "route_text_color": null, "line_name": "東海道線", "operator_id": "jr_east", "representation": "service_path", "min_zoom": 0, "max_zoom": 24, "offset_rank": 0}}, {"type": "Feature", "bbox": [139.34718, 35.32734, 139.35082, 35.32798], "geometry": {"type": "LineString", "coordinates": [[139.35082, 35.32798], [139.35037, 35.32791], [139.34718, 35.32734]]}, "properties": {"id": "GEOM_TOKYO_2929", "route_id": "R_09EB5226", "route_name": null, "route_color": "#F28E1C", "route_text_color": null, "line_name": "東海道線", "operator_id": "jr_east", "representation": "service_path", "min_zoom": 0, "max_zoom": 24, "offset_rank": 0}}, {"type": "Feature", "bbox": [139.31184, 35.31055, 139.31471, 35.31237], "geometry": {"type": "LineString", "coordinates": [[139.31471, 35.31237], [139.31347, 35.31158], [139.31184, 35.31055]]}, "properties": {"id": "GEOM_TOKYO_2930", "route_id": "R_09EB5226", "route_name": null, "route_color": "#F28E1C", "route_text_color": null, "line_name": "東海道線", "operator_id": "jr_east", "representation": "service_path", "min_zoom": 0, "max_zoom": 24, "offset_rank": 0}}, {"type": "Feature", "bbox": [139.31471, 35.31237, 139.34058, 35.32591], "geometry": {"type": "LineString", "coordinates": [[139.31471, 35.31237], [139.31644, 35.31351], [139.31779, 35.31438], [139.31866, 35.31494], [139.31949, 35.31548], [139.32066, 35.31624], [139.32161, 35.31685], [139.32248, 35.3174], [139.32294, 35.31769], [139.32407, 35.31848], [139.32523, 35.31926], [139.32594, 35.31974], [139.32663, 35.3202], [139.32683, 35.32031], [139.3275, 35.32063], [139.32962, 35.32154], [139.33008, 35.32174], [139.33084, 35.32205], [139.33225, 35.32264], [139.33399, 35.32336], [139.33414, 35.32342], [139.33463, 35.32362], [139.33528, 35.32389], [139.33744, 35.32479], [139.33854, 35.32526], [139.33919, 35.32553], [139.3396, 35.32566], [139.34058, 35.32591]]}, "properties": {"id": "GEOM_TOKYO_2931", "route_id": "R_09EB5226", "route_name": null, "route_color": "#F28E1C", "route_text_color": null, "line_name": "東海道線", "operator_id": "jr_east", "representation": "service_path", "min_zoom": 0, "max_zoom": 24, "offset_rank": 0}}, {"type": "Feature", "bbox": [139.34724, 35.32713, 139.35076, 35.32775], "geometry": {"type": "LineString", "coordinates": [[139.35076, 35.32775], [139.35043, 35.32769], [139.34724, 35.32713]]}, "properties": {"id": "GEOM_TOKYO_2932", "route_id": "R_09EB5226", "route_name": null, "route_color": "#F28E1C", "route_text_color": null, "line_name": "東海道線", "operator_id": "jr_east", "representation": "service_path", "min_zoom": 0, "max_zoom": 24, "offset_rank": 0}}, {"type": "Feature", "bbox": [139.34058, 35.32591, 139.34724, 35.32713], "geometry": {"type": "LineString", "coordinates": [[139.34724, 35.32713], [139.34611, 35.32691], [139.34599, 35.32689], [139.34387, 35.32649], [139.3424, 35.32622], [139.34125, 35.32601], [139.34058, 35.32591]]}, "properties": {"id": "GEOM_TOKYO_2933", "route_id": "R_09EB5226", "route_name": null, "route_color": "#F28E1C", "route_text_color": null, "line_name": "東海道線", "operator_id": "jr_east", "representation": "service_path", "min_zoom": 0, "max_zoom": 24, "offset_rank": 0}}, {"type": "Feature", "bbox": [139.35076, 35.32775, 139.37642, 35.33162], "geometry": {"type": "LineString", "coordinates": [[139.35076, 35.32775], [139.35199, 35.32798], [139.35337, 35.32824], [139.35402, 35.32841], [139.35462, 35.32856], [139.35489, 35.32862], [139.35588, 35.32883], [139.35714, 35.32905], [139.35849, 35.32927], [139.35925, 35.32941], [139.35983, 35.32951], [139.36021, 35.32958], [139.3616, 35.32979], [139.36332, 35.33005], [139.36387, 35.33015], [139.3656, 35.33045], [139.36747, 35.33078], [139.36928, 35.33109], [139.37085, 35.33138], [139.37095, 35.33139], [139.37152, 35.33147], [139.37154, 35.33147], [139.37181, 35.3315], [139.37193, 35.33152], [139.37231, 35.33156], [139.37251, 35.33158], [139.37272, 35.3316], [139.37296, 35.33161], [139.37314, 35.33162], [139.37341, 35.33162], [139.37371, 35.3316], [139.37394, 35.33159], [139.37436, 35.33157], [139.37464, 35.33155], [139.37489, 35.33151], [139.37512, 35.33149], [139.37533, 35.33145], [139.37574, 35.33138], [139.37614, 35.33131], [139.37642, 35.33127]]}, "properties": {"id": "GEOM_TOKYO_2934", "route_id": "R_09EB5226", "route_name": null, "route_color": "#F28E1C", "route_text_color": null, "line_name": "東海道線", "operator_id": "jr_east", "representation": "service_path", "min_zoom": 0, "max_zoom": 24, "offset_rank": 0}}, {"type": "Feature", "bbox": [139.2555, 35.29817, 139.258, 35.29917], "geometry": {"type": "LineString", "coordinates": [[139.258, 35.29917], [139.2555, 35.29817]]}, "properties": {"id": "GEOM_TOKYO_2935", "route_id": "R_09EB5226", "route_name": null, "route_color": "#F28E1C", "route_text_color": null, "line_name": "東海道線", "operator_id": "jr_east", "representation": "service_path", "min_zoom": 0, "max_zoom": 24, "offset_rank": 0}}, {"type": "Feature", "bbox": [139.17833, 35.27543, 139.182, 35.27603], "geometry": {"type": "LineString", "coordinates": [[139.17833, 35.27543], [139.17941, 35.2756], [139.182, 35.27603]]}, "properties": {"id": "GEOM_TOKYO_2936", "route_id": "R_09EB5226", "route_name": null, "route_color": "#F28E1C", "route_text_color": null, "line_name": "東海道線", "operator_id": "jr_east", "representation": "service_path", "min_zoom": 0, "max_zoom": 24, "offset_rank": 0}}, {"type": "Feature", "bbox": [139.258, 35.29917, 139.31184, 35.31055], "geometry": {"type": "LineString", "coordinates": [[139.31184, 35.31055], [139.31131, 35.31025], [139.31104, 35.31013], [139.31057, 35.30992], [139.31014, 35.30977], [139.30964, 35.30961], [139.30915, 35.30949], [139.30872, 35.30942], [139.30785, 35.30932], [139.30612, 35.30909], [139.30379, 35.30878], [139.30158, 35.3085], [139.30023, 35.30833], [139.29936, 35.30823], [139.29729, 35.30797], [139.29502, 35.3077], [139.29327, 35.30748], [139.2918, 35.30731], [139.28927, 35.30699], [139.28869, 35.30692], [139.28845, 35.30689], [139.28824, 35.30687], [139.28657, 35.30666], [139.28459, 35.30642], [139.2843, 35.30638], [139.28273, 35.30619], [139.28129, 35.30601], [139.2811, 35.30598], [139.27959, 35.30578], [139.27863, 35.30566], [139.27765, 35.30554], [139.27674, 35.30542], [139.27549, 35.30527], [139.27439, 35.30512], [139.27337, 35.30497], [139.27259, 35.3048], [139.27207, 35.30467], [139.27144, 35.30447], [139.27093, 35.30428], [139.26954, 35.30377], [139.26806, 35.30318], [139.26733, 35.30288], [139.26546, 35.30214], [139.26288, 35.30111], [139.2617, 35.30065], [139.26065, 35.30024], [139.26026, 35.30007], [139.25979, 35.29989], [139.25964, 35.29983], [139.25948, 35.29977], [139.258, 35.29917]]}, "properties": {"id": "GEOM_TOKYO_2937", "route_id": "R_09EB5226", "route_name": null, "route_color": "#F28E1C", "route_text_color": null, "line_name": "東海道線", "operator_id": "jr_east", "representation": "service_path", "min_zoom": 0, "max_zoom": 24, "offset_rank": 0}}, {"type": "Feature", "bbox": [139.34058, 35.32591, 139.34718, 35.32734], "geometry": {"type": "LineString", "coordinates": [[139.34718, 35.32734], [139.34574, 35.32706], [139.34437, 35.3268], [139.3431, 35.32655], [139.34152, 35.32622], [139.34097, 35.32607], [139.34058, 35.32591]]}, "properties": {"id": "GEOM_TOKYO_2938", "route_id": "R_09EB5226", "route_name": null, "route_color": "#F28E1C", "route_text_color": null, "line_name": "東海道線", "operator_id": "jr_east", "representation": "service_path", "min_zoom": 0, "max_zoom": 24, "offset_rank": 0}}, {"type": "Feature", "bbox": [139.21701, 35.28173, 139.2555, 35.29817], "geometry": {"type": "LineString", "coordinates": [[139.2555, 35.29817], [139.25429, 35.29767], [139.25359, 35.29741], [139.25209, 35.297], [139.25177, 35.29691], [139.25043, 35.29652], [139.24906, 35.29612], [139.24781, 35.29575], [139.24682, 35.29546], [139.24452, 35.29486], [139.24373, 35.29462], [139.2429, 35.29434], [139.24136, 35.29374], [139.23715, 35.29212], [139.23714, 35.29212], [139.23575, 35.29159], [139.23515, 35.29135], [139.23509, 35.29132], [139.23494, 35.29127], [139.23379, 35.29082], [139.23252, 35.29022], [139.23119, 35.28943], [139.22933, 35.28812], [139.22735, 35.28675], [139.22611, 35.28588], [139.22497, 35.28508], [139.22346, 35.28422], [139.21924, 35.28248], [139.21792, 35.28195], [139.21735, 35.28179], [139.21701, 35.28173]]}, "properties": {"id": "GEOM_TOKYO_2939", "route_id": "R_09EB5226", "route_name": null, "route_color": "#F28E1C", "route_text_color": null, "line_name": "東海道線", "operator_id": "jr_east", "representation": "service_path", "min_zoom": 0, "max_zoom": 24, "offset_rank": 0}}, {"type": "Feature", "bbox": [139.35082, 35.32798, 139.37642, 35.33197], "geometry": {"type": "LineString", "coordinates": [[139.35082, 35.32798], [139.35248, 35.32827], [139.35416, 35.32865], [139.35559, 35.32895], [139.35674, 35.32915], [139.35881, 35.32951], [139.35922, 35.32958], [139.3598, 35.32968], [139.36027, 35.32976], [139.36187, 35.33006], [139.3622, 35.33014], [139.36263, 35.33026], [139.36381, 35.33048], [139.36718, 35.33111], [139.36932, 35.33149], [139.37077, 35.33176], [139.37129, 35.33184], [139.37146, 35.33186], [139.37162, 35.33187], [139.37181, 35.33188], [139.37224, 35.33191], [139.37266, 35.33194], [139.373, 35.33196], [139.3732, 35.33196], [139.37346, 35.33197], [139.37372, 35.33196], [139.37395, 35.33194], [139.37423, 35.33191], [139.37444, 35.33188], [139.37467, 35.33184], [139.37494, 35.33177], [139.37531, 35.33168], [139.37579, 35.33151], [139.3761, 35.3314], [139.37642, 35.33127]]}, "properties": {"id": "GEOM_TOKYO_2940", "route_id": "R_09EB5226", "route_name": null, "route_color": "#F28E1C", "route_text_color": null, "line_name": "東海道線", "operator_id": "jr_east", "representation": "service_path", "min_zoom": 0, "max_zoom": 24, "offset_rank": 0}}, {"type": "Feature", "bbox": [139.182, 35.27603, 139.21078, 35.28084], "geometry": {"type": "LineString", "coordinates": [[139.182, 35.27603], [139.18377, 35.27632], [139.1841, 35.27637], [139.18676, 35.27681], [139.18741, 35.27692], [139.1885, 35.2771], [139.1987, 35.27878], [139.19903, 35.27882], [139.19913, 35.27883], [139.20415, 35.27966], [139.20432, 35.27969], [139.20465, 35.27974], [139.20487, 35.27978], [139.20822, 35.28033], [139.21078, 35.28084]]}, "properties": {"id": "GEOM_TOKYO_2941", "route_id": "R_09EB5226", "route_name": null, "route_color": "#F28E1C", "route_text_color": null, "line_name": "東海道線", "operator_id": "jr_east", "representation": "service_path", "min_zoom": 0, "max_zoom": 24, "offset_rank": 0}}, {"type": "Feature", "bbox": [139.15665, 35.25733, 139.17833, 35.27543], "geometry": {"type": "LineString", "coordinates": [[139.15665, 35.25733], [139.1582, 35.25929], [139.15849, 35.25966], [139.15855, 35.25972], [139.15868, 35.25984], [139.15927, 35.26042], [139.15959, 35.26072], [139.15995, 35.26108], [139.16043, 35.26155], [139.16137, 35.26246], [139.1617, 35.26279], [139.16291, 35.26397], [139.16316, 35.2642], [139.16648, 35.26745], [139.16664, 35.2676], [139.16812, 35.26904], [139.17104, 35.27189], [139.17147, 35.27231], [139.17236, 35.27311], [139.17299, 35.27358], [139.17341, 35.27388], [139.17392, 35.27418], [139.17449, 35.27449], [139.17552, 35.27488], [139.17636, 35.2751], [139.17701, 35.27521], [139.17786, 35.27535], [139.17803, 35.27538], [139.1782, 35.27541], [139.17833, 35.27543]]}, "properties": {"id": "GEOM_TOKYO_2944", "route_id": "R_09EB5226", "route_name": null, "route_color": "#F28E1C", "route_text_color": null, "line_name": "東海道線", "operator_id": "jr_east", "representation": "service_path", "min_zoom": 0, "max_zoom": 24, "offset_rank": 0}}, {"type": "Feature", "bbox": [139.13272, 35.15786, 139.13794, 35.20129], "geometry": {"type": "LineString", "coordinates": [[139.13779, 35.20129], [139.13771, 35.20118], [139.13732, 35.20059], [139.13665, 35.19963], [139.13602, 35.19863], [139.13591, 35.19843], [139.13572, 35.19802], [139.13566, 35.19786], [139.13562, 35.19775], [139.1356, 35.19766], [139.13557, 35.19753], [139.13556, 35.19737], [139.1356, 35.19695], [139.13576, 35.19647], [139.13607, 35.19563], [139.13614, 35.19544], [139.13637, 35.19424], [139.13638, 35.19406], [139.13636, 35.1938], [139.13635, 35.19363], [139.13631, 35.19319], [139.1363, 35.19246], [139.13624, 35.19149], [139.13623, 35.19128], [139.13623, 35.19024], [139.13616, 35.18879], [139.1361, 35.1878], [139.13604, 35.18684], [139.13601, 35.18645], [139.13595, 35.18607], [139.13589, 35.1859], [139.13581, 35.18568], [139.13576, 35.1856], [139.13573, 35.18554], [139.13507, 35.18439], [139.1343, 35.18298], [139.13415, 35.18268], [139.13391, 35.18223], [139.13346, 35.18135], [139.13326, 35.18094], [139.13314, 35.18066], [139.13302, 35.18035], [139.13297, 35.18019], [139.13287, 35.17982], [139.1328, 35.17937], [139.13275, 35.17879], [139.13272, 35.17836], [139.13272, 35.17823], [139.13273, 35.178], [139.13274, 35.17789], [139.1328, 35.17754], [139.13289, 35.17703], [139.133, 35.17667], [139.13322, 35.17615], [139.13362, 35.17536], [139.13407, 35.17462], [139.13474, 35.17374], [139.13555, 35.17267], [139.13611, 35.17192], [139.13662, 35.17119], [139.13676, 35.17099], [139.13682, 35.17089], [139.13693, 35.17073], [139.13729, 35.1701], [139.13735, 35.16996], [139.13742, 35.16975], [139.13747, 35.16965], [139.13759, 35.16943], [139.13767, 35.16927], [139.13776, 35.16903], [139.13781, 35.16889], [139.13786, 35.16869], [139.13789, 35.1685], [139.13793, 35.16819], [139.13794, 35.16807], [139.13794, 35.1679], [139.13794, 35.16764], [139.13794, 35.16747], [139.13792, 35.16715], [139.13788, 35.1669], [139.13782, 35.16655], [139.13777, 35.16634], [139.13771, 35.1661], [139.13764, 35.16586], [139.13755, 35.16564], [139.13746, 35.16542], [139.13738, 35.16522], [139.13728, 35.16503], [139.13719, 35.16482], [139.13713, 35.16461], [139.13708, 35.1644], [139.13704, 35.16423], [139.13699, 35.16396], [139.13693, 35.16353], [139.13691, 35.16332], [139.13689, 35.16309], [139.13683, 35.1626], [139.13678, 35.16225], [139.13674, 35.16203], [139.1367, 35.16187], [139.13655, 35.16153], [139.13638, 35.16124], [139.13624, 35.16101], [139.13594, 35.16062], [139.13572, 35.16035], [139.13569, 35.16032], [139.13542, 35.16002], [139.13504, 35.1596], [139.13471, 35.15922], [139.13426, 35.15873], [139.13385, 35.15828], [139.13355, 35.15794], [139.13348, 35.15786]]}, "properties": {"id": "GEOM_TOKYO_2945", "route_id": "R_09EB5226", "route_name": null, "route_color": "#F28E1C", "route_text_color": null, "line_name": "東海道線", "operator_id": "jr_east", "representation": "service_path", "min_zoom": 0, "max_zoom": 24, "offset_rank": 0}}, {"type": "Feature", "bbox": [139.14442, 35.23738, 139.14558, 35.24005], "geometry": {"type": "LineString", "coordinates": [[139.14558, 35.24005], [139.14531, 35.23942], [139.14512, 35.23897], [139.14477, 35.23817], [139.14442, 35.23738]]}, "properties": {"id": "GEOM_TOKYO_2946", "route_id": "R_09EB5226", "route_name": null, "route_color": "#F28E1C", "route_text_color": null, "line_name": "東海道線", "operator_id": "jr_east", "representation": "service_path", "min_zoom": 0, "max_zoom": 24, "offset_rank": 0}}, {"type": "Feature", "bbox": [139.14558, 35.24005, 139.15489, 35.25486], "geometry": {"type": "LineString", "coordinates": [[139.14558, 35.24005], [139.1458, 35.2406], [139.14599, 35.24099], [139.1461, 35.24122], [139.14625, 35.2415], [139.14645, 35.24186], [139.14672, 35.24229], [139.14695, 35.24267], [139.14725, 35.24317], [139.14754, 35.24365], [139.1478, 35.24411], [139.14812, 35.24467], [139.14837, 35.24508], [139.14853, 35.24535], [139.14884, 35.2458], [139.14907, 35.24615], [139.14915, 35.24629], [139.1494, 35.24666], [139.14962, 35.24701], [139.14986, 35.24738], [139.15046, 35.24824], [139.15124, 35.2495], [139.15183, 35.25048], [139.15292, 35.25206], [139.15332, 35.25265], [139.15378, 35.25328], [139.15489, 35.25486]]}, "properties": {"id": "GEOM_TOKYO_2947", "route_id": "R_09EB5226", "route_name": null, "route_color": "#F28E1C", "route_text_color": null, "line_name": "東海道線", "operator_id": "jr_east", "representation": "service_path", "min_zoom": 0, "max_zoom": 24, "offset_rank": 0}}, {"type": "Feature", "bbox": [139.15489, 35.25486, 139.15665, 35.25733], "geometry": {"type": "LineString", "coordinates": [[139.15489, 35.25486], [139.155, 35.25506], [139.15653, 35.25717], [139.15665, 35.25733]]}, "properties": {"id": "GEOM_TOKYO_2951", "route_id": "R_09EB5226", "route_name": null, "route_color": "#F28E1C", "route_text_color": null, "line_name": "東海道線", "operator_id": "jr_east", "representation": "service_path", "min_zoom": 0, "max_zoom": 24, "offset_rank": 0}}, {"type": "Feature", "bbox": [139.13779, 35.20129, 139.13947, 35.20386], "geometry": {"type": "LineString", "coordinates": [[139.13947, 35.20386], [139.13923, 35.20344], [139.13852, 35.2024], [139.1381, 35.20178], [139.13779, 35.20129]]}, "properties": {"id": "GEOM_TOKYO_2952", "route_id": "R_09EB5226", "route_name": null, "route_color": "#F28E1C", "route_text_color": null, "line_name": "東海道線", "operator_id": "jr_east", "representation": "service_path", "min_zoom": 0, "max_zoom": 24, "offset_rank": 0}}, {"type": "Feature", "bbox": [139.13102, 35.15599, 139.13348, 35.15786], "geometry": {"type": "LineString", "coordinates": [[139.13102, 35.15599], [139.13128, 35.15612], [139.13148, 35.15624], [139.13182, 35.15645], [139.13214, 35.15667], [139.13275, 35.15719], [139.13309, 35.15751], [139.13348, 35.15786]]}, "properties": {"id": "GEOM_TOKYO_2955", "route_id": "R_09EB5226", "route_name": null, "route_color": "#F28E1C", "route_text_color": null, "line_name": "東海道線", "operator_id": "jr_east", "representation": "service_path", "min_zoom": 0, "max_zoom": 24, "offset_rank": 0}}, {"type": "Feature", "bbox": [139.13856, 35.20386, 139.14442, 35.23738], "geometry": {"type": "LineString", "coordinates": [[139.14442, 35.23738], [139.14426, 35.23703], [139.14409, 35.23668], [139.14403, 35.23658], [139.14395, 35.23645], [139.14387, 35.23631], [139.14379, 35.23619], [139.14363, 35.23595], [139.14345, 35.23567], [139.14318, 35.2353], [139.14296, 35.23502], [139.14272, 35.2347], [139.14248, 35.23439], [139.14229, 35.23401], [139.14223, 35.23377], [139.14219, 35.23352], [139.14218, 35.23309], [139.14221, 35.23279], [139.14224, 35.23198], [139.14223, 35.23169], [139.14221, 35.2314], [139.14218, 35.23103], [139.14209, 35.23032], [139.14201, 35.22974], [139.14198, 35.22927], [139.14194, 35.22877], [139.14189, 35.22807], [139.14185, 35.22779], [139.14175, 35.22754], [139.1416, 35.22724], [139.14138, 35.22684], [139.1412, 35.22652], [139.14101, 35.22625], [139.14086, 35.22603], [139.14079, 35.22576], [139.14071, 35.22549], [139.14066, 35.22523], [139.14063, 35.22495], [139.14061, 35.2247], [139.14061, 35.22455], [139.14062, 35.22432], [139.14066, 35.22413], [139.14074, 35.22392], [139.14109, 35.22254], [139.1413, 35.2217], [139.14131, 35.22163], [139.14133, 35.22156], [139.14136, 35.22138], [139.14138, 35.22133], [139.14139, 35.22124], [139.14148, 35.22097], [139.14174, 35.22021], [139.14187, 35.21978], [139.14191, 35.2195], [139.14192, 35.21926], [139.14191, 35.21902], [139.14186, 35.21858], [139.14178, 35.21826], [139.14165, 35.21797], [139.14147, 35.21772], [139.14116, 35.21733], [139.14075, 35.21696], [139.14043, 35.21665], [139.13988, 35.21622], [139.1395, 35.2159], [139.13927, 35.21567], [139.13899, 35.21516], [139.13879, 35.21476], [139.13865, 35.21444], [139.13856, 35.21405], [139.13856, 35.21376], [139.13861, 35.21348], [139.1387, 35.21321], [139.13887, 35.21249], [139.13905, 35.21197], [139.13952, 35.21132], [139.13976, 35.21098], [139.14017, 35.21046], [139.14033, 35.21024], [139.14049, 35.20999], [139.1407, 35.2096], [139.14076, 35.20941], [139.14082, 35.20914], [139.14085, 35.20892], [139.14085, 35.20817], [139.14083, 35.2078], [139.1408, 35.20753], [139.14074, 35.20715], [139.14068, 35.20668], [139.14059, 35.2063], [139.14048, 35.20584], [139.14037, 35.20544], [139.14031, 35.20527], [139.14019, 35.20503], [139.14004, 35.20476], [139.13984, 35.20442], [139.1396, 35.20408], [139.13947, 35.20386]]}, "properties": {"id": "GEOM_TOKYO_2959", "route_id": "R_09EB5226", "route_name": null, "route_color": "#F28E1C", "route_text_color": null, "line_name": "東海道線", "operator_id": "jr_east", "representation": "service_path", "min_zoom": 0, "max_zoom": 24, "offset_rank": 0}}, {"type": "Feature", "bbox": [139.49393, 35.77853, 139.51368, 35.79451], "geometry": {"type": "LineString", "coordinates": [[139.49393, 35.77853], [139.49432, 35.77903], [139.4944, 35.77914], [139.49469, 35.77951], [139.49508, 35.78001], [139.49542, 35.78046], [139.49589, 35.78107], [139.49607, 35.7813], [139.49641, 35.78174], [139.49659, 35.78198], [139.49665, 35.78205], [139.49668, 35.78209], [139.49674, 35.78215], [139.49679, 35.78217], [139.4971, 35.78258], [139.49774, 35.78334], [139.49873, 35.78458], [139.49915, 35.78511], [139.49951, 35.78548], [139.50076, 35.78649], [139.5025, 35.78788], [139.50289, 35.78815], [139.50406, 35.78909], [139.50471, 35.78961], [139.50493, 35.78978], [139.50515, 35.78995], [139.50638, 35.79092], [139.50718, 35.79149], [139.50762, 35.7918], [139.50859, 35.79228], [139.50898, 35.79243], [139.50989, 35.79284], [139.51273, 35.79409], [139.51335, 35.79437], [139.51368, 35.79451]]}, "properties": {"id": "GEOM_TOKYO_3435", "route_id": "R_1BE18C58", "route_name": null, "route_color": "#FF6F00", "route_text_color": null, "line_name": "武蔵野線", "operator_id": "jr_east", "representation": "service_path", "min_zoom": 0, "max_zoom": 24, "offset_rank": 0}}, {"type": "Feature", "bbox": [139.46584, 35.70063, 139.47029, 35.73039], "geometry": {"type": "LineString", "coordinates": [[139.47029, 35.73039], [139.47013, 35.72998], [139.46963, 35.72856], [139.46953, 35.72826], [139.46905, 35.72678], [139.46864, 35.72548], [139.46858, 35.72531], [139.4682, 35.72414], [139.468, 35.7235], [139.46779, 35.72285], [139.46769, 35.72226], [139.46761, 35.72167], [139.4675, 35.72042], [139.46734, 35.71842], [139.46723, 35.7171], [139.46716, 35.7164], [139.46703, 35.71528], [139.46694, 35.71448], [139.46676, 35.71283], [139.46655, 35.71058], [139.4664, 35.70908], [139.46631, 35.70802], [139.46627, 35.70742], [139.46617, 35.70626], [139.46601, 35.7046], [139.4659, 35.70343], [139.46588, 35.70305], [139.46584, 35.70261], [139.46584, 35.70235], [139.46585, 35.70214], [139.46586, 35.70164], [139.46591, 35.70082], [139.46592, 35.70063]]}, "properties": {"id": "GEOM_TOKYO_3436", "route_id": "R_1BE18C58", "route_name": null, "route_color": "#FF6F00", "route_text_color": null, "line_name": "武蔵野線", "operator_id": "jr_east", "representation": "service_path", "min_zoom": 0, "max_zoom": 24, "offset_rank": 0}}, {"type": "Feature", "bbox": [139.49358, 35.77809, 139.49393, 35.77853], "geometry": {"type": "LineString", "coordinates": [[139.49358, 35.77809], [139.49393, 35.77853]]}, "properties": {"id": "GEOM_TOKYO_3437", "route_id": "R_1BE18C58", "route_name": null, "route_color": "#FF6F00", "route_text_color": null, "line_name": "武蔵野線", "operator_id": "jr_east", "representation": "service_path", "min_zoom": 0, "max_zoom": 24, "offset_rank": 0}}, {"type": "Feature", "bbox": [139.5154, 35.79527, 139.55546, 35.80368], "geometry": {"type": "LineString", "coordinates": [[139.5154, 35.79527], [139.51724, 35.79607], [139.5185, 35.79665], [139.51988, 35.79722], [139.52019, 35.79733], [139.52046, 35.79744], [139.52075, 35.79751], [139.52093, 35.79755], [139.52119, 35.79759], [139.52149, 35.79762], [139.52172, 35.79764], [139.52271, 35.79772], [139.52321, 35.79775], [139.52541, 35.79794], [139.52777, 35.79814], [139.5291, 35.79831], [139.53118, 35.79862], [139.53168, 35.79871], [139.53303, 35.79899], [139.53589, 35.79958], [139.53841, 35.80011], [139.54167, 35.80078], [139.54327, 35.80113], [139.54683, 35.80185], [139.54711, 35.80191], [139.54981, 35.80249], [139.55228, 35.80302], [139.55407, 35.80341], [139.55433, 35.80347], [139.55461, 35.80353], [139.55509, 35.80363], [139.55546, 35.80368]]}, "properties": {"id": "GEOM_TOKYO_3438", "route_id": "R_1BE18C58", "route_name": null, "route_color": "#FF6F00", "route_text_color": null, "line_name": "武蔵野線", "operator_id": "jr_east", "representation": "service_path", "min_zoom": 0, "max_zoom": 24, "offset_rank": 0}}, {"type": "Feature", "bbox": [139.51368, 35.79451, 139.5154, 35.79527], "geometry": {"type": "LineString", "coordinates": [[139.51368, 35.79451], [139.5154, 35.79527]]}, "properties": {"id": "GEOM_TOKYO_3439", "route_id": "R_1BE18C58", "route_name": null, "route_color": "#FF6F00", "route_text_color": null, "line_name": "武蔵野線", "operator_id": "jr_east", "representation": "service_path", "min_zoom": 0, "max_zoom": 24, "offset_rank": 0}}, {"type": "Feature", "bbox": [139.55712, 35.80388, 139.58656, 35.81504], "geometry": {"type": "LineString", "coordinates": [[139.55712, 35.80388], [139.55823, 35.80396], [139.55985, 35.80404], [139.56265, 35.80421], [139.56469, 35.80441], [139.56496, 35.80444], [139.56746, 35.80474], [139.56941, 35.80515], [139.57087, 35.80557], [139.57245, 35.80615], [139.57413, 35.80699], [139.57516, 35.80762], [139.57591, 35.80808], [139.57795, 35.80937], [139.57799, 35.8094], [139.5807, 35.81117], [139.58406, 35.81336], [139.58656, 35.81504]]}, "properties": {"id": "GEOM_TOKYO_3441", "route_id": "R_1BE18C58", "route_name": null, "route_color": "#FF6F00", "route_text_color": null, "line_name": "武蔵野線", "operator_id": "jr_east", "representation": "service_path", "min_zoom": 0, "max_zoom": 24, "offset_rank": 0}}, {"type": "Feature", "bbox": [139.47071, 35.73145, 139.49358, 35.77809], "geometry": {"type": "LineString", "coordinates": [[139.47071, 35.73145], [139.47084, 35.73175], [139.47092, 35.73201], [139.47148, 35.73396], [139.47241, 35.73708], [139.47278, 35.73848], [139.47327, 35.74035], [139.47338, 35.7408], [139.47356, 35.74152], [139.47373, 35.74221], [139.47452, 35.7452], [139.47487, 35.74644], [139.47534, 35.74765], [139.47601, 35.74905], [139.47658, 35.75016], [139.47702, 35.75104], [139.47775, 35.75244], [139.47815, 35.75322], [139.47828, 35.75338], [139.47839, 35.75353], [139.47848, 35.7537], [139.47858, 35.75389], [139.4787, 35.75412], [139.47887, 35.7545], [139.479, 35.75479], [139.47909, 35.75494], [139.47927, 35.75529], [139.47945, 35.75569], [139.47959, 35.75601], [139.47986, 35.75665], [139.48007, 35.75704], [139.48024, 35.75738], [139.48035, 35.75764], [139.48044, 35.75785], [139.48112, 35.75926], [139.48131, 35.75966], [139.48151, 35.76007], [139.48163, 35.76025], [139.48169, 35.76037], [139.48178, 35.76058], [139.48193, 35.76093], [139.48202, 35.76107], [139.4822, 35.76142], [139.48227, 35.76158], [139.48252, 35.76212], [139.48271, 35.76251], [139.48278, 35.76266], [139.48291, 35.76296], [139.48314, 35.76346], [139.48336, 35.76395], [139.48357, 35.76441], [139.48376, 35.76479], [139.48395, 35.76518], [139.48408, 35.76539], [139.48425, 35.76575], [139.48459, 35.76634], [139.48467, 35.76647], [139.48513, 35.76755], [139.48609, 35.76869], [139.48666, 35.7693], [139.48685, 35.76955], [139.48686, 35.76956], [139.48716, 35.76993], [139.48751, 35.7704], [139.48787, 35.77089], [139.48819, 35.77132], [139.48876, 35.77209], [139.4891, 35.77252], [139.48961, 35.77315], [139.49007, 35.77376], [139.4905, 35.77431], [139.49091, 35.77483], [139.49128, 35.77529], [139.4916, 35.77568], [139.49199, 35.77613], [139.49223, 35.77644], [139.49246, 35.77671], [139.49282, 35.77716], [139.49301, 35.77739], [139.49318, 35.77761], [139.49358, 35.77809]]}, "properties": {"id": "GEOM_TOKYO_3442", "route_id": "R_1BE18C58", "route_name": null, "route_color": "#FF6F00", "route_text_color": null, "line_name": "武蔵野線", "operator_id": "jr_east", "representation": "service_path", "min_zoom": 0, "max_zoom": 24, "offset_rank": 0}}, {"type": "Feature", "bbox": [139.47029, 35.73039, 139.47071, 35.73145], "geometry": {"type": "LineString", "coordinates": [[139.47071, 35.73145], [139.47052, 35.73099], [139.47029, 35.73039]]}, "properties": {"id": "GEOM_TOKYO_3443", "route_id": "R_1BE18C58", "route_name": null, "route_color": "#FF6F00", "route_text_color": null, "line_name": "武蔵野線", "operator_id": "jr_east", "representation": "service_path", "min_zoom": 0, "max_zoom": 24, "offset_rank": 0}}, {"type": "Feature", "bbox": [139.46592, 35.69919, 139.46605, 35.70063], "geometry": {"type": "LineString", "coordinates": [[139.46592, 35.70063], [139.46605, 35.69919]]}, "properties": {"id": "GEOM_TOKYO_3444", "route_id": "R_1BE18C58", "route_name": null, "route_color": "#FF6F00", "route_text_color": null, "line_name": "武蔵野線", "operator_id": "jr_east", "representation": "service_path", "min_zoom": 0, "max_zoom": 24, "offset_rank": 0}}, {"type": "Feature", "bbox": [139.55546, 35.80368, 139.55712, 35.80388], "geometry": {"type": "LineString", "coordinates": [[139.55546, 35.80368], [139.55611, 35.80378], [139.55712, 35.80388]]}, "properties": {"id": "GEOM_TOKYO_3445", "route_id": "R_1BE18C58", "route_name": null, "route_color": "#FF6F00", "route_text_color": null, "line_name": "武蔵野線", "operator_id": "jr_east", "representation": "service_path", "min_zoom": 0, "max_zoom": 24, "offset_rank": 0}}, {"type": "Feature", "bbox": [139.46605, 35.68148, 139.47158, 35.69919], "geometry": {"type": "LineString", "coordinates": [[139.47158, 35.68148], [139.47127, 35.68233], [139.47102, 35.68291], [139.47063, 35.6838], [139.47023, 35.68463], [139.46999, 35.68517], [139.46985, 35.68551], [139.46972, 35.6859], [139.46906, 35.68776], [139.46892, 35.6882], [139.4688, 35.68854], [139.46879, 35.68857], [139.46863, 35.68899], [139.46796, 35.69112], [139.4678, 35.69161], [139.46762, 35.69216], [139.46717, 35.69352], [139.46655, 35.69531], [139.46654, 35.69534], [139.46644, 35.69566], [139.46641, 35.69581], [139.46635, 35.6962], [139.46617, 35.69764], [139.46612, 35.69818], [139.46606, 35.69904], [139.46605, 35.69919]]}, "properties": {"id": "GEOM_TOKYO_3446", "route_id": "R_1BE18C58", "route_name": null, "route_color": "#FF6F00", "route_text_color": null, "line_name": "武蔵野線", "operator_id": "jr_east", "representation": "service_path", "min_zoom": 0, "max_zoom": 24, "offset_rank": 0}}, {"type": "Feature", "bbox": [139.47158, 35.68023, 139.47201, 35.68148], "geometry": {"type": "LineString", "coordinates": [[139.47201, 35.68023], [139.47158, 35.68148]]}, "properties": {"id": "GEOM_TOKYO_3447", "route_id": "R_1BE18C58", "route_name": null, "route_color": "#FF6F00", "route_text_color": null, "line_name": "武蔵野線", "operator_id": "jr_east", "representation": "service_path", "min_zoom": 0, "max_zoom": 24, "offset_rank": 0}}, {"type": "Feature", "bbox": [139.47201, 35.66638, 139.477, 35.68023], "geometry": {"type": "LineString", "coordinates": [[139.47201, 35.68023], [139.47207, 35.67997], [139.47209, 35.67984], [139.47211, 35.67969], [139.47214, 35.67955], [139.47222, 35.67923], [139.47248, 35.67836], [139.47361, 35.67536], [139.47391, 35.67467], [139.47451, 35.67314], [139.4759, 35.6699], [139.47664, 35.66772], [139.47695, 35.66675], [139.47699, 35.6666], [139.47699, 35.66656], [139.477, 35.66649], [139.47699, 35.66643], [139.47698, 35.66638]]}, "properties": {"id": "GEOM_TOKYO_3448", "route_id": "R_1BE18C58", "route_name": null, "route_color": "#FF6F00", "route_text_color": null, "line_name": "武蔵野線", "operator_id": "jr_east", "representation": "service_path", "min_zoom": 0, "max_zoom": 24, "offset_rank": 0}}, {"type": "Feature", "bbox": [139.47698, 35.6653, 139.47722, 35.66638], "geometry": {"type": "LineString", "coordinates": [[139.47722, 35.6653], [139.47707, 35.66577], [139.47698, 35.66638]]}, "properties": {"id": "GEOM_TOKYO_3449", "route_id": "R_1BE18C58", "route_name": null, "route_color": "#FF6F00", "route_text_color": null, "line_name": "武蔵野線", "operator_id": "jr_east", "representation": "service_path", "min_zoom": 0, "max_zoom": 24, "offset_rank": 0}}, {"type": "Feature", "bbox": [139.52619, 36.17113, 139.53377, 36.20823], "geometry": {"type": "LineString", "coordinates": [[139.53377, 36.17113], [139.53323, 36.17298], [139.53262, 36.17511], [139.5323, 36.17621], [139.5321, 36.1769], [139.53161, 36.17861], [139.5314, 36.1793], [139.53091, 36.18102], [139.53045, 36.1826], [139.52983, 36.18476], [139.52976, 36.18498], [139.52968, 36.18528], [139.52952, 36.18585], [139.52921, 36.18691], [139.52912, 36.18722], [139.52904, 36.1875], [139.52874, 36.1885], [139.52871, 36.18863], [139.5286, 36.18904], [139.52817, 36.19049], [139.52792, 36.19137], [139.52788, 36.19149], [139.52767, 36.19223], [139.52734, 36.19339], [139.52711, 36.19418], [139.52703, 36.19444], [139.52697, 36.19468], [139.52672, 36.19549], [139.5266, 36.19594], [139.52653, 36.19621], [139.52643, 36.19674], [139.52635, 36.19717], [139.52632, 36.19735], [139.52631, 36.19743], [139.52623, 36.19814], [139.5262, 36.19852], [139.52619, 36.19877], [139.52619, 36.1992], [139.52619, 36.19922], [139.52624, 36.20053], [139.52628, 36.20145], [139.52632, 36.20299], [139.5264, 36.20513], [139.52644, 36.20693], [139.52648, 36.20823]]}, "properties": {"id": "GEOM_TOKYO_3502", "route_id": "R_7581302C", "route_name": "伊勢崎線", "route_color": "#1F78FF", "route_text_color": "#ffffff", "line_name": "伊勢崎線", "operator_id": "tobu", "representation": "service_path", "min_zoom": 0, "max_zoom": 24, "offset_rank": 0}}, {"type": "Feature", "bbox": [139.55748, 36.12325, 139.59493, 36.14926], "geometry": {"type": "LineString", "coordinates": [[139.55748, 36.14926], [139.56075, 36.14698], [139.56112, 36.14673], [139.56293, 36.14548], [139.56522, 36.14388], [139.5662, 36.1432], [139.56873, 36.14144], [139.56954, 36.14087], [139.57155, 36.13945], [139.57247, 36.13882], [139.5725, 36.1388], [139.57391, 36.13779], [139.57562, 36.13657], [139.57696, 36.13563], [139.57736, 36.13534], [139.57786, 36.135], [139.57908, 36.13416], [139.58084, 36.13292], [139.5825, 36.13178], [139.58375, 36.13091], [139.58481, 36.13018], [139.58539, 36.12977], [139.58577, 36.12949], [139.58642, 36.12903], [139.58739, 36.12835], [139.58896, 36.12729], [139.5903, 36.12637], [139.59132, 36.12565], [139.59277, 36.12465], [139.59354, 36.1241], [139.59428, 36.12364], [139.59493, 36.12325]]}, "properties": {"id": "GEOM_TOKYO_3506", "route_id": "R_7581302C", "route_name": "伊勢崎線", "route_color": "#1F78FF", "route_text_color": "#ffffff", "line_name": "伊勢崎線", "operator_id": "tobu", "representation": "service_path", "min_zoom": 0, "max_zoom": 24, "offset_rank": 0}}, {"type": "Feature", "bbox": [139.53377, 36.16925, 139.53426, 36.17113], "geometry": {"type": "LineString", "coordinates": [[139.53377, 36.17113], [139.53406, 36.16984], [139.53426, 36.16925]]}, "properties": {"id": "GEOM_TOKYO_3507", "route_id": "R_7581302C", "route_name": "伊勢崎線", "route_color": "#1F78FF", "route_text_color": "#ffffff", "line_name": "伊勢崎線", "operator_id": "tobu", "representation": "service_path", "min_zoom": 0, "max_zoom": 24, "offset_rank": 0}}, {"type": "Feature", "bbox": [139.55643, 36.14926, 139.55748, 36.14999], "geometry": {"type": "LineString", "coordinates": [[139.55643, 36.14999], [139.55748, 36.14926]]}, "properties": {"id": "GEOM_TOKYO_3510", "route_id": "R_7581302C", "route_name": "伊勢崎線", "route_color": "#1F78FF", "route_text_color": "#ffffff", "line_name": "伊勢崎線", "operator_id": "tobu", "representation": "service_path", "min_zoom": 0, "max_zoom": 24, "offset_rank": 0}}, {"type": "Feature", "bbox": [139.53426, 36.14999, 139.55643, 36.16925], "geometry": {"type": "LineString", "coordinates": [[139.53426, 36.16925], [139.53456, 36.16846], [139.5349, 36.16747], [139.53534, 36.16636], [139.5356, 36.16586], [139.53621, 36.1649], [139.53648, 36.16451], [139.53675, 36.16416], [139.53707, 36.16378], [139.53773, 36.16316], [139.53842, 36.16255], [139.53895, 36.16214], [139.53957, 36.1617], [139.54061, 36.16098], [139.54223, 36.15985], [139.5431, 36.15927], [139.54417, 36.15852], [139.54701, 36.15656], [139.54802, 36.15586], [139.54978, 36.15465], [139.55127, 36.15363], [139.55344, 36.15207], [139.55524, 36.15082], [139.55643, 36.14999]]}, "properties": {"id": "GEOM_TOKYO_3516", "route_id": "R_7581302C", "route_name": "伊勢崎線", "route_color": "#1F78FF", "route_text_color": "#ffffff", "line_name": "伊勢崎線", "operator_id": "tobu", "representation": "service_path", "min_zoom": 0, "max_zoom": 24, "offset_rank": 0}}, {"type": "Feature", "bbox": [139.35702, 35.93191, 139.3697, 35.93995], "geometry": {"type": "LineString", "coordinates": [[139.3697, 35.93995], [139.36916, 35.93956], [139.36863, 35.93921], [139.36772, 35.93858], [139.3673, 35.9383], [139.36621, 35.93755], [139.36619, 35.93754], [139.36592, 35.93735], [139.36513, 35.9368], [139.36477, 35.93655], [139.36398, 35.93601], [139.36296, 35.93531], [139.36221, 35.9348], [139.36182, 35.93454], [139.36063, 35.93372], [139.36002, 35.93331], [139.35957, 35.93298], [139.35943, 35.93288], [139.35899, 35.93262], [139.35863, 35.93245], [139.35817, 35.93224], [139.35775, 35.9321], [139.3575, 35.93203], [139.35702, 35.93191]]}, "properties": {"id": "GEOM_TOKYO_3602", "route_id": "R_6A2B332A", "route_name": "越生線", "route_color": "#1F78FF", "route_text_color": "#ffffff", "line_name": "越生線", "operator_id": "tobu", "representation": "service_path", "min_zoom": 0, "max_zoom": 24, "offset_rank": 0}}, {"type": "Feature", "bbox": [139.39349, 35.95702, 139.3946, 35.95708], "geometry": {"type": "LineString", "coordinates": [[139.3946, 35.95708], [139.39349, 35.95702]]}, "properties": {"id": "GEOM_TOKYO_3603", "route_id": "R_6A2B332A", "route_name": "越生線", "route_color": "#1F78FF", "route_text_color": "#ffffff", "line_name": "越生線", "operator_id": "tobu", "representation": "service_path", "min_zoom": 0, "max_zoom": 24, "offset_rank": 0}}, {"type": "Feature", "bbox": [139.37046, 35.94048, 139.39349, 35.95702], "geometry": {"type": "LineString", "coordinates": [[139.39349, 35.95702], [139.39311, 35.957], [139.39274, 35.95696], [139.39265, 35.95694], [139.39251, 35.95692], [139.39231, 35.95687], [139.39219, 35.95683], [139.39196, 35.95674], [139.39172, 35.95662], [139.39135, 35.95638], [139.39111, 35.95619], [139.39088, 35.95595], [139.39039, 35.95533], [139.38994, 35.95472], [139.38962, 35.95429], [139.38948, 35.95416], [139.38924, 35.95393], [139.3885, 35.95352], [139.388, 35.95328], [139.38751, 35.95304], [139.38692, 35.9526], [139.38563, 35.95166], [139.38556, 35.9516], [139.38548, 35.95155], [139.3854, 35.95149], [139.38357, 35.95014], [139.38348, 35.95007], [139.38236, 35.94925], [139.38129, 35.94846], [139.38041, 35.94781], [139.38037, 35.94777], [139.379, 35.94676], [139.37856, 35.94644], [139.37801, 35.94602], [139.3779, 35.94595], [139.37656, 35.94495], [139.37536, 35.94407], [139.37494, 35.94377], [139.37455, 35.94348], [139.37342, 35.94264], [139.3718, 35.94147], [139.3717, 35.9414], [139.37097, 35.94085], [139.37046, 35.94048]]}, "properties": {"id": "GEOM_TOKYO_3604", "route_id": "R_6A2B332A", "route_name": "越生線", "route_color": "#1F78FF", "route_text_color": "#ffffff", "line_name": "越生線", "operator_id": "tobu", "representation": "service_path", "min_zoom": 0, "max_zoom": 24, "offset_rank": 0}}, {"type": "Feature", "bbox": [139.3946, 35.957, 139.39663, 35.95708], "geometry": {"type": "LineString", "coordinates": [[139.39663, 35.957], [139.39612, 35.95704], [139.39569, 35.95707], [139.3946, 35.95708]]}, "properties": {"id": "GEOM_TOKYO_3605", "route_id": "R_6A2B332A", "route_name": "越生線", "route_color": "#1F78FF", "route_text_color": "#ffffff", "line_name": "越生線", "operator_id": "tobu", "representation": "service_path", "min_zoom": 0, "max_zoom": 24, "offset_rank": 0}}, {"type": "Feature", "bbox": [139.3697, 35.93995, 139.37046, 35.94048], "geometry": {"type": "LineString", "coordinates": [[139.37046, 35.94048], [139.3697, 35.93995]]}, "properties": {"id": "GEOM_TOKYO_3606", "route_id": "R_6A2B332A", "route_name": "越生線", "route_color": "#1F78FF", "route_text_color": "#ffffff", "line_name": "越生線", "operator_id": "tobu", "representation": "service_path", "min_zoom": 0, "max_zoom": 24, "offset_rank": 0}}, {"type": "Feature", "bbox": [139.30963, 35.94748, 139.31491, 35.95186], "geometry": {"type": "LineString", "coordinates": [[139.31491, 35.94748], [139.31362, 35.94852], [139.31326, 35.9488], [139.31248, 35.94944], [139.31202, 35.9498], [139.31147, 35.95025], [139.31096, 35.95064], [139.31078, 35.95079], [139.31059, 35.95094], [139.31053, 35.95099], [139.31025, 35.95124], [139.30995, 35.95152], [139.30963, 35.95186]]}, "properties": {"id": "GEOM_TOKYO_3607", "route_id": "R_6A2B332A", "route_name": "越生線", "route_color": "#1F78FF", "route_text_color": "#ffffff", "line_name": "越生線", "operator_id": "tobu", "representation": "service_path", "min_zoom": 0, "max_zoom": 24, "offset_rank": 0}}, {"type": "Feature", "bbox": [139.3559, 35.93161, 139.35702, 35.93191], "geometry": {"type": "LineString", "coordinates": [[139.35702, 35.93191], [139.3559, 35.93161]]}, "properties": {"id": "GEOM_TOKYO_3608", "route_id": "R_6A2B332A", "route_name": "越生線", "route_color": "#1F78FF", "route_text_color": "#ffffff", "line_name": "越生線", "operator_id": "tobu", "representation": "service_path", "min_zoom": 0, "max_zoom": 24, "offset_rank": 0}}, {"type": "Feature", "bbox": [139.32671, 35.9377, 139.34595, 35.94187], "geometry": {"type": "LineString", "coordinates": [[139.34595, 35.9377], [139.34526, 35.93782], [139.34429, 35.93799], [139.34401, 35.93804], [139.34366, 35.93811], [139.34263, 35.93829], [139.34224, 35.93838], [139.34135, 35.93858], [139.34081, 35.9387], [139.34038, 35.93879], [139.3399, 35.9389], [139.33957, 35.93898], [139.33882, 35.93914], [139.33799, 35.93932], [139.33739, 35.93946], [139.3366, 35.93964], [139.33623, 35.93972], [139.33567, 35.93985], [139.33532, 35.93993], [139.33461, 35.94008], [139.3332, 35.9404], [139.3324, 35.94058], [139.33133, 35.94081], [139.3306, 35.94098], [139.32956, 35.94122], [139.32934, 35.94127], [139.32897, 35.94136], [139.32863, 35.94143], [139.32773, 35.94164], [139.32671, 35.94187]]}, "properties": {"id": "GEOM_TOKYO_3609", "route_id": "R_6A2B332A", "route_name": "越生線", "route_color": "#1F78FF", "route_text_color": "#ffffff", "line_name": "越生線", "operator_id": "tobu", "representation": "service_path", "min_zoom": 0, "max_zoom": 24, "offset_rank": 0}}, {"type": "Feature", "bbox": [139.32567, 35.94187, 139.32671, 35.94212], "geometry": {"type": "LineString", "coordinates": [[139.32671, 35.94187], [139.32567, 35.94212]]}, "properties": {"id": "GEOM_TOKYO_3610", "route_id": "R_6A2B332A", "route_name": "越生線", "route_color": "#1F78FF", "route_text_color": "#ffffff", "line_name": "越生線", "operator_id": "tobu", "representation": "service_path", "min_zoom": 0, "max_zoom": 24, "offset_rank": 0}}, {"type": "Feature", "bbox": [139.34595, 35.93751, 139.347, 35.9377], "geometry": {"type": "LineString", "coordinates": [[139.347, 35.93751], [139.34595, 35.9377]]}, "properties": {"id": "GEOM_TOKYO_3611", "route_id": "R_6A2B332A", "route_name": "越生線", "route_color": "#1F78FF", "route_text_color": "#ffffff", "line_name": "越生線", "operator_id": "tobu", "representation": "service_path", "min_zoom": 0, "max_zoom": 24, "offset_rank": 0}}, {"type": "Feature", "bbox": [139.347, 35.9314, 139.3559, 35.93751], "geometry": {"type": "LineString", "coordinates": [[139.3559, 35.93161], [139.3556, 35.93154], [139.35522, 35.93146], [139.35504, 35.93143], [139.35482, 35.93141], [139.35456, 35.9314], [139.35431, 35.93141], [139.35387, 35.93147], [139.35366, 35.93151], [139.35354, 35.93155], [139.35321, 35.93164], [139.35301, 35.93172], [139.35282, 35.9318], [139.35236, 35.93204], [139.35208, 35.93221], [139.35196, 35.93229], [139.35179, 35.9324], [139.35167, 35.93252], [139.3516, 35.93259], [139.35154, 35.93267], [139.35147, 35.93277], [139.35135, 35.93292], [139.35103, 35.9334], [139.35069, 35.93391], [139.35023, 35.93459], [139.34994, 35.93503], [139.34955, 35.93562], [139.34941, 35.93584], [139.34913, 35.93625], [139.34903, 35.9364], [139.34881, 35.9367], [139.34867, 35.93685], [139.34856, 35.93695], [139.34848, 35.93701], [139.34838, 35.93707], [139.34815, 35.93718], [139.34773, 35.93732], [139.34743, 35.93743], [139.347, 35.93751]]}, "properties": {"id": "GEOM_TOKYO_3612", "route_id": "R_6A2B332A", "route_name": "越生線", "route_color": "#1F78FF", "route_text_color": "#ffffff", "line_name": "越生線", "operator_id": "tobu", "representation": "service_path", "min_zoom": 0, "max_zoom": 24, "offset_rank": 0}}, {"type": "Feature", "bbox": [139.29975, 35.95256, 139.30889, 35.96231], "geometry": {"type": "LineString", "coordinates": [[139.29975, 35.96231], [139.29986, 35.96193], [139.30016, 35.96082], [139.30022, 35.96062], [139.30028, 35.96046], [139.30035, 35.96034], [139.30042, 35.96024], [139.3005, 35.96011], [139.3006, 35.96001], [139.30073, 35.95988], [139.3013, 35.9593], [139.30143, 35.95917], [139.3017, 35.9589], [139.30228, 35.95831], [139.303, 35.95759], [139.30346, 35.95712], [139.30417, 35.95641], [139.30447, 35.9561], [139.30511, 35.95545], [139.30528, 35.95528], [139.30547, 35.95508], [139.30581, 35.95473], [139.30596, 35.95459], [139.30615, 35.95441], [139.30633, 35.95425], [139.30654, 35.95408], [139.30669, 35.95398], [139.30684, 35.95388], [139.30731, 35.95358], [139.30751, 35.95345], [139.30781, 35.95326], [139.3082, 35.95299], [139.30841, 35.95285], [139.30889, 35.95256]]}, "properties": {"id": "GEOM_TOKYO_3613", "route_id": "R_6A2B332A", "route_name": "越生線", "route_color": "#1F78FF", "route_text_color": "#ffffff", "line_name": "越生線", "operator_id": "tobu", "representation": "service_path", "min_zoom": 0, "max_zoom": 24, "offset_rank": 0}}, {"type": "Feature", "bbox": [139.31491, 35.94682, 139.31575, 35.94748], "geometry": {"type": "LineString", "coordinates": [[139.31575, 35.94682], [139.31491, 35.94748]]}, "properties": {"id": "GEOM_TOKYO_3614", "route_id": "R_6A2B332A", "route_name": "越生線", "route_color": "#1F78FF", "route_text_color": "#ffffff", "line_name": "越生線", "operator_id": "tobu", "representation": "service_path", "min_zoom": 0, "max_zoom": 24, "offset_rank": 0}}, {"type": "Feature", "bbox": [139.31575, 35.94212, 139.32567, 35.94682], "geometry": {"type": "LineString", "coordinates": [[139.32567, 35.94212], [139.32533, 35.94219], [139.32469, 35.94233], [139.32385, 35.94252], [139.32286, 35.94275], [139.32234, 35.94287], [139.32172, 35.943], [139.32123, 35.94312], [139.32097, 35.9432], [139.32067, 35.9433], [139.32039, 35.94342], [139.32006, 35.94356], [139.3199, 35.94365], [139.31976, 35.94373], [139.31958, 35.94385], [139.31943, 35.94396], [139.31898, 35.94427], [139.31803, 35.94502], [139.3178, 35.94519], [139.31728, 35.94562], [139.31644, 35.94628], [139.31575, 35.94682]]}, "properties": {"id": "GEOM_TOKYO_3615", "route_id": "R_6A2B332A", "route_name": "越生線", "route_color": "#1F78FF", "route_text_color": "#ffffff", "line_name": "越生線", "operator_id": "tobu", "representation": "service_path", "min_zoom": 0, "max_zoom": 24, "offset_rank": 0}}, {"type": "Feature", "bbox": [139.29948, 35.96231, 139.29975, 35.9633], "geometry": {"type": "LineString", "coordinates": [[139.29948, 35.9633], [139.29961, 35.9628], [139.29975, 35.96231]]}, "properties": {"id": "GEOM_TOKYO_3616", "route_id": "R_6A2B332A", "route_name": "越生線", "route_color": "#1F78FF", "route_text_color": "#ffffff", "line_name": "越生線", "operator_id": "tobu", "representation": "service_path", "min_zoom": 0, "max_zoom": 24, "offset_rank": 0}}, {"type": "Feature", "bbox": [139.30889, 35.95186, 139.30963, 35.95256], "geometry": {"type": "LineString", "coordinates": [[139.30963, 35.95186], [139.30941, 35.95208], [139.3092, 35.95229], [139.30889, 35.95256]]}, "properties": {"id": "GEOM_TOKYO_3617", "route_id": "R_6A2B332A", "route_name": "越生線", "route_color": "#1F78FF", "route_text_color": "#ffffff", "line_name": "越生線", "operator_id": "tobu", "representation": "service_path", "min_zoom": 0, "max_zoom": 24, "offset_rank": 0}}, {"type": "Feature", "bbox": [139.3743, 36.04496, 139.37636, 36.04537], "geometry": {"type": "LineString", "coordinates": [[139.37636, 36.04496], [139.3743, 36.04537]]}, "properties": {"id": "GEOM_TOKYO_3703", "route_id": "R_3EA487D5", "route_name": "東上本線", "route_color": "#1F78FF", "route_text_color": "#ffffff", "line_name": "東上本線", "operator_id": "tobu", "representation": "service_path", "min_zoom": 0, "max_zoom": 24, "offset_rank": 0}}, {"type": "Feature", "bbox": [139.37636, 36.03572, 139.40117, 36.04496], "geometry": {"type": "LineString", "coordinates": [[139.40117, 36.03572], [139.40101, 36.03605], [139.40088, 36.03631], [139.40071, 36.03662], [139.4005, 36.03694], [139.40038, 36.03711], [139.40014, 36.03742], [139.39991, 36.03768], [139.39966, 36.03793], [139.39947, 36.0381], [139.39921, 36.03831], [139.39904, 36.03841], [139.3987, 36.03864], [139.39836, 36.03883], [139.39822, 36.0389], [139.39808, 36.03897], [139.39673, 36.03956], [139.39556, 36.04007], [139.39531, 36.04018], [139.39461, 36.04049], [139.39427, 36.04064], [139.3941, 36.04071], [139.39395, 36.04077], [139.39306, 36.04111], [139.3924, 36.04135], [139.39217, 36.04142], [139.3918, 36.04154], [139.39141, 36.04166], [139.39083, 36.04183], [139.39023, 36.04199], [139.39004, 36.04203], [139.38903, 36.04227], [139.38833, 36.04243], [139.3873, 36.04264], [139.38588, 36.04293], [139.38516, 36.04308], [139.38461, 36.0432], [139.38371, 36.04339], [139.38223, 36.0437], [139.38118, 36.04392], [139.37865, 36.04445], [139.37636, 36.04496]]}, "properties": {"id": "GEOM_TOKYO_3704", "route_id": "R_3EA487D5", "route_name": "東上本線", "route_color": "#1F78FF", "route_text_color": "#ffffff", "line_name": "東上本線", "operator_id": "tobu", "representation": "service_path", "min_zoom": 0, "max_zoom": 24, "offset_rank": 0}}, {"type": "Feature", "bbox": [139.47642, 35.91339, 139.47777, 35.91488], "geometry": {"type": "LineString", "coordinates": [[139.47642, 35.91488], [139.47777, 35.91339]]}, "properties": {"id": "GEOM_TOKYO_3705", "route_id": "R_3EA487D5", "route_name": "東上本線", "route_color": "#1F78FF", "route_text_color": "#ffffff", "line_name": "東上本線", "operator_id": "tobu", "representation": "service_path", "min_zoom": 0, "max_zoom": 24, "offset_rank": 0}}, {"type": "Feature", "bbox": [139.38888, 35.9572, 139.3963, 35.97132], "geometry": {"type": "LineString", "coordinates": [[139.3963, 35.97132], [139.39627, 35.97128], [139.39388, 35.96826], [139.39379, 35.96812], [139.39377, 35.96812], [139.3937, 35.96802], [139.39359, 35.9679], [139.39336, 35.96759], [139.39313, 35.96732], [139.39283, 35.96695], [139.39266, 35.96674], [139.39251, 35.96655], [139.39218, 35.96613], [139.39171, 35.96551], [139.39165, 35.96545], [139.39143, 35.96517], [139.39099, 35.96463], [139.39073, 35.96429], [139.39058, 35.96411], [139.39056, 35.96407], [139.39028, 35.96371], [139.38999, 35.96333], [139.38979, 35.96305], [139.38952, 35.96267], [139.38925, 35.96218], [139.38917, 35.96203], [139.3891, 35.96186], [139.38903, 35.96167], [139.38897, 35.96146], [139.38892, 35.96112], [139.38888, 35.96065], [139.3889, 35.96007], [139.38893, 35.95972], [139.38901, 35.95932], [139.38905, 35.95922], [139.38905, 35.95919], [139.38916, 35.95887], [139.38932, 35.95856], [139.38957, 35.95826], [139.39002, 35.9579], [139.39017, 35.95779], [139.39019, 35.95779], [139.39025, 35.95774], [139.39028, 35.95772], [139.39042, 35.95763], [139.39052, 35.95757], [139.39062, 35.95752], [139.39068, 35.95749], [139.3909, 35.9574], [139.39127, 35.9573], [139.3915, 35.95726], [139.39207, 35.95721], [139.39239, 35.9572], [139.39253, 35.95721], [139.39309, 35.95721]]}, "properties": {"id": "GEOM_TOKYO_3706", "route_id": "R_3EA487D5", "route_name": "東上本線", "route_color": "#1F78FF", "route_text_color": "#ffffff", "line_name": "東上本線", "operator_id": "tobu", "representation": "service_path", "min_zoom": 0, "max_zoom": 24, "offset_rank": 0}}, {"type": "Feature", "bbox": [139.40803, 35.94841, 139.40929, 35.94945], "geometry": {"type": "LineString", "coordinates": [[139.40803, 35.94945], [139.40814, 35.94936], [139.40929, 35.94841]]}, "properties": {"id": "GEOM_TOKYO_3707", "route_id": "R_3EA487D5", "route_name": "東上本線", "route_color": "#1F78FF", "route_text_color": "#ffffff", "line_name": "東上本線", "operator_id": "tobu", "representation": "service_path", "min_zoom": 0, "max_zoom": 24, "offset_rank": 0}}, {"type": "Feature", "bbox": [139.40929, 35.93735, 139.42302, 35.94841], "geometry": {"type": "LineString", "coordinates": [[139.40929, 35.94841], [139.41031, 35.94758], [139.41034, 35.94757], [139.41053, 35.94742], [139.41098, 35.94703], [139.411, 35.94702], [139.41117, 35.94689], [139.41238, 35.94589], [139.41244, 35.94585], [139.4128, 35.94555], [139.41284, 35.94552], [139.41287, 35.94551], [139.41301, 35.94538], [139.41402, 35.94455], [139.41499, 35.94376], [139.41505, 35.94372], [139.41506, 35.9437], [139.41539, 35.94343], [139.41591, 35.94301], [139.41731, 35.94188], [139.41791, 35.94137], [139.41819, 35.94115], [139.41895, 35.94053], [139.41958, 35.94], [139.41971, 35.9399], [139.41988, 35.93976], [139.42102, 35.93882], [139.42107, 35.93879], [139.42135, 35.93856], [139.42138, 35.93854], [139.42153, 35.93842], [139.42302, 35.93735]]}, "properties": {"id": "GEOM_TOKYO_3708", "route_id": "R_3EA487D5", "route_name": "東上本線", "route_color": "#1F78FF", "route_text_color": "#ffffff", "line_name": "東上本線", "operator_id": "tobu", "representation": "service_path", "min_zoom": 0, "max_zoom": 24, "offset_rank": 0}}, {"type": "Feature", "bbox": [139.3963, 35.97132, 139.39739, 35.97264], "geometry": {"type": "LineString", "coordinates": [[139.39739, 35.97264], [139.3963, 35.97132]]}, "properties": {"id": "GEOM_TOKYO_3709", "route_id": "R_3EA487D5", "route_name": "東上本線", "route_color": "#1F78FF", "route_text_color": "#ffffff", "line_name": "東上本線", "operator_id": "tobu", "representation": "service_path", "min_zoom": 0, "max_zoom": 24, "offset_rank": 0}}, {"type": "Feature", "bbox": [139.39523, 35.957, 139.39663, 35.95729], "geometry": {"type": "LineString", "coordinates": [[139.39663, 35.957], [139.39617, 35.95715], [139.39597, 35.95721], [139.39576, 35.95724], [139.3957, 35.95725], [139.39556, 35.95727], [139.39543, 35.95728], [139.39523, 35.95729]]}, "properties": {"id": "GEOM_TOKYO_3710", "route_id": "R_3EA487D5", "route_name": "東上本線", "route_color": "#1F78FF", "route_text_color": "#ffffff", "line_name": "東上本線", "operator_id": "tobu", "representation": "service_path", "min_zoom": 0, "max_zoom": 24, "offset_rank": 0}}, {"type": "Feature", "bbox": [139.39663, 35.94945, 139.40803, 35.957], "geometry": {"type": "LineString", "coordinates": [[139.40803, 35.94945], [139.40751, 35.94987], [139.40749, 35.94987], [139.40735, 35.95], [139.40635, 35.95081], [139.40571, 35.95134], [139.40525, 35.95171], [139.40381, 35.95287], [139.4037, 35.95296], [139.40317, 35.95339], [139.40285, 35.95365], [139.40253, 35.95391], [139.40235, 35.95405], [139.40215, 35.95421], [139.40049, 35.95553], [139.4004, 35.9556], [139.4001, 35.95576], [139.40001, 35.95582], [139.39982, 35.95589], [139.39949, 35.95604], [139.39874, 35.95636], [139.3985, 35.95644], [139.39834, 35.95649], [139.39768, 35.95669], [139.39731, 35.95681], [139.39713, 35.95686], [139.397, 35.9569], [139.39695, 35.95691], [139.39691, 35.95692], [139.39674, 35.95698], [139.39663, 35.957]]}, "properties": {"id": "GEOM_TOKYO_3711", "route_id": "R_3EA487D5", "route_name": "東上本線", "route_color": "#1F78FF", "route_text_color": "#ffffff", "line_name": "東上本線", "operator_id": "tobu", "representation": "service_path", "min_zoom": 0, "max_zoom": 24, "offset_rank": 0}}, {"type": "Feature", "bbox": [139.47777, 35.90813, 139.48228, 35.91339], "geometry": {"type": "LineString", "coordinates": [[139.47777, 35.91339], [139.47843, 35.91263], [139.47904, 35.9119], [139.47974, 35.91111], [139.48011, 35.91068], [139.48156, 35.90897], [139.48228, 35.90813]]}, "properties": {"id": "GEOM_TOKYO_3712", "route_id": "R_3EA487D5", "route_name": "東上本線", "route_color": "#1F78FF", "route_text_color": "#ffffff", "line_name": "東上本線", "operator_id": "tobu", "representation": "service_path", "min_zoom": 0, "max_zoom": 24, "offset_rank": 0}}, {"type": "Feature", "bbox": [139.40117, 36.03392, 139.40187, 36.03572], "geometry": {"type": "LineString", "coordinates": [[139.40187, 36.03392], [139.40174, 36.03426], [139.40157, 36.03466], [139.40117, 36.03572]]}, "properties": {"id": "GEOM_TOKYO_3713", "route_id": "R_3EA487D5", "route_name": "東上本線", "route_color": "#1F78FF", "route_text_color": "#ffffff", "line_name": "東上本線", "operator_id": "tobu", "representation": "service_path", "min_zoom": 0, "max_zoom": 24, "offset_rank": 0}}, {"type": "Feature", "bbox": [139.42302, 35.93609, 139.42502, 35.93735], "geometry": {"type": "LineString", "coordinates": [[139.42502, 35.93609], [139.42369, 35.93693], [139.42302, 35.93735]]}, "properties": {"id": "GEOM_TOKYO_3714", "route_id": "R_3EA487D5", "route_name": "東上本線", "route_color": "#1F78FF", "route_text_color": "#ffffff", "line_name": "東上本線", "operator_id": "tobu", "representation": "service_path", "min_zoom": 0, "max_zoom": 24, "offset_rank": 0}}, {"type": "Feature", "bbox": [139.39736, 36.00191, 139.398, 36.004], "geometry": {"type": "LineString", "coordinates": [[139.398, 36.00191], [139.39779, 36.00261], [139.39769, 36.00294], [139.39762, 36.00318], [139.39736, 36.004]]}, "properties": {"id": "GEOM_TOKYO_3715", "route_id": "R_3EA487D5", "route_name": "東上本線", "route_color": "#1F78FF", "route_text_color": "#ffffff", "line_name": "東上本線", "operator_id": "tobu", "representation": "service_path", "min_zoom": 0, "max_zoom": 24, "offset_rank": 0}}, {"type": "Feature", "bbox": [139.39739, 35.97264, 139.40067, 36.00191], "geometry": {"type": "LineString", "coordinates": [[139.39739, 35.97264], [139.39774, 35.9731], [139.39792, 35.97337], [139.39806, 35.97366], [139.39846, 35.97504], [139.39849, 35.97513], [139.3985, 35.97523], [139.39924, 35.9779], [139.3997, 35.9795], [139.39976, 35.97968], [139.39977, 35.97972], [139.39989, 35.98016], [139.3999, 35.98021], [139.39998, 35.98048], [139.40006, 35.98076], [139.40022, 35.98132], [139.4003, 35.9816], [139.40034, 35.98172], [139.40043, 35.98203], [139.40043, 35.98205], [139.40045, 35.98206], [139.40048, 35.98217], [139.40057, 35.98252], [139.40064, 35.98281], [139.40066, 35.98307], [139.40067, 35.98337], [139.40066, 35.98357], [139.40065, 35.98377], [139.40063, 35.98434], [139.40062, 35.98459], [139.4006, 35.98499], [139.4006, 35.98509], [139.40057, 35.98598], [139.40056, 35.98624], [139.40056, 35.98642], [139.40057, 35.98661], [139.40059, 35.98739], [139.4006, 35.98765], [139.40064, 35.98908], [139.40066, 35.99157], [139.40063, 35.99249], [139.40062, 35.99269], [139.40062, 35.99276], [139.40054, 35.99313], [139.40053, 35.99318], [139.39979, 35.99553], [139.39903, 35.99817], [139.398, 36.00191]]}, "properties": {"id": "GEOM_TOKYO_3716", "route_id": "R_3EA487D5", "route_name": "東上本線", "route_color": "#1F78FF", "route_text_color": "#ffffff", "line_name": "東上本線", "operator_id": "tobu", "representation": "service_path", "min_zoom": 0, "max_zoom": 24, "offset_rank": 0}}, {"type": "Feature", "bbox": [139.44521, 35.91488, 139.47642, 35.92511], "geometry": {"type": "LineString", "coordinates": [[139.44521, 35.92511], [139.44596, 35.92495], [139.44726, 35.92468], [139.44896, 35.92432], [139.45116, 35.92383], [139.45138, 35.92378], [139.45166, 35.92372], [139.4518, 35.9237], [139.45382, 35.92328], [139.45436, 35.92316], [139.45513, 35.923], [139.45518, 35.92299], [139.45536, 35.92295], [139.45538, 35.92294], [139.45633, 35.92275], [139.45659, 35.92269], [139.46457, 35.92102], [139.46732, 35.92044], [139.46743, 35.92042], [139.46764, 35.92038], [139.46808, 35.92028], [139.46935, 35.91998], [139.46964, 35.91991], [139.46979, 35.91987], [139.47006, 35.91978], [139.47029, 35.91972], [139.47064, 35.91954], [139.47098, 35.91935], [139.47136, 35.91909], [139.47177, 35.91878], [139.47231, 35.91833], [139.47334, 35.91753], [139.47419, 35.91681], [139.47508, 35.91611], [139.47572, 35.91556], [139.47632, 35.91498], [139.47642, 35.91488]]}, "properties": {"id": "GEOM_TOKYO_3717", "route_id": "R_3EA487D5", "route_name": "東上本線", "route_color": "#1F78FF", "route_text_color": "#ffffff", "line_name": "東上本線", "operator_id": "tobu", "representation": "service_path", "min_zoom": 0, "max_zoom": 24, "offset_rank": 0}}, {"type": "Feature", "bbox": [139.42502, 35.92574, 139.44288, 35.93609], "geometry": {"type": "LineString", "coordinates": [[139.42502, 35.93609], [139.42538, 35.93586], [139.42555, 35.93575], [139.42573, 35.93564], [139.42641, 35.9352], [139.42644, 35.93518], [139.42667, 35.93503], [139.42722, 35.9347], [139.42902, 35.93365], [139.4292, 35.93354], [139.42989, 35.93313], [139.43074, 35.93262], [139.43168, 35.93206], [139.43263, 35.93149], [139.433, 35.93127], [139.43373, 35.93083], [139.43382, 35.93079], [139.43429, 35.9305], [139.43464, 35.93029], [139.43541, 35.92981], [139.43603, 35.92943], [139.43606, 35.92941], [139.43646, 35.92917], [139.4366, 35.92908], [139.43668, 35.92903], [139.43711, 35.92877], [139.43729, 35.92865], [139.43731, 35.92865], [139.43762, 35.92847], [139.43792, 35.92828], [139.43821, 35.92811], [139.43822, 35.9281], [139.43848, 35.92794], [139.43884, 35.92771], [139.43924, 35.92748], [139.43986, 35.9271], [139.44062, 35.92666], [139.44098, 35.92645], [139.4417, 35.92611], [139.4424, 35.92589], [139.44288, 35.92574]]}, "properties": {"id": "GEOM_TOKYO_3718", "route_id": "R_3EA487D5", "route_name": "東上本線", "route_color": "#1F78FF", "route_text_color": "#ffffff", "line_name": "東上本線", "operator_id": "tobu", "representation": "service_path", "min_zoom": 0, "max_zoom": 24, "offset_rank": 0}}, {"type": "Feature", "bbox": [139.39309, 35.95721, 139.39523, 35.95729], "geometry": {"type": "LineString", "coordinates": [[139.39523, 35.95729], [139.3934, 35.95722], [139.39309, 35.95721]]}, "properties": {"id": "GEOM_TOKYO_3719", "route_id": "R_3EA487D5", "route_name": "東上本線", "route_color": "#1F78FF", "route_text_color": "#ffffff", "line_name": "東上本線", "operator_id": "tobu", "representation": "service_path", "min_zoom": 0, "max_zoom": 24, "offset_rank": 0}}, {"type": "Feature", "bbox": [139.39695, 36.004, 139.4025, 36.03392], "geometry": {"type": "LineString", "coordinates": [[139.39736, 36.004], [139.39721, 36.00445], [139.39711, 36.00484], [139.39702, 36.00525], [139.39699, 36.00537], [139.39697, 36.00551], [139.39695, 36.00563], [139.39695, 36.00595], [139.39697, 36.00624], [139.39699, 36.00658], [139.397, 36.0067], [139.39704, 36.00688], [139.39714, 36.00726], [139.39723, 36.00754], [139.39734, 36.00779], [139.39746, 36.00805], [139.39763, 36.00836], [139.39785, 36.00868], [139.39819, 36.00915], [139.39848, 36.00957], [139.3988, 36.01004], [139.39906, 36.0104], [139.39931, 36.01075], [139.39957, 36.0111], [139.39994, 36.01164], [139.40031, 36.01215], [139.40085, 36.01291], [139.40116, 36.01336], [139.40125, 36.01351], [139.40133, 36.01365], [139.40146, 36.01391], [139.40156, 36.01413], [139.40164, 36.01433], [139.40171, 36.0145], [139.40179, 36.01476], [139.40188, 36.0151], [139.40195, 36.01544], [139.40199, 36.01565], [139.40201, 36.01575], [139.40201, 36.01588], [139.40206, 36.01676], [139.40208, 36.0171], [139.40214, 36.01856], [139.40218, 36.01974], [139.40223, 36.02104], [139.40228, 36.02214], [139.40234, 36.02397], [139.40237, 36.02469], [139.4024, 36.02528], [139.40244, 36.02577], [139.40246, 36.02612], [139.40247, 36.02637], [139.40247, 36.02677], [139.40249, 36.02767], [139.4025, 36.02852], [139.40247, 36.02925], [139.40243, 36.03001], [139.40241, 36.03045], [139.40233, 36.0313], [139.40223, 36.03211], [139.40215, 36.03273], [139.40212, 36.03291], [139.40209, 36.0331], [139.40206, 36.03321], [139.40187, 36.03392]]}, "properties": {"id": "GEOM_TOKYO_3720", "route_id": "R_3EA487D5", "route_name": "東上本線", "route_color": "#1F78FF", "route_text_color": "#ffffff", "line_name": "東上本線", "operator_id": "tobu", "representation": "service_path", "min_zoom": 0, "max_zoom": 24, "offset_rank": 0}}, {"type": "Feature", "bbox": [139.44288, 35.92511, 139.44521, 35.92574], "geometry": {"type": "LineString", "coordinates": [[139.44521, 35.92511], [139.44392, 35.92543], [139.4434, 35.92557], [139.44288, 35.92574]]}, "properties": {"id": "GEOM_TOKYO_3721", "route_id": "R_3EA487D5", "route_name": "東上本線", "route_color": "#1F78FF", "route_text_color": "#ffffff", "line_name": "東上本線", "operator_id": "tobu", "representation": "service_path", "min_zoom": 0, "max_zoom": 24, "offset_rank": 0}}, {"type": "Feature", "bbox": [139.56176, 35.8301, 139.56316, 35.83102], "geometry": {"type": "LineString", "coordinates": [[139.56176, 35.83102], [139.56316, 35.8301]]}, "properties": {"id": "GEOM_TOKYO_3744", "route_id": "R_3EA487D5", "route_name": "東上本線", "route_color": "#1F78FF", "route_text_color": "#ffffff", "line_name": "東上本線", "operator_id": "tobu", "representation": "service_path", "min_zoom": 0, "max_zoom": 24, "offset_rank": 0}}, {"type": "Feature", "bbox": [139.5518, 35.83102, 139.56176, 35.83754], "geometry": {"type": "LineString", "coordinates": [[139.5518, 35.83754], [139.55329, 35.83655], [139.55385, 35.8362], [139.55459, 35.83571], [139.55571, 35.83498], [139.55691, 35.83418], [139.55754, 35.83376], [139.55841, 35.83321], [139.55897, 35.83284], [139.55977, 35.83232], [139.56067, 35.83173], [139.56091, 35.83157], [139.56114, 35.83142], [139.56176, 35.83102]]}, "properties": {"id": "GEOM_TOKYO_3745", "route_id": "R_3EA487D5", "route_name": "東上本線", "route_color": "#1F78FF", "route_text_color": "#ffffff", "line_name": "東上本線", "operator_id": "tobu", "representation": "service_path", "min_zoom": 0, "max_zoom": 24, "offset_rank": 0}}, {"type": "Feature", "bbox": [139.53834, 35.84489, 139.54057, 35.84631], "geometry": {"type": "LineString", "coordinates": [[139.54057, 35.84489], [139.53901, 35.84591], [139.53834, 35.84631]]}, "properties": {"id": "GEOM_TOKYO_3746", "route_id": "R_3EA487D5", "route_name": "東上本線", "route_color": "#1F78FF", "route_text_color": "#ffffff", "line_name": "東上本線", "operator_id": "tobu", "representation": "service_path", "min_zoom": 0, "max_zoom": 24, "offset_rank": 0}}, {"type": "Feature", "bbox": [139.54057, 35.83886, 139.54977, 35.84489], "geometry": {"type": "LineString", "coordinates": [[139.54977, 35.83886], [139.54897, 35.83937], [139.54791, 35.84008], [139.54542, 35.84172], [139.54515, 35.84189], [139.54466, 35.84222], [139.54267, 35.84353], [139.54057, 35.84489]]}, "properties": {"id": "GEOM_TOKYO_3747", "route_id": "R_3EA487D5", "route_name": "東上本線", "route_color": "#1F78FF", "route_text_color": "#ffffff", "line_name": "東上本線", "operator_id": "tobu", "representation": "service_path", "min_zoom": 0, "max_zoom": 24, "offset_rank": 0}}, {"type": "Feature", "bbox": [139.52382, 35.84631, 139.53834, 35.85991], "geometry": {"type": "LineString", "coordinates": [[139.53834, 35.84631], [139.53657, 35.84749], [139.5357, 35.84809], [139.53502, 35.84857], [139.53402, 35.84928], [139.53304, 35.85004], [139.53256, 35.85047], [139.53192, 35.85103], [139.53135, 35.85158], [139.53068, 35.85229], [139.52907, 35.85397], [139.5278, 35.85537], [139.52772, 35.85547], [139.52746, 35.85574], [139.5257, 35.85776], [139.52434, 35.85932], [139.52382, 35.85991]]}, "properties": {"id": "GEOM_TOKYO_3749", "route_id": "R_3EA487D5", "route_name": "東上本線", "route_color": "#1F78FF", "route_text_color": "#ffffff", "line_name": "東上本線", "operator_id": "tobu", "representation": "service_path", "min_zoom": 0, "max_zoom": 24, "offset_rank": 0}}, {"type": "Feature", "bbox": [139.48228, 35.90627, 139.48401, 35.90813], "geometry": {"type": "LineString", "coordinates": [[139.48228, 35.90813], [139.48263, 35.90776], [139.48305, 35.90726], [139.48401, 35.90627]]}, "properties": {"id": "GEOM_TOKYO_3751", "route_id": "R_3EA487D5", "route_name": "東上本線", "route_color": "#1F78FF", "route_text_color": "#ffffff", "line_name": "東上本線", "operator_id": "tobu", "representation": "service_path", "min_zoom": 0, "max_zoom": 24, "offset_rank": 0}}, {"type": "Feature", "bbox": [139.48401, 35.89148, 139.49692, 35.90627], "geometry": {"type": "LineString", "coordinates": [[139.48401, 35.90627], [139.48453, 35.90568], [139.4852, 35.90492], [139.48593, 35.90405], [139.48643, 35.90346], [139.4871, 35.9027], [139.48792, 35.90176], [139.48858, 35.901], [139.48963, 35.89976], [139.48978, 35.89956], [139.49031, 35.89897], [139.49088, 35.89831], [139.49106, 35.8981], [139.4917, 35.89736], [139.4919, 35.89713], [139.49213, 35.89686], [139.49232, 35.89664], [139.49249, 35.89644], [139.49266, 35.89624], [139.49308, 35.89577], [139.49483, 35.89375], [139.49601, 35.89247], [139.49678, 35.89168], [139.49692, 35.89148]]}, "properties": {"id": "GEOM_TOKYO_3752", "route_id": "R_3EA487D5", "route_name": "東上本線", "route_color": "#1F78FF", "route_text_color": "#ffffff", "line_name": "東上本線", "operator_id": "tobu", "representation": "service_path", "min_zoom": 0, "max_zoom": 24, "offset_rank": 0}}, {"type": "Feature", "bbox": [139.54977, 35.83754, 139.5518, 35.83886], "geometry": {"type": "LineString", "coordinates": [[139.5518, 35.83754], [139.54977, 35.83886]]}, "properties": {"id": "GEOM_TOKYO_3753", "route_id": "R_3EA487D5", "route_name": "東上本線", "route_color": "#1F78FF", "route_text_color": "#ffffff", "line_name": "東上本線", "operator_id": "tobu", "representation": "service_path", "min_zoom": 0, "max_zoom": 24, "offset_rank": 0}}, {"type": "Feature", "bbox": [139.51245, 35.86158, 139.52236, 35.87321], "geometry": {"type": "LineString", "coordinates": [[139.52236, 35.86158], [139.52205, 35.86195], [139.52022, 35.86407], [139.51967, 35.8647], [139.51775, 35.86695], [139.51751, 35.86722], [139.51653, 35.86839], [139.51434, 35.87098], [139.51245, 35.87321]]}, "properties": {"id": "GEOM_TOKYO_3758", "route_id": "R_3EA487D5", "route_name": "東上本線", "route_color": "#1F78FF", "route_text_color": "#ffffff", "line_name": "東上本線", "operator_id": "tobu", "representation": "service_path", "min_zoom": 0, "max_zoom": 24, "offset_rank": 0}}, {"type": "Feature", "bbox": [139.52236, 35.85991, 139.52382, 35.86158], "geometry": {"type": "LineString", "coordinates": [[139.52382, 35.85991], [139.52236, 35.86158]]}, "properties": {"id": "GEOM_TOKYO_3759", "route_id": "R_3EA487D5", "route_name": "東上本線", "route_color": "#1F78FF", "route_text_color": "#ffffff", "line_name": "東上本線", "operator_id": "tobu", "representation": "service_path", "min_zoom": 0, "max_zoom": 24, "offset_rank": 0}}, {"type": "Feature", "bbox": [139.49768, 35.88313, 139.50395, 35.89056], "geometry": {"type": "LineString", "coordinates": [[139.49768, 35.89056], [139.49909, 35.88886], [139.50065, 35.88702], [139.50187, 35.88558], [139.50353, 35.88361], [139.50395, 35.88313]]}, "properties": {"id": "GEOM_TOKYO_3762", "route_id": "R_3EA487D5", "route_name": "東上本線", "route_color": "#1F78FF", "route_text_color": "#ffffff", "line_name": "東上本線", "operator_id": "tobu", "representation": "service_path", "min_zoom": 0, "max_zoom": 24, "offset_rank": 0}}, {"type": "Feature", "bbox": [139.49768, 35.88313, 139.50395, 35.89056], "geometry": {"type": "LineString", "coordinates": [[139.49768, 35.89056], [139.49909, 35.88886], [139.50065, 35.88702], [139.50187, 35.88558], [139.50353, 35.88361], [139.50395, 35.88313]]}, "properties": {"id": "GEOM_TOKYO_3763", "route_id": "R_3EA487D5", "route_name": "東上本線", "route_color": "#1F78FF", "route_text_color": "#ffffff", "line_name": "東上本線", "operator_id": "tobu", "representation": "service_path", "min_zoom": 0, "max_zoom": 24, "offset_rank": 0}}, {"type": "Feature", "bbox": [139.51129, 35.87321, 139.51245, 35.87453], "geometry": {"type": "LineString", "coordinates": [[139.51245, 35.87321], [139.51129, 35.87453]]}, "properties": {"id": "GEOM_TOKYO_3764", "route_id": "R_3EA487D5", "route_name": "東上本線", "route_color": "#1F78FF", "route_text_color": "#ffffff", "line_name": "東上本線", "operator_id": "tobu", "representation": "service_path", "min_zoom": 0, "max_zoom": 24, "offset_rank": 0}}, {"type": "Feature", "bbox": [139.49692, 35.89056, 139.49768, 35.89148], "geometry": {"type": "LineString", "coordinates": [[139.49768, 35.89056], [139.49692, 35.89148]]}, "properties": {"id": "GEOM_TOKYO_3766", "route_id": "R_3EA487D5", "route_name": "東上本線", "route_color": "#1F78FF", "route_text_color": "#ffffff", "line_name": "東上本線", "operator_id": "tobu", "representation": "service_path", "min_zoom": 0, "max_zoom": 24, "offset_rank": 0}}, {"type": "Feature", "bbox": [139.50395, 35.87453, 139.51129, 35.88313], "geometry": {"type": "LineString", "coordinates": [[139.51129, 35.87453], [139.50991, 35.87613], [139.50868, 35.87757], [139.50805, 35.87831], [139.50782, 35.87859], [139.50655, 35.88006], [139.5041, 35.88295], [139.50395, 35.88313]]}, "properties": {"id": "GEOM_TOKYO_3768", "route_id": "R_3EA487D5", "route_name": "東上本線", "route_color": "#1F78FF", "route_text_color": "#ffffff", "line_name": "東上本線", "operator_id": "tobu", "representation": "service_path", "min_zoom": 0, "max_zoom": 24, "offset_rank": 0}}, {"type": "Feature", "bbox": [139.20929, 36.10845, 139.23379, 36.11453], "geometry": {"type": "LineString", "coordinates": [[139.23379, 36.10845], [139.23346, 36.10936], [139.23335, 36.10968], [139.23322, 36.10999], [139.23308, 36.11022], [139.23292, 36.11046], [139.23273, 36.1107], [139.23255, 36.11089], [139.2324, 36.11102], [139.23227, 36.11113], [139.23209, 36.11129], [139.2318, 36.11154], [139.23166, 36.11164], [139.23148, 36.11178], [139.23132, 36.11189], [139.23111, 36.11202], [139.23094, 36.11213], [139.23081, 36.1122], [139.23068, 36.11227], [139.23055, 36.11233], [139.23036, 36.11241], [139.23021, 36.11247], [139.23001, 36.11254], [139.22995, 36.11256], [139.22962, 36.11266], [139.22928, 36.11271], [139.22899, 36.11275], [139.22876, 36.11277], [139.22845, 36.11279], [139.22752, 36.1128], [139.22667, 36.11281], [139.22549, 36.11279], [139.22498, 36.11279], [139.22465, 36.1128], [139.2244, 36.11283], [139.22396, 36.11289], [139.22309, 36.11309], [139.22249, 36.11322], [139.2215, 36.11351], [139.22063, 36.11375], [139.22019, 36.11389], [139.22006, 36.11394], [139.21954, 36.11413], [139.21875, 36.11432], [139.21826, 36.11441], [139.21806, 36.11445], [139.21769, 36.11448], [139.21711, 36.1145], [139.21671, 36.11453], [139.21627, 36.11453], [139.21577, 36.11452], [139.2155, 36.1145], [139.21498, 36.11447], [139.21422, 36.11439], [139.21363, 36.11431], [139.21299, 36.11424], [139.21164, 36.11408], [139.21058, 36.11396], [139.20988, 36.11386], [139.20929, 36.11381]]}, "properties": {"id": "GEOM_TOKYO_3769", "route_id": "R_3EA487D5", "route_name": "東上本線", "route_color": "#1F78FF", "route_text_color": "#ffffff", "line_name": "東上本線", "operator_id": "tobu", "representation": "service_path", "min_zoom": 0, "max_zoom": 24, "offset_rank": 0}}, {"type": "Feature", "bbox": [139.26121, 36.04474, 139.32695, 36.05854], "geometry": {"type": "LineString", "coordinates": [[139.32695, 36.04474], [139.32626, 36.04504], [139.32481, 36.0457], [139.32333, 36.04638], [139.32207, 36.04698], [139.3213, 36.04735], [139.32072, 36.04764], [139.32047, 36.04776], [139.31961, 36.04819], [139.31853, 36.04869], [139.31798, 36.04901], [139.31762, 36.04923], [139.31739, 36.0494], [139.31696, 36.04968], [139.31663, 36.0499], [139.31609, 36.05028], [139.31562, 36.05062], [139.31519, 36.0509], [139.31491, 36.05108], [139.31449, 36.05133], [139.31403, 36.05151], [139.31369, 36.05163], [139.31347, 36.05169], [139.31294, 36.05178], [139.31252, 36.05182], [139.31222, 36.05181], [139.31193, 36.05178], [139.31143, 36.05173], [139.31116, 36.05169], [139.31086, 36.05164], [139.31057, 36.05159], [139.31028, 36.05154], [139.30952, 36.05141], [139.30902, 36.05134], [139.30857, 36.05132], [139.30823, 36.05131], [139.30798, 36.05131], [139.30758, 36.05132], [139.30715, 36.05138], [139.30662, 36.05148], [139.30595, 36.0517], [139.30555, 36.05187], [139.3051, 36.05208], [139.30433, 36.05254], [139.30408, 36.05271], [139.30357, 36.05312], [139.30284, 36.05371], [139.30215, 36.05428], [139.30155, 36.05478], [139.301, 36.05524], [139.30039, 36.05574], [139.29968, 36.05633], [139.29931, 36.05657], [139.29929, 36.05659], [139.29876, 36.05685], [139.29844, 36.05699], [139.29816, 36.05709], [139.2978, 36.0572], [139.29738, 36.05725], [139.29659, 36.05728], [139.2965, 36.05727], [139.29624, 36.05723], [139.29601, 36.05719], [139.29569, 36.05713], [139.29548, 36.05709], [139.29516, 36.05701], [139.29499, 36.05695], [139.29487, 36.05689], [139.29468, 36.05681], [139.29423, 36.05654], [139.29383, 36.05622], [139.29352, 36.05587], [139.29324, 36.05546], [139.29304, 36.05507], [139.29284, 36.05454], [139.29253, 36.05402], [139.29228, 36.05366], [139.29175, 36.05302], [139.29138, 36.05256], [139.29102, 36.05222], [139.29063, 36.05191], [139.29017, 36.05162], [139.28976, 36.05148], [139.28937, 36.05135], [139.28901, 36.0513], [139.2887, 36.05129], [139.2881, 36.05132], [139.28766, 36.05138], [139.28735, 36.05148], [139.2871, 36.05155], [139.28696, 36.05158], [139.28624, 36.05179], [139.28584, 36.05189], [139.28458, 36.05225], [139.28402, 36.0524], [139.28315, 36.05264], [139.28281, 36.05277], [139.28248, 36.05292], [139.28215, 36.05312], [139.28155, 36.05352], [139.28133, 36.05369], [139.28086, 36.05402], [139.2801, 36.05458], [139.27927, 36.0552], [139.2791, 36.05532], [139.27893, 36.05544], [139.27859, 36.05567], [139.27834, 36.05581], [139.27796, 36.05601], [139.2774, 36.05623], [139.27703, 36.05635], [139.27665, 36.05645], [139.27586, 36.0566], [139.27499, 36.0567], [139.27423, 36.05675], [139.27295, 36.0568], [139.27152, 36.05686], [139.26976, 36.05694], [139.26891, 36.05697], [139.26851, 36.05698], [139.26817, 36.05699], [139.2672, 36.05704], [139.26584, 36.05711], [139.2649, 36.05722], [139.26411, 36.05744], [139.2637, 36.05757], [139.263, 36.05783], [139.26197, 36.05824], [139.26121, 36.05854]]}, "properties": {"id": "GEOM_TOKYO_3770", "route_id": "R_3EA487D5", "route_name": "東上本線", "route_color": "#1F78FF", "route_text_color": "#ffffff", "line_name": "東上本線", "operator_id": "tobu", "representation": "service_path", "min_zoom": 0, "max_zoom": 24, "offset_rank": 0}}, {"type": "Feature", "bbox": [139.19426, 36.11719, 139.19985, 36.11785], "geometry": {"type": "LineString", "coordinates": [[139.19985, 36.11719], [139.19967, 36.11727], [139.19911, 36.11746], [139.19871, 36.11758], [139.19823, 36.1177], [139.19799, 36.11776], [139.19737, 36.11784], [139.19694, 36.11785], [139.19669, 36.11783], [139.1965, 36.11779], [139.19605, 36.11771], [139.19549, 36.11761], [139.19499, 36.11755], [139.19426, 36.11742]]}, "properties": {"id": "GEOM_TOKYO_3771", "route_id": "R_3EA487D5", "route_name": "東上本線", "route_color": "#1F78FF", "route_text_color": "#ffffff", "line_name": "東上本線", "operator_id": "tobu", "representation": "service_path", "min_zoom": 0, "max_zoom": 24, "offset_rank": 0}}, {"type": "Feature", "bbox": [139.2376, 36.0748, 139.23764, 36.07594], "geometry": {"type": "LineString", "coordinates": [[139.23764, 36.07594], [139.2376, 36.07502], [139.2376, 36.0748]]}, "properties": {"id": "GEOM_TOKYO_3772", "route_id": "R_3EA487D5", "route_name": "東上本線", "route_color": "#1F78FF", "route_text_color": "#ffffff", "line_name": "東上本線", "operator_id": "tobu", "representation": "service_path", "min_zoom": 0, "max_zoom": 24, "offset_rank": 0}}, {"type": "Feature", "bbox": [139.1931, 36.1172, 139.19426, 36.11742], "geometry": {"type": "LineString", "coordinates": [[139.19426, 36.11742], [139.1931, 36.1172]]}, "properties": {"id": "GEOM_TOKYO_3773", "route_id": "R_3EA487D5", "route_name": "東上本線", "route_color": "#1F78FF", "route_text_color": "#ffffff", "line_name": "東上本線", "operator_id": "tobu", "representation": "service_path", "min_zoom": 0, "max_zoom": 24, "offset_rank": 0}}, {"type": "Feature", "bbox": [139.23757, 36.05892, 139.26009, 36.0748], "geometry": {"type": "LineString", "coordinates": [[139.2376, 36.0748], [139.23759, 36.07448], [139.23757, 36.07395], [139.23757, 36.07384], [139.23757, 36.07348], [139.23757, 36.07341], [139.23758, 36.07322], [139.23763, 36.07301], [139.23772, 36.07271], [139.23782, 36.07246], [139.238, 36.07214], [139.23809, 36.07198], [139.23822, 36.07181], [139.23837, 36.07162], [139.23853, 36.07143], [139.23883, 36.07114], [139.23899, 36.071], [139.23953, 36.07056], [139.24009, 36.07014], [139.241, 36.06951], [139.24288, 36.0682], [139.24521, 36.06657], [139.2468, 36.06544], [139.24719, 36.06517], [139.24868, 36.0641], [139.24958, 36.06345], [139.25, 36.06315], [139.25039, 36.06287], [139.25075, 36.06261], [139.25114, 36.06234], [139.25142, 36.06215], [139.25195, 36.06185], [139.25245, 36.06164], [139.25297, 36.06144], [139.25388, 36.06113], [139.25563, 36.06053], [139.25588, 36.06044], [139.25656, 36.06021], [139.2577, 36.05983], [139.25865, 36.05947], [139.25949, 36.05917], [139.26009, 36.05892]]}, "properties": {"id": "GEOM_TOKYO_3774", "route_id": "R_3EA487D5", "route_name": "東上本線", "route_color": "#1F78FF", "route_text_color": "#ffffff", "line_name": "東上本線", "operator_id": "tobu", "representation": "service_path", "min_zoom": 0, "max_zoom": 24, "offset_rank": 0}}, {"type": "Feature", "bbox": [139.26009, 36.05854, 139.26121, 36.05892], "geometry": {"type": "LineString", "coordinates": [[139.26121, 36.05854], [139.26009, 36.05892]]}, "properties": {"id": "GEOM_TOKYO_3775", "route_id": "R_3EA487D5", "route_name": "東上本線", "route_color": "#1F78FF", "route_text_color": "#ffffff", "line_name": "東上本線", "operator_id": "tobu", "representation": "service_path", "min_zoom": 0, "max_zoom": 24, "offset_rank": 0}}, {"type": "Feature", "bbox": [139.34516, 36.04338, 139.34597, 36.04365], "geometry": {"type": "LineString", "coordinates": [[139.34516, 36.04338], [139.34597, 36.04365]]}, "properties": {"id": "GEOM_TOKYO_3776", "route_id": "R_3EA487D5", "route_name": "東上本線", "route_color": "#1F78FF", "route_text_color": "#ffffff", "line_name": "東上本線", "operator_id": "tobu", "representation": "service_path", "min_zoom": 0, "max_zoom": 24, "offset_rank": 0}}, {"type": "Feature", "bbox": [139.32853, 36.04121, 139.34516, 36.04403], "geometry": {"type": "LineString", "coordinates": [[139.34516, 36.04338], [139.3447, 36.04323], [139.34301, 36.04266], [139.34185, 36.04227], [139.34112, 36.04203], [139.33996, 36.04168], [139.33994, 36.04167], [139.33934, 36.0415], [139.33887, 36.04141], [139.33819, 36.04129], [139.33769, 36.04123], [139.33702, 36.04121], [139.33611, 36.04124], [139.33538, 36.04136], [139.33458, 36.04154], [139.33385, 36.04178], [139.33336, 36.04196], [139.33174, 36.04264], [139.33011, 36.04334], [139.32957, 36.04358], [139.32853, 36.04403]]}, "properties": {"id": "GEOM_TOKYO_3777", "route_id": "R_3EA487D5", "route_name": "東上本線", "route_color": "#1F78FF", "route_text_color": "#ffffff", "line_name": "東上本線", "operator_id": "tobu", "representation": "service_path", "min_zoom": 0, "max_zoom": 24, "offset_rank": 0}}, {"type": "Feature", "bbox": [139.20057, 36.11355, 139.20798, 36.1167], "geometry": {"type": "LineString", "coordinates": [[139.20798, 36.11364], [139.20772, 36.11361], [139.20706, 36.11355], [139.20662, 36.11355], [139.20616, 36.11357], [139.20584, 36.11362], [139.20564, 36.11365], [139.20518, 36.11378], [139.20495, 36.11385], [139.2047, 36.11396], [139.20441, 36.1141], [139.20411, 36.11431], [139.20359, 36.11463], [139.20231, 36.11542], [139.2016, 36.11586], [139.2013, 36.11606], [139.20111, 36.11622], [139.20096, 36.11638], [139.20086, 36.1165], [139.2007, 36.1166], [139.20057, 36.1167]]}, "properties": {"id": "GEOM_TOKYO_3778", "route_id": "R_3EA487D5", "route_name": "東上本線", "route_color": "#1F78FF", "route_text_color": "#ffffff", "line_name": "東上本線", "operator_id": "tobu", "representation": "service_path", "min_zoom": 0, "max_zoom": 24, "offset_rank": 0}}, {"type": "Feature", "bbox": [139.23379, 36.10728, 139.23421, 36.10845], "geometry": {"type": "LineString", "coordinates": [[139.23421, 36.10728], [139.23379, 36.10845]]}, "properties": {"id": "GEOM_TOKYO_3779", "route_id": "R_3EA487D5", "route_name": "東上本線", "route_color": "#1F78FF", "route_text_color": "#ffffff", "line_name": "東上本線", "operator_id": "tobu", "representation": "service_path", "min_zoom": 0, "max_zoom": 24, "offset_rank": 0}}, {"type": "Feature", "bbox": [139.19985, 36.1167, 139.20057, 36.11719], "geometry": {"type": "LineString", "coordinates": [[139.20057, 36.1167], [139.20015, 36.11699], [139.19985, 36.11719]]}, "properties": {"id": "GEOM_TOKYO_3780", "route_id": "R_3EA487D5", "route_name": "東上本線", "route_color": "#1F78FF", "route_text_color": "#ffffff", "line_name": "東上本線", "operator_id": "tobu", "representation": "service_path", "min_zoom": 0, "max_zoom": 24, "offset_rank": 0}}, {"type": "Feature", "bbox": [139.20798, 36.11364, 139.20929, 36.11381], "geometry": {"type": "LineString", "coordinates": [[139.20929, 36.11381], [139.20798, 36.11364]]}, "properties": {"id": "GEOM_TOKYO_3781", "route_id": "R_3EA487D5", "route_name": "東上本線", "route_color": "#1F78FF", "route_text_color": "#ffffff", "line_name": "東上本線", "operator_id": "tobu", "representation": "service_path", "min_zoom": 0, "max_zoom": 24, "offset_rank": 0}}, {"type": "Feature", "bbox": [139.32695, 36.04403, 139.32853, 36.04474], "geometry": {"type": "LineString", "coordinates": [[139.32853, 36.04403], [139.32695, 36.04474]]}, "properties": {"id": "GEOM_TOKYO_3782", "route_id": "R_3EA487D5", "route_name": "東上本線", "route_color": "#1F78FF", "route_text_color": "#ffffff", "line_name": "東上本線", "operator_id": "tobu", "representation": "service_path", "min_zoom": 0, "max_zoom": 24, "offset_rank": 0}}, {"type": "Feature", "bbox": [139.34597, 36.04365, 139.3743, 36.04757], "geometry": {"type": "LineString", "coordinates": [[139.3743, 36.04537], [139.37379, 36.04548], [139.37326, 36.04559], [139.37282, 36.04569], [139.37247, 36.04578], [139.37225, 36.04584], [139.37179, 36.04594], [139.3715, 36.04599], [139.37041, 36.04622], [139.36947, 36.04638], [139.36815, 36.04665], [139.36751, 36.04676], [139.36662, 36.0469], [139.36633, 36.04693], [139.36625, 36.04694], [139.36425, 36.04714], [139.36187, 36.04738], [139.36131, 36.04743], [139.36073, 36.0475], [139.36025, 36.04755], [139.3593, 36.04757], [139.35853, 36.04753], [139.35778, 36.04743], [139.35726, 36.04733], [139.35614, 36.04704], [139.354, 36.04634], [139.35268, 36.04589], [139.35087, 36.04531], [139.3502, 36.04508], [139.34941, 36.04481], [139.3461, 36.04369], [139.34597, 36.04365]]}, "properties": {"id": "GEOM_TOKYO_3783", "route_id": "R_3EA487D5", "route_name": "東上本線", "route_color": "#1F78FF", "route_text_color": "#ffffff", "line_name": "東上本線", "operator_id": "tobu", "representation": "service_path", "min_zoom": 0, "max_zoom": 24, "offset_rank": 0}}, {"type": "Feature", "bbox": [139.23421, 36.09179002114735, 139.2365467315435, 36.10728], "geometry": {"type": "LineString", "coordinates": [[139.23421, 36.10728], [139.23457, 36.10636], [139.23478000000023, 36.10573], [139.23544000000015, 36.10395], [139.23578, 36.10304], [139.23585000000014, 36.1028500000001], [139.23587, 36.10271], [139.23593000000017, 36.10222], [139.23596, 36.10186], [139.23595, 36.1017], [139.2359100000001, 36.10148], [139.23583, 36.10115000000013], [139.2356900000002, 36.100770000000125], [139.2353, 36.10006], [139.23484, 36.09933], [139.23456, 36.09881000000013], [139.2345100000001, 36.0987], [139.2345, 36.09868], [139.23446, 36.09858], [139.23444000000018, 36.09848], [139.2344, 36.09835], [139.23436000000015, 36.09815], [139.2343300000001, 36.09779], [139.23432, 36.09767000000011], [139.23431, 36.097520000000145], [139.23431, 36.09726000000012], [139.23436000000015, 36.09705000000014], [139.23448, 36.09671], [139.23467, 36.09625], [139.23479, 36.096060000000136], [139.23500000000013, 36.09577000000013], [139.23527000000013, 36.09546], [139.23576031968094, 36.09477136885204], [139.23610534152692, 36.09431332260846], [139.23621836592474, 36.0940515818977], [139.23638016927305, 36.093727657939496], [139.23647534771328, 36.09339453339874], [139.2365467315435, 36.092990025027746], [139.23652293693328, 36.09247844091152], [139.23649682336747, 36.09179002114735]]}, "properties": {"id": "GEOM_TOKYO_3784", "route_id": "R_3EA487D5", "route_name": "東上本線", "route_color": "#1F78FF", "route_text_color": "#ffffff", "line_name": "東上本線", "operator_id": "tobu", "representation": "service_path", "min_zoom": 0, "max_zoom": 24, "offset_rank": 0}}, {"type": "Feature", "bbox": [139.23576000000014, 36.07594, 139.23788, 36.090976245483375], "geometry": {"type": "LineString", "coordinates": [[139.23643694026543, 36.090976245483375], [139.23639206657788, 36.09042020714145], [139.2363, 36.08999], [139.23611, 36.08939], [139.2358800000003, 36.08858], [139.23581, 36.08824], [139.23578, 36.088], [139.23577000000012, 36.08774], [139.23577000000012, 36.08765000000011], [139.23576000000014, 36.08735000000013], [139.23577000000012, 36.08679], [139.23579000000018, 36.08651], [139.23581, 36.08627000000013], [139.23583, 36.0861000000001], [139.23592, 36.08537], [139.23597, 36.08512], [139.23607, 36.08484], [139.2361800000001, 36.08465], [139.23707, 36.08313], [139.23763, 36.08219], [139.23774, 36.08193], [139.23782, 36.08169], [139.23787000000027, 36.08142], [139.23788, 36.08121], [139.23783, 36.08034], [139.23779, 36.07938], [139.23775000000012, 36.07864000000012], [139.23770000000025, 36.07765000000012], [139.23767, 36.07694], [139.23764, 36.07609], [139.23764, 36.07594]]}, "properties": {"id": "GEOM_TOKYO_4104", "route_id": "R_3EA487D5", "route_name": "東上本線", "route_color": "#1F78FF", "route_text_color": "#ffffff", "line_name": "東上本線", "operator_id": "tobu", "representation": "service_path", "min_zoom": 0, "max_zoom": 24, "offset_rank": 0}}, {"type": "Feature", "bbox": [139.23643694026543, 36.090976245483375, 139.23649682336747, 36.09179002114735], "geometry": {"type": "LineString", "coordinates": [[139.23649682336747, 36.09179002114735], [139.23643694026543, 36.090976245483375]]}, "properties": {"id": "GEOM_TOKYO_4105", "route_id": "R_3EA487D5", "route_name": "東上本線", "route_color": "#1F78FF", "route_text_color": "#ffffff", "line_name": "東上本線", "operator_id": "tobu", "representation": "service_path", "min_zoom": 0, "max_zoom": 24, "offset_rank": 0}}]}